facility_id,facility_name,state,lga,report_month,hts_tst,hts_tst_pos,tx_new,tx_curr,tx_ml,pmtct_stat,pmtct_stat_pos,pmtct_art,tb_screen,tb_pos,vl_eligible,vl_result_received,vl_suppressed,date_submitted,reported_by
FCT012,Mission Hospital Bwari II,FCT,Bwari,30/11/2022,952,39,29,"2,721",23,300,9,8,2237,36,2271,1624,1396,2022-12-11,Data Clerk
FCT008,Teaching Hospital Gwagwalada II,FCT,Gwagwalada,30/04/2023,773,40,34,5094,42,102,1,0,2875,41,3722,2467,2342,2023-05-11,Data Clerk
NAS006,PRIMARY HEALTH CENTRE LAFIA II,Nasarawa,Lafia,2024-01-31,244,6,5,952,11,58,1,0,526,6,753,520,476,2024-02-18,Data Clerk
LAG004,COMPREHENSIVE HEALTH CENTRE SURULERE,Lagos,Surulere,2022-03-31,440,6,4,630,8,92,0,0,375,8,451,383,358,2022-04-15,Facility Focal Person
AKS005,Comprehensive Health Centre Oron,Akwa-Ibom,Oron,2022-01-31,76,0,0,1332,12,18,1,0,736,19,1145,685,644,2022-02-13,Data Clerk
LAG015,MODEL PRIMARY HEALTH CENTRE BADAGRY II,Lagos,Badagry,May-2022,259,13,11,1141,12,49,2,1,923,26,777,523,501,2022-06-18,M&E Officer
FCT001,Mission Hospital AMAC,FCT,AMAC,28/02/2022,881,3,2,1385,15,212,2,1,950,13,975,908,814,2022-03-16,Data Clerk
FCT009,Model Primary Health Centre Kuje II,FCT,Kuje,28/02/2023,119,4,3,442,5,17,2,1,256,1,331,211,193,2023-03-13,Data Clerk
KAD012,Comprehensive Health Centre Kaduna South II,Kaduna,Kaduna South,2022-07-31,402,4,3,647,8,91,0,0,386,9,555,306,293,2022-08-11,Facility Focal Person
NAS004,  Cottage Hospital Akwanga ,Nasarawa,Akwanga,2023-09-30,357,15,13,505,4,70,2,1,303,5,352,318,306,2023-10-13,Facility Focal Person
NAS004,Cottage Hospital Akwanga,Nasarawa,Akwanga,Jun-2024,382,16,15,567,3,120,2,1,538,12,500,306,284,2024-07-21,M&E Officer
NAS011,Mission Hospital Lafia II,Nasarawa,Lafia,Feb-2023,979,7,5,2673,15,205,1,0,2457,40,1887,1769,1555,2023-03-13,Facility Focal Person
KAD014,General Hospital Sabon Gari II,Kaduna,Sabon Gari,2023-09-30,236,2,1,2393,39,70,2,1,1466,37,1814,1108,975,2023-10-16,M&E Officer
RIV014,Cottage Hospital Obio/Akpor II,Rivers,Obio/Akpor,2023-05-31,1383,10,8,635,7,320,0,0,528,8,577,402,388,2023-06-18,M&E Officer
CRS003,Specialist Hospital Ogoja,Cross River,Ogoja,2022-01-31,1071,42,35,5623,113,247,9,8,5025,100,3883,2563,2119,2022-03-01,Data Clerk
BEN012,Cottage Hospital Vandeikya II,Benue,Vandeikya,2023-02-28,610,2,1,458,6,95,0,0,291,7,420,247,236,2023-03-18,Facility Focal Person
FCT007,  Specialist Hospital Bwari II ,FCT,Bwari,2022-08-31,1755,37,33,4470,29,198,2,1,4084,78,3985,3089,2670,2022-09-16,Data Clerk
NAS010,Teaching Hospital Nasarawa II,Nasarawa,Nasarawa,2024-01-31,1764,83,77,5265,19,225,10,7,4767,86,4608,2632,2328,2024-02-11,M&E Officer
AKS008,PRIMARY HEALTH CENTRE UYO II,Akwa Ibom,Uyo,2024-12-31,81,2,1,95,0,17,0,0,55,1,68,45,43,2025-01-15,Facility Focal Person
LAG005,Mission Hospital Agege,Lagos,Agege,2022-10-31,1124,30,24,1580,13,220,1,0,1493,32,1398,1300,1182,2022-11-11,M&E Officer
BEN012,Cottage Hospital Vandeikya II,Benue,Vandeikya,2024-09-30,561,7,5,456,9,175,0,0,313,6,347,286,259,2024-10-18,Facility Focal Person
CRS006,Primary Health Centre Calabar Municipal II,Cross-River,Calabar Municipal,2023-02-28,527,23,21,1303,13,112,2,1,878,17,1049,650,563,2023-03-16,Data Clerk
AKS004,Comprehensive Health Centre Etinan,AKWA IBOM,Etinan,28/02/2022,147,6,5,1012,11,17,0,0,884,18,754,606,631,2022-03-13,M&E Officer
BEN011,Model Primary Health Centre Katsina-Ala II,Benue,Katsina-Ala,2023-07-31,267,9,6,346,6,66,2,1,249,7,292,274,241,2023-08-11,M&E Officer
aks011,Comprehensive Health Centre Etinan II,Akwa Ibom,Etinan,Dec-2022,109,6,4,3040,3,27,3,2,245,5,213,149,133,2023-01-21,M&E Officer
CRS009,Comprehensive Health Centre Obudu II,Cross River,Obudu,2023-04-30,533,22,17,8280,11,127,4,3,541,9,678,411,379,2023-05-18,M&E Officer
AKS008,Primary Health Centre Uyo II,Akwa Ibom,Uyo,2022-01-31,77,0,0,83,0,17,0,0,72,1,57,35,29,2022-02-15,Facility Focal Person
FCT008,Teaching Hospital Gwagwalada II,Federal Capital Territory,Gwagwalada,2022-08-31,840,50,46,5303,80,221,6,5,3927,77,4651,4053,3350,2022-09-21,Facility Focal Person
BEN013,Model Primary Health Centre Makurdi II,Benue,Makurdi,2022-03-31,490,13,12,304,2,134,2,1,173,6,211,136,122,2022-04-16,Data Clerk
FCT011,  COTTAGE HOSPITAL AMAC II ,FCT,AMAC,2023-05-31,409,14,13,2183,6,116,2,1,1868,25,2007,1647,1492,2023-06-13,Facility Focal Person
KAD007,Model Primary Health Centre Kaduna South II,Kaduna,Kaduna South,2024-06-30,293,14,10,"1,114",19,70,1,0,1007,24,1003,627,578,2024-07-16,M&E Officer
CRS015,Model Primary Health Centre Akamkpa II,cross river,Akamkpa,2023-09-30,97,0,0,521,8,26,0,0,392,6,448,352,307,2023-10-15,Data Clerk
FCT011,  Cottage Hospital AMAC II ,FCT,AMAC,2022-03-31,308,10,7,2362,23,74,3,2,1369,21,1959,1797,1594,2022-04-11,M&E Officer
RIV003,Comprehensive Health Centre Khana,Rivers,Khana,2023-02-28,205,11,8,1026,15,28,1,0,968,12,895,709,671,2023-03-13,M&E Officer
RIV006,Cottage Hospital Eleme,Rivers,Eleme,2022-01-31,893,49,38,2262,37,191,6,5,2004,45,1948,1812,1508,2022-02-11,Facility Focal Person
FCT007,Specialist Hospital Bwari II,FCT,Bwari,2022-03-31,1552,32,27,4570,47,292,3,2,3240,59,4159,2719,2435,2022-04-13,M&E Officer
LAG003,  Teaching Hospital Badagry ,Lagos,Badagry,31/03/2024,3384,3407,123,6685,106,477,9,7,5705,92,5388,4374,4226,2024-04-21,Facility Focal Person
NAS007,General Hospital Karu II,Nasarawa,Karu,2024-04-30,761,8,7,2110,18,144,1,0,1830,28,1735,1273,1113,2024-05-11,M&E Officer
CRS014,  Comprehensive Health Centre Obudu II ,Cross River,Obudu,Dec-2024,387,6,4,211,0,90,0,0,139,3,148,89,  ,2025-02-15,M&E Officer
LAG011,Cottage Hospital Agege II,Lagos,Agege,2022-08-31,681,2,1,1788,14,190,4,3,1608,22,1273,1105,1020,2022-09-16,Facility Focal Person
KAD010,Cottage Hospital Chikun II,Kaduna,Chikun,2023-08-31,246,9,7,968,6,52,0,0,914,21,890,631,530,2023-09-13,Facility Focal Person
FCT011,Cottage Hospital AMAC II,FCT,AMAC,2024-04-30,459,13,12,2050,23,56,2,1,1540,36,1773,1416,1291,2024-05-11,Facility Focal Person
NAS003,  COTTAGE HOSPITAL KEFFI ,Nasarawa,Keffi,2022-05-31,265,1,0,"1,878",14,79,0,0,1202,24,1374,1104,1036,2022-06-13,Facility Focal Person
BEN015,Primary Health Centre Otukpo II,Benue,Otukpo,2024-09-30,170,6,4,723,9,38,0,0,666,16,522,316,289,2024-10-13,Facility Focal Person
KAD004,Specialist Hospital Sabon Gari,Kaduna,Sabon Gari,30/06/2023,3433,134,114,4666,46,883,21,17,3161,62,3226,2630,2403,2023-07-13,M&E Officer
RIV002,TEACHING HOSPITAL OBIO/AKPOR,RIVERS,Obio/Akpor,2023-12-31,1558,29,28,4389,58,386,5,3,3433,60,4072,2665,2228,2024-01-15,M&E Officer
RIV010,Teaching Hospital Ahoada East II,Rivers,Ahoada East,2022-06-30,756,11,-27,3307,24,174,4,3,2272,48,3052,2439,2092,2022-07-21,M&E Officer
NAS013,General Hospital Keffi II,Nasarawa,Keffi,31/01/2024,556,26,20,1647,4,131,4,3,1262,25,1296,1150,1020,2024-02-15,Data Clerk
LAG099,General Hospital Chikun II,Kaduna,Chikun,2024-05-31,361,11,10,1573,28,89,2,1,950,20,1235,1100,1006,2024-06-13,Facility Focal Person
NAS010,Teaching Hospital Nasarawa II,Nasarawa,Nasarawa,2022-12-31,1729,92,77,4742,42,175,7,6,4148,71,3930,3193,2915,2023-01-15,Facility Focal Person
crs003,Specialist Hospital Ogoja,Cross River,Ogoja,28/02/2022,998,34,24,5627,20,289,3,2,5115,95,4289,3445,2887,2022-03-15,Facility Focal Person
RIV014,Cottage Hospital Obio/Akpor II,Rivers,Obio/Akpor,2024-03-31,1017,7,6,667,1,223,1,0,487,10,595,484,397,2024-04-16,M&E Officer
AKS014,  Primary Health Centre Ikono II ,Akwa Ibom,Ikono,2023-07-31,287,17,15,617,9,54,1,0,489,9,458,314,307,2023-08-15,M&E Officer
LAG004,Comprehensive Health Centre Surulere,Lagos,Surulere,2023-09-30,606,8,6,629,2,146,2,1,532,8,461,372,340,2023-10-13,Data Clerk
CRS001,Model Primary Health Centre Calabar Municipal,Cross River,Calabar Municipal,2024-07-31,224,5,3,688,9,62,5,3,405,4,599,449,397,2024-08-18,Data Clerk
CRS014,Comprehensive Health Centre Obudu II,Cross River,Obudu,2023-01-31,199,6,4,122,1,24,0,0,84,2,104,86,81,2023-02-16,Facility Focal Person
BEN002,Specialist Hospital Gboko,Benue,Gboko,2024-10-31,2790,64,60,4434,43,519,3,2,3204,61,3042,2104,1797,2024-11-29,M&E Officer
KAD007,  Model Primary Health Centre Kaduna South II ,Kaduna,Kaduna South,2023-09-30,255,10,9,1132,8,65,2,1,780,13,796,735,648,2023-10-13,Facility Focal Person
NAS007,General Hospital Karu II,Nasarawa,Karu,2022-01-31,323,0,0,2722,51,80,0,0,2018,34,2439,1564,1496,2022-02-21,Facility Focal Person
NAS007,General Hospital Karu II,Nasarawa,Karu,2023-11-30,751,3,2,2196,28,125,2,1,1980,36,  ,1525,1490,2023-12-11,M&E Officer
AKS009,Primary Health Centre Ikot Ekpene II,Akwa Ibom,Ikot Ekpene,2022-09-30,59,2,1,233,1,18,0,0,141,2,167,118,108,2022-10-18,M&E Officer
crs009,COMPREHENSIVE HEALTH CENTRE OBUDU II,Cross River,Obudu,2022-01-31,537,15,11,680,2,79,1,0,633,16,595,543,-,2022-02-15,Data Clerk
AKS001,Comprehensive Health Centre Uyo,Akwa Ibom,Uyo,2023-06-30,861,9,8,321,3,141,0,0,183,7,226,131,125,2023-07-11,M&E Officer
BEN009,  Primary Health Centre Otukpo II ,Benue,Otukpo,30/11/2024,201,2,1,426,8,49,0,0,284,4,368,330,284,2024-12-13,Data Clerk
KAD002,Teaching Hospital Kaduna South,Kaduna,Kaduna South,2023-11-30,1109,19,16,3820,69,291,2,1,2341,36,3246,2916,2650,2023-12-21,Facility Focal Person
CRS001,MODEL PRIMARY HEALTH CENTRE CALABAR MUNICIPAL,Cross River,Calabar Municipal,2024-08-31,227,9,8,692,4,45,4,3,440,4,570,483,444,2024-09-18,Data Clerk
BEN009,Primary Health Centre Otukpo II,Benue,Otukpo,31/05/2024,315,2,1,434,3,83,1,0,336,7,333,197,188,2024-06-15,Data Clerk
LAG003,Teaching Hospital Badagry,Lagos,Badagry,2022-10-31,2180,90,75,6262,30,434,6,4,5100,100,4551,3450,3119,2022-11-13,M&E Officer
CRS012,Model Primary Health Centre Ikom II,Cross River,Ikom,2022-04-30,258,4,3,830,15,39,0,0,575,9,755,648,629,2022-05-11,Facility Focal Person
FCT004,Model Primary Health Centre Kuje,FCT,Kuje,2024-03-31,405,18,15,1262,7,62,1,0,920,10,1101,739,774,2024-04-18,Facility Focal Person
NAS011,Mission Hospital Lafia II,Nasarawa,Lafia,30/11/2022,1178,12,9,2702,23,NULL,2,1,2456,36,2127,1841,1593,2022-12-18,Facility Focal Person
RIV005,Mission Hospital Degema,Rivers,Degema,2022-10-31,128,3,2,1478,7,39,1,0,1090,20,1304,1082,1018,2022-11-13,M&E Officer
KAD012,Comprehensive Health Centre Kaduna South II,Kaduna,Kaduna South,2022-05-31,518,12,8,656,12,98,2,1,609,11,534,374,306,2022-06-18,Data Clerk
BEN002,SPECIALIST HOSPITAL GBOKO,Benue,Gboko,Feb-2022,1540,32,26,5025,17,343,5,4,4601,77,3669,3369,2972,2022-03-13,M&E Officer
FCT014,General Hospital Kuje II,Federal Capital Territory,Kuje,Jan-2024,970,29,23,2510,16,111,0,0,1521,18,2295,1977,1785,2024-02-11,Data Clerk
nas014,Teaching Hospital Akwanga II,Nasarawa,Akwanga,2024-10-31,2297,74,73,5128,27,719,13,10,2918 ,56,4266,3521,3291,2024-11-11,Data Clerk
AKS005,Comprehensive Health Centre Oron,Akwa Ibom,Oron,2022-08-31,132,3,2,1252,20,38,0,0,731,10,969,770,681,2022-10-16,Data Clerk
FCT011,Cottage Hospital AMAC II,Federal Capital Territory,AMAC,2024-06-30,4000,10,9,2029,13,87,2,1,1853 ,25,nil,1304,1093,2024-07-16,Facility Focal Person
RIV011,Model Primary Health Centre Degema II,Rivers,Degema,2022-10-31,318,9,8,872,10,82,1,0,583,11,662,467,383,2022-11-22,Facility Focal Person
CRS014,Comprehensive Health Centre Obudu II,Cross River,Obudu,30/11/2024,314,6,5,207,2,43,1,0,163,3,184,158,141,2024-12-21,Facility Focal Person
NAS012,Mission Hospital Karu II,Nasarawa,Karu,28/02/2023,672,25,22,1323,23,119,2,1,836,8,1147,708,617,2023-03-13,Facility Focal Person
FCT006,Mission Hospital AMAC II,FCT,AMAC,2022-03-31,708,26,23,2346,9,117,2,1,2029,39,2027,1826,1503,2022-04-11,Data Clerk
LAG012,PRIMARY HEALTH CENTRE ALIMOSHO II,Lagos,Alimosho,2022-07-31,271,16,11,628,3,31,2,1,564,14,496,455,439,2022-08-11,Facility Focal Person
BEN014,  Comprehensive Health Centre Gboko II ,Benue,Gboko,2024-12-31,630,8,-,740,11,138,0,0,534,11,590,416,347,2025-01-13,Facility Focal Person
CRS007,Model Primary Health Centre Ikom II,Cross River,Ikom,2023-02-28,109,6,4,308,4,33,1,0,236 ,6,232,133,123,2023-03-15,Facility Focal Person
CRS009,Comprehensive Health Centre Obudu II,Cross River,Obudu,2023-09-30,676,21,16,880,10,145,0,0,714,9,712,620,580,2023-10-15,Facility Focal Person
LAG008,Cottage Hospital Lagos Island II,Lagos,Lagos Island,2022-02-28,111,4,3,896,2,26,1,0,818,21,661,611,559,2022-03-11,Data Clerk
kad005,Cottage Hospital Chikun,Kaduna,Chikun,2024-10-31,696,13,12,409,5,216,1,0,330,12,342,244,204,2024-11-11,M&E Officer
kad002,Teaching Hospital Kaduna South,Kaduna,Kaduna South,2024-10-31,1242,14,13,3517,36,164,3,2,3105,56,2895,2258,1880,2024-11-15,M&E Officer
FCT005,Primary Health Centre Abaji,FCT,Abaji,28/02/2023,403,443,9,508,8,64,0,0,349,6,468,406,385,2023-03-13,Facility Focal Person
RIV010,Teaching Hospital Ahoada East II,Rivers,Ahoada East,30/04/2023,807,16,12,3117,63,109,2,1,2359,43,2895,2449,2063,2023-05-13,Facility Focal Person
NAS011,Mission Hospital Lafia II,Nasarawa,Lafia,2022-04-30,785,10,9,"2,781",30,78,0,0,2014,41,2501,1921,1866,2022-05-13,Facility Focal Person
NAS003,Cottage Hospital Keffi,Nasarawa,Keffi,Mar-2024,351,6,4,1530,17,72,96,0,1232,19,1156,802,658,2024-04-18,M&E Officer
BEN011,Model Primary Health Centre Katsina-Ala II,Benue,Katsina-Ala,2023-09-30,243,8,7,349,5,73,2,1,270,6,297,195,168,2023-10-11,Facility Focal Person
BEN007,SPECIALIST HOSPITAL MAKURDI II,Benue,Makurdi,Dec-2023,227,5,4,1945,39,56,0,0,1276,20,1690,1297,1207,2024-01-13,Data Clerk
CRS003,Specialist Hospital Ogoja,Cross River,Ogoja,2023-01-31,1182,46,40,5404,28,232,8,7,3872,76,4105,2285,2182,2023-02-21,M&E Officer
AKS004,Comprehensive Health Centre Etinan,Akwa Ibom,Etinan,2023-01-31,153,5,4,963,2,46,2,1,704,12,840,772,654,2023-02-11,Facility Focal Person
FCT004,MODEL PRIMARY HEALTH CENTRE KUJE,FCT,Kuje,2024-08-31,435,13,11,1240,17,90,2,1,789,15,1067,1003,876,2024-09-18,Facility Focal Person
KAD014,GENERAL HOSPITAL SABON GARI II,Kaduna,Sabon Gari,2022-06-30,197,3,2,2723,47,25,3,2,1562,27,2285,1995,1808,2022-07-15,M&E Officer
RIV006,Cottage Hospital Eleme,Rivers,Eleme,2024-08-31,1217,83,70,2873,15,  ,8,7,2100,48,2631,2452,2366,2024-09-18,Facility Focal Person
AKS003,Model Primary Health Centre Eket,Akwa Ibom,Eket,28/02/2023,547,10,9,241,4,75,0,0,164,1,218,165,140,2023-03-24,Facility Focal Person
AKS002,General Hospital Ikot Ekpene,Akwa Ibom,Ikot Ekpene,2023-04-30,200,5,4,625,9,20,0,0,565,11,445,418,361,2023-05-18,Data Clerk
NAS005,  Mission Hospital Nasarawa ,Nasarawa,Nasarawa,2023-04-30,1200,27,21,441,4,307,5,4,263,5,311,276,250,2023-05-16,Facility Focal Person
BEN011,Model Primary Health Centre Katsina-Ala II,Benue,Katsina-Ala,2023-01-31,170,3,2,331,2,45,1,0,244,7,248,217,196,2023-03-18,M&E Officer
FCT010,Model Primary Health Centre Abaji II,fct,Abaji,2022-04-30,506,8,7,268,3,146,3,2,182,5,226,145,130,2022-05-18,Facility Focal Person
AKS012,Cottage Hospital Oron II,Akwa Ibom,Oron,2023-07-31,1190,41,36,921,12,319,8,7,-,14,822,512,486,2023-08-16,Facility Focal Person
AKS005,Comprehensive Health Centre Oron,Akwa Ibom,Oron,2024-12-31,126,1,0,922,15,25,0,0,786,21,845,487,446,2025-01-18,M&E Officer
LAG009,MISSION HOSPITAL BADAGRY II,Lagos,Badagry,30/06/2022,349,8,6,2757,35,97,0,0,1543,16,2151,1727,1492,2022-07-16,Facility Focal Person
LAG015,Model Primary Health Centre Badagry II,Lagos,Badagry,31/08/2022,222,10,7,1133,8,47,1,0,999,17,NULL,686,607,2022-09-21,Data Clerk
LAG005,  Mission Hospital Agege ,Lagos,Agege,31/08/2022,1102,37,32,1561,10,325,7,6,894,22,1360,859,813,2022-09-16,Facility Focal Person
CRS009,Comprehensive Health Centre Obudu II,Cross River,Obudu,2022-09-30,585,27,24,776,5,77,2,1,488,12,691,636,579,2022-10-29,M&E Officer
AKS009,Primary Health Centre Ikot Ekpene II,Akwa Ibom,Ikot Ekpene,2022-03-31,69,4,3,244,1,18,0,0,152,2,179,169,139,2022-04-11,M&E Officer
LAG014,COTTAGE HOSPITAL LAGOS ISLAND II,Lagos,Lagos Island,Dec-2022,604,6,4,1882,7,99,0,0,1364,22,1472,1033,958,2023-01-15,Facility Focal Person
AKS009,Primary Health Centre Ikot Ekpene II,Akwa-Ibom,Ikot Ekpene,2024-07-31,109,6,-39,232,3,27,1,0,137,2,190,145,135,2024-08-21,Data Clerk
RIV014,Cottage Hospital Obio/Akpor II,Rivers,Obio/Akpor,30/06/2023,1064,1085,nil,631,10,193,2,1,383,8,437,288,265,2023-07-11,M&E Officer
LAG014,Cottage Hospital Lagos Island II,Lagos,Lagos Island,2024-10-31,797,14,13,1596,15,169,1,0,1119,18,1225,1077,903,2024-11-11,Data Clerk
RIV006,Cottage Hospital Eleme,Rivers,Eleme,31/12/2022,1080,60,58,2536,10,182,4,3,1428,26,1802,1111,982,2023-01-13,M&E Officer
FCT001,Mission Hospital AMAC,FCT,AMAC,2023-01-31,833,nil,5,1287,16,158,3,2,927,18,931,543,521,2023-02-15,Facility Focal Person
NAS014,Teaching Hospital Akwanga II,Nasarawa,Akwanga,2022-11-30,2062,38,31,4833,12,453,5,4,3954,76,3681,3157,2937,2023-01-15,M&E Officer
RIV002,Teaching Hospital Obio/Akpor,rivers ,Obio/Akpor,Feb-2023,1452,21,18,4740,24,220,5,4,3561,69,4050,2764,2633,2023-03-29,Facility Focal Person
BEN015,Primary Health Centre Otukpo II,Benue,Otukpo,2023-11-30,112,7,5,752,11,18,0,0,664,7,607,403,350,2023-12-16,M&E Officer
FCT003,Specialist Hospital Gwagwalada,FCT,Gwagwalada,31/01/2022,231,2,1,6713,61,53,0,0,5530,95,4864,4079,3723,2022-02-18,Data Clerk
NAS006,Primary Health Centre Lafia II,Nasarawa,Lafia,2022-06-30,249,4,3,1016,19,59,2,1,878,20,912,794,739,2022-07-16,Data Clerk
LAG007,  Primary Health Centre Ikorodu II ,Lagos,Ikorodu,2023-03-31,404,12,9,480,1,123,4,3,269,6,330,235,194,2023-04-11,Facility Focal Person
KAD001,Model Primary Health Centre Kaduna North,Kaduna,Kaduna North,30/11/2023,188,8,7,760,2,31,2,1,602 ,10,662,609,577,2023-12-13,M&E Officer
FCT005,Primary Health Centre Abaji,FCT,Abaji,2022-08-31,526,16,14,507,8,142,1,0,447,10,395,225,200,2022-09-15,M&E Officer
RIV008,Teaching Hospital Obio/Akpor II,Rivers,Obio/Akpor,2022-11-30,1380,54,53,3998,14,432,10,9,2661,42,3333,2253,1904,2022-12-29,M&E Officer
nas003,Cottage Hospital Keffi,Nasarawa,Keffi,2023-12-31,238,1,0,1584,6,46,0,0,1366,25,1272,1177,976,2024-01-16,M&E Officer
LAG002,Specialist Hospital Lagos Island,Lagos,Lagos Island,2024-09-30,2252,119,101,6143,63,499,15,13,5213,83,5620,3862,3653,2024-10-18,Facility Focal Person
NAS009,Cottage Hospital Akwanga II,Nasarawa,Akwanga,2024-08-31,1505,16,13,490,3,475,3,2,366,6,372,353,325,2024-08-18,Data Clerk
LAG005,Mission Hospital Agege,Lagos,Agege,2022-11-30,840,28,25,1597,8,163,2,1,1465,25,1143,879,775,2022-12-15,M&E Officer
BEN012,Cottage Hospital Vandeikya II,Benue,Vandeikya,31/03/2022,NULL,1,0,485,3,108,0,0,322,6,431,262,243,2022-04-15,Data Clerk
NAS010,Teaching Hospital Nasarawa II,Nasarawa,Nasarawa,2022-06-30,2471,93,80,4601,13,391,5,4,2576,41,,1952,1725,2022-07-11,Facility Focal Person
LAG014,Cottage Hospital Lagos Island II,Lagos,Lagos Island,Mar-2022,599,8,7,"2,059",34,71,0,0,1258,17,1529,866,806,2022-04-13,M&E Officer
CRS013,Mission Hospital Ogoja II,Cross River,Ogoja,2023-05-31,278,3,2,802,5,69,1,0,515,9,639,,364,2023-06-18,Data Clerk
LAG099,  Specialist Hospital Alimosho ,Lagos,Alimosho,2023-05-31,1093,23,22,4987,36,229,1,0,3326,51,3948,2653,2591,2023-06-16,Facility Focal Person
KAD013,SPECIALIST HOSPITAL ZARIA II,Kaduna,Zaria,2023-03-31,1677,71,69,2213,37,498,14,11,1984,33,1707,1167,1094,2023-04-21,M&E Officer
RIV004,Model Primary Health Centre Ahoada East,rivers ,Ahoada East,2023-09-30,459,12,10,850,13,56,0,0,701,11,779,559,490,2023-10-11,Facility Focal Person
riv013,MISSION HOSPITAL PORT HARCOURT II,Rivers,Port Harcourt,2023-07-31,678,18,16,2171,22,155,2,1,1694,36,1927,1772,1519,2023-09-15,Facility Focal Person
AKS015,Mission Hospital Uyo II,Akwa Ibom,Uyo,2024-03-31,682,34,24,2435,16,212,8,7,1988,41,2244,1676,1501,2024-04-15,M&E Officer
AKS009,Primary Health Centre Ikot Ekpene II,Akwa Ibom,Ikot Ekpene,30/09/2023,103,4,3,223,2,11,0,0,143,1,178,160,145,2023-10-13,Facility Focal Person
AKS008,Primary Health Centre Uyo II,Akwa Ibom,Uyo,2023-11-30,69,1,0,84,1,10,0,0,61,2,69,57,48,2023-12-13,Facility Focal Person
RIV014,Cottage Hospital Obio/Akpor II,rivers ,Obio/Akpor,2024-07-31,1119,2,1,662,1,116,1,0,526,12,612,367,348,2024-08-13,Facility Focal Person
BEN003,General Hospital Otukpo,Benue,Otukpo,30/11/2022,503,18,17,"2,521",27,138,1,0,2300,50,2308,2024,1768,2022-12-11,Data Clerk
LAG099,Model Primary Health Centre Kaduna North,Kaduna,Kaduna North,2023-04-30,251,14,12,771,6,30,0,0,662,9,666,606,516,2023-05-22,M&E Officer
NAS004,COTTAGE HOSPITAL AKWANGA,Nasarawa,Akwanga,2023-11-30,337,23,21,523,7,55,1,0,461,8,462,344,325,2023-12-15,Facility Focal Person
CRS014,Comprehensive Health Centre Obudu II,Cross River,Obudu,2022-10-31,314,8,7,112,1,81,2,1,101,4,N/A,63,57,2022-11-18,Data Clerk
LAG010,Primary Health Centre Surulere II,Lagos,Surulere,2024-04-30,529,16,12,957,14,99,5,4,536,5,878,571,507,2024-05-15,Data Clerk
LAG003,Teaching Hospital Badagry,Lagos,Badagry,30/06/2024,4346,142,127,6774,55,774,13,12,6084,103,6042,4183,3649,2024-07-29,Data Clerk
NAS005,Mission Hospital Nasarawa,Nasarawa,Nasarawa,2024-07-31,1574,45,35,785,4,306,5,3,526,5,548,405,364,2024-08-13,M&E Officer
NAS007,General Hospital Karu II,Nasarawa,Karu,2023-07-31,941,13,10,2249,27,141,0,0,1748,28,1985,1885,1829,2023-08-21,Data Clerk
FCT015,COMPREHENSIVE HEALTH CENTRE ABAJI II,FCT,Abaji,2022-10-31,89,6,4,841,15,20,0,0,662,15,749,442,422,2022-11-11,M&E Officer
LAG015,Model Primary Health Centre Badagry II,Lagos,Badagry,2022-12-31,147,4,2,1106,19,33,0,0,785,17,927,534,443,2023-01-16,Facility Focal Person
BEN012,Cottage Hospital Vandeikya II,Benue,Vandeikya,Aug-2024,572,615,1,460,1,127,1,0,316,6,328,286,254,2024-09-16,M&E Officer
LAG009,Mission Hospital Badagry II,Lagos,Badagry,2022-04-30,473,16,15,2822,55,104,3,2,1973,35,2481,1582,1533,2022-05-15,Facility Focal Person
AKS013,Model Primary Health Centre Abak II,Akwa-Ibom,Abak,2024-08-31,453,9,7,680,3,123,4,3,432,9,539,492,435,2024-09-11,Data Clerk
AKS005,Comprehensive Health Centre Oron,Akwa Ibom,Oron,2024-08-31,157,1,0,974,5,36,1,0,542,6,715,595,495,2024-09-11,Data Clerk
CRS009,Comprehensive Health Centre Obudu II,Cross River,Obudu,Sep-2024,538,16,12,955,15,111,4,3,863,20,741,543,519,2024-10-15,M&E Officer
CRS011,Comprehensive Health Centre Calabar Municipal II,Cross River,Calabar Municipal,2024-04-30,396,9,6,486,8,80,2,1,444,9,394,335,303,2024-05-29,Facility Focal Person
CRS010,Comprehensive Health Centre Akamkpa II,cross river,Akamkpa,2024-03-31,67,0,0,359,1,13,1,0,204,3,267,175,166,2024-04-21,Facility Focal Person
BEN008,Teaching Hospital Gboko II,Benue,Gboko,2022-03-31,2391,47,36,6279,34,455,5,4,4481,85,4874,NULL,2616,2022-04-15,Facility Focal Person
RIV011,Model Primary Health Centre Degema II,rivers ,Degema,2023-01-31,257,16,15,875,12,41,0,0,711,10,708,446,382,2023-02-11,Data Clerk
FCT001,Mission Hospital AMAC,FCT,AMAC,2023-03-31,706,6,5,1280,8,149,0,0,991,17,1081,937,854,2023-04-15,Facility Focal Person
CRS009,  Comprehensive Health Centre Obudu II ,Cross River,Obudu,2022-11-30,455,17,11,797,1,63,0,0,722,14,609,565,536,2022-12-18,M&E Officer
CRS002,COMPREHENSIVE HEALTH CENTRE IKOM,Cross River,Ikom,2024-11-30,123,1,0,279,3,16,1,0,216,4,229,146,129,2024-12-11,Data Clerk
RIV010,Teaching Hospital Ahoada East II,Rivers,Ahoada East,2023-06-30,905,22,20,3122,11,121,1,0,2644,54,2144,1656,1446,2023-07-15,Facility Focal Person
FCT008,Teaching Hospital Gwagwalada II,FCT,Gwagwalada,2024-06-30,979,52,42,"4,709",69,253,11,8,3427,77,3681,3324,2780,2024-07-18,M&E Officer
CRS003,Specialist Hospital Ogoja,Cross River,Ogoja,2022-11-30,1066,26,18,5422,52,304,8,6,3682,73,4311,2650,2229,2022-12-13,Facility Focal Person
LAG004,Comprehensive Health Centre Surulere,Lagos,Surulere,30/04/2023,684,7,5,619,4,167,1,0,344,3,437,270,237,2023-05-18,M&E Officer
kad008,Model Primary Health Centre Zaria II,Kaduna,Zaria,2022-10-31,280,14,10,1211,19,37,0,0,862,18,915,782,665,2022-11-16,Data Clerk
NAS013,General Hospital Keffi II,Nasarawa,Keffi,2022-06-30,673,24,18,1629,4,158,5,4,936,16,1153,737,711,2022-07-21,M&E Officer
riv004,  Model Primary Health Centre Ahoada East ,Rivers,Ahoada East,2024-06-30,618,19,17,846,7,157,1,0,NULL,9,698,589,576,2024-07-18,M&E Officer
TMP001,MISSION HOSPITAL AMAC,FCT,AMAC,2024-05-31,1155,13,12,1176,18,239,0,0,817,10,906,714,589,2024-06-21,M&E Officer
AKS005,Comprehensive Health Centre Oron,Akwa Ibom,Oron,2022-06-30,149,1,0,1275,19,29,0,0,929,11,1072,1009,942,2022-07-16,Data Clerk
AKS001,Comprehensive Health Centre Uyo,Akwa Ibom,Uyo,2024-10-31,565,6,5,330,0,135,1,0,244,3,258,244,228,2024-11-15,Data Clerk
TMP001,Specialist Hospital Khana II,Rivers,Khana,2023-06-30,435,30,24,2384,22,59,1,0,2098,37,1652,1085,1026,2023-07-15,Facility Focal Person
AKS005,Comprehensive Health Centre Oron,Akwa Ibom,Oron,Feb-2023,115,1,0,1167,21,29,0,0,950,18,917,848,739,2023-03-11,Facility Focal Person
CRS003,Specialist Hospital Ogoja,Cross-River,Ogoja,2024-03-31,1671,56,45,5180,35,175,2,1,4288,83,4350,3302,2723,2024-04-18,Facility Focal Person
FCT003,Specialist Hospital Gwagwalada,F.C.T.,Gwagwalada,2024-07-31,763,25,24,5090,45,80,2,1,3852,71,3762,2662,2280,2024-08-15,Data Clerk
NAS015,Specialist Hospital Nasarawa II,Nasarawa,Nasarawa,2024-11-30,971,47,40,3397,61,292,9,7,2135,34,2789,2336,2283,2024-12-11,M&E Officer
NAS999,Primary Health Centre Otukpo II,Benue,Otukpo,2024-06-30,359,5,3,430,7,99,2,1,274,6,373,275,262,2024-07-13,M&E Officer
LAG005,Mission Hospital Agege,Lagos,Agege,30/06/2024,1398,28,19,1794,20,166,1,0,1455,18,1420,1055,926,2024-07-16,M&E Officer
CRS006,Primary Health Centre Calabar Municipal II,Cross River,Calabar Municipal,2023-04-30,578,18,13,1310,16,176,2,1,1104,19,902,,553,2023-05-29,M&E Officer
AKS011,Comprehensive Health Centre Etinan II,AKWA IBOM,Etinan,2023-05-31,123,6,4,3140,2,22,0,0,241,5,245,169,161,2023-06-21,Data Clerk
AKS012,  Cottage Hospital Oron II ,Akwa Ibom,Oron,2024-10-31,1148,57,45,1356,13,275,3,2,1051,14,1000,557,459,2024-11-11,Facility Focal Person
AKS001,Comprehensive Health Centre Uyo,Akwa Ibom,Uyo,2023-08-31,689,6,5,324,4,101,3,2,192,4,271,219,210,2023-09-13,Facility Focal Person
LAG010,Primary Health Centre Surulere II,Lagos,Surulere,2023-06-30,505,20,,957,3,121,0,0,776,14,734,476,461,2023-07-18,Data Clerk
LAG004,  Comprehensive Health Centre Surulere ,Lagos,Surulere,2023-10-31,407,11,10,637,2,55,0,0,355,5,570,484,430,2023-11-18,M&E Officer
CRS007,Model Primary Health Centre Ikom II,Cross River,Ikom,2022-04-30,98,4,3,313,5,11,1,0,285,6,282,244,226,2022-05-16,Facility Focal Person
TMP001,Mission Hospital Degema,rivers ,Degema,2023-10-31,145,,2,"1,354",11,37,0,0,898,21,1006,836,782,2023-11-13,Facility Focal Person
AKS013,Model Primary Health Centre Abak II,Akwa Ibom,Abak,2022-12-31,268,9,7,565,5,50,1,0,532,13,417,303,271,2023-01-11,Data Clerk
KAD008,Model Primary Health Centre Zaria II,Kaduna,Zaria,2022-08-31,333,16,14,1219,24,62,1,0,700,7,931,782,708,2022-09-13,Facility Focal Person
CRS014,Comprehensive Health Centre Obudu II,Cross River,Obudu,31/08/2023,347,3,2,149,1,79,1,0,88,0,116,83,68,2023-09-16,Data Clerk
RIV003,Comprehensive Health Centre Khana,Rivers,Khana,2023-03-31,293,11,9,1032,3,56,3,2,969,17,854,520,449,2023-04-16,Facility Focal Person
NAS005,Mission Hospital Nasarawa,Nasarawa,Nasarawa,31/01/2022,917,22,20,171,1,203,1,0,128,4,128,91,79,2022-03-01,Data Clerk
NAS002,Cottage Hospital Karu,Nasarawa,Karu,2023-10-31,469,7,6,308,2,143,1,0,262,3,212,118,114,2023-11-16,M&E Officer
RIV014,Cottage Hospital Obio/Akpor II,Rivers,Obio/Akpor,2023-10-31,846,12,11,662,2,87,2,1,627,13,550,434,404,2023-11-13,Facility Focal Person
NAS012,Mission Hospital Karu II,Nasarawa,Karu,31/07/2023,946,28,27,"1,326",22,289,7,5,831,23,930,541,495,2023-08-18,Data Clerk
CRS011,Comprehensive Health Centre Calabar Municipal II,Cross River,Calabar Municipal,2022-07-31,410,11,8,454,4,60,2,1,312,6,419,275,264,2022-08-21,M&E Officer
NAS014,Teaching Hospital Akwanga II,Nasarawa,Akwanga,2023-07-31,2626,66,59,4877,36,588,3,2,2864 ,43,4079,2443,2077,2023-08-13,Facility Focal Person
BEN004,General Hospital Okpokwu,Benue,Okpokwu,2024-10-31,888,NULL,8,423,6,272,0,0,375,11,355,228,190,2024-11-21,M&E Officer
BEN010,MODEL PRIMARY HEALTH CENTRE OKPOKWU II,Benue,Okpokwu,2023-01-31,245,2,1,777,5,54,0,0,695,15,557,333,317,2023-02-11,Facility Focal Person
AKS002,General Hospital Ikot Ekpene,Akwa Ibom,Ikot Ekpene,2024-11-30,217,3,2,528,6,23,0,0,467,4,410,nil,,2024-12-21,Facility Focal Person
RIV014,  Cottage Hospital Obio/Akpor II ,Rivers,Obio/Akpor,31/01/2023,812,14,12,627,11,228,1,0,590,12,532,455,394,2023-02-15,Facility Focal Person
RIV007,Primary Health Centre Port Harcourt II,Rivers,Port Harcourt,2024-08-31,479,4,3,599,7,143,1,0,412,7,504,332,303,2024-09-11,Facility Focal Person
RIV008,Teaching Hospital Obio/Akpor II,Rivers,Obio/Akpor,2023-04-30,1499,61,45,4064,39,325,9,8,3853,69,3086,2835,2557,2023-05-15,Data Clerk
FCT007,Specialist Hospital Bwari II,FCT,Bwari,Jun-2023,2536,37,26,"4,346",68,490,6,4,  ,80,3941,3494,3198,2023-07-13,M&E Officer
CRS002,Comprehensive Health Centre Ikom,Cross River,Ikom,2022-07-31,163,9,7,173,1,43,0,0,156,0,132,96,88,2022-08-15,M&E Officer
RIV009,Mission Hospital Khana II,Rivers,Khana,2022-04-30,376,2,1,867,3,100,0,0,732,15,672,548,486,2022-05-18,Facility Focal Person
KAD014,  General Hospital Sabon Gari II ,Kaduna,Sabon Gari,2024-08-31,3000,10,8,2152,18,76,2,1,1752,26,1783,1669,1414,2024-10-16,Facility Focal Person
NAS001,Model Primary Health Centre Lafia,Nasarawa,Lafia,2022-02-28,138,2,1,506,5,18,0,0,430,9,367,280,257,2022-03-13,Facility Focal Person
BEN011,MODEL PRIMARY HEALTH CENTRE KATSINA-ALA II,Benue,Katsina-Ala,30/09/2022,218,15,13,324,5,37,1,0,284,3,226,198,186,2022-10-13,Data Clerk
LAG014,COTTAGE HOSPITAL LAGOS ISLAND II,Lagos,Lagos Island,2023-06-30,662,9,6,1800,12,190,2,1,1190,21,1282,1139,1087,2023-07-11,Data Clerk
CRS006,Primary Health Centre Calabar Municipal II,Cross-River,Calabar Municipal,31/12/2022,431,19,13,1290,18,99,2,1,1180,20,1009,610,547,2023-01-18,Data Clerk
BEN009,Primary Health Centre Otukpo II,Benue,Otukpo,2022-03-31,199,3,2,481,7,42,1,0,398,4,418,309,257,2022-04-11,Data Clerk
NAS010,Teaching Hospital Nasarawa II,Nasarawa,Nasarawa,31/10/2024,2338,100,85,5802,15,418,11,9,3397,64,4927,3497,3065,2024-11-13,Facility Focal Person
CRS014,Comprehensive Health Centre Obudu II,Cross-River,Obudu,2022-08-31,330,1,0,103,0,40,0,0,75,0,71,47,45,2022-09-16,Facility Focal Person
CRS014,Comprehensive Health Centre Obudu II,Cross-River,Obudu,31/10/2024,301,6,4,204,3,65,1,0,181,3,154,90,77,2024-11-15,M&E Officer
KAD011,  Primary Health Centre Kaduna North II ,Kaduna,Kaduna North,Dec-2022,170,5,4,562,5,52,3,2,376,13,419,303,266,2023-01-29,Data Clerk
LAG013,  Specialist Hospital Ikorodu II ,Lagos,Ikorodu,29/02/2024,2312,115,85,6203,66,248,5,4,3564,68,4908,3472,2972,2024-03-15,Data Clerk
LAG005,Mission Hospital Agege,Lagos,Agege,2023-12-31,1012,28,25,1763,4,187,1,0,1154,24,1333,1002,945,2024-01-18,Facility Focal Person
BEN008,Teaching Hospital Gboko II,Benue,Gboko,2023-01-31,2365,64,63,6202,12,356,7,6,5048,88,4360,3149,2758,2023-02-21,M&E Officer
LAG001,Primary Health Centre Ikorodu,Lagos,Ikorodu,2022-03-31,460,2,1,185,0,126,1,0,168,4,140,128,124,2022-04-11,Facility Focal Person
BEN010,Model Primary Health Centre Okpokwu II,Benue,Okpokwu,2022-12-31,211,4,3,781,11,44,0,0,487,4,620,498,417,2023-01-16,M&E Officer
AKS014,Primary Health Centre Ikono II,Akwa Ibom,Ikono,2024-06-30,279,10,7,609,3,34,1,0,419,6,418,265,253,2024-07-18,Data Clerk
LAG004,Comprehensive Health Centre Surulere,Lagos,Surulere,2023-11-30,384,5,4,629,12,60,2,1,551,8,489,287,258,2023-12-13,Facility Focal Person
AKS012,Cottage Hospital Oron II,AKWA IBOM,Oron,2023-03-31,863,38,37,787,9,175,3,2,643,6,706,615,547,2023-04-11,Facility Focal Person
CRS003,Specialist Hospital Ogoja,Cross River,Ogoja,2024-07-31,2120,45,37,5097,41,561,10,9,4059,65,3858,2533,2259,2024-08-21,Facility Focal Person
BEN014,  Comprehensive Health Centre Gboko II ,Benue,Gboko,Feb-2022,322,5,4,908,4,46,0,0,809,20,763,455,435,2022-03-11,Facility Focal Person
BEN006,PRIMARY HEALTH CENTRE VANDEIKYA,Benue,Vandeikya,2023-05-31,228,9,8,339,3,58,2,1,258,6,278,258,212,2023-06-18,Facility Focal Person
NAS010,Teaching Hospital Nasarawa II,Nasarawa,Nasarawa,Mar-2023,2009,70,63,"4,792",28,384,11,8,3492,58,4307,3905,3477,2023-04-18,M&E Officer
AKS009,Primary Health Centre Ikot Ekpene II,Akwa Ibom,Ikot Ekpene,2022-11-30,76,2,1,229,4,19,0,0,191,3,200,158,129,2022-12-21,Data Clerk
FCT015,Comprehensive Health Centre Abaji II,Federal Capital Territory,Abaji,2022-03-31,116,4,3,884,10,13,0,0,631,9,698,649,540,2022-04-16,Data Clerk
FCT010,Model Primary Health Centre Abaji II,F.C.T.,Abaji,2023-08-31,503,15,13,387,4,87,2,1,304,4,270,207,197,2023-09-21,Facility Focal Person
RIV009,Mission Hospital Khana II,Rivers,Khana,2022-11-30,350,3,2,829,2,79,1,0,708,12,638,497,452,2022-12-13,Data Clerk
CRS015,Model Primary Health Centre Akamkpa II,Cross River,Akamkpa,2024-02-29,93,2,1,504,1,19,0,0,462,7,362,275,241,2024-03-16,M&E Officer
XXX999,  Comprehensive Health Centre Khana ,Rivers,Khana,2024-07-31,410,26,25,1081,20,51,1,0,952,24,788,730,630,2024-08-21,Data Clerk
AKS004,Comprehensive Health Centre Etinan,Akwa Ibom,Etinan,2024-03-31,277,17,15,946,12,50,1,0,608,8,707,601,524,2024-04-11,Facility Focal Person
RIV012,PRIMARY HEALTH CENTRE ELEME II,Rivers,Eleme,28/02/2023,458,20,15,923,2,125,4,3,605,16,819,503,435,2023-03-13,M&E Officer
BEN009,Primary Health Centre Otukpo II,Benue,Otukpo,31/07/2022,245,4,3,478,1,69,2,1,324,3,331,282,270,2022-08-29,Facility Focal Person
AKS009,Primary Health Centre Ikot Ekpene II,Akwa Ibom,Ikot Ekpene,30/04/2024,83,4,3,225,3,20,2,1,139,1,158,125,109,2024-05-11,Facility Focal Person
LAG002,Specialist Hospital Lagos Island,Lagos,Lagos Island,2023-12-31,1934,86,65,"5,848",15,496,5,3,5518,95,5089,4507,4371,2024-02-15,Facility Focal Person
FCT014,  General Hospital Kuje II ,FCT,Kuje,31/05/2022,1149,28,25,2485,43,300,9,8,1771,34,1848,1648,1397,2022-06-13,M&E Officer
RIV005,Mission Hospital Degema,Rivers,Degema,Aug-2022,149,  ,4,1484,18,30,1,0,1117,18,1115,668,554,2022-09-16,Data Clerk
NAS002,Cottage Hospital Karu,Nasarawa,Karu,2022-10-31,381,4,2,311,5,109,0,0,277,4,244,144,122,2022-11-11,Data Clerk
LAG005,  Mission Hospital Agege ,Lagos,Agege,2023-06-30,1647,49,44,1651,15,500,6,4,1051,16,1216,845,781,2023-07-13,Data Clerk
LAG014,Cottage Hospital Lagos Island II,Lagos,Lagos Island,Sep-2022,647,12,9,1923,37,141,0,0,1444,29,1348,1000,911,2022-10-18,Facility Focal Person
CRS005,Teaching Hospital Akamkpa,Cross River,Akamkpa,2022-04-30,908,26,24,4604,84,146,3,2,2763,60,3176,2885,2503,2022-05-16,M&E Officer
NAS008,  Comprehensive Health Centre Keffi II ,Nasarawa,Keffi,30/04/2024,93,1,0,775,3,29,0,0,627,10,603,380,325,2024-05-13,Facility Focal Person
FCT006,Mission Hospital AMAC II,FCT,AMAC,2022-06-30,627,18,14,2319,45,70,0,0,1513,24,1848,1735,1455,2022-07-13,M&E Officer
RIV008,Teaching Hospital Obio/Akpor II,Rivers,Obio/Akpor,2022-09-30,1521,73,60,4000,29,391,14,10,3251 ,50,2825,2110,2041,2022-10-13,Data Clerk
CRS004,Comprehensive Health Centre Obudu,Cross River,Obudu,2024-11-30,215,7,6,463,7,31,1,0,423,9,411,387,322,2024-12-29,Facility Focal Person
KAD013,Specialist Hospital Zaria II,Kaduna,Zaria,2022-09-30,2218,76,65,1882,30,436,13,12,1461,28,1493,978,939,2022-10-16,Facility Focal Person
RIV010,Teaching Hospital Ahoada East II,Rivers,Ahoada East,2022-08-31,877,12,10,3238,43,246,0,0,2295,34,2572,1934,1681,2022-09-16,M&E Officer
AKS002,General Hospital Ikot Ekpene,Akwa Ibom,Ikot Ekpene,2024-02-29,272,0,0,581,1,28,1,0,  ,3,467,421,378,2024-03-13,Facility Focal Person
NAS011,MISSION HOSPITAL LAFIA II,Nasarawa,Lafia,2023-12-31,1032,11,8,2473,39,196,2,1,2159,37,1716,1202,1096,2024-01-21,Data Clerk
FCT009,Model Primary Health Centre Kuje II,FCT,Kuje,30/04/2023,158,12,10,457,4,37,2,1,315,3,377,295,246,2023-05-16,Data Clerk
NAS002,COTTAGE HOSPITAL KARU,Nasarawa,Karu,2023-05-31,511,4,2,303,4,103,1,0,279,2,267,233,215,2023-06-18,M&E Officer
KAD006,Specialist Hospital Kaduna North II,Kaduna,Kaduna North,31/07/2023,2240,30,26,1659,8,318,2,1,1570,28,1520,NULL,1171,2023-08-15,Facility Focal Person
LAG015,Model Primary Health Centre Badagry II,Lagos,Badagry,2022-02-28,207,11,9,1142,21,31,3,2,982,12,883,735,663,2022-03-18,Facility Focal Person
RIV002,Teaching Hospital Obio/Akpor,Rivers,Obio/Akpor,30/09/2023,1944,34,28,4498,87,443,11,8,3774,63,3575,2801,2531,2023-10-13,Facility Focal Person
AKS003,MODEL PRIMARY HEALTH CENTRE EKET,Akwa Ibom,Eket,2024-01-31,501,5,4,383,6,134,1,0,284,5,288,207,181,2024-02-16,M&E Officer
AKS004,Comprehensive Health Centre Etinan,Akwa Ibom,Etinan,31/08/2024,239,-,5,937,18,67,1,0,572,9,813,610,551,2024-09-18,Facility Focal Person
NAS004,Cottage Hospital Akwanga,Nasarawa,Akwanga,Sep-2022,295,8,6,449,5,89,4,3,273,4,349,299,273,2022-10-15,Facility Focal Person
CRS004,Comprehensive Health Centre Obudu,Cross River,Obudu,2022-04-30,203,4,3,465,1,32,1,0,277,5,326,214,189,2022-05-29,Facility Focal Person
RIV009,Mission Hospital Khana II,Rivers,Khana,2024-11-30,446,7,6,762,3,89,0,0,507,8,644,469,389,2024-12-18,Data Clerk
NAS009,Cottage Hospital Akwanga II,Nasarawa,Akwanga,2024-11-30,1065,2,1,485,5,316,1,0,414,10,357,332,280,2024-12-11,Facility Focal Person
LAG013,SPECIALIST HOSPITAL IKORODU II,Lagos,Ikorodu,2024-12-31,2501,118,99,6392,67,793,24,18,5106,92,5706,4031,3348,2025-01-16,Facility Focal Person
KAD003,Mission Hospital Zaria,Kaduna,Zaria,2023-02-28,1168,66,50,2641,30,351,9,7,2415,45,2377,1888,1708,2023-03-16,Facility Focal Person
KAD014,  General Hospital Sabon Gari II ,Kaduna,Sabon Gari,2023-01-31,164,2,1,2575,15,34,0,0,2050,34,1834,1351,1115,2023-02-11,Data Clerk
LAG010,Primary Health Centre Surulere II,Lagos,Surulere,30/11/2024,377,17,16,1007,7,87,2,1,743,19,715,651,573,2024-12-18,Facility Focal Person
RIV006,  COTTAGE HOSPITAL ELEME ,Rivers,Eleme,2022-02-28,1032,46,36,2260,38,166,8,6,1978,35,1768,1498,1389,2022-03-16,M&E Officer
CRS009,Comprehensive Health Centre Obudu II,Cross River,Obudu,Apr-2024,465,26,22,922,10,69,3,2,792,9,663,431,420,2024-05-29,Data Clerk
KAD014,General Hospital Sabon Gari II,Kaduna,Sabon Gari,2023-08-31,241,10,9,2431,44,50,1,0,1922,30,1689,947,843,2023-09-18,M&E Officer
BEN001,Mission Hospital Makurdi,Benue,Makurdi,31/12/2024,1118,10,9,"1,629",30,323,2,1,1072,15,1286,743,692,2025-01-13,Data Clerk
RIV002,Teaching Hospital Obio/Akpor,Rivers,Obio/Akpor,2023-07-31,2114,30,25,4590,72,627,6,4,2754,52,3601,3400,2941,2023-08-13,M&E Officer
NAS004,Cottage Hospital Akwanga,Nasarawa,Akwanga,2024-04-30,413,14,11,556,2,41,0,0,487,7,503,293,249,2024-06-15,Facility Focal Person
AKS005,Comprehensive Health Centre Oron,Akwa Ibom,Oron,2022-07-31,137,2,1,1270,6,17,0,0,856,15,1021,717,678,2022-08-16,M&E Officer
KAD004,Specialist Hospital Sabon Gari,Kaduna,Sabon Gari,2023-12-31,2261,91,69,4831,25,723,20,17,2995,50,4199,2451,2371,2024-01-11,Data Clerk
LAG009,Mission Hospital Badagry II,Lagos,Badagry,2024-11-30,-,6,5,"2,282",9,110,1,0,2063,38,1625,1376,1254,2024-12-15,M&E Officer
LAG012,Primary Health Centre Alimosho II,Lagos,Alimosho,2023-08-31,-,3,2,638,7,78,1,0,468,6,493,346,332,2023-09-13,Facility Focal Person
AKS009,Primary Health Centre Ikot Ekpene II,Akwa Ibom,Ikot Ekpene,2022-10-31,60,1,0,232,1,17,1,0,138,7,169,135,116,2022-11-15,Data Clerk
NAS001,Model Primary Health Centre Lafia,Nasarawa,Lafia,2023-09-30,199,1,0,428,7,56,0,0,383,5,353,315,290,2023-10-13,Facility Focal Person
KAD002,Teaching Hospital Kaduna South,Kaduna,Kaduna South,Sep-2024,N/A,11,10,3540,53,486,2,1,,32,3220,2813,2670,2024-10-13,Facility Focal Person
NAS005,Mission Hospital Nasarawa,Nasarawa,Nasarawa,2024-08-31,1530,29,23,795,13,288,2,1,742,9,640,533,506,2024-10-16,Data Clerk
AKS007,Teaching Hospital Ikono,Akwa Ibom,Ikono,31/12/2023,680,5,3,5524,109,nil,0,0,4807,83,3831,2847,2705,2024-01-13,Data Clerk
KAD005,Cottage Hospital Chikun,Kaduna,Chikun,Apr-2023,509,8,6,315,2,106,1,0,209,3,256,192,169,2023-05-15,Data Clerk
AKS012,Cottage Hospital Oron II,Akwa Ibom,Oron,2023-08-31,1155,42,36,939,18,185,4,3,823,14,776,615,569,2023-09-11,M&E Officer
RIV002,Teaching Hospital Obio/Akpor,Rivers,Obio/Akpor,2023-11-30,1485,28,23,4419,88,183,3,2,2509,54,3912,3445,2943,2024-01-15,Data Clerk
AKS011,Comprehensive Health Centre Etinan II,Akwa Ibom,Etinan,2024-04-30,121,14,11,338,1,19,1,0,295,5,238,144,130,2024-05-15,Data Clerk
RIV004,Model Primary Health Centre Ahoada East,Rivers,Ahoada East,Dec-2024,455,12,11,856,8,100,2,1,510,5,600,342,295,2025-01-15,M&E Officer
KAD001,Model Primary Health Centre Kaduna North,Kaduna,Kaduna North,2022-01-31,150,8,7,811,2,18,0,0,455,11,720,607,531,2022-02-13,Facility Focal Person
RIV011,Model Primary Health Centre Degema II,Rivers,Degema,2022-08-31,271,19,14,874,6,79,1,0,503,8,643,370,338,2022-09-15,M&E Officer
NAS013,General Hospital Keffi II,Nasarawa,Keffi,2024-10-31,652,40,30,1684,32,79,6,5,1244,24,1203,1075,1016,2024-11-18,Data Clerk
LAG001,Primary Health Centre Ikorodu,Lagos,Ikorodu,2022-06-30,530,11,,211,2,128,1,0,159,3,189,118,99,2022-07-21,M&E Officer
LAG006,Specialist Hospital Alimosho,Lagos,Alimosho,2024-01-31,685,9,8,4638,56,105,0,0,3700,80,3528,2699,NULL,2024-02-29,M&E Officer
LAG004,Comprehensive Health Centre Surulere,Lagos,Surulere,2023-12-31,548,7,5,623,11,103,3,2,465,10,511,338,285,2024-01-21,Data Clerk
FCT009,Model Primary Health Centre Kuje II,FCT,Kuje,2023-09-30,132,8,7,465,5,35,3,2,280,7,408,384,352,2023-10-13,Facility Focal Person
NAS005,Mission Hospital Nasarawa,Nasarawa,Nasarawa,2022-09-30,1214,25,21,324,0,339,3,2,297,5,222,143,128,2022-10-13,Facility Focal Person
AKS015,Mission Hospital Uyo II,Akwa Ibom,Uyo,2024-11-30,879,36,31,"2,434",14,188,191,4,2125,28,2197,1437,1324,2024-12-16,M&E Officer
KAD010,Cottage Hospital Chikun II,Kaduna,Chikun,2022-04-30,244,13,12,946,7,28,0,0,858,17,655,472,455,2022-05-18,Data Clerk
CRS012,Model Primary Health Centre Ikom II,Cross River,Ikom,31/01/2022,287,4,3,850,3,69,0,0,591,11,772,654,627,2022-02-11,M&E Officer
CRS007,Model Primary Health Centre Ikom II,Cross River,Ikom,2022-08-31,110,3,2,315,1,12,0,0,239,1,249,,173,2022-09-16,Data Clerk
NAS002,Cottage Hospital Karu,Nasarawa,Karu,Aug-2024,508,1,0,291,5,159,1,0,161,2,225,209,189,2024-09-11,M&E Officer
FCT005,Primary Health Centre Abaji,FCT,Abaji,2023-09-30,477,12,9,538,5,137,2,1,311,5,455,278,251,2023-10-13,M&E Officer
AKS013,Model Primary Health Centre Abak II,Akwa Ibom,Abak,2022-01-31,292,12,11,493,9,68,0,0,440,7,401,333,311,2022-02-16,Facility Focal Person
FCT014,General Hospital Kuje II,FCT,Kuje,2023-03-31,1063,61,53,"2,490",26,333,6,5,2272,40,1759,1113,934,2023-04-13,Data Clerk
RIV002,Teaching Hospital Obio/Akpor,Rivers,Obio/Akpor,2022-09-30,2180,47,41,"4,836",82,472,4,3,3715,69,4220,3580,3110,2022-10-11,Facility Focal Person
FCT012,Mission Hospital Bwari II,FCT,Bwari,2023-12-31,766,20,17,2858,9,176,2,1,2580,52,2095,1225,1153,2024-01-29,Data Clerk
KAD014,General Hospital Sabon Gari II,Kaduna,Sabon Gari,2022-02-28,  ,7,5,2848,43,N/A,2,1,2128,32,2310,1744,1463,2022-03-15,Data Clerk
NAS012,Mission Hospital Karu II,Nasarawa,Karu,2022-05-31,842,17,14,1331,22,138,4,3,1072,16,1011,762,716,2022-06-16,Facility Focal Person
KAD007,Model Primary Health Centre Kaduna South II,Kaduna,Kaduna South,2023-11-30,239,5,4,1128,9,45,1,0,790,16,,665,647,2023-12-16,M&E Officer
LAG012,Primary Health Centre Alimosho II,Lagos,Alimosho,2022-03-31,226,10,9,604,2,36,1,0,518,11,417,264,223,2022-04-15,Facility Focal Person
CRS007,Model Primary Health Centre Ikom II,Cross River,Ikom,2023-03-31,120,1,0,303,5,36,1,0,173,3,216,147,133,2023-04-21,M&E Officer
AKS002,GENERAL HOSPITAL IKOT EKPENE,Akwa Ibom,Ikot Ekpene,2024-10-31,257,3,2,532,2,57,0,0,362,7,484,444,422,2024-11-18,M&E Officer
CRS001,Model Primary Health Centre Calabar Municipal,Cross River,Calabar Municipal,2024-01-31,203,12,10,689,5,58,2,1,597,14,480,312,296,2024-02-13,Facility Focal Person
BEN002,SPECIALIST HOSPITAL GBOKO,Benue,Gboko,2023-02-28,2502,39,35,4616,89,755,7,6,2964,56,3264,2748,2542,2023-03-16,Data Clerk
BEN012,Cottage Hospital Vandeikya II,Benue,Vandeikya,2024-03-31,512,3,2,455,7,77,0,0,412,9,326,292,272,2024-04-15,M&E Officer
FCT011,  Cottage Hospital AMAC II ,FCT,AMAC,Apr-2022,324,22,20,2343,39,65,4,3,1777,32,2159,1834,1527,2022-05-13,M&E Officer
RIV004,Model Primary Health Centre Ahoada East,Rivers,Ahoada East,2023-11-30,412,12,,851,11,80,0,0,519,12,668,397,368,2023-12-29,Facility Focal Person
RIV001,Model Primary Health Centre Port Harcourt,Rivers,Port Harcourt,2022-12-31,99,1,0,1035,21,20,0,0,838,18,730,592,492,2023-01-13,M&E Officer
BEN003,  General Hospital Otukpo ,Benue,Otukpo,2024-11-30,573,24,21,2294,20,64,2,1,2051,52,2006,1301,1222,2024-12-29,Facility Focal Person
AKS005,Comprehensive Health Centre Oron,Akwa Ibom,Oron,2023-11-30,123,1,0,1069,13,23,0,0,858,14,750,444,433,2023-12-16,M&E Officer
BEN001,Mission Hospital Makurdi,Benue,Makurdi,2023-12-31,806,4,3,1808,24,118,0,0,1091,25,1639,934,839,2024-01-18,M&E Officer
RIV009,Mission Hospital Khana II,Rivers,Khana,31/05/2024,544,6,N/A,775,5,171,3,2,-,10,639,414,404,2024-06-21,Data Clerk
RIV008,Teaching Hospital Obio/Akpor II,Rivers,Obio/Akpor,2023-07-31,1599,84,76,4050,76,367,8,6,3383,60,3264,2768,2315,2023-08-21,Facility Focal Person
FCT009,Model Primary Health Centre Kuje II,Federal Capital Territory,Kuje,2022-10-31,137,N/A,6,445,4,35,2,1,255,5,318,216,nil,2022-11-21,M&E Officer
FCT014,GENERAL HOSPITAL KUJE II,FCT,Kuje,2022-04-30,1194,40,34,2503,39,275,7,6,1555,31,1875,1163,1040,2022-05-15,Data Clerk
RIV011,Model Primary Health Centre Degema II,Rivers,Degema,2023-04-30,387,13,9,880,5,85,2,1,597,9,642,560,464,2023-05-15,M&E Officer
NAS005,  Mission Hospital Nasarawa ,Nasarawa,Nasarawa,31/12/2024,1514,44,42,866,16,266,1,0,805,10,741,462,427,2025-01-29,Data Clerk
AKS003,Model Primary Health Centre Eket,Akwa Ibom,Eket,2022-09-30,545,19,16,209,0,100,1,0,160,2,169,104,98,2022-10-21,Data Clerk
BEN002,Specialist Hospital Gboko,Benue,Gboko,2022-01-31,1974,15,10,5016,100,542,2,1,3058,52,3467,2739,2415,2022-02-18,Data Clerk
FCT004,Model Primary Health Centre Kuje,FCT,Kuje,2023-04-30,336,16,15,1301,22,75,0,0,1130,25,1081,600,551,2023-05-16,Facility Focal Person
NAS006,Primary Health Centre Lafia II,Nasarawa,Lafia,Aug-2022,281,12,9,1009,4,29,1,0,778,16,814,667,566,2022-09-13,M&E Officer
BEN008,Teaching Hospital Gboko II,Benue,Gboko,31/12/2023,1785,47,45,6301,102,257,2,1,4214,67,4696,3125,2615,2024-01-16,M&E Officer
FCT006,Mission Hospital AMAC II,FCT,AMAC,2024-10-31,700,21,18,2124,32,75,1,0,1255,21,1616,1490,1239,2024-11-18,Facility Focal Person
LAG010,Primary Health Centre Surulere II,Lagos,Surulere,2022-06-30,NULL,16,13,914,9,63,2,1,nil,6,642,383,368,2022-07-16,M&E Officer
NAS009,Cottage Hospital Akwanga II,Nasarawa,Akwanga,2024-02-29,1195,11,9,474,7,361,1,0,429 ,5,372,304,276,2024-03-18,M&E Officer
BEN009,PRIMARY HEALTH CENTRE OTUKPO II,Benue,Otukpo,2022-11-30,212,7,6,475,5,57,1,0,264,7,418,230,220,2022-12-21,M&E Officer
AKS005,  Comprehensive Health Centre Oron ,Akwa Ibom,Oron,2022-09-30,127,0,-4,1240,12,27,0,0,1123,22,1113,687,649,2022-10-13,Facility Focal Person
NAS005,Mission Hospital Nasarawa,Nasarawa,Nasarawa,2022-12-31,1279,23,16,374,6,171,2,1,311,5,316,286,271,2023-01-11,Data Clerk
KAD003,Mission Hospital Zaria,Kaduna,Zaria,May-2024,1464,55,51,2855,26,442,11,10,2288,41,2230,1667,1388,2024-06-21,Data Clerk
BEN013,Model Primary Health Centre Makurdi II,Benue,Makurdi,2024-03-31,643,29,25,732,13,103,3,2,673,10,555,485,413,2024-04-18,M&E Officer
BEN015,Primary Health Centre Otukpo II,Benue,Otukpo,Mar-2024,180,3,2,743,1,52,0,0,453,8,616,560,489,2024-04-11,M&E Officer
CRS005,Teaching Hospital Akamkpa,Cross River,Akamkpa,31/10/2022,751,27,21,4471,62,82,3,2,3601,49,4135,3649,3498,2022-11-13,M&E Officer
LAG012,Primary Health Centre Alimosho II,Lagos,Alimosho,Apr-2022,198,6,5,606,3,58,1,0,392,16,505,407,335,2022-05-11,Data Clerk
AKS013,  Model Primary Health Centre Abak II ,Akwa Ibom,Abak,Feb-2024,382,16,13,639,8,116,2,1,458,6,582,437,418,2024-03-15,Facility Focal Person
AKS001,COMPREHENSIVE HEALTH CENTRE UYO,Akwa Ibom,Uyo,2022-09-30,536,4,3,318,0,60,0,0,207,2,257,220,191,2022-10-18,Data Clerk
LAG013,SPECIALIST HOSPITAL IKORODU II,Lagos,Ikorodu,Oct-2023,1857,95,91,6095,48,401,18,16,4917,87,5464,4177,3630,2023-11-15,M&E Officer
KAD002,  Teaching Hospital Kaduna South ,Kaduna,Kaduna South,Oct-2023,1213,14,10,"3,873",30,267,1,0,3112,55,3555,3312,3111,2023-11-13,M&E Officer
RIV014,COTTAGE HOSPITAL OBIO/AKPOR II,Rivers,Obio/Akpor,2024-11-30,1053,12,10,662,6,299,2,1,553,13,480,264,254,2024-12-11,Facility Focal Person
BEN012,COTTAGE HOSPITAL VANDEIKYA II,Benue,Vandeikya,31/12/2024,510,5,4,452,1,118,1,0,264,2,391,363,331,2025-01-11,M&E Officer
BEN003,General Hospital Otukpo,Benue,Otukpo,2022-07-31,680,30,24,2562,50,110,3,2,1495,19,2196,1696,1631,2022-08-15,Facility Focal Person
RIV012,  Primary Health Centre Eleme II ,RIVERS,Eleme,2024-10-31,485,21,20,1043,11,147,2,1,608,9,895,553,527,2024-11-11,M&E Officer
NAS003,Cottage Hospital Keffi,Nasarawa,Keffi,2023-07-31,322,5,3,1635,15,83,2,1,1547,26,1384,1181,1128,2023-08-21,M&E Officer
KAD015,General Hospital Chikun II,Kaduna,Chikun,2024-06-30,416,8,6,1558,21,71,2,1,1239,19,1090,956,898,2024-07-13,Data Clerk
NAS006,Primary Health Centre Lafia II,Nasarawa,Lafia,2023-12-31,226,7,6,958,9,22,0,0,620,9,857,716,683,2024-01-15,Facility Focal Person
AKS006,Primary Health Centre Abak,Akwa Ibom,Abak,2024-07-31,662,15,13,493,5,134,4,3,429,9,415,315,297,2024-08-16,M&E Officer
AKS009,Primary Health Centre Ikot Ekpene II,Akwa Ibom,Ikot Ekpene,2023-10-31,nil,6,4,225,2,17,0,0,197,2,189,148,130,2023-11-13,Data Clerk
FCT005,Primary Health Centre Abaji,F.C.T.,Abaji,Nov-2022,277,6,4,506,7,51,2,1,297,6,402,,336,2022-12-11,Facility Focal Person
XXX999,Mission Hospital Khana II,Rivers,Khana,2022-06-30,425,6,5,851,9,127,1,0,724,12,617,483,397,2022-07-16,M&E Officer
KAD006,Specialist Hospital Kaduna North II,Kaduna,Kaduna North,2022-01-31,1665,26,22,1492,27,462,4,3,1020,16,1074,862,749,2022-02-18,M&E Officer
BEN010,Model Primary Health Centre Okpokwu II,Benue,Okpokwu,2022-08-31,298,3,2,822,14,N/A,0,0,517,11,628,493,-,2022-09-13,Data Clerk
LAG099,Cottage Hospital Gwagwalada II,FCT,Gwagwalada,30/06/2024,1377,19,-,1257,3,231,0,0,914,20,931,878,769,2024-07-13,Data Clerk
NAS999,Mission Hospital Nasarawa,Nasarawa,Nasarawa,31/10/2023,1080,  ,20,579,5,321,4,3,386,5,531,NULL,408,2023-12-16,Facility Focal Person
AKS006,Primary Health Centre Abak,akwa ibom,Abak,2022-05-31,590,24,21,250,3,155,2,1,158,1,216,200,172,2022-06-11,Facility Focal Person
NAS011,Mission Hospital Lafia II,Nasarawa,Lafia,Aug-2022,1299,16,15,2723,8,194,0,0,1844,30,2241,1795,1490,2022-09-29,M&E Officer
LAG014,Cottage Hospital Lagos Island II,Lagos,Lagos Island,2023-04-30,666,11,8,1830,35,156,1,0,1087,18,1697,1277,1169,2023-05-16,M&E Officer
NAS014,Teaching Hospital Akwanga II,Nasarawa,Akwanga,2024-04-30,1758,61,43,5051,24,273,2,1,2924,38,3776,3163,2989,2024-05-13,Data Clerk
KAD004,  SPECIALIST HOSPITAL SABON GARI ,Kaduna,Sabon Gari,2024-08-31,3187,186,135,5716,58,648,22,20,4724,90,4564,3873,3795,2024-09-11,Data Clerk
KAD009,Model Primary Health Centre Sabon Gari II,Kaduna,Sabon Gari,2022-06-30,643,37,29,705,6,197,4,3,588,12,608,334,304,2022-07-11,Data Clerk
BEN001,Mission Hospital Makurdi,Benue,Makurdi,30/11/2023,987,12,10,1829,10,150,0,0,1410,27,1650,1059,885,2023-12-13,M&E Officer
AKS009,Primary Health Centre Ikot Ekpene II,Akwa Ibom,Ikot Ekpene,2023-06-30,95,4,3,224,3,18,0,0,188,1,184,147,135,2023-07-13,Facility Focal Person
KAD007,Model Primary Health Centre Kaduna South II,Kaduna,Kaduna South,2022-04-30,219,7,6,1122,20,50,0,0,736,11,1010,772,650,2022-05-29,Facility Focal Person
RIV014,COTTAGE HOSPITAL OBIO/AKPOR II,Rivers,Obio/Akpor,31/01/2024,1061,11,9,664,10,261,1,0,571,15,565,362,313,2024-02-29,M&E Officer
RIV006,Cottage Hospital Eleme,Rivers,Eleme,2024-01-31,940,58,57,2695,36,231,11,8,2487,42,2418,1814,1729,2024-02-11,Facility Focal Person
AKS007,  Teaching Hospital Ikono ,akwa ibom,Ikono,2023-11-30,794,9,7,5630,106,178,4,3,-,69,4356,2964,2770,2023-12-18,M&E Officer
NAS015,Specialist Hospital Nasarawa II,Nasarawa,Nasarawa,Oct-2024,973,54,53,3418,24,198,10,7,1898,37,2713,2292,2020,2024-11-29,Facility Focal Person
FCT003,Specialist Hospital Gwagwalada,FCT,Gwagwalada,2024-01-31,515,12,9,5307,101,62,1,0,4309,4376,3747,3095,2593,2024-02-11,Facility Focal Person
RIV001,Model Primary Health Centre Port Harcourt,rivers ,Port Harcourt,Oct-2023,81,1,0,921,17,15,0,0,518,6,718,497,422,2023-11-15,Data Clerk
CRS008,Cottage Hospital Ogoja II,Cross River,Ogoja,2022-01-31,345,21,18,2420,46,86,2,1,1506,46,2176,1507,1329,2022-02-16,M&E Officer
BEN015,Primary Health Centre Otukpo II,Benue,Otukpo,Apr-2023,186,8,6,805,8,35,2,1,563,4,554,394,384,2023-05-16,M&E Officer
CRS014,Comprehensive Health Centre Obudu II,Cross River,Obudu,2023-07-31,390,7,5,148,1,73,0,0,110,2,105,87,71,2023-08-11,M&E Officer
AKS006,Primary Health Centre Abak,AKWA IBOM,Abak,2024-08-31,606,18,13,499,7,181,0,0,399,10,439,377,319,2024-09-11,Data Clerk
FCT011,Cottage Hospital AMAC II,FCT,AMAC,2023-07-31,412,9,8,2151,16,106,4,3,1831,38,1842,1501,1415,2023-08-18,Data Clerk
AKS003,MODEL PRIMARY HEALTH CENTRE EKET,akwa ibom,Eket,2023-01-31,504,9,8,236,1,107,6,4,156,1,165,100,93,2023-02-16,Data Clerk
KAD001,Model Primary Health Centre Kaduna North,Kaduna,Kaduna North,2023-08-31,202,5,4,761,9,63,0,0,646,9,530,477,434,2023-08-20,Data Clerk
kad009,Model Primary Health Centre Sabon Gari II,Kaduna,Sabon Gari,2023-09-30,561,33,31,875,4,80,2,1,616,7,709,499,451,2023-10-13,Facility Focal Person
BEN007,SPECIALIST HOSPITAL MAKURDI II,Benue,Makurdi,2024-08-31,359,6,nil,1800,28,79,0,0,1446,28,1236,1108,968,2024-09-15,M&E Officer
CRS015,MODEL PRIMARY HEALTH CENTRE AKAMKPA II,Cross River,Akamkpa,2022-05-31,65,3,2,614,11,13,0,0,420,8,566,492,462,2022-06-21,M&E Officer
NAS015,Specialist Hospital Nasarawa II,Nasarawa,Nasarawa,2023-06-30,1144,55,41,3183,47,291,8,7,2392,43,2484,1850,1565,2023-07-21,Facility Focal Person
KAD004,Specialist Hospital Sabon Gari,Kaduna,Sabon Gari,2024-06-30,3267,205,184,5492,16,789,31,26,4694,94,4497,3479,3023,2024-07-11,Data Clerk
RIV007,PRIMARY HEALTH CENTRE PORT HARCOURT II,rivers ,Port Harcourt,2022-09-30,402,0,0,701,6,47,0,0,400,9,482,282,255,2022-10-29,Data Clerk
BEN001,Mission Hospital Makurdi,Benue,Makurdi,2023-03-31,1008,5,3,1949,7,215,0,0,1502 ,31,1417,1148,948,2023-04-11,M&E Officer
CRS011,Comprehensive Health Centre Calabar Municipal II,Cross River,Calabar Municipal,30/11/2023,289,7,5,481,9,51,0,0,330,5,331,302,262,2023-12-11,M&E Officer
RIV008,Teaching Hospital Obio/Akpor II,Rivers,Obio/Akpor,2024-02-29,1812,57,49,4108,77,323,6,5,3616,69,3690,2277,1909,2024-03-15,Data Clerk
CRS013,Mission Hospital Ogoja II,Cross-River,Ogoja,2023-08-31,232,4,2,790,11,62,0,0,523,6,707,586,565,2023-09-11,M&E Officer
BEN004,General Hospital Okpokwu,Benue,Okpokwu,2023-05-31,1208,5,4,384,1,306,3,2,260,7,300,174,156,2023-06-11,M&E Officer
LAG004,Comprehensive Health Centre Surulere,Lagos,Surulere,Jul-2022,430,5,4,630,3,96,1,0,594,9,557,454,411,2022-08-15,Facility Focal Person
NAS999,  Primary Health Centre Ikorodu ,Lagos,Ikorodu,2024-04-30,646,693,18,373,1,201,1,0,284,9,278,155,130,2024-05-21,Facility Focal Person
FCT013,Cottage Hospital Gwagwalada II,FCT,Gwagwalada,Jul-2022,955,12,11,1422,5,176,2,1,1309,23,1300,1223,1115,2022-08-11,Facility Focal Person
CRS011,Comprehensive Health Centre Calabar Municipal II,Cross River,Calabar Municipal,2022-02-28,249,2,1,455,5,36,0,0,263,4,362,250,239,2022-03-13,M&E Officer
AKS014,PRIMARY HEALTH CENTRE IKONO II,akwa ibom,Ikono,2022-11-30,242,7,6,597,10,28,0,0,413,6,548,335,323,2022-12-21,Facility Focal Person
aks013,Model Primary Health Centre Abak II,AKWA IBOM,Abak,2022-07-31,472,17,12,534,7,88,3,2,380,10,441,255,214,2022-08-11,Facility Focal Person
RIV008,  Teaching Hospital Obio/Akpor II ,Rivers,Obio/Akpor,2022-07-31,1955,48,38,"3,978",61,447,7,6,2584,44,3254,2364,1946,2022-08-11,Facility Focal Person
LAG014,Cottage Hospital Lagos Island II,Lagos,Lagos Island,2022-02-28,693,17,16,2086,32,117,0,0,1371,20,1886,,1393,2022-03-13,Facility Focal Person
LAG015,Model Primary Health Centre Badagry II,Lagos,Badagry,2022-06-30,291,13,11,1139,13,46,4,3,981,18,1026,942,784,2022-07-16,Facility Focal Person
KAD011,Primary Health Centre Kaduna North II,Kaduna,Kaduna North,2024-02-29,249,7,5,576,4,69,4,3,492 ,5,396,331,277,2024-03-13,Facility Focal Person
AKS015,Mission Hospital Uyo II,Akwa Ibom,Uyo,28/02/2022,538,20,14,2435,46,112,1,0,1434,37,1766,1080,956,2022-03-29,Facility Focal Person
CRS012,Model Primary Health Centre Ikom II,Cross River,Ikom,2024-07-31,693,5,3,764,5,156,1,0,607,12,639,460,435,2024-08-11,Data Clerk
KAD004,Specialist Hospital Sabon Gari,Kaduna,Sabon Gari,31/08/2023,3524,141,119,4754,76,817,24,21,3613,52,4373,3520,3223,2023-09-11,Data Clerk
XXX999,Comprehensive Health Centre Uyo,Akwa Ibom,Uyo,2023-12-31,515,7,6,326,0,120,0,0,269,3,222,183,173,2024-01-11,Facility Focal Person
KAD015,General Hospital Chikun II,Kaduna,Chikun,2022-03-31,326,9,6,1961,9,79,3,2,1292,22,1650,924,774,2022-04-21,Data Clerk
AKS006,Primary Health Centre Abak,Akwa Ibom,Abak,2022-09-30,539,16,11,295,4,105,1,0,265,7,270,179,168,2022-10-13,Data Clerk
kad001,Model Primary Health Centre Kaduna North,Kaduna,Kaduna North,2023-09-30,203,8,7,762,6,29,0,0,512,10,649,392,376,2023-10-24,Data Clerk
ben005,Model Primary Health Centre Katsina-Ala,Benue,Katsina-Ala,2022-02-28,399,8,6,409,3,48,2,1,230,1,339,317,293,2022-03-15,M&E Officer
AKS008,PRIMARY HEALTH CENTRE UYO II,Akwa-Ibom,Uyo,2024-04-30,119,2,1,87,1,12,0,0,61,1,63,46,43,2024-05-16,Data Clerk
AKS011,Comprehensive Health Centre Etinan II,Akwa Ibom,Etinan,Jul-2022,93,2,1,291,3,21,2,1,208,3,263,249,208,2022-08-16,Data Clerk
CRS001,Model Primary Health Centre Calabar Municipal,Cross River,Calabar Municipal,2022-08-31,177,13,10,664,12,47,1,0,427,6,601,482,458,2022-09-13,Data Clerk
CRS013,Mission Hospital Ogoja II,Cross River,Ogoja,2024-04-30,244,4,3,764,2,52,0,0,474,3,632,406,364,2024-05-29,Facility Focal Person
aks008,Primary Health Centre Uyo II,Akwa Ibom,Uyo,2023-07-31,152,1,0,87,1,28,1,0,82,1,80,73,68,2023-08-11,Facility Focal Person
AKS014,Primary Health Centre Ikono II,Akwa Ibom,Ikono,2022-01-31,148,4,3,604,7,38,0,0,471,9,458,319,278,2022-02-13,Data Clerk
CRS006,Primary Health Centre Calabar Municipal II,Cross River,Calabar Municipal,Mar-2023,498,23,18,1313,8,130,3,2,728,8,912,502,431,2023-04-13,Facility Focal Person
FCT009,Model Primary Health Centre Kuje II,F.C.T.,Kuje,2022-09-30,116,3,2,443,1,13,0,0,259,6,342,268,246,2022-10-15,M&E Officer
AKS002,General Hospital Ikot Ekpene,Akwa Ibom,Ikot Ekpene,2022-10-31,236,1,0,654,2,28,0,0,562,11,586,327,315,2022-11-18,Data Clerk
CRS006,Primary Health Centre Calabar Municipal II,Cross River,Calabar Municipal,Feb-2024,485,21,16,1355,14,82,2,1,849,10,1023,654,590,2024-03-13,Data Clerk
LAG005,Mission Hospital Agege,Lagos,Agege,31/01/2022,837,18,15,1454,25,226,9,6,1143,25,1201,1127,1049,2022-02-16,Data Clerk
BEN007,Specialist Hospital Makurdi II,Benue,Makurdi,2023-06-30,349,9,7,2103,8,80,0,0,1241,28,1625,1072,990,2023-07-13,M&E Officer
LAG009,MISSION HOSPITAL BADAGRY II,Lagos,Badagry,2022-09-30,325,18,14,2674,30,35,1,0,1696,28,2197,2066,1862,2022-10-16,Data Clerk
AKS014,Primary Health Centre Ikono II,Akwa Ibom,Ikono,2022-04-30,210,1,0,597,5,56,2,1,433,9,510,471,410,2022-05-16,Facility Focal Person
RIV005,Mission Hospital Degema,Rivers,Degema,2024-06-30,220,6,5,1297,5,46,0,0,1003,22,1147,802,682,2024-07-13,Data Clerk
AKS013,Model Primary Health Centre Abak II,Akwa Ibom,Abak,2024-06-30,484,15,14,667,5,52,0,0,nil,14,520,431,415,2024-07-21,Data Clerk
FCT005,  Primary Health Centre Abaji ,FCT,Abaji,2022-03-31,430,16,13,472,5,102,1,0,367,9,382,330,301,2022-04-18,M&E Officer
LAG011,Cottage Hospital Agege II,Lagos,Agege,2022-11-30,412,2,1,1746,33,102,1,0,1018,16,1219,703,598,2022-12-13,Data Clerk
BEN013,MODEL PRIMARY HEALTH CENTRE MAKURDI II,Benue,Makurdi,31/12/2024,542,22,21,885,6,154,1,0,647,10,702,565,466,2025-01-18,Facility Focal Person
FCT010,Model Primary Health Centre Abaji II,FCT,Abaji,2023-10-31,505,14,11,409,4,88,0,0,  ,1,356,201,182,2023-11-29,Data Clerk
FCT014,General Hospital Kuje II,FCT,Kuje,2022-08-31,888,36,35,2499,5,107,6,5,2118,38,2126,1699,1549,2022-09-29,Data Clerk
CRS007,Model Primary Health Centre Ikom II,Cross-River,Ikom,30/06/2022,115,2,1,313,2,26,1,0,269,11,215,182,163,2022-07-18,Data Clerk
FCT003,  Specialist Hospital Gwagwalada ,FCT,Gwagwalada,2023-12-31,483,12,11,5399,68,116,2,1,3071,51,3868,3091,2687,2024-01-13,Data Clerk
BEN005,MODEL PRIMARY HEALTH CENTRE KATSINA-ALA,Benue,Katsina-Ala,2023-11-30,593,10,9,534,10,178,4,3,464,6,475,393,373,2023-12-13,Data Clerk
FCT006,Mission Hospital AMAC II,FCT,AMAC,2023-07-31,950,22,15,2202,10,149,5,4,1733,31,1949,1118,999,2023-08-16,Data Clerk
AKS004,Comprehensive Health Centre Etinan,Akwa Ibom,Etinan,2024-01-31,230,4,3,947,10,33,1,0,717,7,804,469,411,2024-02-11,M&E Officer
LAG015,Model Primary Health Centre Badagry II,Lagos,Badagry,2023-04-30,274,12,10,1080,14,73,1,0,785,12,746,454,401,2023-05-16,Facility Focal Person
KAD013,Specialist Hospital Zaria II,Kaduna,Zaria,2024-07-31,2873,98,80,3088,17,752,14,10,2559,43,2157,1893,1754,2024-08-29,M&E Officer
RIV010,TEACHING HOSPITAL AHOADA EAST II,Rivers,Ahoada East,2023-02-28,619,17,16,3179,32,127,0,0,2057,46,2455,1855,1543,2023-03-16,Data Clerk
BEN005,Model Primary Health Centre Katsina-Ala,Benue,Katsina-Ala,2022-08-31,559,14,12,442,4,178,1,0,417,7,323,271,254,2022-10-16,Data Clerk
KAD004,Specialist Hospital Sabon Gari,Kaduna,Sabon Gari,2024-01-31,2898,112,109,4906,34,692,17,15,4058,85,4300,3915,3550,2024-02-18,Facility Focal Person
BEN014,  Comprehensive Health Centre Gboko II ,Benue,Gboko,2024-11-30,529,7,6,744,11,143,0,0,618,10,510,420,393,2024-12-16,M&E Officer
RIV015,SPECIALIST HOSPITAL KHANA II,Rivers,Khana,2024-06-30,521,25,18,2232,28,140,6,5,1791,39,2044,1368,1253,2024-07-11,Facility Focal Person
BEN003,General Hospital Otukpo,Benue,Otukpo,2024-03-31,478,9,7,2374,44,63,2,1,2041,30,2025,1251,1103,2024-04-18,Facility Focal Person
KAD015,General Hospital Chikun II,Kaduna,Chikun,2024-03-31,386,11,8,"1,602",8,63,1,0,1226,15,1445,816,750,2024-04-18,Facility Focal Person
NAS013,  General Hospital Keffi II ,Nasarawa,Keffi,2024-09-30,504,26,21,1686,9,158,6,5,936,16,1398,1122,1086,2024-10-18,Data Clerk
NAS004,Cottage Hospital Akwanga,Nasarawa,Akwanga,2022-05-31,374,14,nil,436,4,76,0,0,302,7,323,193,183,2022-06-13,Data Clerk
NAS013,General Hospital Keffi II,Nasarawa,Keffi,2022-12-31,449,24,22,1641,9,103,6,5,1499,24,1424,954,847,2023-01-29,Facility Focal Person
BEN003,General Hospital Otukpo,Benue,Otukpo,2023-11-30,482,12,9,2421,23,128,0,0,1679,21,2205,1287,1188,2023-12-13,Facility Focal Person
BEN012,Cottage Hospital Vandeikya II,Benue,Vandeikya,2023-04-30,550,2,1,454,2,173,1,0,404,10,358,297,270,2023-05-18,M&E Officer
NAS008,Comprehensive Health Centre Keffi II,Nasarawa,Keffi,2022-07-31,  ,1,0,952,6,7,0,0,797,15,777,535,443,2022-08-18,Data Clerk
fct005,Primary Health Centre Abaji,FCT,Abaji,2023-01-31,346,6,4,507,3,51,0,0,447,11,448,400,368,2023-03-01,Facility Focal Person
NAS009,Cottage Hospital Akwanga II,Nasarawa,Akwanga,2024-10-31,916,5,4,489,5,230,1,0,274,5,385,290,257,2024-11-15,Data Clerk
AKS006,  Primary Health Centre Abak ,Akwa Ibom,Abak,2023-05-31,425,9,8,354,2,89,3,2,291,5,266,229,188,2023-06-11,M&E Officer
NAS004,Cottage Hospital Akwanga,Nasarawa,Akwanga,2024-08-31,384,27,22,592,7,94,2,1,428,3,459,402,374,2024-09-11,Data Clerk
AKS007,Teaching Hospital Ikono,Akwa Ibom,Ikono,2022-05-31,995,10,9,"6,682",111,200,1,0,3835,73,5559,3860,3351,2022-06-21,Data Clerk
BEN014,Comprehensive Health Centre Gboko II,Benue,Gboko,2022-08-31,400,17,15,878,16,66,0,0,827,24,668,523,431,2022-09-16,Facility Focal Person
FCT011,Cottage Hospital AMAC II,FCT,AMAC,31/08/2024,401,13,11,1992,24,79,2,1,1710,29,1509,1146,1093,2024-10-16,M&E Officer
BEN010,Model Primary Health Centre Okpokwu II,Benue,Okpokwu,2024-11-30,338,6,5,701,7,63,0,0,586,6,551,439,371,2024-12-18,Facility Focal Person
FCT004,Model Primary Health Centre Kuje,F.C.T.,Kuje,2023-07-31,403,14,12,"1,301",15,114,3,2,800,21,1110,684,577,2023-08-13,Facility Focal Person
LAG004,Comprehensive Health Centre Surulere,Lagos,Surulere,2022-04-30,407,8,7,631,6,103,4,3,568,12,507,427,353,2022-05-29,Facility Focal Person
AKS006,Primary Health Centre Abak,Akwa Ibom,Abak,2023-01-31,288,7,5,327,3,32,2,1,303,7,274,253,220,2023-02-15,Facility Focal Person
RIV007,  Primary Health Centre Port Harcourt II ,Rivers,Port Harcourt,2024-04-30,519,4,3,615,10,152,0,0,368,9,535,448,405,2024-05-11,Facility Focal Person
KAD005,COTTAGE HOSPITAL CHIKUN,Kaduna,Chikun,2022-07-31,497,6,5,287,3,131,3,2,245,2,261,213,186,2022-08-11,Facility Focal Person
NAS009,Cottage Hospital Akwanga II,Nasarawa,Akwanga,2023-10-31,1045,3,2,483,5,297,1,0,410,5,375,250,215,2023-11-18,Facility Focal Person
BEN003,General Hospital Otukpo,Benue,Otukpo,31/10/2022,459,18,17,2531,7,130,2,1,2036,46,1748,1071,966,2022-11-16,Facility Focal Person
CRS013,  Mission Hospital Ogoja II ,Cross River,Ogoja,2023-07-31,204,4,3,799,1,40,0,0,547,1,713,566,484,2023-08-29,Data Clerk
AKS009,Primary Health Centre Ikot Ekpene II,Akwa Ibom,Ikot Ekpene,Mar-2024,80,4,3,225,2,23,0,0,153,2,159,89,83,2024-04-21,Data Clerk
LAG014,Cottage Hospital Lagos Island II,Lagos,Lagos Island,2024-07-31,857,14,13,1629,23,211,1,0,1379,30,1145,952,923,2024-08-11,M&E Officer
RIV015,Specialist Hospital Khana II,rivers ,Khana,Sep-2022,295,,9,2415,26,49,0,0,2149,39,2015,1239,1184,2022-10-15,M&E Officer
NAS004,  Cottage Hospital Akwanga ,Nasarawa,Akwanga,2022-08-31,289,12,10,448,4,54,0,0,275,8,334,225,198,2022-09-13,M&E Officer
KAD010,Cottage Hospital Chikun II,Kaduna,Chikun,2022-10-31,197,6,4,950,2,37,0,0,646,11,666,445,394,2022-11-13,Data Clerk
KAD014,GENERAL HOSPITAL SABON GARI II,Kaduna,Sabon Gari,2023-06-30,218,5,4,2470,37,67,0,0,2063,44,2113,-,1569,2023-07-16,Facility Focal Person
RIV006,COTTAGE HOSPITAL ELEME,Rivers,Eleme,2024-12-31,960,43,33,2930,20,295,11,10,2659,45,2473,1744,1578,2025-01-13,M&E Officer
BEN012,COTTAGE HOSPITAL VANDEIKYA II,Benue,Vandeikya,2023-05-31,645,7,6,457,3,124,0,0,294,4,388,301,280,2023-06-11,M&E Officer
FCT006,Mission Hospital AMAC II,FCT,AMAC,2024-08-31,1183,30,21,2131,24,155,1,0,1758,29,1643,1043,912,2024-09-18,Facility Focal Person
FCT005,Primary Health Centre Abaji,FCT,Abaji,2023-07-31,628,13,9,533,3,66,0,0,nil,8,451,365,332,2023-08-16,Data Clerk
LAG005,  Mission Hospital Agege ,Lagos,Agege,2023-04-30,999,29,28,1611,9,161,1,0,1104,19,1373,795,767,2023-05-13,M&E Officer
FCT012,Mission Hospital Bwari II,FCT,Bwari,30/11/2024,1037,46,35,2926,7,159,5,3,1765,32,N/A,2062,2014,2024-12-16,Data Clerk
FCT003,Specialist Hospital Gwagwalada,FCT,Gwagwalada,2024-08-31,678,11,9,5007,92,181,4,3,3556,65,4543,3685,3219,2024-09-29,M&E Officer
LAG007,Primary Health Centre Ikorodu II,Lagos,Ikorodu,2022-11-30,341,21,18,474,6,64,0,0,293,3,385,261,248,2022-12-16,M&E Officer
AKS006,Primary Health Centre Abak,akwa ibom,Abak,2022-01-31,297,16,12,201,2,74,1,0,190,3,141,133,124,2022-02-16,Facility Focal Person
KAD015,GENERAL HOSPITAL CHIKUN II,Kaduna,Chikun,2024-01-31,263,322,4,1606,26,39,1,0,1493,31,1174,1081,977,2024-02-21,Facility Focal Person
NAS011,Mission Hospital Lafia II,Nasarawa,Lafia,2024-10-31,1048,8,5,2385,23,131,0,0,1937,26,1975,1663,1439,2024-11-13,Facility Focal Person
BEN003,General Hospital Otukpo,Benue,Otukpo,30/06/2024,532,19,18,2341,43,162,5,4,1350,26,2144,1946,-,2024-07-13,Facility Focal Person
FCT013,  COTTAGE HOSPITAL GWAGWALADA II ,FCT,Gwagwalada,2023-01-31,608,4,3,1363,8,132,1,0,1196,21,1043,942,901,2023-02-16,Facility Focal Person
RIV001,Model Primary Health Centre Port Harcourt,Rivers,Port Harcourt,2023-04-30,106,1,-,994,3,22,0,0,843,10,875,584,529,2023-05-18,Facility Focal Person
KAD008,Model Primary Health Centre Zaria II,Kaduna,Zaria,2024-06-30,412,14,11,1162,5,63,1,0,740,15,837,779,673,2024-07-13,M&E Officer
AKS006,Primary Health Centre Abak,Akwa Ibom,Abak,2024-02-29,589,20,16,438,8,122,2,1,369,5,327,250,232,2024-03-29,M&E Officer
CRS001,Model Primary Health Centre Calabar Municipal,Cross River,Calabar Municipal,2022-05-31,222,10,9,667,10,47,2,1,575,12,502,283,267,2022-06-11,Data Clerk
NAS002,Cottage Hospital Karu,Nasarawa,Karu,2024-04-30,490,1,0,300,2,91,0,0,276,7,229,156,139,2024-05-16,Facility Focal Person
RIV015,  Specialist Hospital Khana II ,Rivers,Khana,31/01/2023,337,11,8,2394,5,60,0,0,1851,44,1762,1123,1074,2023-02-15,Facility Focal Person
fct007,Specialist Hospital Bwari II,FCT,Bwari,2024-09-30,2266,58,42,4290,13,337,2,1,3973,67,3104,1918,1824,2024-10-13,M&E Officer
NAS013,General Hospital Keffi II,Nasarawa,Keffi,31/05/2022,606,28,21,1615,10,144,7,6,1461,30,1385,1230,1165,2022-06-16,Data Clerk
LAG010,Primary Health Centre Surulere II,Lagos,Surulere,2024-03-31,481,13,10,959,16,128,3,2,775,13,809,583,528,2024-04-11,M&E Officer
AKS003,Model Primary Health Centre Eket,Akwa Ibom,Eket,2023-10-31,469,16,15,367,1,91,2,1,281,5,324,251,212,2023-11-13,Facility Focal Person
XXX999,Mission Hospital Bwari II,FCT,Bwari,31/12/2024,1378,56,49,2946,29,152,6,5,2179,42,2596,2150,1897,2025-01-16,Data Clerk
BEN004,General Hospital Okpokwu,Benue,Okpokwu,2023-11-30,884,3,2,390,1,176,1,0,226,6,300,245,223,2023-12-16,Facility Focal Person
LAG099,Model Primary Health Centre Katsina-Ala II,Benue,Katsina-Ala,30/04/2023,255,6,5,332,5,26,0,0,186,1,287,267,230,2023-05-13,Facility Focal Person
ben006,Primary Health Centre Vandeikya,Benue,Vandeikya,Mar-2022,150,5,4,305,2,43,0,0,209,6,218,131,125,2022-04-15,M&E Officer
CRS001,Model Primary Health Centre Calabar Municipal,Cross River,Calabar Municipal,2022-12-31,182,4,3,664,13,38,0,0,433,5,596,510,448,2023-01-11,Facility Focal Person
RIV012,Primary Health Centre Eleme II,Rivers,Eleme,2022-02-28,387,12,10,844,8,79,2,1,474,9,586,461,393,2022-03-16,M&E Officer
NAS005,Mission Hospital Nasarawa,Nasarawa,Nasarawa,2022-02-28,908,14,11,179,3,263,4,3,140,1,158,102,89,2022-03-16,Facility Focal Person
BEN006,Primary Health Centre Vandeikya,Benue,Vandeikya,2024-10-31,220,4,3,374,4,27,3,2,310,7,305,221,197,2024-11-16,Data Clerk
BEN015,Primary Health Centre Otukpo II,Benue,Otukpo,31/07/2022,1440,3,2,853,-12,18,0,0,764,9,733,605,526,2022-08-16,M&E Officer
LAG005,Mission Hospital Agege,Lagos,Agege,2023-07-31,1218,29,26,"1,669",8,257,3,2,1116,16,1368,1209,1116,2023-08-11,Facility Focal Person
FCT003,Specialist Hospital Gwagwalada,FCT,Gwagwalada,2022-06-30,578,10,8,6434,31,120,2,1,4992,101,5971,4186,3715,2022-07-11,M&E Officer
RIV001,Model Primary Health Centre Port Harcourt,Rivers,Port Harcourt,31/05/2022,134,0,0,1128,21,33,1,0,952,17,906,849,740,2022-06-13,M&E Officer
RIV002,Teaching Hospital Obio/Akpor,Rivers,Obio/Akpor,2024-03-31,1600,42,32,4271,51,422,3,2,2558,48,2998,1773,1732,2024-04-16,Data Clerk
RIV011,Model Primary Health Centre Degema II,Rivers,Degema,2022-12-31,309,358,10,872,9,80,2,1,499,13,667,427,411,2023-01-11,Facility Focal Person
LAG007,Primary Health Centre Ikorodu II,Lagos,Ikorodu,2024-05-31,616,20,16,613,1,161,2,1,352,4,475,410,368,2024-06-11,Data Clerk
RIV006,Cottage Hospital Eleme,Rivers,Eleme,2023-03-31,886,44,34,2531,28,194,5,3,2167,43,1950,1737,1576,2023-04-18,M&E Officer
LAG002,SPECIALIST HOSPITAL LAGOS ISLAND,Lagos,Lagos Island,2022-06-30,2227,115,110,5717,24,489,15,14,4098,70,4883,4487,4348,2022-07-18,Facility Focal Person
RIV012,Primary Health Centre Eleme II,Rivers,Eleme,31/05/2024,699,28,20,1032,4,178,2,1,836,11,746,514,483,2024-06-15,Data Clerk
NAS011,Mission Hospital Lafia II,Nasarawa,Lafia,2023-03-31,1276,14,11,2666,18,224,4,3,2507,35,1879,1721,1626,2023-04-13,M&E Officer
RIV007,Primary Health Centre Port Harcourt II,Rivers,Port Harcourt,2024-11-30,531,5,3,590,8,125,0,0,341,3,436,394,342,2024-12-18,M&E Officer
KAD006,Specialist Hospital Kaduna North II,Kaduna,Kaduna North,2023-12-31,1493,12,10,1658,29,342,3,2,1462,23,1283,953,855,2024-01-16,M&E Officer
FCT012,Mission Hospital Bwari II,FCT,Bwari,31/08/2022,1027,45,40,2709,8,158,3,2,1751,35,2009,1421,1279,2022-09-11,Data Clerk
CRS002,Comprehensive Health Centre Ikom,Cross River,Ikom,2024-03-31,204,11,10,261,4,25,2,1,215,1,236,204,199,2024-04-18,M&E Officer
aks008,Primary Health Centre Uyo II,Akwa Ibom,Uyo,Mar-2022,76,0,0,83,1,9,0,0,63,1,65,51,42,2022-04-21,Data Clerk
NAS006,Primary Health Centre Lafia II,Nasarawa,Lafia,Mar-2023,186,nil,3,958,16,31,0,0,543,7,  ,584,565,2023-04-15,Facility Focal Person
AKS015,Mission Hospital Uyo II,Akwa Ibom,Uyo,2022-08-31,722,25,21,2485,36,197,3,2,2324,48,1749,1650,1366,2022-09-18,Data Clerk
ben002,Specialist Hospital Gboko,Benue,Gboko,2022-11-30,2006,34,24,4771,43,385,5,4,  ,68,3498,2229,1986,2022-12-29,M&E Officer
CRS004,Comprehensive Health Centre Obudu,Cross River,Obudu,2023-03-31,212,4,2,453,4,55,1,0,289,6,345,216,188,2023-04-13,Facility Focal Person
RIV008,Teaching Hospital Obio/Akpor II,Rivers,Obio/Akpor,2022-03-31,1379,53,42,3948,52,402,7,6,2643,32,3617,2745,2332,2022-04-15,Facility Focal Person
LAG001,  Primary Health Centre Ikorodu ,Lagos,Ikorodu,2024-02-29,452,10,8,350,3,119,2,1,266,3,281,184,151,2024-03-16,Data Clerk
FCT014,General Hospital Kuje II,FCT,Kuje,2022-10-31,687,34,25,2497,6,195,5,4,1744,34,1913,1474,1264,2022-11-29,M&E Officer
RIV013,MISSION HOSPITAL PORT HARCOURT II,Rivers,Port Harcourt,2022-07-31,641,18,16,2271,24,202,2,1,1310,26,1829,1654,1498,2022-08-13,Facility Focal Person
KAD008,Model Primary Health Centre Zaria II,Kaduna,Zaria,2024-07-31,393,20,19,1161,20,66,3,2,855,14,885,554,460,2024-08-13,M&E Officer
NAS014,  TEACHING HOSPITAL AKWANGA II ,Nasarawa,Akwanga,2022-01-31,1320,54,53,4667,64,407,5,4,3716,80,3301,2803,2442,2022-02-18,M&E Officer
AKS012,Cottage Hospital Oron II,Akwa Ibom,Oron,31/07/2024,1241,46,37,1233,4,145,4,3,960,21,1075,726,602,2024-08-15,Data Clerk
AKS014,Primary Health Centre Ikono II,Akwa Ibom,Ikono,31/03/2024,224,4,2,612,11,57,1,0,447,11,501,358,303,2024-04-11,M&E Officer
NAS999,General Hospital Eket II,Akwa-Ibom,Eket,2024-04-30,607,17,12,1604,8,74,1,0,1443,22,1176,1014,864,2024-06-15,Data Clerk
CRS014,Comprehensive Health Centre Obudu II,Cross River,Obudu,2023-05-31,295,5,3,139,1,N/A,1,0,118,2,114,68,58,2023-06-13,Data Clerk
KAD006,Specialist Hospital Kaduna North II,Kaduna,Kaduna North,2023-06-30,2419,-,28,1641,5,414,2,1,1284,22,1234,1111,952,2023-07-16,Data Clerk
RIV003,Comprehensive Health Centre Khana,Rivers,Khana,2022-10-31,215,7,6,1050,10,33,0,0,743,13,721,661,584,2022-11-15,Facility Focal Person
NAS005,Mission Hospital Nasarawa,Nasarawa,Nasarawa,2024-04-30,1664,43,39,715,13,216,1,0,564,10,545,341,317,2024-05-13,Facility Focal Person
RIV014,Cottage Hospital Obio/Akpor II,Rivers,Obio/Akpor,2023-03-31,966,6,5,628,6,145,1,0,467,10,489,382,333,2023-04-15,Data Clerk
BEN010,Model Primary Health Centre Okpokwu II,Benue,Okpokwu,Feb-2023,376,4,3,766,14,105,1,0,474,12,656,545,478,2023-03-11,Facility Focal Person
CRS010,Comprehensive Health Centre Akamkpa II,cross river,Akamkpa,2022-06-30,58,1,0,426,4,9,0,0,298,3,390,276,269,2022-07-16,Facility Focal Person
BEN001,  Mission Hospital Makurdi ,Benue,Makurdi,2022-11-30,840,4,3,1975,32,101,1,0,1282,33,1528,1358,-,2022-12-21,Facility Focal Person
RIV015,SPECIALIST HOSPITAL KHANA II,rivers ,Khana,30/04/2022,387,  ,13,2461,33,83,2,1,1598,29,2251,1534,1304,2022-05-15,M&E Officer
BEN012,Cottage Hospital Vandeikya II,Benue,Vandeikya,2022-11-30,573,5,4,466,5,57,1,0,350,5,363,209,191,2022-12-21,Data Clerk
LAG004,Comprehensive Health Centre Surulere,Lagos,Surulere,2023-03-31,417,2,1,618,5,49,0,0,529,9,486,414,349,2023-04-15,M&E Officer
nas006,Primary Health Centre Lafia II,Nasarawa,Lafia,Nov-2023,323,14,13,961,15,81,1,0,827,12,698,575,653,2023-12-13,Facility Focal Person
RIV011,Model Primary Health Centre Degema II,Rivers,Degema,2022-04-30,301,11,7,869,5,42,0,0,646,9,767,620,594,2022-05-11,Data Clerk
NAS999,Teaching Hospital Obio/Akpor II,Rivers,Obio/Akpor,Sep-2023,1792,84,72,4084,56,523,13,12,3036,48,3236,2711,2570,2023-10-11,Facility Focal Person
CRS009,  Comprehensive Health Centre Obudu II ,Cross River,Obudu,2023-08-31,596,23,19,874,6,130,3,2,542,8,748,680,606,2023-09-15,Data Clerk
TMP001,COMPREHENSIVE HEALTH CENTRE GBOKO II,Benue,Gboko,Feb-2024,  ,3,2,759,12,118,0,0,471,12,538,421,359,2024-03-11,Data Clerk
riv013,MISSION HOSPITAL PORT HARCOURT II,Rivers,Port Harcourt,30/06/2024,751,16,12,2114,18,203,7,6,1721,32,1870,1271,1205,2024-07-21,Facility Focal Person
NAS008,Comprehensive Health Centre Keffi II,Nasarawa,Keffi,2023-08-31,92,1,0,831,3,10,0,0,783,19,732,556,543,2023-09-13,Data Clerk
RIV015,Specialist Hospital Khana II,rivers ,Khana,2022-08-31,431,25,21,2432,10,69,2,1,1347,20,1853,1163,1073,2022-09-16,Data Clerk
BEN003,General Hospital Otukpo,Benue,Otukpo,31/12/2022,513,15,13,2498,36,132,2,1,1560,37,2063,1272,1198,2023-01-13,Facility Focal Person
XXX999,PRIMARY HEALTH CENTRE IKORODU,Lagos,Ikorodu,2023-07-31,638,16,13,302,1,128,1,0,173,3,249,231,214,2023-08-11,M&E Officer
LAG011,  Cottage Hospital Agege II ,Lagos,Agege,2023-04-30,726,7,6,1711,28,224,3,2,1495,23,1494,1079,906,2023-05-21,M&E Officer
KAD012,Comprehensive Health Centre Kaduna South II,Kaduna,Kaduna South,2023-11-30,395,6,5,630,7,126,1,0,575,10,572,352,341,2023-12-29,Data Clerk
FCT002,GENERAL HOSPITAL BWARI,FCT,Bwari,31/12/2023,99,6,5,585,6,22,0,0,467,11,505,378,328,2024-01-11,Data Clerk
KAD009,MODEL PRIMARY HEALTH CENTRE SABON GARI II,Kaduna,Sabon Gari,Sep-2022,627,29,27,738,13,111,1,0,679,12,658,508,442,2022-10-13,Facility Focal Person
RIV008,Teaching Hospital Obio/Akpor II,rivers ,Obio/Akpor,2023-08-31,1742,89,80,4068,62,208,7,6,3602,51,2794,2643,2494,2023-09-18,Facility Focal Person
KAD013,  Specialist Hospital Zaria II ,Kaduna,Zaria,2022-04-30,2338,2410,107,1527,19,357,10,8,1129,24,1153,829,755,2022-05-21,Facility Focal Person
crs001,Model Primary Health Centre Calabar Municipal,Cross-River,Calabar Municipal,2022-09-30,205,6,5,663,6,33,0,0,556,14,491,437,374,2022-10-18,M&E Officer
AKS010,General Hospital Eket II,Akwa Ibom,Eket,2022-09-30,428,17,13,1771,23,117,1,0,1596,31,1260,835,N/A,2022-10-11,Facility Focal Person
RIV007,Primary Health Centre Port Harcourt II,RIVERS,Port Harcourt,Sep-2023,391,2,1,657,2,88,1,0,582,12,522,487,443,2023-10-18,Facility Focal Person
BEN014,Comprehensive Health Centre Gboko II,Benue,Gboko,2022-07-31,447,2,1,879,8,94,0,0,690,10,666,626,577,2022-08-11,M&E Officer
RIV005,Mission Hospital Degema,Rivers,Degema,2024-11-30,166,5,4,1264,6,22,0,0,956,26,896,579,533,2024-12-18,Data Clerk
LAG012,PRIMARY HEALTH CENTRE ALIMOSHO II,Lagos,Alimosho,2023-06-30,353,22,18,644,9,57,2,1,432,483,525,422,349,2023-07-13,M&E Officer
LAG014,Cottage Hospital Lagos Island II,Lagos,Lagos Island,Apr-2024,672,7,5,1668,18,191,1,0,1238,19,1307,741,667,2024-05-16,Facility Focal Person
RIV014,Cottage Hospital Obio/Akpor II,Rivers,Obio/Akpor,2024-10-31,1096,16,13,658,12,248,3,2,506,9,576,531,453,2024-11-18,Data Clerk
BEN004,General Hospital Okpokwu,Benue,Okpokwu,2024-11-30,904,7,6,427,2,162,0,0,393,6,332,218,191,2024-12-16,M&E Officer
crs013,  Mission Hospital Ogoja II ,Cross River,Ogoja,2024-01-31,218,4,2,761,4,62,0,0,471,13,565,499,431,2024-02-21,Data Clerk
BEN006,Primary Health Centre Vandeikya,Benue,Vandeikya,2024-09-30,228,16,12,375,6,25,1,0,238,4,325,232,223,2024-10-16,M&E Officer
BEN003,GENERAL HOSPITAL OTUKPO,Benue,Otukpo,2023-01-31,570,20,15,2496,17,101,3,2,2272,41,2256,2058,1856,2023-02-13,Data Clerk
CRS013,Mission Hospital Ogoja II,Cross River,Ogoja,2024-07-31,287,6,5,741,10,86,2,1,494,6,625,564,510,2024-08-11,M&E Officer
RIV006,COTTAGE HOSPITAL ELEME,Rivers,Eleme,Mar-2024,1417,41,33,2709,48,231,5,4,1868,40,1915,1375,1279,2024-04-15,Data Clerk
FCT008,Teaching Hospital Gwagwalada II,Federal Capital Territory,Gwagwalada,2023-03-31,715,22,18,5102,99,159,0,0,4809,97,3551,2270,2056,2023-04-16,M&E Officer
NAS012,Mission Hospital Karu II,Nasarawa,Karu,2024-09-30,1027,17,13,1380,19,199,5,4,879,9,1154,681,663,2024-10-11,Facility Focal Person
LAG012,Primary Health Centre Alimosho II,Lagos,Alimosho,2024-07-31,382,18,-15,668,8,82,1,0,597,7,597,474,445,2024-08-16,Facility Focal Person
RIV008,Teaching Hospital Obio/Akpor II,Rivers,Obio/Akpor,31/12/2022,921,36,26,3995,29,293,5,4,3106,56,3283,3061,2823,2023-01-16,M&E Officer
NAS008,  Comprehensive Health Centre Keffi II ,Nasarawa,Keffi,2024-08-31,91,0,0,741,7,16,0,0,603,14,507,373,306,2024-09-18,M&E Officer
KAD011,PRIMARY HEALTH CENTRE KADUNA NORTH II,Kaduna,Kaduna North,2022-06-30,226,12,11,550,1,50,6,5,308,9,423,252,245,2022-07-16,Data Clerk
kad004,Specialist Hospital Sabon Gari,Kaduna,Sabon Gari,2022-01-31,2281,115,109,3532,56,412,15,14,2297,32,2762,2291,2123,2022-02-16,Facility Focal Person
kad001,Model Primary Health Centre Kaduna North,Kaduna,Kaduna North,2023-09-30,193,8,7,762,6,29,0,0,512,10,649,392,376,2023-10-15,Data Clerk
RIV010,Teaching Hospital Ahoada East II,Rivers,Ahoada East,2024-10-31,807,19,14,2848,29,221,4,3,2128,49,2534,1585,1393,2024-11-16,Data Clerk
AKS001,Comprehensive Health Centre Uyo,Akwa Ibom,Uyo,31/03/2023,743,3,2,304,5,143,1,0,213,7,249,137,119,2023-04-13,Data Clerk
FCT012,Mission Hospital Bwari II,Federal Capital Territory,Bwari,2023-09-30,1286,45,44,2840,50,166,3,2,2108,41,2168,1645,1543,2023-10-21,M&E Officer
RIV009,Mission Hospital Khana II,Rivers,Khana,2023-03-31,299,5,4,815,6,46,0,0,740,10,620,560,478,2023-04-16,Facility Focal Person
BEN008,Teaching Hospital Gboko II,Benue,Gboko,2024-10-31,1929,39,35,6140,119,275,1,0,3988,87,5498,3900,3499,2024-12-16,Data Clerk
FCT014,General Hospital Kuje II,FCT,Kuje,31/12/2023,680,15,12,2503,5,124,1,0,1593,34,1803,1544,1445,2024-01-16,M&E Officer
TMP001,  Comprehensive Health Centre Etinan II ,Akwa-Ibom,Etinan,2022-01-31,77,3,2,282,5,15,2,1,226,2,249,208,175,2022-02-15,M&E Officer
BEN007,Specialist Hospital Makurdi II,Benue,Makurdi,2024-07-31,405,9,6,"1,823",27,75,1,0,1286,14,1538,1028,980,2024-08-29,Facility Focal Person
NAS010,Teaching Hospital Nasarawa II,Nasarawa,Nasarawa,2023-06-30,2946,157,112,4989,13,734,25,24,3645,67,3505,2918,2844,2023-07-16,M&E Officer
FCT009,  Model Primary Health Centre Kuje II ,FCT,Kuje,31/08/2024,181,15,13,488,4,27,0,0,322,5,439,N/A,271,2024-09-15,Facility Focal Person
RIV010,Teaching Hospital Ahoada East II,Rivers,Ahoada East,31/01/2024,838,20,nil,2995,59,105,2,1,1844,28,2640,1606,1348,2024-02-13,M&E Officer
CRS010,Comprehensive Health Centre Akamkpa II,Cross River,Akamkpa,2023-08-31,84,0,0,379,5,19,0,0,216,6,264,151,129,2023-09-11,Facility Focal Person
FCT005,Primary Health Centre Abaji,FCT,Abaji,2024-06-30,669,14,13,566,9,180,2,1,423,11,441,256,239,2024-07-29,M&E Officer
RIV001,Model Primary Health Centre Port Harcourt,Rivers,Port Harcourt,2024-05-31,146,1,0,846,13,33,0,0,716,7,753,420,369,2024-06-21,Data Clerk
CRS003,Specialist Hospital Ogoja,Cross River,Ogoja,2024-09-30,1746,48,36,5056,58,506,6,4,4563,89,4117,2693,2433,2024-10-16,Data Clerk
BEN011,Model Primary Health Centre Katsina-Ala II,Benue,Katsina-Ala,2022-02-28,149,5,4,299,3,29,0,0,236,4,257,188,157,2022-03-18,Facility Focal Person
LAG001,Primary Health Centre Ikorodu,Lagos,Ikorodu,31/05/2022,504,9,7,204,2,-,4,3,190,1,187,153,129,2022-06-15,Facility Focal Person
KAD006,Specialist Hospital Kaduna North II,Kaduna,Kaduna North,2024-03-31,1991,21,20,1672,14,525,2,1,1498,32,1342,1265,1057,2024-04-11,M&E Officer
RIV014,Cottage Hospital Obio/Akpor II,rivers ,Obio/Akpor,31/03/2022,1058,9,6,612,3,228,1,0,490,10,527,335,281,2022-04-18,M&E Officer
AKS014,Primary Health Centre Ikono II,Akwa Ibom,Ikono,2023-11-30,244,8,7,619,4,27,0,0,554,3,573,395,354,2023-12-29,Facility Focal Person
BEN010,Model Primary Health Centre Okpokwu II,Benue,Okpokwu,2022-07-31,409,6,5,834,9,41,0,0,718,16,599,338,308,2022-08-15,M&E Officer
RIV015,  Specialist Hospital Khana II ,Rivers,Khana,2024-04-30,431,23,17,2259,34,90,3,2,1401,17,1909,1507,1380,2024-05-13,M&E Officer
CRS008,Cottage Hospital Ogoja II,Cross River,Ogoja,2022-07-31,590,31,27,2359,5,80,3,2,1977,28,1677,1046,869,2022-09-15,Data Clerk
LAG005,  Mission Hospital Agege ,Lagos,Agege,2023-06-30,1647,49,44,1651,15,500,6,4,1051,16,1216,845,781,2023-07-13,Data Clerk
LAG006,Specialist Hospital Alimosho,Lagos,Alimosho,31/08/2022,876,26,23,5380,32,158,2,1,3659,75,4475,3507,2991,2022-09-13,M&E Officer
KAD007,  Model Primary Health Centre Kaduna South II ,Kaduna,Kaduna South,2023-01-31,nil,10,7,1125,9,19,2,1,870,13,809,704,578,2023-02-18,Facility Focal Person
KAD007,Model Primary Health Centre Kaduna South II,Kaduna,Kaduna South,2023-04-30,288,6,5,1123,7,58,4,3,743,14,777,541,499,2023-05-13,M&E Officer
FCT008,Teaching Hospital Gwagwalada II,FCT,Gwagwalada,2023-01-31,678,31,27,5179,19,173,7,5,3253,65,4113,3807,3135,2023-02-16,M&E Officer
AKS015,  Mission Hospital Uyo II ,Akwa Ibom,Uyo,2022-03-31,625,39,30,2449,16,165,4,3,2177 ,41,2041,1750,1613,2022-04-18,Data Clerk
AKS011,COMPREHENSIVE HEALTH CENTRE ETINAN II,Akwa-Ibom,Etinan,2024-10-31,101,2,1,334,6,28,2,1,309,7,254,197,189,2024-11-18,M&E Officer
FCT006,Mission Hospital AMAC II,FCT,AMAC,2022-02-28,643,,22,2332,39,172,0,0,2095,39,2107,1701,1415,2022-03-11,Facility Focal Person
LAG014,  Cottage Hospital Lagos Island II ,Lagos,Lagos Island,2024-08-31,795,11,8,1623,14,178,2,1,1049,12,1253,1138,961,2024-09-21,Facility Focal Person
CRS001,Model Primary Health Centre Calabar Municipal,Cross River,Calabar Municipal,2022-06-30,196,10,9,671,5,40,3,2,454,8,529,453,420,2022-07-13,Data Clerk
FCT015,Comprehensive Health Centre Abaji II,FCT,Abaji,2023-05-31,148,9,7,784,11,33,1,0,433,9,545,497,430,2023-06-15,M&E Officer
NAS007,General Hospital Karu II,Nasarawa,Karu,2023-10-31,659,5,4,2222,27,172,0,0,1589,26,1975,1231,1079,2023-11-11,M&E Officer
FCT005,Primary Health Centre Abaji,FCT,Abaji,2024-07-31,662,8,7,571,2,114,3,2,382,7,421,316,268,2024-08-16,M&E Officer
KAD006,Specialist Hospital Kaduna North II,Kaduna,Kaduna North,2022-05-31,1794,29,25,"1,517",28,509,4,3,1215,25,1326,1202,994,2022-06-11,Data Clerk
BEN013,Model Primary Health Centre Makurdi II,Benue,Makurdi,2022-05-31,624,24,18,344,3,70,0,0,216,4,278,261,316,2022-06-11,Data Clerk
BEN013,Model Primary Health Centre Makurdi II,Benue,Makurdi,2024-01-31,658,31,22,693,9,79,4,3,466,4,602,517,460,2024-02-11,M&E Officer
FCT009,Model Primary Health Centre Kuje II,FCT,Kuje,31/03/2023,187,13,10,451,1,41,2,1,312,8,389,308,274,2023-04-13,M&E Officer
CRS014,Comprehensive Health Centre Obudu II,Cross River,Obudu,2022-05-31,339,13,11,95,1,83,1,0,70,1,88,81,74,2022-06-11,M&E Officer
CRS004,Comprehensive Health Centre Obudu,Cross River,Obudu,2022-07-31,203,5,3,468,2,47,0,0,344,4,396,277,266,2022-08-11,M&E Officer
NAS008,Comprehensive Health Centre Keffi II,Nasarawa,Keffi,2022-03-31,60,1,0,981,18,7,0,0,665,14,748,462,380,2022-04-16,M&E Officer
KAD002,Teaching Hospital Kaduna South,Kaduna,Kaduna South,Sep-2023,1549,17,16,3893,57,263,1,0,2208,46,3089,2593,2194,2023-10-16,M&E Officer
AKS013,Model Primary Health Centre Abak II,Akwa Ibom,Abak,2022-02-28,284,8,7,495,5,69,4,3,416,7,452,400,361,2022-03-11,Facility Focal Person
KAD003,Mission Hospital Zaria,Kaduna,Zaria,2024-01-31,926,44,32,2786,35,195,3,2,1636,25,2305,2059,1895,2024-02-15,Data Clerk
NAS001,Model Primary Health Centre Lafia,Nasarawa,Lafia,2024-10-31,182,5,4,389,3,20,0,0,239,0,290,239,217,2024-11-15,M&E Officer
fct005,Primary Health Centre Abaji,FCT,Abaji,2022-02-28,431,6,5,464,9,59,1,0,284,7,370,324,275,2022-03-29,Facility Focal Person
FCT012,MISSION HOSPITAL BWARI II,FCT,Bwari,2023-04-30,999,61,45,2783,13,265,8,7,2610,49,2388,1813,1752,2023-05-11,Facility Focal Person
BEN003,General Hospital Otukpo,Benue,Otukpo,31/08/2024,758,26,23,2322,35,178,5,4,1822,28,1866,1310,1115,2024-09-15,Facility Focal Person
BEN008,Teaching Hospital Gboko II,Benue,Gboko,2023-11-30,2366,78,60,6358,22,458,6,5,3914,78,4770,4468,3673,2023-12-13,Facility Focal Person
KAD001,Model Primary Health Centre Kaduna North,Kaduna,Kaduna North,2024-07-31,267,10,8,745,4,57,3,2,633,13,508,282,247,2024-08-16,Facility Focal Person
BEN005,Model Primary Health Centre Katsina-Ala,Benue,Katsina-Ala,2022-05-31,467,10,9,424,3,128,1,0,248,3,305,206,182,2022-06-13,Data Clerk
BEN001,Mission Hospital Makurdi,Benue,Makurdi,31/05/2022,1019,7,5,2092,18,293,0,0,1486,30,1683,1222,1169,2022-07-16,Facility Focal Person
CRS008,Cottage Hospital Ogoja II,cross river,Ogoja,2023-03-31,651,18,16,2208,36,190,6,5,1267,20,1951,1584,1428,2023-04-18,Facility Focal Person
RIV009,MISSION HOSPITAL KHANA II,Rivers,Khana,2022-02-28,369,1,0,880,11,58,0,0,680,8,728,519,446,2022-03-16,Data Clerk
CRS005,  Teaching Hospital Akamkpa ,Cross River,Akamkpa,2024-06-30,1336,45,37,4131,67,183,2,1,2564,34,3281,1817,1584,2024-07-18,Facility Focal Person
KAD004,Specialist Hospital Sabon Gari,Kaduna,Sabon Gari,2022-07-31,2758,136,108,3963,52,685,20,16,3318,70,3152,2322,2088,2022-08-15,Facility Focal Person
CRS002,Comprehensive Health Centre Ikom,Cross River,Ikom,2022-06-30,167,3,2,167,2,21,1,0,103,2,139,78,72,2022-07-11,Facility Focal Person
FCT005,PRIMARY HEALTH CENTRE ABAJI,FCT,Abaji,2022-10-31,401,10,7,509,9,106,1,0,384,5,417,353,307,2022-11-15,Data Clerk
NAS012,Mission Hospital Karu II,Nasarawa,Karu,2022-04-30,778,16,14,1339,26,188,2,1,1215,31,1045,657,551,2022-05-18,Facility Focal Person
BEN011,Model Primary Health Centre Katsina-Ala II,Benue,Katsina-Ala,2023-08-31,230,7,5,347,4,59,1,0,291,8,297,264,N/A,2023-09-15,Data Clerk
CRS003,Specialist Hospital Ogoja,Cross River,Ogoja,2023-02-28,1521,43,41,5358,87,305,6,5,3046,78,4666,3227,-,2023-03-11,Facility Focal Person
RIV003,Comprehensive Health Centre Khana,Rivers,Khana,31/08/2024,405,22,18,1096,3,86,3,2,1003,18,758,525,469,2024-09-15,Data Clerk
NAS002,Cottage Hospital Karu,Nasarawa,Karu,2022-12-31,377,2,1,312,1,55,2,1,277,1,249,182,152,2023-01-16,Data Clerk
KAD014,  General Hospital Sabon Gari II ,Kaduna,Sabon Gari,30/09/2024,285,11,7,2145,14,36,0,0,1969,44,1758,1593,1333,2024-10-13,M&E Officer
KAD015,General Hospital Chikun II,Kaduna,Chikun,30/06/2023,335,15,11,1706,13,70,0,0,1116,15,-,995,947,2023-07-16,Facility Focal Person
RIV009,Mission Hospital Khana II,Rivers,Khana,2023-04-30,525,6,5,812,8,NULL,0,0,716,8,628,417,403,2023-05-13,Data Clerk
BEN011,Model Primary Health Centre Katsina-Ala II,Benue,Katsina-Ala,Sep-2024,301,10,9,400,2,78,2,1,277,1,354,291,281,2024-10-29,Facility Focal Person
CRS006,Primary Health Centre Calabar Municipal II,Cross River,Calabar Municipal,2022-11-30,460,19,18,1295,17,137,1,0,901,16,1014,599,517,2022-12-21,M&E Officer
AKS010,GENERAL HOSPITAL EKET II,Akwa Ibom,Eket,31/07/2022,458,13,11,1788,25,105,1,0,1493 ,29,1511,1241,1074,2022-08-13,Facility Focal Person
FCT003,Specialist Hospital Gwagwalada,FCT,Gwagwalada,Jun-2023,561,11,8,5722,84,176,2,1,4816,84,4219,3564,2950,2023-07-11,Facility Focal Person
LAG099,Primary Health Centre Otukpo II,Benue,Otukpo,Oct-2024,286,N/A,4,433,8,75,2,1,364,7,334,285,273,2024-11-11,Data Clerk
KAD001,MODEL PRIMARY HEALTH CENTRE KADUNA NORTH,Kaduna,Kaduna North,2022-05-31,174,6,5,783,15,42,0,0,589,10,722,638,612,2022-06-15,Data Clerk
CRS007,Model Primary Health Centre Ikom II,Cross River,Ikom,Apr-2023,145,6,5,308,0,39,2,1,259,7,262,160,134,2023-05-13,Facility Focal Person
lag002,Specialist Hospital Lagos Island,Lagos,Lagos Island,2023-03-31,1973,116,86,5797,115,358,19,18,3987,71,4010,2705,2386,2023-04-16,Data Clerk
NAS001,Model Primary Health Centre Lafia,Nasarawa,Lafia,2022-05-31,172,3,2,492,8,32,0,0,290 ,2,342,241,230,2022-06-18,Data Clerk
BEN008,Teaching Hospital Gboko II,Benue,Gboko,2022-11-30,1864,48,42,6209,75,523,4,3,5438,92,4731,2989,2526,2022-12-15,Facility Focal Person
FCT004,Model Primary Health Centre Kuje,FCT,Kuje,30/06/2022,441,10,7,1341,14,128,2,1,1087,22,1184,1042,1061,2022-07-18,Facility Focal Person
LAG003,Teaching Hospital Badagry,Lagos,Badagry,2022-11-30,-,121,91,6318,35,598,17,15,5073,93,4890,2987,2843,2022-12-13,Facility Focal Person
FCT012,  Mission Hospital Bwari II ,FCT,Bwari,2022-01-31,760,37,29,2644,38,178,6,5,2169,27,2363,1812,1645,2022-02-18,Facility Focal Person
NAS008,COMPREHENSIVE HEALTH CENTRE KEFFI II,Nasarawa,Keffi,2022-09-30,84,5,4,932,9,24,0,0,824,13,687,549,461,2022-10-13,M&E Officer
RIV015,Specialist Hospital Khana II,Rivers,Khana,31/07/2024,486,21,20,2212,40,89,2,1,1434,19,1661,1108,1046,2024-08-16,Data Clerk
AKS015,Mission Hospital Uyo II,AKWA IBOM,Uyo,Mar-2023,637,32,22,2470,29,142,1,0,1533,28,1701,1078,949,2023-04-15,M&E Officer
KAD012,  Comprehensive Health Centre Kaduna South II ,Kaduna,Kaduna South,31/03/2024,579,8,5,629,7,71,3,2,438,13,576,-,437,2024-04-21,Data Clerk
AKS001,Comprehensive Health Centre Uyo,Akwa Ibom,Uyo,30/09/2024,710,3,2,325,0,143,0,0,245,4,299,220,208,2024-10-11,Facility Focal Person
FCT004,Model Primary Health Centre Kuje,FCT,Kuje,Oct-2024,315,20,15,1257,3,77,4,3,993,16,1112,950,846,2024-11-18,Data Clerk
FCT012,Mission Hospital Bwari II,FCT,Bwari,2022-10-31,939,35,28,2715,31,271,7,6,2403,48,2348,1985,1885,2022-11-11,M&E Officer
NAS008,Comprehensive Health Centre Keffi II,Nasarawa,Keffi,2024-11-30,92,1,0,718,6,22,0,0,478,13,550,360,336,2024-12-16,Data Clerk
NAS013,General Hospital Keffi II,Nasarawa,Keffi,2022-07-31,528,30,21,1634,16,69,1,0,1435,24,1260,773,732,2022-08-15,Facility Focal Person
CRS010,Comprehensive Health Centre Akamkpa II,Cross River,Akamkpa,2024-09-30,77,3,2,336,2,9,0,0,242,6,301,275,248,2024-10-15,M&E Officer
kad008,Model Primary Health Centre Zaria II,Kaduna,Zaria,2022-07-31,311,12,8,1229,7,89,2,1,844,17,961,585,503,2022-08-13,Data Clerk
KAD010,COTTAGE HOSPITAL CHIKUN II,Kaduna,Chikun,Feb-2022,157,11,10,937,12,49,2,1,623,15,644,436,416,2022-03-13,Data Clerk
BEN001,Mission Hospital Makurdi,Benue,Makurdi,2022-10-31,878,,3,2004,19,96,1,0,1592,33,1453,1064,1033,2022-11-25,M&E Officer
LAG010,Primary Health Centre Surulere II,Lagos,Surulere,2024-08-31,670,16,14,986,12,77,1,0,647,11,685,411,343,2024-09-15,M&E Officer
RIV013,Mission Hospital Port Harcourt II,Rivers,Port Harcourt,2024-04-30,985,25,22,2121,37,168,3,2,1651,20,1589,1324,1158,2024-05-29,M&E Officer
FCT012,MISSION HOSPITAL BWARI II,F.C.T.,Bwari,Jan-2023,931,54,49,2752,31,211,2,1,2174,34,2368,1515,1439,2023-02-15,Data Clerk
NAS013,General Hospital Keffi II,Nasarawa,Keffi,2022-04-30,546,25,20,1604,25,70,2,1,941,19,1279,1179,1132,2022-05-16,Data Clerk
LAG009,MISSION HOSPITAL BADAGRY II,Lagos,Badagry,31/07/2022,478,8,6,2737,26,50,0,0,2587,45,2143,1268,1114,2022-08-18,Data Clerk
KAD010,Cottage Hospital Chikun II,Kaduna,Chikun,2024-03-31,,7,5,956,13,63,1,0,564,14,733,553,527,2024-04-18,Data Clerk
AKS007,Teaching Hospital Ikono,Akwa Ibom,Ikono,2023-02-28,1101,9,7,6217,66,169,1,0,4377,74,5120,2928,2783,2023-03-11,Data Clerk
kad004,Specialist Hospital Sabon Gari,Kaduna,Sabon Gari,2022-09-30,1904,99,92,4074,41,542,11,8,2660,49,3145,2921,2672,2022-10-16,Data Clerk
LAG008,Cottage Hospital Lagos Island II,Lagos,Lagos Island,2023-12-31,83,1,0,759,3,25,0,0,423,7,553,438,396,2024-01-15,Facility Focal Person
AKS012,Cottage Hospital Oron II,Akwa Ibom,Oron,2023-01-31,-,33,31,746,13,,7,5,650,12,571,410,371,2023-02-16,M&E Officer
AKS005,COMPREHENSIVE HEALTH CENTRE ORON,akwa ibom,Oron,Mar-2024,N/A,2,1,1021,13,50,0,0,717,14,704,470,442,2024-04-15,M&E Officer
lag006,Specialist Hospital Alimosho,Lagos,Alimosho,2023-07-31,859,12,11,4896,33,208,2,1,3320,66,3718,2191,2052,2023-08-15,Data Clerk
LAG006,Specialist Hospital Alimosho,Lagos,Alimosho,2023-08-31,933,22,16,4822,90,209,0,0,3880,78,4173,3545,3095,2023-09-18,M&E Officer
KAD011,Primary Health Centre Kaduna North II,Kaduna,Kaduna North,2024-06-30,233,7,5,578,9,33,0,0,407,9,496,422,363,2024-07-21,Facility Focal Person
LAG011,COTTAGE HOSPITAL AGEGE II,Lagos,Agege,2023-01-31,456,10,7,1729,17,105,2,1,1376,25,1582,1134,1051,2023-02-18,M&E Officer
CRS011,Comprehensive Health Centre Calabar Municipal II,Cross River,Calabar Municipal,2022-09-30,275,4,3,450,7,74,1,0,397,10,417,363,349,2022-10-15,M&E Officer
BEN009,  Primary Health Centre Otukpo II ,Benue,Otukpo,30/11/2024,201,2,1,426,8,49,0,0,284,4,368,330,284,2024-12-13,Data Clerk
BEN002,Specialist Hospital Gboko,Benue,Gboko,2024-07-31,3710,81,71,"4,421",50,645,11,9,3920,76,3714,2662,2561,2024-08-11,Facility Focal Person
BEN001,Mission Hospital Makurdi,Benue,Makurdi,Apr-2024,1022,6,5,1770,9,326,1,0,1426,29,1598,1364,1230,2024-05-21,Data Clerk
FCT001,Mission Hospital AMAC,FCT,AMAC,2024-07-31,1323,11,10,1178,9,298,0,0,796,16,916,738,612,2024-08-13,Data Clerk
FCT012,Mission Hospital Bwari II,FCT,Bwari,2024-01-31,1067,41,39,2865,32,169,5,4,1649,31,1966,1533,1260,2024-02-15,Facility Focal Person
TMP001,Cottage Hospital Obio/Akpor II,Rivers,Obio/Akpor,2022-11-30,984,8,-13,623,9,281,2,1,349,9,530,297,273,2022-12-13,Data Clerk
RIV004,Model Primary Health Centre Ahoada East,Rivers,Ahoada East,2024-05-31,510,17,16,836,14,121,3,2,668,12,755,693,584,2024-06-11,Facility Focal Person
CRS013,Mission Hospital Ogoja II,Cross River,Ogoja,2022-02-28,163,0,0,912,18,42,0,0,534,11,682,476,404,2022-03-11,M&E Officer
FCT014,General Hospital Kuje II,FCT,Kuje,2024-08-31,1320,47,36,"2,527",24,372,7,5,1644,23,2049,1939,1805,2024-09-11,M&E Officer
NAS010,Teaching Hospital Nasarawa II,Nasarawa,Nasarawa,2022-08-31,2474,119,104,4717,10,661,13,11,3917,65,3817,3265,2842,2022-09-13,Facility Focal Person
RIV015,Specialist Hospital Khana II,Rivers,Khana,Dec-2022,354,18,14,"2,391",14,64,1,0,1724,33,1783,1413,1159,2023-01-11,M&E Officer
AKS002,General Hospital Ikot Ekpene,Akwa Ibom,Ikot Ekpene,31/08/2022,297,6,4,667,11,60,0,0,498,10,486,365,313,2022-09-29,Facility Focal Person
TMP001,General Hospital Okpokwu,Benue,Okpokwu,2024-09-30,1124,11,10,421,5,355,5,4,324,9,292,239,202,2024-10-11,Data Clerk
XXX999,Teaching Hospital Gwagwalada II,FCT,Gwagwalada,2023-10-31,633,30,-,4928,15,142,6,5,4092,80,4568,2513,2265,2023-11-21,Data Clerk
KAD003,Mission Hospital Zaria,Kaduna,Zaria,2024-10-31,9570,62,56,3081,15,261,10,8,2676,45,2733,1569,1520,2024-11-16,Facility Focal Person
CRS006,Primary Health Centre Calabar Municipal II,Cross River,Calabar Municipal,2022-04-30,583,24,23,1279,3,103,1,0,734,16,951,620,574,2022-05-13,M&E Officer
kad002,  Teaching Hospital Kaduna South ,Kaduna,Kaduna South,2023-06-30,1802,27,21,3978,67,439,1,0,2304,44,2855,1740,1597,2023-07-16,M&E Officer
CRS003,Specialist Hospital Ogoja,Cross River,Ogoja,2024-04-30,1666,55,N/A,5156,77,254,4,3,3982,69,4215,3616,3225,2024-05-21,Data Clerk
NAS011,MISSION HOSPITAL LAFIA II,Nasarawa,Lafia,2022-05-31,1340,10,9,"2,774",16,167,0,0,2506,28,2410,2183,2054,2022-06-13,Data Clerk
NAS009,Cottage Hospital Akwanga II,Nasarawa,Akwanga,2022-09-30,1164,6,5,479,1,287,1,0,305,5,346,250,216,2022-10-11,Facility Focal Person
LAG009,Mission Hospital Badagry II,Lagos,Badagry,2023-06-30,584,14,12,2507,47,60,2,1,2229,31,1976,1726,1605,2023-07-16,Facility Focal Person
AKS007,Teaching Hospital Ikono,Akwa Ibom,Ikono,2024-12-31,1029,25,24,4996,56,174,1,0,3660,61,4428,4054,3668,2025-01-11,Data Clerk
CRS011,COMPREHENSIVE HEALTH CENTRE CALABAR MUNICIPAL II,Cross River,Calabar Municipal,2024-11-30,259,9,8,504,5,32,0,0,414,9,374,228,216,2024-12-21,M&E Officer
XXX999,  Primary Health Centre Ikorodu ,Lagos,Ikorodu,2022-12-31,379,6,4,248,2,116,4,3,227,0,179,108,97,2023-01-18,Data Clerk
NAS001,Model Primary Health Centre Lafia,Nasarawa,Lafia,2023-12-31,176,2,1,420,1,28,0,0,321,5,319,260,251,2024-01-16,Facility Focal Person
BEN005,Model Primary Health Centre Katsina-Ala,Benue,Katsina-Ala,Dec-2024,440,  ,13,593,7,74,1,0,517,10,452,303,N/A,2025-01-29,M&E Officer
KAD015,General Hospital Chikun II,Kaduna,Chikun,2023-02-28,354,2,1,1753,8,102,1,0,1321,26,1490,1300,1157,2023-03-21,Data Clerk
KAD008,Model Primary Health Centre Zaria II,Kaduna,Zaria,2022-01-31,155,7,6,1264,12,24,2,1,733,10,1160,700,619,2022-02-15,Facility Focal Person
LAG007,Primary Health Centre Ikorodu II,Lagos,Ikorodu,2022-06-30,463,16,13,428,4,105,0,0,289,3,315,183,168,2022-07-16,Facility Focal Person
AKS010,General Hospital Eket II,Akwa-Ibom,Eket,2022-02-28,576,15,13,1837,5,156,0,0,1730,40,1285,1039,969,2022-03-13,Facility Focal Person
BEN013,Model Primary Health Centre Makurdi II,Benue,Makurdi,2024-06-30,736,45,40,793,10,172,3,2,747,14,652,537,482,2024-07-18,Facility Focal Person
KAD003,Mission Hospital Zaria,Kaduna,Zaria,2023-08-31,1291,79,61,2747,21,304,9,6,2551,37,1996,1454,1327,2023-09-11,Facility Focal Person
NAS999,Mission Hospital Bwari II,FCT,Bwari,31/05/2024,1166,51,41,"2,894",32,276,13,10,2703,44,2563,1874,1625,2024-06-21,M&E Officer
FCT002,  General Hospital Bwari ,FCT,Bwari,2023-05-31,103,5,3,587,9,22,0,0,540,9,509,420,358,2023-06-13,Data Clerk
BEN006,Primary Health Centre Vandeikya,Benue,Vandeikya,2022-06-30,147,2,1,314,2,28,1,0,254,2,243,216,199,2022-07-21,Facility Focal Person
RIV010,Teaching Hospital Ahoada East II,Rivers,Ahoada East,2024-02-29,558,16,13,3002,6,171,8,6,2575,43,2424,2012,1906,2024-03-16,Data Clerk
CRS002,Comprehensive Health Centre Ikom,Cross River,Ikom,Jan-2023,123,8,6,197,1,32,0,0,121,4,161,131,125,2023-02-16,Facility Focal Person
RIV003,  Comprehensive Health Centre Khana ,Rivers,Khana,2022-09-30,224,15,14,1054,17,51,0,0,599,9,845,498,461,2022-10-11,Facility Focal Person
CRS015,Model Primary Health Centre Akamkpa II,Cross River,Akamkpa,2024-11-30,88,2,1,472,3,12,0,0,389,10,380,232,217,2024-12-13,M&E Officer
KAD011,Primary Health Centre Kaduna North II,Kaduna,Kaduna North,2024-05-31,254,5,4,582,9,61,0,0,388,6,405,379,333,2024-06-21,Data Clerk
FCT012,MISSION HOSPITAL BWARI II,FCT,Bwari,2023-11-30,867,43,42,2850,34,242,4,3,2113,41,nil,2035,1767,2023-12-21,Facility Focal Person
NAS012,Mission Hospital Karu II,Nasarawa,Karu,2024-11-30,839,7,6,1358,20,180,3,2,786,16,1049,671,580,2024-12-29,Data Clerk
BEN010,Model Primary Health Centre Okpokwu II,Benue,Okpokwu,2024-03-31,368,8,7,721,8,44,0,0,469,10,623,503,487,2024-04-21,Facility Focal Person
RIV010,Teaching Hospital Ahoada East II,rivers ,Ahoada East,2024-06-30,1098,30,21,2945,24,259,5,4,2420,38,,1587,1370,2024-07-13,M&E Officer
CRS006,PRIMARY HEALTH CENTRE CALABAR MUNICIPAL II,cross river,Calabar Municipal,2024-06-30,603,27,25,1409,7,124,4,3,1021,21,1063,647,578,2024-06-07,Data Clerk
AKS003,Model Primary Health Centre Eket,Akwa Ibom,Eket,2024-04-30,784,15,13,417,2,163,2,1,283,4,340,207,193,2024-05-11,M&E Officer
KAD006,Specialist Hospital Kaduna North II,Kaduna,Kaduna North,2022-09-30,2181,25,20,1596,12,397,2,1,1026,15,1458,899,769,2022-10-21,Data Clerk
NAS010,Teaching Hospital Nasarawa II,Nasarawa,Nasarawa,2022-08-31,2474,119,104,4717,10,661,13,11,3917,65,3817,3265,2842,2022-09-13,Facility Focal Person
NAS012,MISSION HOSPITAL KARU II,Nasarawa,Karu,2022-07-31,739,19,14,1348,4,183,3,2,1108,20,1082,981,894,2022-08-11,Facility Focal Person
FCT013,COTTAGE HOSPITAL GWAGWALADA II,FCT,Gwagwalada,2023-10-31,806,7,5,"1,300",14,196,1,0,835,15,891,685,634,2023-11-21,M&E Officer
KAD009,Model Primary Health Centre Sabon Gari II,Kaduna,Sabon Gari,2023-07-31,624,36,25,833,13,67,2,1,656,14,749,456,376,2023-08-29,Facility Focal Person
LAG008,  COTTAGE HOSPITAL LAGOS ISLAND II ,Lagos,Lagos Island,Jul-2024,155,4,3,720,4,23,0,0,436,9,612,380,347,2024-08-18,M&E Officer
ben008,TEACHING HOSPITAL GBOKO II,Benue,Gboko,Jun-2023,3715,NULL,124,6274,22,815,15,12,4448,86,5516,4560,3896,2023-07-29,Facility Focal Person
NAS999,Model Primary Health Centre Ahoada East,Rivers,Ahoada East,2022-10-31,402,13,12,861,15,89,1,0,727,17,763,547,500,2022-11-13,Facility Focal Person
AKS014,Primary Health Centre Ikono II,Akwa Ibom,Ikono,30/04/2024,242,4,3,609,6,62,0,0,370,5,nil,267,257,2024-05-15,Data Clerk
NAS015,Specialist Hospital Nasarawa II,Nasarawa,Nasarawa,2023-08-31,-35,59,57,3214,8,388,11,10,2922,53,2460,2106,1990,2023-09-15,M&E Officer
LAG014,Cottage Hospital Lagos Island II,Lagos,Lagos Island,2022-08-31,752,nil,6,1951,37,192,2,1,1670,41,1775,1104,1042,2022-09-15,Data Clerk
LAG009,  Mission Hospital Badagry II ,Lagos,Badagry,2023-04-30,482,11,9,2535,32,143,0,0,1570,22,1996,1106,1018,2023-05-16,Facility Focal Person
KAD008,  Model Primary Health Centre Zaria II ,Kaduna,Zaria,2022-04-30,345,14,13,1237,16,81,3,2,1091,14,848,631,532,2022-05-29,M&E Officer
NAS009,Cottage Hospital Akwanga II,Nasarawa,Akwanga,2023-03-31,1081,8,5,476,7,303,2,1,396,1,392,317,278,2023-04-18,Facility Focal Person
AKS014,Primary Health Centre Ikono II,Akwa Ibom,Ikono,2024-10-31,218,13,11,615,7,39,1,0,461,5,567,384,332,2024-11-16,Facility Focal Person
LAG012,Primary Health Centre Alimosho II,Lagos,Alimosho,28/02/2023,255,7,6,631,8,63,2,1,411,10,585,487,473,2023-03-13,Facility Focal Person
NAS009,  Cottage Hospital Akwanga II ,Nasarawa,Akwanga,May-2023,969,8,7,473,7,173,0,0,294,6,426,383,358,2023-06-11,M&E Officer
CRS013,Mission Hospital Ogoja II,Cross River,Ogoja,2022-08-31,209,3,2,865,15,61,2,1,699,6,590,367,315,2022-09-13,M&E Officer
KAD013,Specialist Hospital Zaria II,Kaduna,Zaria,2023-01-31,2046,130,103,"2,139",23,307,11,9,1587,28,1804,1219,1157,2023-02-13,Data Clerk
LAG006,Specialist Hospital Alimosho,Lagos,Alimosho,2023-11-30,562,11,10,"4,696",56,142,3,2,4294,66,3255,2546,2442,2023-12-15,Facility Focal Person
KAD002,Teaching Hospital Kaduna South,Kaduna,Kaduna South,2022-11-30,808,7,6,4283,25,174,2,1,2860,50,3471,2350,2058,2022-12-13,M&E Officer
RIV002,Teaching Hospital Obio/Akpor,Rivers,Obio/Akpor,2024-06-30,2154,31,28,4219,69,259,7,6,2442,53,3735,2077,1779,2024-07-16,M&E Officer
RIV015,Specialist Hospital Khana II,Rivers,Khana,2024-08-31,441,19,17,2189,40,97,4,3,1953,44,1666,1491,1296,2024-09-18,Data Clerk
CRS014,Comprehensive Health Centre Obudu II,Cross River,Obudu,2024-04-30,433,10,9,181,3,77,1,0,130,2,156,133,119,2024-05-13,Data Clerk
CRS006,PRIMARY HEALTH CENTRE CALABAR MUNICIPAL II,Cross River,Calabar Municipal,2022-06-30,656,30,-,"1,282",16,204,5,4,780,14,873,486,453,2022-07-18,M&E Officer
LAG003,Teaching Hospital Badagry,Lagos,Badagry,2023-04-30,2872,116,97,6480,117,897,27,20,3661,64,4756,3076,2625,2023-05-16,Facility Focal Person
KAD003,MISSION HOSPITAL ZARIA,Kaduna,Zaria,2022-08-31,1200,75,64,2575,37,137,3,2,1487,15,2035,1419,1333,2022-09-15,Data Clerk
ben014,Comprehensive Health Centre Gboko II,Benue,Gboko,2023-02-28,452,1,0,842,6,96,0,0,519,6,679,581,541,2023-03-13,M&E Officer
LAG015,Model Primary Health Centre Badagry II,Lagos,Badagry,2024-03-31,N/A,13,12,1082,11,50,1,0,778,18,952,669,639,2024-04-11,M&E Officer
NAS001,Model Primary Health Centre Lafia,Nasarawa,Lafia,2022-02-28,138,2,1,506,5,18,0,0,430,9,367,280,257,2022-03-13,Facility Focal Person
BEN003,General Hospital Otukpo,Benue,Otukpo,2023-10-31,641,20,14,2435,31,80,0,0,1990,30,1774,1494,1326,2023-11-18,M&E Officer
AKS005,Comprehensive Health Centre Oron,Akwa Ibom,Oron,2024-07-31,141,3,2,979,8,20,0,0,692,16,762,510,494,2024-08-13,Data Clerk
CRS003,Specialist Hospital Ogoja,Cross River,Ogoja,2024-11-30,1697,79,55,5032,78,422,9,7,4332,93,4254,2901,2687,2024-12-13,Data Clerk
FCT012,Mission Hospital Bwari II,F.C.T.,Bwari,2023-07-31,1212,57,52,2804,21,313,7,6,1682,35,2592,1913,1797,2023-08-11,Data Clerk
AKS007,Teaching Hospital Ikono,Akwa Ibom,Ikono,2022-02-28,873,12,10,6866,17,191,0,0,4980,89,6206,4625,4432,2022-03-16,M&E Officer
CRS008,Cottage Hospital Ogoja II,Cross River,Ogoja,31/08/2024,704,38,31,2141,26,158,6,4,1627,24,1656,1272,1135,2024-09-16,M&E Officer
LAG099,Cottage Hospital Gwagwalada II,Federal Capital Territory,Gwagwalada,31/07/2023,1105,14,13,1324,11,350,2,1,998,17,1173,784,705,2023-08-13,Facility Focal Person
NAS015,Specialist Hospital Nasarawa II,Nasarawa,Nasarawa,2023-11-30,960,45,37,3222,48,154,6,5,2194,31,2295,1857,1653,2023-12-18,Data Clerk
BEN001,Mission Hospital Makurdi,Benue,Makurdi,2024-11-30,838,7,6,1650,30,128,1,0,1490,27,1129,1015,884,2024-12-16,Data Clerk
CRS007,Model Primary Health Centre Ikom II,Cross River,Ikom,2024-04-30,106,2,1,307,3,16,0,0,232,2,221,146,124,2024-05-16,Facility Focal Person
RIV001,  Model Primary Health Centre Port Harcourt ,Rivers,Port Harcourt,2024-04-30,133,0,0,859,16,17,0,0,597,7,763,715,678,2024-05-29,M&E Officer
LAG011,Cottage Hospital Agege II,Lagos,Agege,2024-06-30,815,13,12,1581,20,98,4,3,1284,25,1159,942,871,2024-07-11,Facility Focal Person
NAS015,Specialist Hospital Nasarawa II,Nasarawa,Nasarawa,2023-10-31,806,46,34,3233,14,188,5,4,2413,51,2401,nil,1527,2023-11-21,M&E Officer
BEN013,  MODEL PRIMARY HEALTH CENTRE MAKURDI II ,Benue,Makurdi,2024-02-29,679,35,29,720,2,163,6,5,598,13,553,309,276,2024-03-21,Data Clerk
NAS009,Cottage Hospital Akwanga II,Nasarawa,Akwanga,Dec-2023,985,5,3,477,8,102,0,0,345,2,441,N/A,320,2024-01-18,M&E Officer
NAS007,GENERAL HOSPITAL KARU II,Nasarawa,Karu,2022-11-30,657,2,1,2428,32,63,0,0,1583,29,1884,1073,903,2022-12-30,M&E Officer
fct007,Specialist Hospital Bwari II,FCT,Bwari,2023-07-31,2426,56,48,4316,78,373,5,4,3816,58,3339,2510,2254,2023-08-21,Data Clerk
KAD011,Primary Health Centre Kaduna North II,Kaduna,Kaduna North,2024-09-30,257,5,3,582,11,nil,1,0,462,9,523,335,306,2024-10-15,Data Clerk
CRS002,Comprehensive Health Centre Ikom,Cross River,Ikom,2024-01-31,116,4,3,246,4,26,1,0,178,3,170,161,157,2024-02-13,M&E Officer
NAS012,Mission Hospital Karu II,Nasarawa,Karu,2022-08-31,651,20,14,1347,15,143,4,3,883,13,1170,741,635,2022-09-18,Data Clerk
NAS014,TEACHING HOSPITAL AKWANGA II,Nasarawa,Akwanga,2022-10-31,1881,74,73,4814,95,204,3,2,3854,74,4202,3416,3287,2022-11-13,M&E Officer
FCT013,Cottage Hospital Gwagwalada II,FCT,Gwagwalada,2024-09-30,851,2,1,1259,9,164,1,0,1141,13,981,547,494,2024-10-11,M&E Officer
RIV003,Comprehensive Health Centre Khana,Rivers,Khana,2022-07-31,267,10,8,1063,9,44,1,0,690,18,976,566,533,2022-08-18,M&E Officer
RIV002,Teaching Hospital Obio/Akpor,rivers ,Obio/Akpor,2022-01-31,971,19,13,4996,24,269,2,1,4704,90,4438,3141,2772,2022-02-16,Facility Focal Person
LAG011,Cottage Hospital Agege II,Lagos,Agege,May-2024,626,13,10,1589,30,177,4,3,1236,29,1215,711,628,2024-06-11,M&E Officer
riv004,Model Primary Health Centre Ahoada East,Rivers,Ahoada East,31/03/2022,388,10,9,878,9,115,0,0,593,6,647,488,473,2022-04-21,Facility Focal Person
CRS015,Model Primary Health Centre Akamkpa II,Cross-River,Akamkpa,2023-12-31,62,2,1,505,3,6,0,0,425,4,461,363,354,2024-01-21,Facility Focal Person
AKS005,Comprehensive Health Centre Oron,Akwa Ibom,Oron,2023-01-31,111,2,1,1188,5,13,0,0,919,25,1072,686,635,2023-02-15,Facility Focal Person
BEN007,Specialist Hospital Makurdi II,Benue,Makurdi,2022-08-31,301,8,6,2280,6,95,1,0,1578 ,24,1864,1521,1333,2022-09-15,M&E Officer
LAG014,Cottage Hospital Lagos Island II,Lagos,Lagos Island,2022-07-31,670,12,10,1982,20,198,4,3,1527,21,1496,1007,893,2022-08-11,Facility Focal Person
CRS002,Comprehensive Health Centre Ikom,Cross River,Ikom,2022-12-31,132,10,7,192,2,31,0,0,163,1,146,116,96,2023-01-21,Data Clerk
LAG014,Cottage Hospital Lagos Island II,Lagos,Lagos Island,2023-12-31,674,3,2,1725,4,118,1,0,992,22,1522,1390,1349,2024-02-15,Facility Focal Person
LAG099,GENERAL HOSPITAL KARU II,Nasarawa,Karu,2022-10-31,579,4,3,2459,38,148,1,0,1459,21,1887,1160,1060,2022-11-18,M&E Officer
LAG004,Comprehensive Health Centre Surulere,Lagos,Surulere,29/02/2024,493,8,5,621,5,71,0,0,444,9,550,365,309,2024-03-18,Data Clerk
AKS009,  Primary Health Centre Ikot Ekpene II ,Akwa Ibom,Ikot Ekpene,2022-06-30,95,4,3,237,3,21,0,0,141,2,218,137,113,2022-07-15,M&E Officer
LAG012,  Primary Health Centre Alimosho II ,Lagos,Alimosho,2023-05-31,177,5,4,635,11,20,2,1,481,8,466,319,304,2023-06-16,Facility Focal Person
AKS003,Model Primary Health Centre Eket,Akwa Ibom,Eket,31/12/2023,568,17,14,385,6,112,3,2,359,6,270,197,180,2024-01-13,Facility Focal Person
NAS002,COTTAGE HOSPITAL KARU,Nasarawa,Karu,2023-04-30,429,1,0,305,4,109,0,0,287,6,nil,223,200,2023-05-16,Facility Focal Person
BEN013,Model Primary Health Centre Makurdi II,Benue,Makurdi,30/06/2022,717,39,30,373,1,191,4,3,308,4,345,258,235,2022-08-15,M&E Officer
AKS007,Teaching Hospital Ikono,Akwa-Ibom,Ikono,2024-01-31,1140,12,11,5481,54,159,0,0,4844,84,3834,3374,2875,2024-02-21,M&E Officer
LAG013,Specialist Hospital Ikorodu II,Lagos,Ikorodu,2024-09-30,2452,98,76,6324,62,467,7,5,4557,84,-,2586,2272,2024-10-29,M&E Officer
FCT013,Cottage Hospital Gwagwalada II,FCT,Gwagwalada,30/11/2023,829,6,5,1291,14,188,0,0,815,15,1170,965,798,2023-12-16,Facility Focal Person
BEN013,Model Primary Health Centre Makurdi II,Benue,Makurdi,Feb-2022,475,14,10,294,4,148,0,0,183,2,258,213,207,2022-03-15,Data Clerk
FCT011,Cottage Hospital AMAC II,Federal Capital Territory,AMAC,Nov-2022,246,15,14,"2,221",30,27,1,0,1830,29,1816,1283,1159,2022-12-15,M&E Officer
LAG013,Specialist Hospital Ikorodu II,Lagos,Ikorodu,Oct-2022,1373,46,44,6087,34,209,5,4,4832,85,4465,3859,3469,2022-11-15,Data Clerk
NAS006,Primary Health Centre Lafia II,Nasarawa,Lafia,2024-03-31,270,11,9,943,14,53,0,0,876,12,839,587,560,2024-04-18,Data Clerk
AKS010,General Hospital Eket II,akwa ibom,Eket,2024-06-30,586,19,14,1592,11,100,0,0,1028,14,1206,940,786,2024-07-18,Facility Focal Person
RIV007,Primary Health Centre Port Harcourt II,Rivers,Port Harcourt,2022-04-30,436,1,0,717,3,109,0,0,549,11,561,316,261,2022-05-11,Facility Focal Person
CRS008,  Cottage Hospital Ogoja II ,Cross River,Ogoja,2024-06-30,814,39,31,2143,42,117,1,0,1763,34,1697,1461,1408,2024-07-11,M&E Officer
CRS005,Teaching Hospital Akamkpa,Cross-River,Akamkpa,2024-02-29,718,18,15,4171,50,95,4,3,3474,65,3636,-,2199,2024-03-21,Data Clerk
CRS003,Specialist Hospital Ogoja,cross river,Ogoja,2022-06-30,1726,58,41,5560,55,409,9,7,3429,59,3979,3282,2871,2022-07-11,Facility Focal Person
XXX999,MODEL PRIMARY HEALTH CENTRE ABAK II,akwa ibom,Abak,2024-10-31,-20,  ,11,709,1,61,1,0,642,14,629,543,486,2024-11-13,Facility Focal Person
FCT006,Mission Hospital AMAC II,FCT,AMAC,2024-02-29,802,23,16,"2,149",14,87,0,0,1691,41,1702,984,883,2024-03-29,Data Clerk
KAD013,Specialist Hospital Zaria II,Kaduna,Zaria,2022-01-31,15700,74,62,1392,20,159,3,2,1138,19,1131,645,597,2022-02-21,M&E Officer
KAD010,Cottage Hospital Chikun II,Kaduna,Chikun,2024-05-31,309,11,8,956,15,85,1,0,598,15,745,674,622,2024-06-16,M&E Officer
BEN015,Primary Health Centre Otukpo II,Benue,Otukpo,2022-10-31,1140,3,2,846,12,36,0,0,661,13,602,468,395,2022-11-11,M&E Officer
ben002,SPECIALIST HOSPITAL GBOKO,Benue,Gboko,2023-01-31,2204,38,36,4670,77,438,4,3,3761,72,3274,2215,2046,2023-02-11,Data Clerk
NAS013,General Hospital Keffi II,Nasarawa,Keffi,2023-02-28,542,22,20,1634,29,111,1,0,1086,14,1376,1295,1081,2023-03-15,M&E Officer
AKS001,Comprehensive Health Centre Uyo,Akwa Ibom,Uyo,2024-06-30,673,3,2,321,2,185,0,0,259,5,230,149,123,2024-08-15,Data Clerk
BEN010,MODEL PRIMARY HEALTH CENTRE OKPOKWU II,Benue,Okpokwu,2024-06-30,481,11,8,709,9,117,3,2,462,4,563,458,438,2024-07-29,M&E Officer
CRS004,Comprehensive Health Centre Obudu,Cross River,Obudu,2023-05-31,267,10,8,459,1,79,1,0,282,6,314,191,173,2023-06-13,Facility Focal Person
RIV009,Mission Hospital Khana II,Rivers,Khana,2024-06-30,584,12,8,775,8,109,0,0,499,8,632,419,354,2024-07-13,Facility Focal Person
NAS003,Cottage Hospital Keffi,Nasarawa,Keffi,2022-12-31,nil,3,2,1739,18,21,0,0,1324,24,1230,716,653,2023-01-16,M&E Officer
AKS005,  Comprehensive Health Centre Oron ,Akwa Ibom,Oron,2024-10-31,136,3,2,946,19,35,0,0,529,9,749,660,625,2024-11-11,Data Clerk
KAD002,Teaching Hospital Kaduna South,Kaduna,Kaduna South,2022-10-31,1168,16,15,4302,53,140,2,1,3682,64,3142,2448,2032,2022-11-22,Data Clerk
LAG008,Cottage Hospital Lagos Island II,Lagos,Lagos Island,2022-09-30,135,5,3,851,11,19,1,0,545,8,633,510,460,2022-10-13,Data Clerk
FCT003,Specialist Hospital Gwagwalada,F.C.T.,Gwagwalada,2022-09-30,505,6,5,6358,16,152,0,0,4789,71,4756,3992,3543,2022-10-11,Facility Focal Person
TMP001,  General Hospital Sabon Gari II ,Kaduna,Sabon Gari,31/05/2024,260,11,8,2219,37,29,0,0,1446,31,2044,1579,1461,2024-06-13,Data Clerk
RIV012,PRIMARY HEALTH CENTRE ELEME II,Rivers,Eleme,Jan-2024,527,13,9,995,3,130,3,2,793,12,750,492,415,2024-02-11,Data Clerk
NAS999,General Hospital Otukpo,Benue,Otukpo,31/12/2024,524,24,21,2311,4,80,0,0,1643,22,1922,1512,NULL,2025-01-11,M&E Officer
FCT015,Comprehensive Health Centre Abaji II,FCT,Abaji,2023-06-30,118,3,2,784,2,32,2,1,738,14,625,384,360,2023-07-21,Data Clerk
CRS001,MODEL PRIMARY HEALTH CENTRE CALABAR MUNICIPAL,Cross River,Calabar Municipal,2023-08-31,221,16,13,690,1,50,2,1,602,14,494,418,357,2023-09-16,M&E Officer
AKS003,Model Primary Health Centre Eket,Akwa-Ibom,Eket,2022-02-28,433,6,4,130,2,133,1,0,96,1,112,76,73,2022-03-15,Facility Focal Person
aks013,Model Primary Health Centre Abak II,Akwa Ibom,Abak,2023-02-28,481,16,13,576,1,119,1,0,401,5,534,502,414,2023-03-18,Data Clerk
BEN010,MODEL PRIMARY HEALTH CENTRE OKPOKWU II,Benue,Okpokwu,2024-04-30,484,3,2,710,13,91,0,0,481,9,644,431,392,2024-05-13,M&E Officer
BEN002,Specialist Hospital Gboko,Benue,Gboko,2022-08-31,2137,40,28,4881,62,609,6,5,4075,88,4373,3620,3423,2022-09-13,Facility Focal Person
LAG014,COTTAGE HOSPITAL LAGOS ISLAND II,Lagos,Lagos Island,2023-08-31,835,14,11,1791,14,112,1,0,1506,32,1458,1372,1296,2023-09-21,Data Clerk
LAG005,  Mission Hospital Agege ,Lagos,Agege,2023-08-31,1126,35,32,1696,5,  ,7,5,1501,34,1240,1075,976,2023-09-15,Facility Focal Person
AKS001,Comprehensive Health Centre Uyo,Akwa Ibom,Uyo,Jul-2024,733,8,6,323,4,78,0,0,194,4,227,nil,164,2024-09-15,Data Clerk
CRS010,Comprehensive Health Centre Akamkpa II,Cross-River,Akamkpa,2024-12-31,N/A,2,1,331,2,8,0,0,220,4,263,237,215,2025-01-15,Facility Focal Person
BEN007,SPECIALIST HOSPITAL MAKURDI II,Benue,Makurdi,2024-06-30,348,5,3,1844,4,105,0,0,1164,21,1636,1102,938,2024-07-13,Facility Focal Person
KAD012,Comprehensive Health Centre Kaduna South II,Kaduna,Kaduna South,2023-02-28,375,6,4,641,10,68,1,0,381,5,486,356,296,2023-03-15,M&E Officer
RIV015,Specialist Hospital Khana II,RIVERS,Khana,2022-01-31,293,20,15,2512,21,65,2,1,1384,30,2255,1845,1584,2022-02-11,M&E Officer
AKS002,General Hospital Ikot Ekpene,AKWA IBOM,Ikot Ekpene,2023-05-31,296,5,4,622,7,91,1,0,517,13,561,315,270,2023-06-13,M&E Officer
aks012,Cottage Hospital Oron II,Akwa Ibom,Oron,2022-07-31,881,42,35,511,2,-,1,0,447,6,466,345,312,2022-08-29,M&E Officer
FCT003,Specialist Hospital Gwagwalada,Federal Capital Territory,Gwagwalada,2023-11-30,483,12,8,5456,69,112,2,1,3449,48,4797,3939,3502,2023-12-16,Data Clerk
LAG010,Primary Health Centre Surulere II,Lagos,Surulere,2023-11-30,467,12,11,955,11,73,0,0,789,12,741,597,531,2023-12-13,Data Clerk
AKS013,Model Primary Health Centre Abak II,Akwa Ibom,Abak,2022-05-31,514,21,17,522,5,153,5,4,433,11,435,252,236,2022-06-15,M&E Officer
BEN010,Model Primary Health Centre Okpokwu II,Benue,Okpokwu,2023-08-31,340,2,1,744,4,74,2,1,612,3,544,469,458,2023-09-21,Data Clerk
NAS011,Mission Hospital Lafia II,Nasarawa,Lafia,2024-08-31,1555,15,14,2405,10,237,1,0,1341,28,1875,1579,1385,2024-09-21,Facility Focal Person
CRS004,Comprehensive Health Centre Obudu,Cross-River,Obudu,Jan-2024,123,0,0,455,1,nil,0,0,332,7,313,213,205,2024-02-15,Facility Focal Person
CRS004,Comprehensive Health Centre Obudu,Cross River,Obudu,2023-08-31,210,3,2,459,6,31,1,0,315,4,366,265,233,2023-09-16,M&E Officer
RIV001,Model Primary Health Centre Port Harcourt,Rivers,Port Harcourt,2024-01-31,51,1,0,894,4,10,0,0,559,633,733,413,381,2024-02-18,Facility Focal Person
LAG005,MISSION HOSPITAL AGEGE,Lagos,Agege,2022-06-30,1107,nil,32,1531,3,177,5,4,884,18,1408,1069,970,2022-07-21,Facility Focal Person
NAS004,  Cottage Hospital Akwanga ,Nasarawa,Akwanga,2022-04-30,269,11,7,428,2,85,1,0,378 ,7,295,249,220,2022-05-16,M&E Officer
FCT006,  Mission Hospital AMAC II ,FCT,AMAC,30/11/2022,545,21,20,2289,35,121,3,2,1794,27,1954,1236,1210,2023-01-15,M&E Officer
AKS001,Comprehensive Health Centre Uyo,Akwa Ibom,Uyo,2024-03-31,576,6,4,322,3,-,2,1,266,9,256,188,167,2024-04-18,Data Clerk
BEN012,Cottage Hospital Vandeikya II,Benue,Vandeikya,2022-05-31,512,5,4,480,4,76,1,0,374,4,389,309,266,2022-06-16,M&E Officer
BEN015,Primary Health Centre Otukpo II,Benue,Otukpo,Feb-2023,94,3,2,816,15,25,0,0,574,7,670,466,443,2023-03-13,M&E Officer
aks006,PRIMARY HEALTH CENTRE ABAK,Akwa Ibom,Abak,2024-11-30,431,17,12,520,5,44,0,0,351,4,360,264,257,2024-12-21,M&E Officer
AKS013,Model Primary Health Centre Abak II,Akwa Ibom,Abak,2023-07-31,448,19,16,610,2,46,1,0,560,2,534,506,429,2023-08-21,Facility Focal Person
FCT009,Model Primary Health Centre Kuje II,FCT,Kuje,2023-05-31,198,9,6,457,6,39,1,0,431,9,414,255,247,2023-06-15,Facility Focal Person
LAG003,Teaching Hospital Badagry,Lagos,Badagry,2023-06-30,3303,126,107,6575,33,943,17,16,3700,68,4931,3443,3336,2023-07-18,Facility Focal Person
FCT001,Mission Hospital AMAC,FCT,AMAC,2023-07-31,1199,12,11,1270,11,246,0,0,902,14,1069,783,660,2023-08-11,Facility Focal Person
FCT011,Cottage Hospital AMAC II,FCT,AMAC,31/05/2022,360,15,12,2340,15,79,2,1,1557,27,1816,1618,1415,2022-06-13,Data Clerk
AKS006,Primary Health Centre Abak,Akwa Ibom,Abak,2022-04-30,414,11,10,232,1,72,0,0,206,3,160,148,136,2022-05-11,M&E Officer
KAD014,General Hospital Sabon Gari II,Kaduna,Sabon Gari,2022-01-31,202,9,  ,2886,12,56,2,1,2679,58,2195,1440,1320,2022-02-11,M&E Officer
KAD006,SPECIALIST HOSPITAL KADUNA NORTH II,Kaduna,Kaduna North,Feb-2023,,24,23,1611,14,510,4,3,1150,19,1288,957,898,2023-03-13,Data Clerk
BEN003,General Hospital Otukpo,Benue,Otukpo,2022-06-30,628,26,20,2588,24,122,5,4,2225,50,2403,2158,1897,2022-07-16,Data Clerk
AKS009,Primary Health Centre Ikot Ekpene II,Akwa Ibom,Ikot Ekpene,31/10/2024,102,4,3,235,1,23,1,0,145,2,200,122,117,2024-11-29,Facility Focal Person
CRS012,MODEL PRIMARY HEALTH CENTRE IKOM II,Cross River,Ikom,2023-09-30,455,3,2,775,14,143,1,0,671,14,531,345,317,2023-10-13,Facility Focal Person
KAD007,Model Primary Health Centre Kaduna South II,Kaduna,Kaduna South,2023-02-28,188,11,8,1126,7,22,1,0,915,16,904,584,487,2023-03-13,Data Clerk
riv004,Model Primary Health Centre Ahoada East,Rivers,Ahoada East,2022-08-31,345,6,5,874,4,71,1,0,721,18,687,564,533,2022-09-11,Data Clerk
riv012,PRIMARY HEALTH CENTRE ELEME II,Rivers,Eleme,29/02/2024,504,19,16,1005,6,159,1,0,726,17,743,550,531,2024-03-13,Facility Focal Person
NAS015,SPECIALIST HOSPITAL NASARAWA II,Nasarawa,Nasarawa,2024-04-30,1270,47,41,3262,32,224,9,8,2098,44,2516,1559,1356,2024-05-18,Data Clerk
LAG003,Teaching Hospital Badagry,Lagos,Badagry,Mar-2023,2968,149,138,6500,33,NULL,19,14,3647,51,5804,4707,4182,2023-04-15,Data Clerk
KAD010,Cottage Hospital Chikun II,Kaduna,Chikun,31/07/2023,308,17,16,967,7,31,1,0,822,21,804,604,551,2023-08-16,M&E Officer
KAD009,Model Primary Health Centre Sabon Gari II,Kaduna,Sabon Gari,2024-06-30,716,32,28,944,12,97,4,3,693,10,665,414,361,2024-07-13,M&E Officer
CRS013,  Mission Hospital Ogoja II ,Cross River,Ogoja,Sep-2024,275,4,,734,9,70,0,0,457,12,566,388,353,2024-10-21,Facility Focal Person
NAS999,Mission Hospital Uyo II,Akwa Ibom,Uyo,2023-12-31,798,36,29,2441,48,112,3,2,1459,25,2050,1558,1426,2024-01-29,Data Clerk
BEN004,General Hospital Okpokwu,Benue,Okpokwu,2022-05-31,1147,9,8,368,2,272,1,0,243,5,283,-,231,2022-07-16,M&E Officer
AKS004,Comprehensive Health Centre Etinan,akwa ibom,Etinan,2023-03-31,234,8,7,968,4,59,1,0,726,10,816,649,598,2023-04-18,M&E Officer
CRS003,SPECIALIST HOSPITAL OGOJA,cross river,Ogoja,2024-06-30,1945,62,46,5101,77,537,8,6,4325,67,4671,3864,3305,2024-07-11,M&E Officer
FCT007,SPECIALIST HOSPITAL BWARI II,FCT,Bwari,2022-07-31,2077,56,55,4466,82,600,4,3,3785,68,3045,2422,2259,2022-08-13,M&E Officer
AKS002,General Hospital Ikot Ekpene,Akwa Ibom,Ikot Ekpene,2022-09-30,210,2,1,656,12,34,0,0,399,7,600,537,521,2022-10-15,Data Clerk
AKS009,PRIMARY HEALTH CENTRE IKOT EKPENE II,Akwa Ibom,Ikot Ekpene,Feb-2022,69,NULL,3,242,0,9,0,0,176,2,186,129,110,2022-03-15,M&E Officer
FCT010,Model Primary Health Centre Abaji II,FCT,Abaji,2023-07-31,539,9,8,378,4,109,2,1,341,10,300,193,176,2023-09-15,M&E Officer
KAD010,COTTAGE HOSPITAL CHIKUN II,Kaduna,Chikun,Sep-2022,224,12,8,948,7,59,2,1,881,13,727,558,468,2022-10-15,M&E Officer
LAG005,MISSION HOSPITAL AGEGE,Lagos,Agege,31/03/2024,1367,41,30,1785,3,436,7,5,1003,14,1230,1029,980,2024-04-18,Facility Focal Person
BEN004,General Hospital Okpokwu,Benue,Okpokwu,Jan-2022,575,4,3,351,5,109,0,0,276,4,325,258,242,2022-02-15,Facility Focal Person
AKS010,General Hospital Eket II,Akwa Ibom,Eket,31/07/2024,760,8,7,1574,25,134,1,0,1384,32,1412,947,919,2024-08-15,M&E Officer
LAG006,Specialist Hospital Alimosho,Lagos,Alimosho,2023-01-31,652,14,13,5126,35,205,3,2,3935,81,3838,2873,2679,2023-02-15,Data Clerk
NAS006,PRIMARY HEALTH CENTRE LAFIA II,Nasarawa,Lafia,Mar-2022,195,11,8,1041,6,59,3,2,608,13,892,636,579,2022-04-11,Data Clerk
BEN015,Primary Health Centre Otukpo II,Benue,Otukpo,30/09/2023,139,2,1,766,10,41,1,0,676,10,566,529,504,2023-10-11,M&E Officer
LAG014,COTTAGE HOSPITAL LAGOS ISLAND II,Lagos,Lagos Island,Mar-2023,701,6,5,1857,14,75,1,0,1713,25,1441,1199,1141,2023-04-13,M&E Officer
FCT004,Model Primary Health Centre Kuje,FCT,Kuje,31/08/2023,348,19,16,1302,15,39,0,0,1068,12,985,800,689,2023-09-18,M&E Officer
NAS003,Cottage Hospital Keffi,Nasarawa,Keffi,31/05/2024,337,6,4,1490,23,62,0,0,920,18,1364,863,791,2024-06-11,Data Clerk
NAS999,Specialist Hospital Makurdi II,Benue,Makurdi,Feb-2022,253,5,4,2386,45,78,1,0,1667,41,1924,1298,1170,2022-03-18,M&E Officer
AKS015,  Mission Hospital Uyo II ,Akwa Ibom,Uyo,2024-07-31,841,25,22,2422,17,106,2,1,1451,30,1665,1480,1331,2024-08-11,M&E Officer
NAS015,Specialist Hospital Nasarawa II,Nasarawa,Nasarawa,2024-09-30,1224,79,67,3389,25,248,12,9,2604,52,3001,2209,1901,2024-10-13,M&E Officer
LAG013,Specialist Hospital Ikorodu II,Lagos,Ikorodu,2023-08-31,2388,115,109,6071,97,493,17,15,5123,84,4918,4025,3905,2023-09-15,M&E Officer
BEN013,Model Primary Health Centre Makurdi II,Benue,Makurdi,31/05/2024,638,30,24,763,6,156,2,1,699,12,530,397,387,2024-06-15,M&E Officer
LAG099,  Mission Hospital AMAC ,FCT,AMAC,Dec-2023,832,12,9,1216,23,249,0,0,838,18,932,657,622,2024-01-21,M&E Officer
KAD005,Cottage Hospital Chikun,Kaduna,Chikun,2024-02-29,495,6,4,364,7,85,2,1,219,3,284,187,162,2024-03-13,Facility Focal Person
AKS008,Primary Health Centre Uyo II,akwa ibom,Uyo,2022-05-31,71,0,0,83,0,9,0,0,66,0,74,64,60,2022-06-13,M&E Officer
CRS004,Comprehensive Health Centre Obudu,Cross River,Obudu,31/03/2024,261,3,2,451,5,77,0,0,279,6,330,270,226,2024-04-21,M&E Officer
lag015,  MODEL PRIMARY HEALTH CENTRE BADAGRY II ,Lagos,Badagry,2024-05-31,337,12,9,1078,15,60,0,0,886,22,870,495,473,2024-06-16,M&E Officer
LAG014,Cottage Hospital Lagos Island II,Lagos,Lagos Island,2023-01-31,526,16,12,1886,8,105,1,0,1165,22,1732,960,907,2023-02-21,Data Clerk
BEN015,Primary Health Centre Otukpo II,Benue,Otukpo,2024-07-31,212,4,3,736,14,45,0,0,536,10,680,426,379,2024-08-18,Data Clerk
FCT013,Cottage Hospital Gwagwalada II,FCT,Gwagwalada,2023-08-31,973,7,5,"1,321",8,226,0,0,938,22,1174,712,600,2023-09-13,Data Clerk
RIV003,Comprehensive Health Centre Khana,Rivers,Khana,Dec-2024,352,15,14,1075,19,109,4,3,645,10,984,800,661,2025-01-11,Data Clerk
BEN012,Cottage Hospital Vandeikya II,Benue,Vandeikya,2024-02-29,614,6,4,460,2,86,0,0,426,8,327,250,208,2024-03-13,M&E Officer
FCT004,Model Primary Health Centre Kuje,FCT,Kuje,2023-01-31,225,14,12,1305,11,47,2,1,1162,14,1000,937,813,2023-02-18,Facility Focal Person
NAS010,Teaching Hospital Nasarawa II,Nasarawa,Nasarawa,2022-09-30,2246,77,55,4701,71,  ,9,8,3060,50,4028,3640,3078,2022-10-18,M&E Officer
BEN012,Cottage Hospital Vandeikya II,Benue,Vandeikya,2024-06-30,794,9,8,462,3,214,0,0,316,5,372,268,228,2024-07-15,Facility Focal Person
CRS012,Model Primary Health Centre Ikom II,Cross River,Ikom,2024-03-31,485,7,6,761,11,101,2,1,587,7,678,610,518,2024-04-21,Data Clerk
CRS005,Teaching Hospital Akamkpa,Cross River,Akamkpa,2024-04-30,1048,42,40,4175,33,233,4,3,3398 ,69,3364,2295,2189,2024-05-11,Data Clerk
CRS006,Primary Health Centre Calabar Municipal II,Cross River,Calabar Municipal,2023-08-31,444,9,8,1349,5,47,0,0,918,26,1068,971,905,2023-09-13,M&E Officer
AKS009,Primary Health Centre Ikot Ekpene II,Akwa Ibom,Ikot Ekpene,30/04/2022,80,1,0,240,4,13,0,0,181,4,205,131,119,2022-05-13,Facility Focal Person
XXX999,Primary Health Centre Alimosho II,Lagos,Alimosho,2023-11-30,172,5,4,643,7,35,1,0,537,13,480,315,273,2023-12-11,M&E Officer
ben005,Model Primary Health Centre Katsina-Ala,Benue,Katsina-Ala,2023-02-28,431,16,13,476,3,96,3,2,446,7,400,321,301,2023-03-11,M&E Officer
LAG006,Specialist Hospital Alimosho,Lagos,Alimosho,2024-10-31,905,15,NULL,4439,57,237,5,3,3129,66,3389,3188,2863,2024-11-15,Facility Focal Person
FCT006,  Mission Hospital AMAC II ,fct,AMAC,2023-10-31,867,26,24,2188,20,106,4,3,1619,27,1907,1468,1262,2023-11-13,Data Clerk
KAD003,Mission Hospital Zaria,Kaduna,Zaria,2024-07-31,1596,79,67,2958,7,368,7,5,2669,53,2313,2106,1875,2024-08-16,M&E Officer
LAG007,PRIMARY HEALTH CENTRE IKORODU II,Lagos,Ikorodu,2024-07-31,460,23,21,631,6,114,2,1,454,7,524,422,353,2024-08-13,M&E Officer
RIV004,Model Primary Health Centre Ahoada East,rivers ,Ahoada East,2023-09-30,459,12,10,850,13,56,0,0,701,11,779,559,490,2023-10-11,Facility Focal Person
FCT009,  Model Primary Health Centre Kuje II ,FCT,Kuje,2022-08-31,151,6,5,442,4,36,1,0,321,7,357,207,180,2022-10-16,M&E Officer
AKS008,Primary Health Centre Uyo II,Akwa Ibom,Uyo,31/12/2022,76,2,1,86,1,22,1,0,74,0,73,64,55,2023-01-11,M&E Officer
FCT015,Comprehensive Health Centre Abaji II,FCT,Abaji,2023-07-31,126,6,4,775,13,16,3,2,478,5,598,333,287,2023-08-16,M&E Officer
NAS999,General Hospital Okpokwu,Benue,Okpokwu,2022-02-28,804,6,5,355,1,160,0,0,nil,6,307,203,176,2022-03-18,Data Clerk
CRS003,Specialist Hospital Ogoja,cross river,Ogoja,2022-07-31,1327,58,52,5532,80,162,2,1,3896,66,4035,3826,3160,2022-08-21,Data Clerk
FCT006,Mission Hospital AMAC II,FCT,AMAC,2022-10-31,682,19,14,2304,27,130,3,2,2095,42,1892,1797,1503,2022-11-16,M&E Officer
RIV006,Cottage Hospital Eleme,Rivers,Eleme,2023-02-28,863,44,41,2525,32,113,6,5,1909,40,1800,1697,1662,2023-03-13,Data Clerk
AKS002,General Hospital Ikot Ekpene,Akwa Ibom,Ikot Ekpene,30/09/2023,300,2,1,601,9,60,2,1,446,6,554,412,392,2023-10-18,Data Clerk
FCT013,Cottage Hospital Gwagwalada II,F.C.T.,Gwagwalada,31/08/2024,1126,10,8,1267,3,195,0,0,1065,17,862,625,545,2024-09-13,M&E Officer
FCT015,Comprehensive Health Centre Abaji II,F.C.T.,Abaji,2024-08-31,127,6,4,753,2,29,1,0,648,9,554,461,NULL,2024-09-13,Data Clerk
FCT005,Primary Health Centre Abaji,fct,Abaji,2023-12-31,471,7,6,535,8,143,6,5,490,10,442,314,258,2024-02-15,Data Clerk
FCT004,Model Primary Health Centre Kuje,fct,Kuje,2022-05-31,323,18,15,1348,17,45,1,0,1129,23,1212,1080,1016,2022-06-16,Data Clerk
RIV004,Model Primary Health Centre Ahoada East,Rivers,Ahoada East,2024-09-30,399,12,8,855,2,66,1,0,540 ,10,616,530,474,2024-10-13,M&E Officer
BEN005,Model Primary Health Centre Katsina-Ala,Benue,Katsina-Ala,2022-12-31,432,15,14,462,7,NULL,1,0,296,2,424,335,314,2023-01-18,Facility Focal Person
AKS006,Primary Health Centre Abak,AKWA IBOM,Abak,2023-12-31,516,17,15,419,1,114,0,0,,5,296,198,254,2024-01-15,M&E Officer
lag005,Mission Hospital Agege,Lagos,Agege,2024-01-31,1207,34,23,1770,16,221,4,3,1357,22,1634,1512,1369,2024-02-21,Facility Focal Person
NAS999,Primary Health Centre Lafia II,Nasarawa,Lafia,31/07/2023,342,3,2,968,6,38,0,0,NULL,6,838,504,467,2023-08-11,Data Clerk
BEN007,Specialist Hospital Makurdi II,Benue,Makurdi,Jan-2022,196,3,2,2427,10,47,1,0,1451,28,1946,1104,1007,2022-02-11,Data Clerk
RIV008,Teaching Hospital Obio/Akpor II,RIVERS,Obio/Akpor,2023-06-30,1915,71,63,4050,35,345,8,6,2266,35,3139,2293,1945,2023-07-16,Data Clerk
BEN015,PRIMARY HEALTH CENTRE OTUKPO II,Benue,Otukpo,2024-06-30,203,9,7,747,10,40,2,1,526,8,N/A,380,350,2024-07-13,Facility Focal Person
LAG004,Comprehensive Health Centre Surulere,Lagos,Surulere,Apr-2024,512,8,6,615,5,57,0,0,351,7,509,420,357,2024-05-15,M&E Officer
NAS011,Mission Hospital Lafia II,Nasarawa,Lafia,2022-12-31,934,10,8,2688,22,213,2,1,1571,28,2095,1954,1688,2023-01-21,Facility Focal Person
RIV004,Model Primary Health Centre Ahoada East,Rivers,Ahoada East,2024-11-30,405,11,7,853,15,57,1,0,698,11,727,579,644,2024-12-11,Facility Focal Person
NAS011,MISSION HOSPITAL LAFIA II,Nasarawa,Lafia,Jul-2023,1356,19,13,2601,5,383,4,3,1695,30,NULL,1456,1411,2023-08-16,M&E Officer
KAD001,Model Primary Health Centre Kaduna North,Kaduna,Kaduna North,2024-09-30,221,11,9,741,14,39,1,0,466,6,672,474,461,2024-10-11,Data Clerk
FCT008,TEACHING HOSPITAL GWAGWALADA II,FCT,Gwagwalada,2024-08-31,1083,56,53,4744,51,338,6,5,3996,66,4019,NULL,2223,2024-09-15,Data Clerk
BEN006,Primary Health Centre Vandeikya,Benue,Vandeikya,31/05/2022,228,10,9,315,3,72,3,2,283,4,238,134,113,2022-06-16,M&E Officer
AKS004,Comprehensive Health Centre Etinan,Akwa Ibom,Etinan,2022-06-30,191,9,7,988,9,-,0,0,583,9,798,718,676,2022-07-11,M&E Officer
KAD004,Specialist Hospital Sabon Gari,Kaduna,Sabon Gari,2024-03-31,3176,194,139,"5,052",24,526,18,17,2788,43,3485,2389,2144,2024-04-15,Data Clerk
AKS008,Primary Health Centre Uyo II,Akwa Ibom,Uyo,2024-11-30,86,1,0,94,0,15,0,0,88,3,65,39,37,2024-12-11,M&E Officer
BEN004,General Hospital Okpokwu,Benue,Okpokwu,2024-05-31,1131,4,3,405,3,295,1,0,316,3,308,256,222,2024-06-15,M&E Officer
BEN006,Primary Health Centre Vandeikya,Benue,Vandeikya,31/01/2023,242,12,9,330,4,34,3,2,264,6,272,242,232,2023-02-18,M&E Officer
BEN007,Specialist Hospital Makurdi II,Benue,Makurdi,2022-11-30,238,7,6,2195,35,56,1,0,2072,20,1690,1540,1355,2022-12-13,Data Clerk
AKS001,Comprehensive Health Centre Uyo,Akwa Ibom,Uyo,2023-01-31,547,3,2,307,6,156,0,0,N/A,3,262,225,203,2023-02-11,Facility Focal Person
NAS002,Cottage Hospital Karu,Nasarawa,Karu,2024-05-31,508,7,5,301,4,77,0,0,231,3,257,170,141,2024-06-29,M&E Officer
KAD006,Specialist Hospital Kaduna North II,Kaduna,Kaduna North,2022-12-31,1565,33,27,1590,23,194,259,2,890,18,1256,727,701,2022-12-10,Facility Focal Person
AKS009,Primary Health Centre Ikot Ekpene II,Akwa Ibom,Ikot Ekpene,2024-11-30,93,3,2,235,2,21,0,0,192,5,216,153,125,2024-12-13,M&E Officer
RIV008,TEACHING HOSPITAL OBIO/AKPOR II,Rivers,Obio/Akpor,2023-02-28,1389,45,43,"4,017",48,305,5,4,3508,61,2962,2575,2206,2023-03-13,M&E Officer
KAD010,Cottage Hospital Chikun II,Kaduna,Chikun,2022-06-30,243,12,8,951,11,39,1,0,718,11,801,695,654,2022-07-21,Facility Focal Person
RIV014,Cottage Hospital Obio/Akpor II,Rivers,Obio/Akpor,31/08/2023,1211,15,12,648,3,301,2,1,491,10,463,335,306,2023-09-21,Data Clerk
CRS004,Comprehensive Health Centre Obudu,Cross River,Obudu,2022-06-30,247,8,7,467,6,49,2,1,402,5,338,193,184,2022-07-15,Data Clerk
BEN011,MODEL PRIMARY HEALTH CENTRE KATSINA-ALA II,Benue,Katsina-Ala,2022-01-31,,7,6,298,5,50,1,0,173,4,222,169,139,2022-02-13,Data Clerk
RIV006,Cottage Hospital Eleme,Rivers,Eleme,2023-05-31,1122,39,37,2497,48,272,4,3,1977,37,1729,1415,1176,2023-06-15,Facility Focal Person
BEN001,MISSION HOSPITAL MAKURDI,Benue,Makurdi,Mar-2024,997,6,5,1774,5,280,2,1,1229,16,1618,1163,976,2024-04-18,M&E Officer
CRS009,Comprehensive Health Centre Obudu II,Cross River,Obudu,2023-01-31,479,22,15,821,4,109,1,0,505,12,562,309,255,2023-02-18,Data Clerk
KAD013,SPECIALIST HOSPITAL ZARIA II,Kaduna,Zaria,2024-06-30,2755,122,105,3025,31,332,10,8,2530,49,2561,2043,1894,2024-07-15,Data Clerk
LAG099,Teaching Hospital Badagry,Lagos,Badagry,Jul-2024,4195,172,152,6866,60,1332,40,35,6094,87,6041,4930,4117,2024-08-29,M&E Officer
FCT001,MISSION HOSPITAL AMAC,Federal Capital Territory,AMAC,2023-09-30,911,10,8,1251,10,130,1,0,866,11,1048,625,601,2023-10-16,Data Clerk
FCT013,Cottage Hospital Gwagwalada II,FCT,Gwagwalada,2022-09-30,928,10,8,1389,24,292,1,0,1210,24,983,628,611,2022-10-11,Data Clerk
LAG009,Mission Hospital Badagry II,Lagos,Badagry,2022-01-31,300,7,6,2887,28,48,0,0,2513,51,2196,1275,1217,2022-02-13,M&E Officer
CRS013,Mission Hospital Ogoja II,Cross River,Ogoja,2024-05-31,254,308,5,755,14,73,1,0,620,11,691,584,555,2024-06-11,Facility Focal Person
CRS009,COMPREHENSIVE HEALTH CENTRE OBUDU II,Cross River,Obudu,28/02/2023,343,12,9,817,13,96,1,0,682,8,  ,427,354,2023-03-21,Data Clerk
LAG001,Primary Health Centre Ikorodu,Lagos,Ikorodu,31/08/2024,507,8,6,403,5,98,0,0,379,8,352,315,282,2024-09-29,Data Clerk
RIV015,  Specialist Hospital Khana II ,Rivers,Khana,31/01/2024,433,22,18,2311,16,83,3,2,2034,39,1738,1468,1326,2024-02-11,Facility Focal Person
BEN006,  Primary Health Centre Vandeikya ,Benue,Vandeikya,31/08/2023,213,1,0,337,5,51,1,0,290,8,258,207,175,2023-09-20,M&E Officer
CRS005,Teaching Hospital Akamkpa,Cross River,Akamkpa,Nov-2023,753,31,22,4245,27,97,5,4,2717,41,3499,2815,2641,2023-12-21,M&E Officer
KAD008,Model Primary Health Centre Zaria II,Kaduna,Zaria,31/05/2023,415,11,8,"1,190",17,69,1,0,966,19,1001,707,594,2023-06-13,Data Clerk
fct015,COMPREHENSIVE HEALTH CENTRE ABAJI II,FCT,Abaji,30/04/2022,113,7,6,879,11,21,38,0,515 ,11,784,,622,2022-05-29,M&E Officer
CRS014,Comprehensive Health Centre Obudu II,Cross River,Obudu,2024-06-30,374,6,4,191,2,95,1,0,159,3,171,143,124,2024-07-13,M&E Officer
CRS007,  Model Primary Health Centre Ikom II ,Cross River,Ikom,Jun-2023,120,2,1,300,3,36,0,0,274,2,231,209,196,2023-07-18,Facility Focal Person
KAD011,Primary Health Centre Kaduna North II,Kaduna,Kaduna North,2023-02-28,218,6,4,555,5,36,0,0,330,5,421,252,211,2023-03-16,Data Clerk
NAS015,Specialist Hospital Nasarawa II,Nasarawa,Nasarawa,Apr-2023,1037,62,50,3168,63,267,13,10,1794,34,2921,2418,1991,2023-05-11,M&E Officer
KAD013,SPECIALIST HOSPITAL ZARIA II,Kaduna,Zaria,2022-03-31,1365,48,34,1439,22,175,6,5,1280,26,1082,689,627,2022-04-15,Data Clerk
CRS005,Teaching Hospital Akamkpa,Cross River,Akamkpa,2022-06-30,1177,46,39,4586,22,313,6,5,2578,49,3605,2865,2362,2022-07-18,Facility Focal Person
RIV005,MISSION HOSPITAL DEGEMA,RIVERS,Degema,2022-07-31,164,7,5,1498,8,27,1,0,1181,21,1057,615,595,2022-08-16,M&E Officer
BEN007,SPECIALIST HOSPITAL MAKURDI II,Benue,Makurdi,2022-04-30,280,2,  ,2348,9,42,0,0,2107,40,2026,1288,1228,2022-05-29,Facility Focal Person
nas002,Cottage Hospital Karu,Nasarawa,Karu,2023-07-31,618,7,5,305,4,159,1,0,181,5,264,201,170,2023-08-13,M&E Officer
CRS015,Model Primary Health Centre Akamkpa II,Cross River,Akamkpa,May-2023,89,1,0,546,1,12,0,0,497,5,481,410,356,2023-06-21,Facility Focal Person
NAS014,TEACHING HOSPITAL AKWANGA II,Nasarawa,Akwanga,Apr-2023,NULL,62,60,4804,43,313,5,3,3369,58,3889,3128,2944,2023-05-15,Facility Focal Person
BEN015,Primary Health Centre Otukpo II,Benue,Otukpo,2022-11-30,144,2,1,843,4,28,1,0,550,12,575,359,349,2022-12-11,Data Clerk
LAG010,Primary Health Centre Surulere II,Lagos,Surulere,2024-09-30,518,13,10,994,2,112,2,1,790,7,806,568,491,2024-10-11,M&E Officer
fct004,Model Primary Health Centre Kuje,FCT,Kuje,2024-06-30,371,14,9,"1,249",22,103,2,1,758,19,1022,870,838,2024-07-16,M&E Officer
NAS014,Teaching Hospital Akwanga II,Nasarawa,Akwanga,2023-02-28,2554,2625,57,4750,82,435,6,5,3722,65,3324,1921,1589,2023-03-16,M&E Officer
CRS011,Comprehensive Health Centre Calabar Municipal II,Cross River,Calabar Municipal,2023-12-31,248,4,3,481,3,64,0,0,332,3,361,232,214,2024-01-21,Facility Focal Person
KAD006,Specialist Hospital Kaduna North II,Kaduna,Kaduna North,2024-04-30,2244,47,44,1687,29,464,4,3,1434,18,1564,1309,1195,2024-05-21,Data Clerk
KAD005,Cottage Hospital Chikun,Kaduna,Chikun,2023-09-30,606,16,14,355,2,75,0,0,258,3,278,240,233,2023-10-11,M&E Officer
XXX999,Cottage Hospital Oron II,Akwa Ibom,Oron,2023-09-30,1078,55,39,975,3,282,7,5,784,12,864,713,671,2023-10-11,Data Clerk
NAS002,Cottage Hospital Karu,Nasarawa,Karu,2022-05-31,463,9,7,317,3,65,0,0,259,4,242,165,147,2022-06-11,M&E Officer
BEN002,SPECIALIST HOSPITAL GBOKO,Benue,Gboko,31/05/2024,3188,59,46,4373,81,966,8,7,3107,61,3901,3224,3017,2024-06-11,M&E Officer
AKS007,Teaching Hospital Ikono,Akwa Ibom,Ikono,2022-12-31,922,10,8,6292,49,165,1,0,5546,102,4498,4262,4155,2023-01-21,M&E Officer
NAS012,Mission Hospital Karu II,Nasarawa,Karu,2023-11-30,898,23,16,1355,3,96,1,0,836,15,1204,846,699,2023-12-11,M&E Officer
BEN012,Cottage Hospital Vandeikya II,Benue,Vandeikya,31/12/2022,451,4,3,461,8,102,0,0,362,7,329,305,289,2023-01-13,M&E Officer
BEN015,Primary Health Centre Otukpo II,Benue,Otukpo,2022-09-30,154,7,5,856,2,NULL,4,3,497,8,793,436,388,2022-10-13,Data Clerk
LAG002,Specialist Hospital Lagos Island,Lagos,Lagos Island,Jul-2024,2649,151,123,6068,115,838,28,25,4035,62,4917,3496,3334,2024-08-13,M&E Officer
BEN010,Model Primary Health Centre Okpokwu II,Benue,Okpokwu,2022-03-31,269,1,0,851,13,69,0,0,726,14,592,411,382,2022-04-16,Facility Focal Person
CRS015,MODEL PRIMARY HEALTH CENTRE AKAMKPA II,Cross River,Akamkpa,2023-08-31,76,1,0,529,5,24,0,0,403,5,476,271,264,2023-09-15,Data Clerk
riv004,MODEL PRIMARY HEALTH CENTRE AHOADA EAST,Rivers,Ahoada East,30/06/2023,418,-,10,849,13,98,0,0,744,11,640,549,495,2023-08-15,Data Clerk
KAD011,Primary Health Centre Kaduna North II,Kaduna,Kaduna North,2023-07-31,298,6,5,563,6,30,0,0,359,2,513,468,457,2023-08-13,Data Clerk
CRS001,  Model Primary Health Centre Calabar Municipal ,Cross River,Calabar Municipal,2022-07-31,185,11,8,666,13,38,4,3,448,11,455,270,252,2022-08-11,Data Clerk
RIV014,Cottage Hospital Obio/Akpor II,Rivers,Obio/Akpor,2022-10-31,847,12,11,625,5,263,3,2,412,11,504,472,446,2022-11-21,Data Clerk
CRS011,COMPREHENSIVE HEALTH CENTRE CALABAR MUNICIPAL II,Cross River,Calabar Municipal,Aug-2024,415,12,nil,501,5,103,0,0,349,6,379,243,211,2024-09-21,M&E Officer
ben006,Primary Health Centre Vandeikya,Benue,Vandeikya,2022-08-31,NULL,9,6,319,1,41,2,1,229,3,227,159,130,2022-09-16,Facility Focal Person
BEN009,Primary Health Centre Otukpo II,Benue,Otukpo,2024-04-30,331,5,3,436,7,60,0,0,258,2,336,308,279,2024-05-13,Facility Focal Person
ben001,Mission Hospital Makurdi,Benue,Makurdi,31/05/2024,,6,5,1769,6,215,0,0,1512,24,1302,1083,955,2024-07-16,M&E Officer
KAD010,Cottage Hospital Chikun II,Kaduna,Chikun,2022-07-31,263,10,7,947,11,44,0,0,831,10,691,514,450,2022-08-13,M&E Officer
AKS008,Primary Health Centre Uyo II,Akwa Ibom,Uyo,2023-03-31,88,1,0,85,1,19,0,0,52,0,74,42,39,2023-04-18,Data Clerk
AKS002,General Hospital Ikot Ekpene,Akwa Ibom,Ikot Ekpene,2024-04-30,295,1,0,564,10,35,0,0,338,8,510,335,299,2024-05-15,M&E Officer
FCT002,General Hospital Bwari,FCT,Bwari,2024-11-30,135,6,4,565,10,34,0,0,533,13,422,283,268,2024-12-13,Data Clerk
ben010,Model Primary Health Centre Okpokwu II,Benue,Okpokwu,2024-09-30,434,8,7,699,9,105,0,0,  ,18,487,444,422,2024-10-16,Data Clerk
FCT001,Mission Hospital AMAC,FCT,AMAC,2022-12-31,818,13,12,1298,24,165,0,0,1068,20,1172,877,768,2023-01-11,M&E Officer
FCT007,Specialist Hospital Bwari II,FCT,Bwari,2024-06-30,3034,76,75,4274,14,927,13,11,3396,62,3713,2096,1976,2024-07-15,Facility Focal Person
BEN003,General Hospital Otukpo,Benue,Otukpo,2024-05-31,883,33,32,2366,42,102,0,0,1804,49,1971,1217,1006,2024-06-11,Facility Focal Person
FCT015,  Comprehensive Health Centre Abaji II ,F.C.T.,Abaji,2022-07-31,136,5,4,859,7,41,1,0,781,12,704,536,510,2022-08-15,Facility Focal Person
FCT014,General Hospital Kuje II,FCT,Kuje,2023-01-31,663,24,20,2461,36,75,5,3,2012,25,1810,1680,1486,2023-02-13,Data Clerk
KAD010,Cottage Hospital Chikun II,Kaduna,Chikun,2023-11-30,209,13,10,960,18,40,2,1,710,10,740,527,493,2023-12-11,M&E Officer
CRS006,  Primary Health Centre Calabar Municipal II ,Cross River,Calabar Municipal,2023-05-31,651,23,22,1329,3,129,2,1,741,10,1073,990,926,2023-06-21,Data Clerk
LAG099,Model Primary Health Centre Eket,Akwa Ibom,Eket,2024-08-31,731,16,12,457,8,224,4,3,360,5,324,274,229,2024-09-13,Data Clerk
crs013,  Mission Hospital Ogoja II ,Cross River,Ogoja,2024-01-31,218,4,2,761,4,62,0,0,471,13,565,499,431,2024-02-21,Data Clerk
AKS015,Mission Hospital Uyo II,Akwa Ibom,Uyo,2022-05-31,657,31,29,2486,18,202,5,4,2351,35,2272,2023,1963,2022-06-21,Facility Focal Person
FCT006,Mission Hospital AMAC II,FCT,AMAC,2023-04-30,827,23,17,2217,34,215,1,0,1558,32,2021,1739,1620,2023-04-18,Facility Focal Person
BEN003,General Hospital Otukpo,Benue,Otukpo,Apr-2024,716,26,22,2376,20,  ,2,1,1737,35,1985,1688,1469,2024-05-18,M&E Officer
RIV015,Specialist Hospital Khana II,Rivers,Khana,Feb-2023,384,22,15,2387,22,38,1,0,2076,33,1794,1491,1445,2023-03-18,Facility Focal Person
RIV010,Teaching Hospital Ahoada East II,Rivers,Ahoada East,28/02/2022,551,12,11,3398,9,94,1,0,3208,61,2539,1803,1695,2022-03-13,Data Clerk
RIV011,MODEL PRIMARY HEALTH CENTRE DEGEMA II,Rivers,Degema,2022-09-30,317,12,8,874,8,95,4,3,571,13,668,516,498,2022-10-16,Facility Focal Person
NAS015,Specialist Hospital Nasarawa II,Nasarawa,Nasarawa,2024-01-31,616,33,31,3217,63,91,3,2,2972,49,2301,1795,1503,2024-02-11,M&E Officer
LAG008,Cottage Hospital Lagos Island II,Lagos,Lagos Island,May-2024,152,3,2,721,8,22,0,0,640,8,496,273,266,2024-06-16,Data Clerk
AKS010,  GENERAL HOSPITAL EKET II ,Akwa Ibom,Eket,30/11/2024,670,9,7,1580,5,118,1,0,931,13,1255,1179,1037,2024-12-11,M&E Officer
CRS005,  Teaching Hospital Akamkpa ,Cross River,Akamkpa,2022-05-31,880,41,29,4569,64,89,1,0,3092,49,3519,2881,2461,2022-06-16,Data Clerk
AKS009,Primary Health Centre Ikot Ekpene II,Akwa-Ibom,Ikot Ekpene,2022-12-31,68,1,0,226,3,20,0,0,132,2,182,129,108,2023-01-15,M&E Officer
RIV013,Mission Hospital Port Harcourt II,Rivers,Port Harcourt,2024-08-31,825,24,21,2125,5,254,6,4,2011,50,1864,1640,1366,2024-09-21,M&E Officer
BEN012,Cottage Hospital Vandeikya II,Benue,Vandeikya,2024-07-31,613,7,5,460,7,162,0,0,296,0,427,297,256,2024-08-29,Facility Focal Person
LAG003,  Teaching Hospital Badagry ,Lagos,Badagry,2024-10-31,3381,129,  ,7013,46,837,32,31,6548,109,5201,3128,3044,2024-11-11,M&E Officer
CRS012,Model Primary Health Centre Ikom II,Cross-River,Ikom,31/07/2022,519,4,3,821,6,161,0,0,651,15,719,546,470,2022-08-18,Facility Focal Person
RIV007,  Primary Health Centre Port Harcourt II ,Rivers,Port Harcourt,Jun-2022,563,5,3,711,5,140,0,0,465,16,573,350,287,2022-07-18,M&E Officer
LAG014,Cottage Hospital Lagos Island II,Lagos,Lagos Island,31/03/2024,734,10,7,1681,12,144,0,0,1147,23,1212,833,701,2024-04-21,M&E Officer
BEN007,Specialist Hospital Makurdi II,Benue,Makurdi,2023-10-31,246,1,0,2016,26,45,1,0,1626,24,1871,1458,1320,2023-11-15,Facility Focal Person
BEN006,Primary Health Centre Vandeikya,Benue,Vandeikya,2022-02-28,192,2,1,303,3,27,0,0,210,3,277,247,234,2022-03-13,M&E Officer
FCT011,  COTTAGE HOSPITAL AMAC II ,FCT,AMAC,2022-10-31,366,17,16,2237,39,78,2,1,1252,14,2058,1409,1202,2022-11-13,Data Clerk
KAD008,Model Primary Health Centre Zaria II,Kaduna,Zaria,2023-03-31,463,14,13,1207,6,67,0,0,945,20,859,523,443,2023-04-16,Data Clerk
crs012,Model Primary Health Centre Ikom II,Cross River,Ikom,31/01/2024,479,7,5,766,12,104,2,1,545,13,676,595,546,2024-02-15,Data Clerk
BEN015,PRIMARY HEALTH CENTRE OTUKPO II,Benue,Otukpo,2022-01-31,95,4,3,894,15,30,2,1,593,10,665,620,552,2022-02-16,Facility Focal Person
NAS015,Specialist Hospital Nasarawa II,Nasarawa,Nasarawa,2023-03-31,867,31,23,3181,35,88,1,0,1967,27,2193,1979,1839,2023-04-13,Data Clerk
FCT015,Comprehensive Health Centre Abaji II,FCT,Abaji,2024-11-30,120,2,1,741,1,36,1,0,578,9,664,378,319,2024-12-29,Facility Focal Person
AKS004,Comprehensive Health Centre Etinan,Akwa-Ibom,Etinan,2022-01-31,152,2,1,1018,18,16,0,0,770,12,853,572,554,2022-03-01,Data Clerk
LAG001,  Primary Health Centre Ikorodu ,Lagos,Ikorodu,2022-08-31,499,11,10,225,1,72,1,0,139,4,199,187,168,2022-09-16,Data Clerk
BEN003,General Hospital Otukpo,Benue,Otukpo,2023-12-31,630,23,18,2399,40,118,2,1,2091,33,2187,1547,1431,2024-01-21,M&E Officer
AKS002,General Hospital Ikot Ekpene,Akwa Ibom,Ikot Ekpene,2023-11-30,231,5,3,592,7,60,0,0,439,8,430,340,294,2023-12-16,M&E Officer
AKS003,Model Primary Health Centre Eket,Akwa Ibom,Eket,2022-05-31,292,11,10,161,2,,1,0,128,1,121,72,60,2022-06-15,Facility Focal Person
CRS011,Comprehensive Health Centre Calabar Municipal II,Cross River,Calabar Municipal,31/12/2022,270,6,5,457,7,75,0,0,348,8,311,284,246,2023-01-16,M&E Officer
AKS011,COMPREHENSIVE HEALTH CENTRE ETINAN II,Akwa-Ibom,Etinan,2022-09-30,103,4,3,298,1,12,1,0,218,2,237,139,121,2022-10-15,Data Clerk
FCT011,Cottage Hospital AMAC II,Federal Capital Territory,AMAC,2024-11-30,320,7,-32,1967,7,nil,1,0,1634,32,1441,904,798,2024-12-29,M&E Officer
RIV007,Primary Health Centre Port Harcourt II,Rivers,Port Harcourt,2024-06-30,555,2,1,607,8,72,1,0,381,5,465,406,341,2024-07-18,M&E Officer
BEN008,Teaching Hospital Gboko II,Benue,Gboko,31/07/2022,2202,67,57,6224,76,366,3,2,4935,86,4289,3317,2922,2022-08-21,Facility Focal Person
BEN006,Primary Health Centre Vandeikya,Benue,Vandeikya,Sep-2022,188,8,-,322,4,49,4,3,194,2,230,207,201,2022-10-15,Facility Focal Person
BEN008,Teaching Hospital Gboko II,Benue,Gboko,2024-05-31,3091,75,63,6258,88,353,3,2,4385,94,4780,3390,3241,2024-06-18,Facility Focal Person
KAD003,Mission Hospital Zaria,Kaduna,Zaria,Mar-2022,767,NULL,14,2590,43,186,1,0,1999,30,2246,1995,1871,2022-04-16,M&E Officer
NAS006,Primary Health Centre Lafia II,Nasarawa,Lafia,2024-09-30,318,15,10,931,2,74,2,1,655,12,703,517,450,2024-10-13,Facility Focal Person
FCT007,Specialist Hospital Bwari II,FCT,Bwari,2024-03-31,1952,64,46,4124,77,317,4,3,3283,61,3370,1855,1533,2024-04-16,M&E Officer
CRS013,Mission Hospital Ogoja II,Cross River,Ogoja,2022-10-31,207,4,3,850,7,55,2,1,584,7,nil,676,723,2022-11-29,M&E Officer
LAG015,Model Primary Health Centre Badagry II,Lagos,Badagry,Jul-2023,285,14,12,1086,6,nil,3,2,815,20,894,717,678,2023-08-11,Facility Focal Person
KAD005,Cottage Hospital Chikun,Kaduna,Chikun,2023-05-31,654,13,12,325,2,177,2,1,183,2,274,232,216,2023-06-13,Facility Focal Person
TMP001,Model Primary Health Centre Degema II,Rivers,Degema,2022-11-30,265,16,15,871,16,55,3,2,787,15,625,506,495,2022-12-18,Facility Focal Person
AKS004,COMPREHENSIVE HEALTH CENTRE ETINAN,Akwa Ibom,Etinan,2023-05-31,273,7,5,958,6,28,3,2,603,9,774,519,507,2023-06-13,Data Clerk
NAS008,Comprehensive Health Centre Keffi II,Nasarawa,Keffi,2024-07-31,96,2,1,748,14,26,0,0,707,16,538,370,326,2024-08-11,Data Clerk
KAD001,Model Primary Health Centre Kaduna North,Kaduna,Kaduna North,2022-02-28,102,1,0,800,11,27,0,0,521,9,716,407,366,2022-03-11,Data Clerk
NAS015,Specialist Hospital Nasarawa II,Nasarawa,Nasarawa,30/06/2024,1244,87,82,3341,49,383,9,7,2621,63,2706,1838,1642,2024-07-11,Data Clerk
NAS001,Model Primary Health Centre Lafia,Nasarawa,Lafia,2024-02-29,166,0,0,410,5,49,0,0,358,3,316,183,161,2024-03-13,Data Clerk
LAG007,Primary Health Centre Ikorodu II,Lagos,Ikorodu,Jan-2023,294,5,3,471,9,87,0,0,433,9,344,305,281,2023-02-21,Data Clerk
AKS013,Model Primary Health Centre Abak II,Akwa Ibom,Abak,2022-11-30,388,13,11,563,11,107,2,1,418,10,519,457,380,2022-12-16,M&E Officer
NAS012,Mission Hospital Karu II,Nasarawa,Karu,2023-06-30,934,14,10,1321,12,138,0,0,958,8,NULL,1001,847,2023-07-11,M&E Officer
CRS013,Mission Hospital Ogoja II,Cross River,Ogoja,2024-08-31,290,2,1,740,2,88,3,2,702,15,566,322,285,2024-09-29,Data Clerk
KAD013,Specialist Hospital Zaria II,Kaduna,Zaria,2022-11-30,2263,130,129,2046,27,408,9,7,1129,19,1393,870,791,2022-12-11,Data Clerk
BEN001,Mission Hospital Makurdi,Benue,Makurdi,2024-10-31,970,9,8,1674,30,236,0,0,1521,28,1331,886,795,2024-11-21,Facility Focal Person
NAS008,Comprehensive Health Centre Keffi II,Nasarawa,Keffi,Sep-2024,88,4,3,732,12,11,0,0,579,11,676,560,538,2024-10-15,Facility Focal Person
AKS010,General Hospital Eket II,Akwa Ibom,Eket,2022-01-31,498,13,9,1829,17,59,1,0,1456,24,1317,760,699,2022-02-13,Data Clerk
FCT007,SPECIALIST HOSPITAL BWARI II,fct,Bwari,2024-12-31,2613,69,62,4218,73,688,8,6,3674,79,3376,2033,1913,2025-01-15,Facility Focal Person
BEN004,General Hospital Okpokwu,Benue,Okpokwu,2024-02-29,909,10,9,399,1,278,4,3,263,2,335,230,215,2024-03-18,Data Clerk
BEN004,General Hospital Okpokwu,Benue,Okpokwu,2023-01-31,863,6,4,379,1,147,1,0,349,7,322,270,264,2023-02-15,Facility Focal Person
CRS011,COMPREHENSIVE HEALTH CENTRE CALABAR MUNICIPAL II,Cross River,Calabar Municipal,2024-01-31,265,4,3,483,1,74,1,0,420,6,341,315,272,2024-02-11,Facility Focal Person
KAD005,Cottage Hospital Chikun,Kaduna,Chikun,2022-01-31,387,7,4,265,1,39,0,0,244,2,229,216,195,2022-02-13,M&E Officer
RIV013,Mission Hospital Port Harcourt II,Rivers,Port Harcourt,2024-11-30,691,14,12,2100,10,131,2,1,1290,22,1602,990,891,2024-12-15,M&E Officer
KAD011,PRIMARY HEALTH CENTRE KADUNA NORTH II,Kaduna,Kaduna North,2022-10-31,149,7,6,556,5,30,1,0,515,12,414,283,260,2022-11-15,Data Clerk
BEN005,Model Primary Health Centre Katsina-Ala,Benue,Katsina-Ala,2024-10-31,419,8,5,579,10,56,0,0,476,7,407,287,278,2024-11-16,M&E Officer
LAG099,Comprehensive Health Centre Kaduna South II,Kaduna,Kaduna South,2023-03-31,455,9,8,646,3,98,0,0,429,7,496,446,432,2023-04-15,Facility Focal Person
LAG006,Specialist Hospital Alimosho,Lagos,Alimosho,2022-05-31,738,13,12,5474,91,140,1,0,3918,65,4445,2513,2090,2022-06-15,M&E Officer
AKS001,Comprehensive Health Centre Uyo,Akwa Ibom,Uyo,2022-07-31,513,3,2,313,3,155,1,0,193,2,285,261,220,2022-08-13,Data Clerk
RIV011,Model Primary Health Centre Degema II,Rivers,Degema,2024-09-30,377,25,20,965,3,85,2,1,904,14,824,580,517,2024-10-18,Data Clerk
AKS013,Model Primary Health Centre Abak II,Akwa Ibom,Abak,31/08/2022,405,17,16,544,6,91,1,0,356,4,451,350,338,2022-09-18,Facility Focal Person
BEN012,Cottage Hospital Vandeikya II,Benue,Vandeikya,2022-06-30,629,5,4,479,5,73,2,1,303,5,419,382,339,2022-07-16,Facility Focal Person
lag009,Mission Hospital Badagry II,Lagos,Badagry,2022-12-31,395,9,7,2638,24,63,0,0,2396,38,2270,1720,1465,2023-01-11,Data Clerk
NAS009,Cottage Hospital Akwanga II,Nasarawa,Akwanga,2024-05-31,1185,10,7,481,2,360,2,1,400,5,424,367,308,2024-07-16,Data Clerk
BEN009,  PRIMARY HEALTH CENTRE OTUKPO II ,Benue,Otukpo,Mar-2023,199,1,0,460,1,28,0,0,288,5,387,351,303,2023-04-15,Facility Focal Person
crs011,COMPREHENSIVE HEALTH CENTRE CALABAR MUNICIPAL II,Cross-River,Calabar Municipal,2024-12-31,394,7,5,505,4,94,0,0,348,6,455,420,392,2025-01-16,Facility Focal Person
CRS012,Model Primary Health Centre Ikom II,Cross River,Ikom,2024-05-31,635,19,14,768,10,197,4,3,NULL,16,646,565,528,2024-06-29,Data Clerk
LAG010,Primary Health Centre Surulere II,Lagos,Surulere,2024-10-31,511,13,10,998,6,162,1,0,840 ,17,892,640,612,2024-11-29,Data Clerk
NAS015,Specialist Hospital Nasarawa II,Nasarawa,Nasarawa,2022-05-31,1107,60,59,3107,52,118,3,2,2019,32,2399,2126,1799,2022-06-15,Data Clerk
CRS005,Teaching Hospital Akamkpa,Cross River,Akamkpa,2024-07-31,1337,40,29,4097,63,151,1,0,2331,51,3802,3108,2574,2024-08-16,Facility Focal Person
AKS006,Primary Health Centre Abak,Akwa Ibom,Abak,31/03/2023,592,20,16,342,5,149,1,0,281,5,270,156,132,2023-04-13,Data Clerk
NAS004,COTTAGE HOSPITAL AKWANGA,Nasarawa,Akwanga,2024-01-31,288,12,8,529,4,88,0,0,412,4,401,366,303,2024-02-18,Data Clerk
NAS015,Specialist Hospital Nasarawa II,Nasarawa,Nasarawa,2023-05-31,1251,52,44,3189,23,168,12,11,2555,46,2571,1727,1613,2023-06-13,M&E Officer
FCT006,MISSION HOSPITAL AMAC II,FCT,AMAC,Dec-2023,666,20,15,2166,43,204,4,3,1618,33,1896,1166,1017,2024-01-21,Data Clerk
NAS002,Cottage Hospital Karu,Nasarawa,Karu,2024-02-29,NULL,0,0,303,1,42,0,0,223,5,263,188,160,2024-03-13,Facility Focal Person
BEN003,General Hospital Otukpo,Benue,Otukpo,2023-07-31,460,9,8,2458,12,112,6,4,1401,24,2256,1256,1189,2023-08-13,Data Clerk
BEN002,Specialist Hospital Gboko,Benue,Gboko,2023-03-31,2067,27,22,4554,84,461,6,5,3390,57,3285,1909,1718,2023-04-29,Data Clerk
BEN012,Cottage Hospital Vandeikya II,Benue,Vandeikya,2024-10-31,590,3,2,453,5,82,0,0,277,2,328,246,201,2024-11-15,M&E Officer
LAG009,Mission Hospital Badagry II,Lagos,Badagry,28/02/2022,308,6,5,2883,9,78,0,0,2614,51,2081,1711,1487,2022-03-11,Facility Focal Person
AKS007,Teaching Hospital Ikono,AKWA IBOM,Ikono,2022-07-31,1176,14,11,6576,102,149,1,0,5308,118,5309,3188,2649,2022-08-13,Facility Focal Person
NAS005,MISSION HOSPITAL NASARAWA,Nasarawa,Nasarawa,2023-12-31,1103,21,16,601,11,117,0,0,528,10,492,288,242,2024-01-18,M&E Officer
RIV001,Model Primary Health Centre Port Harcourt,Rivers,Port Harcourt,31/10/2024,113,0,0,789,15,22,0,0,501,8,600,521,429,2024-11-11,M&E Officer
LAG005,  Mission Hospital Agege ,Lagos,Agege,2024-05-31,1171,33,27,1795,34,153,4,3,1613,25,1621,1294,1264,2024-06-18,Data Clerk
FCT001,Mission Hospital AMAC,FCT,AMAC,2023-10-31,960,16,11,"1,250",12,235,0,0,1137,18,1052,870,843,2023-11-29,M&E Officer
AKS012,Cottage Hospital Oron II,akwa ibom,Oron,2023-11-30,889,44,43,1041,20,218,10,7,693,7,958,657,554,2023-12-13,Facility Focal Person
CRS007,Model Primary Health Centre Ikom II,Cross River,Ikom,30/09/2023,111,1,0,299,2,34,1,0,256,6,211,159,146,2023-10-13,M&E Officer
BEN001,Mission Hospital Makurdi,Benue,Makurdi,2024-01-31,1091,7,5,1779,34,N/A,1,0,1618,26,1405,1269,1117,2024-02-11,Facility Focal Person
AKS008,  Primary Health Centre Uyo II ,AKWA IBOM,Uyo,2022-06-30,117,2,1,83,1,31,2,1,70,0,75,55,51,2022-07-11,Facility Focal Person
AKS009,Primary Health Centre Ikot Ekpene II,Akwa Ibom,Ikot Ekpene,2022-08-31,64,2,1,233,2,14,0,0,193,1,197,151,141,2022-09-15,M&E Officer
CRS015,Model Primary Health Centre Akamkpa II,Cross River,Akamkpa,Feb-2022,46,0,0,631,7,14,0,0,388,4,523,365,328,2022-03-18,Data Clerk
KAD001,Model Primary Health Centre Kaduna North,Kaduna,Kaduna North,2022-09-30,180,10,7,790,3,35,1,0,714,16,646,516,455,2022-10-15,M&E Officer
CRS010,  Comprehensive Health Centre Akamkpa II ,Cross River,Akamkpa,2023-02-28,53,2,1,401,2,9,0,0,363,4,281,171,144,2023-04-15,M&E Officer
TMP001,Comprehensive Health Centre Calabar Municipal II,Cross River,Calabar Municipal,2023-07-31,NULL,7,6,483,9,83,1,0,458,9,419,-,304,2023-08-16,Facility Focal Person
KAD005,Cottage Hospital Chikun,Kaduna,Chikun,2022-04-30,486,4,3,278,1,71,1,0,227,3,214,196,183,2022-05-16,Data Clerk
CRS012,MODEL PRIMARY HEALTH CENTRE IKOM II,Cross River,Ikom,2023-10-31,385,3,2,774,3,40,0,0,630,18,643,421,409,2023-11-13,Facility Focal Person
RIV005,Mission Hospital Degema,Rivers,Degema,2024-05-31,212,11,8,1297,22,53,0,0,1152,20,1140,981,839,2024-06-16,M&E Officer
LAG002,Specialist Hospital Lagos Island,Lagos,Lagos Island,2023-02-28,2072,120,91,5826,56,423,18,16,3758,63,4983,3961,3564,2023-03-18,M&E Officer
LAG008,Cottage Hospital Lagos Island II,Lagos,Lagos Island,2024-03-31,110,1,0,737,1,17,0,0,488,13,619,544,481,2024-04-16,Facility Focal Person
BEN008,Teaching Hospital Gboko II,Benue,Gboko,May-2023,2973,89,87,6172,77,503,9,7,3995,67,5350,4742,4134,2023-06-18,Facility Focal Person
NAS003,Cottage Hospital Keffi,Nasarawa,Keffi,2024-11-30,350,3,2,1419,9,107,0,0,1187,25,1096,973,884,2024-12-21,Facility Focal Person
AKS013,Model Primary Health Centre Abak II,Akwa Ibom,Abak,30/06/2023,476,15,11,596,8,NULL,0,0,547,10,479,274,247,2023-07-15,M&E Officer
lag003,Teaching Hospital Badagry,Lagos,Badagry,31/12/2024,2724,90,78,6983,111,701,13,11,6143,108,4888,3331,3099,2025-01-11,Data Clerk
KAD014,General Hospital Sabon Gari II,Kaduna,Sabon Gari,2022-09-30,164,2,1,2665,30,21,0,0,1850,35,1853,1264,1199,2022-10-11,M&E Officer
RIV012,Primary Health Centre Eleme II,Rivers,Eleme,2023-11-30,542,22,15,978,5,154,2,1,793,13,824,521,477,2023-12-13,Facility Focal Person
LAG004,Comprehensive Health Centre Surulere,Lagos,Surulere,2024-11-30,459,4,3,605,7,99,2,1,361,5,540,372,341,2024-12-18,Facility Focal Person
RIV004,Model Primary Health Centre Ahoada East,Rivers,Ahoada East,2022-07-31,412,12,9,873,10,105,1,0,809,14,706,445,387,2022-08-18,M&E Officer
LAG007,Primary Health Centre Ikorodu II,Lagos,Ikorodu,2022-09-30,515,16,14,4550,8,82,1,0,424,7,421,286,253,2022-10-13,Facility Focal Person
LAG002,Specialist Hospital Lagos Island,Lagos,Lagos Island,2023-09-30,2062,109,80,5827,35,334,10,7,4722,90,4944,2753,2673,2023-10-21,Facility Focal Person
LAG015,Model Primary Health Centre Badagry II,Lagos,Badagry,2024-11-30,268,10,8,1077,17,42,1,0,642,14,969,762,651,2024-12-21,Data Clerk
NAS014,Teaching Hospital Akwanga II,Nasarawa,Akwanga,2023-11-30,1461,1465,26,4919,18,329,4,3,3090,47,4373,2857,2429,2023-12-16,Facility Focal Person
AKS012,Cottage Hospital Oron II,akwa ibom,Oron,2023-04-30,983,40,37,818,6,283,8,7,588,6,560,518,439,2023-05-15,M&E Officer
BEN011,Model Primary Health Centre Katsina-Ala II,Benue,Katsina-Ala,2024-02-29,211,7,5,373,2,45,3,2,219,3,318,187,176,2024-03-13,M&E Officer
kad009,Model Primary Health Centre Sabon Gari II,Kaduna,Sabon Gari,May-2024,661,42,35,928,14,186,6,5,696,13,801,726,601,2024-06-13,Data Clerk
CRS004,  Comprehensive Health Centre Obudu ,cross river,Obudu,2024-04-30,242,10,8,453,6,35,0,0,325,11,374,299,292,2024-05-11,Data Clerk
KAD013,Specialist Hospital Zaria II,Kaduna,Zaria,2022-05-31,2894,142,138,1638,27,885,28,26,1049,19,1376,1152,N/A,2022-06-18,M&E Officer
FCT003,SPECIALIST HOSPITAL GWAGWALADA,FCT,Gwagwalada,2023-01-31,439,17,12,"6,051",115,53,4,3,5467,108,4307,3513,3025,2023-02-13,Data Clerk
RIV005,Mission Hospital Degema,Rivers,Degema,31/05/2023,197,6,5,1419,7,19,1,0,1287,28,1309,910,807,2023-06-13,Data Clerk
KAD012,COMPREHENSIVE HEALTH CENTRE KADUNA SOUTH II,Kaduna,Kaduna South,2023-01-31,319,7,5,647,4,38,0,0,526,5,591,468,386,2023-02-18,Data Clerk
AKS012,Cottage Hospital Oron II,Akwa Ibom,Oron,30/11/2024,1155,35,29,"1,379",6,121,5,4,1236,18,983,828,742,2025-01-15,Data Clerk
FCT004,MODEL PRIMARY HEALTH CENTRE KUJE,FCT,Kuje,2024-01-31,340,17,12,1261,20,108,2,1,776,11,1140,792,689,2024-02-16,M&E Officer
NAS001,Model Primary Health Centre Lafia,Nasarawa,Lafia,Nov-2022,169,0,0,469,5,42,0,0,434,7,402,258,229,2022-12-11,Data Clerk
FCT003,SPECIALIST HOSPITAL GWAGWALADA,FCT,Gwagwalada,31/05/2022,607,18,14,6457,125,90,1,0,4011,75,5742,3429,3196,2022-06-13,Data Clerk
BEN003,General Hospital Otukpo,Benue,Otukpo,31/01/2024,454,13,12,"2,402",9,122,3,2,2264,38,1728,955,811,2024-02-21,Data Clerk
LAG009,Mission Hospital Badagry II,Lagos,Badagry,Mar-2023,499,7,5,2558,44,90,0,0,1846,30,1995,1284,1077,2023-04-11,Facility Focal Person
BEN006,Primary Health Centre Vandeikya,Benue,Vandeikya,Feb-2024,182,3,-18,343,2,38,1,0,203,4,305,232,-,2024-03-16,M&E Officer
AKS003,Model Primary Health Centre Eket,Akwa Ibom,Eket,Jul-2024,955,22,15,453,6,182,2,1,401,8,418,316,266,2024-08-13,M&E Officer
LAG099,General Hospital Okpokwu,Benue,Okpokwu,2023-08-31,1042,11,8,385,7,nil,0,0,318,5,295,184,158,2023-09-29,M&E Officer
BEN014,Comprehensive Health Centre Gboko II,Benue,Gboko,2022-09-30,442,2,1,870,9,112,1,0,645,7,713,632,557,2022-10-29,M&E Officer
BEN010,MODEL PRIMARY HEALTH CENTRE OKPOKWU II,Benue,Okpokwu,2023-10-31,346,3,2,734,2,106,1,0,517,6,512,473,402,2023-11-29,Facility Focal Person
RIV012,  Primary Health Centre Eleme II ,Rivers,Eleme,2022-09-30,498,14,13,896,6,114,1,0,571,9,786,623,582,2022-10-22,Facility Focal Person
LAG015,Model Primary Health Centre Badagry II,Lagos,Badagry,2024-10-31,216,13,9,"1,086",4,59,0,0,636,10,909,577,504,2024-11-11,Facility Focal Person
FCT012,Mission Hospital Bwari II,FCT,Bwari,2024-09-30,1198,54,38,2921,44,276,9,8,1967,40,2690,1936,1843,2024-10-16,M&E Officer
crs001,Model Primary Health Centre Calabar Municipal,Cross River,Calabar Municipal,28/02/2023,210,10,7,663,9,31,0,0,405,5,524,454,378,2023-03-13,Data Clerk
FCT009,Model Primary Health Centre Kuje II,FCT,Kuje,2024-11-30,151,10,9,494,1,22,2,1,301,8,N/A,296,288,2024-12-21,Facility Focal Person
KAD015,General Hospital Chikun II,Kaduna,Chikun,2023-10-31,350,4,2,1646,20,40,0,0,998,14,1205,816,730,2023-11-13,Facility Focal Person
NAS999,General Hospital Kuje II,FCT,Kuje,2024-06-30,1215,49,45,2531,28,318,5,4,2146,56,1974,1123,1051,2024-07-15,Data Clerk
FCT009,  MODEL PRIMARY HEALTH CENTRE KUJE II ,FCT,Kuje,Jan-2023,95,7,6,444,2,18,0,0,421,8,360,243,227,2023-03-01,Facility Focal Person
LAG011,COTTAGE HOSPITAL AGEGE II,Lagos,Agege,2023-05-31,536,9,7,1701,17,68,0,0,1429,28,1349,1199,988,2023-06-21,Data Clerk
RIV015,Specialist Hospital Khana II,Rivers,Khana,2023-09-30,356,11,10,2322,44,77,7,6,1758,33,2109,1599,1394,2023-10-15,Data Clerk
LAG005,Mission Hospital Agege,Lagos,Agege,30/09/2023,1320,45,37,1710,23,379,10,8,1049,18,1563,1090,1001,2023-10-13,Data Clerk
RIV008,Teaching Hospital Obio/Akpor II,RIVERS,Obio/Akpor,2024-03-31,1684,66,53,4097,64,175,1,0,3155,52,2998,2421,2271,2024-04-11,Data Clerk
NAS004,Cottage Hospital Akwanga,Nasarawa,Akwanga,30/11/2022,248,7,6,457,8,30,0,0,317,8,407,  ,240,2022-12-13,Facility Focal Person
FCT008,  TEACHING HOSPITAL GWAGWALADA II ,FCT,Gwagwalada,2024-10-31,647,29,28,4727,77,164,3,2,3638,70,3431,2730,2250,2024-11-18,Facility Focal Person
RIV008,Teaching Hospital Obio/Akpor II,Rivers,Obio/Akpor,31/01/2024,1552,59,56,4136,31,321,4,3,3738,58,3786,2814,2373,2024-02-16,Data Clerk
CRS011,Comprehensive Health Centre Calabar Municipal II,Cross River,Calabar Municipal,2022-08-31,367,4,3,454,3,65,0,0,328,6,391,328,307,2022-09-15,Data Clerk
aks011,Comprehensive Health Centre Etinan II,Akwa Ibom,Etinan,2023-10-31,92,8,6,330,4,21,1,0,310,3,274,236,213,2023-11-13,Data Clerk
CRS011,Comprehensive Health Centre Calabar Municipal II,Cross River,Calabar Municipal,31/07/2024,414,6,5,496,7,78,0,0,364,5,369,335,295,2024-08-18,M&E Officer
CRS008,Cottage Hospital Ogoja II,Cross River,Ogoja,2024-02-29,645,33,24,2141,22,89,3,2,1769,42,1871,1481,1252,2024-03-16,Facility Focal Person
CRS006,Primary Health Centre Calabar Municipal II,Cross River,Calabar Municipal,2022-02-28,343,16,11,1237,6,44,0,0,761,11,870,805,764,2022-03-18,M&E Officer
LAG015,MODEL PRIMARY HEALTH CENTRE BADAGRY II,Lagos,Badagry,2024-01-31,212,16,12,1088,8,27,0,0,996,22,990,622,544,2024-02-21,Data Clerk
LAG002,Specialist Hospital Lagos Island,Lagos,Lagos Island,2022-01-31,1185,56,53,5538,53,315,9,8,3806,58,4587,3427,3347,2022-02-15,M&E Officer
RIV010,Teaching Hospital Ahoada East II,Rivers,Ahoada East,2022-01-31,593,13,12,3396,40,158,2,1,2480,37,2985,1825,1786,2022-02-13,M&E Officer
XXX999,Cottage Hospital Lagos Island II,Lagos,Lagos Island,2022-05-31,109,1,0,872,5,27,0,0,771,29,791,457,441,2022-06-15,Data Clerk
CRS007,Model Primary Health Centre Ikom II,Cross River,Ikom,31/12/2022,35,0,0,311,5,6,0,0,245,3,288,222,188,2023-01-16,Facility Focal Person
RIV001,Model Primary Health Centre Port Harcourt,Rivers,Port Harcourt,2023-03-31,120,1,0,997,7,20,0,0,943,8,823,460,400,2023-04-13,Facility Focal Person
BEN003,General Hospital Otukpo,Benue,Otukpo,Aug-2022,620,21,15,2549,28,124,2,1,2376,43,1781,1242,1076,2022-09-13,Facility Focal Person
FCT009,MODEL PRIMARY HEALTH CENTRE KUJE II,FCT,Kuje,31/10/2023,156,11,10,474,1,22,0,0,331,5,345,215,192,2023-11-18,Data Clerk
LAG001,Primary Health Centre Ikorodu,Lagos,Ikorodu,2023-05-31,479,13,10,279,3,68,1,0,229,1,205,192,175,2023-06-15,Data Clerk
NAS005,MISSION HOSPITAL NASARAWA,Nasarawa,Nasarawa,2024-09-30,1199,21,15,801,9,268,1,0,596,13,742,422,369,2024-11-15,M&E Officer
BEN012,Cottage Hospital Vandeikya II,Benue,Vandeikya,2023-08-31,662,4,3,459,2,124,1,0,402,6,353,228,189,2023-09-11,M&E Officer
NAS002,Cottage Hospital Karu,Nasarawa,Karu,Aug-2023,401,2,1,305,1,64,1,0,182,1,226,188,163,2023-09-13,M&E Officer
RIV006,Cottage Hospital Eleme,Rivers,Eleme,2024-05-31,1728,74,65,2761,50,522,559,15,nil,28,2408,1664,1611,2024-06-11,Data Clerk
FCT010,Model Primary Health Centre Abaji II,FCT,Abaji,Mar-2023,592,21,18,346,5,160,0,0,304,4,278,209,188,2023-04-16,M&E Officer
RIV010,Teaching Hospital Ahoada East II,Rivers,Ahoada East,2022-03-31,569,8,7,3389,16,168,3,2,3203,66,2431,2120,1976,2022-04-13,Facility Focal Person
RIV006,Cottage Hospital Eleme,Rivers,Eleme,Sep-2024,1588,89,65,2904,34,254,9,8,2036,38,2212,2098,1753,2024-10-18,Facility Focal Person
CRS010,Comprehensive Health Centre Akamkpa II,Cross River,Akamkpa,2023-01-31,59,0,0,402,3,8,0,0,377 ,7,275,179,170,2023-02-15,Facility Focal Person
FCT002,GENERAL HOSPITAL BWARI,Federal Capital Territory,Bwari,2023-10-31,139,4,2,587,4,28,0,0,521,13,424,339,322,2023-11-21,Data Clerk
NAS007,GENERAL HOSPITAL KARU II,Nasarawa,Karu,Oct-2024,697,5,4,1986,37,170,0,0,1698,38,  ,1298,1130,2024-11-11,Data Clerk
NAS005,Mission Hospital Nasarawa,Nasarawa,Nasarawa,2023-11-30,1308,26,19,596,2,305,3,2,421,8,508,292,271,2023-12-18,Data Clerk
RIV006,Cottage Hospital Eleme,Rivers,Eleme,2022-10-31,1051,41,40,2471,15,151,2,1,1484,27,2161,1478,1413,2022-11-13,Facility Focal Person
BEN011,Model Primary Health Centre Katsina-Ala II,Benue,Katsina-Ala,2024-06-30,267,7,6,389,1,47,0,0,352,4,336,234,211,2024-07-29,Data Clerk
NAS011,Mission Hospital Lafia II,Nasarawa,Lafia,2022-07-31,1268,11,10,2716,48,294,1,0,-,46,1897,1492,1235,2022-08-18,Facility Focal Person
BEN013,Model Primary Health Centre Makurdi II,Benue,Makurdi,2024-08-31,611,17,16,819,12,183,6,5,735,14,705,503,465,2024-09-21,M&E Officer
BEN012,Cottage Hospital Vandeikya II,Benue,Vandeikya,2024-04-30,6590,8,6,454,7,187,2,1,295,4,366,337,308,2024-05-13,Facility Focal Person
BEN001,Mission Hospital Makurdi,Benue,Makurdi,31/07/2024,1133,14,11,1739,28,270,0,0,1006,14,1226,1000,892,2024-08-16,Facility Focal Person
CRS002,Comprehensive Health Centre Ikom,Cross River,Ikom,30/11/2022,123,8,5,187,1,37,0,0,138,0,149,118,109,2022-12-11,M&E Officer
AKS010,General Hospital Eket II,Akwa Ibom,Eket,2023-11-30,510,4,3,1618,10,nil,1,0,1331,26,1366,943,902,2023-12-18,Data Clerk
BEN010,Model Primary Health Centre Okpokwu II,Benue,Okpokwu,30/06/2023,376,5,3,748,5,112,0,0,418,8,637,474,401,2023-07-16,M&E Officer
NAS010,  Teaching Hospital Nasarawa II ,Nasarawa,Nasarawa,31/08/2023,2725,152,134,5117,36,865,27,20,4726,80,3775,3346,3050,2023-09-16,Data Clerk
NAS010,Teaching Hospital Nasarawa II,Nasarawa,Nasarawa,2024-06-30,2836,129,110,5578,63,801,22,20,4458,89,3933,3188,2843,2024-07-13,M&E Officer
RIV002,Teaching Hospital Obio/Akpor,Rivers,Obio/Akpor,Mar-2022,1520,26,20,4907,77,219,2,1,3816,71,4445,3039,2774,2022-04-15,M&E Officer
NAS005,Mission Hospital Nasarawa,Nasarawa,Nasarawa,2022-05-31,1195,36,32,247,1,264,5,4,149,1,174,98,81,2022-06-15,Data Clerk
NAS008,Comprehensive Health Centre Keffi II,Nasarawa,Keffi,31/05/2022,74,1,0,968,6,13,0,0,535,10,892,572,533,2022-06-13,Data Clerk
LAG009,Mission Hospital Badagry II,Lagos,Badagry,2023-11-30,384,4,3,2379,47,77,1,0,1764,27,2007,1516,1301,2023-12-13,Facility Focal Person
NAS009,Cottage Hospital Akwanga II,Nasarawa,Akwanga,2022-07-31,1059,8,6,470,2,133,1,0,277,10,420,293,275,2022-08-15,Facility Focal Person
LAG004,  Comprehensive Health Centre Surulere ,Lagos,Surulere,31/01/2023,469,16,12,617,12,46,0,0,406,6,469,420,395,2023-02-13,Facility Focal Person
AKS005,Comprehensive Health Centre Oron,Akwa-Ibom,Oron,2024-11-30,150,1,0,937,9,42,1,0,715,17,695,405,346,2024-12-13,M&E Officer
nas002,Cottage Hospital Karu,Nasarawa,Karu,31/03/2022,326,3,2,318,1,58,1,0,NULL,6,293,239,226,2022-04-21,M&E Officer
KAD002,Teaching Hospital Kaduna South,Kaduna,Kaduna South,2022-12-31,1171,27,21,4261,43,321,1,0,3429,65,2970,1802,1557,2023-01-18,M&E Officer
LAG010,Primary Health Centre Surulere II,Lagos,Surulere,2024-01-31,248,3,2,953,2,33,0,0,548,15,761,536,470,2024-02-18,Facility Focal Person
FCT013,  Cottage Hospital Gwagwalada II ,FCT,Gwagwalada,30/04/2022,985,12,10,1413,6,99,0,0,1135 ,18,1224,704,629,2022-05-13,M&E Officer
RIV002,Teaching Hospital Obio/Akpor,Rivers,Obio/Akpor,31/05/2024,1853,31,28,4260,32,586,6,4,2683,41,3210,3033,2712,2024-06-16,M&E Officer
KAD003,Mission Hospital Zaria,Kaduna,Zaria,Nov-2022,993,41,31,"2,645",25,182,2,1,2440,55,2183,1422,1170,2022-12-21,Facility Focal Person
AKS001,Comprehensive Health Centre Uyo,Akwa Ibom,Uyo,2024-02-29,686,2,1,321,3,118,0,0,300,5,226,144,137,2024-03-29,M&E Officer
RIV004,Model Primary Health Centre Ahoada East,Rivers,Ahoada East,2022-11-30,349,11,10,856,15,110,0,0,686,9,611,448,403,2023-01-15,Facility Focal Person
FCT013,Cottage Hospital Gwagwalada II,FCT,Gwagwalada,2022-11-30,787,7,5,1371,27,207,2,1,1296,35,1136,850,832,2022-12-18,Facility Focal Person
BEN011,Model Primary Health Centre Katsina-Ala II,Benue,Katsina-Ala,Oct-2023,261,10,8,356,1,58,0,0,231,3,305,,190,2023-11-18,M&E Officer
AKS005,  Comprehensive Health Centre Oron ,akwa ibom,Oron,2024-06-30,137,  ,2,985,11,28,0,0,776,14,828,674,582,2024-07-16,Facility Focal Person
CRS012,Model Primary Health Centre Ikom II,Cross River,Ikom,2023-12-31,395,2,1,773,7,96,1,0,540,11,625,380,350,2024-01-16,Data Clerk
AKS010,General Hospital Eket II,Akwa Ibom,Eket,Aug-2022,512,10,9,1781,16,149,4,3,1666,24,1483,  ,861,2022-09-13,Data Clerk
AKS010,General Hospital Eket II,Akwa Ibom,Eket,2023-07-31,N/A,11,10,1669,24,180,6,4,1298,24,1489,1121,1057,2023-08-13,Data Clerk
LAG010,Primary Health Centre Surulere II,Lagos,Surulere,2023-01-31,509,20,17,949,8,83,1,0,750,11,864,795,668,2023-02-16,Facility Focal Person
BEN001,Mission Hospital Makurdi,Benue,Makurdi,2022-09-30,1018,4,3,2020,27,227,1,0,1788,43,1377,934,864,2022-10-13,M&E Officer
AKS014,Primary Health Centre Ikono II,AKWA IBOM,Ikono,2022-12-31,174,9,7,603,1,53,1,0,368,7,498,347,294,2023-01-13,M&E Officer
RIV006,Cottage Hospital Eleme,Rivers,Eleme,31/08/2022,1046,49,42,2423,26,140,6,5,1568,24,1780,1162,977,2022-09-16,M&E Officer
NAS003,Cottage Hospital Keffi,Nasarawa,Keffi,2024-07-31,409,7,6,1461,23,122,2,1,887,13,1192,1234,766,2024-08-21,M&E Officer
RIV013,Mission Hospital Port Harcourt II,Rivers,Port Harcourt,2022-05-31,667,33,25,2287,37,110,4,3,1579,20,1950,1321,1200,2022-06-29,Facility Focal Person
BEN006,Primary Health Centre Vandeikya,Benue,Vandeikya,Mar-2023,237,5,3,330,6,48,2,1,223,3,296,186,167,2023-04-11,Facility Focal Person
CRS015,Model Primary Health Centre Akamkpa II,Cross River,Akamkpa,2022-04-30,67,3,2,623,6,21,0,0,517,8,532,496,447,2022-05-15,M&E Officer
crs009,Comprehensive Health Centre Obudu II,Cross River,Obudu,2024-02-29,474,11,10,891,16,139,3,2,584,15,788,648,575,2024-03-13,M&E Officer
CRS001,Model Primary Health Centre Calabar Municipal,Cross River,Calabar Municipal,30/04/2023,196,234,6,660,8,56,1,0,398,8,493,276,246,2023-05-18,Facility Focal Person
FCT005,Primary Health Centre Abaji,FCT,Abaji,2024-02-29,587,23,19,553,2,136,5,4,395,7,467,317,264,2024-03-13,M&E Officer
CRS013,MISSION HOSPITAL OGOJA II,Cross River,Ogoja,2022-01-31,185,7,5,930,17,46,0,0,530,10,654,515,473,2022-02-13,Data Clerk
LAG003,  Teaching Hospital Badagry ,Lagos,Badagry,2024-10-31,3393,129,  ,7013,46,837,32,31,6548,109,5201,3128,3044,2024-11-20,M&E Officer
BEN011,MODEL PRIMARY HEALTH CENTRE KATSINA-ALA II,Benue,Katsina-Ala,2024-08-31,296,9,7,393,4,86,0,0,342,8,290,210,172,2024-09-13,Data Clerk
FCT014,General Hospital Kuje II,FCT,Kuje,2022-07-31,958,31,30,2469,20,149,5,4,1997,38,1756,1194,1067,2022-08-13,Facility Focal Person
LAG006,Specialist Hospital Alimosho,Lagos,Alimosho,2022-12-31,599,11,9,5148,70,165,1,0,3561,65,3818,2230,2110,2023-01-13,Facility Focal Person
KAD004,Specialist Hospital Sabon Gari,Kaduna,Sabon Gari,2023-05-31,2698,123,94,4598,31,407,9,8,3204,57,-,3139,2801,2023-06-11,Data Clerk
KAD005,Cottage Hospital Chikun,Kaduna,Chikun,2023-07-31,620,7,5,331,1,179,1,0,276,5,301,209,190,2023-08-15,Facility Focal Person
BEN010,MODEL PRIMARY HEALTH CENTRE OKPOKWU II,Benue,Okpokwu,31/01/2024,381,13,10,731,4,56,1,0,NULL,8,515,469,447,2024-02-16,Facility Focal Person
fct010,MODEL PRIMARY HEALTH CENTRE ABAJI II,fct,Abaji,2023-04-30,593,13,10,352,4,93,1,0,266,5,297,181,164,2023-05-11,Facility Focal Person
BEN006,Primary Health Centre Vandeikya,Benue,Vandeikya,2023-11-30,225,8,6,344,4,40,0,0,269,5,301,282,246,2023-12-13,M&E Officer
NAS010,Teaching Hospital Nasarawa II,Nasarawa,Nasarawa,2022-05-31,2161,72,56,4534,57,608,12,9,4085,68,3324,2318,2070,2022-06-13,M&E Officer
KAD011,Primary Health Centre Kaduna North II,Kaduna,Kaduna North,Jan-2023,177,6,5,556,11,55,0,0,326,4,476,300,249,2023-02-18,Data Clerk
FCT002,General Hospital Bwari,FCT,Bwari,2024-03-31,104,2,1,573,9,22,0,0,324,2,524,454,425,2024-04-15,M&E Officer
AKS002,General Hospital Ikot Ekpene,akwa ibom,Ikot Ekpene,2024-08-31,331,N/A,0,536,7,90,1,0,324,5,481,363,315,2024-09-18,Data Clerk
LAG006,Specialist Hospital Alimosho,Lagos,Alimosho,2024-12-31,936,16,11,4387,45,241,0,0,2724,49,3561,2818,2527,2025-01-11,Facility Focal Person
AKS007,Teaching Hospital Ikono,Akwa Ibom,Ikono,Jun-2022,1140,17,14,6667,29,269,4,3,6059,114,4965,3528,3144,2022-07-11,Data Clerk
CRS004,Comprehensive Health Centre Obudu,Cross-River,Obudu,2022-10-31,155,4,3,466,8,30,0,0,347,6,427,243,225,2022-11-13,Facility Focal Person
BEN012,Cottage Hospital Vandeikya II,Benue,Vandeikya,31/07/2023,663,4,NULL,458,4,166,0,0,324,5,356,209,195,2023-08-18,Facility Focal Person
NAS005,Mission Hospital Nasarawa,Nasarawa,Nasarawa,30/06/2022,1051,23,21,264,4,151,2,1,175,3,180,155,146,2022-07-21,Data Clerk
ben014,Comprehensive Health Centre Gboko II,Benue,Gboko,2024-05-31,590,5,3,761,4,151,2,1,535,9,631,415,358,2024-06-11,Data Clerk
AKS003,Model Primary Health Centre Eket,Akwa-Ibom,Eket,2023-05-31,705,36,35,306,-31,124,1,0,nil,1,267,153,137,2023-06-18,Facility Focal Person
KAD002,Teaching Hospital Kaduna South,Kaduna,Kaduna South,Sep-2024,N/A,11,10,3540,53,486,2,1,,32,3220,2813,2670,2024-10-22,Facility Focal Person
FCT002,General Hospital Bwari,FCT,Bwari,2024-06-30,167,5,3,568,8,51,0,0,476 ,12,397,248,219,2024-07-11,Data Clerk
CRS008,Cottage Hospital Ogoja II,Cross River,Ogoja,2023-07-31,654,24,20,2178,36,182,7,6,1979,39,1748,1330,1163,2023-08-20,Facility Focal Person
LAG013,  Specialist Hospital Ikorodu II ,Lagos,Ikorodu,2023-04-30,2508,74,55,6055,105,631,13,11,4219,74,4956,3009,2612,2023-05-11,M&E Officer
CRS007,Model Primary Health Centre Ikom II,Cross River,Ikom,2023-11-30,99,5,4,303,0,22,1,0,217,3,209,194,178,2023-12-21,M&E Officer
CRS005,Teaching Hospital Akamkpa,Cross River,Akamkpa,2024-12-31,986,39,32,4107,13,299,6,4,2436,36,3055,1894,1653,2025-01-21,Facility Focal Person
BEN008,Teaching Hospital Gboko II,Benue,Gboko,2024-11-30,2811,88,69,6131,78,766,15,14,3856,63,4568,4205,3662,2024-12-13,M&E Officer
NAS006,Primary Health Centre Lafia II,Nasarawa,Lafia,2022-10-31,161,2,1,990,14,42,0,0,630,18,779,450,413,2022-11-11,Facility Focal Person
nas015,Specialist Hospital Nasarawa II,Nasarawa,Nasarawa,2024-07-31,1027,35,24,3315,50,188,4,3,2587,52,2354,1349,1289,2024-08-16,Facility Focal Person
FCT006,Mission Hospital AMAC II,FCT,AMAC,2022-04-30,1102,34,30,2355,21,248,6,5,2065,39,1676,1390,1313,2022-05-11,Facility Focal Person
AKS012,Cottage Hospital Oron II,Akwa-Ibom,Oron,Feb-2022,965,41,29,376,5,101,2,1,338,7,258,206,184,2022-03-13,Facility Focal Person
BEN012,Cottage Hospital Vandeikya II,Benue,Vandeikya,30/09/2022,516,5,4,466,7,91,0,0,361,5,425,299,255,2022-10-13,Facility Focal Person
FCT015,Comprehensive Health Centre Abaji II,FCT,Abaji,2022-06-30,126,3,2,862,4,14,0,0,686,14,662,438,360,2022-07-16,Facility Focal Person
FCT004,Model Primary Health Centre Kuje,FCT,Kuje,2022-11-30,345,8,5,1314,14,108,4,3,1194,18,1167,1094,1003,2022-12-15,Data Clerk
FCT010,Model Primary Health Centre Abaji II,FCT,Abaji,2023-09-30,573,20,17,402,2,95,2,1,353,3,312,238,206,2023-10-21,Data Clerk
XXX999,Comprehensive Health Centre Ikom,cross river,Ikom,Jul-2024,231,7,6,278,0,71,5,4,261,6,250,187,162,2024-08-15,M&E Officer
BEN001,Mission Hospital Makurdi,Benue,Makurdi,2023-05-31,1067,6,5,1907,37,253,1,0,1554,21,1581,1332,1135,2023-06-13,M&E Officer
KAD013,Specialist Hospital Zaria II,Kaduna,Zaria,Dec-2023,1717,49,42,2667,23,430,7,6,1912,39,1983,1173,1125,2024-01-18,M&E Officer
LAG012,Primary Health Centre Alimosho II,Lagos,Alimosho,2023-01-31,258,11,10,633,1,55,1,0,584,14,571,338,301,2023-02-16,Facility Focal Person
RIV013,Mission Hospital Port Harcourt II,Rivers,Port Harcourt,2022-08-31,696,14,12,2259,24,189,3,2,1788,38,1781,1384,1266,2022-09-11,Data Clerk
AKS008,Primary Health Centre Uyo II,Akwa Ibom,Uyo,2024-08-31,117,2,1,93,0,17,0,0,69,3,64,46,44,2024-09-21,M&E Officer
BEN007,Specialist Hospital Makurdi II,Benue,Makurdi,2022-07-31,237,2,1,2280,19,31,1,0,1726,30,2040,1337,1305,2022-08-16,Data Clerk
RIV010,TEACHING HOSPITAL AHOADA EAST II,Rivers,Ahoada East,2024-11-30,607,8,6,2799,55,161,5,4,1898 ,42,2475,2339,2148,2024-12-18,M&E Officer
NAS009,Cottage Hospital Akwanga II,Nasarawa,Akwanga,2022-02-28,735,7,5,463,8,,1,0,430,7,425,303,276,2022-03-21,M&E Officer
NAS009,Cottage Hospital Akwanga II,Nasarawa,Akwanga,2024-04-30,1238,13,12,476,8,265,2,1,359,6,380,325,275,2024-05-13,Data Clerk
LAG006,Specialist Hospital Alimosho,Lagos,Alimosho,2024-03-31,698,14,11,4594,17,194,1,0,3773,73,3991,2346,2029,2024-04-18,M&E Officer
RIV003,  Comprehensive Health Centre Khana ,RIVERS,Khana,2022-02-28,289,12,9,1061,2,62,2,1,814 ,18,759,557,  ,2022-03-29,M&E Officer
CRS004,Comprehensive Health Centre Obudu,Cross River,Obudu,Jun-2023,295,12,9,461,7,54,2,1,264,8,332,187,171,2023-07-15,Data Clerk
KAD004,Specialist Hospital Sabon Gari,Kaduna,Sabon Gari,2022-12-31,2220,102,91,"4,261",52,471,20,17,3835,65,3896,2191,2122,2023-01-11,Facility Focal Person
LAG010,PRIMARY HEALTH CENTRE SURULERE II,Lagos,Surulere,Oct-2023,474,23,19,955,12,95,3,2,787,12,706,389,371,2023-11-29,M&E Officer
AKS012,  Cottage Hospital Oron II ,Akwa Ibom,Oron,2024-04-30,1218,73,59,1160,8,147,2,1,665,16,999,659,599,2024-05-13,Data Clerk
CRS010,Comprehensive Health Centre Akamkpa II,Cross River,Akamkpa,2023-06-30,91,5,4,390,3,21,1,0,241,7,326,190,175,2023-07-16,Data Clerk
KAD012,Comprehensive Health Centre Kaduna South II,Kaduna,Kaduna South,2024-08-31,560,13,9,639,9,117,3,2,376,8,452,254,208,2024-09-25,Data Clerk
KAD009,Model Primary Health Centre Sabon Gari II,Kaduna,Sabon Gari,2022-11-30,395,18,N/A,742,14,47,3,2,515,4,659,539,464,2022-12-21,Facility Focal Person
RIV009,MISSION HOSPITAL KHANA II,RIVERS,Khana,31/12/2022,447,4,3,821,11,142,1,0,461,8,729,581,520,2023-01-15,Facility Focal Person
AKS014,Primary Health Centre Ikono II,Akwa Ibom,Ikono,2024-09-30,231,11,9,611,6,37,1,0,471 ,11,563,373,313,2024-10-11,Facility Focal Person
BEN015,Primary Health Centre Otukpo II,Benue,Otukpo,2024-12-31,127,4,3,707,11,22,1,0,394,8,514,415,362,2025-01-29,Facility Focal Person
BEN014,Comprehensive Health Centre Gboko II,Benue,Gboko,2023-09-30,574,12,10,802,13,103,1,0,631,11,581,326,309,2023-10-15,Facility Focal Person
riv001,Model Primary Health Centre Port Harcourt,Rivers,Port Harcourt,2022-10-31,105,2,1,1070,5,31,0,0,622,7,972,914,760,2022-11-16,Facility Focal Person
LAG099,Model Primary Health Centre Port Harcourt,Rivers,Port Harcourt,2023-06-30,124,0,0,964,16,14,1,0,671,9,737,559,458,2023-07-15,Facility Focal Person
CRS012,Model Primary Health Centre Ikom II,cross river,Ikom,Jan-2023,303,5,4,804,11,78,1,0,629,8,602,452,441,2023-02-16,M&E Officer
CRS009,COMPREHENSIVE HEALTH CENTRE OBUDU II,Cross River,Obudu,2023-07-31,614,29,24,861,5,160,2,1,nil,10,628,549,520,2023-08-15,Facility Focal Person
AKS007,TEACHING HOSPITAL IKONO,akwa ibom,Ikono,Mar-2022,865,11,10,6808,68,188,1,0,5002,82,6237,4670,4530,2022-04-18,Facility Focal Person
FCT007,Specialist Hospital Bwari II,FCT,Bwari,Jan-2022,1870,44,37,4592,24,536,9,8,4048,72,4085,3209,2778,2022-02-21,Facility Focal Person
KAD009,Model Primary Health Centre Sabon Gari II,Kaduna,Sabon Gari,2024-04-30,496,27,25,907,17,98,2,1,575,11,773,702,645,2024-05-13,M&E Officer
BEN002,  Specialist Hospital Gboko ,Benue,Gboko,Nov-2023,2057,36,26,4470,84,313,2,1,3973,78,3913,2489,2320,2023-12-11,M&E Officer
AKS006,Primary Health Centre Abak,Akwa-Ibom,Abak,2024-06-30,622,20,19,485,7,80,2,1,343,12,441,358,303,2024-07-15,M&E Officer
FCT010,Model Primary Health Centre Abaji II,FCT,Abaji,2022-02-28,326,8,7,256,3,83,1,0,173,1,237,147,140,2022-03-18,Facility Focal Person
FCT012,Mission Hospital Bwari II,fct,Bwari,2022-03-31,983,34,27,2676,5,262,4,3,1752,19,2343,1827,1737,2022-04-16,Data Clerk
FCT011,Cottage Hospital AMAC II,FCT,AMAC,30/06/2023,440,20,16,2159,40,120,2,1,2041,32,1612,1293,1241,2023-07-18,Facility Focal Person
NAS008,Comprehensive Health Centre Keffi II,Nasarawa,Keffi,2024-01-31,93,3,2,796,3,13,0,0,586,23,656,473,453,2024-02-11,M&E Officer
KAD007,Model Primary Health Centre Kaduna South II,Kaduna,Kaduna South,2022-11-30,233,13,9,1117,4,36,98,1,705,8,882,517,497,2022-12-13,Facility Focal Person
KAD015,General Hospital Chikun II,Kaduna,Chikun,2023-12-31,263,6,4,1628,25,57,1,0,1306,17,1465,1251,1171,2024-01-13,Data Clerk
RIV012,Primary Health Centre Eleme II,Rivers,Eleme,2023-01-31,567,15,11,910,12,161,2,1,704,18,837,718,636,2023-02-16,Data Clerk
BEN014,COMPREHENSIVE HEALTH CENTRE GBOKO II,Benue,Gboko,31/08/2023,538,10,9,805,9,145,0,0,493,8,647,554,502,2023-09-18,M&E Officer
CRS015,Model Primary Health Centre Akamkpa II,Cross River,Akamkpa,2022-08-31,80,2,1,589,6,18,0,0,448,7,544,510,458,2022-09-15,Data Clerk
AKS015,Mission Hospital Uyo II,akwa ibom,Uyo,2024-05-31,897,38,28,2426,38,198,7,5,1558,20,2071,1688,1388,2024-06-16,Facility Focal Person
NAS999,SPECIALIST HOSPITAL BWARI II,fct,Bwari,2024-12-31,2613,69,62,4218,73,688,8,6,3674,79,3376,2033,1913,2025-01-15,Facility Focal Person
KAD010,  Cottage Hospital Chikun II ,Kaduna,Chikun,2022-08-31,285,11,9,947,9,70,2,1,729,14,711,624,586,2022-09-11,Facility Focal Person
LAG009,Mission Hospital Badagry II,Lagos,Badagry,2023-08-31,483,11,7,2451,40,50,0,0,1411,34,1743,1473,1259,2023-09-16,Facility Focal Person
NAS012,Mission Hospital Karu II,Nasarawa,Karu,30/09/2022,916,23,21,1353,15,229,1,0,989,16,923,633,572,2022-10-11,Data Clerk
NAS010,Teaching Hospital Nasarawa II,Nasarawa,Nasarawa,2022-10-31,1304,42,36,4654,83,142,8,7,3895,76,4047,3783,3190,2022-11-13,Data Clerk
RIV003,  Comprehensive Health Centre Khana ,Rivers,Khana,2024-04-30,406,11,10,1052,15,117,4,3,728,8,823,525,NULL,2024-05-21,Facility Focal Person
NAS014,Teaching Hospital Akwanga II,Nasarawa,Akwanga,30/06/2024,2247,46,42,5098,12,328,4,3,4146,63,3958,3676,3537,2024-07-11,Data Clerk
CRS015,Model Primary Health Centre Akamkpa II,Cross River,Akamkpa,2024-04-30,80,0,0,494,6,18,1,0,370,4,388,324,278,2024-05-11,M&E Officer
AKS001,Comprehensive Health Centre Uyo,Akwa Ibom,Uyo,2022-01-31,483,4,3,314,5,69,0,0,202,2,nil,213,202,2022-02-21,Facility Focal Person
KAD002,Teaching Hospital Kaduna South,Kaduna,Kaduna South,2022-01-31,709,7,5,4591,89,211,2,1,2746,41,3925,3352,2902,2022-03-01,M&E Officer
LAG010,Primary Health Centre Surulere II,Lagos,Surulere,31/03/2023,421,14,-27,951,11,116,1,0,837 ,13,N/A,524,440,2023-04-15,Data Clerk
KAD002,Teaching Hospital Kaduna South,Kaduna,Kaduna South,2023-12-31,1731,20,19,"3,818",21,278,4,3,3180,53,3339,2019,1660,2024-01-11,M&E Officer
LAG002,Specialist Hospital Lagos Island,Lagos,Lagos Island,2022-08-31,1591,91,90,5763,75,443,13,11,3697,56,4859,3994,3446,2022-09-11,Facility Focal Person
FCT005,Primary Health Centre Abaji,FCT,Abaji,31/08/2023,461,  ,  ,534,4,89,1,0,326,10,483,369,331,2023-09-18,Facility Focal Person
AKS007,  Teaching Hospital Ikono ,Akwa Ibom,Ikono,2024-08-31,1186,20,18,5199,93,165,2,1,4263,74,4533,4305,3671,2024-09-16,Data Clerk
CRS011,COMPREHENSIVE HEALTH CENTRE CALABAR MUNICIPAL II,cross river,Calabar Municipal,2022-05-31,344,4,-2,449,4,82,1,0,397,6,383,334,274,2022-06-18,Facility Focal Person
FCT002,General Hospital Bwari,FCT,Bwari,2024-08-31,142,5,3,566,2,36,1,0,524,12,519,292,249,2024-09-13,Data Clerk
BEN013,Model Primary Health Centre Makurdi II,Benue,Makurdi,2023-03-31,572,25,18,508,3,70,3,2,424,7,404,347,328,2023-04-13,Facility Focal Person
CRS001,Model Primary Health Centre Calabar Municipal,Cross-River,Calabar Municipal,2024-12-31,207,,5,684,2,29,0,0,389,4,601,431,374,2025-01-15,M&E Officer
KAD003,Mission Hospital Zaria,Kaduna,Zaria,2023-05-31,1034,N/A,51,2676,11,225,5,4,1758,33,2417,1381,1280,2023-06-29,Facility Focal Person
NAS011,MISSION HOSPITAL LAFIA II,Nasarawa,Lafia,2024-03-31,1154,11,8,2426,24,199,0,0,1509,25,2208,-,1186,2024-04-13,Data Clerk
CRS007,Model Primary Health Centre Ikom II,Cross River,Ikom,2022-10-31,121,4,3,316,3,14,0,0,184 ,3,292,198,165,2022-11-18,M&E Officer
CRS004,Comprehensive Health Centre Obudu,Cross River,Obudu,29/02/2024,222,4,2,454,3,65,0,0,378,5,369,321,295,2024-03-18,Data Clerk
FCT008,Teaching Hospital Gwagwalada II,FCT,Gwagwalada,2022-06-30,814,52,50,5373,106,88,5,4,4423,85,3734,2428,2119,2022-07-11,Facility Focal Person
CRS009,Comprehensive Health Centre Obudu II,Cross River,Obudu,2024-08-31,640,19,18,958,10,192,9,6,783,9,713,536,454,2024-09-16,Data Clerk
LAG001,PRIMARY HEALTH CENTRE IKORODU,Lagos,Ikorodu,30/11/2024,284,8,5,415,5,42,0,0,382,5,325,185,169,2024-12-21,Data Clerk
LAG008,COTTAGE HOSPITAL LAGOS ISLAND II,Lagos,Lagos Island,31/10/2022,109,1,0,850,1,24,0,0,658,17,773,484,401,2022-11-11,Facility Focal Person
BEN014,Comprehensive Health Centre Gboko II,Benue,Gboko,2023-10-31,440,5,3,795,10,119,0,0,469,11,549,352,327,2023-11-15,M&E Officer
KAD002,Teaching Hospital Kaduna South,Kaduna,Kaduna South,2024-03-31,1723,19,NULL,3707,56,460,7,6,3494,59,3340,2159,1893,2024-04-16,Facility Focal Person
AKS008,PRIMARY HEALTH CENTRE UYO II,Akwa Ibom,Uyo,2024-03-31,106,1,0,87,0,24,1,0,66,1,69,53,50,2024-04-15,Facility Focal Person
RIV012,Primary Health Centre Eleme II,Rivers,Eleme,31/05/2023,652,27,23,957,9,106,2,1,NULL,11,657,502,480,2023-06-16,Data Clerk
FCT014,General Hospital Kuje II,FCT,Kuje,2023-05-31,1210,58,50,2512,40,308,8,7,1509,37,2318,1709,1616,2023-06-13,Facility Focal Person
NAS999,Mission Hospital AMAC II,FCT,AMAC,2022-07-31,892,18,15,2296,38,253,2,1,1397,23,1891,1478,1393,2022-08-11,Data Clerk
NAS013,General Hospital Keffi II,Nasarawa,Keffi,2022-03-31,589,32,-19,1609,11,139,3,2,1053,24,1106,786,656,2022-04-13,Data Clerk
FCT003,  Specialist Hospital Gwagwalada ,FCT,Gwagwalada,2023-08-31,690,20,18,5608,57,92,4,3,3164,64,4126,2764,2681,2023-09-16,Data Clerk
NAS009,COTTAGE HOSPITAL AKWANGA II,Nasarawa,Akwanga,2023-07-31,1387,11,9,478,5,143,1,0,435,7,428,310,279,2023-08-15,M&E Officer
KAD009,Model Primary Health Centre Sabon Gari II,Kaduna,Sabon Gari,2024-08-31,681,34,24,976,7,197,3,2,884,13,812,754,712,2024-09-13,Facility Focal Person
LAG011,Cottage Hospital Agege II,Lagos,Agege,Jun-2023,596,10,8,1679,30,184,2,1,1481,24,1223,975,919,2023-08-15,Facility Focal Person
NAS011,Mission Hospital Lafia II,Nasarawa,Lafia,2024-07-31,-,15,13,"2,401",11,264,2,1,1398,30,1721,1221,1194,2024-08-13,M&E Officer
KAD002,Teaching Hospital Kaduna South,Kaduna,Kaduna South,2022-10-31,1129,16,15,4302,53,140,2,1,3682,64,3142,2448,2032,2022-11-13,Data Clerk
CRS006,Primary Health Centre Calabar Municipal II,Cross River,Calabar Municipal,2024-01-31,430,12,11,1353,15,117,2,1,1163,21,1097,745,725,2024-02-13,Facility Focal Person
NAS999,Comprehensive Health Centre Oron,akwa ibom,Oron,2022-12-31,91,2,1,1192,7,10,0,0,903,12,947,782,719,2023-01-15,Data Clerk
CRS002,  COMPREHENSIVE HEALTH CENTRE IKOM ,Cross River,Ikom,2022-08-31,121,3,2,175,0,25,0,0,145,0,149,123,111,2022-09-11,Data Clerk
RIV013,Mission Hospital Port Harcourt II,Rivers,Port Harcourt,Feb-2023,506,15,14,2159,42,67,0,0,1592,31,1534,849,729,2023-03-16,M&E Officer
CRS014,Comprehensive Health Centre Obudu II,Cross River,Obudu,2024-08-31,389,5,3,196,1,116,1,0,128,1,179,148,137,2024-09-11,M&E Officer
BEN013,Model Primary Health Centre Makurdi II,Benue,Makurdi,31/08/2022,625,25,20,416,2,173,6,4,234,7,326,294,264,2022-09-16,M&E Officer
BEN014,COMPREHENSIVE HEALTH CENTRE GBOKO II,Benue,Gboko,2023-03-31,431,5,4,830,16,91,1,0,731,18,643,591,541,2023-04-13,Facility Focal Person
riv013,Mission Hospital Port Harcourt II,Rivers,Port Harcourt,2022-10-31,384,11,7,2222,34,51,0,0,1590,23,1698,1516,1446,2022-11-11,M&E Officer
LAG008,Cottage Hospital Lagos Island II,Lagos,Lagos Island,2022-04-30,116,1,0,877,3,32,1,0,705,16,807,559,539,2022-05-18,Facility Focal Person
LAG001,Primary Health Centre Ikorodu,Lagos,Ikorodu,30/11/2022,292,12,9,246,0,82,1,0,157,2,199,132,124,2022-12-29,M&E Officer
LAG013,  Specialist Hospital Ikorodu II ,Lagos,Ikorodu,2024-06-30,3317,118,101,6245,96,348,4,3,4360,80,5129,4384,4250,2024-07-11,Data Clerk
BEN015,Primary Health Centre Otukpo II,Benue,Otukpo,2024-08-31,216,7,5,728,13,46,2,1,486,8,636,390,355,2024-09-18,Facility Focal Person
LAG007,Primary Health Centre Ikorodu II,Lagos,Ikorodu,2022-08-31,410,14,11,449,2,91,3,2,294,4,392,349,294,2022-09-11,M&E Officer
LAG003,Teaching Hospital Badagry,Lagos,Badagry,2022-07-31,2665,87,67,6111,82,360,10,9,5121,94,4981,3287,2945,2022-08-11,Data Clerk
CRS015,Model Primary Health Centre Akamkpa II,Cross River,Akamkpa,Jun-2022,78,3,2,604,12,8,0,0,346,6,438,302,287,2022-07-15,M&E Officer
BEN009,  Primary Health Centre Otukpo II ,Benue,Otukpo,2024-08-31,327,4,3,432,1,95,0,0,333,4,382,291,274,2024-09-11,M&E Officer
XXX999,  Mission Hospital Nasarawa ,Nasarawa,Nasarawa,2022-04-30,1289,31,25,216,0,337,4,3,196,4,151,117,101,2022-05-13,Facility Focal Person
RIV005,Mission Hospital Degema,Rivers,Degema,31/05/2023,197,6,5,1419,7,19,1,0,1287,28,1309,910,807,2023-06-13,Data Clerk
BEN012,Cottage Hospital Vandeikya II,Benue,Vandeikya,31/08/2022,613,1,0,469,5,101,0,0,390,5,323,279,239,2022-09-18,M&E Officer
RIV003,Comprehensive Health Centre Khana,Rivers,Khana,2024-09-30,302,15,11,1095,12,93,1,0,,10,995,871,792,2024-10-15,Facility Focal Person
LAG007,Primary Health Centre Ikorodu II,Lagos,Ikorodu,2022-04-30,496,13,11,412,7,105,2,1,378,9,299,219,206,2022-05-13,M&E Officer
LAG008,COTTAGE HOSPITAL LAGOS ISLAND II,Lagos,Lagos Island,30/06/2024,nil,5,3,721,3,37,1,0,489,10,494,284,241,2024-07-18,Data Clerk
RIV011,Model Primary Health Centre Degema II,Rivers,Degema,30/06/2024,468,23,20,952,3,56,2,1,623,11,808,587,498,2024-07-29,M&E Officer
FCT014,General Hospital Kuje II,FCT,Kuje,2024-02-29,NULL,35,31,2511,30,191,10,7,1806,30,1846,1460,1279,2024-03-29,Facility Focal Person
FCT002,General Hospital Bwari,FCT,Bwari,2022-05-31,132,7,4,633,10,40,0,0,383,7,442,413,346,2022-06-29,M&E Officer
KAD006,Specialist Hospital Kaduna North II,Kaduna,Kaduna North,30/11/2022,1565,27,-39,1586,24,244,3,2,1487,35,1440,817,717,2022-12-21,Facility Focal Person
AKS007,Teaching Hospital Ikono,Akwa Ibom,Ikono,2024-07-31,1163,19,17,5274,64,188,2,1,4424,75,3914,3023,2954,2024-08-15,Data Clerk
FCT002,GENERAL HOSPITAL BWARI,FCT,Bwari,Nov-2022,102,1,0,614,6,23,2,1,525,12,462,397,381,2022-12-15,M&E Officer
RIV011,Model Primary Health Centre Degema II,Rivers,Degema,31/12/2023,349,18,17,907,6,41,4,3,828,17,686,514,475,2024-01-11,M&E Officer
XXX999,Primary Health Centre Abaji,FCT,Abaji,2023-03-31,430,9,7,506,9,70,2,1,382,11,404,351,300,2023-04-11,Facility Focal Person
BEN003,  GENERAL HOSPITAL OTUKPO ,Benue,Otukpo,2024-10-31,651,29,26,2293,29,166,1,0,1827,37,1985,1281,1141,2024-11-13,Data Clerk
AKS008,Primary Health Centre Uyo II,AKWA IBOM,Uyo,2023-05-31,99,3,2,86,0,18,0,0,72,0,77,65,53,2023-06-13,Facility Focal Person
RIV004,Model Primary Health Centre Ahoada East,Rivers,Ahoada East,2023-10-31,457,15,10,851,9,90,0,0,545,12,648,474,399,2023-11-13,M&E Officer
NAS007,General Hospital Karu II,Nasarawa,Karu,2024-09-30,813,1,0,2019,31,197,2,1,1128,25,1400,990,879,2024-10-15,Facility Focal Person
LAG003,Teaching Hospital Badagry,Lagos,Badagry,2022-04-30,2661,95,82,6046,102,384,7,5,3497,59,4309,3353,2822,2022-05-13,Data Clerk
FCT005,Primary Health Centre Abaji,FCT,Abaji,Aug-2024,522,13,10,580,1,140,1,0,524,14,409,281,243,2024-09-18,Data Clerk
BEN011,Model Primary Health Centre Katsina-Ala II,Benue,Katsina-Ala,Mar-2022,189,6,4,300,3,50,0,0,205,3,219,163,134,2022-04-15,Data Clerk
CRS002,Comprehensive Health Centre Ikom,Cross River,Ikom,28/02/2022,158,8,6,148,0,31,0,0,129,3,126,81,68,2022-03-21,M&E Officer
FCT008,Teaching Hospital Gwagwalada II,Federal Capital Territory,Gwagwalada,2024-11-30,612,45,42,4701,68,133,7,5,3871,72,3539,2657,2302,2024-12-18,Data Clerk
RIV004,Model Primary Health Centre Ahoada East,Rivers,Ahoada East,2022-01-31,258,7,6,886,14,57,1,0,724,14,765,438,408,2022-02-13,M&E Officer
RIV001,  Model Primary Health Centre Port Harcourt ,Rivers,Port Harcourt,Apr-2022,104,2,1,1149,22,24,0,0,668,16,829,654,610,2022-05-13,Data Clerk
KAD014,General Hospital Sabon Gari II,Kaduna,Sabon Gari,2024-11-30,189,12,11,"2,098",39,46,2,1,1867,36,1815,1583,1510,2024-12-13,Data Clerk
TMP001,  Cottage Hospital Ogoja II ,Cross River,Ogoja,2023-04-30,698,27,26,2210,24,170,4,3,1945,36,1942,1817,1591,2023-05-15,M&E Officer
KAD006,SPECIALIST HOSPITAL KADUNA NORTH II,Kaduna,Kaduna North,2023-10-31,1750,24,20,1683,26,483,8,7,1452 ,18,1564,1282,1103,2023-11-16,Data Clerk
AKS008,Primary Health Centre Uyo II,Akwa Ibom,Uyo,2022-08-31,97,2,1,85,0,11,0,0,73,0,59,42,35,2022-09-18,Facility Focal Person
FCT015,Comprehensive Health Centre Abaji II,FCT,Abaji,2024-03-31,135,5,4,744,1,16,1,0,558,10,546,392,327,2024-04-18,Data Clerk
FCT005,Primary Health Centre Abaji,FCT,Abaji,31/05/2024,466,11,8,562,3,51,1,0,501,5,455,431,367,2024-06-29,Facility Focal Person
RIV011,MODEL PRIMARY HEALTH CENTRE DEGEMA II,Rivers,Degema,30/04/2024,387,16,14,932,11,58,3,2,719,10,781,588,518,2024-05-16,Data Clerk
RIV003,Comprehensive Health Centre Khana,Rivers,Khana,2022-01-31,269,16,13,1054,16,54,0,0,960,17,759,645,627,2022-02-16,Facility Focal Person
RIV014,Cottage Hospital Obio/Akpor II,Rivers,Obio/Akpor,2023-04-30,1109,11,9,634,3,152,0,0,397,4,434,349,298,2023-05-11,Facility Focal Person
NAS007,General Hospital Karu II,Nasarawa,Karu,2024-06-30,968,5,4,2101,5,211,2,1,1507,23,1765,1573,1321,2024-07-11,M&E Officer
BEN003,General Hospital Otukpo,Benue,Otukpo,2022-01-31,426,14,12,2634,10,75,3,2,1712,36,2264,2135,1796,2022-02-13,Data Clerk
AKS007,Teaching Hospital Ikono,Akwa Ibom,Ikono,30/04/2022,544,4,3,6784,27,106,1,0,4013,81,N/A,4600,4334,2022-05-13,Facility Focal Person
NAS010,Teaching Hospital Nasarawa II,Nasarawa,Nasarawa,2024-05-31,2576,123,101,5531,25,783,22,20,4827,80,4111,3572,3330,2024-06-21,Facility Focal Person
AKS014,Primary Health Centre Ikono II,Akwa Ibom,Ikono,2023-06-30,254,14,11,611,1,62,2,1,554,11,523,457,396,2023-07-18,Facility Focal Person
XXX999,Teaching Hospital Kaduna South,Kaduna,Kaduna South,2024-12-31,1723,26,22,3450,47,398,6,5,2558,44,3093,1941,1628,2025-01-13,Facility Focal Person
CRS005,Teaching Hospital Akamkpa,Cross River,Akamkpa,2023-07-31,1094,44,40,4225,51,294,13,12,2868,50,3633,2918,2708,2023-08-11,Facility Focal Person
TMP001,  Primary Health Centre Uyo II ,Akwa Ibom,Uyo,2022-07-31,95,2,1,84,0,28,0,0,59,0,65,51,48,2022-08-16,M&E Officer
CRS007,Model Primary Health Centre Ikom II,Cross River,Ikom,2022-03-31,97,4,3,315,2,24,0,0,178,5,227,138,117,2022-04-15,Data Clerk
AKS011,  Comprehensive Health Centre Etinan II ,Akwa Ibom,Etinan,2024-03-31,105,2,1,328,4,27,0,0,307,3,263,148,136,2024-04-15,Data Clerk
RIV009,Mission Hospital Khana II,RIVERS,Khana,2023-08-31,560,10,8,802,4,65,0,0,584,8,662,620,548,2023-09-18,Data Clerk
FCT009,Model Primary Health Centre Kuje II,FCT,Kuje,31/08/2023,189,5,3,463,4,25,1,0,390,4,396,368,352,2023-09-13,Data Clerk
CRS005,TEACHING HOSPITAL AKAMKPA,Cross River,Akamkpa,Dec-2022,599,22,20,4361,88,68,0,0,3111,41,3815,2704,2376,2023-01-15,M&E Officer
KAD014,  General Hospital Sabon Gari II ,Kaduna,Sabon Gari,2023-01-31,164,2,1,2575,15,34,0,0,2050,34,1834,1351,1115,2023-02-11,Data Clerk
CRS006,Primary Health Centre Calabar Municipal II,Cross River,Calabar Municipal,2022-10-31,359,15,12,1294,5,88,4,3,1039,17,881,672,608,2022-11-13,Facility Focal Person
KAD015,General Hospital Chikun II,Kaduna,Chikun,2024-07-31,367,4,3,1555,6,100,2,1,1270,15,1392,800,744,2024-08-21,Data Clerk
FCT006,  Mission Hospital AMAC II ,FCT,AMAC,2022-12-31,650,23,nil,2267,42,102,1,0,1685,31,1851,1384,1343,2023-01-11,Facility Focal Person
NAS999,Model Primary Health Centre Katsina-Ala,Benue,Katsina-Ala,31/10/2022,359,5,4,456,3,107,2,1,343,6,323,222,194,2022-11-18,Data Clerk
NAS007,General Hospital Karu II,Nasarawa,Karu,2023-06-30,745,2,1,2266,6,81,0,0,1788,23,2061,1305,1124,2023-08-15,Data Clerk
LAG006,  Specialist Hospital Alimosho ,Lagos,Alimosho,2024-11-30,935,12,10,4421,28,132,1,0,4049,80,3897,2710,2570,2024-12-15,Facility Focal Person
CRS005,Teaching Hospital Akamkpa,Cross River,Akamkpa,2023-01-31,972,38,27,4346,42,184,2,1,3381,66,3589,3323,3176,2023-02-13,Data Clerk
KAD010,Cottage Hospital Chikun II,Kaduna,Chikun,30/06/2024,373,20,15,969,2,69,0,0,877,16,794,487,450,2024-07-21,M&E Officer
KAD015,General Hospital Chikun II,Kaduna,Chikun,2022-02-28,351,9,8,1964,24,90,2,1,1191,23,1542,1289,1219,2022-03-16,Facility Focal Person
BEN001,MISSION HOSPITAL MAKURDI,Benue,Makurdi,2023-04-30,738,3,2,1939,12,221,0,0,1380 ,26,1372,1149,1058,2023-05-16,Data Clerk
CRS008,Cottage Hospital Ogoja II,Cross River,Ogoja,31/08/2022,690,26,21,2366,14,166,8,6,1605,27,2171,1521,1263,2022-09-13,Data Clerk
LAG012,  Primary Health Centre Alimosho II ,Lagos,Alimosho,Nov-2022,204,7,6,623,11,24,0,0,585,11,548,481,407,2022-12-29,M&E Officer
BEN007,Specialist Hospital Makurdi II,Benue,Makurdi,May-2024,352,8,7,1845,14,57,1,0,1405,28,1612,1407,1276,2024-06-13,Facility Focal Person
lag002,  SPECIALIST HOSPITAL LAGOS ISLAND ,Lagos,Lagos Island,2023-07-31,1716,84,60,5820,112,182,5,4,4702,87,5124,3107,2754,2023-08-11,M&E Officer
AKS015,Mission Hospital Uyo II,Akwa Ibom,Uyo,30/04/2022,723,37,34,2475,8,108,2,1,1908,30,2008,1291,1262,2022-05-15,M&E Officer
AKS001,  Comprehensive Health Centre Uyo ,Akwa-Ibom,Uyo,2022-08-31,630,3,2,315,0,201,1,0,278,5,263,240,220,2022-09-11,M&E Officer
NAS999,  Mission Hospital Zaria ,Kaduna,Zaria,2023-03-31,1191,60,52,2644,49,256,7,6,,45,2289,1650,1450,2023-04-11,Data Clerk
FCT013,COTTAGE HOSPITAL GWAGWALADA II,FCT,Gwagwalada,30/06/2023,1398,14,11,1322,12,352,3,2,1097,12,904,561,471,2023-07-16,M&E Officer
FCT012,Mission Hospital Bwari II,FCT,Bwari,31/03/2023,898,37,29,2751,19,162,0,0,1834,38,2508,1746,1615,2023-04-18,Facility Focal Person
FCT010,Model Primary Health Centre Abaji II,FCT,Abaji,2023-02-28,326,8,7,333,1,40,0,0,239,3,261,209,  ,2023-03-13,Facility Focal Person
TMP001,Comprehensive Health Centre Obudu II,Cross River,Obudu,2024-01-31,316,5,4,168,0,58,0,0,97,1,130,77,70,2024-02-18,Data Clerk
BEN011,Model Primary Health Centre Katsina-Ala II,Benue,Katsina-Ala,2023-03-31,213,10,7,332,5,66,3,2,278,8,229,127,112,2023-04-18,M&E Officer
LAG013,  Specialist Hospital Ikorodu II ,Lagos,Ikorodu,2022-06-30,2216,136,126,6021,24,396,12,11,3987,64,5435,4928,4526,2022-07-15,Data Clerk
AKS011,Comprehensive Health Centre Etinan II,Akwa Ibom,Etinan,2023-07-31,140,11,9,323,5,40,2,1,249,4,292,195,188,2023-08-21,Data Clerk
CRS003,Specialist Hospital Ogoja,Cross River,Ogoja,2023-10-31,1136,58,53,5222,78,306,10,9,3132,58,3718,2132,1965,2023-11-13,Data Clerk
KAD004,Specialist Hospital Sabon Gari,Kaduna,Sabon Gari,Jul-2024,3809,253,191,5639,44,782,34,30,4532,80,3925,3720,3080,2024-08-16,M&E Officer
RIV004,Model Primary Health Centre Ahoada East,Rivers,Ahoada East,2024-07-31,550,16,15,858,3,106,2,1,715,11,746,561,485,2024-08-16,Facility Focal Person
RIV007,Primary Health Centre Port Harcourt II,RIVERS,Port Harcourt,2023-06-30,624,6,4,658,3,125,1,0,522,6,556,448,407,2023-07-16,M&E Officer
lag004,Comprehensive Health Centre Surulere,Lagos,Surulere,2022-06-30,534,13,9,629,5,98,0,0,492,12,538,455,432,2022-07-11,M&E Officer
RIV014,Cottage Hospital Obio/Akpor II,Rivers,Obio/Akpor,2022-04-30,975,6,4,609,7,135,2,1,407,11,414,310,281,2022-06-15,M&E Officer
LAG014,COTTAGE HOSPITAL LAGOS ISLAND II,Lagos,Lagos Island,2023-02-28,595,6,4,1866,24,76,1,0,1706,34,  ,1289,1189,2023-03-16,Data Clerk
KAD013,  Specialist Hospital Zaria II ,Kaduna,Zaria,2022-06-30,1882,77,75,1698,15,559,11,10,1283,24,1526,1149,1083,2022-07-11,Facility Focal Person
CRS002,Comprehensive Health Centre Ikom,Cross River,Ikom,2022-09-30,178,12,9,182,2,43,4,3,163,4,134,99,88,2022-10-16,Data Clerk
LAG099,General Hospital Ikot Ekpene,Akwa Ibom,Ikot Ekpene,2024-06-30,384,3,2,550,11,56,0,0,512,8,452,269,223,2024-07-13,M&E Officer
CRS011,COMPREHENSIVE HEALTH CENTRE CALABAR MUNICIPAL II,Cross River,Calabar Municipal,2024-02-29,418,9,7,489,1,47,0,0,279,3,401,287,250,2024-03-21,Facility Focal Person
CRS012,  Model Primary Health Centre Ikom II ,cross river,Ikom,2024-11-30,361,5,4,738,14,114,0,0,556,11,623,484,435,2024-12-18,M&E Officer
CRS013,Mission Hospital Ogoja II,Cross River,Ogoja,31/12/2022,129,5,3,841,13,36,1,0,676,12,707,506,477,2023-01-13,Facility Focal Person
FCT001,MISSION HOSPITAL AMAC,Federal Capital Territory,AMAC,2024-04-30,1011,7,6,1182,20,168,1,0,1055,18,970,N/A,636,2024-05-11,Facility Focal Person
RIV004,Model Primary Health Centre Ahoada East,Rivers,Ahoada East,2024-08-31,550,9,6,849,15,102,2,1,627,16,651,437,421,2024-09-15,M&E Officer
FCT005,Primary Health Centre Abaji,Federal Capital Territory,Abaji,2023-10-31,510,10,8,537,9,54,121,0,329,4,491,303,252,2023-11-16,M&E Officer
LAG099,Teaching Hospital Akwanga II,Nasarawa,Akwanga,2022-02-28,1172,43,31,4629,69,307,6,4,3388 ,60,3173,1830,1618,2022-03-16,M&E Officer
RIV007,Primary Health Centre Port Harcourt II,Rivers,Port Harcourt,29/02/2024,433,4,2,628,5,135,1,0,487,11,449,296,289,2024-03-13,M&E Officer
KAD015,GENERAL HOSPITAL CHIKUN II,Kaduna,Chikun,31/07/2023,432,8,7,1704,9,78,3,2,1109,17,1545,1252,1101,2023-08-15,Facility Focal Person
RIV003,Comprehensive Health Centre Khana,Rivers,Khana,2023-04-30,368,NULL,13,1030,15,49,4,3,822,13,724,523,438,2023-05-16,Data Clerk
LAG010,Primary Health Centre Surulere II,Lagos,Surulere,Feb-2024,534,22,18,965,6,57,1,0,866,12,879,526,448,2024-03-15,Data Clerk
LAG006,SPECIALIST HOSPITAL ALIMOSHO,Lagos,Alimosho,2023-06-30,1131,25,17,4918,86,230,2,1,3889,75,3473,3086,2799,2023-07-15,Data Clerk
LAG011,Cottage Hospital Agege II,Lagos,Agege,2024-03-31,693,15,13,1609,14,216,4,3,1377,18,1142,729,697,2024-04-16,M&E Officer
NAS014,Teaching Hospital Akwanga II,Nasarawa,Akwanga,31/12/2024,1796,52,39,5122,14,488,4,3,3016,53,4019,3039,2755,2025-01-15,Data Clerk
NAS012,Mission Hospital Karu II,Nasarawa,Karu,2022-06-30,809,24,17,1338,10,175,5,4,1154,23,1195,855,835,2022-07-16,M&E Officer
RIV010,  Teaching Hospital Ahoada East II ,rivers ,Ahoada East,2023-08-31,778,14,12,3122,18,231,4,3,2838,46,2738,2061,1845,2023-09-15,Facility Focal Person
BEN001,Mission Hospital Makurdi,Benue,Makurdi,2022-12-31,644,2,1,1961,15,140,0,0,1621,34,1533,1197,1134,2023-01-21,M&E Officer
AKS011,Comprehensive Health Centre Etinan II,Akwa Ibom,Etinan,2023-11-30,104,5,3,333,0,32,1,0,284,6,239,194,160,2023-12-15,M&E Officer
LAG004,Comprehensive Health Centre Surulere,Lagos,Surulere,2022-05-31,506,3,2,625,8,95,2,1,431,9,434,264,241,2022-06-29,Facility Focal Person
CRS005,Teaching Hospital Akamkpa,Cross River,Akamkpa,30/04/2023,748,25,19,4270,70,221,2,1,3449,51,3936,3720,3245,2023-05-13,Facility Focal Person
LAG009,Mission Hospital Badagry II,Lagos,Badagry,2024-10-31,505,13,12,2286,32,102,1,0,1620,31,1826,1667,1435,2024-11-11,M&E Officer
KAD006,Specialist Hospital Kaduna North II,Kaduna,Kaduna North,2024-08-31,2373,39,36,"1,754",7,593,9,7,1293,26,1450,963,938,2024-09-18,Facility Focal Person
AKS001,  Comprehensive Health Centre Uyo ,Akwa Ibom,Uyo,2024-08-31,807,6,4,323,4,184,0,0,233,1,261,176,154,2024-09-11,Data Clerk
FCT013,Cottage Hospital Gwagwalada II,FCT,Gwagwalada,2023-04-30,877,8,6,1340,13,232,0,0,955,23,1241,691,667,2023-05-29,M&E Officer
CRS011,Comprehensive Health Centre Calabar Municipal II,Cross River,Calabar Municipal,28/02/2023,302,5,3,459,1,72,0,0,429,9,315,173,164,2023-03-16,M&E Officer
CRS006,Primary Health Centre Calabar Municipal II,cross river,Calabar Municipal,Jul-2023,648,30,27,1346,20,89,2,1,1254,31,1200,869,732,2023-08-29,Facility Focal Person
RIV002,Teaching Hospital Obio/Akpor,Rivers,Obio/Akpor,2024-11-30,1747,30,22,4168,68,552,4,3,3700,77,3143,2051,1822,2024-12-13,Facility Focal Person
RIV001,Model Primary Health Centre Port Harcourt,Rivers,Port Harcourt,2024-07-31,128,1,0,819,12,18,0,0,507,7,752,487,399,2024-08-18,Facility Focal Person
FCT006,Mission Hospital AMAC II,FCT,AMAC,2024-07-31,1052,41,35,2134,42,219,4,3,1687,28,1708,1416,1255,2024-08-15,Data Clerk
AKS010,GENERAL HOSPITAL EKET II,Akwa Ibom,Eket,2023-08-31,716,5,4,1668,5,125,1,0,1339,19,1509,1166,1095,2023-09-11,Facility Focal Person
FCT006,Mission Hospital AMAC II,FCT,AMAC,2022-09-30,773,21,17,2317,8,220,5,4,1742,32,N/A,1099,1023,2022-10-15,Data Clerk
LAG004,Comprehensive Health Centre Surulere,Lagos,Surulere,Jul-2022,450,5,4,630,3,96,1,0,594,9,557,454,411,2022-08-24,Facility Focal Person
NAS011,Mission Hospital Lafia II,Nasarawa,Lafia,2022-06-30,992,17,13,2754,33,233,3,2,1672,27,2097,1896,1740,2022-07-15,M&E Officer
NAS001,MODEL PRIMARY HEALTH CENTRE LAFIA,Nasarawa,Lafia,Apr-2024,216,2,1,403,2,31,109,0,366,10,363,210,188,2024-05-15,Data Clerk
NAS004,COTTAGE HOSPITAL AKWANGA,Nasarawa,Akwanga,2023-06-30,362,9,8,485,1,74,0,0,404,7,422,376,354,2023-07-18,M&E Officer
LAG099,Model Primary Health Centre Zaria II,Kaduna,Zaria,Feb-2024,nil,12,,1168,11,78,100,1,907,16,1005,848,734,2024-04-15,Data Clerk
NAS012,  Mission Hospital Karu II ,Nasarawa,Karu,2024-05-31,1018,33,26,1359,13,196,2,1,866,7,1079,602,513,2024-06-16,M&E Officer
KAD008,Model Primary Health Centre Zaria II,Kaduna,Zaria,30/04/2023,342,11,10,1199,18,60,2,1,710,13,869,533,450,2023-05-18,Facility Focal Person
NAS006,  Primary Health Centre Lafia II ,Nasarawa,Lafia,2023-09-30,351,21,  ,971,7,72,1,0,615,11,683,593,571,2023-10-15,Facility Focal Person
BEN002,Specialist Hospital Gboko,Benue,Gboko,2023-08-31,2353,29,26,4555,14,610,7,6,4124,56,3335,3117,2579,2023-09-13,M&E Officer
FCT010,Model Primary Health Centre Abaji II,FCT,Abaji,2024-09-30,618,15,12,506,6,196,2,1,292,1,401,361,338,2024-10-11,M&E Officer
BEN014,Comprehensive Health Centre Gboko II,Benue,Gboko,2022-11-30,383,3,2,851,10,52,0,0,617,7,714,587,524,2022-12-11,M&E Officer
RIV009,Mission Hospital Khana II,Rivers,Khana,2023-02-28,344,3,2,817,5,75,0,0,673,10,674,374,339,2023-03-13,M&E Officer
kad009,Model Primary Health Centre Sabon Gari II,Kaduna,Sabon Gari,Aug-2023,508,19,17,848,2,151,2,1,730,19,671,490,437,2023-09-15,M&E Officer
LAG002,Specialist Hospital Lagos Island,Lagos,Lagos Island,2022-11-30,1756,80,72,5753,100,255,10,8,3765,64,4289,3828,3412,2022-12-18,Facility Focal Person
BEN013,Model Primary Health Centre Makurdi II,Benue,Makurdi,31/10/2022,506,12,11,432,5,72,3,2,359,5,371,222,182,2022-11-11,Data Clerk
RIV012,PRIMARY HEALTH CENTRE ELEME II,rivers ,Eleme,2024-06-30,682,19,14,1029,17,125,0,0,905,12,762,669,N/A,2024-07-15,Facility Focal Person
AKS015,Mission Hospital Uyo II,Akwa Ibom,Uyo,Jan-2024,639,28,,2432,29,201,2,1,1859,42,2090,N/A,1324,2024-02-18,Data Clerk
AKS005,Comprehensive Health Centre Oron,AKWA IBOM,Oron,2024-09-30,157,2,1,963,12,42,0,0,624,10,672,544,483,2024-10-13,Facility Focal Person
AKS012,Cottage Hospital Oron II,akwa ibom,Oron,2024-03-31,1046,30,28,1109,15,248,8,6,900,25,933,779,675,2024-05-16,M&E Officer
FCT004,Model Primary Health Centre Kuje,FCT,Kuje,2024-12-31,318,13,9,1229,21,61,1,0,872,15,1104,951,832,2025-01-15,M&E Officer
NAS003,Cottage Hospital Keffi,Nasarawa,Keffi,30/09/2024,326,4,3,1425,25,104,0,0,850,17,1101,1021,893,2024-10-11,M&E Officer
KAD010,Cottage Hospital Chikun II,Kaduna,Chikun,31/03/2022,231,9,6,941,2,41,1,0,872,13,697,438,394,2022-04-13,M&E Officer
BEN009,PRIMARY HEALTH CENTRE OTUKPO II,Benue,Otukpo,2023-02-28,268,4,-,461,9,74,0,0,407,5,353,405,254,2023-03-16,Data Clerk
RIV001,Model Primary Health Centre Port Harcourt,Rivers,Port Harcourt,30/09/2024,112,0,0,804,5,14,0,0,728,15,601,526,465,2024-10-16,Data Clerk
KAD002,Teaching Hospital Kaduna South,Kaduna,Kaduna South,2023-07-31,1972,25,23,3969,32,584,3,2,2216,53,2812,2612,2358,2023-08-13,Facility Focal Person
AKS009,Primary Health Centre Ikot Ekpene II,Akwa Ibom,Ikot Ekpene,2022-01-31,63,2,1,239,0,,0,0,184,3,177,119,108,2022-02-11,M&E Officer
TMP001,Comprehensive Health Centre Surulere,Lagos,Surulere,2023-06-30,618,12,10,623,1,185,1,0,561,5,  ,483,468,2023-07-15,Data Clerk
CRS006,PRIMARY HEALTH CENTRE CALABAR MUNICIPAL II,Cross River,Calabar Municipal,31/03/2024,435,23,19,1351,23,63,0,0,,18,992,845,792,2024-04-29,Facility Focal Person
CRS009,  Comprehensive Health Centre Obudu II ,Cross River,Obudu,2024-01-31,588,18,15,897,16,135,3,2,632,11,746,585,560,2024-02-29,M&E Officer
FCT001,  Mission Hospital AMAC ,FCT,AMAC,2023-05-31,1179,11,9,1262,21,327,0,0,1198,25,1150,677,600,2023-06-16,Facility Focal Person
LAG015,Model Primary Health Centre Badagry II,Lagos,Badagry,2022-11-30,N/A,9,6,1123,8,30,0,0,924,13,813,,590,2022-12-21,M&E Officer
FCT010,Model Primary Health Centre Abaji II,FCT,Abaji,2024-07-31,643,21,18,495,5,192,2,1,387,8,449,404,344,2024-08-13,M&E Officer
LAG011,Cottage Hospital Agege II,Lagos,Agege,2024-12-31,598,8,7,1534,18,183,1,0,1116,13,1089,704,689,2025-01-15,Data Clerk
KAD012,Comprehensive Health Centre Kaduna South II,Kaduna,Kaduna South,2023-05-31,465,12,8,646,7,93,2,1,582,12,547,444,414,2023-06-11,Facility Focal Person
KAD008,MODEL PRIMARY HEALTH CENTRE ZARIA II,Kaduna,Zaria,2022-05-31,270,12,9,1224,22,46,2,1,1134,19,837,599,541,2022-06-13,Facility Focal Person
LAG014,COTTAGE HOSPITAL LAGOS ISLAND II,Lagos,Lagos Island,31/05/2024,865,9,7,1654,21,213,2,1,967,19,1323,1188,1006,2024-06-11,M&E Officer
FCT003,Specialist Hospital Gwagwalada,FCT,Gwagwalada,2024-05-31,716,17,14,5154,11,149,2,1,3646,73,3946,3741,3582,2024-06-18,Facility Focal Person
AKS011,Comprehensive Health Centre Etinan II,Akwa Ibom,Etinan,2023-12-31,108,4,3,330,6,21,0,0,208,2,243,155,146,2024-01-13,Facility Focal Person
CRS014,Comprehensive Health Centre Obudu II,Cross River,Obudu,2022-04-30,341,12,9,85,1,79,3,2,58,1,69,45,41,2022-06-15,M&E Officer
AKS011,Comprehensive Health Centre Etinan II,Akwa Ibom,Etinan,2022-11-30,103,2,1,303,0,11,0,0,250,5,261,147,137,2022-12-16,M&E Officer
KAD011,Primary Health Centre Kaduna North II,Kaduna,Kaduna North,Feb-2022,178,7,5,540,6,40,0,0,408,4,477,391,338,2022-03-27,Facility Focal Person
FCT003,Specialist Hospital Gwagwalada,fct,Gwagwalada,2022-11-30,451,13,10,6267,18,119,3,2,3540,59,5550,3469,2941,2022-12-11,M&E Officer
NAS013,General Hospital Keffi II,Nasarawa,Keffi,2023-04-30,519,25,22,1616,27,128,2,1,1416,27,1168,685,632,2023-05-11,Data Clerk
BEN001,MISSION HOSPITAL MAKURDI,Benue,Makurdi,Feb-2024,1000,6,4,1774,9,310,3,2,1133,22,1366,1057,976,2024-03-16,Data Clerk
FCT011,Cottage Hospital AMAC II,FCT,AMAC,2023-08-31,402,15,11,2150,12,47,1,0,1964,26,1859,1707,1415,2023-09-21,Facility Focal Person
LAG004,COMPREHENSIVE HEALTH CENTRE SURULERE,Lagos,Surulere,2024-05-31,513,9,8,616,7,70,0,0,480,10,443,402,393,2024-06-13,Facility Focal Person
KAD011,Primary Health Centre Kaduna North II,Kaduna,Kaduna North,2024-07-31,329,12,10,587,1,95,2,1,439,14,488,454,410,2024-08-29,Data Clerk
LAG001,PRIMARY HEALTH CENTRE IKORODU,Lagos,Ikorodu,2022-01-31,314,9,6,176,0,94,2,1,121,2,120,80,68,2022-02-16,Facility Focal Person
AKS004,Comprehensive Health Centre Etinan,Akwa-Ibom,Etinan,2024-10-31,259,6,5,919,14,48,1,0,735,10,764,462,382,2024-11-11,Facility Focal Person
NAS007,General Hospital Karu II,Nasarawa,Karu,2024-07-31,954,2,1,2062,40,197,0,0,1936,28,1438,808,714,2024-08-13,M&E Officer
AKS014,Primary Health Centre Ikono II,akwa ibom,Ikono,2023-12-31,241,7,5,616,8,70,2,1,495,5,474,320,304,2024-01-11,Data Clerk
LAG013,Specialist Hospital Ikorodu II,Lagos,Ikorodu,2023-07-31,2726,86,79,"6,059",52,693,13,11,4287,71,4468,3526,2987,2023-08-29,Facility Focal Person
AKS006,Primary Health Centre Abak,Akwa-Ibom,Abak,Jul-2023,522,13,9,369,2,137,2,1,290,4,301,211,191,2023-08-13,M&E Officer
KAD014,General Hospital Sabon Gari II,Kaduna,Sabon Gari,2024-02-29,219,8,7,2294,40,40,0,0,1493,23,1795,1176,1126,2024-03-15,M&E Officer
NAS015,Specialist Hospital Nasarawa II,Nasarawa,Nasarawa,2022-08-31,975,44,36,3127,41,206,6,4,2148,34,2247,1574,1406,2022-09-11,M&E Officer
BEN003,GENERAL HOSPITAL OTUKPO,Benue,Otukpo,2023-08-31,588,26,20,2458,20,64,2,1,2010,33,2280,1542,1509,2023-09-16,Facility Focal Person
BEN005,Model Primary Health Centre Katsina-Ala,Benue,Katsina-Ala,31/03/2022,569,19,16,419,6,91,2,1,396,7,382,266,220,2022-04-13,M&E Officer
LAG012,Primary Health Centre Alimosho II,Lagos,Alimosho,2022-12-31,236,11,9,624,8,55,0,0,564,6,424,234,221,2023-01-21,Facility Focal Person
BEN010,Model Primary Health Centre Okpokwu II,Benue,Okpokwu,2023-11-30,353,2,1,731,4,106,0,0,513,6,649,547,493,2023-12-13,Data Clerk
crs009,Comprehensive Health Centre Obudu II,Cross River,Obudu,Feb-2022,400,29,21,693,8,54,0,0,595,16,611,384,357,2022-03-16,Facility Focal Person
LAG004,Comprehensive Health Centre Surulere,Lagos,Surulere,2023-05-31,495,9,7,614,12,53,0,0,577,10,423,361,324,2023-06-11,Facility Focal Person
NAS003,Cottage Hospital Keffi,Nasarawa,Keffi,2024-04-30,308,5,4,1509,25,78,0,0,1342,20,1335,1157,1122,2024-05-21,Data Clerk
NAS006,Primary Health Centre Lafia II,Nasarawa,Lafia,2024-11-30,262,11,9,937,11,30,0,0,775,12,737,519,427,2024-12-13,Data Clerk
AKS006,Primary Health Centre Abak,Akwa Ibom,Abak,2023-04-30,529,13,9,348,3,75,0,0,261,2,300,205,174,2023-05-18,Facility Focal Person
BEN014,COMPREHENSIVE HEALTH CENTRE GBOKO II,Benue,Gboko,2023-01-31,418,2,1,848,6,129,0,0,511,8,671,562,465,2023-03-01,Data Clerk
CRS005,TEACHING HOSPITAL AKAMKPA,Cross River,Akamkpa,2024-09-30,1429,54,,4094,43,238,2,1,2813,47,2848,2265,2185,2024-10-11,Data Clerk
RIV010,TEACHING HOSPITAL AHOADA EAST II,Rivers,Ahoada East,30/11/2022,513,20,19,3214,9,113,3,2,2369,40,2764,2449,2096,2022-12-13,M&E Officer
NAS009,Cottage Hospital Akwanga II,Nasarawa,Akwanga,2023-04-30,1256,4,3,473,6,194,0,0,404,448,391,267,220,2023-05-11,M&E Officer
NAS005,Mission Hospital Nasarawa,Nasarawa,Nasarawa,2023-05-31,1514,28,24,464,1,307,3,2,300,2,343,232,211,2023-06-13,Data Clerk
KAD003,Mission Hospital Zaria,Kaduna,Zaria,2023-01-31,1078,42,40,2621,31,232,6,5,1606,32,1968,1089,995,2023-02-13,M&E Officer
RIV009,Mission Hospital Khana II,rivers ,Khana,2023-01-31,320,2,1,820,2,85,2,1,586,11,572,511,nil,2023-02-15,Facility Focal Person
FCT007,Specialist Hospital Bwari II,fct,Bwari,2024-04-30,3115,95,85,4199,10,628,13,10,2901,66,3503,2684,2405,2024-05-21,Data Clerk
RIV002,Teaching Hospital Obio/Akpor,Rivers,Obio/Akpor,2022-06-30,2139,55,46,4872,71,391,4,3,3766,59,4459,3979,3310,2022-07-29,Data Clerk
CRS010,Comprehensive Health Centre Akamkpa II,Cross River,Akamkpa,2024-10-31,80,2,1,334,3,21,0,0,288,3,275,187,181,2024-11-16,Facility Focal Person
FCT011,Cottage Hospital AMAC II,FCT,AMAC,2023-09-30,350,8,6,2134,22,98,1,0,1809,39,1692,1309,1230,2023-10-11,Data Clerk
CRS005,  Teaching Hospital Akamkpa ,Cross River,Akamkpa,Jan-2024,849,  ,24,4206,70,264,5,4,2647,47,3590,3004,2702,2024-02-15,Data Clerk
RIV011,  Model Primary Health Centre Degema II ,Rivers,Degema,30/06/2022,373,13,10,875,10,57,1,0,519,8,612,463,432,2022-07-29,M&E Officer
RIV003,Comprehensive Health Centre Khana,Rivers,Khana,Aug-2023,348,8,6,1030,10,48,3,2,585,11,754,465,436,2023-09-29,Data Clerk
FCT008,Teaching Hospital Gwagwalada II,FCT,Gwagwalada,2022-10-31,583,18,16,5257,74,107,2,1,4284,79,3624,3692,2441,2022-11-11,Facility Focal Person
BEN015,Primary Health Centre Otukpo II,Benue,Otukpo,2023-07-31,180,8,7,786,10,37,1,0,656,9,664,436,411,2023-08-13,M&E Officer
AKS005,Comprehensive Health Centre Oron,Akwa Ibom,Oron,2023-07-31,167,2,1,1097,21,17,0,0,821 ,12,755,591,499,2023-08-11,Data Clerk
NAS008,  Comprehensive Health Centre Keffi II ,Nasarawa,Keffi,2024-03-31,81,3,2,778,12,20,0,0,623,10,609,539,496,2024-04-15,M&E Officer
LAG012,Primary Health Centre Alimosho II,Lagos,Alimosho,29/02/2024,272,10,7,649,4,83,0,0,N/A,12,569,386,346,2024-04-15,Data Clerk
NAS003,Cottage Hospital Keffi,Nasarawa,Keffi,2022-09-30,297,4,3,"1,806",26,47,0,0,1566,26,,1042,919,2022-10-21,Facility Focal Person
FCT013,Cottage Hospital Gwagwalada II,FCT,Gwagwalada,2024-12-31,972,10,9,"1,234",17,174,1,0,1054,15,855,605,535,2025-01-16,Facility Focal Person
RIV003,Comprehensive Health Centre Khana,RIVERS,Khana,2022-06-30,342,9,N/A,1064,19,109,4,3,818,15,869,755,721,2022-07-21,Facility Focal Person
NAS011,MISSION HOSPITAL LAFIA II,Nasarawa,Lafia,2022-10-31,1081,9,7,2716,14,224,3,2,1843,31,1870,1251,1095,2022-11-15,Data Clerk
BEN010,Model Primary Health Centre Okpokwu II,Benue,Okpokwu,31/08/2024,436,6,5,701,10,128,1,0,420,2,478,289,242,2024-09-29,Facility Focal Person
RIV011,MODEL PRIMARY HEALTH CENTRE DEGEMA II,Rivers,Degema,2024-02-29,403,18,13,914,7,76,1,0,824,9,657,592,561,2024-03-16,Data Clerk
CRS003,  Specialist Hospital Ogoja ,Cross-River,Ogoja,2024-05-31,15430,50,35,5132,59,409,12,10,4792,74,4226,3727,3114,2024-06-15,M&E Officer
riv001,Model Primary Health Centre Port Harcourt,Rivers,Port Harcourt,2022-08-31,121,0,0,1078,14,35,1,0,666,16,962,538,501,2022-09-18,Facility Focal Person
KAD015,General Hospital Chikun II,Kaduna,Chikun,2023-03-31,384,3,NULL,1728,27,114,1,0,1266,24,1252,866,785,2023-04-11,Facility Focal Person
BEN014,Comprehensive Health Centre Gboko II,Benue,Gboko,2023-11-30,401,3,2,783,14,92,1,0,727,16,680,503,468,2023-12-21,M&E Officer
BEN015,Primary Health Centre Otukpo II,Benue,Otukpo,2023-01-31,129,5,4,829,16,21,1,0,607,5,569,348,305,2023-03-18,Facility Focal Person
LAG003,Teaching Hospital Badagry,Lagos,Badagry,Sep-2024,3167,150,123,6948,40,799,25,24,5301,101,6043,3400,3186,2024-10-13,M&E Officer
FCT009,MODEL PRIMARY HEALTH CENTRE KUJE II,FCT,Kuje,2024-03-31,156,7,6,476,3,22,1,0,321,9,419,303,289,2024-04-15,M&E Officer
LAG007,Primary Health Centre Ikorodu II,Lagos,Ikorodu,2024-06-30,513,14,13,616,10,83,0,0,464,6,434,396,330,2024-07-21,Data Clerk
KAD014,GENERAL HOSPITAL SABON GARI II,Kaduna,Sabon Gari,2022-12-31,174,4,3,2589,15,26,1,0,1823,36,-,1744,1590,2023-01-11,Facility Focal Person
CRS015,Model Primary Health Centre Akamkpa II,Cross River,Akamkpa,2022-01-31,61,1,0,638,5,11,0,0,545,17,464,405,337,2022-01-19,M&E Officer
RIV002,Teaching Hospital Obio/Akpor,rivers ,Obio/Akpor,Dec-2024,1571,18,12,4156,24,169,2,1,2399,36,2992,1951,1686,2025-01-13,Facility Focal Person
BEN008,TEACHING HOSPITAL GBOKO II,Benue,Gboko,Sep-2022,N/A,68,55,6249,27,576,4,3,5719,104,4840,3568,3228,2022-10-21,Data Clerk
CRS003,Specialist Hospital Ogoja,Cross River,Ogoja,2023-12-31,1565,70,56,5221,71,341,5,4,4201,94,3652,2326,2272,2024-01-15,M&E Officer
RIV003,Comprehensive Health Centre Khana,Rivers,Khana,2024-05-31,472,18,17,1065,4,128,4,3,930,15,909,560,489,2024-06-13,Data Clerk
riv011,Model Primary Health Centre Degema II,Rivers,Degema,31/07/2024,465,19,15,956,11,63,2,1,789,15,888,637,596,2024-08-15,M&E Officer
FCT005,PRIMARY HEALTH CENTRE ABAJI,FCT,Abaji,2024-10-31,507,15,12,576,11,144,1,0,,11,446,319,268,2024-12-16,Data Clerk
CRS003,SPECIALIST HOSPITAL OGOJA,Cross River,Ogoja,2023-03-31,1655,53,52,5327,83,287,2,1,4812,90,4253,2572,2294,2023-04-15,M&E Officer
RIV006,COTTAGE HOSPITAL ELEME,Rivers,Eleme,2023-11-30,1181,nil,69,2675,10,327,9,8,2078,33,2406,2059,1735,2023-12-15,Data Clerk
XXX999,Comprehensive Health Centre Khana,Rivers,Khana,2024-02-29,422,21,17,1066,2,55,2,1,639,9,746,701,637,2024-03-15,Data Clerk
LAG007,Primary Health Centre Ikorodu II,Lagos,Ikorodu,2022-02-28,419,8,7,403,4,93,3,2,366,4,351,259,249,2022-03-16,Facility Focal Person
KAD002,Teaching Hospital Kaduna South,Kaduna,Kaduna South,2024-02-29,1635,15,12,3749,43,488,5,4,2424,39,3081,1991,1857,2024-03-11,Facility Focal Person
CRS006,Primary Health Centre Calabar Municipal II,cross river,Calabar Municipal,2024-07-31,747,34,33,1432,10,136,3,2,1226,19,1093,794,672,2024-08-21,Data Clerk
KAD001,Model Primary Health Centre Kaduna North,Kaduna,Kaduna North,2024-06-30,244,8,6,741,14,39,0,0,475,10,605,473,396,2024-07-13,M&E Officer
FCT008,TEACHING HOSPITAL GWAGWALADA II,FCT,Gwagwalada,2023-06-30,1011,42,38,5014,68,133,5,4,3936,74,3891,2582,2246,2023-07-21,Facility Focal Person
KAD013,Specialist Hospital Zaria II,Kaduna,Zaria,2022-10-31,2131,111,88,1944,26,537,17,13,1656,28,1419,1263,1168,2022-11-16,M&E Officer
BEN001,Mission Hospital Makurdi,Benue,Makurdi,2023-06-30,1015,7,5,1906,6,165,0,0,1129,20,1611,1352,1213,2023-07-13,Facility Focal Person
FCT005,Primary Health Centre Abaji,FCT,Abaji,2022-12-31,476,4,3,506,3,68,1,0,389,6,386,241,225,2023-01-21,M&E Officer
AKS002,  General Hospital Ikot Ekpene ,AKWA IBOM,Ikot Ekpene,Jan-2023,226,1,0,633,4,69,0,0,492,9,458,392,356,2023-02-18,Data Clerk
kad006,  Specialist Hospital Kaduna North II ,Kaduna,Kaduna North,2022-04-30,1592,24,22,1520,5,253,1,0,1278,24,1198,975,902,2022-05-15,M&E Officer
NAS002,Cottage Hospital Karu,Nasarawa,Karu,2022-09-30,329,2,1,314,1,65,1,0,266,4,,178,172,2022-10-11,Data Clerk
RIV011,MODEL PRIMARY HEALTH CENTRE DEGEMA II,Rivers,Degema,2023-10-31,318,18,13,887,9,44,0,0,833,17,,593,569,2023-11-29,Data Clerk
KAD004,Specialist Hospital Sabon Gari,Kaduna,Sabon Gari,31/07/2023,2990,152,128,4711,83,349,11,9,2631,35,3455,2715,2378,2023-08-18,Facility Focal Person
RIV001,Model Primary Health Centre Port Harcourt,Rivers,Port Harcourt,31/07/2022,99,1,0,1092,-4,nil,0,0,677,18,976,752,717,2022-08-15,Facility Focal Person
CRS013,MISSION HOSPITAL OGOJA II,Cross River,Ogoja,Dec-2024,212,5,3,716,10,21,1,0,513,5,496,361,300,2025-01-16,M&E Officer
RIV007,Primary Health Centre Port Harcourt II,Rivers,Port Harcourt,Jan-2022,314,2,1,743,4,69,0,0,634,8,598,454,400,2022-02-21,Facility Focal Person
KAD014,General Hospital Sabon Gari II,Kaduna,Sabon Gari,2023-07-31,255,9,7,2466,11,54,1,0,1996,29,2057,1152,1121,2023-09-15,M&E Officer
KAD004,SPECIALIST HOSPITAL SABON GARI,Kaduna,Sabon Gari,2023-10-31,2355,104,79,4790,74,310,9,7,3196,60,4384,2887,2578,2023-11-11,M&E Officer
KAD002,Teaching Hospital Kaduna South,Kaduna,Kaduna South,2022-09-30,1618,14,11,4340,31,330,2,1,3407,47,3474,3127,2986,2022-10-15,Data Clerk
LAG001,Primary Health Centre Ikorodu,Lagos,Ikorodu,2024-03-31,531,11,8,356,2,,1,0,304,10,278,234,nil,2024-04-29,Data Clerk
KAD002,Teaching Hospital Kaduna South,Kaduna,Kaduna South,2023-08-31,1735,30,25,3934,60,272,4,3,2192,35,2679,1726,1498,2023-09-13,M&E Officer
FCT003,  Specialist Hospital Gwagwalada ,FCT,Gwagwalada,2022-02-28,499,7,6,6673,46,66,0,0,5482,80,5923,4952,4828,2022-03-18,M&E Officer
NAS012,Mission Hospital Karu II,Nasarawa,Karu,2023-03-31,804,18,17,1327,13,141,5,4,731,13,1085,663,575,2023-04-18,Data Clerk
KAD003,Mission Hospital Zaria,Kaduna,Zaria,2024-03-31,1052,43,37,2810,41,128,6,5,1673,39,2124,1962,1666,2024-04-21,Data Clerk
LAG008,Cottage Hospital Lagos Island II,Lagos,Lagos Island,2023-07-31,94,0,0,783,7,20,0,0,667,13,624,352,303,2023-08-11,Data Clerk
LAG099,COTTAGE HOSPITAL GWAGWALADA II,FCT,Gwagwalada,2022-01-31,836,NULL,10,1435,5,194,5,4,1000,19,1239,903,817,2022-02-16,Facility Focal Person
RIV009,Mission Hospital Khana II,rivers ,Khana,2022-09-30,380,4,3,829,15,111,1,0,591,14,716,550,495,2022-10-13,M&E Officer
FCT007,Specialist Hospital Bwari II,FCT,Bwari,2023-01-31,2121,57,42,4274,81,596,10,8,2632,49,3279,2944,2776,2023-02-13,Facility Focal Person
CRS009,Comprehensive Health Centre Obudu II,Cross River,Obudu,2024-03-31,462,21,20,910,1,105,1,0,538,12,668,572,469,2024-04-16,Facility Focal Person
CRS015,Model Primary Health Centre Akamkpa II,Cross River,Akamkpa,2022-01-31,97,1,0,638,5,11,0,0,545,17,464,405,337,2022-01-28,M&E Officer
KAD010,Cottage Hospital Chikun II,Kaduna,Chikun,2022-01-31,134,6,4,939,13,19,2,1,591,11,833,600,573,2022-02-18,Data Clerk
LAG007,Primary Health Centre Ikorodu II,Lagos,Ikorodu,2024-04-30,498,16,12,598,4,128,1,0,452,4,509,283,236,2024-05-13,M&E Officer
CRS003,Specialist Hospital Ogoja,Cross River,Ogoja,2024-01-31,1451,51,45,5210,56,390,9,7,4322,91,4504,3071,2710,2024-02-16,Data Clerk
BEN015,Primary Health Centre Otukpo II,Benue,Otukpo,2022-03-31,153,2,1,880,8,20,1,0,616,10,641,396,355,2022-04-13,Facility Focal Person
NAS014,Teaching Hospital Akwanga II,Nasarawa,Akwanga,2023-05-31,2451,85,77,4838,43,338,3,2,4296,73,3772,3248,2675,2023-06-13,Data Clerk
LAG099,Specialist Hospital Khana II,Rivers,Khana,2024-03-31,533,35,29,22760,40,57,1,0,1397,30,2044,1909,1809,2024-04-16,Facility Focal Person
NAS014,Teaching Hospital Akwanga II,Nasarawa,Akwanga,2022-09-30,1694,45,41,4836,18,226,3,2,3321,58,3640,2668,2510,2022-10-11,M&E Officer
BEN006,Primary Health Centre Vandeikya,Benue,Vandeikya,2024-04-30,220,5,3,348,2,38,1,0,303,8,297,196,189,2024-05-21,Data Clerk
FCT009,Model Primary Health Centre Kuje II,FCT,Kuje,31/08/2023,189,5,3,463,4,25,1,0,390,4,396,368,352,2023-09-13,Data Clerk
KAD006,SPECIALIST HOSPITAL KADUNA NORTH II,Kaduna,Kaduna North,2024-11-30,2076,24,17,1778,11,651,6,4,1342,19,1454,1115,nil,2024-12-18,M&E Officer
NAS012,Mission Hospital Karu II,Nasarawa,Karu,2024-08-31,1169,14,13,1386,3,164,3,2,1070,20,1025,809,710,2024-09-11,Data Clerk
CRS002,Comprehensive Health Centre Ikom,cross river,Ikom,Jan-2022,111,4,2,142,0,14,0,0,100,2,97,87,80,2022-02-16,Data Clerk
CRS011,Comprehensive Health Centre Calabar Municipal II,Cross River,Calabar Municipal,30/06/2023,378,7,6,486,1,80,0,0,412,7,444,401,346,2023-07-11,Data Clerk
FCT010,Model Primary Health Centre Abaji II,FCT,Abaji,29/02/2024,557,7,6,437,5,171,2,1,317,5,331,230,218,2024-03-11,Data Clerk
BEN007,Specialist Hospital Makurdi II,Benue,Makurdi,Nov-2024,306,5,3,1747,14,58,1,0,1012,15,1577,1485,1256,2024-12-29,Facility Focal Person
LAG099,Comprehensive Health Centre Obudu,Cross River,Obudu,Sep-2022,233,8,7,471,5,73,2,1,339,6,357,257,223,2022-10-16,Data Clerk
CRS013,Mission Hospital Ogoja II,Cross River,Ogoja,2023-12-31,185,4,3,763,8,58,0,0,711,14,639,444,394,2024-01-13,M&E Officer
CRS007,Model Primary Health Centre Ikom II,Cross River,Ikom,Nov-2022,110,8,5,316,5,12,0,0,241,5,279,184,176,2022-12-16,M&E Officer
KAD001,  Model Primary Health Centre Kaduna North ,Kaduna,Kaduna North,2022-07-31,163,7,5,782,4,18,2,1,621,14,685,408,360,2022-08-18,Data Clerk
LAG001,Primary Health Centre Ikorodu,Lagos,Ikorodu,2024-12-31,466,9,8,417,6,109,0,0,246,3,354,283,260,2025-01-21,Facility Focal Person
CRS009,Comprehensive Health Centre Obudu II,Cross River,Obudu,2024-07-31,670,21,15,950,3,103,3,2,785,15,766,621,557,2024-08-16,Facility Focal Person
CRS007,MODEL PRIMARY HEALTH CENTRE IKOM II,Cross River,Ikom,2023-10-31,121,7,5,299,5,34,1,0,194,1,237,214,178,2023-11-13,M&E Officer
FCT009,Model Primary Health Centre Kuje II,Federal Capital Territory,Kuje,31/07/2022,147,7,6,441,5,46,1,0,346,9,340,322,265,2022-08-15,Data Clerk
NAS013,General Hospital Keffi II,Nasarawa,Keffi,2023-12-31,465,15,11,1631,20,102,2,1,1005,19,1407,801,768,2024-01-11,Facility Focal Person
CRS010,Comprehensive Health Centre Akamkpa II,Cross River,Akamkpa,2023-11-30,58,2,1,373,3,10,0,0,286,7,339,298,253,2023-12-16,M&E Officer
LAG007,Primary Health Centre Ikorodu II,Lagos,Ikorodu,2024-09-30,430,19,18,645,11,106,4,3,458,6,443,322,286,2024-10-15,Facility Focal Person
BEN009,Primary Health Centre Otukpo II,Benue,Otukpo,2022-10-31,158,4,3,474,2,25,0,0,323,13,357,272,244,2022-11-15,Data Clerk
CRS015,Model Primary Health Centre Akamkpa II,Cross-River,Akamkpa,2022-09-30,66,  ,0,587,2,13,0,0,465,9,515,347,297,2022-10-11,Data Clerk
KAD004,Specialist Hospital Sabon Gari,Kaduna,Sabon Gari,Sep-2024,3384,196,190,5833,73,389,20,16,5381,91,4575,2953,2477,2024-10-15,M&E Officer
LAG005,Mission Hospital Agege,Lagos,Agege,2024-10-31,1244,42,36,1840,24,264,7,6,1067,20,1484,1108,927,2024-11-29,Facility Focal Person
RIV010,Teaching Hospital Ahoada East II,Rivers,Ahoada East,2022-04-30,780,11,8,3374,23,129,2,1,2502,42,3115,1752,1706,2022-05-15,M&E Officer
RIV011,Model Primary Health Centre Degema II,Rivers,Degema,2024-03-31,406,21,18,929,3,79,3,2,861,21,725,490,427,2024-04-13,M&E Officer
NAS001,Model Primary Health Centre Lafia,Nasarawa,Lafia,31/07/2024,255,2,1,395,2,49,0,0,287,7,349,280,271,2024-08-15,Facility Focal Person
RIV013,Mission Hospital Port Harcourt II,Rivers,Port Harcourt,2024-02-29,580,13,11,2127,-26,156,4,3,1789,41,1458,1079,902,2024-03-11,Facility Focal Person
BEN008,Teaching Hospital Gboko II,Benue,Gboko,31/10/2022,1595,35,28,6242,35,415,8,7,4122,64,4480,3495,3071,2022-11-13,Facility Focal Person
CRS011,Comprehensive Health Centre Calabar Municipal II,Cross River,Calabar Municipal,2023-05-31,474,12,11,481,1,121,0,0,434,8,414,258,213,2023-06-11,Data Clerk
BEN001,  Mission Hospital Makurdi ,Benue,Makurdi,2023-08-31,969,8,6,1864,23,254,1,0,1729,38,1674,1195,1137,2023-09-18,Data Clerk
BEN002,SPECIALIST HOSPITAL GBOKO,Benue,Gboko,2023-05-31,2520,44,37,4556,14,699,8,7,3483,53,3431,1964,1917,2023-06-15,Facility Focal Person
LAG010,PRIMARY HEALTH CENTRE SURULERE II,Lagos,Surulere,2022-02-28,316,17,12,900,7,85,4,3,534,10,649,567,538,2022-03-16,Facility Focal Person
CRS013,Mission Hospital Ogoja II,Cross River,Ogoja,2022-07-31,232,1,0,878,9,60,1,0,518,10,796,555,522,2022-08-13,M&E Officer
AKS006,Primary Health Centre Abak,Akwa Ibom,Abak,2024-07-31,662,15,13,493,5,134,4,3,429,9,415,315,297,2024-08-16,M&E Officer
CRS004,Comprehensive Health Centre Obudu,Cross River,Obudu,2023-12-31,188,2,1,456,5,22,0,0,343,2,316,257,247,2024-01-21,M&E Officer
FCT002,  GENERAL HOSPITAL BWARI ,F.C.T.,Bwari,2024-12-31,99,110,5,562,8,13,3,2,363,5,395,220,182,2025-01-18,Facility Focal Person
AKS002,GENERAL HOSPITAL IKOT EKPENE,Akwa Ibom,Ikot Ekpene,2023-12-31,285,3,2,586,8,31,0,0,332,6,457,388,367,2024-01-15,Data Clerk
TMP001,General Hospital Okpokwu,Benue,Okpokwu,Dec-2023,899,5,4,392,2,120,1,0,283,3,279,207,186,2024-01-29,M&E Officer
FCT009,Model Primary Health Centre Kuje II,FCT,Kuje,2024-09-30,190,10,9,491,6,54,2,1,352,4,364,257,212,2024-10-18,Data Clerk
FCT001,Mission Hospital AMAC,FCT,AMAC,2022-04-30,901,7,5,1355,23,251,1,0,1082,21,1245,1018,974,2022-05-13,Facility Focal Person
LAG015,Model Primary Health Centre Badagry II,Lagos,Badagry,2022-04-30,226,9,7,1142,12,35,0,0,996,15,833,595,532,2022-05-18,M&E Officer
LAG012,PRIMARY HEALTH CENTRE ALIMOSHO II,Lagos,Alimosho,2024-04-30,276,11,8,654,8,30,0,0,510,6,581,539,524,2024-05-11,M&E Officer
FCT008,TEACHING HOSPITAL GWAGWALADA II,fct,Gwagwalada,2024-01-31,753,24,20,4847,34,144,4,3,4504,87,3864,2509,2290,2024-02-21,Data Clerk
RIV007,Primary Health Centre Port Harcourt II,Rivers,Port Harcourt,2022-10-31,405,3,2,698,5,120,2,1,512,10,521,405,392,2022-11-18,M&E Officer
crs001,  MODEL PRIMARY HEALTH CENTRE CALABAR MUNICIPAL ,Cross River,Calabar Municipal,2022-11-30,186,12,11,674,4,31,1,0,412,12,551,309,285,2022-12-16,Facility Focal Person
KAD010,Cottage Hospital Chikun II,Kaduna,Chikun,2024-07-31,362,15,-,974,7,111,6,5,793,14,826,641,592,2024-08-29,M&E Officer
RIV015,Specialist Hospital Khana II,Rivers,Khana,Nov-2024,495,29,21,2163,25,51,1,0,1990,34,1951,1238,1074,2024-12-18,Data Clerk
FCT010,Model Primary Health Centre Abaji II,FCT,Abaji,2022-08-31,377,15,12,304,3,54,1,0,239,5,275,241,226,2022-09-18,M&E Officer
FCT004,  Model Primary Health Centre Kuje ,FCT,Kuje,2023-09-30,323,14,13,1295,20,94,2,1,855,14,1004,908,765,2023-10-21,M&E Officer
BEN013,Model Primary Health Centre Makurdi II,Benue,Makurdi,2024-07-31,636,38,35,815,13,  ,2,1,728,11,655,619,573,2024-08-11,Data Clerk
FCT009,Model Primary Health Centre Kuje II,fct,Kuje,2022-03-31,172,3,-,441,5,21,0,0,341,8,317,239,212,2022-04-18,M&E Officer
BEN005,Model Primary Health Centre Katsina-Ala,Benue,Katsina-Ala,2024-01-31,399,7,5,534,6,100,0,0,492,11,461,335,281,2024-02-11,Facility Focal Person
FCT009,Model Primary Health Centre Kuje II,FCT,Kuje,30/04/2024,197,7,5,476,5,31,1,0,333,8,366,216,186,2024-05-21,M&E Officer
RIV002,Teaching Hospital Obio/Akpor,Rivers,Obio/Akpor,Jul-2022,1538,37,  ,"4,877",31,464,7,6,4371,75,3482,2656,2597,2022-08-11,M&E Officer
FCT006,Mission Hospital AMAC II,FCT,AMAC,2023-01-31,663,17,14,2262,19,101,2,1,1274,27,1901,1066,1029,2023-02-11,M&E Officer
LAG007,PRIMARY HEALTH CENTRE IKORODU II,Lagos,Ikorodu,2024-12-31,463,18,17,654,10,109,1,0,456,5,451,260,215,2025-01-11,Facility Focal Person
LAG004,Comprehensive Health Centre Surulere,Lagos,Surulere,2022-09-30,473,8,6,621,11,76,0,0,349,10,547,348,332,2022-10-13,Facility Focal Person
RIV012,Primary Health Centre Eleme II,Rivers,Eleme,2022-05-31,562,16,15,853,15,155,5,3,809,18,679,559,460,2022-06-15,M&E Officer
BEN001,Mission Hospital Makurdi,Benue,Makurdi,2022-01-31,643,2,1,2149,15,,0,0,1622,27,1480,982,928,2022-02-11,Facility Focal Person
AKS006,  PRIMARY HEALTH CENTRE ABAK ,akwa ibom,Abak,2022-08-31,514,28,20,288,1,124,3,2,252,5,222,169,140,2022-10-16,M&E Officer
RIV012,Primary Health Centre Eleme II,Rivers,Eleme,2022-06-30,597,21,19,862,10,80,3,2,547 ,15,631,404,383,2022-07-15,Facility Focal Person
KAD015,  General Hospital Chikun II ,Kaduna,Chikun,2024-09-30,324,7,6,1541,20,72,0,0,861,17,1075,984,919,2024-10-18,M&E Officer
NAS013,General Hospital Keffi II,Nasarawa,Keffi,2023-03-31,510,27,19,1621,32,130,3,2,996,17,1172,814,753,2023-04-18,Facility Focal Person
LAG012,Primary Health Centre Alimosho II,Lagos,Alimosho,2024-10-31,238,12,10,656,12,56,4,3,450,7,513,384,348,2024-11-16,Facility Focal Person
RIV001,Model Primary Health Centre Port Harcourt,Rivers,Port Harcourt,Nov-2023,103,1,0,908,13,15,0,0,836,13,830,599,546,2023-12-18,Data Clerk
LAG015,MODEL PRIMARY HEALTH CENTRE BADAGRY II,Lagos,Badagry,2024-09-30,178,4,2,1081,5,38,1,0,916,12,891,798,714,2024-10-21,Data Clerk
NAS009,Cottage Hospital Akwanga II,Nasarawa,Akwanga,2022-08-31,1120,6,5,475,0,134,0,0,346,8,389,215,190,2022-09-15,Data Clerk
FCT004,Model Primary Health Centre Kuje,FCT,Kuje,2024-11-30,281,N/A,7,1241,23,51,1,0,1147,26,1047,972,867,2024-12-13,Facility Focal Person
aks007,Teaching Hospital Ikono,Akwa-Ibom,Ikono,2022-11-30,766,6,5,6333,87,90,1,0,4111,78,5854,4150,3746,2022-12-13,Facility Focal Person
LAG099,Cottage Hospital Gwagwalada II,F.C.T.,Gwagwalada,2022-02-28,903,7,5,1421,19,119,0,0,1008,18,1272,1051,930,2022-03-11,M&E Officer
AKS015,Mission Hospital Uyo II,Akwa Ibom,Uyo,2024-08-31,813,31,24,2441,5,157,6,5,1393,25,2240,1846,1538,2024-09-11,Facility Focal Person
LAG004,COMPREHENSIVE HEALTH CENTRE SURULERE,Lagos,Surulere,2023-08-31,588,9,8,625,9,101,0,0,555,9,507,459,427,2023-09-13,M&E Officer
KAD015,General Hospital Chikun II,Kaduna,Chikun,2023-08-31,403,5,4,1683,25,94,0,0,1071,23,1501,1089,972,2023-09-29,M&E Officer
BEN010,Model Primary Health Centre Okpokwu II,Benue,Okpokwu,2022-05-31,344,6,4,851,1,82,3,2,711,14,584,548,453,2022-06-16,Facility Focal Person
CRS003,SPECIALIST HOSPITAL OGOJA,Cross River,Ogoja,2022-05-31,1555,54,43,5574,22,483,10,8,4192,62,4900,3055,2677,2022-06-11,M&E Officer
NAS011,MISSION HOSPITAL LAFIA II,Nasarawa,Lafia,2024-04-30,1391,16,11,2417,20,150,3,2,1635,27,2107,1970,1718,2024-05-15,M&E Officer
RIV005,MISSION HOSPITAL DEGEMA,Rivers,Degema,28/02/2023,164,7,5,1439,16,40,2,1,1140,18,1166,982,878,2023-03-15,Data Clerk
BEN002,SPECIALIST HOSPITAL GBOKO,Benue,Gboko,2022-09-30,N/A,32,30,4816,95,267,6,5,3757,73,4470,3719,3201,2022-10-16,Data Clerk
LAG009,Mission Hospital Badagry II,Lagos,Badagry,2024-02-29,314,10,9,2367,5,82,1,0,2174,37,1695,1455,1247,2024-03-16,Facility Focal Person
FCT001,Mission Hospital AMAC,FCT,AMAC,2024-12-31,673,8,5,1151,18,185,2,1,832,18,1002,646,614,2025-01-11,Data Clerk
fct004,Model Primary Health Centre Kuje,FCT,Kuje,31/10/2023,363,13,11,1294,12,108,2,1,952,12,1022,908,798,2023-11-16,M&E Officer
RIV002,TEACHING HOSPITAL OBIO/AKPOR,Rivers,Obio/Akpor,2022-11-30,953,15,12,4729,94,297,4,3,3275,57,4095,3634,3083,2022-12-15,Facility Focal Person
NAS003,COTTAGE HOSPITAL KEFFI,Nasarawa,Keffi,2023-02-28,280,6,4,"1,693",32,85,0,0,1033,21,1410,1060,994,2023-03-13,M&E Officer
BEN010,Model Primary Health Centre Okpokwu II,Benue,Okpokwu,2022-01-31,230,2,1,869,15,71,4,3,549,10,628,432,373,2022-02-15,Data Clerk
NAS006,Primary Health Centre Lafia II,Nasarawa,Lafia,2023-04-30,274,7,5,961,2,86,1,0,664,13,705,483,401,2023-05-11,Facility Focal Person
FCT009,Model Primary Health Centre Kuje II,FCT,Kuje,2023-07-31,189,11,10,464,6,52,2,1,307,4,396,299,292,2023-08-13,M&E Officer
NAS015,Specialist Hospital Nasarawa II,Nasarawa,Nasarawa,31/07/2023,1264,41,31,3165,49,360,7,6,2210,36,2649,1464,1375,2023-08-21,Facility Focal Person
RIV014,Cottage Hospital Obio/Akpor II,Rivers,Obio/Akpor,2024-06-30,962,3,2,662,11,138,1,0,498,8,472,445,405,2024-07-16,M&E Officer
aks006,Primary Health Centre Abak,Akwa Ibom,Abak,2024-05-31,502,14,12,473,4,52,2,1,420,7,393,342,305,2024-06-16,Data Clerk
FCT007,Specialist Hospital Bwari II,FCT,Bwari,2022-06-30,1643,52,44,4493,66,224,2,1,2523,31,4053,3436,3036,2022-07-15,Facility Focal Person
RIV001,MODEL PRIMARY HEALTH CENTRE PORT HARCOURT,RIVERS,Port Harcourt,2024-02-29,93,1,0,889,5,10,0,0,525,7,625,430,364,2024-03-13,Facility Focal Person
AKS009,Primary Health Centre Ikot Ekpene II,akwa ibom,Ikot Ekpene,2024-02-29,82,3,2,224,0,25,0,0,163,2,158,109,100,2024-03-15,M&E Officer
RIV002,Teaching Hospital Obio/Akpor,Rivers,Obio/Akpor,2024-02-29,1554,40,28,4290,68,463,4,3,2727,52,3460,2096,1900,2024-03-13,Data Clerk
AKS007,Teaching Hospital Ikono,Akwa Ibom,Ikono,2023-06-30,1340,20,N/A,5976,93,257,4,3,5053,103,5095,4501,4226,2023-07-15,Data Clerk
FCT014,General Hospital Kuje II,F.C.T.,Kuje,2023-04-30,1157,43,35,2502,23,156,4,3,1971,38,2097,1299,1228,2023-05-21,Facility Focal Person
RIV011,Model Primary Health Centre Degema II,Rivers,Degema,31/08/2024,391,11,9,948,17,93,2,1,891,15,859,711,645,2024-09-11,Facility Focal Person
NAS003,Cottage Hospital Keffi,Nasarawa,Keffi,31/08/2022,295,4,3,1829,25,36,0,0,1505,30,1265,1138,1043,2022-09-18,Data Clerk
NAS003,Cottage Hospital Keffi,Nasarawa,Keffi,2023-11-30,317,2,1,"1,590",3,39,0,0,898,10,1188,nil,722,2023-12-16,Data Clerk
FCT006,Mission Hospital AMAC II,FCT,AMAC,2023-11-30,941,28,24,2194,18,129,0,0,1847,42,1863,1347,1232,2023-12-11,M&E Officer
AKS004,COMPREHENSIVE HEALTH CENTRE ETINAN,Akwa Ibom,Etinan,2022-04-30,206,7,6,993,18,38,2,1,702,11,823,463,396,2022-05-21,M&E Officer
KAD004,Specialist Hospital Sabon Gari,Kaduna,Sabon Gari,2022-04-30,2917,132,114,3729,23,449,19,15,3109,61,2824,2551,2461,2022-05-16,M&E Officer
BEN001,Mission Hospital Makurdi,Benue,Makurdi,2022-10-31,860,,3,2004,19,96,1,0,1592,33,1453,1064,1033,2022-11-16,M&E Officer
CRS002,Comprehensive Health Centre Ikom,Cross River,Ikom,2023-06-30,193,10,8,218,0,30,0,0,139,2,184,112,103,2023-07-15,M&E Officer
KAD005,COTTAGE HOSPITAL CHIKUN,Kaduna,Chikun,2022-11-30,438,5,4,300,1,61,0,0,247,4,252,231,209,2022-12-13,Data Clerk
AKS007,Teaching Hospital Ikono,Akwa Ibom,Ikono,2023-03-31,983,10,9,6179,47,204,0,0,4377,82,4226,3576,3147,2023-04-18,Facility Focal Person
LAG007,Primary Health Centre Ikorodu II,Lagos,Ikorodu,2022-01-31,352,14,12,400,7,103,2,1,378,1,306,196,186,2022-02-11,M&E Officer
LAG014,  Cottage Hospital Lagos Island II ,Lagos,Lagos Island,30/11/2024,652,12,9,1596,9,78,0,0,1064,18,1409,1281,1151,2024-12-13,M&E Officer
LAG011,Cottage Hospital Agege II,Lagos,Agege,2022-03-31,600,9,6,1850,8,73,1,0,1327,26,1689,1043,1019,2022-04-16,Facility Focal Person
aks014,  Primary Health Centre Ikono II ,Akwa Ibom,Ikono,2022-05-31,245,12,10,599,8,32,0,0,336,7,434,307,291,2022-06-15,Data Clerk
LAG009,Mission Hospital Badagry II,Lagos,Badagry,30/09/2023,402,nil,8,2441,18,45,1,0,1957,37,1723,1533,1455,2023-10-11,Data Clerk
FCT014,General Hospital Kuje II,FCT,Kuje,2024-09-30,1307,48,40,2541,26,-,3,2,1996,32,2273,1353,1292,2024-11-15,Facility Focal Person
FCT015,Comprehensive Health Centre Abaji II,F.C.T.,Abaji,31/05/2024,152,10,9,752,2,16,0,0,653,13,653,618,541,2024-06-18,Data Clerk
CRS004,Comprehensive Health Centre Obudu,Cross River,Obudu,2024-08-31,235,7,5,460,1,31,0,0,332,7,386,286,243,2024-08-11,Data Clerk
BEN002,Specialist Hospital Gboko,Benue,Gboko,2022-12-31,2205,25,22,4711,82,510,4,3,2615,44,3299,2937,2760,2023-01-29,M&E Officer
CRS001,MODEL PRIMARY HEALTH CENTRE CALABAR MUNICIPAL,cross river,Calabar Municipal,30/06/2023,284,11,9,673,2,44,0,0,584,8,523,374,347,2023-08-15,Data Clerk
NAS008,Comprehensive Health Centre Keffi II,Nasarawa,Keffi,2022-12-31,60,0,0,903,5,12,1,0,614,10,698,568,549,2023-01-13,Facility Focal Person
FCT002,General Hospital Bwari,FCT,Bwari,2022-04-30,85,1,0,639,10,27,1,0,432,5,471,313,293,2022-05-13,Data Clerk
CRS012,MODEL PRIMARY HEALTH CENTRE IKOM II,Cross River,Ikom,31/07/2023,467,8,6,790,15,138,3,2,582,7,572,408,348,2023-08-29,Data Clerk
NAS004,  Cottage Hospital Akwanga ,Nasarawa,Akwanga,2023-05-31,404,7,6,478,4,105,0,0,278,5,336,268,228,2023-07-16,M&E Officer
FCT001,Mission Hospital AMAC,F.C.T.,AMAC,Sep-2022,756,9,8,1329,9,145,0,0,828,13,1205,1032,996,2022-10-21,Facility Focal Person
NAS004,  Cottage Hospital Akwanga ,Nasarawa,Akwanga,2022-12-31,249,4,3,459,1,63,3,2,340,2,425,301,266,2023-01-13,Facility Focal Person
AKS011,Comprehensive Health Centre Etinan II,Akwa Ibom,Etinan,2022-02-28,82,4,3,284,1,20,0,0,239,4,222,154,128,2022-03-15,Data Clerk
AKS004,Comprehensive Health Centre Etinan,Akwa Ibom,Etinan,Apr-2024,264,8,6,950,2,47,4,3,826,18,662,562,523,2024-05-11,M&E Officer
BEN002,Specialist Hospital Gboko,Benue,Gboko,31/07/2023,2673,2720,35,4543,9,381,3,2,2814,45,3162,2232,1934,2023-08-21,M&E Officer
FCT008,Teaching Hospital Gwagwalada II,FCT,Gwagwalada,2023-07-31,797,37,26,5010,30,118,3,2,3386,54,3596,2790,2435,2023-08-21,Data Clerk
BEN002,Specialist Hospital Gboko,Benue,Gboko,2024-12-31,2367,50,35,4413,20,722,8,7,3929,74,3521,1945,1716,2025-01-13,M&E Officer
CRS003,Specialist Hospital Ogoja,Cross River,Ogoja,2023-12-31,1593,70,56,5221,71,341,5,4,4201,94,3652,2326,2272,2024-01-24,M&E Officer
CRS015,Model Primary Health Centre Akamkpa II,Cross River,Akamkpa,30/04/2023,67,2,1,547,2,18,0,0,345,4,493,-,334,2023-05-16,Facility Focal Person
KAD007,Model Primary Health Centre Kaduna South II,Kaduna,Kaduna South,2024-07-31,293,10,7,"1,117",4,63,2,1,998,17,819,454,399,2024-08-15,M&E Officer
RIV015,Specialist Hospital Khana II,rivers ,Khana,31/10/2022,379,14,12,2409,18,78,2,1,1584,32,2132,1710,1562,2022-11-16,M&E Officer
NAS006,PRIMARY HEALTH CENTRE LAFIA II,Nasarawa,Lafia,2023-05-31,222,8,6,964,3,30,0,0,571,11,660,398,334,2023-06-15,Data Clerk
aks001,  Comprehensive Health Centre Uyo ,Akwa Ibom,Uyo,2023-11-30,471,2,1,320,2,140,2,1,293,5,260,150,133,2023-12-18,Data Clerk
KAD007,Model Primary Health Centre Kaduna South II,Kaduna,Kaduna South,31/01/2024,214,11,10,1112,10,21,2,1,664,15,824,575,510,2024-02-21,Facility Focal Person
lag002,Specialist Hospital Lagos Island,Lagos,Lagos Island,Feb-2022,1505,61,51,5517,72,447,16,15,4136,73,5011,4673,4223,2022-03-29,M&E Officer
LAG012,Primary Health Centre Alimosho II,Lagos,Alimosho,2022-05-31,249,282,11,613,4,29,3,2,356,5,493,303,277,2022-06-16,Facility Focal Person
FCT010,Model Primary Health Centre Abaji II,FCT,Abaji,2024-06-30,696,27,23,482,1,188,5,4,437,14,412,-,257,2024-07-16,M&E Officer
RIV005,Mission Hospital Degema,Rivers,Degema,Dec-2022,147,3,2,1466,10,43,0,0,978,18,1247,729,604,2023-01-29,M&E Officer
CRS014,  Comprehensive Health Centre Obudu II ,Cross River,Obudu,2022-09-30,322,5,4,106,1,46,0,0,71,0,73,68,58,2022-10-29,Facility Focal Person
NAS009,COTTAGE HOSPITAL AKWANGA II,Nasarawa,Akwanga,2023-09-30,1276,9,7,486,8,192,1,0,337,2,423,245,212,2023-10-13,Facility Focal Person
AKS012,Cottage Hospital Oron II,Akwa-Ibom,Oron,2024-01-31,950,52,42,1088,17,98,2,1,773,15,926,940,630,2024-02-16,M&E Officer
fct008,Teaching Hospital Gwagwalada II,FCT,Gwagwalada,2022-02-28,762,32,31,5528,42,156,1,0,4349,70,3953,3412,2881,2022-03-11,M&E Officer
FCT015,Comprehensive Health Centre Abaji II,FCT,Abaji,2023-09-30,114,5,3,766,6,24,1,0,717,11,639,430,393,2023-10-13,Data Clerk
AKS013,Model Primary Health Centre Abak II,Akwa Ibom,Abak,31/05/2024,304,15,12,658,3,91,0,0,539,13,465,,290,2024-06-11,M&E Officer
RIV015,Specialist Hospital Khana II,Rivers,Khana,2023-12-31,388,N/A,20,2309,20,84,1,0,2090,35,2020,1882,1744,2024-01-29,M&E Officer
AKS003,Model Primary Health Centre Eket,akwa ibom,Eket,Apr-2023,724,28,19,275,3,114,1,0,163,5,249,159,151,2023-05-11,Facility Focal Person
KAD015,General Hospital Chikun II,Kaduna,Chikun,2023-01-31,325,8,5,1760,19,43,0,0,1490,19,1362,828,729,2023-02-15,M&E Officer
LAG013,  Specialist Hospital Ikorodu II ,Lagos,Ikorodu,2024-07-31,2274,108,101,6259,87,615,11,10,4785,77,5004,4012,3666,2024-08-15,Data Clerk
NAS012,Mission Hospital Karu II,Nasarawa,Karu,2023-09-30,1093,25,19,1351,13,255,2,1,1016,33,1151,,929,2023-10-18,M&E Officer
FCT001,Mission Hospital AMAC,F.C.T.,AMAC,2024-06-30,888,7,-33,1177,5,270,4,3,1025,23,848,708,624,2024-07-13,M&E Officer
TMP001,Primary Health Centre Uyo II,Akwa Ibom,Uyo,2024-07-31,113,2,1,92,0,34,1,0,71,0,70,58,50,2024-08-11,M&E Officer
NAS007,General Hospital Karu II,Nasarawa,Karu,2023-02-28,516,3,2,2333,46,140,0,0,1656,26,1702,1220,1001,2023-03-13,M&E Officer
LAG008,Cottage Hospital Lagos Island II,Lagos,Lagos Island,2024-11-30,139,2,1,712,5,42,0,0,636,15,489,359,338,2024-12-13,Data Clerk
NAS001,Model Primary Health Centre Lafia,Nasarawa,Lafia,2024-11-30,175,226,0,382,7,30,0,0,233,7,352,317,301,2024-12-15,M&E Officer
RIV001,  Model Primary Health Centre Port Harcourt ,Rivers,Port Harcourt,2022-01-31,57,0,0,1190,20,7,0,0,891,8,843,538,525,2022-02-13,M&E Officer
lag008,COTTAGE HOSPITAL LAGOS ISLAND II,Lagos,Lagos Island,2023-01-31,88,3,2,824,12,27,0,0,475,9,567,452,372,2023-02-13,Facility Focal Person
CRS010,Comprehensive Health Centre Akamkpa II,Cross River,Akamkpa,2022-05-31,54,0,0,430,6,16,0,0,373,4,327,298,273,2022-06-13,M&E Officer
FCT001,  Mission Hospital AMAC ,FCT,AMAC,2024-10-31,1037,8,7,1164,12,307,1,0,857,19,975,756,714,2024-11-21,M&E Officer
RIV009,Mission Hospital Khana II,Rivers,Khana,2024-08-31,592,8,5,768,2,133,0,0,492,8,569,474,408,2024-09-16,M&E Officer
AKS015,Mission Hospital Uyo II,Akwa Ibom,Uyo,2024-06-30,795,28,24,2417,33,225,5,4,1778,37,1902,1070,1014,2024-07-11,Facility Focal Person
BEN009,Primary Health Centre Otukpo II,Benue,Otukpo,2022-05-31,260,7,5,479,6,72,1,0,367,7,391,338,313,2022-06-18,Data Clerk
NAS004,Cottage Hospital Akwanga,Nasarawa,Akwanga,31/03/2022,228,9,6,423,3,33,0,0,381,7,314,174,168,2022-04-11,M&E Officer
NAS005,Mission Hospital Nasarawa,Nasarawa,Nasarawa,2024-02-29,1411,37,34,657,4,373,8,7,404,4,489,353,341,2024-03-13,Facility Focal Person
RIV002,Teaching Hospital Obio/Akpor,rivers ,Obio/Akpor,2023-10-31,1553,24,19,4484,33,365,5,4,4177,67,3111,2721,2524,2023-11-13,Data Clerk
NAS013,  General Hospital Keffi II ,Nasarawa,Keffi,30/11/2023,518,15,nil,1640,16,134,2,1,1481,35,nil,747,696,2023-12-15,Facility Focal Person
NAS001,Model Primary Health Centre Lafia,Nasarawa,Lafia,2023-06-30,231,3,2,440,6,54,1,0,356,4,355,264,221,2023-07-29,Data Clerk
KAD013,Specialist Hospital Zaria II,Kaduna,Zaria,30/06/2023,2537,123,93,2415,14,463,14,12,1977,42,2121,1652,1598,2023-07-21,M&E Officer
CRS004,Comprehensive Health Centre Obudu,Cross River,Obudu,Dec-2022,161,1,0,456,6,38,0,0,428,6,314,294,247,2023-01-13,Data Clerk
RIV004,Model Primary Health Centre Ahoada East,rivers ,Ahoada East,2023-03-31,480,8,5,854,4,128,5,4,718,13,772,481,448,2023-04-15,Facility Focal Person
FCT013,Cottage Hospital Gwagwalada II,FCT,Gwagwalada,30/11/2023,860,6,5,1291,14,188,0,0,815,15,1170,965,798,2023-12-25,Facility Focal Person
LAG014,Cottage Hospital Lagos Island II,Lagos,Lagos Island,2023-09-30,598,11,7,1771,27,84,0,0,1502,27,1457,1241,1174,2023-10-21,Facility Focal Person
NAS006,  Primary Health Centre Lafia II ,Nasarawa,Lafia,2023-06-30,327,11,10,972,2,100,2,1,610,16,858,569,482,2023-07-13,M&E Officer
NAS012,Mission Hospital Karu II,Nasarawa,Karu,28/02/2022,876,27,25,1357,9,226,4,3,1102,15,1253,890,744,2022-03-18,Facility Focal Person
FCT006,Mission Hospital AMAC II,F.C.T.,AMAC,31/05/2024,927,32,27,2154,26,252,4,3,1898,41,1757,1392,1335,2024-06-29,M&E Officer
KAD004,Specialist Hospital Sabon Gari,Kaduna,Sabon Gari,2024-02-29,2639,105,102,4937,71,384,9,7,2993,64,3772,2164,2110,2024-03-13,Data Clerk
FCT007,Specialist Hospital Bwari II,FCT,Bwari,2023-11-30,2082,39,37,4270,85,606,4,3,3096,66,3402,1904,1687,2023-12-18,Facility Focal Person
BEN010,Model Primary Health Centre Okpokwu II,Benue,Okpokwu,2023-09-30,399,2,1,734,11,80,2,1,452,10,673,383,374,2023-10-15,Data Clerk
LAG008,Cottage Hospital Lagos Island II,Lagos,Lagos Island,2023-06-30,129,1,0,790,15,39,0,0,648,13,656,611,562,2023-07-13,Facility Focal Person
BEN014,Comprehensive Health Centre Gboko II,Benue,Gboko,2022-10-31,387,3,2,859,13,90,2,1,616,19,667,608,580,2022-11-13,M&E Officer
RIV012,Primary Health Centre Eleme II,Rivers,Eleme,2022-07-31,658,27,20,874,8,206,4,3,824,14,773,657,551,2022-08-13,Facility Focal Person
FCT015,Comprehensive Health Centre Abaji II,FCT,Abaji,2024-06-30,123,5,3,749,6,23,0,0,509,8,652,594,568,2024-08-15,Facility Focal Person
RIV007,Primary Health Centre Port Harcourt II,RIVERS,Port Harcourt,2023-12-31,368,1,0,642,3,81,1,0,500,13,443,333,300,2024-01-15,Data Clerk
LAG012,  PRIMARY HEALTH CENTRE ALIMOSHO II ,Lagos,Alimosho,2022-08-31,227,6,4,622,10,42,2,1,499,13,485,279,250,2022-10-16,Facility Focal Person
FCT014,General Hospital Kuje II,FCT,Kuje,2023-08-31,1131,53,39,2517,35,199,3,2,2233,22,1901,1776,1643,2023-09-13,Facility Focal Person
CRS008,Cottage Hospital Ogoja II,Cross River,Ogoja,Sep-2022,348,16,15,2338,43,49,0,0,1975,32,2142,1243,1126,2022-10-15,Facility Focal Person
FCT015,Comprehensive Health Centre Abaji II,FCT,Abaji,2023-12-31,81,2,1,756,6,23,0,0,417,7,695,586,544,2024-01-16,M&E Officer
LAG099,Cottage Hospital Chikun II,Kaduna,Chikun,2023-03-31,321,12,8,959,5,47,0,0,689,13,735,458,424,2023-04-18,Facility Focal Person
aks004,Comprehensive Health Centre Etinan,Akwa Ibom,Etinan,2023-02-28,233,13,10,965,8,53,0,0,542,8,744,589,483,2023-03-15,Data Clerk
RIV010,Teaching Hospital Ahoada East II,Rivers,Ahoada East,2023-12-31,652,24,20,3035,46,160,1,0,2851,38,2790,2240,1999,2024-01-13,M&E Officer
NAS004,Cottage Hospital Akwanga,Nasarawa,Akwanga,2024-11-30,390,25,19,615,9,107,1,0,369,8,475,337,312,2024-12-13,Data Clerk
RIV005,Mission Hospital Degema,Rivers,Degema,2022-02-28,141,4,3,1543,15,26,1,0,1438,29,1402,1184,1126,2022-03-15,Data Clerk
CRS014,Comprehensive Health Centre Obudu II,Cross River,Obudu,30/11/2023,361,7,5,164,1,48,1,0,106,4,148,100,94,2023-12-29,Facility Focal Person
LAG008,Cottage Hospital Lagos Island II,Lagos,Lagos Island,2022-06-30,118,2,1,871,2,16,0,0,532,12,690,381,339,2022-07-29,Facility Focal Person
FCT008,TEACHING HOSPITAL GWAGWALADA II,FCT,Gwagwalada,2022-04-30,676,29,24,5443,57,77,2,1,3662,84,4424,3873,3585,2022-05-11,Facility Focal Person
FCT013,Cottage Hospital Gwagwalada II,F.C.T.,Gwagwalada,2024-03-31,987,16,12,1259,17,261,1,0,901,12,1152,997,827,2024-04-21,M&E Officer
AKS012,Cottage Hospital Oron II,Akwa Ibom,Oron,30/06/2023,996,51,48,897,12,101,5,4,532,9,646,395,346,2023-07-21,Facility Focal Person
RIV007,Primary Health Centre Port Harcourt II,Rivers,Port Harcourt,2024-10-31,522,5,4,595,1,88,0,0,381,3,536,377,312,2024-11-16,M&E Officer
nas007,  General Hospital Karu II ,Nasarawa,Karu,2022-03-31,701,4,3,2666,45,-,2,1,2185,35,2088,1410,1336,2022-05-16,Data Clerk
BEN009,Primary Health Centre Otukpo II,Benue,Otukpo,2023-08-31,229,6,4,453,4,51,0,0,335,6,346,280,251,2023-09-11,M&E Officer
lag013,Specialist Hospital Ikorodu II,Lagos,Ikorodu,2022-12-31,1966,93,83,6119,26,343,12,10,5521,105,4885,3821,3575,2023-01-16,Facility Focal Person
LAG014,Cottage Hospital Lagos Island II,Lagos,Lagos Island,2022-10-31,622,5,4,1904,23,72,0,0,1089,18,1696,1359,1273,2022-11-18,M&E Officer
LAG007,Primary Health Centre Ikorodu II,Lagos,Ikorodu,2023-07-31,517,22,19,512,1,157,0,0,412,7,375,327,312,2023-08-13,M&E Officer
CRS012,Model Primary Health Centre Ikom II,Cross River,Ikom,2024-10-31,463,5,4,748,10,125,1,0,664,8,557,486,410,2024-11-13,Facility Focal Person
LAG003,Teaching Hospital Badagry,Lagos,Badagry,2022-01-31,2492,115,110,6069,48,347,11,10,3708,64,4826,3493,2925,2022-02-21,M&E Officer
NAS012,  MISSION HOSPITAL KARU II ,Nasarawa,Karu,2023-12-31,732,20,16,1355,16,117,2,1,1283,27,1102,688,635,2024-01-11,M&E Officer
BEN010,Model Primary Health Centre Okpokwu II,Benue,Okpokwu,2024-02-29,324,334,4,722,13,38,0,0,482,5,616,572,531,2024-03-15,M&E Officer
FCT012,MISSION HOSPITAL BWARI II,FCT,Bwari,Apr-2022,911,31,28,2652,52,213,3,2,1963,28,2415,1989,1674,2022-05-13,Facility Focal Person
AKS008,  Primary Health Centre Uyo II ,Akwa Ibom,Uyo,Sep-2023,115,2,1,86,1,16,0,0,47,2,78,52,49,2023-10-16,Data Clerk
RIV007,Primary Health Centre Port Harcourt II,Rivers,Port Harcourt,31/03/2024,542,5,3,622,9,81,0,0,417,9,531,445,430,2024-04-15,Facility Focal Person
AKS015,Mission Hospital Uyo II,Akwa Ibom,Uyo,2023-06-30,947,51,47,2456,46,103,0,0,2072,37,1937,1116,1072,2023-07-15,Data Clerk
AKS015,Mission Hospital Uyo II,Akwa Ibom,Uyo,2023-07-31,685,31,22,2447,31,215,5,3,1991,28,1944,1559,1374,2023-08-15,Data Clerk
FCT002,General Hospital Bwari,F.C.T.,Bwari,2024-07-31,123,3,2,565,5,20,2,1,447,2,444,364,350,2024-09-15,Facility Focal Person
FCT008,Teaching Hospital Gwagwalada II,FCT,Gwagwalada,Jan-2022,740,36,27,5539,58,141,3,2,4625,95,5059,4571,4083,2022-02-15,Facility Focal Person
LAG008,Cottage Hospital Lagos Island II,Lagos,Lagos Island,31/07/2022,150,5,4,859,16,42,0,0,610,10,634,475,437,2022-08-15,Data Clerk
KAD011,Primary Health Centre Kaduna North II,Kaduna,Kaduna North,2024-12-31,269,8,5,589,8,49,1,0,378,5,522,447,389,2025-01-11,Data Clerk
aks010,General Hospital Eket II,Akwa Ibom,Eket,2024-03-31,674,17,15,1600,22,100,1,0,1120,16,1192,699,665,2024-04-15,Data Clerk
CRS005,TEACHING HOSPITAL AKAMKPA,Cross River,Akamkpa,Feb-2023,749,19,17,4340,23,210,5,3,3895,69,  ,2092,1848,2023-03-16,Facility Focal Person
RIV011,MODEL PRIMARY HEALTH CENTRE DEGEMA II,Rivers,Degema,30/04/2024,387,16,14,932,11,58,3,2,719,10,781,588,518,2024-05-16,Data Clerk
crs011,  COMPREHENSIVE HEALTH CENTRE CALABAR MUNICIPAL II ,Cross River,Calabar Municipal,2024-10-31,353,6,4,501,6,111,0,0,374,9,460,385,324,2024-11-18,Facility Focal Person
CRS014,Comprehensive Health Centre Obudu II,Cross River,Obudu,2022-11-30,247,6,5,117,0,49,0,0,90,4,88,59,52,2022-12-16,M&E Officer
FCT002,General Hospital Bwari,FCT,Bwari,Aug-2023,141,4,2,586,1,41,0,0,502,6,422,337,282,2023-09-13,Facility Focal Person
BEN013,Model Primary Health Centre Makurdi II,Benue,Makurdi,2022-04-30,605,36,29,329,4,173,7,6,213,7,229,131,122,2022-05-16,M&E Officer
LAG008,Cottage Hospital Lagos Island II,Lagos,Lagos Island,2023-03-31,138,2,1,812,13,30,1,0,511,8,579,367,346,2023-04-13,Facility Focal Person
RIV004,  MODEL PRIMARY HEALTH CENTRE AHOADA EAST ,Rivers,Ahoada East,2022-04-30,N/A,10,9,876,11,36,1,0,761,16,665,472,456,2022-05-11,Facility Focal Person
NAS001,Model Primary Health Centre Lafia,Nasarawa,Lafia,2023-03-31,175,0,0,454,6,29,0,0,411,7,374,338,316,2023-04-16,Data Clerk
KAD009,Model Primary Health Centre Sabon Gari II,Kaduna,Sabon Gari,31/12/2023,3670,18,17,893,15,82,1,0,702,10,702,412,367,2024-01-18,Facility Focal Person
FCT008,Teaching Hospital Gwagwalada II,FCT,Gwagwalada,2022-07-31,800,47,44,5337,80,217,5,4,4131,66,4010,2752,2449,2022-08-11,Data Clerk
AKS011,Comprehensive Health Centre Etinan II,Akwa Ibom,Etinan,2022-10-31,112,6,5,302,1,29,0,0,197,8,218,159,137,2022-11-18,M&E Officer
NAS014,Teaching Hospital Akwanga II,Nasarawa,Akwanga,2023-09-30,-,,55,"4,880",51,505,5,4,3968,68,3801,2260,2033,2023-10-18,Facility Focal Person
FCT009,Model Primary Health Centre Kuje II,FCT,Kuje,30/06/2024,222,9,7,481,4,49,1,0,297,2,375,277,237,2024-07-18,Data Clerk
AKS004,Comprehensive Health Centre Etinan,Akwa Ibom,Etinan,2022-11-30,141,5,4,969,13,25,0,0,835,10,794,620,574,2022-12-15,Data Clerk
KAD010,Cottage Hospital Chikun II,Kaduna,Chikun,2023-01-31,220,8,7,960,5,63,0,0,884,19,797,573,471,2023-02-11,Data Clerk
FCT006,Mission Hospital AMAC II,FCT,AMAC,2024-11-30,1043,22,18,2117,25,299,9,8,1746,24,1749,1609,1331,2024-12-29,Data Clerk
AKS005,Comprehensive Health Centre Oron,Akwa Ibom,Oron,2024-01-31,108,0,0,1045,15,31,0,0,967,19,799,498,475,2024-02-11,M&E Officer
NAS014,Teaching Hospital Akwanga II,Nasarawa,Akwanga,2024-03-31,2787,91,90,5032,32,537,9,8,2855,54,3485,2031,1792,2024-04-13,Facility Focal Person
BEN015,Primary Health Centre Otukpo II,Benue,Otukpo,2024-10-31,137,5,3,713,13,21,0,0,486,13,507,396,381,2024-11-11,Data Clerk
RIV009,Mission Hospital Khana II,Rivers,Khana,2022-08-31,470,8,7,841,8,115,0,0,727,7,670,491,439,2022-09-15,Facility Focal Person
BEN010,Model Primary Health Centre Okpokwu II,Benue,Okpokwu,2022-06-30,421,3,2,838,15,73,2,1,659,11,625,365,299,2022-07-21,Data Clerk
FCT004,Model Primary Health Centre Kuje,FCT,Kuje,2023-06-30,389,18,15,"1,304",21,64,2,1,723,21,976,678,557,2023-07-15,M&E Officer
KAD014,GENERAL HOSPITAL SABON GARI II,Kaduna,Sabon Gari,2022-04-30,194,5,4,2795,14,30,0,0,2030,37,2118,1194,1148,2022-05-21,M&E Officer
RIV012,Primary Health Centre Eleme II,RIVERS,Eleme,2024-03-31,686,20,19,1011,13,116,1,0,793,19,836,695,620,2024-04-13,Data Clerk
XXX999,Primary Health Centre Eleme II,Rivers,Eleme,2022-10-31,nil,10,8,901,3,113,3,2,817,15,744,514,465,2022-11-13,Data Clerk
AKS013,MODEL PRIMARY HEALTH CENTRE ABAK II,Akwa Ibom,Abak,2024-07-31,547,13,11,676,2,81,1,0,430,10,584,352,300,2024-08-18,Facility Focal Person
fct005,Primary Health Centre Abaji,FCT,Abaji,2022-04-30,517,15,13,483,2,156,5,4,388,10,440,400,344,2022-05-29,M&E Officer
AKS010,General Hospital Eket II,Akwa Ibom,Eket,2022-05-31,552,12,11,"1,809",15,90,131,1,1234,23,1263,1024,946,2022-06-16,Facility Focal Person
FCT007,Specialist Hospital Bwari II,FCT,Bwari,2024-07-31,2335,56,45,4274,45,520,5,3,3195,50,3432,2849,2651,2024-08-29,M&E Officer
KAD001,Model Primary Health Centre Kaduna North,Kaduna,Kaduna North,2022-04-30,184,9,8,793,7,44,1,0,589,3,655,562,522,2022-05-15,Data Clerk
FCT012,Mission Hospital Bwari II,FCT,Bwari,2024-04-30,1038,42,-,2885,40,302,4,3,1646,29,2108,1437,1342,2024-05-13,Facility Focal Person
FCT004,MODEL PRIMARY HEALTH CENTRE KUJE,FCT,Kuje,2022-03-31,371,18,17,1353,9,114,5,4,  ,15,929,844,738,2022-04-21,Data Clerk
NAS011,Mission Hospital Lafia II,Nasarawa,Lafia,2022-01-31,761,5,4,2849,24,116,1,0,1740,32,2183,1254,1220,2022-03-01,Facility Focal Person
BEN008,Teaching Hospital Gboko II,Benue,Gboko,Sep-2024,3255,84,76,"6,224",34,367,2,1,4267,69,5552,4126,3722,2024-10-13,M&E Officer
FCT003,Specialist Hospital Gwagwalada,FCT,Gwagwalada,Mar-2023,485,10,9,5907,90,104,0,0,4423,88,5065,4163,3779,2023-04-18,Data Clerk
AKS011,Comprehensive Health Centre Etinan II,Akwa Ibom,Etinan,2022-08-31,94,6,5,296,0,29,1,0,197,4,N/A,192,186,2022-09-16,M&E Officer
NAS010,  TEACHING HOSPITAL NASARAWA II ,Nasarawa,Nasarawa,30/04/2023,2443,131,101,4833,60,580,19,18,4588,90,3505,3000,2601,2023-05-13,M&E Officer
FCT008,Teaching Hospital Gwagwalada II,FCT,Gwagwalada,2024-05-31,955,47,36,4736,43,229,5,4,4167,82,4330,3903,3442,2024-06-21,M&E Officer
CRS005,Teaching Hospital Akamkpa,Cross-River,Akamkpa,2022-08-31,834,38,32,4524,85,158,3,2,4230,77,4054,2574,2307,2022-09-15,M&E Officer
CRS011,Comprehensive Health Centre Calabar Municipal II,Cross River,Calabar Municipal,2022-10-31,378,10,8,452,6,50,1,0,344,8,374,281,251,2022-11-11,Facility Focal Person
FCT002,  General Hospital Bwari ,F.C.T.,Bwari,2023-07-31,137,1,0,585,6,42,1,0,417,13,416,385,359,2023-08-21,Facility Focal Person
KAD004,Specialist Hospital Sabon Gari,Kaduna,Sabon Gari,2023-02-28,1836,108,106,4379,30,456,11,9,2596,44,3730,2941,2623,2023-03-13,M&E Officer
BEN009,Primary Health Centre Otukpo II,Benue,Otukpo,2022-12-31,216,4,3,471,7,67,0,0,297,3,355,200,182,2023-01-16,Facility Focal Person
FCT003,Specialist Hospital Gwagwalada,FCT,Gwagwalada,30/09/2024,574,17,15,4923,99,152,1,0,3872,59,4154,3653,3225,2024-10-13,M&E Officer
RIV007,Primary Health Centre Port Harcourt II,Rivers,Port Harcourt,2023-05-31,575,7,6,657,7,135,1,0,456,6,554,391,344,2023-06-18,Data Clerk
BEN006,Primary Health Centre Vandeikya,Benue,Vandeikya,2024-05-31,276,9,8,351,5,82,3,2,208,3,301,185,180,2024-06-11,Facility Focal Person
KAD010,COTTAGE HOSPITAL CHIKUN II,Kaduna,Chikun,2022-05-31,201,12,11,954,3,44,1,0,842,10,652,528,479,2022-06-16,Data Clerk
BEN013,Model Primary Health Centre Makurdi II,Benue,Makurdi,2022-07-31,565,31,27,398,2,177,5,3,289,4,326,224,190,2022-08-16,M&E Officer
NAS012,Mission Hospital Karu II,Nasarawa,Karu,2023-08-31,1304,26,25,1345,6,343,5,4,954,20,977,602,534,2023-09-13,Facility Focal Person
NAS007,GENERAL HOSPITAL KARU II,Nasarawa,Karu,Dec-2023,679,8,-34,2164,37,97,0,0,1547,24,1891,1532,1318,2024-01-21,Data Clerk
AKS014,Primary Health Centre Ikono II,Akwa Ibom,Ikono,2024-07-31,269,15,13,610,12,71,2,1,518,13,426,314,266,2024-08-15,Facility Focal Person
BEN010,Model Primary Health Centre Okpokwu II,Benue,Okpokwu,2023-03-31,365,8,6,762,10,82,1,0,659,14,624,492,460,2023-04-29,Facility Focal Person
BEN005,Model Primary Health Centre Katsina-Ala,Benue,Katsina-Ala,2022-11-30,442,9,6,455,7,140,3,2,261,8,329,247,238,2022-12-29,Facility Focal Person
lag014,COTTAGE HOSPITAL LAGOS ISLAND II,Lagos,Lagos Island,2024-12-31,628,8,5,1596,5,157,1,0,1302,21,1188,757,687,2025-01-16,Facility Focal Person
AKS013,Model Primary Health Centre Abak II,Akwa Ibom,Abak,2022-04-30,297,7,6,510,1,45,0,0,401,6,364,244,201,2022-06-15,Data Clerk
lag002,Specialist Hospital Lagos Island,Lagos,Lagos Island,2023-11-30,1995,91,67,5798,88,599,7,6,4842,81,5374,3125,2955,2023-12-21,M&E Officer
BEN005,Model Primary Health Centre Katsina-Ala,Benue,Katsina-Ala,Aug-2024,533,13,12,582,11,111,0,0,330,7,454,371,332,2024-09-15,Facility Focal Person
AKS011,Comprehensive Health Centre Etinan II,Akwa-Ibom,Etinan,2022-06-30,119,7,5,293,2,16,1,0,194,244,238,155,141,2022-07-15,M&E Officer
FCT014,General Hospital Kuje II,FCT,Kuje,2022-06-30,981,24,16,2459,42,218,5,4,1471,19,1789,1357,1228,2022-07-11,Facility Focal Person
CRS007,Model Primary Health Centre Ikom II,Cross River,Ikom,2022-05-31,111,4,3,314,2,20,1,0,289,2,229,132,123,2022-06-21,Data Clerk
AKS008,Primary Health Centre Uyo II,Akwa Ibom,Uyo,2024-01-31,73,1,0,84,0,8,0,0,57,1,74,68,61,2024-02-16,Facility Focal Person
KAD013,Specialist Hospital Zaria II,Kaduna,Zaria,2024-03-31,2348,76,66,2826,10,551,10,9,2090,33,2432,1693,1519,2024-04-16,M&E Officer
CRS005,Teaching Hospital Akamkpa,Cross River,Akamkpa,31/12/2023,912,35,34,4252,27,284,10,7,2461,55,3337,2223,1856,2024-01-13,Facility Focal Person
FCT015,Comprehensive Health Centre Abaji II,FCT,Abaji,Feb-2023,67,3,2,808,5,8,0,0,640,10,658,NULL,324,2023-03-21,M&E Officer
NAS008,Comprehensive Health Centre Keffi II,Nasarawa,Keffi,2023-02-28,78,3,2,883,12,19,0,0,613,13,659,481,435,2023-03-13,M&E Officer
BEN012,Cottage Hospital Vandeikya II,Benue,Vandeikya,2024-11-30,700,5,3,449,7,73,0,0,293,5,353,194,163,2024-12-21,Facility Focal Person
TMP001,COTTAGE HOSPITAL ORON II,Akwa Ibom,Oron,31/12/2022,998,49,42,728,9,155,5,4,519,9,614,454,425,2023-01-11,M&E Officer
KAD007,Model Primary Health Centre Kaduna South II,Kaduna,Kaduna South,2024-05-31,327,17,13,1123,13,100,3,2,876,8,917,608,591,2024-06-11,M&E Officer
LAG001,Primary Health Centre Ikorodu,Lagos,Ikorodu,2024-05-31,569,18,17,388,2,103,0,0,239,6,321,266,225,2024-06-15,M&E Officer
FCT003,Specialist Hospital Gwagwalada,fct,Gwagwalada,31/10/2023,651,19,18,"5,517",96,102,1,0,3765,80,3822,3604,3052,2023-11-13,M&E Officer
lag014,Cottage Hospital Lagos Island II,Lagos,Lagos Island,2022-05-31,679,3,2,1998,27,154,1,0,1354,25,1474,839,914,2022-06-13,Data Clerk
LAG010,Primary Health Centre Surulere II,Lagos,Surulere,31/03/2023,421,14,-27,951,11,116,1,0,837 ,13,N/A,524,440,2023-04-15,Data Clerk
BEN001,Mission Hospital Makurdi,Benue,Makurdi,2024-09-30,888,2,1,1696,25,205,2,1,1308,25,1569,880,737,2024-10-24,Data Clerk
TMP001,Model Primary Health Centre Kaduna South II,Kaduna,Kaduna South,2022-09-30,194,6,5,1110,7,24,0,0,1016 ,20,778,539,465,2022-10-16,M&E Officer
RIV009,Mission Hospital Khana II,rivers ,Khana,2023-05-31,384,5,3,809,6,107,0,0,768,16,640,552,526,2023-07-16,M&E Officer
CRS015,Model Primary Health Centre Akamkpa II,Cross River,Akamkpa,31/10/2023,74,0,0,514,7,17,0,0,439,3,390,305,288,2023-11-18,Facility Focal Person
AKS003,Model Primary Health Centre Eket,Akwa Ibom,Eket,2024-05-31,610,12,11,426,2,125,2,1,291,6,344,315,262,2024-06-15,M&E Officer
AKS003,Model Primary Health Centre Eket,Akwa Ibom,Eket,2023-03-31,491,24,N/A,259,2,130,2,1,215,4,230,158,153,2023-04-16,Data Clerk
CRS012,Model Primary Health Centre Ikom II,cross river,Ikom,Dec-2024,413,11,8,732,14,114,1,0,419,8,562,492,433,2025-01-21,Data Clerk
FCT009,Model Primary Health Centre Kuje II,FCT,Kuje,2022-04-30,139,3,2,438,5,24,0,0,269,4,315,219,204,2022-05-13,Facility Focal Person
XXX999,Cottage Hospital AMAC II,FCT,AMAC,2023-01-31,267,16,15,2192,19,50,0,0,1642,29,1533,1184,1107,2023-02-16,M&E Officer
FCT002,General Hospital Bwari,FCT,Bwari,2024-10-31,90,7,6,571,5,15,1,0,416,10,521,314,302,2024-11-15,Data Clerk
BEN005,Model Primary Health Centre Katsina-Ala,Benue,Katsina-Ala,2024-11-30,661,22,15,587,7,203,3,2,415,3,455,264,256,2024-12-25,Facility Focal Person
TMP001,General Hospital Okpokwu,Benue,Okpokwu,2022-09-30,1010,10,8,375,4,138,1,0,298,7,273,169,143,2022-10-15,Facility Focal Person
RIV009,Mission Hospital Khana II,Rivers,Khana,2024-04-30,589,6,4,776,2,185,0,0,649,14,715,439,393,2024-05-16,Data Clerk
LAG008,  Cottage Hospital Lagos Island II ,Lagos,Lagos Island,2022-11-30,124,4,3,842,11,28,1,0,482,8,635,591,550,2022-12-13,Facility Focal Person
FCT003,Specialist Hospital Gwagwalada,FCT,Gwagwalada,2023-05-31,644,17,15,5798,26,134,3,2,3628,81,4479,2710,2540,2023-06-15,Facility Focal Person
LAG009,  Mission Hospital Badagry II ,Lagos,Badagry,2024-09-30,525,15,13,2306,24,159,3,2,nil,41,,1573,1358,2024-10-18,Data Clerk
AKS003,Model Primary Health Centre Eket,Akwa Ibom,Eket,2022-07-31,540,12,10,176,0,118,1,0,142,4,148,138,124,2022-08-18,M&E Officer
RIV012,  Primary Health Centre Eleme II ,Rivers,Eleme,2022-09-30,457,14,13,896,6,114,1,0,571,9,786,623,582,2022-10-13,Facility Focal Person
AKS006,PRIMARY HEALTH CENTRE ABAK,Akwa Ibom,Abak,2023-08-31,522,589,10,377,2,147,2,1,246,3,325,230,212,2023-09-29,Data Clerk
CRS008,Cottage Hospital Ogoja II,Cross River,Ogoja,2024-12-31,-,27,25,2144,7,67,0,0,1708,35,1650,1026,848,2025-01-15,M&E Officer
NAS006,Primary Health Centre Lafia II,Nasarawa,Lafia,2024-07-31,292,7,5,927,11,89,1,0,687,12,780,726,598,2024-08-18,M&E Officer
RIV008,TEACHING HOSPITAL OBIO/AKPOR II,Rivers,Obio/Akpor,2022-10-31,1194,39,34,3959,75,169,1,0,3618,62,3129,2121,1917,2022-11-11,M&E Officer
KAD005,Cottage Hospital Chikun,Kaduna,Chikun,2024-04-30,602,15,11,371,2,70,2,1,235,1,326,242,209,2024-05-13,Facility Focal Person
CRS009,COMPREHENSIVE HEALTH CENTRE OBUDU II,Cross River,Obudu,2024-10-31,610,7,5,947,13,158,2,1,872,22,644,437,381,2024-11-13,Facility Focal Person
FCT007,Specialist Hospital Bwari II,FCT,Bwari,2024-10-31,1866,54,43,4258,75,531,6,4,3501,62,3434,3006,2921,2024-11-29,Facility Focal Person
fct004,Model Primary Health Centre Kuje,Federal Capital Territory,Kuje,2023-02-28,387,12,10,1300,15,53,1,0,774 ,13,1109,897,782,2023-03-21,M&E Officer
AKS007,Teaching Hospital Ikono,Akwa Ibom,Ikono,2023-04-30,1101,12,8,6148,39,222,2,1,4557,76,4774,4198,3808,2023-05-13,M&E Officer
NAS009,Cottage Hospital Akwanga II,Nasarawa,Akwanga,Jun-2022,986,5,4,466,7,178,1,0,280,3,379,291,250,2022-07-11,Data Clerk
NAS015,Specialist Hospital Nasarawa II,Nasarawa,Nasarawa,2022-06-30,1314,73,59,3125,41,193,10,9,2226,34,2796,2641,2331,2022-07-29,M&E Officer
RIV014,COTTAGE HOSPITAL OBIO/AKPOR II,Rivers,Obio/Akpor,2024-02-29,765,10,9,662,11,78,2,1,628,11,473,442,406,2024-03-11,Data Clerk
CRS002,Comprehensive Health Centre Ikom,cross river,Ikom,2023-02-28,160,5,3,199,1,39,1,0,121,2,152,123,118,2023-03-13,Data Clerk
FCT014,General Hospital Kuje II,fct,Kuje,2024-07-31,1217,39,27,2515,43,255,6,5,1543,22,2272,2019,1719,2024-08-11,M&E Officer
BEN015,Primary Health Centre Otukpo II,Benue,Otukpo,2022-04-30,173,4,3,876,7,42,1,0,704,12,779,716,644,2022-05-18,Data Clerk
FCT015,Comprehensive Health Centre Abaji II,FCT,Abaji,2024-02-29,112,4,2,741,11,22,1,0,525,16,525,396,351,2024-03-11,Data Clerk
FCT001,  Mission Hospital AMAC ,Federal Capital Territory,AMAC,2024-02-29,1063,17,13,1204,22,179,4,3,725,16,1002,809,719,2024-03-13,M&E Officer
FCT010,Model Primary Health Centre Abaji II,FCT,Abaji,2023-05-31,660,18,17,364,5,103,1,0,231,7,318,228,N/A,2023-06-11,Facility Focal Person
AKS012,Cottage Hospital Oron II,Akwa Ibom,Oron,2024-05-31,1233,58,43,1181,22,225,4,3,659,10,853,536,439,2024-06-16,Facility Focal Person
aks011,Comprehensive Health Centre Etinan II,AKWA IBOM,Etinan,2024-09-30,132,4,2,339,2,16,0,0,290,7,284,241,202,2024-10-18,Facility Focal Person
BEN002,Specialist Hospital Gboko,Benue,Gboko,2024-04-30,2619,43,34,4408,62,488,7,5,3274,66,4054,3260,3167,2024-05-29,M&E Officer
NAS012,Mission Hospital Karu II,Nasarawa,Karu,31/12/2022,835,15,12,1340,18,113,0,0,935,17,1129,826,701,2023-01-16,Facility Focal Person
AKS006,Primary Health Centre Abak,AKWA IBOM,Abak,2022-12-31,472,17,15,325,2,132,3,2,201,4,271,243,NULL,2023-01-13,Data Clerk
AKS003,Model Primary Health Centre Eket,AKWA IBOM,Eket,2024-09-30,635,27,21,477,1,104,0,0,357,2,443,414,394,2024-10-29,Facility Focal Person
CRS009,Comprehensive Health Centre Obudu II,Cross-River,Obudu,2022-08-31,592,21,20,757,5,98,3,2,626,17,524,441,414,2022-09-11,Data Clerk
NAS005,Mission Hospital Nasarawa,Nasarawa,Nasarawa,2023-01-31,1335,38,31,400,5,301,2,1,247,7,289,254,225,2023-02-18,Data Clerk
LAG011,Cottage Hospital Agege II,Lagos,Agege,2023-08-31,701,8,5,1668,15,78,0,0,1091,16,1481,838,769,2023-09-13,Facility Focal Person
FCT004,Model Primary Health Centre Kuje,FCT,Kuje,2023-12-31,222,11,10,1269,22,46,0,0,991,11,1069,806,710,2024-01-29,Facility Focal Person
RIV001,Model Primary Health Centre Port Harcourt,Rivers,Port Harcourt,2023-02-28,107,0,0,1004,14,22,0,0,885,19,687,454,384,2023-03-11,Facility Focal Person
NAS003,Cottage Hospital Keffi,Nasarawa,Keffi,2023-03-31,265,5,3,1679,17,51,0,0,nil,24,1152,881,772,2023-04-11,Facility Focal Person
LAG010,Primary Health Centre Surulere II,Lagos,Surulere,2022-09-30,565,27,19,942,9,164,4,3,780,11,677,387,320,2022-10-13,M&E Officer
BEN011,Model Primary Health Centre Katsina-Ala II,Benue,Katsina-Ala,2023-12-31,212,8,6,360,4,29,0,0,207,0,333,222,196,2024-01-16,Facility Focal Person
LAG004,Comprehensive Health Centre Surulere,Lagos,Surulere,2024-09-30,438,nil,8,610,10,72,0,0,562,18,530,469,398,2024-10-18,Facility Focal Person
KAD012,Comprehensive Health Centre Kaduna South II,Kaduna,Kaduna South,2024-11-30,545,5,4,632,9,143,1,0,514,7,485,368,309,2024-12-11,Facility Focal Person
fct014,General Hospital Kuje II,FCT,Kuje,2024-12-31,907,45,32,2599,40,234,3,2,2010,41,2135,1209,1089,2025-01-13,M&E Officer
FCT008,Teaching Hospital Gwagwalada II,FCT,Gwagwalada,2024-09-30,880,43,42,4776,10,143,3,2,4418,92,3289,3048,2555,2024-10-18,Facility Focal Person
NAS006,PRIMARY HEALTH CENTRE LAFIA II,Nasarawa,Lafia,2024-06-30,327,10,7,933,10,46,1,0,812,15,864,803,686,2024-07-15,Data Clerk
LAG005,Mission Hospital Agege,Lagos,Agege,2024-04-30,1239,29,28,1802,11,150,3,2,1417,24,1559,1409,1286,2024-05-15,Data Clerk
CRS013,Mission Hospital Ogoja II,Cross River,Ogoja,2023-03-31,209,3,2,812,8,35,0,0,558,9,745,417,347,2023-04-11,Data Clerk
BEN015,Primary Health Centre Otukpo II,Benue,Otukpo,31/08/2022,145,2,1,853,1,15,0,0,691,9,733,616,574,2022-09-13,Facility Focal Person
CRS006,Primary Health Centre Calabar Municipal II,cross river,Calabar Municipal,2023-11-30,407,18,13,1356,14,81,3,2,912,16,1071,874,730,2023-12-29,M&E Officer
LAG099,Comprehensive Health Centre Surulere,Lagos,Surulere,Aug-2022,562,7,-39,626,9,170,5,4,374,2,506,421,371,2022-09-15,M&E Officer
KAD005,Cottage Hospital Chikun,Kaduna,Chikun,2022-05-31,620,8,6,281,3,166,3,2,188,3,218,187,156,2022-06-13,Facility Focal Person
KAD006,Specialist Hospital Kaduna North II,Kaduna,Kaduna North,Oct-2024,2010,,24,1772,21,390,5,3,1431,25,1399,1277,1221,2024-11-18,M&E Officer
KAD006,Specialist Hospital Kaduna North II,Kaduna,Kaduna North,2024-06-30,2414,30,29,1723,19,525,4,3,1470,20,1422,807,739,2024-07-11,M&E Officer
CRS005,Teaching Hospital Akamkpa,Cross River,Akamkpa,2023-08-31,1069,44,43,4247,21,152,5,4,3070,51,3573,2431,2149,2023-09-16,M&E Officer
LAG005,Mission Hospital Agege,Lagos,Agege,2024-08-31,1303,50,42,1827,13,354,8,6,1731,37,1388,1081,920,2024-09-18,Facility Focal Person
RIV014,COTTAGE HOSPITAL OBIO/AKPOR II,Rivers,Obio/Akpor,30/09/2022,783,4,2,619,2,125,1,0,518,11,443,413,381,2022-10-30,M&E Officer
lag010,Primary Health Centre Surulere II,Lagos,Surulere,Jan-2022,422,12,11,895,16,134,2,1,-,8,681,460,390,2022-02-13,Facility Focal Person
RIV005,Mission Hospital Degema,Rivers,Degema,2023-07-31,178,4,3,1383,28,26,0,0,N/A,14,1037,828,713,2023-08-11,M&E Officer
FCT012,Mission Hospital Bwari II,FCT,Bwari,2024-08-31,1012,35,29,2927,20,249,4,3,2232,40,2408,2268,2176,2024-09-13,M&E Officer
nas012,Mission Hospital Karu II,Nasarawa,Karu,31/10/2022,627,14,11,1346,18,66,3,2,922,20,1078,918,806,2022-11-11,Facility Focal Person
NAS007,General Hospital Karu II,Nasarawa,Karu,2024-08-31,839,5,4,2050,16,92,0,0,1506,23,1759,1070,909,2024-09-13,M&E Officer
RIV013,Mission Hospital Port Harcourt II,Rivers,Port Harcourt,2023-11-30,500,23,17,2146,8,108,3,2,2033,33,1955,1498,1256,2023-12-18,Data Clerk
AKS013,Model Primary Health Centre Abak II,Akwa Ibom,Abak,2024-09-30,476,28,22,699,3,149,0,0,394,6,615,561,480,2024-10-18,M&E Officer
KAD003,MISSION HOSPITAL ZARIA,Kaduna,Zaria,Oct-2023,1351,93,75,2801,51,169,5,4,1733,31,2428,1423,1186,2023-11-16,Data Clerk
crs010,Comprehensive Health Centre Akamkpa II,Cross River,Akamkpa,2022-12-31,41,2,1,405,2,6,0,0,370,4,375,274,240,2023-01-21,M&E Officer
NAS002,Cottage Hospital Karu,Nasarawa,Karu,2023-09-30,405,3,2,304,3,98,0,0,175,3,216,154,143,2023-10-29,M&E Officer
KAD008,Model Primary Health Centre Zaria II,Kaduna,Zaria,2023-11-30,317,8,6,"1,175",22,60,0,0,826,17,1028,776,652,2023-12-16,M&E Officer
FCT012,Mission Hospital Bwari II,fct,Bwari,2024-02-29,1004,33,23,"2,877",11,211,4,3,2066,36,2018,1526,1393,2024-03-13,Data Clerk
KAD001,Model Primary Health Centre Kaduna North,Kaduna,Kaduna North,2024-08-31,202,11,10,746,9,58,2,1,443,7,644,524,486,2024-09-13,M&E Officer
BEN005,Model Primary Health Centre Katsina-Ala,Benue,Katsina-Ala,2023-01-31,483,13,10,466,6,119,1,0,265,4,324,188,169,2023-03-01,Facility Focal Person
KAD005,Cottage Hospital Chikun,Kaduna,Chikun,Dec-2024,623,11,  ,422,3,156,2,1,390,13,344,220,185,2025-01-11,Facility Focal Person
KAD004,Specialist Hospital Sabon Gari,Kaduna,Sabon Gari,2022-02-28,2328,115,90,3588,34,293,7,6,2580,43,2664,2188,1877,2022-03-13,Data Clerk
FCT005,Primary Health Centre Abaji,FCT,Abaji,2022-05-31,573,607,11,489,5,170,2,1,449,6,  ,278,229,2022-06-15,Data Clerk
AKS006,Primary Health Centre Abak,Akwa Ibom,Abak,2024-09-30,466,8,6,504,1,72,3,2,376,4,427,297,246,2024-10-16,Data Clerk
RIV014,Cottage Hospital Obio/Akpor II,Rivers,Obio/Akpor,May-2024,1074,16,11,671,5,144,1,0,503,10,494,439,401,2024-06-16,Facility Focal Person
NAS010,Teaching Hospital Nasarawa II,Nasarawa,Nasarawa,2023-01-31,2063,88,80,4740,82,347,11,8,4207,73,4058,2532,2396,2023-02-15,Facility Focal Person
RIV011,Model Primary Health Centre Degema II,Rivers,Degema,31/01/2022,263,11,9,870,8,60,0,0,649,14,805,462,440,2022-02-15,Facility Focal Person
BEN011,Model Primary Health Centre Katsina-Ala II,Benue,Katsina-Ala,Nov-2022,238,12,11,333,0,72,3,2,230,5,251,172,nil,2022-12-18,Data Clerk
KAD003,MISSION HOSPITAL ZARIA,Kaduna,Zaria,Dec-2024,1215,62,61,3105,51,166,10,7,2036,31,2577,2137,1876,2025-01-11,M&E Officer
LAG007,Primary Health Centre Ikorodu II,Lagos,Ikorodu,30/06/2023,524,19,14,494,4,93,5,4,372,3,401,287,248,2023-07-18,Data Clerk
FCT001,MISSION HOSPITAL AMAC,FCT,AMAC,2023-11-30,753,6,4,1230,24,200,0,0,902,12,999,716,614,2023-12-13,Facility Focal Person
FCT002,General Hospital Bwari,FCT,Bwari,2024-01-31,101,3,2,581,6,17,0,0,512,5,438,340,293,2024-02-16,Data Clerk
RIV004,MODEL PRIMARY HEALTH CENTRE AHOADA EAST,Rivers,Ahoada East,2023-01-31,411,9,8,856,15,79,3,2,602,10,601,436,385,2023-02-11,Facility Focal Person
BEN015,Primary Health Centre Otukpo II,Benue,Otukpo,2024-11-30,162,6,4,715,2,25,2,1,396,10,512,444,386,2024-12-15,M&E Officer
RIV006,Cottage Hospital Eleme,Rivers,Eleme,2023-10-31,1061,43,40,2616,33,244,3,2,2146,49,1899,1668,1438,2023-11-15,Data Clerk
AKS007,Teaching Hospital Ikono,Akwa Ibom,Ikono,30/06/2024,1257,15,14,5321,62,347,3,2,4308,82,4878,2994,2533,2024-07-11,Data Clerk
CRS013,Mission Hospital Ogoja II,Cross River,Ogoja,2024-03-31,218,5,4,763,2,45,1,0,430,8,569,477,405,2024-04-15,M&E Officer
LAG004,Comprehensive Health Centre Surulere,Lagos,Surulere,2024-07-31,656,12,9,617,7,73,2,1,396,7,484,327,305,2024-08-13,Data Clerk
FCT011,Cottage Hospital AMAC II,FCT,AMAC,Mar-2023,269,5,4,2189,14,53,1,0,1966,36,1868,1200,1036,2023-04-15,M&E Officer
KAD014,General Hospital Sabon Gari II,Kaduna,Sabon Gari,2023-10-31,181,9,8,2378,23,31,1,0,1523,30,2066,1256,1152,2023-11-15,Facility Focal Person
BEN004,General Hospital Okpokwu,Benue,Okpokwu,2023-07-31,906,10,9,384,7,225,2,1,362,2,272,201,170,2023-08-11,Facility Focal Person
AKS015,MISSION HOSPITAL UYO II,Akwa Ibom,Uyo,2022-06-30,861,46,36,2480,42,181,6,5,1758,28,2051,1487,1378,2022-07-13,Data Clerk
FCT011,Cottage Hospital AMAC II,FCT,AMAC,2022-02-28,255,8,7,2378,45,75,1,0,1890,33,1770,1111,1011,2022-03-11,Facility Focal Person
FCT002,  General Hospital Bwari ,FCT,Bwari,2022-06-30,148,  ,3,634,2,38,1,0,551,10,580,513,447,2022-07-11,M&E Officer
NAS001,Model Primary Health Centre Lafia,Nasarawa,Lafia,2022-06-30,166,0,0,490,2,47,0,0,315,6,395,341,282,2022-07-11,Data Clerk
LAG012,Primary Health Centre Alimosho II,Lagos,Alimosho,2024-09-30,330,11,9,658,12,50,2,1,400,6,452,415,386,2024-10-11,M&E Officer
RIV007,Primary Health Centre Port Harcourt II,RIVERS,Port Harcourt,2022-12-31,383,2,1,679,11,41,0,0,436,5,474,303,288,2023-01-21,Facility Focal Person
NAS015,  Specialist Hospital Nasarawa II ,Nasarawa,Nasarawa,2024-05-31,1470,99,85,3308,39,243,7,5,2596,53,2690,2311,2130,2024-06-29,Data Clerk
NAS002,Cottage Hospital Karu,Nasarawa,Karu,2024-07-31,580,4,3,296,3,182,0,0,233,4,205,191,184,2024-08-11,Data Clerk
AKS012,Cottage Hospital Oron II,Akwa Ibom,Oron,Feb-2024,870,32,28,1096,20,119,124,1,771,12,823,  ,621,2024-03-13,M&E Officer
AKS004,Comprehensive Health Centre Etinan,Akwa Ibom,Etinan,Apr-2023,230,10,9,959,18,30,1,0,600,9,730,416,352,2023-05-18,M&E Officer
CRS002,Comprehensive Health Centre Ikom,Cross River,Ikom,2023-05-31,200,7,6,210,0,32,0,0,143,0,187,137,116,2023-06-15,Data Clerk
CRS001,Model Primary Health Centre Calabar Municipal,Cross River,Calabar Municipal,2024-04-30,232,10,7,697,3,31,0,0,496,11,635,478,427,2024-05-21,Facility Focal Person
RIV008,Teaching Hospital Obio/Akpor II,Rivers,Obio/Akpor,2024-04-30,1714,62,61,4090,68,384,9,7,2425,50,3356,2984,2536,2024-05-21,M&E Officer
BEN010,Model Primary Health Centre Okpokwu II,Benue,Okpokwu,2022-04-30,379,3,2,848,5,90,0,0,653,5,737,593,506,2022-06-15,Facility Focal Person
BEN009,Primary Health Centre Otukpo II,Benue,Otukpo,2023-07-31,305,2,1,453,8,79,0,0,414,9,311,194,160,2023-08-15,Data Clerk
BEN014,Comprehensive Health Centre Gboko II,Benue,Gboko,31/08/2024,635,8,6,752,6,193,1,0,550,14,577,541,492,2024-09-13,M&E Officer
lag001,Primary Health Centre Ikorodu,Lagos,Ikorodu,2023-11-30,384,20,19,337,1,109,4,3,196,1,264,153,135,2023-12-13,Data Clerk
LAG005,Mission Hospital Agege,Lagos,Agege,2024-12-31,1120,45,41,1862,17,340,2,1,1680,25,1708,1518,1282,2025-01-15,Data Clerk
NAS014,Teaching Hospital Akwanga II,Nasarawa,Akwanga,2023-03-31,1810,53,52,4787,15,462,4,3,3513,78,3487,2944,2680,2023-04-15,M&E Officer
AKS012,Cottage Hospital Oron II,Akwa Ibom,Oron,2022-04-30,965,39,33,423,5,208,6,4,393,10,316,278,260,2022-05-13,Data Clerk
CRS008,Cottage Hospital Ogoja II,Cross River,Ogoja,2023-12-31,553,21,19,2140,39,111,138,3,1642,25,1547,1348,N/A,2024-01-13,Facility Focal Person
NAS002,Cottage Hospital Karu,Nasarawa,Karu,2022-04-30,293,0,0,313,5,85,0,0,269,6,221,209,175,2022-05-11,Facility Focal Person
FCT004,Model Primary Health Centre Kuje,FCT,Kuje,30/04/2022,310,13,9,1350,12,82,2,1,928,19,936,686,643,2022-05-29,M&E Officer
BEN008,  Teaching Hospital Gboko II ,Benue,Gboko,Jan-2024,2519,90,76,6280,97,732,9,7,3886,75,4301,3451,2949,2024-02-16,M&E Officer
LAG015,Model Primary Health Centre Badagry II,Lagos,Badagry,2024-12-31,313,10,9,1074,12,70,1,0,655,14,968,746,711,2025-01-15,Facility Focal Person
NAS006,Primary Health Centre Lafia II,Nasarawa,Lafia,2022-02-28,223,11,9,1039,13,55,0,0,932,17,788,nil,428,2022-03-13,Facility Focal Person
RIV013,Mission Hospital Port Harcourt II,Rivers,Port Harcourt,2022-11-30,582,17,13,2216,19,156,6,5,1600,34,1839,1415,1339,2022-12-13,M&E Officer
AKS013,MODEL PRIMARY HEALTH CENTRE ABAK II,Akwa Ibom,Abak,2024-01-31,351,10,8,634,7,86,2,1,385,7,459,396,356,2024-02-11,Data Clerk
KAD010,COTTAGE HOSPITAL CHIKUN II,Kaduna,Chikun,2023-04-30,267,8,7,951,15,59,1,0,708,10,722,587,538,2023-05-11,Data Clerk
CRS009,Comprehensive Health Centre Obudu II,Cross River,Obudu,2023-06-30,488,20,14,842,2,,1,0,619,7,752,662,574,2023-07-21,Facility Focal Person
LAG099,Primary Health Centre Surulere II,Lagos,Surulere,2022-11-30,462,18,13,938,9,111,4,3,753,18,664,535,481,2022-12-15,Facility Focal Person
CRS009,Comprehensive Health Centre Obudu II,Cross River,Obudu,Jun-2022,554,20,17,728,5,123,2,1,635,13,N/A,517,424,2022-07-13,Facility Focal Person
NAS001,Model Primary Health Centre Lafia,Nasarawa,Lafia,2022-07-31,239,0,0,483,7,58,0,0,300,5,331,286,256,2022-09-15,Data Clerk
RIV003,Comprehensive Health Centre Khana,Rivers,Khana,2024-06-30,448,23,16,1076,5,108,1,0,776,14,923,817,730,2024-07-13,Data Clerk
LAG010,Primary Health Centre Surulere II,Lagos,Surulere,28/02/2023,415,11,10,952,7,115,0,0,661,14,839,506,459,2023-03-13,Data Clerk
NAS014,Teaching Hospital Akwanga II,Nasarawa,Akwanga,2024-08-31,2343,83,66,5101,66,596,9,7,4476,77,4110,2690,2374,2024-10-16,Facility Focal Person
FCT013,Cottage Hospital Gwagwalada II,FCT,Gwagwalada,2024-04-30,1133,13,9,1246,22,222,1,0,926,16,1156,1058,1002,2024-05-15,Data Clerk
NAS013,General Hospital Keffi II,Nasarawa,Keffi,2022-08-31,491,19,16,"1,640",10,146,4,3,1187,27,1207,1006,913,2022-09-15,Facility Focal Person
FCT004,Model Primary Health Centre Kuje,FCT,Kuje,2024-05-31,406,12,10,1262,20,102,6,5,1193,13,949,822,737,2024-06-13,Facility Focal Person
LAG008,Cottage Hospital Lagos Island II,Lagos,Lagos Island,2023-05-31,125,9,7,805,13,21,0,0,503,14,597,381,361,2023-06-16,Facility Focal Person
CRS014,Comprehensive Health Centre Obudu II,Cross-River,Obudu,2024-05-31,394,15,11,189,3,58,1,0,163,2,132,77,71,2024-06-13,M&E Officer
CRS002,Comprehensive Health Centre Ikom,Cross River,Ikom,2024-05-31,187,8,6,269,4,21,1,0,178,3,196,151,140,2024-06-11,Data Clerk
KAD003,MISSION HOSPITAL ZARIA,Kaduna,Zaria,2023-09-30,1005,49,38,2777,8,198,3,2,2542,38,2024,1603,1315,2023-10-15,Data Clerk
RIV009,Mission Hospital Khana II,Rivers,Khana,2023-06-30,545,4,3,806,6,171,1,0,598,11,578,395,378,2023-07-16,M&E Officer
riv001,Model Primary Health Centre Port Harcourt,Rivers,Port Harcourt,2022-03-31,101,0,0,1170,12,23,0,0,1023,16,803,591,539,2022-04-16,Data Clerk
AKS003,MODEL PRIMARY HEALTH CENTRE EKET,Akwa Ibom,Eket,2023-08-31,N/A,18,13,334,0,92,3,2,309,312,,229,214,2023-09-16,Facility Focal Person
crs012,Model Primary Health Centre Ikom II,Cross River,Ikom,2023-03-31,342,7,5,791,14,64,1,0,616 ,9,735,434,356,2023-05-16,Data Clerk
LAG011,Cottage Hospital Agege II,Lagos,Agege,Apr-2022,472,5,3,1825,28,145,1,0,1260,18,1313,1040,998,2022-05-18,M&E Officer
NAS010,TEACHING HOSPITAL NASARAWA II,Nasarawa,Nasarawa,30/04/2024,3108,N/A,-3,5455,19,769,36,28,4017,69,4763,3411,2841,2024-05-13,M&E Officer
KAD014,General Hospital Sabon Gari II,Kaduna,Sabon Gari,31/01/2024,219,5,4,2327,7,45,1,0,1959,33,1619,1522,1406,2024-02-11,Data Clerk
FCT011,Cottage Hospital AMAC II,FCT,AMAC,Feb-2023,389,17,14,2199,7,81,0,0,1590,37,1872,1652,1573,2023-03-13,Data Clerk
NAS003,Cottage Hospital Keffi,Nasarawa,Keffi,29/02/2024,274,1,0,1543,18,50,1,0,1435,22,1244,1121,1037,2024-03-18,Data Clerk
riv015,Specialist Hospital Khana II,Rivers,Khana,2022-05-31,457,16,14,2429,46,101,3,2,1609,28,2085,1551,1341,2022-06-15,M&E Officer
LAG010,Primary Health Centre Surulere II,Lagos,Surulere,2023-09-30,451,16,11,948,18,134,4,3,568,8,720,450,389,2023-10-13,Data Clerk
AKS007,Teaching Hospital Ikono,Akwa Ibom,Ikono,31/10/2023,733,7,5,5729,101,167,1,0,4239,67,4288,3834,3427,2023-11-18,Data Clerk
FCT005,Primary Health Centre Abaji,FCT,Abaji,May-2023,617,682,9,518,1,168,2,1,349,6,425,338,298,2023-06-16,Facility Focal Person
BEN002,Specialist Hospital Gboko,Benue,Gboko,2023-06-30,2044,43,35,4517,74,493,4,3,3320,71,3387,2465,2274,2023-07-16,Data Clerk
LAG006,Specialist Hospital Alimosho,Lagos,Alimosho,2022-10-31,765,16,11,5298,81,76,0,0,4010,72,4054,3209,2988,2022-11-18,Data Clerk
CRS001,MODEL PRIMARY HEALTH CENTRE CALABAR MUNICIPAL,Cross River,Calabar Municipal,2023-09-30,249,7,5,689,6,-,1,0,457 ,5,610,579,502,2023-10-13,Data Clerk
AKS005,Comprehensive Health Centre Oron,Akwa Ibom,Oron,2023-08-31,144,3,2,1097,2,27,0,0,999,15,794,671,551,2023-10-16,Data Clerk
NAS013,General Hospital Keffi II,Nasarawa,Keffi,Nov-2024,676,41,31,1687,28,159,3,2,1394,35,1335,831,691,2024-12-21,Facility Focal Person
FCT013,Cottage Hospital Gwagwalada II,FCT,Gwagwalada,2024-11-30,1354,14,10,1242,18,240,1,0,694,12,909,832,702,2024-12-21,M&E Officer
XXX999,Model Primary Health Centre Kaduna North,Kaduna,Kaduna North,2022-11-30,161,14,10,786,10,23,1,0,,4,666,529,452,2022-12-21,Data Clerk
FCT010,Model Primary Health Centre Abaji II,FCT,Abaji,2023-12-31,390,423,10,430,3,41,0,0,295,7,371,251,239,2024-01-16,Facility Focal Person
NAS009,  COTTAGE HOSPITAL AKWANGA II ,Nasarawa,Akwanga,2023-02-28,1052,4,3,478,2,182,0,0,417,5,444,405,374,2023-03-11,Facility Focal Person
KAD011,Primary Health Centre Kaduna North II,Kaduna,Kaduna North,2023-12-31,216,3,2,573,7,34,1,0,371,6,448,375,329,2024-01-16,Data Clerk
LAG006,Specialist Hospital Alimosho,Lagos,Alimosho,2023-04-30,1073,22,18,5001,64,241,3,2,3436,59,4136,3735,3071,2023-05-13,M&E Officer
FCT008,Teaching Hospital Gwagwalada II,FCT,Gwagwalada,31/12/2023,762,43,38,4861,75,120,3,2,4207,83,4310,3006,2808,2024-01-18,M&E Officer
XXX999,Comprehensive Health Centre Akamkpa II,Cross River,Akamkpa,2022-01-31,58,0,0,443,3,14,0,0,372,10,311,206,192,2022-02-13,Data Clerk
CRS004,Comprehensive Health Centre Obudu,Cross River,Obudu,2023-09-30,237,2,1,459,1,26,103,0,421,7,337,210,181,2023-10-18,Facility Focal Person
FCT002,  General Hospital Bwari ,FCT,Bwari,2022-03-31,95,5,3,649,4,13,0,0,486,9,521,346,327,2022-04-21,Facility Focal Person
fct014,GENERAL HOSPITAL KUJE II,FCT,Kuje,2024-11-30,928,44,39,2607,8,270,7,5,1602,25,1952,1487,1347,2024-12-21,Facility Focal Person
NAS001,Model Primary Health Centre Lafia,Nasarawa,Lafia,2024-06-30,231,2,1,396,4,72,1,0,299,5,349,297,279,2024-07-13,M&E Officer
NAS010,TEACHING HOSPITAL NASARAWA II,Nasarawa,Nasarawa,2023-02-28,1570,74,65,4757,48,164,10,9,3732,48,3390,2825,2480,2023-03-16,M&E Officer
KAD012,  Comprehensive Health Centre Kaduna South II ,Kaduna,Kaduna South,2023-09-30,441,4,2,640,11,108,0,0,480,6,564,491,404,2023-10-13,Facility Focal Person
BEN011,Model Primary Health Centre Katsina-Ala II,Benue,Katsina-Ala,May-2023,280,13,9,340,1,72,0,0,309,5,246,213,179,2023-06-18,M&E Officer
RIV002,Teaching Hospital Obio/Akpor,Rivers,Obio/Akpor,2023-06-30,1696,31,24,4637,31,206,2,1,3993,70,3986,2259,1879,2023-07-16,Data Clerk
AKS002,General Hospital Ikot Ekpene,Akwa Ibom,Ikot Ekpene,2022-06-30,268,3,2,673,8,71,1,0,406,6,584,497,441,2022-07-16,Data Clerk
RIV001,Model Primary Health Centre Port Harcourt,Rivers,Port Harcourt,2023-09-30,121,0,0,938,17,37,0,0,571,8,710,436,381,2023-10-13,M&E Officer
CRS009,Comprehensive Health Centre Obudu II,Cross River,Obudu,2023-11-30,541,31,24,893,12,166,8,6,597,5,729,618,545,2023-12-21,Data Clerk
NAS012,  Mission Hospital Karu II ,Nasarawa,Karu,2024-03-31,1013,25,22,1347,20,304,4,3,1261,21,1076,1013,914,2024-04-13,M&E Officer
AKS007,Teaching Hospital Ikono,Akwa Ibom,Ikono,2024-04-30,1146,10,9,5376,83,172,1,0,3007,63,4803,3714,3086,2024-05-29,Facility Focal Person
BEN008,Teaching Hospital Gboko II,Benue,Gboko,Dec-2022,1909,31,28,6151,86,551,8,7,3845,55,5720,4101,3397,2023-01-16,M&E Officer
FCT001,Mission Hospital AMAC,FCT,AMAC,31/03/2024,1171,13,10,1196,18,301,1,0,1083,17,1010,936,800,2024-04-15,Data Clerk
KAD008,MODEL PRIMARY HEALTH CENTRE ZARIA II,Kaduna,Zaria,2023-09-30,418,10,8,1183,23,112,1,0,853,18,1048,678,558,2023-10-16,M&E Officer
BEN011,Model Primary Health Centre Katsina-Ala II,Benue,Katsina-Ala,31/07/2022,256,4,3,312,3,43,1,0,212,4,261,200,195,2022-08-29,Data Clerk
AKS008,Primary Health Centre Uyo II,Akwa Ibom,Uyo,2022-10-31,91,2,1,85,0,27,0,0,70,0,59,41,38,2022-11-16,Data Clerk
fct001,Mission Hospital AMAC,FCT,AMAC,2023-04-30,-6,11,8,1274,14,271,1,0,863,17,906,632,532,2023-05-11,M&E Officer
LAG003,Teaching Hospital Badagry,Lagos,Badagry,2022-02-28,2260,69,66,6099,36,268,7,6,3593,61,5504,4487,3721,2022-03-11,Data Clerk
LAG004,Comprehensive Health Centre Surulere,Lagos,Surulere,2022-02-28,448,4,3,634,7,136,5,3,585,11,515,427,383,2022-03-16,Data Clerk
KAD014,General Hospital Sabon Gari II,Kaduna,Sabon Gari,2022-08-31,199,5,3,2694,32,21,0,0,1567,29,2002,1355,1310,2022-09-13,M&E Officer
RIV009,Mission Hospital Khana II,RIVERS,Khana,2022-07-31,542,5,3,842,12,108,2,1,760,10,733,430,399,2022-08-15,Facility Focal Person
TMP001,  Primary Health Centre Ikorodu II ,Lagos,Ikorodu,Nov-2024,423,8,6,647,10,130,5,4,553 ,9,515,335,322,2024-12-21,Data Clerk
LAG011,Cottage Hospital Agege II,Lagos,Agege,30/11/2024,671,18,15,"1,545",21,67,0,0,1037,22,1377,1256,1168,2024-12-18,Facility Focal Person
AKS010,General Hospital Eket II,Akwa Ibom,Eket,2023-05-31,733,5,4,"1,672",31,83,2,1,1577,31,1302,775,756,2023-06-21,M&E Officer
LAG099,Primary Health Centre Otukpo II,Benue,Otukpo,Oct-2023,145,5,3,758,11,21,1,0,453,10,690,396,346,2023-11-16,Data Clerk
NAS011,Mission Hospital Lafia II,Nasarawa,Lafia,31/05/2023,1496,12,10,2620,20,253,1,0,1925,27,1939,nil,1039,2023-06-18,Facility Focal Person
XXX999,Primary Health Centre Ikono II,Akwa Ibom,Ikono,2023-01-31,226,9,6,598,11,44,0,0,347,8,433,302,280,2023-02-11,Data Clerk
KAD010,Cottage Hospital Chikun II,Kaduna,Chikun,2024-02-29,210,11,10,964,11,26,0,0,652,7,830,621,523,2024-03-13,M&E Officer
NAS010,Teaching Hospital Nasarawa II,Nasarawa,Nasarawa,2022-03-31,1954,92,67,"4,472",75,439,11,9,3189,61,3231,2372,2275,2022-04-21,Data Clerk
FCT007,Specialist Hospital Bwari II,FCT,Bwari,30/09/2022,1734,37,  ,4426,79,388,3,2,3340,63,3112,2035,1964,2022-10-15,Data Clerk
KAD012,Comprehensive Health Centre Kaduna South II,Kaduna,Kaduna South,2024-01-31,446,5,4,628,4,79,0,0,535,11,460,366,314,2024-02-16,Data Clerk
LAG005,  Mission Hospital Agege ,Lagos,Agege,2022-07-31,1299,36,32,"1,539",24,257,2,1,878,15,1322,1074,927,2022-08-16,M&E Officer
NAS002,Cottage Hospital Karu,Nasarawa,Karu,2023-01-31,337,3,2,312,2,52,0,0,267,6,258,153,140,2023-03-01,Facility Focal Person
NAS015,  Specialist Hospital Nasarawa II ,Nasarawa,Nasarawa,2024-12-31,1239,52,39,3400,36,395,5,4,2580 ,39,3064,2348,1966,2025-01-13,Data Clerk
KAD008,MODEL PRIMARY HEALTH CENTRE ZARIA II,Kaduna,Zaria,Dec-2024,330,9,7,1161,11,66,1,0,781,15,807,588,512,2025-01-13,M&E Officer
NAS999,  Specialist Hospital Zaria II ,Kaduna,Zaria,2022-07-31,2444,143,119,1788,29,394,13,11,1078,25,1578,1018,956,2022-08-29,Facility Focal Person
KAD006,SPECIALIST HOSPITAL KADUNA NORTH II,Kaduna,Kaduna North,2022-07-31,2118,46,41,1571,19,262,4,3,1113,25,1169,651,685,2022-08-13,Data Clerk
BEN006,Primary Health Centre Vandeikya,Benue,Vandeikya,30/04/2023,236,10,9,334,5,45,1,0,187,2,257,188,171,2023-05-29,Data Clerk
FCT007,Specialist Hospital Bwari II,FCT,Bwari,2024-11-30,2005,36,34,4229,63,468,3,2,2390,41,3341,2610,2518,2024-12-18,M&E Officer
NAS003,  Cottage Hospital Keffi ,Nasarawa,Keffi,Jun-2023,373,4,3,1647,15,89,1,0,1089,28,1395,1302,1266,2023-07-11,Facility Focal Person
NAS002,Cottage Hospital Karu,Nasarawa,Karu,2023-11-30,473,2,1,305,4,96,0,0,238,3,265,178,151,2023-12-11,M&E Officer
AKS010,  General Hospital Eket II ,Akwa-Ibom,Eket,2023-12-31,623,10,9,1604,23,115,0,0,1267 ,17,1105,660,560,2024-01-15,M&E Officer
CRS011,Comprehensive Health Centre Calabar Municipal II,cross river,Calabar Municipal,2022-03-31,293,7,6,454,7,44,2,1,388,6,363,205,168,2022-04-16,Data Clerk
NAS009,Cottage Hospital Akwanga II,Nasarawa,Akwanga,2022-11-30,858,4,3,478,5,200,2,1,321,7,381,259,238,2022-12-29,Data Clerk
NAS007,General Hospital Karu II,Nasarawa,Karu,2024-02-29,669,-,4,2128,10,137,1,0,1189,17,1486,1367,N/A,2024-03-15,Facility Focal Person
BEN010,Model Primary Health Centre Okpokwu II,Benue,Okpokwu,Dec-2023,313,2,1,725,7,50,0,0,632,13,630,579,476,2024-01-13,M&E Officer
RIV004,Model Primary Health Centre Ahoada East,Rivers,Ahoada East,30/09/2022,442,7,6,864,16,126,2,1,610,15,740,482,462,2022-10-18,Data Clerk
LAG014,  Cottage Hospital Lagos Island II ,Lagos,Lagos Island,2023-07-31,744,12,10,1794,16,98,0,0,1393,22,1419,1101,952,2023-08-16,Data Clerk
RIV003,Comprehensive Health Centre Khana,Rivers,Khana,30/09/2023,310,14,13,1036,7,62,1,0,663,14,712,441,418,2023-10-11,Data Clerk
LAG099,Comprehensive Health Centre Calabar Municipal II,Cross-River,Calabar Municipal,2023-09-30,363,5,4,482,3,64,1,0,325,8,347,239,215,2023-10-11,Facility Focal Person
KAD015,General Hospital Chikun II,Kaduna,Chikun,2022-05-31,352,11,7,"1,924",13,110,0,0,1094,32,1450,1161,1107,2022-06-16,Facility Focal Person
CRS006,Primary Health Centre Calabar Municipal II,Cross River,Calabar Municipal,30/06/2023,613,22,18,1339,8,119,0,0,1156,21,1082,691,621,2023-07-18,M&E Officer
KAD004,Specialist Hospital Sabon Gari,Kaduna,Sabon Gari,2023-04-30,2626,152,130,4535,33,415,5,4,2781,46,3488,1960,1805,2023-05-16,M&E Officer
BEN011,Model Primary Health Centre Katsina-Ala II,Benue,Katsina-Ala,2024-06-30,267,7,6,389,1,47,0,0,352,4,336,234,211,2024-07-29,Data Clerk
CRS004,  Comprehensive Health Centre Obudu ,Cross River,Obudu,Jun-2024,299,8,6,459,4,82,2,1,300,7,345,251,226,2024-07-13,Data Clerk
AKS004,Comprehensive Health Centre Etinan,Akwa Ibom,Etinan,2022-08-31,192,7,6,991,6,51,1,0,682,14,748,670,564,2022-09-11,Facility Focal Person
NAS005,MISSION HOSPITAL NASARAWA,Nasarawa,Nasarawa,2023-08-31,1447,40,38,543,3,186,3,2,315,3,503,402,348,2023-09-13,Data Clerk
BEN012,Cottage Hospital Vandeikya II,Benue,Vandeikya,2023-11-30,502,5,4,454,5,137,0,0,352,5,407,343,325,2023-12-13,Facility Focal Person
BEN005,Model Primary Health Centre Katsina-Ala,Benue,Katsina-Ala,2022-09-30,619,23,18,455,5,118,3,2,323,6,402,271,264,2022-10-21,Data Clerk
NAS008,Comprehensive Health Centre Keffi II,Nasarawa,Keffi,2024-06-30,84,1,0,761,11,14,0,0,528,7,556,N/A,469,2024-07-18,Facility Focal Person
BEN003,General Hospital Otukpo,Benue,Otukpo,2022-02-28,512,19,15,2598,51,131,1,0,1887,36,1928,1798,1731,2022-03-13,Data Clerk
KAD009,Model Primary Health Centre Sabon Gari II,Kaduna,Sabon Gari,2024-01-31,510,22,19,902,10,nil,3,2,532,11,798,-,404,2024-02-11,Data Clerk
AKS002,General Hospital Ikot Ekpene,Akwa Ibom,Ikot Ekpene,2023-10-31,255,4,3,596,8,68,1,0,396,5,469,433,409,2023-11-13,Data Clerk
NAS001,Model Primary Health Centre Lafia,Nasarawa,Lafia,2022-10-31,116,1,0,474,1,27,0,0,418,11,433,382,360,2022-11-16,Facility Focal Person
XXX999,Specialist Hospital Khana II,rivers ,Khana,2024-10-31,496,24,19,2167,32,137,6,5,1279,18,1776,1017,975,2024-11-15,M&E Officer
LAG004,Comprehensive Health Centre Surulere,Lagos,Surulere,2022-12-31,362,8,7,617,8,51,0,0,558,9,528,487,455,2023-01-13,Data Clerk
CRS008,Cottage Hospital Ogoja II,Cross River,Ogoja,2023-01-31,312,15,13,2252,35,63,3,2,1769,32,1790,1822,1168,2023-03-01,Data Clerk
KAD008,Model Primary Health Centre Zaria II,Kaduna,Zaria,2024-09-30,405,18,13,1165,18,116,5,4,990,20,856,765,689,2024-10-21,Data Clerk
KAD009,MODEL PRIMARY HEALTH CENTRE SABON GARI II,Kaduna,Sabon Gari,2022-05-31,630,21,18,682,8,177,4,3,429,6,631,526,nil,2022-06-29,M&E Officer
RIV005,Mission Hospital Degema,Rivers,Degema,2023-12-31,167,6,5,1328,21,39,1,0,954,20,1207,689,639,2024-01-11,Data Clerk
BEN001,Mission Hospital Makurdi,Benue,Makurdi,Feb-2023,801,8,7,1953,11,94,1,0,1472,26,1753,1390,1141,2023-03-29,M&E Officer
NAS999,Mission Hospital Zaria,Kaduna,Zaria,2024-02-29,1020,47,44,2814,16,205,212,4,2211,42,2583,1844,1807,2024-02-04,Data Clerk
BEN009,Primary Health Centre Otukpo II,Benue,Otukpo,2023-01-31,218,1,0,467,4,29,0,0,363 ,3,392,322,269,2023-02-13,M&E Officer
AKS003,Model Primary Health Centre Eket,Akwa Ibom,Eket,2022-01-31,250,11,10,128,1,43,2,1,103,3,98,55,45,2022-02-11,Data Clerk
LAG009,Mission Hospital Badagry II,Lagos,Badagry,2023-07-31,563,15,14,2484,37,168,2,1,2236,38,2304,1837,1609,2023-08-18,Data Clerk
FCT010,Model Primary Health Centre Abaji II,fct,Abaji,2022-01-31,265,13,9,252,4,36,1,0,192,1,197,133,124,2022-02-18,Facility Focal Person
LAG005,  Mission Hospital Agege ,Lagos,Agege,31/05/2022,1123,35,29,1502,15,320,8,7,1187,28,1235,732,675,2022-06-16,M&E Officer
RIV006,COTTAGE HOSPITAL ELEME,Rivers,Eleme,2023-12-31,1092,39,28,2674,29,137,1,0,1742,26,2473,1753,1586,2024-01-13,M&E Officer
FCT003,Specialist Hospital Gwagwalada,FCT,Gwagwalada,2024-03-31,745,13,10,5234,64,106,2,1,4877,88,4199,2568,2173,2024-04-21,Facility Focal Person
RIV013,Mission Hospital Port Harcourt II,Rivers,Port Harcourt,2024-10-31,681,19,14,2098,30,127,5,3,1625,28,1673,1000,905,2024-11-15,M&E Officer
BEN004,General Hospital Okpokwu,Benue,Okpokwu,2022-03-31,1015,9,6,357,4,136,1,0,211,7,298,181,155,2022-04-13,Data Clerk
BEN002,SPECIALIST HOSPITAL GBOKO,Benue,Gboko,2022-10-31,1765,28,23,4790,49,552,9,7,3862,69,4362,3713,3367,2022-11-11,M&E Officer
BEN005,Model Primary Health Centre Katsina-Ala,Benue,Katsina-Ala,2023-10-31,498,12,11,535,7,111,2,1,313,7,404,374,326,2023-11-11,Facility Focal Person
FCT003,SPECIALIST HOSPITAL GWAGWALADA,FCT,Gwagwalada,2022-03-31,434,11,9,6612,70,66,0,0,4096,74,5568,4303,3554,2022-04-15,Facility Focal Person
kad001,Model Primary Health Centre Kaduna North,Kaduna,Kaduna North,2022-03-31,183,4,2,792,10,48,2,1,739,19,687,560,548,2022-04-13,M&E Officer
riv013,Mission Hospital Port Harcourt II,Rivers,Port Harcourt,2024-03-31,670,29,28,2136,19,154,0,0,1192,13,1935,1537,1411,2024-04-15,M&E Officer
BEN014,  Comprehensive Health Centre Gboko II ,Benue,Gboko,2024-10-31,465,3,2,749,10,121,2,1,533,8,587,542,479,2024-11-13,M&E Officer
NAS013,GENERAL HOSPITAL KEFFI II,Nasarawa,Keffi,2024-04-30,594,25,19,1651,5,73,2,1,1105,22,1305,979,902,2024-05-29,Data Clerk
LAG006,Specialist Hospital Alimosho,Lagos,Alimosho,2024-07-31,1078,25,24,4543,28,-,0,0,3756,69,3925,2810,2438,2024-08-16,Data Clerk
FCT012,Mission Hospital Bwari II,FCT,Bwari,2024-03-31,1176,33,-19,2884,22,238,2,1,1624,24,2420,2224,1850,2024-04-16,Facility Focal Person
LAG014,Cottage Hospital Lagos Island II,Lagos,Lagos Island,2023-09-30,624,11,7,1771,27,84,0,0,1502,27,1457,1241,1174,2023-10-30,Facility Focal Person
KAD003,Mission Hospital Zaria,Kaduna,Zaria,May-2022,1002,38,36,2577,44,121,4,3,2364,49,2074,1316,1279,2022-06-15,Facility Focal Person
aks013,Model Primary Health Centre Abak II,Akwa Ibom,Abak,2022-09-30,430,14,13,554,3,97,4,3,479,10,409,250,216,2022-10-13,M&E Officer
BEN001,Mission Hospital Makurdi,Benue,Makurdi,Sep-2023,1053,nil,8,1838,34,333,1,0,1486,25,1471,1334,1176,2023-10-13,M&E Officer
NAS008,Comprehensive Health Centre Keffi II,Nasarawa,Keffi,2024-02-29,65,1,0,788,8,20,1,0,524,8,609,569,495,2024-03-29,Data Clerk
RIV004,Model Primary Health Centre Ahoada East,Rivers,Ahoada East,28/02/2022,351,10,7,878,15,37,0,0,676,14,699,617,545,2022-03-21,Facility Focal Person
BEN014,Comprehensive Health Centre Gboko II,Benue,Gboko,2022-03-31,476,5,3,906,5,110,1,0,666,15,797,513,449,2022-04-13,Data Clerk
NAS006,Primary Health Centre Lafia II,Nasarawa,Lafia,2024-10-31,2840,15,12,939,4,54,1,0,610,8,642,468,421,2024-11-18,Data Clerk
NAS011,Mission Hospital Lafia II,Nasarawa,Lafia,2022-03-31,1420,13,12,2802,50,317,2,1,1810,28,2581,1936,1729,2022-04-21,Data Clerk
RIV003,Comprehensive Health Centre Khana,Rivers,Khana,2023-07-31,364,23,17,1034,19,50,2,1,966,19,884,631,555,2023-08-11,Facility Focal Person
RIV004,Model Primary Health Centre Ahoada East,Rivers,Ahoada East,2024-01-31,381,11,10,835,15,89,2,1,473,8,571,388,349,2024-03-17,Facility Focal Person
BEN005,Model Primary Health Centre Katsina-Ala,Benue,Katsina-Ala,2024-06-30,691,9,8,569,1,111,0,0,313,5,491,285,259,2024-07-21,M&E Officer
AKS014,PRIMARY HEALTH CENTRE IKONO II,Akwa Ibom,Ikono,31/03/2023,238,8,6,603,2,36,0,0,379,4,459,381,365,2023-04-13,Data Clerk
ben015,Primary Health Centre Otukpo II,Benue,Otukpo,2022-05-31,132,3,2,872,6,24,1,0,535,19,760,665,599,2022-06-11,Data Clerk
NAS009,Cottage Hospital Akwanga II,Nasarawa,Akwanga,30/06/2023,1265,6,5,474,4,381,4,3,307,7,377,228,210,2023-07-18,Data Clerk
BEN011,Model Primary Health Centre Katsina-Ala II,Benue,Katsina-Ala,2024-03-31,264,9,8,380,1,38,2,1,309,5,276,314,147,2024-04-15,Facility Focal Person
KAD011,Primary Health Centre Kaduna North II,Kaduna,Kaduna North,2023-06-30,252,8,7,564,8,36,0,0,488,5,402,324,288,2023-07-16,M&E Officer
NAS007,General Hospital Karu II,Nasarawa,Karu,2024-12-31,673,6,5,"1,953",9,149,1,0,1559,29,1760,1036,939,2025-01-13,Data Clerk
AKS002,General Hospital Ikot Ekpene,Akwa Ibom,Ikot Ekpene,Feb-2023,232,3,2,631,4,35,0,0,463,13,541,467,392,2023-03-15,Data Clerk
CRS007,Model Primary Health Centre Ikom II,Cross River,Ikom,31/03/2024,159,5,3,309,3,39,1,0,245,8,213,177,162,2024-04-29,Data Clerk
FCT007,Specialist Hospital Bwari II,FCT,Bwari,2023-04-30,2379,67,59,4358,15,735,13,12,3798,82,3230,2721,2444,2023-05-15,M&E Officer
RIV009,Mission Hospital Khana II,Rivers,Khana,2024-07-31,605,5,4,765,14,134,2,1,453,8,544,358,303,2024-08-11,M&E Officer
RIV015,Specialist Hospital Khana II,Rivers,Khana,2024-05-31,604,29,25,2242,42,124,6,5,1369,19,1638,1449,1299,2024-06-21,Data Clerk
RIV005,Mission Hospital Degema,Rivers,Degema,31/12/2024,160,8,6,1248,22,33,0,0,806,22,896,746,614,2025-01-13,Data Clerk
FCT009,Model Primary Health Centre Kuje II,FCT,Kuje,2024-01-31,139,5,4,474,2,41,2,1,374,6,427,273,263,2024-02-13,M&E Officer
lag002,Specialist Hospital Lagos Island,Lagos,Lagos Island,2022-09-30,2060,117,109,5817,55,469,14,12,5516,89,5174,4478,3789,2022-10-16,M&E Officer
LAG002,Specialist Hospital Lagos Island,Lagos,Lagos Island,2022-05-31,2287,141,107,5631,16,366,7,5,4157,91,4851,4359,4060,2022-06-15,Data Clerk
KAD002,Teaching Hospital Kaduna South,Kaduna,Kaduna South,2024-08-31,2006,23,20,3583,65,384,2,1,2738,55,2883,1788,1631,2024-09-15,M&E Officer
CRS012,Model Primary Health Centre Ikom II,Cross River,Ikom,2022-09-30,420,4,3,820,6,101,1,0,769,15,748,617,535,2022-10-16,Facility Focal Person
RIV001,Model Primary Health Centre Port Harcourt,Rivers,Port Harcourt,31/10/2024,151,0,0,789,15,22,0,0,501,8,600,521,429,2024-11-20,M&E Officer
FCT013,Cottage Hospital Gwagwalada II,FCT,Gwagwalada,2022-05-31,1033,7,6,1414,5,189,2,1,1255,13,1303,1222,1111,2022-06-16,M&E Officer
NAS002,Cottage Hospital Karu,Nasarawa,Karu,30/06/2023,601,6,5,304,4,135,0,0,287,2,212,132,112,2023-07-13,Facility Focal Person
TMP001,Mission Hospital Karu II,Nasarawa,Karu,2024-07-31,918,19,17,1376,23,278,4,3,776,14,1104,827,684,2024-08-15,Facility Focal Person
KAD015,General Hospital Chikun II,Kaduna,Chikun,2024-12-31,226,5,3,1510,14,58,1,0,957,18,1100,980,866,2025-01-11,M&E Officer
BEN009,  Primary Health Centre Otukpo II ,Benue,Otukpo,2023-10-31,220,1,0,450,1,37,0,0,286,5,401,308,291,2023-11-11,Facility Focal Person
KAD009,Model Primary Health Centre Sabon Gari II,Kaduna,Sabon Gari,2023-01-31,526,29,24,770,10,133,6,4,480,8,576,523,486,2023-02-15,Facility Focal Person
BEN009,Primary Health Centre Otukpo II,Benue,Otukpo,2024-12-31,295,3,2,424,4,73,1,0,271,4,369,220,192,2025-01-11,M&E Officer
BEN004,General Hospital Okpokwu,Benue,Okpokwu,2022-08-31,1171,5,3,371,1,175,0,0,252,2,  ,280,252,2022-08-14,Data Clerk
BEN010,Model Primary Health Centre Okpokwu II,Benue,Okpokwu,2022-09-30,239,2,1,808,15,53,1,0,,13,559,434,403,2022-10-13,Data Clerk
KAD009,Model Primary Health Centre Sabon Gari II,Kaduna,Sabon Gari,2022-07-31,504,22,18,717,6,64,3,2,639,15,502,379,336,2022-08-11,Data Clerk
LAG006,Specialist Hospital Alimosho,Lagos,Alimosho,2022-03-31,778,13,12,5576,109,138,4,3,3467,69,3850,2122,1766,2022-04-15,M&E Officer
BEN012,Cottage Hospital Vandeikya II,Benue,Vandeikya,2022-04-30,577,3,2,480,7,144,1,0,363,4,400,281,234,2022-05-16,Data Clerk
FCT010,Model Primary Health Centre Abaji II,FCT,Abaji,2024-12-31,514,12,8,530,4,74,3,2,497,5,368,303,265,2025-01-15,Data Clerk
AKS001,Comprehensive Health Centre Uyo,Akwa Ibom,Uyo,31/12/2024,517,5,4,329,5,111,2,1,277,4,277,178,173,2025-01-18,Data Clerk
KAD003,Mission Hospital Zaria,Kaduna,Zaria,Sep-2022,1398,47,44,"2,593",26,340,11,8,1664,30,2318,2177,1824,2022-10-11,M&E Officer
FCT010,Model Primary Health Centre Abaji II,fct,Abaji,2022-05-31,524,22,18,285,1,78,1,0,228,3,201,144,131,2022-06-11,Facility Focal Person
FCT002,General Hospital Bwari,FCT,Bwari,2023-03-31,119,6,4,598,10,26,1,0,  ,11,474,346,287,2023-04-21,Data Clerk
NAS013,General Hospital Keffi II,Nasarawa,Keffi,2024-05-31,655,34,28,1660,19,-,5,4,1200,15,1399,1027,950,2024-06-15,Facility Focal Person
BEN006,Primary Health Centre Vandeikya,Benue,Vandeikya,2024-07-31,294,14,11,363,3,90,4,3,247,8,331,272,247,2024-08-13,M&E Officer
AKS010,  General Hospital Eket II ,Akwa Ibom,Eket,2024-02-29,667,11,10,"1,607",4,188,5,4,1139,19,1406,851,780,2024-03-29,Data Clerk
NAS015,Specialist Hospital Nasarawa II,Nasarawa,Nasarawa,2023-01-31,825,53,44,3202,13,248,7,6,2564,50,2903,1732,1667,2023-02-15,Data Clerk
FCT014,General Hospital Kuje II,F.C.T.,Kuje,2023-09-30,990,41,32,2507,42,234,4,3,1687,37,1812,1604,1443,2023-10-16,Facility Focal Person
LAG002,Specialist Hospital Lagos Island,Lagos,Lagos Island,Jun-2024,2842,140,105,6060,95,351,7,6,3647,70,4245,3051,2984,2024-07-15,Data Clerk
BEN011,MODEL PRIMARY HEALTH CENTRE KATSINA-ALA II,Benue,Katsina-Ala,2022-08-31,175,7,6,316,2,33,1,0,180,1,282,168,149,2022-09-13,Data Clerk
FCT011,  Cottage Hospital AMAC II ,FCT,AMAC,2024-01-31,364,4,3,2068,41,105,1,0,1793,32,1891,1699,1588,2024-02-21,Facility Focal Person
LAG002,Specialist Hospital Lagos Island,Lagos,Lagos Island,2023-08-31,1985,60,43,5782,81,588,10,8,4777,96,5168,4500,4153,2023-09-18,M&E Officer
BEN003,General Hospital Otukpo,Benue,Otukpo,Apr-2024,716,26,22,2376,20,  ,2,1,1737,35,1985,1688,1469,2024-05-18,M&E Officer
CRS002,Comprehensive Health Centre Ikom,Cross River,Ikom,2023-11-30,149,4,3,246,4,33,0,0,214,5,186,117,103,2023-12-13,Facility Focal Person
CRS015,Model Primary Health Centre Akamkpa II,cross river,Akamkpa,30/11/2023,68,1,0,507,7,8,0,0,387,6,386,267,224,2023-12-13,M&E Officer
CRS015,Model Primary Health Centre Akamkpa II,Cross-River,Akamkpa,2024-05-31,107,2,1,494,1,nil,0,0,322,7,376,218,208,2024-06-18,Facility Focal Person
LAG009,Mission Hospital Badagry II,Lagos,Badagry,2023-01-31,376,13,9,2614,33,69,1,0,1938,37,2197,1455,1331,2023-02-18,Facility Focal Person
BEN008,Teaching Hospital Gboko II,Benue,Gboko,2024-06-30,3259,87,67,6203,122,535,7,6,5858,97,5355,4435,4099,2024-07-13,Facility Focal Person
lag006,Specialist Hospital Alimosho,Lagos,Alimosho,2024-06-30,nil,23,16,4547,16,241,4,3,4258,77,3617,2366,2127,2024-07-13,Data Clerk
TMP001,Primary Health Centre Port Harcourt II,Rivers,Port Harcourt,31/07/2024,524,5,4,603,8,79,0,0,481,7,531,294,282,2024-08-29,Data Clerk
AKS014,Primary Health Centre Ikono II,AKWA IBOM,Ikono,2022-02-28,217,9,8,602,10,32,0,0,351,7,551,357,316,2022-03-29,Data Clerk
AKS004,Comprehensive Health Centre Etinan,Akwa Ibom,Etinan,Sep-2024,297,5,4,928,13,59,2,1,861,10,735,583,537,2024-10-13,Facility Focal Person
riv007,Primary Health Centre Port Harcourt II,RIVERS,Port Harcourt,Sep-2024,552,4,3,592,10,87,0,0,420,7,505,330,283,2024-10-11,M&E Officer
AKS009,Primary Health Centre Ikot Ekpene II,Akwa Ibom,Ikot Ekpene,2024-12-31,95,,6,239,2,16,0,0,220,2,212,178,149,2025-01-13,Data Clerk
KAD015,General Hospital Chikun II,Kaduna,Chikun,2023-04-30,380,11,9,1719,18,52,1,0,1113,18,1450,1034,881,2023-05-16,M&E Officer
RIV005,Mission Hospital Degema,Rivers,Degema,2024-07-31,189,5,3,1283,17,23,0,0,800,24,1083,802,782,2024-08-11,M&E Officer
NAS003,Cottage Hospital Keffi,Nasarawa,Keffi,2022-01-31,247,4,3,1920,36,52,1,0,1670 ,24,1363,1019,921,2022-02-11,Data Clerk
NAS014,Teaching Hospital Akwanga II,Nasarawa,Akwanga,2023-01-31,1043,32,28,4775,78,185,4,3,2933,51,4256,2689,2542,2023-02-16,M&E Officer
crs014,Comprehensive Health Centre Obudu II,Cross River,Obudu,2023-12-31,247,3,2,164,2,30,0,0,153,3,125,109,100,2024-01-21,M&E Officer
NAS007,General Hospital Karu II,Nasarawa,Karu,2024-11-30,770,778,3,1957,32,123,2,1,1195,15,1565,1133,968,2024-12-29,M&E Officer
FCT006,  Mission Hospital AMAC II ,fct,AMAC,31/08/2023,693,17,13,2206,9,220,3,2,1823,28,1567,922,816,2023-09-11,Data Clerk
AKS012,COTTAGE HOSPITAL ORON II,Akwa Ibom,Oron,2022-11-30,1054,59,53,695,7,262,5,4,466,6,500,330,288,2022-12-21,M&E Officer
FCT014,General Hospital Kuje II,FCT,Kuje,2022-11-30,1084,37,30,2508,19,175,7,6,2076,36,1916,1285,1221,2022-12-11,Facility Focal Person
RIV013,MISSION HOSPITAL PORT HARCOURT II,Rivers,Port Harcourt,2024-09-30,741,16,13,2114,24,147,4,3,1613,25,1925,1586,1311,2024-10-21,Data Clerk
RIV010,  Teaching Hospital Ahoada East II ,Rivers,Ahoada East,2024-03-31,735,9,8,2969,41,92,0,0,2029,42,2262,1618,1505,2024-04-18,Data Clerk
NAS015,Specialist Hospital Nasarawa II,Nasarawa,Nasarawa,2024-03-31,1060,38,31,3253,8,247,7,6,2399,44,2327,1507,1304,2024-04-11,Facility Focal Person
kad011,Primary Health Centre Kaduna North II,Kaduna,Kaduna North,2024-01-31,277,13,10,575,8,47,0,0,417,3,511,407,nil,2024-02-29,M&E Officer
CRS010,COMPREHENSIVE HEALTH CENTRE AKAMKPA II,cross river,Akamkpa,Aug-2024,107,0,0,336,4,26,0,0,211,1,306,265,253,2024-09-21,M&E Officer
CRS009,Comprehensive Health Centre Obudu II,Cross River,Obudu,2024-06-30,720,23,17,938,4,112,2,1,516,8,-,598,500,2024-08-15,Facility Focal Person
AKS009,  Primary Health Centre Ikot Ekpene II ,Akwa Ibom,Ikot Ekpene,2023-04-30,76,1,0,225,2,9,0,0,187,5,166,130,110,2023-05-13,M&E Officer
BEN005,Model Primary Health Centre Katsina-Ala,Benue,Katsina-Ala,2024-09-30,589,13,9,584,7,136,2,1,425,6,,295,260,2024-10-21,M&E Officer
NAS999,Comprehensive Health Centre Obudu II,Cross River,Obudu,2024-03-31,415,444,4,175,2,127,1,0,  ,3,160,106,95,2024-04-16,Facility Focal Person
RIV004,Model Primary Health Centre Ahoada East,Rivers,Ahoada East,2023-05-31,517,13,10,852,7,116,6,4,775,18,786,495,461,2023-06-11,Data Clerk
BEN003,General Hospital Otukpo,Benue,Otukpo,2024-02-29,631,24,21,2411,12,153,5,4,2160,38,2072,1518,1365,2024-03-13,Facility Focal Person
LAG010,Primary Health Centre Surulere II,Lagos,Surulere,2022-08-31,447,17,15,932,6,106,2,1,706,13,768,680,597,2022-09-13,Facility Focal Person
CRS010,Comprehensive Health Centre Akamkpa II,Cross River,Akamkpa,2024-11-30,69,2,1,332,3,13,0,0,268,6,292,250,219,2024-12-11,M&E Officer
LAG015,Model Primary Health Centre Badagry II,Lagos,Badagry,2023-01-31,193,7,6,1095,17,27,1,0,647,12,813,662,546,2023-02-11,Data Clerk
CRS008,Cottage Hospital Ogoja II,Cross River,Ogoja,2023-10-31,487,nil,9,2167,8,57,3,2,1908,33,1706,1341,1114,2023-11-21,M&E Officer
riv012,PRIMARY HEALTH CENTRE ELEME II,Rivers,Eleme,29/02/2024,504,19,16,1005,6,159,1,0,726,17,743,550,531,2024-03-13,Facility Focal Person
LAG011,COTTAGE HOSPITAL AGEGE II,Lagos,Agege,2024-10-31,799,11,10,1551,28,121,1,0,1376,34,1074,790,689,2024-11-15,M&E Officer
XXX999,MODEL PRIMARY HEALTH CENTRE BADAGRY II,Lagos,Badagry,2024-06-30,326,14,13,1089,2,43,0,0,642,11,762,538,444,2024-07-13,M&E Officer
FCT013,COTTAGE HOSPITAL GWAGWALADA II,FCT,Gwagwalada,2023-03-31,1262,11,8,1347,26,127,0,0,1022,24,1020,686,563,2023-04-13,Facility Focal Person
KAD010,Cottage Hospital Chikun II,Kaduna,Chikun,2023-05-31,211,NULL,12,958,5,52,1,0,567,12,796,576,562,2023-06-18,Facility Focal Person
AKS009,PRIMARY HEALTH CENTRE IKOT EKPENE II,Akwa Ibom,Ikot Ekpene,2023-05-31,90,3,2,224,3,24,0,0,195,0,205,171,159,2023-06-16,M&E Officer
NAS007,General Hospital Karu II,Nasarawa,Karu,2023-01-31,654,9,7,2377,24,189,0,0,1359,26,1669,1228,1137,2023-02-13,Facility Focal Person
BEN012,Cottage Hospital Vandeikya II,Benue,Vandeikya,2024-01-31,554,12,11,458,8,154,2,1,383,6,404,228,201,2024-02-13,M&E Officer
NAS999,MODEL PRIMARY HEALTH CENTRE DEGEMA II,Rivers,Degema,May-2023,319,16,15,879,16,56,7,5,613,12,642,605,539,2023-06-13,Facility Focal Person
crs003,  Specialist Hospital Ogoja ,Cross River,Ogoja,2022-08-31,1431,44,33,5514,51,339,6,5,3219,64,3930,2351,2034,2022-09-16,M&E Officer
NAS014,Teaching Hospital Akwanga II,Nasarawa,Akwanga,2022-03-31,2033,55,42,4656,15,647,5,4,3475,61,4092,3174,3035,2022-04-16,Data Clerk
LAG001,PRIMARY HEALTH CENTRE IKORODU,Lagos,Ikorodu,2022-09-30,385,8,6,230,1,92,0,0,183,3,177,97,85,2022-10-21,Facility Focal Person
KAD009,Model Primary Health Centre Sabon Gari II,Kaduna,Sabon Gari,2023-03-31,555,30,21,788,14,116,4,3,459,9,611,369,325,2023-04-13,M&E Officer
RIV008,Teaching Hospital Obio/Akpor II,Rivers,Obio/Akpor,Jun-2024,2126,76,66,4141,31,307,8,6,3817,69,3354,2073,2022,2024-07-15,Facility Focal Person
TMP001,Mission Hospital Bwari II,FCT,Bwari,2024-10-31,812,27,26,2898,49,88,5,4,2520,28,2541,1673,1524,2024-11-13,M&E Officer
BEN008,Teaching Hospital Gboko II,Benue,Gboko,2024-03-31,2754,74,66,6277,40,758,9,8,3754,71,4974,3172,2818,2024-04-16,Facility Focal Person
NAS003,Cottage Hospital Keffi,Nasarawa,Keffi,30/11/2022,277,2,1,1755,25,,1,0,984,11,1602,1170,1140,2022-12-13,Data Clerk
NAS004,Cottage Hospital Akwanga,Nasarawa,Akwanga,2024-09-30,382,21,19,602,9,107,2,1,NULL,11,480,392,332,2024-10-11,M&E Officer
RIV013,MISSION HOSPITAL PORT HARCOURT II,Rivers,Port Harcourt,2024-05-31,894,35,34,2120,35,92,3,2,1732 ,40,1840,1153,1085,2024-06-29,Facility Focal Person
AKS001,Comprehensive Health Centre Uyo,akwa ibom,Uyo,2023-07-31,746,7,6,323,4,132,0,0,226,2,288,267,237,2023-08-13,Data Clerk
LAG001,Primary Health Centre Ikorodu,Lagos,Ikorodu,2023-10-31,513,18,14,319,5,163,2,1,284,7,219,126,121,2023-11-11,Data Clerk
LAG002,Specialist Hospital Lagos Island,Lagos,Lagos Island,30/04/2023,2306,104,81,5846,32,736,31,24,3912,70,5412,4596,4433,2023-05-29,Facility Focal Person
AKS014,Primary Health Centre Ikono II,Akwa Ibom,Ikono,2024-02-29,272,11,10,621,4,49,0,0,518,13,528,444,408,2024-03-18,M&E Officer
NAS004,Cottage Hospital Akwanga,Nasarawa,Akwanga,2023-07-31,305,12,8,487,6,71,2,1,427,12,417,300,248,2023-08-16,Facility Focal Person
KAD007,Model Primary Health Centre Kaduna South II,Kaduna,Kaduna South,2022-05-31,277,5,3,1114,11,28,0,0,690,12,976,  ,755,2022-06-15,M&E Officer
RIV005,Mission Hospital Degema,Rivers,Degema,2022-04-30,180,10,N/A,1513,10,41,1,0,1386,31,1339,1193,995,2022-05-13,Facility Focal Person
KAD007,Model Primary Health Centre Kaduna South II,Kaduna,Kaduna South,31/07/2022,238,11,-27,1116,3,25,1,0,857,13,975,822,750,2022-08-16,M&E Officer
BEN015,Primary Health Centre Otukpo II,Benue,Otukpo,2024-05-31,199,17,12,750,8,26,1,0,512,7,575,410,376,2024-06-15,Facility Focal Person
KAD014,General Hospital Sabon Gari II,Kaduna,Sabon Gari,31/03/2024,218,9,7,2264,37,35,0,0,1647,33,1932,1227,1171,2024-04-11,Facility Focal Person
FCT015,Comprehensive Health Centre Abaji II,Federal Capital Territory,Abaji,2022-05-31,94,1,0,864,15,25,0,0,811,10,677,399,387,2022-06-16,Facility Focal Person
RIV014,Cottage Hospital Obio/Akpor II,Rivers,Obio/Akpor,2022-02-28,813,7,5,609,6,104,0,0,383,5,470,324,266,2022-03-18,M&E Officer
NAS009,Cottage Hospital Akwanga II,Nasarawa,Akwanga,31/03/2022,703,3,2,459,6,131,1,0,276,8,420,315,287,2022-04-11,Facility Focal Person
BEN007,Specialist Hospital Makurdi II,Benue,Makurdi,2024-12-31,305,6,5,1736,16,68,0,0,1275,18,1366,908,863,2025-01-11,Data Clerk
LAG002,Specialist Hospital Lagos Island,Lagos,Lagos Island,2024-02-29,2065,110,85,5851,66,300,8,7,4572,80,4543,3676,3578,2024-03-15,Data Clerk
LAG011,Cottage Hospital Agege II,Lagos,Agege,2023-12-31,600,10,9,1649,5,133,1,0,1132,15,1365,1019,966,2024-01-16,Data Clerk
BEN007,SPECIALIST HOSPITAL MAKURDI II,Benue,Makurdi,2023-07-31,337,363,9,"2,085",27,83,1,0,1663 ,22,1803,1128,1077,2023-08-16,M&E Officer
LAG011,COTTAGE HOSPITAL AGEGE II,Lagos,Agege,Dec-2022,338,7,5,1739,12,48,1,0,1134,14,1468,1225,1172,2023-01-11,Data Clerk
KAD011,Primary Health Centre Kaduna North II,Kaduna,Kaduna North,2022-11-30,172,10,9,563,2,24,0,0,347,5,512,381,351,2022-12-16,Data Clerk
AKS010,GENERAL HOSPITAL EKET II,Akwa-Ibom,Eket,2023-09-30,595,9,6,1646,28,122,1,0,1203,33,1306,1132,929,2023-10-13,Data Clerk
NAS014,Teaching Hospital Akwanga II,Nasarawa,Akwanga,2022-04-30,2218,56,39,4675,20,412,10,7,4092,78,3355,1910,1796,2022-05-13,Facility Focal Person
RIV013,Mission Hospital Port Harcourt II,rivers ,Port Harcourt,31/03/2023,600,24,21,2161,19,104,4,3,1778,30,1802,1304,1235,2023-04-29,M&E Officer
kad009,MODEL PRIMARY HEALTH CENTRE SABON GARI II,Kaduna,Sabon Gari,2024-03-31,458,17,16,899,17,52,2,1,589,7,652,536,nil,2024-04-15,Facility Focal Person
CRS009,Comprehensive Health Centre Obudu II,Cross River,Obudu,2022-03-31,366,17,15,707,1,67,1,0,436,9,490,370,329,2022-04-15,M&E Officer
CRS013,  MISSION HOSPITAL OGOJA II ,Cross River,Ogoja,2022-09-30,212,3,2,854,13,21,0,0,623 ,8,611,374,312,2022-10-13,M&E Officer
fct008,  TEACHING HOSPITAL GWAGWALADA II ,FCT,Gwagwalada,2022-09-30,700,37,36,5315,24,87,3,2,3016,62,3917,2698,2343,2022-10-11,Facility Focal Person
ben002,Specialist Hospital Gboko,Benue,Gboko,2024-03-31,3023,50,46,4436,54,773,5,4,2698,45,3151,2030,1946,2024-04-13,Facility Focal Person
BEN004,General Hospital Okpokwu,Benue,Okpokwu,2022-11-30,579,3,2,374,1,63,0,0,239,6,291,-,226,2022-12-15,M&E Officer
AKS003,Model Primary Health Centre Eket,Akwa Ibom,Eket,28/02/2023,513,10,9,241,4,75,0,0,164,1,218,165,140,2023-03-15,Facility Focal Person
NAS999,MODEL PRIMARY HEALTH CENTRE MAKURDI II,Benue,Makurdi,2022-11-30,394,15,11,437,6,104,4,3,265,3,376,248,204,2022-12-18,Data Clerk
CRS002,COMPREHENSIVE HEALTH CENTRE IKOM,Cross River,Ikom,2022-05-31,149,9,7,167,1,34,1,0,NULL,4,131,115,95,2022-06-16,M&E Officer
BEN009,Primary Health Centre Otukpo II,Benue,Otukpo,2023-06-30,373,5,4,460,9,118,3,2,  ,5,419,300,267,2023-07-11,M&E Officer
KAD001,Model Primary Health Centre Kaduna North,Kaduna,Kaduna North,Jul-2023,214,9,6,766,8,36,2,1,602,13,N/A,350,326,2023-08-21,Facility Focal Person
RIV014,  Cottage Hospital Obio/Akpor II ,Rivers,Obio/Akpor,2022-07-31,1457,,10,613,12,395,2,1,355,6,467,419,403,2022-08-15,M&E Officer
AKS004,  Comprehensive Health Centre Etinan ,Akwa Ibom,Etinan,2023-09-30,241,9,7,971,7,38,0,0,875,17,902,-,451,2023-10-15,Facility Focal Person
BEN009,Primary Health Centre Otukpo II,Benue,Otukpo,2022-01-31,216,6,5,486,5,41,1,0,313,6,447,392,329,2022-03-01,M&E Officer
CRS009,  Comprehensive Health Centre Obudu II ,Cross River,Obudu,2023-12-31,514,24,,898,16,143,6,4,613,6,655,667,408,2024-01-15,M&E Officer
NAS004,Cottage Hospital Akwanga,Nasarawa,Akwanga,2022-06-30,337,10,9,442,3,37,2,1,nil,9,345,272,227,2022-07-15,Facility Focal Person
RIV010,TEACHING HOSPITAL AHOADA EAST II,Rivers,Ahoada East,30/04/2024,758,9,,2942,34,231,2,1,2416,37,2494,2230,1871,2024-05-11,Facility Focal Person
CRS004,Comprehensive Health Centre Obudu,Cross River,Obudu,2022-11-30,167,5,4,462,8,25,0,0,383,5,340,277,264,2022-12-11,Data Clerk
BEN008,Teaching Hospital Gboko II,Benue,Gboko,2024-08-31,2932,60,42,6182,28,395,8,7,5719,99,4329,2513,2399,2024-09-15,Facility Focal Person
AKS009,PRIMARY HEALTH CENTRE IKOT EKPENE II,akwa ibom,Ikot Ekpene,2023-08-31,94,0,0,222,2,14,0,0,127,1,173,106,97,2023-09-16,Data Clerk
LAG002,Specialist Hospital Lagos Island,Lagos,Lagos Island,2022-10-31,2068,97,79,5781,115,528,17,13,5308,90,4631,2590,2447,2022-11-11,Facility Focal Person
KAD015,General Hospital Chikun II,Kaduna,Chikun,2022-04-30,207,1,0,1930,31,26,0,0,1649,25,1598,880,756,2022-05-11,M&E Officer
BEN007,Specialist Hospital Makurdi II,Benue,Makurdi,2024-02-29,310,2,1,1893,33,40,0,0,1180,19,1580,972,856,2024-03-11,Data Clerk
CRS008,Cottage Hospital Ogoja II,Cross-River,Ogoja,2023-08-31,548,12,9,2174,13,134,4,3,1753,25,1656,1217,N/A,2023-09-13,Data Clerk
CRS006,Primary Health Centre Calabar Municipal II,Cross-River,Calabar Municipal,Jan-2023,384,12,9,1295,4,120,2,1,950,15,934,551,514,2023-02-13,Facility Focal Person
BEN004,General Hospital Okpokwu,Benue,Okpokwu,2023-09-30,1238,6,5,385,5,165,0,0,272,1,340,261,291,2023-10-13,Data Clerk
NAS003,Cottage Hospital Keffi,Nasarawa,Keffi,2022-04-30,258,6,5,1892,16,57,81,0,1052,24,1430,851,727,2022-05-15,Data Clerk
CRS007,Model Primary Health Centre Ikom II,Cross River,Ikom,31/12/2024,117,4,3,303,5,21,0,0,219 ,4,276,178,157,2025-01-11,M&E Officer
FCT007,  Specialist Hospital Bwari II ,FCT,Bwari,2023-09-30,2350,44,41,4293,28,535,5,4,2785,41,2951,1698,1646,2023-10-11,Facility Focal Person
BEN005,Model Primary Health Centre Katsina-Ala,Benue,Katsina-Ala,2023-04-30,628,21,20,495,8,117,2,1,286,6,430,248,228,2023-05-18,Data Clerk
FCT004,Model Primary Health Centre Kuje,FCT,Kuje,29/02/2024,388,13,11,1254,18,123,2,1,1159,26,1049,844,739,2024-03-18,Data Clerk
AKS008,Primary Health Centre Uyo II,Akwa Ibom,Uyo,2023-12-31,78,2,1,84,1,24,0,0,65,0,74,41,37,2024-01-18,M&E Officer
AKS014,Primary Health Centre Ikono II,Akwa Ibom,Ikono,2023-10-31,242,9,6,616,4,62,4,3,527,10,429,318,270,2023-11-15,Facility Focal Person
CRS015,Model Primary Health Centre Akamkpa II,Cross River,Akamkpa,2024-08-31,101,2,1,487,3,26,0,0,276,6,347,222,208,2024-09-13,Facility Focal Person
BEN005,Model Primary Health Centre Katsina-Ala,Benue,Katsina-Ala,2022-06-30,622,13,nil,430,4,196,5,4,266,5,300,273,234,2022-07-18,Data Clerk
NAS005,Mission Hospital Nasarawa,Nasarawa,Nasarawa,Nov-2024,1450,36,34,840,5,456,12,11,468,9,720,446,379,2024-12-11,Facility Focal Person
KAD014,  General Hospital Sabon Gari II ,Kaduna,Sabon Gari,31/05/2022,203,10,8,2768,35,39,0,0,2033,43,1982,1845,1768,2022-06-13,Facility Focal Person
FCT010,Model Primary Health Centre Abaji II,FCT,Abaji,Sep-2022,513,12,8,311,1,124,3,2,253,3,274,187,182,2022-10-13,Facility Focal Person
CRS002,Comprehensive Health Centre Ikom,Cross River,Ikom,2024-08-31,1730,6,5,280,3,39,2,1,249,6,209,146,123,2024-09-18,Data Clerk
XXX999,Specialist Hospital Khana II,Rivers,Khana,2023-03-31,406,28,21,2395,13,46,1,0,2176,48,1792,1459,1346,2023-04-15,Facility Focal Person
FCT001,Mission Hospital AMAC,fct,AMAC,2022-11-30,1006,9,6,1310,21,291,3,2,1052,26,1093,633,-,2022-12-21,M&E Officer
AKS008,PRIMARY HEALTH CENTRE UYO II,Akwa Ibom,Uyo,30/06/2024,122,4,3,91,0,15,0,0,80,0,67,62,57,2024-07-29,Data Clerk
CRS008,Cottage Hospital Ogoja II,Cross River,Ogoja,2023-07-31,607,24,20,2178,36,182,7,6,1979,39,1748,1330,1163,2023-08-11,Facility Focal Person
BEN007,Specialist Hospital Makurdi II,Benue,Makurdi,2024-01-31,279,7,5,1925,25,71,1,0,1422,23,1659,1155,966,2024-02-21,Data Clerk
RIV012,Primary Health Centre Eleme II,Rivers,Eleme,2024-09-30,532,13,10,1034,20,159,2,1,880,9,921,697,609,2024-10-13,Facility Focal Person
NAS004,Cottage Hospital Akwanga,Nasarawa,Akwanga,2022-10-31,328,15,11,459,1,47,0,0,302,5,346,214,192,2022-11-16,Facility Focal Person
KAD011,Primary Health Centre Kaduna North II,Kaduna,Kaduna North,Sep-2022,230,10,9,555,5,71,1,0,343,6,394,304,295,2022-10-16,Data Clerk
FCT009,Model Primary Health Centre Kuje II,FCT,Kuje,2024-07-31,195,9,6,479,8,55,0,0,290,9,414,365,339,2024-08-15,M&E Officer
KAD002,Teaching Hospital Kaduna South,Kaduna,Kaduna South,30/04/2024,1550,21,20,3676,51,464,1,0,2261,37,3354,3418,2043,2024-05-16,Data Clerk
RIV003,Comprehensive Health Centre Khana,Rivers,Khana,2022-08-31,332,13,11,1057,17,64,1,0,883,14,720,566,540,2022-09-13,Data Clerk
FCT011,Cottage Hospital AMAC II,FCT,AMAC,2023-04-30,419,14,13,2176,26,128,1,0,1356,31,1571,1399,1319,2023-05-11,Data Clerk
LAG004,Comprehensive Health Centre Surulere,Lagos,Surulere,2023-07-31,613,12,10,626,7,108,1,0,420,6,535,330,274,2023-08-13,Data Clerk
NAS008,Comprehensive Health Centre Keffi II,Nasarawa,Keffi,31/03/2023,82,2,1,880,4,19,0,0,724 ,16,622,531,451,2023-04-16,M&E Officer
KAD013,  Specialist Hospital Zaria II ,Kaduna,Zaria,2024-10-31,2560,93,74,3161,62,600,11,8,2552,49,2320,2057,1688,2024-11-13,Data Clerk
LAG007,Primary Health Centre Ikorodu II,Lagos,Ikorodu,30/04/2023,468,14,10,486,4,148,1,0,436,7,335,225,198,2023-05-11,Facility Focal Person
BEN014,  Comprehensive Health Centre Gboko II ,Benue,Gboko,2024-12-31,630,8,-,740,11,138,0,0,534,11,590,416,347,2025-01-13,Facility Focal Person
LAG002,SPECIALIST HOSPITAL LAGOS ISLAND,Lagos,Lagos Island,2022-04-30,  ,117,106,5540,33,373,14,13,4810,64,5067,3960,3624,2022-05-15,Facility Focal Person
FCT006,Mission Hospital AMAC II,Federal Capital Territory,AMAC,2023-05-31,1062,24,19,2196,40,339,6,5,2043,32,1670,1442,1284,2023-06-21,Data Clerk
FCT002,General Hospital Bwari,FCT,Bwari,30/09/2023,127,9,-24,589,5,32,0,0,552,9,495,324,294,2023-10-29,Facility Focal Person
LAG012,Primary Health Centre Alimosho II,Lagos,Alimosho,2022-09-30,194,10,9,624,7,28,1,0,399,4,502,373,347,2022-10-13,Facility Focal Person
LAG010,Primary Health Centre Surulere II,Lagos,Surulere,2023-05-31,621,14,10,946,17,150,0,0,840,9,844,613,591,2023-06-16,M&E Officer
BEN007,Specialist Hospital Makurdi II,Benue,Makurdi,2023-04-30,335,1,0,2109,24,100,1,0,1748,42,1839,1156,955,2023-05-16,M&E Officer
LAG011,Cottage Hospital Agege II,Lagos,Agege,2024-04-30,758,16,14,1609,14,76,0,0,962,18,1379,1147,1022,2024-05-21,Facility Focal Person
RIV001,Model Primary Health Centre Port Harcourt,Rivers,Port Harcourt,2024-12-31,117,0,0,777,7,34,0,0,687,16,625,370,332,2025-01-11,Data Clerk
CRS014,  Comprehensive Health Centre Obudu II ,Cross River,Obudu,2023-02-28,376,8,7,128,1,107,4,3,74,2,93,75,63,2023-03-15,Data Clerk
LAG003,Teaching Hospital Badagry,Lagos,Badagry,2023-07-31,3060,78,61,6537,99,578,13,10,4853,92,4894,3935,3496,2023-08-13,M&E Officer
KAD007,Model Primary Health Centre Kaduna South II,Kaduna,Kaduna South,2023-03-31,165,7,5,1125,6,26,1,0,804,17,771,698,650,2023-04-13,Data Clerk
KAD001,Model Primary Health Centre Kaduna North,Kaduna,Kaduna North,2024-01-31,164,4,2,745,13,20,0,0,563,16,651,610,585,2024-02-11,M&E Officer
CRS009,Comprehensive Health Centre Obudu II,Cross River,Obudu,2022-10-31,496,27,24,787,13,134,4,3,648,8,646,452,399,2022-11-15,M&E Officer
RIV009,MISSION HOSPITAL KHANA II,Rivers,Khana,2024-10-31,471,8,6,759,11,129,2,1,628,11,566,493,463,2024-11-18,Data Clerk
LAG006,Specialist Hospital Alimosho,Lagos,Alimosho,2022-06-30,854,13,9,5444,39,258,4,3,3777,58,4755,2667,NULL,2022-07-15,Data Clerk
TMP001,Primary Health Centre Ikorodu,Lagos,Ikorodu,31/01/2023,539,16,12,260,0,119,1,0,143,4,231,160,147,2023-02-18,Facility Focal Person
LAG011,Cottage Hospital Agege II,Lagos,Agege,Jun-2023,596,10,8,1679,30,184,2,1,1481,24,1223,975,919,2023-08-15,Facility Focal Person
AKS008,  Primary Health Centre Uyo II ,Akwa-Ibom,Uyo,Jun-2023,95,3,2,88,0,27,0,0,58,0,74,63,56,2023-07-13,M&E Officer
RIV003,Comprehensive Health Centre Khana,RIVERS,Khana,30/06/2023,361,16,15,1036,12,51,0,0,855,14,723,654,540,2023-07-11,Facility Focal Person
fct005,Primary Health Centre Abaji,FCT,Abaji,2024-11-30,483,12,10,580,6,53,3,2,449,6,397,257,224,2024-12-11,M&E Officer
AKS009,Primary Health Centre Ikot Ekpene II,Akwa Ibom,Ikot Ekpene,2023-01-31,82,3,2,226,2,24,1,0,211,4,168,154,146,2023-02-11,Facility Focal Person
AKS013,Model Primary Health Centre Abak II,Akwa Ibom,Abak,2024-04-30,480,14,10,649,6,106,0,0,383,11,499,432,401,2024-05-18,M&E Officer
BEN011,Model Primary Health Centre Katsina-Ala II,Benue,Katsina-Ala,2022-12-31,224,2,1,331,3,71,2,1,289,5,225,177,168,2023-01-21,Facility Focal Person
BEN012,Cottage Hospital Vandeikya II,Benue,Vandeikya,2022-01-31,455,4,3,491,1,67,0,0,323,5,436,356,326,2022-02-13,Facility Focal Person
LAG012,Primary Health Centre Alimosho II,Lagos,Alimosho,2024-11-30,256,10,9,656,9,43,0,0,604,13,477,362,311,2024-12-15,Facility Focal Person
NAS007,General Hospital Karu II,Nasarawa,Karu,Apr-2022,601,5,3,2664,5,145,2,1,2456,53,2074,1726,1486,2022-05-21,Facility Focal Person
KAD007,Model Primary Health Centre Kaduna South II,Kaduna,Kaduna South,2024-08-31,288,16,14,1118,13,56,2,1,914,17,798,460,443,2024-09-11,Data Clerk
lag014,Cottage Hospital Lagos Island II,Lagos,Lagos Island,30/06/2024,873,N/A,8,1639,23,102,1,0,1459,22,1322,1126,972,2024-07-18,Data Clerk
CRS008,Cottage Hospital Ogoja II,cross river,Ogoja,2024-09-30,556,21,18,2147,12,133,3,2,1758,20,1727,1369,1330,2024-10-29,M&E Officer
KAD009,Model Primary Health Centre Sabon Gari II,Kaduna,Sabon Gari,31/05/2023,497,18,14,804,4,60,2,1,533,9,663,516,488,2023-06-29,M&E Officer
RIV009,MISSION HOSPITAL KHANA II,Rivers,Khana,2022-10-31,360,4,3,829,3,86,0,0,745,16,677,445,377,2022-09-24,Data Clerk
kad009,MODEL PRIMARY HEALTH CENTRE SABON GARI II,Kaduna,Sabon Gari,2022-08-31,382,15,12,724,5,38,0,0,500,7,616,441,402,2022-09-11,Data Clerk
LAG011,Cottage Hospital Agege II,Lagos,Agege,2024-09-30,669,15,11,1569,13,194,2,1,1316,1347,1363,924,893,2024-10-16,Data Clerk
RIV008,Teaching Hospital Obio/Akpor II,rivers ,Obio/Akpor,2024-12-31,1539,64,58,4217,68,426,16,13,2818,50,3368,1939,1884,2025-01-16,M&E Officer
AKS014,Primary Health Centre Ikono II,Akwa Ibom,Ikono,2024-12-31,255,11,7,618,4,72,2,1,456,3,547,392,348,2025-01-18,Facility Focal Person
FCT014,GENERAL HOSPITAL KUJE II,FCT,Kuje,2024-04-30,1265,39,34,2536,27,211,3,2,1859,27,2218,1528,1452,2024-05-13,Data Clerk
CRS002,Comprehensive Health Centre Ikom,Cross River,Ikom,31/12/2023,114,5,3,247,2,25,3,2,144,2,216,199,173,2024-01-15,M&E Officer
aks011,Comprehensive Health Centre Etinan II,Akwa Ibom,Etinan,Sep-2023,120,7,4,328,2,26,1,0,N/A,3,277,196,178,2023-10-21,Data Clerk
CRS003,Specialist Hospital Ogoja,Cross River,Ogoja,2024-08-31,1799,79,66,5078,85,405,10,8,3273,67,3914,3450,3044,2024-09-13,Facility Focal Person
BEN013,Model Primary Health Centre Makurdi II,Benue,Makurdi,2023-06-30,679,44,33,570,7,215,8,6,497,11,406,341,295,2023-07-13,Facility Focal Person
CRS014,  Comprehensive Health Centre Obudu II ,Cross River,Obudu,2022-03-31,238,5,4,77,0,70,0,0,72,1,69,50,43,2022-04-16,M&E Officer
FCT011,Cottage Hospital AMAC II,fct,AMAC,2022-12-31,230,7,4,2196,29,44,0,0,1961,38,1787,1123,979,2023-01-15,Facility Focal Person
FCT006,Mission Hospital AMAC II,FCT,AMAC,May-2022,965,28,27,2350,32,200,4,3,1711,27,2128,1602,1492,2022-06-29,Data Clerk
AKS011,Comprehensive Health Centre Etinan II,Akwa-Ibom,Etinan,2023-03-31,113,6,5,312,0,15,0,0,247,3,262,239,205,2023-04-11,M&E Officer
CRS006,Primary Health Centre Calabar Municipal II,Cross River,Calabar Municipal,31/01/2022,363,11,9,1232,10,76,0,0,1020,24,970,915,799,2022-02-13,Facility Focal Person
FCT007,Specialist Hospital Bwari II,FCT,Bwari,2022-10-31,1462,23,16,4369,73,341,3,2,2669,45,4048,-,2617,2022-11-13,Facility Focal Person
CRS008,COTTAGE HOSPITAL OGOJA II,cross river,Ogoja,31/03/2024,692,41,33,2153,21,169,4,3,1268,21,1561,1594,1396,2024-04-18,M&E Officer
RIV012,Primary Health Centre Eleme II,Rivers,Eleme,2022-04-30,419,8,7,853,5,67,2,1,640,11,602,504,452,2022-05-18,M&E Officer
NAS011,Mission Hospital Lafia II,Nasarawa,Lafia,Apr-2023,1229,8,7,2630,43,369,2,1,2362,48,2371,1597,1412,2023-05-15,Facility Focal Person
CRS002,Comprehensive Health Centre Ikom,Cross River,Ikom,2023-08-31,200,7,6,229,1,53,2,1,157,6,175,161,156,2023-09-18,M&E Officer
LAG015,Model Primary Health Centre Badagry II,Lagos,Badagry,2024-04-30,289,12,9,1084,7,48,0,0,804,11,916,nil,424,2024-05-11,M&E Officer
KAD009,Model Primary Health Centre Sabon Gari II,Kaduna,Sabon Gari,Feb-2022,391,22,16,644,7,108,1,0,521,4,555,314,276,2022-03-15,Data Clerk
LAG013,Specialist Hospital Ikorodu II,Lagos,Ikorodu,2023-09-30,2145,111,101,6052,120,630,11,8,4495,64,4939,3657,3139,2023-10-13,Data Clerk
AKS015,Mission Hospital Uyo II,Akwa Ibom,Uyo,2024-02-29,746,36,34,2427,39,122,1,0,1785,33,2225,1851,1587,2024-03-15,Data Clerk
KAD007,Model Primary Health Centre Kaduna South II,Kaduna,Kaduna South,2022-06-30,285,18,16,1110,20,31,0,0,958,27,966,877,750,2022-07-16,M&E Officer
RIV003,COMPREHENSIVE HEALTH CENTRE KHANA,Rivers,Khana,2024-01-31,310,18,16,1051,8,65,1,0,688,13,922,629,533,2024-02-13,Data Clerk
BEN006,Primary Health Centre Vandeikya,Benue,Vandeikya,2023-02-28,156,6,5,333,2,20,0,0,222,4,236,184,172,2023-03-13,Data Clerk
aks006,PRIMARY HEALTH CENTRE ABAK,Akwa Ibom,Abak,2022-06-30,440,18,13,261,2,104,3,2,179,3,193,125,117,2022-07-18,Facility Focal Person
KAD009,Model Primary Health Centre Sabon Gari II,Kaduna,Sabon Gari,2022-03-31,413,25,18,654,8,119,3,2,438,8,535,560,355,2022-04-18,Data Clerk
FCT010,Model Primary Health Centre Abaji II,FCT,Abaji,31/07/2022,526,9,7,295,0,63,0,0,175,4,229,151,130,2022-08-21,M&E Officer
NAS999,Model Primary Health Centre Kaduna North,Kaduna,Kaduna North,2022-12-31,118,6,5,779,12,36,1,0,666,12,N/A,431,409,2023-01-15,M&E Officer
LAG006,SPECIALIST HOSPITAL ALIMOSHO,Lagos,Alimosho,2022-02-28,887,19,18,5673,81,215,6,5,5362,100,4593,2605,2531,2022-03-15,M&E Officer
BEN011,Model Primary Health Centre Katsina-Ala II,Benue,Katsina-Ala,2022-06-30,254,15,11,312,2,62,3,2,263,6,275,187,165,2022-07-29,Data Clerk
FCT015,COMPREHENSIVE HEALTH CENTRE ABAJI II,FCT,Abaji,31/01/2024,95,4,3,750,9,19,1,0,535,3,544,314,270,2024-02-11,M&E Officer
BEN013,Model Primary Health Centre Makurdi II,Benue,Makurdi,2024-04-30,629,22,19,745,6,97,3,2,587,10,587,540,509,2024-05-16,Facility Focal Person
BEN006,Primary Health Centre Vandeikya,Benue,Vandeikya,2023-06-30,264,13,12,346,5,,0,0,221,6,277,153,146,2023-07-15,M&E Officer
RIV002,Teaching Hospital Obio/Akpor,Rivers,Obio/Akpor,2024-08-31,2209,39,35,4183,55,472,7,6,3507 ,53,3878,3524,3403,2024-09-13,Facility Focal Person
LAG003,Teaching Hospital Badagry,Lagos,Badagry,2024-01-31,3120,95,67,6653,92,952,15,12,4364,83,6062,4255,4113,2024-02-15,M&E Officer
FCT002,General Hospital Bwari,fct,Bwari,2022-08-31,146,7,6,631,6,30,1,0,450,8,459,434,414,2022-09-15,Facility Focal Person
RIV012,Primary Health Centre Eleme II,Rivers,Eleme,2023-08-31,606,17,13,965,13,84,1,0,657,12,875,761,643,2023-09-15,Facility Focal Person
KAD010,COTTAGE HOSPITAL CHIKUN II,Kaduna,Chikun,2023-12-31,193,12,11,965,6,47,0,0,555,12,867,805,725,2024-01-15,Facility Focal Person
FCT014,General Hospital Kuje II,FCT,Kuje,30/11/2023,730,36,28,2496,18,219,5,3,1504,25,1898,1270,1079,2023-12-13,M&E Officer
AKS012,Cottage Hospital Oron II,akwa ibom,Oron,2022-08-31,1046,59,52,560,3,325,17,13,476,10,512,292,272,2022-09-16,Data Clerk
XXX999,Specialist Hospital Ikorodu II,Lagos,Ikorodu,2023-12-31,2095,107,103,6170,15,280,7,6,4435,67,  ,4575,4141,2024-01-21,Facility Focal Person
NAS007,General Hospital Karu II,Nasarawa,Karu,2023-08-31,691,6,4,2247,6,197,0,0,2133,35,1585,-,873,2023-09-11,Facility Focal Person
LAG011,Cottage Hospital Agege II,Lagos,Agege,2022-02-28,3200,NULL,5,1852,18,101,1,0,1415,30,1713,1374,NULL,2022-03-18,Data Clerk
AKS005,  Comprehensive Health Centre Oron ,Akwa Ibom,Oron,31/03/2023,98,2,1,1147,21,18,0,0,972,15,938,767,642,2023-04-18,M&E Officer
LAG004,Comprehensive Health Centre Surulere,Lagos,Surulere,2024-01-31,482,10,9,621,11,106,1,0,404,8,425,493,239,2024-02-11,Facility Focal Person
kad003,Mission Hospital Zaria,Kaduna,Zaria,2022-04-30,1138,55,41,2585,46,311,16,15,1846,24,1841,1620,1506,2022-06-15,Facility Focal Person
RIV011,Model Primary Health Centre Degema II,Rivers,Degema,2022-03-31,310,9,7,867,13,95,1,0,555,15,804,466,451,2022-04-13,M&E Officer
AKS010,General Hospital Eket II,Akwa Ibom,Eket,2024-05-31,732,15,12,1589,27,231,3,2,1408,35,1465,883,785,2024-06-11,M&E Officer
BEN005,Model Primary Health Centre Katsina-Ala,Benue,Katsina-Ala,2022-07-31,616,12,10,434,6,80,0,0,337,8,299,263,257,2022-08-11,M&E Officer
NAS010,Teaching Hospital Nasarawa II,Nasarawa,Nasarawa,31/07/2024,2626,133,114,5642,50,834,22,20,5149,95,4409,2718,2621,2024-09-15,Data Clerk
LAG015,Model Primary Health Centre Badagry II,Lagos,Badagry,2023-09-30,299,16,13,1088,5,84,0,0,626,11,830,724,647,2023-10-16,M&E Officer
AKS013,Model Primary Health Centre Abak II,Akwa Ibom,Abak,2023-01-31,268,7,5,564,6,34,0,0,394,10,400,290,247,2023-02-21,Facility Focal Person
CRS004,Comprehensive Health Centre Obudu,Cross River,Obudu,2024-10-31,267,4,3,464,5,58,0,0,405,8,398,308,275,2024-11-18,Data Clerk
NAS999,Cottage Hospital Eleme,Rivers,Eleme,2024-11-30,1275,46,45,2917,44,225,5,3,2375,41,2433,1471,1352,2024-12-29,Data Clerk
LAG004,  Comprehensive Health Centre Surulere ,Lagos,Surulere,2023-02-28,490,8,6,622,1,78,0,0,539,9,576,393,342,2023-03-13,Facility Focal Person
AKS009,PRIMARY HEALTH CENTRE IKOT EKPENE II,Akwa Ibom,Ikot Ekpene,2023-05-31,143,3,2,224,3,24,0,0,195,0,205,171,159,2023-06-25,M&E Officer
TMP001,Primary Health Centre Ikot Ekpene II,Akwa Ibom,Ikot Ekpene,2023-12-31,69,2,1,221,2,18,0,0,204,3,196,165,145,2024-01-16,Facility Focal Person
RIV001,Model Primary Health Centre Port Harcourt,Rivers,Port Harcourt,2022-09-30,106,1,0,1074,4,11,0,0,780,14,766,441,405,2022-10-11,Data Clerk
KAD013,Specialist Hospital Zaria II,Kaduna,Zaria,2024-12-31,1920,71,63,3221,17,368,12,11,2526,44,  ,2278,2324,2025-01-11,Facility Focal Person
CRS007,Model Primary Health Centre Ikom II,Cross River,Ikom,2022-02-28,101,4,3,314,2,23,1,0,208,1,254,160,135,2022-03-29,M&E Officer
AKS009,Primary Health Centre Ikot Ekpene II,Akwa Ibom,Ikot Ekpene,2023-07-31,99,5,3,224,3,20,0,0,154,1,196,167,144,2023-08-13,Data Clerk
FCT005,Primary Health Centre Abaji,F.C.T.,Abaji,2024-12-31,514,12,9,580,9,65,1,0,410,8,504,285,274,2025-01-16,M&E Officer
TMP001,Mission Hospital Degema,Rivers,Degema,2022-11-30,162,4,2,1474,6,45,0,0,1223,37,1202,977,829,2022-12-13,M&E Officer
FCT006,Mission Hospital AMAC II,FCT,AMAC,2023-09-30,896,21,15,2184,37,103,0,0,1880,24,2030,1227,1085,2023-10-16,Facility Focal Person
LAG009,Mission Hospital Badagry II,Lagos,Badagry,2023-12-31,384,11,10,2377,12,105,1,0,2060,35,2035,1217,NULL,2024-01-18,Data Clerk
CRS013,Mission Hospital Ogoja II,Cross River,Ogoja,2022-03-31,232,6,5,901,16,71,0,0,753,17,625,NULL,361,2022-04-21,Facility Focal Person
RIV006,COTTAGE HOSPITAL ELEME,Rivers,Eleme,30/06/2024,1593,79,74,2819,16,264,13,12,1690,31,1919,1313,1188,2024-07-11,M&E Officer
FCT011,Cottage Hospital AMAC II,FCT,AMAC,2024-03-31,460,18,16,2061,21,87,0,0,1342,29,1441,1047,1024,2024-04-16,Facility Focal Person
BEN006,Primary Health Centre Vandeikya,Benue,Vandeikya,2022-11-30,181,4,3,320,4,48,1,0,255,7,282,261,218,2022-12-13,Data Clerk
FCT015,Comprehensive Health Centre Abaji II,FCT,Abaji,2023-01-31,86,1,0,811,16,14,0,0,691,10,596,366,N/A,2023-02-13,Data Clerk
CRS009,Comprehensive Health Centre Obudu II,Cross River,Obudu,2022-04-30,565,15,11,710,8,99,2,1,461,11,507,387,349,2022-05-16,Facility Focal Person
NAS013,General Hospital Keffi II,Nasarawa,Keffi,2023-10-31,545,21,17,1642,29,82,5,4,960,21,1476,1014,895,2023-11-16,Data Clerk
RIV012,  Primary Health Centre Eleme II ,Rivers,Eleme,30/11/2024,579,7,5,1034,14,163,2,1,945,18,842,703,660,2024-12-11,Data Clerk
AKS001,Comprehensive Health Centre Uyo,Akwa Ibom,Uyo,2023-02-28,517,2,1,307,1,150,2,1,178,3,281,161,143,2023-03-11,Facility Focal Person
RIV010,Teaching Hospital Ahoada East II,Rivers,Ahoada East,2022-10-31,592,19,14,3204,42,189,2,1,1803,36,2601,2374,2240,2022-11-13,M&E Officer
RIV008,Teaching Hospital Obio/Akpor II,RIVERS,Obio/Akpor,2023-05-31,1518,52,38,4022,80,251,8,7,2903,44,3643,2525,2078,2023-06-11,Data Clerk
AKS015,  Mission Hospital Uyo II ,Akwa Ibom,Uyo,2022-11-30,584,25,18,2471,34,107,1,0,1789,40,1937,1816,1635,2022-12-16,Facility Focal Person
NAS002,Cottage Hospital Karu,Nasarawa,Karu,2022-11-30,376,3,2,312,1,65,0,0,234,4,243,154,145,2022-12-15,M&E Officer
AKS012,Cottage Hospital Oron II,Akwa Ibom,Oron,2023-02-28,902,31,21,759,8,98,3,2,481,10,596,387,342,2023-03-13,Data Clerk
FCT015,COMPREHENSIVE HEALTH CENTRE ABAJI II,FCT,Abaji,2022-09-30,118,4,2,852,7,14,1,0,531,14,584,531,483,2022-10-11,Facility Focal Person
CRS010,Comprehensive Health Centre Akamkpa II,Cross River,Akamkpa,2023-10-31,52,0,0,375,2,14,0,0,208,4,340,294,287,2023-11-16,Data Clerk
AKS006,PRIMARY HEALTH CENTRE ABAK,Akwa Ibom,Abak,2024-04-30,627,23,22,465,4,152,3,2,354,8,356,273,261,2024-05-21,Facility Focal Person
TMP001,Cottage Hospital AMAC II,FCT,AMAC,31/07/2022,378,17,11,2286,44,55,0,0,1397,27,1819,1220,1166,2022-09-15,Data Clerk
AKS013,Model Primary Health Centre Abak II,Akwa Ibom,Abak,2024-03-31,457,9,8,645,2,123,1,0,603,15,560,446,420,2024-04-13,Data Clerk
KAD001,Model Primary Health Centre Kaduna North,Kaduna,Kaduna North,2024-02-29,164,10,8,747,6,48,1,0,594,8,650,363,317,2024-03-16,Data Clerk
fct008,TEACHING HOSPITAL GWAGWALADA II,FCT,Gwagwalada,30/11/2023,666,39,31,4898,61,187,3,2,3621,64,4552,2612,2454,2023-12-13,Data Clerk
NAS014,  Teaching Hospital Akwanga II ,Nasarawa,Akwanga,2024-11-30,2117,46,37,5097,68,296,2,1,3082,44,3636,2814,2545,2024-12-29,M&E Officer
CRS007,Model Primary Health Centre Ikom II,Cross River,Ikom,2023-07-31,149,4,3,301,2,37,1,0,167,4,225,151,140,2023-08-16,Data Clerk
KAD007,Model Primary Health Centre Kaduna South II,Kaduna,Kaduna South,2023-06-30,306,13,10,1131,8,57,1,0,705,14,995,845,783,2023-07-15,Facility Focal Person
KAD013,Specialist Hospital Zaria II,Kaduna,Zaria,2024-05-31,N/A,133,102,2951,24,542,17,16,1874,37,2116,1340,NULL,2024-06-18,M&E Officer
LAG008,COTTAGE HOSPITAL LAGOS ISLAND II,Lagos,Lagos Island,30/04/2023,117,1,0,811,1,24,0,0,486,11,554,507,441,2023-05-21,Data Clerk
LAG003,Teaching Hospital Badagry,Lagos,Badagry,29/02/2024,2088,60,53,6668,38,575,12,10,4424,80,5218,3723,3437,2024-03-18,Data Clerk
KAD012,COMPREHENSIVE HEALTH CENTRE KADUNA SOUTH II,Kaduna,Kaduna South,31/03/2022,448,4,3,665,13,123,1,0,530,8,471,373,309,2022-04-11,Facility Focal Person
FCT015,Comprehensive Health Centre Abaji II,FCT,Abaji,28/02/2022,47,0,0,891,17,10,0,0,844,16,810,502,413,2022-03-13,Data Clerk
RIV001,Model Primary Health Centre Port Harcourt,Rivers,Port Harcourt,2023-01-31,72,1,0,1018,17,7,0,0,584,9,743,485,441,2023-02-11,M&E Officer
BEN011,Model Primary Health Centre Katsina-Ala II,Benue,Katsina-Ala,2022-04-30,238,8,5,302,3,32,2,1,258,8,236,213,187,2022-05-15,Facility Focal Person
FCT004,Model Primary Health Centre Kuje,FCT,Kuje,31/07/2022,335,4,3,1337,7,86,3,2,1054,27,1185,753,710,2022-08-13,Data Clerk
NAS013,General Hospital Keffi II,Nasarawa,Keffi,2023-08-31,585,34,32,1655,29,97,4,3,1106,20,1213,1118,998,2023-09-15,Data Clerk
LAG009,Mission Hospital Badagry II,Lagos,Badagry,2023-10-31,537,9,7,2423,25,137,4,3,1806,35,1719,1181,1054,2023-11-18,Data Clerk
RIV003,COMPREHENSIVE HEALTH CENTRE KHANA,Rivers,Khana,Nov-2023,237,14,13,1044,8,42,0,0,617,13,814,642,548,2023-12-11,M&E Officer
LAG099,Teaching Hospital Akwanga II,Nasarawa,Akwanga,30/06/2022,1985,51,39,4665,14,605,9,6,2748 ,42,3441,2428,2107,2022-07-29,Data Clerk
AKS009,Primary Health Centre Ikot Ekpene II,AKWA IBOM,Ikot Ekpene,2024-05-31,116,8,7,231,1,16,1,0,169,3,196,150,141,2024-06-15,M&E Officer
CRS004,Comprehensive Health Centre Obudu,Cross River,Obudu,2023-07-31,245,8,5,463,3,76,2,1,-,9,397,264,231,2023-08-15,Data Clerk
NAS011,Mission Hospital Lafia II,Nasarawa,Lafia,2023-10-31,873,6,5,2535,24,125,0,0,1500,25,2154,1330,1175,2023-11-11,Facility Focal Person
BEN008,Teaching Hospital Gboko II,Benue,Gboko,2022-01-31,1509,42,35,6331,61,405,11,10,4483,86,5391,4423,3954,2022-02-16,M&E Officer
AKS012,  Cottage Hospital Oron II ,Akwa Ibom,Oron,2024-08-31,1302,66,48,"1,274",7,223,6,4,936,19,970,885,849,2024-09-16,M&E Officer
TMP001,Comprehensive Health Centre Obudu II,Cross River,Obudu,2024-08-31,640,19,18,958,10,192,9,6,783,9,713,536,454,2024-09-16,Data Clerk
AKS003,Model Primary Health Centre Eket,Akwa Ibom,Eket,2024-10-31,708,14,11,486,2,130,2,1,311,8,411,345,313,2024-11-11,Facility Focal Person
NAS999,Comprehensive Health Centre Etinan,Akwa Ibom,Etinan,2024-11-30,194,4,3,907,15,53,1,0,806,15,750,639,545,2024-12-21,Data Clerk
FCT001,Mission Hospital AMAC,fct,AMAC,28/02/2023,655,12,10,1283,14,122,1,0,843,14,1078,952,917,2023-03-13,Data Clerk
NAS003,Cottage Hospital Keffi,Nasarawa,Keffi,2024-10-31,321,5,4,1426,3,75,1,0,949,16,1289,1340,941,2024-11-13,Data Clerk
CRS015,MODEL PRIMARY HEALTH CENTRE AKAMKPA II,Cross River,Akamkpa,2023-06-30,78,0,0,542,4,7,0,0,438,8,492,288,266,2023-07-21,Facility Focal Person
FCT003,Specialist Hospital Gwagwalada,FCT,Gwagwalada,28/02/2023,467,21,18,5988,81,90,1,0,5062,84,5310,3153,2935,2023-03-16,M&E Officer
CRS006,Primary Health Centre Calabar Municipal II,Cross River,Calabar Municipal,31/05/2024,673,37,34,1391,9,87,3,2,1062,23,998,638,554,2024-06-18,Facility Focal Person
fct001,Mission Hospital AMAC,FCT,AMAC,2022-08-31,884,9,8,1330,20,92,0,0,1255,22,1058,676,584,2022-09-13,Facility Focal Person
LAG010,Primary Health Centre Surulere II,Lagos,Surulere,2022-10-31,382,8,7,934,15,117,6,5,817,14,733,455,382,2022-11-13,M&E Officer
LAG005,Mission Hospital Agege,Lagos,Agege,2022-09-30,1055,26,21,1569,13,313,1,0,1129,22,1231,707,633,2022-10-13,M&E Officer
FCT004,Model Primary Health Centre Kuje,FCT,Kuje,2022-09-30,368,13,12,1337,15,78,1,0,1148,16,940,603,545,2022-10-18,Facility Focal Person
AKS001,COMPREHENSIVE HEALTH CENTRE UYO,Akwa Ibom,Uyo,2022-02-28,-,5,3,312,5,88,1,0,224,1,258,216,208,2022-03-11,M&E Officer
NAS008,Comprehensive Health Centre Keffi II,Nasarawa,Keffi,2023-05-31,84,2,1,856,12,9,0,0,609,10,709,594,541,2023-06-15,M&E Officer
AKS002,General Hospital Ikot Ekpene,akwa ibom,Ikot Ekpene,2024-08-31,379,N/A,0,536,7,90,1,0,324,5,481,363,315,2024-09-27,Data Clerk
LAG010,PRIMARY HEALTH CENTRE SURULERE II,Lagos,Surulere,2022-12-31,452,13,9,940,7,72,1,0,574,11,748,622,525,2023-01-15,M&E Officer
KAD014,General Hospital Sabon Gari II,Kaduna,Sabon Gari,2024-12-31,239,5,3,2073,28,39,0,0,1549,16,1648,1116,nil,2025-01-15,M&E Officer
CRS008,Cottage Hospital Ogoja II,cross river,Ogoja,2022-06-30,473,15,13,2337,42,126,2,1,2125,45,1785,996,N/A,2022-07-15,Data Clerk
NAS011,Mission Hospital Lafia II,Nasarawa,Lafia,Sep-2023,1179,10,7,"2,554",34,260,2,1,1523,37,2174,1865,  ,2023-10-13,M&E Officer
BEN001,Mission Hospital Makurdi,Benue,Makurdi,2024-06-30,1116,11,8,"1,756",21,150,1,0,1279,19,1565,984,932,2024-08-15,M&E Officer
KAD004,Specialist Hospital Sabon Gari,Kaduna,Sabon Gari,2022-10-31,2566,115,99,4140,33,537,14,11,2688,54,3795,3554,3367,2022-11-13,Facility Focal Person
RIV002,Teaching Hospital Obio/Akpor,Rivers,Obio/Akpor,2023-04-30,1825,31,29,4676,79,277,3,2,3772,83,3677,3252,2877,2023-05-13,Facility Focal Person
LAG003,Teaching Hospital Badagry,Lagos,Badagry,31/08/2022,2564,83,78,6148,41,578,6,4,4756,97,4814,2753,NULL,2022-09-13,M&E Officer
KAD008,MODEL PRIMARY HEALTH CENTRE ZARIA II,Kaduna,Zaria,31/12/2023,289,9,nil,1171,12,79,3,2,779,21,822,593,546,2024-01-11,M&E Officer
BEN014,Comprehensive Health Centre Gboko II,Benue,Gboko,30/09/2024,518,13,9,757,4,130,0,0,516,8,634,502,417,2024-10-18,M&E Officer
KAD012,Comprehensive Health Centre Kaduna South II,Kaduna,Kaduna South,2022-01-31,-,5,4,680,7,NULL,0,0,459,15,500,279,242,2022-02-15,Data Clerk
AKS006,PRIMARY HEALTH CENTRE ABAK,Akwa Ibom,Abak,2024-10-31,550,18,13,513,4,153,3,2,452,7,445,397,363,2024-11-15,Data Clerk
RIV007,  PRIMARY HEALTH CENTRE PORT HARCOURT II ,rivers ,Port Harcourt,30/11/2023,385,2,1,645,12,67,0,0,550,7,459,397,381,2023-12-21,M&E Officer
CRS005,Teaching Hospital Akamkpa,Cross River,Akamkpa,31/05/2024,1245,46,42,4161,56,366,5,4,3086,53,3224,2888,2517,2024-06-18,Facility Focal Person
KAD007,Model Primary Health Centre Kaduna South II,Kaduna,Kaduna South,2024-04-30,271,17,16,1123,8,50,1,0,924,11,903,649,617,2024-05-13,Facility Focal Person
LAG012,Primary Health Centre Alimosho II,Lagos,Alimosho,2024-08-31,262,9,6,661,13,32,1,0,624,12,614,447,401,2024-09-11,Facility Focal Person
nas005,Mission Hospital Nasarawa,Nasarawa,Nasarawa,2023-03-31,846,23,16,424,2,210,2,1,270,3,357,317,298,2023-04-13,Facility Focal Person
KAD002,Teaching Hospital Kaduna South,Kaduna,Kaduna South,2023-05-31,1614,17,12,4024,73,261,2,1,NULL,35,2941,2599,2304,2023-06-13,M&E Officer
KAD009,Model Primary Health Centre Sabon Gari II,Kaduna,Sabon Gari,31/07/2024,622,30,29,959,14,161,4,3,591,4,749,587,521,2024-08-16,Facility Focal Person
BEN014,Comprehensive Health Centre Gboko II,Benue,Gboko,31/12/2023,440,4,3,773,13,104,0,0,591,4,712,467,457,2024-01-21,Data Clerk
CRS011,Comprehensive Health Centre Calabar Municipal II,Cross River,Calabar Municipal,2023-10-31,328,8,7,485,4,85,1,0,282,4,427,263,239,2023-11-18,Facility Focal Person
NAS012,Mission Hospital Karu II,Nasarawa,Karu,2022-01-31,671,14,12,1341,17,182,2,1,1107,14,963,612,583,2022-02-16,Facility Focal Person
NAS001,Model Primary Health Centre Lafia,Nasarawa,Lafia,2023-05-31,240,2,1,444,7,49,2,1,337,10,372,254,212,2023-06-21,M&E Officer
BEN015,Primary Health Centre Otukpo II,Benue,Otukpo,2023-06-30,166,6,5,789,15,38,0,0,653,16,725,682,631,2023-07-18,M&E Officer
BEN008,Teaching Hospital Gboko II,Benue,Gboko,2023-04-30,2874,78,58,6162,59,875,7,6,4853,82,4840,3192,2634,2023-05-13,Facility Focal Person
LAG012,  Primary Health Centre Alimosho II ,Lagos,Alimosho,28/02/2022,243,9,8,597,6,76,3,2,552,13,440,347,325,2022-03-15,Facility Focal Person
AKS008,Primary Health Centre Uyo II,Akwa Ibom,Uyo,2023-10-31,87,0,0,85,1,25,0,0,62,0,78,57,54,2023-11-13,Facility Focal Person
AKS002,General Hospital Ikot Ekpene,Akwa Ibom,Ikot Ekpene,2024-12-31,231,4,3,528,3,26,0,0,298,8,367,283,253,2025-01-13,Facility Focal Person
BEN001,Mission Hospital Makurdi,Benue,Makurdi,2022-08-31,900,5,4,2044,9,237,1,0,1619,25,1875,1488,1388,2022-09-15,M&E Officer
AKS011,Comprehensive Health Centre Etinan II,Akwa Ibom,Etinan,2024-11-30,115,8,7,339,2,28,0,0,308,5,278,184,158,2024-12-15,Facility Focal Person
RIV002,  Teaching Hospital Obio/Akpor ,Rivers,Obio/Akpor,Aug-2022,1322,28,22,4877,22,243,3,2,3709,63,4529,4601,3280,2022-09-29,Data Clerk
BEN009,Primary Health Centre Otukpo II,Benue,Otukpo,Apr-2022,275,4,2,480,3,33,3,2,376,10,401,221,202,2022-05-18,M&E Officer
BEN002,Specialist Hospital Gboko,Benue,Gboko,2022-04-30,2457,45,34,4980,37,651,10,8,3032,61,3818,2463,2367,2022-05-20,M&E Officer
KAD014,  General Hospital Sabon Gari II ,Kaduna,Sabon Gari,31/05/2024,260,11,8,2219,37,29,0,0,1446,31,2044,1579,1461,2024-06-13,Data Clerk
FCT011,Cottage Hospital AMAC II,Federal Capital Territory,AMAC,30/09/2024,451,-,17,1976,33,129,5,4,1326,29,1529,1270,1105,2024-10-11,Facility Focal Person
KAD015,General Hospital Chikun II,Kaduna,Chikun,2023-05-31,505,9,6,1708,17,128,1,0,1201,19,1484,1312,1229,2023-06-11,Facility Focal Person
TMP001,GENERAL HOSPITAL KEFFI II,Nasarawa,Keffi,2024-02-29,557,17,16,1631,32,139,4,3,1067,14,1334,1014,920,2024-03-15,Data Clerk
KAD012,COMPREHENSIVE HEALTH CENTRE KADUNA SOUTH II,Kaduna,Kaduna South,2024-07-31,485,6,4,639,8,88,0,0,597,11,587,404,379,2024-08-16,Facility Focal Person
KAD006,Specialist Hospital Kaduna North II,Kaduna,Kaduna North,Feb-2022,1786,21,17,1502,7,336,2,1,1257,25,1255,1009,934,2022-03-21,Data Clerk
LAG005,Mission Hospital Agege,Lagos,Agege,2022-04-30,978,29,20,1488,24,235,3,2,1137,20,1167,911,800,2022-05-11,Facility Focal Person
CRS011,Comprehensive Health Centre Calabar Municipal II,Cross River,Calabar Municipal,30/04/2022,331,6,4,450,8,92,1,0,329,8,317,239,222,2022-05-15,M&E Officer
BEN006,Primary Health Centre Vandeikya,Benue,Vandeikya,2022-04-30,196,6,5,309,1,38,0,0,224,5,270,199,164,2022-05-16,Facility Focal Person
NAS005,Mission Hospital Nasarawa,Nasarawa,Nasarawa,2022-03-31,948,18,13,191,1,300,6,4,176,4,143,88,77,2022-04-15,Data Clerk
FCT003,Specialist Hospital Gwagwalada,FCT,Gwagwalada,2024-02-29,495,13,9,5288,28,91,4,3,4043,57,4723,2926,2787,2024-03-29,Data Clerk
AKS015,Mission Hospital Uyo II,Akwa Ibom,Uyo,2023-11-30,757,41,37,2460,29,107,2,1,1619,22,2129,1602,1392,2023-12-29,M&E Officer
AKS011,Comprehensive Health Centre Etinan II,Akwa Ibom,Etinan,2023-06-30,126,10,8,319,3,14,0,0,243,6,267,196,181,2023-07-11,M&E Officer
BEN014,Comprehensive Health Centre Gboko II,Benue,Gboko,Apr-2023,466,6,4,823,11,46,0,0,638,16,623,398,372,2023-05-21,Data Clerk
KAD010,COTTAGE HOSPITAL CHIKUN II,Kaduna,Chikun,2024-04-30,261,13,11,963,4,71,5,3,689,9,669,510,480,2024-05-29,Data Clerk
LAG010,  PRIMARY HEALTH CENTRE SURULERE II ,Lagos,Surulere,Dec-2023,396,12,9,953,11,116,0,0,526,10,735,545,522,2024-01-13,M&E Officer
NAS012,Mission Hospital Karu II,Nasarawa,Karu,2023-04-30,1125,16,13,1317,23,173,3,2,1083,29,1105,1034,955,2023-05-11,Facility Focal Person
AKS010,General Hospital Eket II,Akwa Ibom,Eket,2024-01-31,434,6,4,1601,7,60,1,0,N/A,23,1178,883,750,2024-02-15,Data Clerk
NAS002,COTTAGE HOSPITAL KARU,Nasarawa,Karu,2022-07-31,409,1,0,314,3,43,0,0,249,9,nil,223,208,2022-08-13,Facility Focal Person
FCT003,Specialist Hospital Gwagwalada,FCT,Gwagwalada,2023-07-31,739,19,15,5647,90,171,3,2,4833,75,5224,3492,2943,2023-08-13,Facility Focal Person
CRS002,  Comprehensive Health Centre Ikom ,Cross River,Ikom,30/09/2023,189,7,6,234,1,26,0,0,183,3,206,122,112,2023-10-13,M&E Officer
LAG003,Teaching Hospital Badagry,Lagos,Badagry,2023-10-31,2659,110,103,6539,55,707,25,24,6159,99,4738,4010,3781,2023-11-18,Facility Focal Person
RIV015,Specialist Hospital Khana II,Rivers,Khana,31/07/2022,389,23,20,2421,7,101,3,2,1802,29,1663,1191,1057,2022-08-21,Data Clerk
RIV002,Teaching Hospital Obio/Akpor,Rivers,Obio/Akpor,Mar-2023,1591,30,27,4726,41,398,2,1,4079,69,3766,3425,2958,2023-04-29,M&E Officer
AKS015,Mission Hospital Uyo II,Akwa Ibom,Uyo,2023-04-30,687,31,30,2473,27,99,2,1,1473,25,1923,1713,1668,2023-05-15,Facility Focal Person
NAS003,Cottage Hospital Keffi,Nasarawa,Keffi,31/07/2022,275,8,7,1851,19,35,2,1,1026,18,1634,936,912,2022-08-16,M&E Officer
CRS010,Comprehensive Health Centre Akamkpa II,Cross River,Akamkpa,2023-03-31,62,0,0,395,6,14,0,0,266,8,326,209,178,2023-04-13,Data Clerk
LAG099,Model Primary Health Centre Kuje II,FCT,Kuje,2024-10-31,142,4,3,486,8,37,1,0,444,9,436,322,313,2024-11-16,Data Clerk
BEN001,Mission Hospital Makurdi,Benue,Makurdi,2022-04-30,886,6,4,2105,4,282,1,0,1555,29,1738,1087,994,2022-05-16,Facility Focal Person
NAS004,  Cottage Hospital Akwanga ,Nasarawa,Akwanga,2024-10-31,387,8,6,605,3,  ,0,0,nil,8,550,N/A,447,2024-11-13,M&E Officer
NAS014,Teaching Hospital Akwanga II,Nasarawa,Akwanga,2023-10-31,1683,57,46,4911,15,513,10,9,4058,79,4273,3448,3266,2023-11-13,Facility Focal Person
nas003,  Cottage Hospital Keffi ,Nasarawa,Keffi,2024-08-31,419,8,7,1447,21,76,1,0,1316,19,1101,644,541,2024-09-15,M&E Officer
BEN007,Specialist Hospital Makurdi II,Benue,Makurdi,2022-03-31,232,7,5,2356,35,30,0,0,1761,27,2082,1928,1706,2022-04-18,Facility Focal Person
LAG006,Specialist Hospital Alimosho,Lagos,Alimosho,2023-02-28,790,10,8,5040,94,108,2,1,2867,38,3531,3274,2833,2023-03-11,M&E Officer
RIV007,Primary Health Centre Port Harcourt II,Rivers,Port Harcourt,31/12/2024,379,2,1,581,10,56,0,0,533,9,468,371,337,2025-01-15,Data Clerk
RIV008,Teaching Hospital Obio/Akpor II,Rivers,Obio/Akpor,2022-01-31,1284,51,46,3968,36,378,7,6,3279,55,2939,2228,1873,2022-02-11,Facility Focal Person
CRS004,  Comprehensive Health Centre Obudu ,Cross River,Obudu,2022-01-31,171,3,2,460,4,37,0,0,NULL,4,375,281,235,2022-02-13,Data Clerk
LAG011,Cottage Hospital Agege II,Lagos,Agege,2022-05-31,676,7,6,1815,16,85,1,0,1233,22,1237,1175,982,2022-06-15,Facility Focal Person
KAD010,Cottage Hospital Chikun II,Kaduna,Chikun,2024-09-30,288,16,11,969,11,91,1,0,747,14,869,738,,2024-10-18,Facility Focal Person
FCT014,General Hospital Kuje II,FCT,Kuje,Mar-2024,1124,49,40,2529,22,277,7,5,1793,27,2270,1644,1553,2024-04-16,Facility Focal Person
BEN013,Model Primary Health Centre Makurdi II,Benue,Makurdi,2023-11-30,492,31,30,659,6,105,3,2,495,7,521,299,259,2023-12-13,M&E Officer
BEN010,Model Primary Health Centre Okpokwu II,Benue,Okpokwu,2022-11-30,263,2,1,789,15,63,0,0,442,8,667,513,468,2022-12-16,M&E Officer
CRS008,  Cottage Hospital Ogoja II ,Cross River,Ogoja,2022-04-30,523,12,9,2369,21,55,0,0,2079,24,2174,1479,1437,2022-05-13,Facility Focal Person
NAS001,Model Primary Health Centre Lafia,Nasarawa,Lafia,2023-01-31,144,1,0,461,2,38,0,0,313,5,324,261,228,2023-02-15,Facility Focal Person
AKS003,Model Primary Health Centre Eket,AKWA IBOM,Eket,2022-12-31,513,19,17,229,3,112,2,1,185,3,164,132,116,2023-01-11,Facility Focal Person
CRS015,MODEL PRIMARY HEALTH CENTRE AKAMKPA II,Cross River,Akamkpa,2022-11-30,55,1,0,570,7,15,0,0,433,6,489,286,265,2022-12-13,M&E Officer
FCT006,Mission Hospital AMAC II,FCT,AMAC,2023-03-31,785,21,N/A,2234,42,245,3,2,1985,45,1800,1646,1553,2023-04-16,Facility Focal Person
AKS001,Comprehensive Health Centre Uyo,Akwa-Ibom,Uyo,30/09/2023,-24,3,2,320,6,46,1,0,181,6,246,199,166,2023-11-15,Facility Focal Person
NAS011,Mission Hospital Lafia II,Nasarawa,Lafia,2023-08-31,1092,13,12,2581,32,262,1,0,1609 ,24,2086,1758,1633,2023-09-21,M&E Officer
BEN014,Comprehensive Health Centre Gboko II,Benue,Gboko,2023-07-31,569,7,6,805,7,140,0,0,473,5,698,420,386,2023-08-18,Facility Focal Person
RIV013,Mission Hospital Port Harcourt II,Rivers,Port Harcourt,2022-02-28,360,7,5,2308,5,70,2,1,NULL,17,  ,1390,1208,2022-03-13,Data Clerk
LAG003,Teaching Hospital Badagry,Lagos,Badagry,Nov-2023,2388,111,92,6615,16,601,13,10,4558,77,4648,2805,2407,2023-12-16,Data Clerk
KAD012,COMPREHENSIVE HEALTH CENTRE KADUNA SOUTH II,Kaduna,Kaduna South,2023-06-30,497,12,11,655,2,133,0,0,570,5,503,318,268,2023-07-15,M&E Officer
BEN001,Mission Hospital Makurdi,Benue,Makurdi,2023-07-31,1116,5,  ,1881,28,196,3,2,1224,15,1524,1045,1013,2023-08-21,Data Clerk
NAS001,MODEL PRIMARY HEALTH CENTRE LAFIA,Nasarawa,Lafia,2023-07-31,206,1,0,439,1,25,0,0,357,9,318,175,146,2023-08-21,Data Clerk
RIV010,  Teaching Hospital Ahoada East II ,Rivers,Ahoada East,Nov-2023,746,18,12,"3,061",25,170,2,1,2098,47,2313,1857,1589,2023-12-16,M&E Officer
KAD006,Specialist Hospital Kaduna North II,Kaduna,Kaduna North,2022-06-30,2491,41,40,1549,8,311,1,0,1081,23,1319,794,663,2022-07-16,Data Clerk
NAS007,General Hospital Karu II,Nasarawa,Karu,2022-07-31,658,0,0,2551,42,185,0,0,1919,37,2289,1992,1734,2022-08-18,M&E Officer
CRS013,Mission Hospital Ogoja II,Cross River,Ogoja,2023-11-30,190,1,0,768,15,19,0,0,707 ,17,676,408,397,2023-12-18,Facility Focal Person
NAS008,Comprehensive Health Centre Keffi II,Nasarawa,Keffi,2022-02-28,66,1,0,999,15,10,0,0,687,8,909,591,560,2022-03-18,Data Clerk
RIV006,  Cottage Hospital Eleme ,Rivers,Eleme,2023-06-30,1230,36,35,2526,6,261,8,7,2135,32,1801,1458,1250,2023-07-18,Data Clerk
BEN011,MODEL PRIMARY HEALTH CENTRE KATSINA-ALA II,Benue,Katsina-Ala,2023-06-30,321,11,8,346,2,101,1,0,307,2,295,202,166,2023-07-11,Facility Focal Person
KAD012,Comprehensive Health Centre Kaduna South II,Kaduna,Kaduna South,2022-10-31,415,11,9,656,10,105,2,1,524,9,564,315,262,2022-11-18,Data Clerk
NAS011,MISSION HOSPITAL LAFIA II,Nasarawa,Lafia,2023-11-30,771,8,6,2504,37,163,0,0,NULL,34,1808,1613,1477,2023-12-18,Facility Focal Person
FCT010,Model Primary Health Centre Abaji II,FCT,Abaji,2024-03-31,584,11,10,446,1,106,1,0,352,7,395,244,232,2024-04-13,Facility Focal Person
LAG015,Model Primary Health Centre Badagry II,Lagos,Badagry,2022-07-31,217,8,7,1134,12,39,0,0,768,13,978,688,600,2022-08-29,Facility Focal Person
RIV011,Model Primary Health Centre Degema II,Rivers,Degema,Jul-2022,365,9,7,866,16,68,3,2,560,7,614,623,408,2022-08-21,Facility Focal Person
NAS008,Comprehensive Health Centre Keffi II,Nasarawa,Keffi,Jan-2022,74,2,1,1014,13,10,0,0,759,21,765,625,518,2022-02-18,Data Clerk
crs008,Cottage Hospital Ogoja II,Cross River,Ogoja,30/11/2023,468,27,24,2160,31,145,2,1,1427,26,1844,1081,964,2023-12-16,M&E Officer
FCT010,Model Primary Health Centre Abaji II,FCT,Abaji,30/04/2024,628,12,9,449,6,174,8,6,319,5,N/A,208,173,2024-05-21,M&E Officer
FCT008,Teaching Hospital Gwagwalada II,FCT,Gwagwalada,2023-09-30,780,39,36,4922,97,109,2,1,4215,76,3892,2969,2532,2023-10-15,Data Clerk
RIV012,Primary Health Centre Eleme II,Rivers,Eleme,2022-12-31,440,15,12,911,8,140,3,2,644,9,767,474,416,2023-01-21,M&E Officer
NAS011,Mission Hospital Lafia II,Nasarawa,Lafia,2024-06-30,1473,11,8,2399,21,280,0,0,1439,29,1907,1061,983,2024-07-15,Data Clerk
KAD014,General Hospital Sabon Gari II,Kaduna,Sabon Gari,2023-02-28,184,8,5,2570,10,40,1,0,2392,47,2365,1806,1723,2023-03-15,Data Clerk
RIV005,Mission Hospital Degema,Rivers,Degema,31/08/2024,159,7,6,1273,16,42,3,2,1181,23,992,610,521,2024-09-13,Data Clerk
KAD014,General Hospital Sabon Gari II,Kaduna,Sabon Gari,Mar-2022,160,4,3,2805,46,22,0,0,2119,38,2386,2254,2125,2022-04-15,M&E Officer
RIV005,MISSION HOSPITAL DEGEMA,Rivers,Degema,2022-03-31,157,2,1,1516,28,26,0,0,1124,24,1226,878,847,2022-04-13,M&E Officer
NAS009,Cottage Hospital Akwanga II,Nasarawa,Akwanga,2023-08-31,1253,13,12,487,3,334,0,0,335,8,427,395,328,2023-09-13,M&E Officer
FCT006,Mission Hospital AMAC II,fct,AMAC,2023-06-30,1030,22,21,2197,20,252,3,2,1362,19,1837,1250,1049,2023-07-13,Data Clerk
FCT003,  Specialist Hospital Gwagwalada ,FCT,Gwagwalada,2024-06-30,714,19,14,5111,57,92,0,0,4038 ,67,4607,2681,2201,2024-07-15,Data Clerk
CRS008,Cottage Hospital Ogoja II,Cross-River,Ogoja,2024-10-31,631,30,27,2145,29,84,3,2,  ,41,1761,1470,1309,2024-11-21,Facility Focal Person
XXX999,COMPREHENSIVE HEALTH CENTRE UYO,Akwa Ibom,Uyo,2023-10-31,547,5,4,321,3,98,1,0,301,5,269,232,247,2023-11-16,Data Clerk
RIV010,Teaching Hospital Ahoada East II,Rivers,Ahoada East,2023-10-31,792,26,18,3074,60,227,5,3,2850,43,2375,1937,1679,2023-11-29,M&E Officer
NAS001,  Model Primary Health Centre Lafia ,Nasarawa,Lafia,2022-01-31,151,0,0,510,3,36,0,0,385,5,448,414,369,2022-02-18,Data Clerk
RIV011,Model Primary Health Centre Degema II,Rivers,Degema,Jun-2023,340,10,9,882,6,74,0,0,767,16,702,  ,520,2023-07-16,M&E Officer
KAD007,Model Primary Health Centre Kaduna South II,Kaduna,Kaduna South,2024-02-29,273,10,9,1112,9,36,1,0,966,25,876,825,734,2024-03-16,Facility Focal Person
NAS001,Model Primary Health Centre Lafia,Nasarawa,Lafia,2023-08-31,207,2,1,435,5,62,0,0,315,9,304,232,195,2023-09-15,Facility Focal Person
NAS006,Primary Health Centre Lafia II,Nasarawa,Lafia,2022-05-31,298,8,7,1032,7,75,1,0,842,15,849,524,467,2022-06-13,Data Clerk
KAD015,GENERAL HOSPITAL CHIKUN II,Kaduna,Chikun,2024-11-30,250,1,0,1521,3,58,1,0,1215,21,1212,1134,933,2024-12-29,Data Clerk
BEN006,Primary Health Centre Vandeikya,Benue,Vandeikya,31/10/2022,203,7,5,321,6,42,0,0,298,4,275,182,169,2022-11-29,Data Clerk
AKS014,Primary Health Centre Ikono II,AKWA IBOM,Ikono,30/04/2023,300,7,6,599,10,71,1,0,346,7,509,466,396,2023-05-15,Facility Focal Person
CRS010,Comprehensive Health Centre Akamkpa II,Cross River,Akamkpa,30/04/2023,90,2,1,390,6,9,0,0,222,2,266,218,193,2023-05-18,Data Clerk
BEN004,General Hospital Okpokwu,Benue,Okpokwu,2024-08-31,1160,8,7,416,6,179,1,0,269,5,334,193,162,2024-09-11,Facility Focal Person
AKS008,Primary Health Centre Uyo II,Akwa Ibom,Uyo,2024-02-29,94,4,3,87,0,20,1,0,79,2,75,47,42,2024-03-11,M&E Officer
riv013,Mission Hospital Port Harcourt II,Rivers,Port Harcourt,2023-05-31,705,21,20,2175,7,150,3,2,1860,36,1527,1083,950,2023-06-11,Facility Focal Person
LAG014,  Cottage Hospital Lagos Island II ,Lagos,Lagos Island,2022-01-31,765,10,7,2102,36,121,1,0,1362,26,1628,1100,927,2022-02-13,M&E Officer
BEN005,Model Primary Health Centre Katsina-Ala,Benue,Katsina-Ala,29/02/2024,515,14,11,543,2,109,1,0,337,7,413,371,351,2024-03-11,Facility Focal Person
FCT007,Specialist Hospital Bwari II,FCT,Bwari,2022-11-30,1922,28,22,"4,321",70,523,7,6,3213,62,3164,1831,1549,2022-12-16,Facility Focal Person
riv001,Model Primary Health Centre Port Harcourt,Rivers,Port Harcourt,2024-08-31,131,-,1,809,11,26,0,0,470,15,649,442,405,2024-09-16,Data Clerk
ben010,Model Primary Health Centre Okpokwu II,Benue,Okpokwu,2024-12-31,346,10,9,699,11,53,0,0,567,10,492,461,407,2025-01-29,Facility Focal Person
RIV013,Mission Hospital Port Harcourt II,Rivers,Port Harcourt,31/10/2023,525,17,12,2137,6,75,0,0,1741,38,1921,1423,1167,2023-11-11,Data Clerk
LAG099,Cottage Hospital Akwanga,Nasarawa,Akwanga,2022-02-28,238,5,3,420,7,31,1,0,267,6,389,300,250,2022-03-11,Facility Focal Person
NAS010,Teaching Hospital Nasarawa II,Nasarawa,Nasarawa,Nov-2024,1907,118,93,5824,71,483,19,18,5101,83,4135,3707,3577,2024-12-13,Facility Focal Person
RIV002,Teaching Hospital Obio/Akpor,Rivers,Obio/Akpor,2022-10-31,1331,34,28,4811,53,210,1,0,4228,76,3350,2947,2837,2022-11-16,Facility Focal Person
NAS013,General Hospital Keffi II,Nasarawa,Keffi,Jan-2022,360,13,11,1614,19,57,1,0,1398,26,1303,861,767,2022-02-16,Facility Focal Person
FCT010,Model Primary Health Centre Abaji II,FCT,Abaji,2024-11-30,544,15,14,526,2,105,2,1,301,5,363,199,168,2024-12-15,Facility Focal Person
BEN008,TEACHING HOSPITAL GBOKO II,Benue,Gboko,2023-10-31,2080,49,43,6320,24,365,6,5,4020,76,5513,3675,3338,2023-11-13,Data Clerk
XXX999,Mission Hospital Port Harcourt II,Rivers,Port Harcourt,2024-12-31,702,35,26,2090,36,168,1,0,1353,20,1575,1229,1095,2025-01-13,Data Clerk
RIV004,Model Primary Health Centre Ahoada East,Rivers,Ahoada East,2024-03-31,426,9,7,841,2,65,0,0,743,16,668,455,441,2024-04-16,Facility Focal Person
FCT008,Teaching Hospital Gwagwalada II,FCT,Gwagwalada,2022-05-31,774,49,48,"5,429",62,87,1,0,4572,82,3908,3433,2930,2022-06-16,Facility Focal Person
AKS013,MODEL PRIMARY HEALTH CENTRE ABAK II,Akwa Ibom,Abak,2023-04-30,424,11,9,592,1,82,0,0,428,8,546,408,376,2023-05-11,M&E Officer
KAD001,MODEL PRIMARY HEALTH CENTRE KADUNA NORTH,Kaduna,Kaduna North,2024-03-31,195,11,8,748,7,19,2,1,586,9,-,491,472,2024-04-11,Facility Focal Person
CRS010,Comprehensive Health Centre Akamkpa II,Cross River,Akamkpa,2023-09-30,61,2,1,377,3,18,0,0,258,2,266,190,161,2023-10-15,Data Clerk
lag013,  Specialist Hospital Ikorodu II ,Lagos,Ikorodu,2023-05-31,2329,88,70,6026,99,254,4,3,3903,75,4447,2455,2319,2023-06-16,M&E Officer
NAS013,General Hospital Keffi II,Nasarawa,Keffi,2022-02-28,357,13,10,1594,30,101,1,0,1143,20,1253,932,866,2022-03-13,Data Clerk
KAD008,Model Primary Health Centre Zaria II,Kaduna,Zaria,2024-08-31,392,21,17,1170,8,110,4,3,1031,16,892,676,613,2024-09-16,Facility Focal Person
LAG003,Teaching Hospital Badagry,Lagos,Badagry,2022-03-31,2770,111,85,6066,118,427,7,6,3509,61,5600,4316,3833,2022-04-15,M&E Officer
NAS005,  Mission Hospital Nasarawa ,Nasarawa,Nasarawa,2024-01-31,1215,28,27,627,1,298,5,4,583,9,477,449,418,2024-02-16,M&E Officer
BEN005,Model Primary Health Centre Katsina-Ala,Benue,Katsina-Ala,30/04/2024,665,11,10,555,1,143,1,0,324,6,515,409,367,2024-05-11,Facility Focal Person
LAG011,  Cottage Hospital Agege II ,Lagos,Agege,2022-10-31,420,6,4,1778,22,117,0,0,1671,21,1624,1030,946,2022-11-15,Data Clerk
AKS009,Primary Health Centre Ikot Ekpene II,Akwa Ibom,Ikot Ekpene,2022-07-31,79,2,1,234,4,19,1,0,132,1,205,189,167,2022-08-29,Facility Focal Person
BEN014,Comprehensive Health Centre Gboko II,Benue,Gboko,2022-04-30,541,8,7,897,16,157,0,0,806,12,784,655,625,2022-05-13,M&E Officer
LAG012,  Primary Health Centre Alimosho II ,Lagos,Alimosho,2022-01-31,141,2,1,595,6,30,1,0,512,2,494,273,246,2022-02-13,M&E Officer
RIV002,Teaching Hospital Obio/Akpor,Rivers,Obio/Akpor,2023-01-31,1484,29,26,"4,746",26,259,4,3,4124,79,3970,3068,2661,2023-02-13,Facility Focal Person
FCT007,Specialist Hospital Bwari II,fct,Bwari,31/08/2024,2071,53,49,4261,62,417,9,7,3973,76,3154,2430,2303,2024-09-18,Facility Focal Person
lag015,Model Primary Health Centre Badagry II,Lagos,Badagry,2022-10-31,191,7,6,1125,21,60,0,0,  ,14,1033,838,784,2022-11-21,Data Clerk
CRS012,Model Primary Health Centre Ikom II,Cross-River,Ikom,2024-04-30,4160,8,5,764,2,104,2,1,526,9,587,433,416,2024-05-16,Facility Focal Person
CRS008,Cottage Hospital Ogoja II,Cross River,Ogoja,2023-06-30,643,26,22,2194,34,139,0,0,2004,31,1774,1367,1134,2023-07-18,M&E Officer
AKS012,COTTAGE HOSPITAL ORON II,Akwa Ibom,Oron,2024-06-30,1355,58,41,1200,22,271,6,4,778,15,967,646,540,2024-07-15,M&E Officer
FCT012,Mission Hospital Bwari II,FCT,Bwari,31/07/2024,10800,50,45,2918,57,307,6,5,1780,27,2270,1360,1171,2024-08-16,M&E Officer
RIV015,Specialist Hospital Khana II,Rivers,Khana,2022-11-30,395,27,20,2391,38,53,1,0,1680,25,2054,1734,1495,2022-12-13,Facility Focal Person
NAS006,Primary Health Centre Lafia II,Nasarawa,Lafia,2023-10-31,295,7,5,963,13,68,1,0,738,12,809,451,377,2023-11-18,Data Clerk
RIV001,Model Primary Health Centre Port Harcourt,Rivers,Port Harcourt,2023-05-31,147,0,0,980,14,33,0,0,620,11,855,763,670,2023-06-11,Data Clerk
NAS002,Cottage Hospital Karu,Nasarawa,Karu,2024-01-31,456,5,3,304,4,79,0,0,172,5,229,147,120,2024-02-13,Facility Focal Person
KAD011,Primary Health Centre Kaduna North II,Kaduna,Kaduna North,2023-11-30,172,7,5,578,3,49,1,0,337,5,510,483,454,2023-12-18,M&E Officer
NAS011,Mission Hospital Lafia II,Nasarawa,Lafia,2024-11-30,1023,8,7,2383,9,154,2,1,2002,27,1979,1687,1464,2024-12-11,Facility Focal Person
CRS003,Specialist Hospital Ogoja,Cross River,Ogoja,2022-12-31,1016,34,27,5392,57,323,4,3,4906,106,3811,2752,2383,2023-02-15,Facility Focal Person
NAS011,  Mission Hospital Lafia II ,Nasarawa,Lafia,2024-09-30,1037,12,9,2403,11,151,4,3,1669,32,1952,1209,1160,2024-10-13,Facility Focal Person
KAD015,General Hospital Chikun II,Kaduna,Chikun,Apr-2024,413,7,6,1591,17,60,2,1,1012,15,1201,,894,2024-05-21,Facility Focal Person
BEN004,  General Hospital Okpokwu ,Benue,Okpokwu,2022-06-30,982,5,4,367,5,299,1,0,296,5,250,179,164,2022-07-16,Data Clerk
LAG003,Teaching Hospital Badagry,Lagos,Badagry,May-2024,2820,129,105,6702,76,869,22,21,4254,80,4618,2686,2311,2024-06-11,Facility Focal Person
FCT013,Cottage Hospital Gwagwalada II,FCT,Gwagwalada,2023-05-31,1041,7,5,1323,22,167,0,0,1100,24,911,840,788,2023-06-13,Data Clerk
CRS001,Model Primary Health Centre Calabar Municipal,cross river,Calabar Municipal,2022-03-31,150,8,6,672,7,29,0,0,551,12,596,492,418,2022-04-18,Data Clerk
LAG003,Teaching Hospital Badagry,Lagos,Badagry,2023-05-31,3403,157,150,6501,129,831,26,23,4739,93,5112,3072,2808,2023-06-15,M&E Officer
FCT013,Cottage Hospital Gwagwalada II,F.C.T.,Gwagwalada,2024-07-31,1196,18,12,1262,7,370,2,1,993,19,925,738,649,2024-08-11,M&E Officer
FCT007,Specialist Hospital Bwari II,FCT,Bwari,2024-05-31,2178,38,33,"4,213",19,603,10,8,2931,46,3662,2299,2076,2024-06-11,M&E Officer
LAG015,Model Primary Health Centre Badagry II,Lagos,Badagry,2023-08-31,242,11,9,1080,15,45,1,0,662,9,864,620,695,2023-09-15,Data Clerk
FCT007,Specialist Hospital Bwari II,FCT,Bwari,31/12/2022,2542,73,56,4313,64,394,7,5,4009,67,3913,2765,2527,2023-01-13,M&E Officer
CRS006,Primary Health Centre Calabar Municipal II,Cross River,Calabar Municipal,2022-03-31,571,27,26,1259,4,84,4,3,707,15,1009,1019,605,2022-03-04,Facility Focal Person
BEN006,Primary Health Centre Vandeikya,Benue,Vandeikya,2024-06-30,248,8,6,355,2,30,0,0,205,4,309,237,219,2024-07-15,Data Clerk
CRS012,MODEL PRIMARY HEALTH CENTRE IKOM II,Cross River,Ikom,Aug-2022,431,5,4,823,2,45,1,0,559,12,618,496,477,2022-09-13,Facility Focal Person
KAD009,Model Primary Health Centre Sabon Gari II,Kaduna,Sabon Gari,2023-06-30,495,23,20,821,3,105,2,1,734,14,598,420,NULL,2023-07-15,Data Clerk
NAS002,COTTAGE HOSPITAL KARU,Nasarawa,Karu,30/06/2022,365,3,2,317,2,112,0,0,294,8,243,175,170,2022-07-18,Data Clerk
LAG014,Cottage Hospital Lagos Island II,Lagos,Lagos Island,2022-04-30,632,6,5,2023,41,96,1,0,1849,35,1735,1258,1140,2022-05-29,M&E Officer
LAG008,Cottage Hospital Lagos Island II,Lagos,Lagos Island,Oct-2023,121,4,3,769,12,29,0,0,470,13,613,387,321,2023-11-21,Data Clerk
BEN015,PRIMARY HEALTH CENTRE OTUKPO II,Benue,Otukpo,2022-12-31,147,5,4,841,6,37,0,0,728,11,584,339,279,2023-01-29,Facility Focal Person
BEN008,TEACHING HOSPITAL GBOKO II,Benue,Gboko,2023-07-31,2948,91,74,6314,34,888,15,14,4769,88,5519,3736,3540,2023-08-11,Data Clerk
FCT001,Mission Hospital AMAC,FCT,AMAC,2022-07-31,995,8,7,1342,14,122,1,0,1223,29,972,594,498,2022-08-13,Facility Focal Person
fct007,Specialist Hospital Bwari II,FCT,Bwari,31/01/2024,1524,29,20,4187,76,200,5,4,3273,60,3458,2595,2283,2024-02-21,Data Clerk
NAS999,Cottage Hospital Chikun,Kaduna,Chikun,30/06/2023,665,7,5,327,3,71,3,2,208,4,277,157,129,2023-07-29,Facility Focal Person
FCT004,Model Primary Health Centre Kuje,FCT,Kuje,2022-08-31,360,22,18,1340,15,109,3,2,762,18,985,759,713,2022-09-13,Facility Focal Person
NAS003,COTTAGE HOSPITAL KEFFI,Nasarawa,Keffi,2022-03-31,301,2,1,1903,8,38,1,0,1099,17,1342,972,847,2022-04-21,Facility Focal Person
BEN002,Specialist Hospital Gboko,Benue,Gboko,Oct-2023,2365,38,32,4528,36,547,3,2,3534,61,3417,2364,2183,2023-11-13,Data Clerk
kad010,Cottage Hospital Chikun II,Kaduna,Chikun,2023-10-31,206,10,9,968,12,46,2,1,704,25,747,575,487,2023-11-15,Data Clerk
RIV013,Mission Hospital Port Harcourt II,rivers ,Port Harcourt,2022-01-31,650,14,11,2308,24,184,4,3,2161,27,1712,1434,1339,2022-02-15,Data Clerk
RIV008,Teaching Hospital Obio/Akpor II,Rivers,Obio/Akpor,2022-04-30,1082,47,40,3920,68,241,6,4,3016,46,2973,2521,2092,2022-05-11,Facility Focal Person
LAG003,TEACHING HOSPITAL BADAGRY,Lagos,Badagry,2023-12-31,2817,106,89,6678,26,841,10,8,6147,107,5420,4293,3713,2024-01-18,Data Clerk
NAS005,Mission Hospital Nasarawa,Nasarawa,Nasarawa,2024-05-31,1682,37,30,737,8,288,6,5,528,4,678,475,449,2024-06-15,Facility Focal Person
AKS013,Model Primary Health Centre Abak II,Akwa-Ibom,Abak,2023-10-31,373,15,11,615,4,105,3,2,519,11,NULL,316,278,2023-11-15,Data Clerk
RIV011,  Model Primary Health Centre Degema II ,Rivers,Degema,2023-02-28,354,12,10,874,11,100,0,0,553,5,600,565,516,2023-03-16,Facility Focal Person
KAD014,General Hospital Sabon Gari II,Kaduna,Sabon Gari,2023-12-31,169,5,4,2330,17,52,1,0,1568,31,1666,1291,1207,2024-01-21,M&E Officer
BEN004,General Hospital Okpokwu,Benue,Okpokwu,2022-12-31,848,6,4,376,2,226,0,0,313,7,324,253,244,2023-01-13,Facility Focal Person
BEN006,Primary Health Centre Vandeikya,Benue,Vandeikya,2023-07-31,265,3,2,342,6,53,1,0,272,3,244,157,149,2023-08-15,Data Clerk
FCT007,Specialist Hospital Bwari II,FCT,Bwari,2022-04-30,2493,60,53,4542,81,357,2,1,4186,73,4116,3755,3183,2022-05-18,Facility Focal Person
AKS002,GENERAL HOSPITAL IKOT EKPENE,Akwa Ibom,Ikot Ekpene,2022-02-28,224,3,2,693,8,59,0,0,401,3,472,278,263,2022-03-11,Facility Focal Person
RIV013,Mission Hospital Port Harcourt II,Rivers,Port Harcourt,31/03/2022,621,15,12,2290,30,90,3,2,1657,28,1874,1652,1468,2022-04-11,Data Clerk
RIV013,Mission Hospital Port Harcourt II,RIVERS,Port Harcourt,2022-12-31,450,15,11,2183,44,92,0,0,1972,39,1595,1208,1139,2023-01-21,Facility Focal Person
KAD014,General Hospital Sabon Gari II,Kaduna,Sabon Gari,2023-04-30,236,  ,3,2509,43,38,0,0,2269,41,1861,1708,1427,2023-05-11,Data Clerk
BEN010,MODEL PRIMARY HEALTH CENTRE OKPOKWU II,Benue,Okpokwu,2023-07-31,398,4,3,747,4,89,1,0,477,9,624,361,316,2023-08-11,Facility Focal Person
BEN014,Comprehensive Health Centre Gboko II,Benue,Gboko,31/05/2023,469,3,2,812,13,125,2,1,688,6,693,642,564,2023-06-16,Data Clerk
AKS002,General Hospital Ikot Ekpene,Akwa Ibom,Ikot Ekpene,2022-04-30,234,0,0,678,9,66,0,0,541,11,554,483,428,2022-05-13,Data Clerk
BEN012,COTTAGE HOSPITAL VANDEIKYA II,Benue,Vandeikya,31/03/2023,561,3,2,455,5,75,1,0,409,6,413,,316,2023-04-21,Data Clerk
KAD010,COTTAGE HOSPITAL CHIKUN II,Kaduna,Chikun,2023-02-28,217,15,14,956,18,59,2,1,529,11,726,654,577,2023-03-11,Facility Focal Person
AKS005,  Comprehensive Health Centre Oron ,Akwa Ibom,Oron,Feb-2024,127,1,0,1033,12,14,0,0,781,7,799,607,512,2024-03-29,M&E Officer
BEN008,Teaching Hospital Gboko II,Benue,Gboko,30/04/2024,2929,103,84,6283,78,401,3,2,3960,73,5336,4995,4290,2024-05-13,Data Clerk
KAD005,COTTAGE HOSPITAL CHIKUN,Kaduna,Chikun,2022-09-30,433,8,6,296,2,85,1,0,219,3,254,195,160,2022-10-11,M&E Officer
NAS012,Mission Hospital Karu II,Nasarawa,Karu,2024-04-30,1017,26,22,1346,23,251,5,3,1042,18,1217,1088,965,2024-05-11,Facility Focal Person
RIV006,Cottage Hospital Eleme,Rivers,Eleme,2022-01-31,893,49,38,2262,37,191,6,5,2004,45,1948,1812,1508,2022-02-11,Facility Focal Person
FCT015,COMPREHENSIVE HEALTH CENTRE ABAJI II,FCT,Abaji,2023-11-30,77,3,2,761,11,20,0,0,491,3,548,373,334,2023-12-21,Data Clerk
KAD013,Specialist Hospital Zaria II,Kaduna,Zaria,2023-02-28,2076,64,46,2181,4,334,11,9,1310,21,1977,1665,1374,2023-03-13,Data Clerk
LAG001,Primary Health Centre Ikorodu,Lagos,Ikorodu,2024-01-31,395,7,4,345,1,87,1,0,246,4,306,204,177,2024-02-13,Facility Focal Person
BEN006,Primary Health Centre Vandeikya,Benue,Vandeikya,30/11/2024,197,1,0,373,1,20,0,0,256,5,280,198,183,2024-12-15,M&E Officer
BEN009,Primary Health Centre Otukpo II,Benue,Otukpo,2023-05-31,294,8,7,465,3,65,0,0,392,8,344,253,211,2023-06-11,M&E Officer
LAG009,Mission Hospital Badagry II,Lagos,Badagry,2024-06-30,559,16,13,"2,317",13,139,2,1,1918,35,1640,1030,989,2024-07-11,M&E Officer
RIV002,Teaching Hospital Obio/Akpor,Rivers,Obio/Akpor,2022-04-30,1442,39,37,4908,36,166,2,1,3414,63,4325,2905,2439,2022-05-16,Data Clerk
CRS004,  Comprehensive Health Centre Obudu ,Cross River,Obudu,2023-10-31,172,7,6,460,5,53,3,2,395,7,426,336,285,2023-11-16,M&E Officer
LAG012,Primary Health Centre Alimosho II,Lagos,Alimosho,2023-07-31,235,7,5,643,6,53,5,4,376,8,491,459,406,2023-08-21,Facility Focal Person
RIV010,Teaching Hospital Ahoada East II,Rivers,Ahoada East,2024-05-31,930,33,30,2948,24,93,2,1,1864,30,2157,1561,1421,2024-06-15,Data Clerk
RIV007,Primary Health Centre Port Harcourt II,Rivers,Port Harcourt,31/01/2024,281,,1,631,12,40,0,0,580,8,431,291,NULL,2024-02-21,M&E Officer
AKS005,COMPREHENSIVE HEALTH CENTRE ORON,Akwa Ibom,Oron,2023-04-30,148,1,0,1143,4,25,0,0,1014,25,841,765,644,2023-05-15,Facility Focal Person
AKS001,Comprehensive Health Centre Uyo,Akwa Ibom,Uyo,2022-03-31,506,2,1,309,4,67,1,0,219,0,231,187,176,2022-04-16,Data Clerk
CRS001,Model Primary Health Centre Calabar Municipal,Cross River,Calabar Municipal,30/06/2024,233,12,9,694,9,65,3,2,549,2,536,349,320,2024-07-11,Facility Focal Person
NAS005,Mission Hospital Nasarawa,Nasarawa,Nasarawa,2023-06-30,1346,38,26,482,8,277,2,1,300,6,446,417,382,2023-07-11,Facility Focal Person
RIV009,Mission Hospital Khana II,Rivers,Khana,31/10/2023,274,2,1,789,8,57,0,0,606,10,723,478,428,2023-11-21,Data Clerk
NAS007,  General Hospital Karu II ,Nasarawa,Karu,2024-01-31,693,0,0,2134,30,151,1,0,1645,29,1624,1528,1292,2024-02-16,Data Clerk
FCT009,Model Primary Health Centre Kuje II,F.C.T.,Kuje,2023-11-30,153,5,3,476,1,46,2,1,322,8,369,332,321,2023-12-16,Facility Focal Person
KAD005,Cottage Hospital Chikun,Kaduna,Chikun,2023-12-31,377,7,6,363,3,103,0,0,300,4,285,169,141,2024-01-15,Data Clerk
BEN015,Primary Health Centre Otukpo II,Benue,Otukpo,2023-05-31,204,5,4,799,-7,57,1,0,689,15,577,416,351,2023-06-15,Data Clerk
LAG005,Mission Hospital Agege,Lagos,Agege,May-2023,1239,36,28,1622,17,134,3,2,1118,23,1277,1111,1054,2023-06-21,Data Clerk
LAG009,Mission Hospital Badagry II,Lagos,Badagry,2022-10-31,374,16,15,2669,20,100,3,2,1619,22,2261,1263,1138,2022-11-16,Data Clerk
RIV014,Cottage Hospital Obio/Akpor II,Rivers,Obio/Akpor,Dec-2024,942,5,4,654,12,267,2,1,468 ,12,481,267,261,2025-01-13,Data Clerk
BEN014,Comprehensive Health Centre Gboko II,Benue,Gboko,2022-01-31,413,5,4,908,13,92,1,0,785,9,651,546,522,2022-02-16,M&E Officer
KAD002,Teaching Hospital Kaduna South,Kaduna,Kaduna South,2022-05-31,1564,21,20,4417,88,418,3,2,3074,54,3745,2350,2185,2022-06-15,M&E Officer
crs012,Model Primary Health Centre Ikom II,Cross River,Ikom,2022-05-31,410,5,4,821,13,121,1,0,706,12,665,559,515,2022-06-13,Facility Focal Person
AKS002,General Hospital Ikot Ekpene,Akwa Ibom,Ikot Ekpene,2023-06-30,264,4,3,615,10,77,0,0,462,12,528,377,320,2023-07-21,M&E Officer
LAG006,  Specialist Hospital Alimosho ,Lagos,Alimosho,Jan-2022,506,7,6,5736,68,63,0,0,5313,100,4844,4560,4392,2022-02-13,Data Clerk
LAG009,Mission Hospital Badagry II,Lagos,Badagry,2022-08-31,516,9,6,2690,53,81,0,0,1495,22,1841,1661,1479,2022-09-11,Data Clerk
CRS005,Teaching Hospital Akamkpa,Cross River,Akamkpa,2022-02-28,938,29,21,4684,77,170,4,3,3270,57,3489,2919,2610,2022-03-13,Facility Focal Person
FCT012,Mission Hospital Bwari II,fct,Bwari,2022-02-28,619,33,23,2654,13,145,10,7,2320,43,2397,1926,1671,2022-04-15,Facility Focal Person
KAD003,Mission Hospital Zaria,Kaduna,Zaria,2024-09-30,1596,87,83,3040,31,347,8,7,2855,52,2248,1304,1213,2024-10-11,Facility Focal Person
KAD014,  GENERAL HOSPITAL SABON GARI II ,Kaduna,Sabon Gari,30/04/2024,237,249,4,2248,20,53,0,0,1318,23,1813,1558,1296,2024-05-18,M&E Officer
CRS001,Model Primary Health Centre Calabar Municipal,Cross River,Calabar Municipal,2022-01-31,139,8,7,661,8,20,0,0,590,14,561,436,384,2022-02-18,Data Clerk
XXX999,Teaching Hospital Obio/Akpor II,Rivers,Obio/Akpor,30/09/2024,1716,66,60,4221,63,217,3,2,3534,71,3429,2784,2598,2024-10-21,Facility Focal Person
NAS012,MISSION HOSPITAL KARU II,Nasarawa,Karu,2023-05-31,944,23,21,1323,15,178,0,0,1063,18,1080,934,823,2023-06-16,Facility Focal Person
BEN009,Primary Health Centre Otukpo II,Benue,Otukpo,2024-02-29,251,4,2,446,6,70,2,1,302,3,355,299,249,2024-03-11,M&E Officer
NAS007,  General Hospital Karu II ,Nasarawa,Karu,2023-09-30,726,5,4,2245,6,174,0,0,1384,26,1628,1009,885,2023-10-18,M&E Officer
KAD008,Model Primary Health Centre Zaria II,Kaduna,Zaria,2024-03-31,393,14,12,1159,21,91,1,0,859,10,842,761,650,2024-04-21,Facility Focal Person
BEN015,Primary Health Centre Otukpo II,Benue,Otukpo,2024-04-30,195,6,4,746,1,61,2,1,486,11,518,442,392,2024-05-18,Facility Focal Person
BEN015,  Primary Health Centre Otukpo II ,Benue,Otukpo,31/03/2023,180,4,3,807,12,28,0,0,629,13,732,543,445,2023-05-16,Facility Focal Person
RIV007,PRIMARY HEALTH CENTRE PORT HARCOURT II,Rivers,Port Harcourt,2023-04-30,534,3,NULL,658,8,131,3,2,388,8,545,310,296,2023-05-16,Data Clerk
FCT013,Cottage Hospital Gwagwalada II,FCT,Gwagwalada,2023-12-31,603,8,7,1283,15,-,1,0,1072,21,1043,845,740,2024-01-29,Data Clerk
FCT004,MODEL PRIMARY HEALTH CENTRE KUJE,FCT,Kuje,31/10/2022,303,14,12,1323,26,62,1,0,889,15,920,600,558,2022-11-29,M&E Officer
LAG008,COTTAGE HOSPITAL LAGOS ISLAND II,Lagos,Lagos Island,2022-01-31,74,7,5,895,10,23,0,0,605,12,688,445,365,2022-02-15,Facility Focal Person
BEN001,Mission Hospital Makurdi,Benue,Makurdi,2022-06-30,874,9,7,2084,15,104,0,0,,22,1825,1257,1170,2022-07-15,M&E Officer
CRS001,Model Primary Health Centre Calabar Municipal,Cross River,Calabar Municipal,2023-01-31,202,12,10,665,9,N/A,1,0,379,5,485,397,354,2023-02-11,Data Clerk
BEN007,Specialist Hospital Makurdi II,Benue,Makurdi,2024-10-31,314,4,3,1758,14,69,1,0,1500,34,1550,1469,1341,2024-11-11,M&E Officer
BEN011,Model Primary Health Centre Katsina-Ala II,Benue,Katsina-Ala,2024-04-30,261,6,4,383,1,55,1,0,331,6,302,179,159,2024-05-11,Facility Focal Person
RIV008,Teaching Hospital Obio/Akpor II,Rivers,Obio/Akpor,2023-03-31,1233,59,,4058,13,219,8,7,2691,57,3370,2435,2020,2023-04-18,Facility Focal Person
KAD007,Model Primary Health Centre Kaduna South II,Kaduna,Kaduna South,2022-10-31,171,6,4,1112,2,27,0,0,917,18,1024,623,515,2022-11-16,Facility Focal Person
KAD008,Model Primary Health Centre Zaria II,Kaduna,Zaria,2022-02-28,229,4,3,1251,16,71,2,1,723,12,1102,704,590,2022-03-18,M&E Officer
LAG014,Cottage Hospital Lagos Island II,Lagos,Lagos Island,2024-01-31,422,1,0,1703,22,47,2,1,1609,39,1363,768,665,2024-02-18,M&E Officer
CRS005,Teaching Hospital Akamkpa,Cross River,Akamkpa,2022-07-31,848,28,25,4577,34,188,257,5,4269,80,3296,2202,2076,2022-08-16,Facility Focal Person
KAD014,General Hospital Sabon Gari II,Kaduna,Sabon Gari,2024-10-31,289,5,4,2126,23,24,2,1,1517,32,1494,1146,1077,2024-11-20,M&E Officer
FCT003,Specialist Hospital Gwagwalada,FCT,Gwagwalada,2022-07-31,599,16,11,6399,46,113,2,1,3911 ,58,5807,4662,3829,2022-08-15,Data Clerk
RIV012,  Primary Health Centre Eleme II ,Rivers,Eleme,2024-04-30,706,15,13,1016,8,74,3,2,568,10,756,696,769,2024-05-18,Data Clerk
AKS012,Cottage Hospital Oron II,Akwa Ibom,Oron,2022-03-31,671,26,21,395,2,168,2,1,241,6,273,201,194,2022-04-11,M&E Officer
FCT014,General Hospital Kuje II,Federal Capital Territory,Kuje,2022-09-30,9830,30,28,2478,49,191,2,1,1872,27,1952,1225,1139,2022-10-11,M&E Officer
NAS015,Specialist Hospital Nasarawa II,Nasarawa,Nasarawa,2022-11-30,620,31,30,3157,24,84,1,0,1851,28,2645,1866,1597,2022-12-29,M&E Officer
RIV005,Mission Hospital Degema,Rivers,Degema,2023-09-30,163,4,3,1363,17,18,0,0,817 ,14,1222,1060,885,2023-10-16,Facility Focal Person
AKS012,Cottage Hospital Oron II,Akwa Ibom,Oron,2024-12-31,1157,  ,31,1397,13,347,4,3,992,22,1217,728,693,2025-01-16,Data Clerk
NAS999,Primary Health Centre Ikot Ekpene II,Akwa Ibom,Ikot Ekpene,31/05/2022,77,2,1,237,4,21,2,1,192,0,165,134,116,2022-06-11,M&E Officer
LAG004,Comprehensive Health Centre Surulere,Lagos,Surulere,29/02/2024,493,8,5,621,5,71,0,0,444,9,550,365,309,2024-03-18,Data Clerk
AKS005,Comprehensive Health Centre Oron,Akwa Ibom,Oron,2022-02-28,93,1,0,1320,12,27,0,0,1230,20,939,866,731,2022-03-18,Facility Focal Person
CRS001,Model Primary Health Centre Calabar Municipal,Cross River,Calabar Municipal,2023-12-31,187,11,9,684,9,34,0,0,402,6,526,435,374,2024-01-15,Data Clerk
LAG012,Primary Health Centre Alimosho II,Lagos,Alimosho,31/10/2023,287,10,9,646,6,52,1,0,488,8,556,312,258,2023-11-16,Data Clerk
NAS006,PRIMARY HEALTH CENTRE LAFIA II,Nasarawa,Lafia,2023-01-31,217,9,7,969,17,53,0,0,567,11,694,391,362,2023-02-11,Data Clerk
BEN003,General Hospital Otukpo,Benue,Otukpo,2023-02-28,556,17,14,2483,27,149,3,2,1559,31,2065,1706,1570,2023-03-11,M&E Officer
LAG013,Specialist Hospital Ikorodu II,Lagos,Ikorodu,2022-03-31,1749,72,54,5896,39,390,11,9,5173,97,5127,4757,4091,2022-04-15,Data Clerk
FCT014,General Hospital Kuje II,FCT,Kuje,2022-01-31,583,28,27,2537,14,132,8,6,2342,42,1735,1511,1262,2022-02-16,Facility Focal Person
CRS012,Model Primary Health Centre Ikom II,cross river,Ikom,2023-04-30,433,12,11,800,2,95,0,0,464,7,575,442,418,2023-05-16,Facility Focal Person
AKS010,GENERAL HOSPITAL EKET II,Akwa Ibom,Eket,Apr-2023,-,14,13,1699,21,188,2,1,1249,24,1429,1331,1292,2023-05-13,Data Clerk
CRS009,Comprehensive Health Centre Obudu II,Cross River,Obudu,2023-03-31,561,22,16,822,11,179,2,1,478,4,618,369,326,2023-04-16,Data Clerk
AKS008,Primary Health Centre Uyo II,Akwa Ibom,Uyo,2023-02-28,86,3,2,86,1,13,0,0,65,1,74,54,46,2023-03-21,Facility Focal Person
FCT008,Teaching Hospital Gwagwalada II,FCT,Gwagwalada,May-2023,639,23,19,5044,69,85,2,1,3365,57,4559,3103,2717,2023-06-15,Facility Focal Person
CRS014,Comprehensive Health Centre Obudu II,Cross River,Obudu,2022-07-31,376,419,2,103,0,88,0,0,62,0,85,71,64,2022-08-11,Data Clerk
LAG005,Mission Hospital Agege,Lagos,Agege,2022-12-31,902,29,26,1593,30,139,1,0,1396,23,1458,961,892,2023-01-15,Data Clerk
AKS008,PRIMARY HEALTH CENTRE UYO II,Akwa Ibom,Uyo,Aug-2023,85,0,0,86,1,19,0,0,57,1,64,42,35,2023-09-13,Data Clerk
RIV005,Mission Hospital Degema,Rivers,Degema,2023-01-31,164,5,4,1450,20,32,0,0,1085,18,1100,955,882,2023-02-13,M&E Officer
RIV006,COTTAGE HOSPITAL ELEME,Rivers,Eleme,2024-04-30,1513,71,51,2746,14,389,10,8,1820,45,2333,1855,1654,2024-05-16,Data Clerk
AKS007,Teaching Hospital Ikono,Akwa Ibom,Ikono,2024-05-31,nil,16,11,5369,18,177,0,0,5097,81,4838,4525,3934,2024-06-15,M&E Officer
AKS009,Primary Health Centre Ikot Ekpene II,Akwa-Ibom,Ikot Ekpene,2024-06-30,97,2,1,231,1,15,0,0,181,1,198,163,158,2024-07-16,Facility Focal Person
AKS014,Primary Health Centre Ikono II,akwa ibom,Ikono,2022-09-30,175,4,3,598,11,22,0,0,369,8,508,361,353,2022-10-16,Data Clerk
LAG012,Primary Health Centre Alimosho II,Lagos,Alimosho,2023-09-30,189,7,6,643,1,51,0,0,539,9,531,317,308,2023-10-15,Data Clerk
NAS008,  Comprehensive Health Centre Keffi II ,Nasarawa,Keffi,31/10/2024,67,1,0,724,8,10,0,0,482,10,667,417,355,2024-11-21,Facility Focal Person
KAD009,Model Primary Health Centre Sabon Gari II,Kaduna,Sabon Gari,31/01/2022,363,12,10,635,7,58,1,0,532,5,531,447,399,2022-02-21,Data Clerk
RIV008,TEACHING HOSPITAL OBIO/AKPOR II,Rivers,Obio/Akpor,Oct-2023,1405,59,-,4095,41,300,4,3,3349,61,3792,2621,2289,2023-11-11,Data Clerk
LAG009,MISSION HOSPITAL BADAGRY II,Lagos,Badagry,2022-11-30,365,5,4,2655,18,112,2,1,2297,46,1913,1132,1068,2022-12-13,Data Clerk
NAS008,Comprehensive Health Centre Keffi II,Nasarawa,Keffi,2022-06-30,80,1,-11,958,10,11,0,0,668,7,786,461,392,2022-07-11,M&E Officer
BEN007,Specialist Hospital Makurdi II,Benue,Makurdi,2022-06-30,333,10,8,2298,36,43,1,0,2131,31,1610,1459,1364,2022-07-15,M&E Officer
LAG006,Specialist Hospital Alimosho,Lagos,Alimosho,Sep-2022,888,17,16,5368,28,243,4,3,3741,62,4796,3709,3068,2022-10-21,Facility Focal Person
CRS006,Primary Health Centre Calabar Municipal II,Cross River,Calabar Municipal,2023-09-30,468,16,12,1341,20,78,2,1,793,14,924,649,624,2023-10-13,M&E Officer
AKS007,Teaching Hospital Ikono,Akwa Ibom,Ikono,2024-11-30,1092,13,12,5028,31,133,0,0,4708,85,3538,2993,2630,2024-12-15,Facility Focal Person
FCT009,Model Primary Health Centre Kuje II,FCT,Kuje,2023-06-30,211,11,9,460,6,33,2,1,284,5,346,,244,2023-07-29,M&E Officer
RIV001,MODEL PRIMARY HEALTH CENTRE PORT HARCOURT,Rivers,Port Harcourt,2022-06-30,141,1,0,1110,18,34,0,0,616,8,916,746,715,2022-07-16,Facility Focal Person
RIV006,COTTAGE HOSPITAL ELEME,Rivers,Eleme,31/07/2023,1270,64,60,2555,31,327,11,10,1872,28,1757,1135,1018,2023-08-15,Facility Focal Person
AKS009,Primary Health Centre Ikot Ekpene II,AKWA IBOM,Ikot Ekpene,2023-11-30,62,82,1,222,4,17,1,0,137,6,168,93,88,2023-12-21,Data Clerk
BEN002,Specialist Hospital Gboko,Benue,Gboko,2023-04-30,2901,41,39,4533,60,302,1,0,4082,82,3675,2687,2539,2023-05-16,Facility Focal Person
BEN011,Model Primary Health Centre Katsina-Ala II,Benue,Katsina-Ala,28/02/2023,230,5,3,330,4,44,1,0,266,5,287,247,236,2023-03-13,Data Clerk
LAG003,  Teaching Hospital Badagry ,Lagos,Badagry,31/03/2024,3384,3407,123,6685,106,477,9,7,5705,92,5388,4374,4226,2024-04-21,Facility Focal Person
AKS001,Comprehensive Health Centre Uyo,Akwa Ibom,Uyo,2023-04-30,727,5,4,307,1,226,2,1,214,2,254,171,161,2023-05-11,Facility Focal Person
KAD003,Mission Hospital Zaria,Kaduna,Zaria,28/02/2022,927,45,38,2619,14,115,6,5,1484,32,2347,1692,1461,2022-03-16,M&E Officer
RIV011,Model Primary Health Centre Degema II,Rivers,Degema,2023-09-30,283,7,6,883,4,78,1,0,NULL,14,716,395,331,2023-10-11,Data Clerk
CRS003,Specialist Hospital Ogoja,Cross River,Ogoja,2024-12-31,1324,47,35,5016,51,323,2,1,4166,79,4508,3368,3205,2025-01-21,Data Clerk
FCT011,Cottage Hospital AMAC II,FCT,AMAC,2024-05-31,408,20,18,2033,35,80,3,2,1776,24,1468,1099,930,2024-06-13,Data Clerk
NAS002,Cottage Hospital Karu,Nasarawa,Karu,31/12/2023,472,3,2,305,2,110,1,0,168,5,272,238,229,2024-01-18,Facility Focal Person
AKS011,Comprehensive Health Centre Etinan II,akwa ibom,Etinan,2022-04-30,108,4,3,283,3,26,0,0,225,5,235,220,186,2022-05-16,Data Clerk
AKS006,Primary Health Centre Abak,Akwa Ibom,Abak,2022-03-31,585,21,17,223,1,129,4,3,155,3,181,136,123,2022-04-11,M&E Officer
BEN004,GENERAL HOSPITAL OKPOKWU,Benue,Okpokwu,2022-07-31,1158,7,5,369,3,123,1,0,217,2,311,176,162,2022-08-21,Data Clerk
KAD005,Cottage Hospital Chikun,Kaduna,Chikun,31/01/2023,439,8,5,305,1,51,1,0,249,1,281,223,194,2023-02-18,Facility Focal Person
KAD007,Model Primary Health Centre Kaduna South II,Kaduna,Kaduna South,2024-09-30,192,10,9,1123,4,29,0,0,1031,21,885,790,674,2024-10-13,Data Clerk
BEN002,Specialist Hospital Gboko,Benue,Gboko,Jun-2022,2782,38,28,4953,21,623,2,1,3389,50,4552,3489,3128,2022-07-13,Facility Focal Person
FCT003,Specialist Hospital Gwagwalada,FCT,Gwagwalada,2022-08-31,599,16,11,6369,41,176,2,1,4861,89,5611,3415,3345,2022-09-11,Facility Focal Person
FCT015,  Comprehensive Health Centre Abaji II ,FCT,Abaji,2022-08-31,120,2,1,857,3,32,1,0,552,8,726,590,551,2022-09-13,M&E Officer
XXX999,General Hospital Otukpo,Benue,Otukpo,2024-07-31,677,32,29,2334,36,213,5,4,1472,25,1769,1517,1398,2024-08-11,Facility Focal Person
CRS008,Cottage Hospital Ogoja II,Cross River,Ogoja,31/03/2022,488,15,14,2381,40,48,1,0,1941,35,2014,1884,1654,2022-04-13,M&E Officer
RIV003,Comprehensive Health Centre Khana,Rivers,Khana,2022-03-31,183,10,9,1066,4,40,3,2,811,11,815,490,439,2022-04-13,M&E Officer
BEN011,Model Primary Health Centre Katsina-Ala II,Benue,Katsina-Ala,2024-07-31,321,10,7,390,6,38,1,0,293,6,306,206,184,2024-09-15,M&E Officer
AKS012,COTTAGE HOSPITAL ORON II,akwa ibom,Oron,2022-06-30,1165,39,36,478,3,219,8,7,271,9,431,325,305,2022-07-15,Facility Focal Person
TMP001,Model Primary Health Centre Degema II,Rivers,Degema,2024-11-30,258,9,8,960,19,72,3,2,545,17,719,514,469,2024-12-13,M&E Officer
FCT008,  Teaching Hospital Gwagwalada II ,Federal Capital Territory,Gwagwalada,2022-12-31,592,623,21,5171,85,136,7,6,3514,61,4059,3038,2791,2023-01-29,M&E Officer
NAS002,Cottage Hospital Karu,Nasarawa,Karu,Dec-2024,430,4,3,285,2,70,0,0,206,8,251,204,190,2025-01-29,Data Clerk
fct014,General Hospital Kuje II,FCT,Kuje,2023-06-30,1204,54,39,2523,28,182,5,4,1919,26,2012,1886,1568,2023-07-11,Data Clerk
KAD013,SPECIALIST HOSPITAL ZARIA II,Kaduna,Zaria,Aug-2022,2330,123,91,1847,32,NULL,11,8,1386 ,28,1305,731,683,2022-09-16,Data Clerk
RIV006,Cottage Hospital Eleme,Rivers,Eleme,2022-07-31,1162,64,52,2407,26,234,4,3,2137,34,1786,1283,1144,2022-08-11,Facility Focal Person
RIV008,  Teaching Hospital Obio/Akpor II ,Rivers,Obio/Akpor,30/11/2024,1262,52,38,4227,32,220,3,2,3947,76,3399,2602,2162,2024-12-18,Data Clerk
BEN013,Model Primary Health Centre Makurdi II,Benue,Makurdi,2023-02-28,536,34,28,493,0,95,5,4,367,2,422,376,336,2023-03-13,M&E Officer
lag003,Teaching Hospital Badagry,Lagos,Badagry,31/12/2024,2724,90,78,6983,111,701,13,11,6143,108,4888,3331,3099,2025-01-11,Data Clerk
AKS004,Comprehensive Health Centre Etinan,Akwa Ibom,Etinan,31/05/2024,280,16,14,960,4,70,2,1,589,10,688,514,461,2024-06-15,Facility Focal Person
RIV003,  Comprehensive Health Centre Khana ,Rivers,Khana,2023-05-31,299,15,14,1033,11,70,1,0,599,11,750,491,439,2023-06-13,Facility Focal Person
AKS010,General Hospital Eket II,Akwa-Ibom,Eket,2022-11-30,605,6,4,1750,27,NULL,3,2,1119 ,15,1252,1105,1021,2022-12-16,Data Clerk
AKS011,Comprehensive Health Centre Etinan II,AKWA IBOM,Etinan,2024-07-31,150,6,5,336,5,15,1,0,295,3,310,203,189,2024-08-21,Data Clerk
CRS012,Model Primary Health Centre Ikom II,Cross River,Ikom,2024-02-29,422,11,8,766,8,66,1,0,663,12,711,588,562,2024-03-11,M&E Officer
LAG006,Specialist Hospital Alimosho,Lagos,Alimosho,2023-10-31,730,12,10,4742,74,174,1,0,3825,75,4329,4024,3936,2023-11-21,Data Clerk
AKS012,Cottage Hospital Oron II,Akwa Ibom,Oron,2022-05-31,983,32,24,445,2,213,2,1,307,5,334,286,248,2022-06-18,M&E Officer
RIV005,Mission Hospital Degema,Rivers,Degema,2024-03-31,N/A,4,3,1318,5,25,0,0,768,11,NULL,660,555,2024-04-13,M&E Officer
RIV014,Cottage Hospital Obio/Akpor II,Rivers,Obio/Akpor,2024-08-31,1081,13,9,662,9,327,5,4,456,11,515,301,251,2024-09-21,Data Clerk
KAD012,Comprehensive Health Centre Kaduna South II,Kaduna,Kaduna South,31/12/2023,418,8,5,628,7,111,0,0,561,15,546,467,425,2024-01-15,Facility Focal Person
AKS002,General Hospital Ikot Ekpene,Akwa Ibom,Ikot Ekpene,2022-11-30,189,3,2,646,10,52,1,0,467,9,583,420,408,2023-01-15,M&E Officer
BEN014,  Comprehensive Health Centre Gboko II ,Benue,Gboko,30/06/2023,500,6,4,806,10,133,1,0,642,12,588,351,324,2023-07-13,Data Clerk
NAS013,General Hospital Keffi II,Nasarawa,Keffi,2024-12-31,573,17,12,1693,6,63,1,0,1525,28,1196,846,760,2025-01-13,M&E Officer
NAS007,General Hospital Karu II,Nasarawa,Karu,Apr-2023,722,4,3,2301,5,217,0,0,1494,31,1952,1152,1034,2023-05-16,M&E Officer
BEN001,Mission Hospital Makurdi,Benue,Makurdi,2024-09-30,857,2,1,1696,25,205,2,1,1308,25,1569,880,737,2024-10-15,Data Clerk
FCT010,Model Primary Health Centre Abaji II,FCT,Abaji,2024-10-31,635,14,10,514,2,187,2,1,350,7,467,319,305,2024-12-16,Facility Focal Person
BEN004,General Hospital Okpokwu,Benue,Okpokwu,31/12/2024,713,5,4,426,5,191,0,0,323,8,364,246,234,2025-01-13,M&E Officer
KAD014,GENERAL HOSPITAL SABON GARI II,Kaduna,Sabon Gari,2022-07-31,nil,9,6,2723,6,61,0,0,1571,29,2300,2082,1900,2022-08-11,Facility Focal Person
XXX999,TEACHING HOSPITAL GWAGWALADA II,FCT,Gwagwalada,2023-02-28,702,nil,27,5183,23,108,4,3,3232,57,4512,4225,4074,2023-03-13,Facility Focal Person
BEN013,  MODEL PRIMARY HEALTH CENTRE MAKURDI II ,Benue,Makurdi,2022-01-31,464,18,17,288,2,51,1,0,181,3,205,116,107,2022-02-16,Data Clerk
LAG004,Comprehensive Health Centre Surulere,Lagos,Surulere,2024-03-31,548,6,4,614,11,103,0,0,405,8,422,285,278,2024-04-13,M&E Officer
KAD014,General Hospital Sabon Gari II,Kaduna,Sabon Gari,2024-10-31,233,5,4,2126,23,24,2,1,1517,32,1494,1146,1077,2024-11-11,M&E Officer
LAG006,Specialist Hospital Alimosho,Lagos,Alimosho,2022-04-30,754,13,10,5553,33,107,3,2,3734,66,4362,3524,3075,2022-05-18,Facility Focal Person
AKS010,General Hospital Eket II,Akwa-Ibom,Eket,2023-03-31,521,6,4,"1,707",17,143,1,0,971,19,1164,803,765,2023-04-11,Data Clerk
AKS006,Primary Health Centre Abak,Akwa Ibom,Abak,31/12/2024,499,12,10,525,5,156,1,0,368,11,366,327,273,2025-01-13,M&E Officer
BEN008,  Teaching Hospital Gboko II ,Benue,Gboko,Feb-2023,1579,48,39,6142,99,265,1,0,3603,66,5567,4460,3918,2023-03-21,Facility Focal Person
TMP001,General Hospital Keffi II,Nasarawa,Keffi,31/01/2023,503,30,29,1643,27,119,5,4,1168,23,1186,1060,984,2023-02-16,Data Clerk
BEN013,Model Primary Health Centre Makurdi II,Benue,Makurdi,2023-01-31,332,11,8,465,6,89,2,1,280,4,408,234,199,2023-02-15,M&E Officer
kad011,Primary Health Centre Kaduna North II,Kaduna,Kaduna North,31/10/2023,246,9,8,576,6,31,2,1,408,7,513,283,243,2023-11-11,Data Clerk
KAD009,Model Primary Health Centre Sabon Gari II,Kaduna,Sabon Gari,Feb-2023,332,18,13,781,2,86,6,5,602,14,687,469,NULL,2023-03-11,Facility Focal Person
NAS999,  Cottage Hospital Chikun ,Kaduna,Chikun,31/01/2024,-24,10,9,367,5,99,0,0,223,2,260,219,199,2024-02-11,M&E Officer
KAD015,  General Hospital Chikun II ,Kaduna,Chikun,Oct-2022,316,6,5,1827,32,87,1,0,1524,22,1518,1286,1184,2022-11-15,Data Clerk
FCT005,Primary Health Centre Abaji,FCT,Abaji,2023-11-30,475,10,8,537,8,72,1,0,413,6,491,561,389,2023-12-21,Facility Focal Person
FCT012,Mission Hospital Bwari II,FCT,Bwari,2023-08-31,1220,53,51,2846,9,390,11,8,1568,21,2096,1666,1541,2023-09-15,M&E Officer
KAD007,Model Primary Health Centre Kaduna South II,Kaduna,Kaduna South,2022-02-28,214,12,9,1137,5,23,1,0,979,13,812,578,524,2022-03-11,Data Clerk
AKS003,Model Primary Health Centre Eket,Akwa Ibom,Eket,2024-06-30,681,23,21,444,3,109,3,2,338,2,345,242,235,2024-07-16,Facility Focal Person
CRS005,Teaching Hospital Akamkpa,Cross River,Akamkpa,2024-03-31,950,26,23,4168,26,202,1,0,2315,50,2923,2753,2415,2024-04-21,Data Clerk
AKS005,Comprehensive Health Centre Oron,AKWA IBOM,Oron,2024-04-30,161,0,0,1009,12,21,0,0,877,15,935,632,519,2024-05-11,Data Clerk
AKS003,  Model Primary Health Centre Eket ,Akwa Ibom,Eket,2024-12-31,413,8,6,494,4,130,0,0,293,3,412,231,215,2025-01-11,Data Clerk
CRS003,Specialist Hospital Ogoja,Cross River,Ogoja,31/10/2024,1844,61,55,5055,56,470,6,4,4450,85,4029,2497,2147,2024-11-11,M&E Officer
LAG003,Teaching Hospital Badagry,Lagos,Badagry,2023-07-31,3074,78,61,6537,99,578,13,10,4853,92,4894,3935,3496,2023-08-22,M&E Officer
NAS001,Model Primary Health Centre Lafia,Nasarawa,Lafia,2022-04-30,179,0,0,498,4,34,0,0,392,10,359,293,247,2022-05-15,Facility Focal Person
CRS013,Mission Hospital Ogoja II,cross river,Ogoja,2024-06-30,293,5,4,746,13,57,1,0,477,7,602,489,459,2024-07-15,Facility Focal Person
NAS006,Primary Health Centre Lafia II,Nasarawa,Lafia,2024-05-31,425,11,8,936,14,75,2,1,679,16,830,691,634,2024-06-16,Data Clerk
CRS001,MODEL PRIMARY HEALTH CENTRE CALABAR MUNICIPAL,Cross River,Calabar Municipal,29/02/2024,176,11,8,691,6,33,1,0,545,11,nil,387,346,2024-03-15,Facility Focal Person
KAD015,General Hospital Chikun II,Kaduna,Chikun,2023-09-30,354,7,5,1664,24,76,0,0,1132,16,1541,1456,1198,2023-10-15,Data Clerk
NAS999,Comprehensive Health Centre Akamkpa II,Cross River,Akamkpa,2022-10-31,57,1,0,413,5,16,0,0,331,4,345,200,190,2022-11-13,M&E Officer
CRS014,Comprehensive Health Centre Obudu II,Cross River,Obudu,2022-01-31,245,3,2,69,1,51,1,0,60,1,60,52,50,2022-02-21,Facility Focal Person
NAS010,Teaching Hospital Nasarawa II,Nasarawa,Nasarawa,2022-02-28,1777,71,55,4480,84,512,19,17,3369,45,3702,2656,2701,2022-03-11,M&E Officer
RIV014,Cottage Hospital Obio/Akpor II,Rivers,Obio/Akpor,2024-09-30,1156,8,5,657,10,237,1,0,558,10,465,323,269,2024-10-13,M&E Officer
CRS003,SPECIALIST HOSPITAL OGOJA,Cross River,Ogoja,2023-05-31,1674,63,56,5293,67,287,10,8,3490,57,4364,2403,2316,2023-06-18,Data Clerk
KAD002,Teaching Hospital Kaduna South,Kaduna,Kaduna South,31/05/2024,2004,24,19,3666,29,213,2,1,2258,47,2581,2261,2053,2024-06-15,M&E Officer
LAG015,Model Primary Health Centre Badagry II,Lagos,Badagry,2022-01-31,192,9,8,1154,4,55,3,2,726,12,788,643,561,2022-02-15,M&E Officer
BEN013,Model Primary Health Centre Makurdi II,Benue,Makurdi,31/05/2023,,30,29,544,1,86,1,0,313,8,488,360,324,2023-06-16,M&E Officer
NAS009,Cottage Hospital Akwanga II,Nasarawa,Akwanga,2022-12-31,952,4,3,473,8,102,1,0,426,3,397,303,274,2023-01-11,M&E Officer
FCT003,SPECIALIST HOSPITAL GWAGWALADA,FCT,Gwagwalada,2023-09-30,657,17,16,5595,29,76,2,1,5058,90,4156,3645,3418,2023-10-16,Data Clerk
AKS014,Primary Health Centre Ikono II,Akwa Ibom,Ikono,28/02/2023,139,7,6,599,5,36,0,0,469,8,512,352,307,2023-03-11,Facility Focal Person
CRS005,Teaching Hospital Akamkpa,Cross River,Akamkpa,2022-03-31,992,36,31,4664,51,253,9,7,2655,54,3697,2703,2440,2022-04-15,Data Clerk
NAS014,Teaching Hospital Akwanga II,Nasarawa,Akwanga,2024-01-31,1806,52,40,4948,30,519,5,4,3309,50,3633,2896,2665,2024-02-15,M&E Officer
LAG005,MISSION HOSPITAL AGEGE,Lagos,Agege,2022-03-31,987,47,44,14920,12,267,3,2,1410,29,1086,930,785,2022-04-18,Facility Focal Person
NAS004,Cottage Hospital Akwanga,Nasarawa,Akwanga,31/01/2022,253,14,11,424,0,-,0,0,331,3,340,265,229,2022-02-18,Facility Focal Person
NAS008,Comprehensive Health Centre Keffi II,Nasarawa,Keffi,2023-06-30,110,4,3,846,13,24,0,0,633,11,639,597,547,2023-07-13,Data Clerk
CRS002,Comprehensive Health Centre Ikom,Cross River,Ikom,2023-10-31,179,16,14,247,1,49,2,1,169,4,215,129,125,2023-11-29,Facility Focal Person
CRS001,Model Primary Health Centre Calabar Municipal,Cross River,Calabar Municipal,2023-03-31,178,8,6,662,7,43,2,1,441,8,529,405,342,2023-04-16,Facility Focal Person
AKS012,Cottage Hospital Oron II,Akwa Ibom,Oron,2022-10-31,1062,60,59,649,5,310,4,3,605,13,476,448,425,2022-11-21,Data Clerk
RIV007,  PRIMARY HEALTH CENTRE PORT HARCOURT II ,Rivers,Port Harcourt,2022-02-28,347,2,1,730,14,88,0,0,644,14,558,395,,2022-01-21,Facility Focal Person
KAD001,Model Primary Health Centre Kaduna North,Kaduna,Kaduna North,2023-04-30,211,14,12,771,6,30,0,0,662,9,666,606,516,2023-05-13,M&E Officer
FCT015,Comprehensive Health Centre Abaji II,FCT,Abaji,Nov-2022,81,2,1,840,2,13,1,0,756,16,612,,299,2022-12-13,Facility Focal Person
kad012,Comprehensive Health Centre Kaduna South II,Kaduna,Kaduna South,2023-07-31,609,10,7,650,12,96,3,2,403,6,550,490,464,2023-08-29,Facility Focal Person
AKS003,Model Primary Health Centre Eket,Akwa Ibom,Eket,Feb-2024,582,12,9,388,4,149,1,0,360,6,346,281,240,2024-03-13,Data Clerk
BEN008,TEACHING HOSPITAL GBOKO II,Benue,Gboko,2022-06-30,2612,55,45,6243,25,752,10,7,4652,84,4460,2604,2173,2022-07-16,Data Clerk
XXX999,  Model Primary Health Centre Lafia ,Nasarawa,Lafia,28/02/2023,174,3,2,460,3,19,1,0,315,9,387,215,182,2023-04-15,M&E Officer
kad003,Mission Hospital Zaria,Kaduna,Zaria,2023-12-31,873,43,33,"2,789",46,218,12,11,2637,55,2100,1982,1693,2024-01-21,M&E Officer
KAD005,COTTAGE HOSPITAL CHIKUN,Kaduna,Chikun,Mar-2023,535,4,3,311,3,168,2,1,172,2,272,177,168,2023-04-16,Data Clerk
AKS006,PRIMARY HEALTH CENTRE ABAK,Akwa Ibom,Abak,2022-07-31,608,11,9,269,1,150,3,2,193,4,229,189,178,2022-08-21,M&E Officer
KAD012,Comprehensive Health Centre Kaduna South II,Kaduna,Kaduna South,2024-09-30,552,13,10,641,8,110,0,0,434,10,541,345,294,2024-10-15,Facility Focal Person
CRS015,MODEL PRIMARY HEALTH CENTRE AKAMKPA II,Cross-River,Akamkpa,2023-07-31,74,2,1,534,9,23,0,0,417,8,471,421,347,2023-08-18,Data Clerk
LAG013,Specialist Hospital Ikorodu II,Lagos,Ikorodu,2022-11-30,2006,82,78,6062,103,407,11,8,5352,85,5300,3203,2800,2022-12-15,Facility Focal Person
NAS009,Cottage Hospital Akwanga II,Nasarawa,Akwanga,2023-11-30,717,4,3,482,4,212,2,1,284,5,331,292,279,2023-12-13,M&E Officer
AKS005,COMPREHENSIVE HEALTH CENTRE ORON,Akwa Ibom,Oron,2022-05-31,139,3,2,1294,15,23,0,0,999,16,1027,910,808,2022-06-13,Data Clerk
XXX999,Comprehensive Health Centre Uyo,Akwa Ibom,Uyo,2024-05-31,672,4,3,321,3,213,1,0,281,5,274,201,N/A,2024-06-15,Data Clerk
CRS015,Model Primary Health Centre Akamkpa II,Cross River,Akamkpa,2023-02-28,62,0,0,551,3,12,0,0,332,3,433,332,324,2023-03-13,M&E Officer
KAD013,Specialist Hospital Zaria II,Kaduna,Zaria,2022-02-28,1544,64,47,1427,12,315,2,1,897,13,1314,1181,1063,2022-03-15,M&E Officer
RIV005,MISSION HOSPITAL DEGEMA,Rivers,Degema,2022-09-30,132,6,4,1483,5,13,0,0,1162 ,17,1095,631,520,2022-10-11,Facility Focal Person
KAD005,Cottage Hospital Chikun,Kaduna,Chikun,2024-03-31,584,5,3,362,5,66,1,0,333,4,288,227,187,2024-04-16,M&E Officer
BEN009,Primary Health Centre Otukpo II,Benue,Otukpo,30/11/2023,272,6,4,447,7,81,3,2,267,4,350,222,212,2023-12-11,Facility Focal Person
LAG007,  Primary Health Centre Ikorodu II ,Lagos,Ikorodu,2023-02-28,362,9,8,472,7,73,1,0,371,9,357,331,287,2023-03-16,M&E Officer
NAS015,Specialist Hospital Nasarawa II,Nasarawa,Nasarawa,2022-03-31,697,38,32,3118,27,111,5,4,2745,53,2882,2029,1715,2022-04-11,Data Clerk
BEN015,Primary Health Centre Otukpo II,Benue,Otukpo,31/08/2023,180,4,3,775,14,37,0,0,549,9,699,577,541,2023-09-16,Data Clerk
CRS010,Comprehensive Health Centre Akamkpa II,Cross-River,Akamkpa,2022-09-30,51,2,1,418,1,16,0,0,259,6,336,284,266,2022-10-18,Data Clerk
RIV005,Mission Hospital Degema,RIVERS,Degema,30/06/2023,205,4,3,1408,14,40,1,0,1034,13,968,654,637,2023-07-21,Facility Focal Person
kad008,MODEL PRIMARY HEALTH CENTRE ZARIA II,Kaduna,Zaria,2023-10-31,273,12,11,1191,3,55,1,0,1019,17,nil,550,496,2023-11-29,Data Clerk
LAG003,Teaching Hospital Badagry,Lagos,Badagry,Sep-2023,3132,99,75,6491,83,630,8,6,4962,94,5567,3929,3553,2023-10-13,M&E Officer
KAD008,Model Primary Health Centre Zaria II,Kaduna,Zaria,2022-06-30,358,15,10,1228,6,64,1,0,877,22,927,633,617,2022-07-13,Facility Focal Person
AKS013,Model Primary Health Centre Abak II,Akwa Ibom,Abak,2023-11-30,350,15,11,623,3,64,0,0,380,6,495,281,246,2023-12-11,Data Clerk
KAD005,  Cottage Hospital Chikun ,Kaduna,Chikun,2024-05-31,780,8,6,370,7,169,0,0,281,7,272,172,152,2024-06-11,Facility Focal Person
LAG012,Primary Health Centre Alimosho II,Lagos,Alimosho,May-2024,236,13,12,661,5,32,1,0,594,14,584,455,394,2024-06-13,Data Clerk
NAS008,Comprehensive Health Centre Keffi II,Nasarawa,Keffi,2023-10-31,57,0,0,814,12,15,1,0,509,14,692,420,360,2023-11-13,Data Clerk
FCT005,Primary Health Centre Abaji,FCT,Abaji,2023-04-30,593,10,8,510,4,67,0,0,325,389,455,320,262,2023-05-21,Data Clerk
riv002,TEACHING HOSPITAL OBIO/AKPOR,Rivers,Obio/Akpor,Oct-2024,1751,38,27,4214,10,555,9,8,2366,42,3169,2915,2842,2024-11-13,M&E Officer
AKS005,Comprehensive Health Centre Oron,AKWA IBOM,Oron,2023-12-31,107,0,0,1060,9,22,1,0,895,9,822,716,689,2024-01-15,M&E Officer
RIV006,Cottage Hospital Eleme,Rivers,Eleme,2022-11-30,1177,50,44,2488,27,203,4,3,1678,22,1704,1314,1120,2022-12-21,Facility Focal Person
CRS006,Primary Health Centre Calabar Municipal II,Cross River,Calabar Municipal,2022-05-31,496,8,6,1269,16,69,1,0,873,18,1115,1047,999,2022-06-11,Data Clerk
lag013,  Specialist Hospital Ikorodu II ,Lagos,Ikorodu,31/03/2024,2459,102,79,6186,96,740,24,20,3797,62,4305,2517,2366,2024-04-29,Data Clerk
KAD013,Specialist Hospital Zaria II,Kaduna,Zaria,2024-02-29,2369,73,-11,2770,34,567,13,10,2495,52,1936,1644,1573,2024-03-11,Data Clerk
LAG001,Primary Health Centre Ikorodu,Lagos,Ikorodu,2022-07-31,345,9,6,216,1,89,1,0,137,5,165,148,138,2022-08-15,Data Clerk
RIV002,Teaching Hospital Obio/Akpor,Rivers,Obio/Akpor,2022-12-31,1494,38,33,4746,16,298,4,3,3079,54,4315,3288,2843,2023-01-16,Facility Focal Person
BEN010,  Model Primary Health Centre Okpokwu II ,Benue,Okpokwu,Feb-2022,337,5,4,864,9,86,0,0,777,17,641,422,381,2022-03-11,Data Clerk
LAG003,Teaching Hospital Badagry,Lagos,Badagry,2023-01-31,2550,86,68,6355,50,277,10,7,3557,52,4538,2787,2558,2023-02-18,M&E Officer
LAG099,Comprehensive Health Centre Akamkpa II,Cross River,Akamkpa,31/07/2022,70,1,0,422,4,15,0,0,278,8,324,281,231,2022-08-18,Facility Focal Person
KAD008,Model Primary Health Centre Zaria II,Kaduna,Zaria,31/10/2024,nil,9,6,1159,12,58,1,0,899,13,835,577,550,2024-11-21,Facility Focal Person
NAS015,Specialist Hospital Nasarawa II,Nasarawa,Nasarawa,2022-09-30,881,50,45,3130,42,234,3,2,2471,39,2624,1677,1688,2022-10-15,M&E Officer
ben009,Primary Health Centre Otukpo II,Benue,Otukpo,2023-04-30,268,5,3,461,2,79,0,0,321,5,377,309,300,2023-05-13,Data Clerk
lag014,Cottage Hospital Lagos Island II,Lagos,Lagos Island,2022-06-30,646,8,6,1992,12,132,1,0,1190,22,1420,1169,1038,2022-07-15,Facility Focal Person
FCT001,  Mission Hospital AMAC ,Federal Capital Territory,AMAC,2023-08-31,932,4,3,1253,20,231,1,0,961,16,1032,932,770,2023-09-11,Facility Focal Person
CRS009,Comprehensive Health Centre Obudu II,Cross River,Obudu,Dec-2024,469,15,11,950,5,117,2,1,651,15,674,385,338,2025-01-15,Data Clerk
NAS012,MISSION HOSPITAL KARU II,Nasarawa,Karu,2022-03-31,779,21,16,1351,22,132,0,0,1182,12,962,555,497,2022-04-15,Facility Focal Person
KAD010,Cottage Hospital Chikun II,Kaduna,Chikun,2024-10-31,252,13,9,968,10,65,2,1,572,10,815,590,535,2024-11-13,M&E Officer
FCT014,General Hospital Kuje II,FCT,Kuje,31/10/2024,1269,67,49,2576,14,390,4,3,2180,48,2276,1984,1855,2024-11-13,M&E Officer
NAS003,Cottage Hospital Keffi,Nasarawa,Keffi,2023-05-31,401,9,8,1659,20,127,2,1,1348,20,1406,1011,849,2023-06-13,Facility Focal Person
AKS013,MODEL PRIMARY HEALTH CENTRE ABAK II,akwa ibom,Abak,2022-10-31,309,14,13,563,4,48,1,0,378,6,442,468,341,2022-11-15,M&E Officer
KAD013,  Specialist Hospital Zaria II ,Kaduna,Zaria,30/11/2024,1783,72,66,3175,52,452,3,2,2880,56,2814,1752,1482,2024-12-16,M&E Officer
LAG013,  Specialist Hospital Ikorodu II ,Lagos,Ikorodu,2022-04-30,1621,73,70,5907,59,301,9,6,4583,90,5140,4764,4569,2022-05-15,Facility Focal Person
FCT011,Cottage Hospital AMAC II,FCT,AMAC,2024-02-29,374,17,13,2066,15,77,3,2,1505,24,1533,1232,1136,2024-03-11,M&E Officer
BEN007,Specialist Hospital Makurdi II,Benue,Makurdi,2022-10-31,301,4,3,2224,39,70,0,0,1764,36,1850,1171,987,2022-11-21,Facility Focal Person
NAS008,Comprehensive Health Centre Keffi II,Nasarawa,Keffi,2023-04-30,90,4,3,867,16,28,1,0,704,14,686,445,428,2023-05-13,Data Clerk
BEN007,SPECIALIST HOSPITAL MAKURDI II,Benue,Makurdi,2023-01-31,295,7,6,2143,31,48,0,0,1523,28,1764,1233,1145,2023-02-15,Facility Focal Person
AKS007,Teaching Hospital Ikono,akwa ibom,Ikono,2023-09-30,879,12,10,"5,825",24,91,0,0,3380,73,5171,3801,3340,2023-10-15,Facility Focal Person
FCT013,Cottage Hospital Gwagwalada II,FCT,Gwagwalada,2022-12-31,917,17,16,1368,19,153,2,1,1233,24,978,554,517,2023-01-16,Facility Focal Person
AKS015,Mission Hospital Uyo II,Akwa Ibom,Uyo,May-2023,832,35,29,2455,47,214,7,6,1440,23,2050,1185,1071,2023-06-29,Data Clerk
FCT012,Mission Hospital Bwari II,FCT,Bwari,2023-10-31,1056,43,38,2842,36,316,5,4,2498,49,2312,1833,1572,2023-11-13,M&E Officer
KAD003,Mission Hospital Zaria,Kaduna,Zaria,2022-01-31,828,50,48,"2,595",42,198,6,5,1588,41,1982,1342,1227,2022-02-11,Data Clerk
RIV006,COTTAGE HOSPITAL ELEME,Rivers,Eleme,2023-04-30,N/A,33,27,2508,50,130,2,1,2104,37,1798,1338,1103,2023-05-15,M&E Officer
NAS011,Mission Hospital Lafia II,Nasarawa,Lafia,2024-02-29,1237,6,5,2442,21,215,5,4,1830,27,1766,1146,1112,2024-03-16,Data Clerk
LAG014,COTTAGE HOSPITAL LAGOS ISLAND II,Lagos,Lagos Island,2023-11-30,636,9,8,1727,23,127,2,1,1180,23,1411,870,731,2023-12-13,Data Clerk
FCT015,Comprehensive Health Centre Abaji II,FCT,Abaji,2023-08-31,91,6,4,769,10,20,2,1,448,6,568,518,  ,2023-09-13,Data Clerk
KAD002,Teaching Hospital Kaduna South,Kaduna,Kaduna South,2024-06-30,2155,19,16,"3,647",35,252,1,0,2929,46,3039,2483,2037,2024-07-13,M&E Officer
RIV002,Teaching Hospital Obio/Akpor,Rivers,Obio/Akpor,2023-05-31,1661,34,27,4644,59,205,1,0,3608,57,3793,2916,2796,2023-06-15,Facility Focal Person
BEN007,Specialist Hospital Makurdi II,Benue,Makurdi,2022-12-31,191,0,0,2168,27,19,1,0,1564,16,1573,1256,1145,2023-01-16,M&E Officer
BEN009,Primary Health Centre Otukpo II,Benue,Otukpo,Dec-2023,256,6,5,450,2,44,0,0,293,5,385,296,269,2024-01-18,M&E Officer
NAS011,Mission Hospital Lafia II,Nasarawa,Lafia,2023-06-30,1291,16,11,"2,593",38,213,2,1,1915,36,1852,1060,870,2023-07-16,Data Clerk
XXX999,  Primary Health Centre Kaduna North II ,Kaduna,Kaduna North,2024-08-31,216,10,8,590,5,69,2,1,477,8,402,364,316,2024-09-11,M&E Officer
CRS009,Comprehensive Health Centre Obudu II,Cross River,Obudu,31/07/2022,449,19,18,742,4,72,4,3,452,2,556,307,289,2022-08-13,Data Clerk
KAD009,Model Primary Health Centre Sabon Gari II,Kaduna,Sabon Gari,Apr-2022,450,21,20,672,2,71,3,2,504,11,592,374,323,2022-05-21,Facility Focal Person
BEN015,Primary Health Centre Otukpo II,Benue,Otukpo,2022-03-31,153,2,1,880,8,20,1,0,616,10,641,396,355,2022-04-13,Facility Focal Person
RIV011,Model Primary Health Centre Degema II,Rivers,Degema,2022-05-31,293,17,16,875,10,80,3,2,771,15,804,467,407,2022-06-11,Data Clerk
NAS008,Comprehensive Health Centre Keffi II,Nasarawa,Keffi,2023-09-30,75,1,0,826,5,22,0,0,651,10,666,721,491,2023-10-15,M&E Officer
BEN006,  Primary Health Centre Vandeikya ,Benue,Vandeikya,2023-12-31,163,7,6,344,6,27,1,0,285,2,240,163,143,2024-01-16,M&E Officer
TMP001,  Model Primary Health Centre Lafia ,Nasarawa,Lafia,2024-08-31,224,0,0,392,3,60,0,0,218,2,329,296,277,2024-09-21,Data Clerk
FCT007,Specialist Hospital Bwari II,FCT,Bwari,2022-04-30,2493,60,53,4542,81,357,2,1,4186,73,4116,3755,3183,2022-05-18,Facility Focal Person
FCT005,Primary Health Centre Abaji,fct,Abaji,2022-09-30,465,11,9,511,5,98,3,2,386,8,358,271,226,2022-10-21,M&E Officer
NAS001,Model Primary Health Centre Lafia,Nasarawa,Lafia,2022-12-31,-,0,0,463,6,34,0,0,348,5,393,279,244,2023-02-15,Data Clerk
NAS004,Cottage Hospital Akwanga,Nasarawa,Akwanga,2024-02-29,402,22,NULL,541,8,87,3,2,403,6,493,367,322,2024-03-15,Facility Focal Person
CRS015,Model Primary Health Centre Akamkpa II,Cross River,Akamkpa,2024-10-31,61,0,0,474,5,12,0,0,360,6,340,314,258,2024-11-18,Data Clerk
RIV005,Mission Hospital Degema,Rivers,Degema,30/11/2023,149,3,2,1344,12,20,1,0,1056,25,1179,671,606,2023-12-11,M&E Officer
NAS011,MISSION HOSPITAL LAFIA II,Nasarawa,Lafia,2023-01-31,,15,11,2683,16,130,0,0,2144,48,2483,1807,1487,2023-02-15,M&E Officer
RIV006,Cottage Hospital Eleme,Rivers,Eleme,2024-02-29,1171,58,44,2724,15,244,8,6,N/A,41,1976,1138,959,2024-03-15,Data Clerk
LAG009,Mission Hospital Badagry II,Lagos,Badagry,2024-12-31,374,14,10,2256,36,97,1,0,1306,32,1925,1465,  ,2025-01-16,Facility Focal Person
CRS013,Mission Hospital Ogoja II,Cross River,Ogoja,2023-10-31,184,0,0,783,1,47,1,0,506,16,616,546,486,2023-11-11,Data Clerk
KAD005,  COTTAGE HOSPITAL CHIKUN ,Kaduna,Chikun,2023-11-30,382,9,7,360,3,104,1,0,246,4,266,237,230,2023-12-21,Data Clerk
KAD012,Comprehensive Health Centre Kaduna South II,Kaduna,Kaduna South,2024-04-30,548,11,9,628,10,162,2,1,369,8,442,298,268,2024-05-11,M&E Officer
AKS015,Mission Hospital Uyo II,Akwa Ibom,Uyo,2022-10-31,683,34,32,2487,40,198,3,2,1799,37,1817,1570,1401,2022-11-15,Facility Focal Person
AKS003,Model Primary Health Centre Eket,Akwa Ibom,Eket,2022-10-31,447,5,4,211,2,89,0,0,,3,191,158,142,2022-11-11,Data Clerk
FCT015,Comprehensive Health Centre Abaji II,F.C.T.,Abaji,31/05/2024,170,10,9,752,2,16,0,0,653,13,653,618,541,2024-06-27,Data Clerk
ben007,Specialist Hospital Makurdi II,Benue,Makurdi,2023-05-31,368,5,4,2104,9,71,0,0,1386,27,1565,1319,1196,2023-06-13,Data Clerk
NAS006,  Primary Health Centre Lafia II ,Nasarawa,Lafia,2022-01-31,173,4,3,1043,20,17,1,0,744,9,830,737,685,2022-02-13,Data Clerk
RIV011,Model Primary Health Centre Degema II,Rivers,Degema,2023-03-31,327,9,8,876,6,40,1,0,568,9,636,nil,380,2023-04-13,Data Clerk
NAS014,Teaching Hospital Akwanga II,Nasarawa,Akwanga,2022-05-31,2272,53,39,4640,74,635,9,8,4238,79,3720,2800,2695,2022-06-15,Data Clerk
FCT002,General Hospital Bwari,FCT,Bwari,2022-07-31,117,5,4,631,7,21,1,0,482,6,541,395,358,2022-08-13,Data Clerk
RIV007,Primary Health Centre Port Harcourt II,Rivers,Port Harcourt,2023-07-31,465,4,3,658,3,137,1,0,611,10,518,429,393,2023-08-15,Data Clerk
AKS010,General Hospital Eket II,Akwa Ibom,Eket,2022-06-30,731,20,15,1802,22,92,0,0,1689,44,1426,1046,1022,2022-07-13,Data Clerk
LAG013,Specialist Hospital Ikorodu II,Lagos,Ikorodu,31/07/2022,1943,101,72,6057,36,235,11,8,5132,99,4792,4494,3964,2022-08-18,Facility Focal Person
LAG011,Cottage Hospital Agege II,Lagos,Agege,Feb-2024,629,10,8,"1,610",29,137,4,3,1289,22,1146,916,888,2024-03-11,Data Clerk
RIV012,Primary Health Centre Eleme II,RIVERS,Eleme,2022-08-31,599,25,21,889,6,69,2,1,657,10,744,487,433,2022-09-11,Data Clerk
RIV008,Teaching Hospital Obio/Akpor II,Rivers,Obio/Akpor,2024-07-31,2073,83,80,4203,18,213,6,5,2864,51,3051,1900,1646,2024-08-16,M&E Officer
NAS007,GENERAL HOSPITAL KARU II,Nasarawa,Karu,2022-11-30,635,2,1,2428,32,63,0,0,1583,29,1884,1073,903,2022-12-21,M&E Officer
RIV011,Model Primary Health Centre Degema II,Rivers,Degema,2022-10-31,265,9,8,872,10,82,1,0,583,11,662,467,383,2022-11-13,Facility Focal Person
FCT011,Cottage Hospital AMAC II,FCT,AMAC,2022-01-31,352,10,8,2416,46,71,3,2,2106,35,2145,1568,1408,2022-02-16,Facility Focal Person
AKS006,Primary Health Centre Abak,Akwa Ibom,Abak,2022-02-28,407,11,8,207,2,N/A,0,0,170,4,165,97,88,2022-03-13,Facility Focal Person
AKS005,Comprehensive Health Centre Oron,Akwa Ibom,Oron,2023-09-30,132,2,1,1091,7,17,0,0,1017,24,972,919,772,2023-10-13,M&E Officer
TMP001,MODEL PRIMARY HEALTH CENTRE MAKURDI II,Benue,Makurdi,2023-04-30,625,17,16,516,8,69,1,0,324,8,389,246,225,2023-05-15,Facility Focal Person
NAS999,Model Primary Health Centre Abak II,Akwa Ibom,Abak,2023-08-31,430,  ,5,607,8,89,0,0,538,12,556,479,421,2023-09-16,Facility Focal Person
FCT011,Cottage Hospital AMAC II,FCT,AMAC,2023-11-30,297,10,8,2110,40,87,2,1,1885,22,1731,1066,971,2023-12-11,Facility Focal Person
KAD015,General Hospital Chikun II,Kaduna,Chikun,2022-11-30,240,3,2,1798,31,73,1,0,1324,23,1537,914,785,2022-12-13,M&E Officer
BEN007,  Specialist Hospital Makurdi II ,Benue,Makurdi,31/08/2023,372,  ,6,"2,065",26,99,2,1,1651,18,1538,1203,1026,2023-09-11,Facility Focal Person
BEN001,Mission Hospital Makurdi,Benue,Makurdi,2024-08-31,919,7,5,1720,24,272,3,2,1145,26,1301,1210,1004,2024-09-15,M&E Officer
NAS005,Mission Hospital Nasarawa,Nasarawa,Nasarawa,31/10/2024,1039,22,17,811,7,133,0,0,689,8,696,567,479,2024-11-16,M&E Officer
BEN006,Primary Health Centre Vandeikya,Benue,Vandeikya,2024-08-31,256,11,9,369,3,47,0,0,225,2,280,169,150,2024-09-16,Facility Focal Person
CRS003,Specialist Hospital Ogoja,Cross River,Ogoja,2022-03-31,1247,55,41,5626,42,253,7,6,4436,86,4369,3073,2570,2022-04-18,Data Clerk
CRS002,COMPREHENSIVE HEALTH CENTRE IKOM,Cross River,Ikom,2024-06-30,243,8,7,272,4,70,1,0,200,2,196,171,143,2024-07-16,Data Clerk
NAS006,Primary Health Centre Lafia II,Nasarawa,Lafia,2022-11-30,267,8,5,985,10,55,2,1,548,3,911,613,596,2022-12-11,Data Clerk
AKS010,General Hospital Eket II,Akwa Ibom,Eket,2022-04-30,561,11,8,1813,15,158,2,1,1219,16,1328,730,698,2022-05-21,Data Clerk
LAG005,Mission Hospital Agege,Lagos,Agege,2024-07-31,1348,33,31,1798,27,178,0,0,1430,25,1381,1003,942,2024-08-16,Facility Focal Person
FCT010,MODEL PRIMARY HEALTH CENTRE ABAJI II,FCT,Abaji,2022-11-30,409,14,10,317,3,45,0,0,282,7,273,176,146,2022-12-15,M&E Officer
XXX999,Cottage Hospital Agege II,Lagos,Agege,2024-07-31,721,7,5,1573,13,184,2,1,900,14,1193,733,658,2024-08-16,M&E Officer
LAG011,Cottage Hospital Agege II,Lagos,Agege,2024-08-31,893,16,14,1571,16,158,1,0,1093,15,1266,977,927,2024-09-18,Facility Focal Person
LAG007,Primary Health Centre Ikorodu II,Lagos,Ikorodu,2024-03-31,428,19,17,590,10,71,2,1,504,6,500,356,300,2024-04-11,M&E Officer
NAS011,Mission Hospital Lafia II,Nasarawa,Lafia,2022-09-30,1295,14,13,2723,13,324,1,0,1562,35,2481,1393,1158,2022-10-13,M&E Officer
AKS009,Primary Health Centre Ikot Ekpene II,Akwa Ibom,Ikot Ekpene,31/01/2024,93,3,2,222,1,17,0,0,182,4,200,127,105,2024-02-16,Facility Focal Person
RIV009,MISSION HOSPITAL KHANA II,rivers ,Khana,31/05/2022,509,8,5,855,17,110,2,1,,9,716,475,419,2022-06-21,Data Clerk
KAD011,PRIMARY HEALTH CENTRE KADUNA NORTH II,Kaduna,Kaduna North,2024-03-31,258,15,14,585,5,36,2,1,378,5,444,415,345,2024-04-11,Data Clerk
BEN004,GENERAL HOSPITAL OKPOKWU,Benue,Okpokwu,2023-02-28,N/A,3,2,378,3,225,0,0,278,5,305,222,186,2023-03-13,Data Clerk
CRS012,Model Primary Health Centre Ikom II,cross river,Ikom,2024-09-30,431,4,3,754,14,102,1,0,552,11,552,495,433,2024-10-16,Data Clerk
KAD012,Comprehensive Health Centre Kaduna South II,Kaduna,Kaduna South,2024-02-29,341,5,4,631,1,104,0,0,410,4,456,379,319,2024-03-16,Facility Focal Person
LAG015,Model Primary Health Centre Badagry II,Lagos,Badagry,2023-03-31,296,9,8,1084,8,31,1,0,913,20,799,643,531,2023-04-21,M&E Officer
FCT002,General Hospital Bwari,FCT,Bwari,2023-06-30,144,8,6,591,2,25,1,0,347,4,456,404,352,2023-07-15,Data Clerk
CRS013,Mission Hospital Ogoja II,Cross River,Ogoja,2022-06-30,269,5,-,887,12,74,0,0,713,16,NULL,603,562,2022-07-18,Data Clerk
BEN012,Cottage Hospital Vandeikya II,Benue,Vandeikya,31/10/2022,647,6,4,467,3,190,0,0,328,5,390,283,276,2022-11-15,Facility Focal Person
RIV007,Primary Health Centre Port Harcourt II,Rivers,Port Harcourt,2023-10-31,503,5,4,656,5,93,1,0,N/A,12,472,334,286,2023-11-13,M&E Officer
RIV008,Teaching Hospital Obio/Akpor II,Rivers,Obio/Akpor,2022-08-31,1681,77,60,3969,69,537,16,14,3362,53,3616,2394,2343,2022-09-13,M&E Officer
AKS002,General Hospital Ikot Ekpene,akwa ibom,Ikot Ekpene,2023-07-31,298,4,3,615,3,31,0,0,486,11,509,367,315,2023-08-18,Facility Focal Person
KAD008,Model Primary Health Centre Zaria II,Kaduna,Zaria,2024-01-31,368,11,9,"1,171",9,84,2,1,785,17,871,591,529,2024-02-16,M&E Officer
LAG009,Mission Hospital Badagry II,Lagos,Badagry,2023-05-31,615,25,22,2542,15,187,3,2,1406,26,2210,2022,1893,2023-06-11,Data Clerk
NAS010,Teaching Hospital Nasarawa II,Nasarawa,Nasarawa,2022-11-30,1685,92,79,"4,707",26,450,8,6,2966,49,3532,3307,2775,2022-12-11,M&E Officer
CRS005,Teaching Hospital Akamkpa,Cross River,Akamkpa,Nov-2024,934,34,29,4088,19,201,4,3,3312,61,3707,2366,2002,2024-12-13,Facility Focal Person
LAG003,Teaching Hospital Badagry,Lagos,Badagry,2023-02-28,3202,122,106,"6,395",66,560,13,11,5393,93,4924,4503,3724,2023-03-15,Data Clerk
FCT001,Mission Hospital AMAC,FCT,AMAC,2022-06-30,1013,7,5,1349,5,221,0,0,1276,18,989,785,684,2022-07-13,Facility Focal Person
BEN002,Specialist Hospital Gboko,Benue,Gboko,2023-09-30,2225,31,23,4532,46,633,13,10,2851,51,4026,2290,2194,2023-10-16,Data Clerk
RIV013,Mission Hospital Port Harcourt II,Rivers,Port Harcourt,2023-04-30,801,22,19,2162,18,196,5,4,2013,29,1861,1529,-,2023-05-21,Data Clerk
CRS015,Model Primary Health Centre Akamkpa II,Cross River,Akamkpa,2022-07-31,84,2,1,594,11,15,1,0,465,10,407,368,312,2022-08-21,M&E Officer
CRS005,Teaching Hospital Akamkpa,Cross River,Akamkpa,2024-08-31,1229,47,46,4089,54,285,3,2,2583,41,2851,2254,1955,2024-09-11,Data Clerk
KAD011,Primary Health Centre Kaduna North II,Kaduna,Kaduna North,Feb-2022,172,7,5,540,6,40,0,0,408,4,477,391,338,2022-03-18,Facility Focal Person
BEN009,Primary Health Centre Otukpo II,Benue,Otukpo,31/07/2024,300,2,1,430,1,53,0,0,259,3,340,191,160,2024-08-13,Data Clerk
FCT014,General Hospital Kuje II,F.C.T.,Kuje,2023-02-28,874,33,-,2463,29,263,11,9,1870,29,2131,1911,1778,2023-03-13,Facility Focal Person
RIV007,Primary Health Centre Port Harcourt II,RIVERS,Port Harcourt,2023-01-31,383,3,2,670,11,117,1,0,558 ,9,-,471,392,2023-02-13,Data Clerk
NAS011,Mission Hospital Lafia II,Nasarawa,Lafia,2024-01-31,864,6,4,2458,19,192,4,3,1383,39,2255,1725,1641,2024-02-11,M&E Officer
NAS005,MISSION HOSPITAL NASARAWA,Nasarawa,Nasarawa,2022-11-30,1103,23,22,364,6,188,3,2,338,4,293,218,206,2022-12-18,Data Clerk
AKS008,Primary Health Centre Uyo II,AKWA IBOM,Uyo,2024-10-31,85,3,2,94,0,16,0,0,60,1,64,36,34,2024-11-11,Data Clerk
AKS008,Primary Health Centre Uyo II,Akwa Ibom,Uyo,2023-12-31,78,2,1,84,1,24,0,0,65,0,74,41,37,2024-01-18,M&E Officer
AKS012,Cottage Hospital Oron II,Akwa Ibom,Oron,30/09/2024,1050,60,54,1324,4,223,4,3,1198,28,977,840,770,2024-10-18,Facility Focal Person
FCT005,  Primary Health Centre Abaji ,FCT,Abaji,2024-09-30,500,5,4,575,9,116,1,0,354,5,481,276,246,2024-10-11,Data Clerk
KAD001,Model Primary Health Centre Kaduna North,Kaduna,Kaduna North,2023-10-31,181,7,5,755,12,39,0,0,632,13,692,616,554,2023-11-21,M&E Officer
LAG013,Specialist Hospital Ikorodu II,Lagos,Ikorodu,31/08/2024,2359,129,120,"6,310",69,240,9,7,3804,74,4450,3024,2878,2024-09-18,M&E Officer
RIV006,Cottage Hospital Eleme,rivers ,Eleme,31/03/2022,1290,47,37,2271,26,286,6,5,1428,24,1594,1320,1254,2022-04-16,Facility Focal Person
RIV012,PRIMARY HEALTH CENTRE ELEME II,Rivers,Eleme,2023-04-30,647,16,14,943,9,98,1,0,522,14,806,484,422,2023-05-21,Data Clerk
CRS011,Comprehensive Health Centre Calabar Municipal II,Cross River,Calabar Municipal,2024-03-31,364,5,3,488,4,110,0,0,408,5,419,269,223,2024-04-21,M&E Officer
FCT003,Specialist Hospital Gwagwalada,FCT,Gwagwalada,30/11/2024,690,12,10,4875,29,207,4,3,4271,59,3863,2887,2603,2024-12-13,Data Clerk
RIV013,  Mission Hospital Port Harcourt II ,Rivers,Port Harcourt,2023-06-30,866,21,18,2177,16,92,2,1,1524,28,1808,1320,1282,2023-07-21,M&E Officer
lag004,Comprehensive Health Centre Surulere,Lagos,Surulere,2024-12-31,579,7,5,602,8,142,3,2,372,11,527,301,263,2025-01-13,Data Clerk
KAD015,GENERAL HOSPITAL CHIKUN II,Kaduna,Chikun,2022-12-31,340,6,5,1774,29,85,2,1,1603,30,1328,1212,1081,2023-01-16,Facility Focal Person
AKS010,General Hospital Eket II,Akwa Ibom,Eket,31/03/2022,352,11,9,1820,26,64,2,1,1244,20,-,,1252,2022-04-13,Facility Focal Person
FCT013,Cottage Hospital Gwagwalada II,fct,Gwagwalada,2023-09-30,902,978,12,1309,24,109,1,0,749,11,932,724,674,2023-10-13,Facility Focal Person
BEN009,Primary Health Centre Otukpo II,Benue,Otukpo,2023-08-31,229,6,4,453,4,51,0,0,335,6,346,280,251,2023-09-11,M&E Officer
LAG004,Comprehensive Health Centre Surulere,Lagos,Surulere,31/01/2022,361,4,3,638,12,36,0,0,474,10,496,307,274,2022-02-16,M&E Officer
BEN001,Mission Hospital Makurdi,Benue,Makurdi,2022-07-31,954,3,2,2049,37,123,0,0,1584,28,1629,985,877,2022-08-21,M&E Officer
NAS002,  Cottage Hospital Karu ,Nasarawa,Karu,2023-02-28,468,480,3,313,2,115,1,0,200,4,231,214,201,2023-03-18,M&E Officer
AKS010,  General Hospital Eket II ,akwa ibom,Eket,2023-06-30,845,22,17,1683,6,266,2,1,1073,15,1198,915,778,2023-07-13,M&E Officer
aks005,COMPREHENSIVE HEALTH CENTRE ORON,Akwa Ibom,Oron,30/04/2022,133,3,2,1307,9,20,1,0,810,13,1181,947,879,2022-06-15,Data Clerk
CRS013,Mission Hospital Ogoja II,Cross River,Ogoja,Oct-2024,234,5,3,734,3,64,0,0,545,9,664,446,435,2024-11-13,Data Clerk
BEN001,Mission Hospital Makurdi,Benue,Makurdi,Apr-2024,1022,6,5,1770,9,326,1,0,1426,29,1598,1364,1230,2024-05-21,Data Clerk
RIV009,Mission Hospital Khana II,Rivers,Khana,2023-09-30,484,11,7,796,13,126,0,0,701,19,582,524,nil,2023-10-11,Facility Focal Person
RIV012,Primary Health Centre Eleme II,Rivers,Eleme,2024-07-31,753,14,11,1032,8,112,1,0,779,19,779,nil,610,2024-08-13,Data Clerk
NAS012,Mission Hospital Karu II,Nasarawa,Karu,2023-01-31,689,4,3,"1,324",19,104,1,0,730,7,997,573,528,2023-02-15,Facility Focal Person
NAS004,Cottage Hospital Akwanga,Nasarawa,Akwanga,31/10/2023,349,15,12,509,8,70,1,0,422,9,462,428,357,2023-11-13,Data Clerk
FCT002,General Hospital Bwari,FCT,Bwari,2022-12-31,94,3,2,614,2,24,2,1,498,11,441,361,313,2023-01-13,Facility Focal Person
CRS008,Cottage Hospital Ogoja II,cross river,Ogoja,2024-04-30,-,20,19,2167,5,203,3,2,1627,30,1500,939,898,2024-05-16,Data Clerk
RIV004,Model Primary Health Centre Ahoada East,Rivers,Ahoada East,2023-02-28,414,12,10,853,13,48,0,0,535,13,595,486,429,2023-03-13,Data Clerk
RIV013,Mission Hospital Port Harcourt II,rivers ,Port Harcourt,2024-07-31,777,20,17,2109,22,85,2,1,1719,27,1803,1121,1053,2024-08-18,Data Clerk
CRS014,Comprehensive Health Centre Obudu II,Cross River,Obudu,2022-02-28,331,5,4,73,0,69,0,0,62,0,59,-,42,2022-03-21,Data Clerk
KAD009,MODEL PRIMARY HEALTH CENTRE SABON GARI II,Kaduna,Sabon Gari,2024-09-30,555,19,18,990,4,94,4,3,664,18,804,665,643,2024-10-11,M&E Officer
CRS014,COMPREHENSIVE HEALTH CENTRE OBUDU II,Cross River,Obudu,2022-06-30,333,9,6,101,0,62,0,0,77,0,92,68,61,2022-07-11,Facility Focal Person
NAS011,Mission Hospital Lafia II,Nasarawa,Lafia,2024-05-31,1289,16,12,2412,17,257,2,1,2224,33,1657,1264,1054,2024-06-13,M&E Officer
LAG008,Cottage Hospital Lagos Island II,Lagos,Lagos Island,31/12/2022,72,0,0,834,8,8,0,0,558,12,717,658,622,2023-01-21,Data Clerk
NAS015,SPECIALIST HOSPITAL NASARAWA II,Nasarawa,Nasarawa,2023-02-28,998,45,39,3193,48,289,9,7,1911,38,2796,2475,2057,2023-03-11,M&E Officer
BEN004,General Hospital Okpokwu,Benue,Okpokwu,2023-04-30,1003,4,,381,6,244,1,0,356,5,338,314,274,2023-05-15,M&E Officer
LAG011,Cottage Hospital Agege II,Lagos,Agege,2023-03-31,565,11,9,1733,3,126,3,2,1423,28,1472,857,813,2023-04-13,Facility Focal Person
AKS001,Comprehensive Health Centre Uyo,Akwa Ibom,Uyo,2024-01-31,398,2,1,323,4,118,1,0,240,6,298,280,255,2024-02-11,M&E Officer
NAS015,  Specialist Hospital Nasarawa II ,Nasarawa,Nasarawa,2022-12-31,993,58,48,3171,34,235,5,4,2547,44,2702,1623,1393,2023-01-13,M&E Officer
KAD015,General Hospital Chikun II,Kaduna,Chikun,2022-07-31,303,3,2,1906,22,91,0,0,1356,20,N/A,1127,1015,2022-08-15,Data Clerk
CRS002,Comprehensive Health Centre Ikom,Cross River,Ikom,2024-04-30,159,8,7,267,1,43,1,0,241,7,237,134,122,2024-05-13,Facility Focal Person
CRS012,Model Primary Health Centre Ikom II,Cross River,Ikom,2023-02-28,313,5,4,800,8,89,2,1,641,7,715,514,429,2023-03-18,M&E Officer
RIV010,Teaching Hospital Ahoada East II,Rivers,Ahoada East,2022-12-31,470,10,9,3194,29,125,2,1,2031,46,2555,2102,1776,2022-12-05,Facility Focal Person
NAS012,MISSION HOSPITAL KARU II,Nasarawa,Karu,2024-01-31,756,14,11,1348,18,201,1,0,1012,13,1145,652,576,2024-02-15,Facility Focal Person
RIV012,Primary Health Centre Eleme II,RIVERS,Eleme,2022-03-31,496,21,16,851,9,111,1,0,623,11,783,471,414,2022-04-16,M&E Officer
FCT015,Comprehensive Health Centre Abaji II,FCT,Abaji,2024-04-30,143,7,5,745,4,24,0,0,533,13,628,524,511,2024-05-21,Facility Focal Person
FCT007,Specialist Hospital Bwari II,FCT,Bwari,2023-11-30,2082,39,37,4270,85,606,4,3,3096,66,3402,1904,1687,2023-12-18,Facility Focal Person
NAS006,  Primary Health Centre Lafia II ,Nasarawa,Lafia,29/02/2024,254,11,9,948,13,54,1,0,836,18,841,591,490,2024-03-15,Facility Focal Person
RIV009,Mission Hospital Khana II,Rivers,Khana,2022-06-30,436,6,5,851,9,127,1,0,724,12,617,483,397,2022-07-25,M&E Officer
AKS011,Comprehensive Health Centre Etinan II,Akwa Ibom,Etinan,2024-02-29,108,8,7,331,5,24,0,0,256,3,259,220,180,2024-03-16,M&E Officer
CRS012,  Model Primary Health Centre Ikom II ,Cross River,Ikom,2022-03-31,457,6,5,842,10,53,1,0,496,6,712,395,381,2022-04-29,M&E Officer
NAS008,Comprehensive Health Centre Keffi II,Nasarawa,Keffi,2022-10-31,63,1,0,917,15,9,0,0,826,13,795,564,529,2022-11-11,M&E Officer
CRS015,Model Primary Health Centre Akamkpa II,Cross River,Akamkpa,2024-01-31,51,0,0,504,1,13,0,0,421,5,417,  ,209,2024-03-17,Facility Focal Person
FCT004,MODEL PRIMARY HEALTH CENTRE KUJE,FCT,Kuje,2024-04-30,401,20,19,1272,9,70,1,0,839 ,9,944,711,689,2024-05-11,Data Clerk
CRS014,COMPREHENSIVE HEALTH CENTRE OBUDU II,Cross River,Obudu,2023-06-30,432,6,5,144,0,113,0,0,109,1,111,62,53,2023-07-16,Data Clerk
RIV012,Primary Health Centre Eleme II,Rivers,Eleme,31/01/2022,441,11,10,842,7,71,2,1,591,10,707,425,361,2022-02-21,Data Clerk
NAS010,TEACHING HOSPITAL NASARAWA II,Nasarawa,Nasarawa,31/07/2022,2302,106,89,4623,67,448,18,17,4228 ,72,3889,2772,2685,2022-08-13,Facility Focal Person
FCT006,Mission Hospital AMAC II,FCT,AMAC,2024-01-31,637,13,11,2147,30,69,0,0,1577,26,1686,1471,1342,2024-02-13,Data Clerk
AKS006,PRIMARY HEALTH CENTRE ABAK,Akwa Ibom,Abak,2023-10-31,556,18,14,401,2,98,2,1,324,6,369,332,281,2023-11-11,M&E Officer
BEN008,Teaching Hospital Gboko II,Benue,Gboko,2022-05-31,2130,44,33,6223,86,292,4,3,4299,92,4749,3918,3581,2022-06-13,Facility Focal Person
KAD009,MODEL PRIMARY HEALTH CENTRE SABON GARI II,Kaduna,Sabon Gari,2024-09-30,555,19,18,990,4,94,4,3,664,18,804,665,643,2024-10-11,M&E Officer
KAD001,Model Primary Health Centre Kaduna North,Kaduna,Kaduna North,2023-01-31,169,4,2,770,11,41,1,0,486,12,658,489,445,2023-02-11,Data Clerk
LAG009,Mission Hospital Badagry II,Lagos,Badagry,Jul-2024,593,18,15,2321,11,130,2,1,2029,42,2014,1650,1366,2024-08-15,M&E Officer
RIV011,Model Primary Health Centre Degema II,Rivers,Degema,2024-12-31,342,18,14,970,4,53,3,2,675,15,831,709,694,2025-01-13,Data Clerk
FCT008,TEACHING HOSPITAL GWAGWALADA II,FCT,Gwagwalada,2022-11-30,674,33,25,5235,47,129,7,6,4041,68,3791,2457,2263,2022-12-13,Facility Focal Person
RIV001,Model Primary Health Centre Port Harcourt,Rivers,Port Harcourt,2024-03-31,123,2,1,875,15,21,0,0,780,13,661,503,428,2024-04-18,Facility Focal Person
LAG007,Primary Health Centre Ikorodu II,Lagos,Ikorodu,2023-11-30,469,29,27,582,4,115,2,1,511,8,471,377,361,2023-12-13,M&E Officer
NAS002,Cottage Hospital Karu,Nasarawa,Karu,2022-08-31,462,3,2,314,2,58,0,0,212,4,291,233,NULL,2022-09-21,Facility Focal Person
KAD005,Cottage Hospital Chikun,Kaduna,Chikun,2024-09-30,688,9,6,402,6,106,0,0,369,10,281,162,146,2024-10-11,Data Clerk
XXX999,  COTTAGE HOSPITAL CHIKUN II ,Kaduna,Chikun,2022-11-30,198,11,10,956,4,-,0,0,599,16,652,443,386,2022-12-15,Data Clerk
NAS002,Cottage Hospital Karu,Nasarawa,Karu,2024-06-30,552,1,0,296,5,135,1,0,211,5,236,141,126,2024-07-15,Facility Focal Person
FCT009,Model Primary Health Centre Kuje II,FCT,Kuje,2023-12-31,123,4,2,472,6,29,1,0,358,5,352,289,248,2024-01-18,Facility Focal Person
LAG001,Primary Health Centre Ikorodu,Lagos,Ikorodu,Jun-2024,556,14,11,393,6,100,4,3,305,5,343,280,272,2024-07-16,Data Clerk
CRS004,Comprehensive Health Centre Obudu,cross river,Obudu,2023-11-30,210,9,7,460,7,65,2,1,285,8,396,370,346,2023-12-29,M&E Officer
KAD005,Cottage Hospital Chikun,Kaduna,Chikun,2023-10-31,638,9,7,356,6,200,2,1,288,3,249,235,229,2023-11-29,Facility Focal Person
LAG005,Mission Hospital Agege,Lagos,Agege,2024-09-30,1049,34,26,"1,828",25,153,3,2,1166,21,1518,1091,1036,2024-10-13,Facility Focal Person
BEN010,Model Primary Health Centre Okpokwu II,Benue,Okpokwu,2024-07-31,454,4,3,706,6,129,2,1,389,6,652,478,404,2024-08-11,Data Clerk
KAD004,Specialist Hospital Sabon Gari,Kaduna,Sabon Gari,30/11/2023,2451,90,74,4787,77,294,8,6,4375,77,3904,3436,2927,2023-12-11,Facility Focal Person
KAD012,Comprehensive Health Centre Kaduna South II,Kaduna,Kaduna South,2022-12-31,191,4,3,646,12,52,0,0,388,4,481,395,345,2023-01-16,Facility Focal Person
CRS013,  Mission Hospital Ogoja II ,Cross River,Ogoja,2022-04-30,232,2,1,898,4,31,0,0,759,15,799,730,708,2022-05-11,Data Clerk
RIV014,Cottage Hospital Obio/Akpor II,Rivers,Obio/Akpor,2022-06-30,1227,9,6,615,3,229,1,0,484,3,460,433,398,2022-07-16,M&E Officer
LAG009,Mission Hospital Badagry II,Lagos,Badagry,31/01/2024,301,8,5,2363,19,31,0,0,1504,37,2029,1238,1176,2024-02-13,Facility Focal Person
CRS010,  Comprehensive Health Centre Akamkpa II ,Cross River,Akamkpa,Apr-2022,73,0,0,436,2,22,0,0,359,11,313,206,193,2022-05-15,M&E Officer
KAD011,Primary Health Centre Kaduna North II,Kaduna,Kaduna North,31/01/2022,184,6,5,541,10,22,0,0,347,9,421,372,308,2022-02-11,M&E Officer
CRS011,COMPREHENSIVE HEALTH CENTRE CALABAR MUNICIPAL II,Cross River,Calabar Municipal,2023-03-31,307,8,7,465,1,48,3,2,313,11,344,287,265,2023-04-18,Facility Focal Person
AKS004,Comprehensive Health Centre Etinan,Akwa-Ibom,Etinan,2023-07-31,293,10,9,970,4,56,2,1,562,12,695,545,501,2023-08-15,Facility Focal Person
CRS003,Specialist Hospital Ogoja,Cross River,Ogoja,2023-04-30,1795,45,41,5304,64,469,15,11,3562,62,,4063,3782,2023-05-11,M&E Officer
KAD007,Model Primary Health Centre Kaduna South II,Kaduna,Kaduna South,2023-12-31,241,9,6,1112,22,71,2,1,760,13,894,539,474,2024-01-11,Facility Focal Person
KAD015,General Hospital Chikun II,Kaduna,Chikun,2022-08-31,300,4,2,"1,874",34,81,1,0,1439,28,1622,1336,1162,2022-09-29,M&E Officer
XXX999,  Teaching Hospital Gboko II ,Benue,Gboko,31/08/2023,2811,70,57,6325,46,467,4,3,5358,108,4872,4184,3599,2023-09-16,Data Clerk
KAD010,Cottage Hospital Chikun II,Kaduna,Chikun,2024-12-31,232,9,7,972,3,33,2,1,791,13,878,  ,499,2025-01-15,Facility Focal Person
AKS010,General Hospital Eket II,Akwa-Ibom,Eket,2024-08-31,699,16,15,1585,4,155,1,0,1006,15,1242,1036,932,2024-09-18,M&E Officer
NAS010,Teaching Hospital Nasarawa II,Nasarawa,Nasarawa,31/07/2023,3106,147,123,5019,93,nil,27,22,3379,63,4032,3729,3183,2023-08-13,M&E Officer
kad001,Model Primary Health Centre Kaduna North,Kaduna,Kaduna North,2024-11-30,185,7,5,734,9,57,0,0,659,6,500,392,336,2024-12-18,Data Clerk
RIV008,Teaching Hospital Obio/Akpor II,rivers ,Obio/Akpor,2024-12-31,1539,64,58,4217,68,426,16,13,2818,50,3368,1939,1884,2025-01-16,M&E Officer
LAG001,Primary Health Centre Ikorodu,Lagos,Ikorodu,2023-12-31,286,11,9,342,4,50,0,0,N/A,4,298,210,199,2024-01-15,M&E Officer
KAD010,Cottage Hospital Chikun II,Kaduna,Chikun,2023-09-30,208,14,13,971,10,52,2,1,802,11,664,399,388,2023-10-11,M&E Officer
RIV013,Mission Hospital Port Harcourt II,Rivers,Port Harcourt,2023-01-31,472,16,11,2187,7,67,3,2,1465,26,1611,893,744,2023-02-15,M&E Officer
CRS002,Comprehensive Health Centre Ikom,Cross River,Ikom,2024-09-30,175,5,3,282,1,26,0,0,194,0,256,237,225,2024-10-25,Facility Focal Person
LAG099,Mission Hospital AMAC,FCT,AMAC,2024-09-30,1124,18,15,1169,8,326,1,0,739,15,1064,655,579,2024-10-18,M&E Officer
NAS008,Comprehensive Health Centre Keffi II,Nasarawa,Keffi,2024-05-31,93,3,2,772,5,14,0,0,556,14,536,494,454,2024-06-15,Data Clerk
FCT008,Teaching Hospital Gwagwalada II,FCT,Gwagwalada,2024-12-31,795,50,45,4707,39,143,5,4,3659,75,4309,3805,3521,2025-01-21,Facility Focal Person
AKS011,Comprehensive Health Centre Etinan II,AKWA IBOM,Etinan,2022-03-31,118,4,3,283,4,18,0,0,236,4,193,144,131,2022-04-13,Data Clerk
FCT006,Mission Hospital AMAC II,FCT,AMAC,Feb-2023,572,10,8,2262,8,129,0,0,1263,25,1593,1432,1293,2023-03-15,M&E Officer
AKS010,General Hospital Eket II,Akwa Ibom,Eket,Oct-2023,551,12,8,1625,29,70,0,0,1372,24,1324,1179,995,2023-11-13,Data Clerk
CRS001,Model Primary Health Centre Calabar Municipal,Cross-River,Calabar Municipal,30/09/2024,241,13,11,693,10,65,2,1,412,7,622,440,423,2024-10-21,Facility Focal Person
NAS008,Comprehensive Health Centre Keffi II,Nasarawa,Keffi,2023-07-31,90,2,1,834,13,17,0,0,717,16,642,492,470,2023-08-18,Data Clerk
riv005,Mission Hospital Degema,Rivers,Degema,2024-04-30,167,4,3,1311,10,33,1,0,1190,21,1005,850,751,2024-05-15,M&E Officer
KAD015,General Hospital Chikun II,Kaduna,Chikun,2022-09-30,278,297,3,1854,23,83,1,0,1423,24,1524,1363,1215,2022-10-15,M&E Officer
CRS007,Model Primary Health Centre Ikom II,Cross River,Ikom,May-2024,145,5,4,310,1,15,1,0,202,4,256,143,133,2024-06-13,Data Clerk
NAS013,General Hospital Keffi II,Nasarawa,Keffi,31/08/2024,718,30,21,1674,8,145,8,6,1111,25,1382,902,827,2024-09-11,Data Clerk
CRS002,COMPREHENSIVE HEALTH CENTRE IKOM,Cross River,Ikom,31/03/2022,160,9,7,154,1,36,2,1,NULL,2,125,91,77,2022-04-11,Facility Focal Person
AKS001,Comprehensive Health Centre Uyo,Akwa Ibom,Uyo,2022-11-30,442,0,0,311,6,63,0,0,278,9,283,176,154,2022-12-16,Facility Focal Person
NAS002,Cottage Hospital Karu,Nasarawa,Karu,2023-03-31,446,2,1,309,5,58,0,0,264,1,256,166,137,2023-04-15,Data Clerk
LAG014,Cottage Hospital Lagos Island II,Lagos,Lagos Island,2024-09-30,618,5,3,1598,28,97,1,0,1061,17,1102,909,749,2024-10-13,M&E Officer
LAG007,Primary Health Centre Ikorodu II,Lagos,Ikorodu,31/03/2022,363,8,6,408,1,39,2,1,377,4,280,168,151,2022-04-13,M&E Officer
RIV008,Teaching Hospital Obio/Akpor II,Rivers,Obio/Akpor,2022-02-28,915,60,49,3958,59,228,7,6,2454,49,2918,1655,1368,2022-03-29,Data Clerk
LAG006,Specialist Hospital Alimosho,Lagos,Alimosho,2022-07-31,909,926,18,5389,73,118,3,2,3842,66,4101,3881,,2022-08-18,Facility Focal Person
KAD003,Mission Hospital Zaria,Kaduna,Zaria,2024-11-30,1069,38,37,3095,23,302,4,3,2317,51,2616,2372,2067,2024-12-15,Facility Focal Person
FCT015,Comprehensive Health Centre Abaji II,FCT,Abaji,2023-03-31,127,4,3,801,10,21,1,0,613,13,600,394,347,2023-04-13,M&E Officer
AKS003,Model Primary Health Centre Eket,akwa ibom,Eket,2023-11-30,405,16,15,377,5,98,4,3,328,6,349,248,206,2023-12-15,Data Clerk
AKS004,  COMPREHENSIVE HEALTH CENTRE ETINAN ,Akwa Ibom,Etinan,31/10/2023,197,6,5,969,7,24,2,1,683,14,886,559,460,2023-11-13,M&E Officer
KAD006,Specialist Hospital Kaduna North II,Kaduna,Kaduna North,2023-04-30,2163,30,26,1628,18,539,5,4,1236,22,1263,1063,978,2023-05-15,Data Clerk
FCT006,Mission Hospital AMAC II,Federal Capital Territory,AMAC,2024-12-31,759,31,23,2118,22,101,0,0,1504,29,1472,941,830,2025-01-21,M&E Officer
NAS999,Comprehensive Health Centre Obudu II,Cross River,Obudu,2023-10-31,488,19,16,881,15,49,1,0,549,10,693,449,398,2023-11-11,M&E Officer
CRS001,Model Primary Health Centre Calabar Municipal,Cross River,Calabar Municipal,Mar-2024,248,11,10,693,8,53,4,3,451,5,541,427,399,2024-04-21,Facility Focal Person
KAD015,General Hospital Chikun II,Kaduna,Chikun,2024-08-31,432,11,8,1555,8,,2,1,1061,16,1438,803,783,2024-09-16,Data Clerk
BEN011,MODEL PRIMARY HEALTH CENTRE KATSINA-ALA II,Benue,Katsina-Ala,2022-08-31,175,7,6,316,2,33,1,0,180,1,282,168,149,2022-09-13,Data Clerk
NAS004,Cottage Hospital Akwanga,Nasarawa,Akwanga,2023-12-31,315,7,5,525,3,74,1,0,345,9,418,366,320,2024-01-11,Facility Focal Person
FCT003,Specialist Hospital Gwagwalada,F.C.T.,Gwagwalada,31/12/2024,631,16,15,4828,62,175,0,0,4097,69,3378,2487,2397,2025-01-11,M&E Officer
LAG008,Cottage Hospital Lagos Island II,Lagos,Lagos Island,2024-09-30,118,4,3,720,3,15,1,0,588,11,nil,532,518,2024-10-13,Data Clerk
CRS007,  Model Primary Health Centre Ikom II ,Cross River,Ikom,2023-08-31,133,4,3,301,3,33,0,0,175,2,215,175,157,2023-09-29,Facility Focal Person
NAS001,MODEL PRIMARY HEALTH CENTRE LAFIA,Nasarawa,Lafia,2023-11-30,151,0,0,420,6,44,0,0,252,6,322,185,  ,2023-12-15,Data Clerk
KAD015,General Hospital Chikun II,Kaduna,Chikun,2024-10-31,346,4,3,1524,20,35,0,0,873,15,1281,727,656,2024-11-15,M&E Officer
LAG009,Mission Hospital Badagry II,Lagos,Badagry,2024-05-31,612,12,11,2317,12,169,2,1,1728,38,1757,1221,1152,2024-06-18,Data Clerk
CRS008,Cottage Hospital Ogoja II,Cross River,Ogoja,2023-02-28,488,15,12,2228,36,100,1,0,1966,38,2027,1246,1118,2023-03-13,Facility Focal Person
NAS014,Teaching Hospital Akwanga II,Nasarawa,Akwanga,2022-12-31,1223,27,22,4825,30,205,3,2,3721,65,3718,2879,2478,2023-01-21,Data Clerk
KAD007,  Model Primary Health Centre Kaduna South II ,Kaduna,Kaduna South,2022-01-31,164,9,8,1133,4,26,0,0,853,16,904,671,570,2022-02-11,Data Clerk
LAG007,Primary Health Centre Ikorodu II,Lagos,Ikorodu,2024-10-31,N/A,12,8,651,2,55,0,0,431,5,571,470,422,2024-11-18,Data Clerk
LAG002,Specialist Hospital Lagos Island,Lagos,Lagos Island,2022-07-31,1976,105,85,5748,54,596,14,12,3552,54,4916,4358,3924,2022-08-15,Facility Focal Person
AKS015,Mission Hospital Uyo II,Akwa Ibom,Uyo,2023-01-31,630,-,33,"2,466",38,90,4,3,1842,44,2092,1728,1530,2023-02-13,Data Clerk
LAG007,Primary Health Centre Ikorodu II,Lagos,Ikorodu,Feb-2024,427,10,8,583,7,128,3,2,338,4,528,367,307,2024-03-13,Data Clerk
FCT014,  General Hospital Kuje II ,FCT,Kuje,2023-10-31,978,32,23,2486,44,266,7,6,1507,28,1730,1523,1318,2023-11-21,Facility Focal Person
FCT003,Specialist Hospital Gwagwalada,FCT,Gwagwalada,30/04/2023,615,14,10,5809,108,189,5,3,5029,91,5236,4601,4160,2023-05-13,M&E Officer
BEN006,Primary Health Centre Vandeikya,Benue,Vandeikya,31/10/2023,192,8,6,342,6,50,0,0,204,7,,259,230,2023-11-13,Data Clerk
FCT006,MISSION HOSPITAL AMAC II,FCT,AMAC,2022-01-31,533,17,13,2349,22,68,2,1,1329,26,1934,1657,1567,2022-02-16,Facility Focal Person
RIV012,Primary Health Centre Eleme II,Rivers,Eleme,2023-03-31,508,25,22,938,7,87,2,1,587,11,725,642,536,2023-04-13,Facility Focal Person
CRS013,Mission Hospital Ogoja II,Cross River,Ogoja,2023-04-30,253,3,2,805,9,42,1,0,711,10,705,462,440,2023-05-13,Data Clerk
NAS006,  Primary Health Centre Lafia II ,Nasarawa,Lafia,2022-12-31,239,N/A,6,979,12,67,1,0,555,14,676,448,421,2023-01-11,M&E Officer
BEN002,Specialist Hospital Gboko,Benue,Gboko,2022-05-31,2453,50,39,4946,73,649,10,8,4048,94,3772,2742,2455,2022-06-13,M&E Officer
FCT013,Cottage Hospital Gwagwalada II,FCT,Gwagwalada,2022-10-31,794,8,7,1393,3,231,1,0,1200,23,1211,992,907,2022-11-11,Data Clerk
FCT002,General Hospital Bwari,FCT,Bwari,2023-01-31,94,2,1,613,2,26,0,0,474,5,486,300,253,2023-02-13,M&E Officer
AKS012,Cottage Hospital Oron II,Akwa Ibom,Oron,2023-12-31,605,30,25,1063,3,84,2,1,672 ,16,772,696,615,2024-01-21,Data Clerk
RIV011,Model Primary Health Centre Degema II,Rivers,Degema,2023-11-30,311,17,13,896,4,64,1,0,521,13,658,418,393,2023-12-15,Data Clerk
CRS008,Cottage Hospital Ogoja II,Cross-River,Ogoja,2022-02-28,509,16,11,2407,24,117,4,3,1767,44,1653,1019,925,2022-03-21,M&E Officer
AKS014,Primary Health Centre Ikono II,akwa ibom,Ikono,2022-10-31,226,8,6,601,3,66,1,0,378,8,463,386,343,2022-11-29,Facility Focal Person
LAG012,Primary Health Centre Alimosho II,Lagos,Alimosho,2023-12-31,233,11,8,646,5,29,1,0,453,7,546,490,476,2024-01-18,Facility Focal Person
crs007,Model Primary Health Centre Ikom II,Cross River,Ikom,2022-01-31,73,1,0,313,2,7,1,0,261,4,221,203,187,2022-02-16,M&E Officer
lag003,Teaching Hospital Badagry,Lagos,Badagry,31/05/2022,2138,70,53,6040,59,265,7,6,5211,74,4873,2746,2284,2022-06-16,Data Clerk
TMP001,Cottage Hospital Ogoja II,Cross River,Ogoja,2023-09-30,527,32,26,2166,34,71,3,2,1441,23,1614,1050,1019,2023-11-15,Facility Focal Person
CRS008,Cottage Hospital Ogoja II,Cross River,Ogoja,Nov-2022,427,17,14,2294,44,47,2,1,2044,32,1684,1293,1191,2022-12-13,Data Clerk
BEN011,Model Primary Health Centre Katsina-Ala II,Benue,Katsina-Ala,2024-12-31,289,12,8,407,5,61,1,0,378,5,365,237,222,2025-01-13,M&E Officer
FCT013,  Cottage Hospital Gwagwalada II ,FCT,Gwagwalada,2023-02-28,773,6,5,1365,3,90,1,0,1258,25,1206,875,726,2023-03-13,Data Clerk
BEN004,General Hospital Okpokwu,Benue,Okpokwu,2023-03-31,1304,8,7,384,1,330,2,1,335,4,327,267,258,2023-04-18,M&E Officer
FCT008,  TEACHING HOSPITAL GWAGWALADA II ,fct,Gwagwalada,2024-07-31,979,46,45,4742,12,206,7,6,2775,45,3450,2914,2640,2024-08-29,M&E Officer
FCT014,General Hospital Kuje II,FCT,Kuje,31/03/2022,NULL,39,30,"2,508",32,204,4,3,2023,33,2295,1931,1609,2022-04-15,M&E Officer
LAG002,Specialist Hospital Lagos Island,Lagos,Lagos Island,2023-06-30,2533,135,126,5872,113,704,20,18,5473,99,5396,3679,3156,2023-07-13,M&E Officer
NAS014,Teaching Hospital Akwanga II,Nasarawa,Akwanga,30/06/2023,2285,96,77,4854,61,571,16,15,3712,77,4103,2505,2061,2023-07-29,Data Clerk
LAG010,Primary Health Centre Surulere II,Lagos,Surulere,31/07/2024,739,33,27,984,9,169,4,3,705,12,877,502,452,2024-08-11,M&E Officer
KAD012,COMPREHENSIVE HEALTH CENTRE KADUNA SOUTH II,Kaduna,Kaduna South,2023-10-31,424,6,4,632,12,128,2,1,424,5,573,435,358,2023-11-29,Data Clerk
LAG015,Model Primary Health Centre Badagry II,Lagos,Badagry,2024-08-31,290,6,-,1084,12,66,1,0,848,16,807,741,628,2024-09-11,Data Clerk
RIV008,  TEACHING HOSPITAL OBIO/AKPOR II ,Rivers,Obio/Akpor,2024-05-31,2405,110,86,4106,70,589,19,18,2415,42,3205,3013,2935,2024-06-11,M&E Officer
LAG011,Cottage Hospital Agege II,Lagos,Agege,31/10/2023,587,10,8,1659,7,145,0,0,1390,20,1195,1037,939,2023-11-13,Facility Focal Person
NAS004,  Cottage Hospital Akwanga ,Nasarawa,Akwanga,2023-05-31,404,7,6,478,4,105,0,0,278,5,336,268,228,2023-07-16,M&E Officer
kad010,Cottage Hospital Chikun II,Kaduna,Chikun,Nov-2024,210,8,5,968,5,21,0,0,698,13,794,603,544,2024-12-11,Data Clerk
BEN005,Model Primary Health Centre Katsina-Ala,Benue,Katsina-Ala,2024-05-31,681,20,17,562,10,175,1,0,495,8,438,273,250,2024-06-16,Data Clerk
CRS007,Model Primary Health Centre Ikom II,Cross River,Ikom,Jun-2024,137,1,0,306,4,20,0,0,184,1,275,218,206,2024-07-21,Data Clerk
KAD001,  Model Primary Health Centre Kaduna North ,Kaduna,Kaduna North,2023-05-31,205,4,3,769,5,58,0,0,621,11,649,376,316,2023-06-18,Data Clerk
RIV013,Mission Hospital Port Harcourt II,Rivers,Port Harcourt,2023-09-30,628,17,12,2131,34,112,3,2,1358,30,1688,1110,990,2023-10-21,Data Clerk
FCT001,Mission Hospital AMAC,FCT,AMAC,2024-11-30,936,10,8,1164,8,158,2,1,999,16,892,843,756,2024-12-13,Facility Focal Person
NAS010,Teaching Hospital Nasarawa II,Nasarawa,Nasarawa,31/03/2024,2521,130,99,5352,49,417,14,11,4482,87,4815,4432,4100,2024-04-18,Data Clerk
RIV015,Specialist Hospital Khana II,Rivers,Khana,2022-03-31,350,14,10,2481,40,54,0,0,2160,39,2051,1274,1168,2022-04-29,Data Clerk
LAG008,Cottage Hospital Lagos Island II,Lagos,Lagos Island,30/09/2023,68,1,0,778,1,15,0,0,729,12,653,464,391,2023-10-11,Facility Focal Person
FCT009,Model Primary Health Centre Kuje II,FCT,Kuje,2024-02-29,133,11,8,473,9,29,1,0,413,10,361,336,300,2024-03-15,Facility Focal Person
KAD005,Cottage Hospital Chikun,Kaduna,Chikun,2022-08-31,605,12,10,292,5,103,0,0,202,3,224,179,149,2022-09-16,M&E Officer
riv003,Comprehensive Health Centre Khana,Rivers,Khana,Apr-2022,271,16,12,1074,4,85,1,0,596,11,733,536,449,2022-05-16,Facility Focal Person
BEN007,Specialist Hospital Makurdi II,Benue,Makurdi,31/03/2024,320,9,7,1879,21,85,1,0,1328 ,17,1634,1499,1465,2024-04-15,Data Clerk
LAG007,Primary Health Centre Ikorodu II,Lagos,Ikorodu,2024-08-31,452,14,10,638,3,100,2,1,575,10,578,325,296,2024-09-15,Data Clerk
FCT006,Mission Hospital AMAC II,FCT,AMAC,2022-08-31,868,25,19,2308,7,178,1,0,1502,35,1760,1034,984,2022-09-11,Facility Focal Person
FCT009,Model Primary Health Centre Kuje II,Federal Capital Territory,Kuje,2022-06-30,117,12,9,440,5,34,0,0,363,9,327,331,161,2022-07-16,Data Clerk
LAG015,Model Primary Health Centre Badagry II,Lagos,Badagry,2023-05-31,248,4,3,1075,8,63,5,4,739,15,858,561,514,2023-06-21,Data Clerk
RIV014,Cottage Hospital Obio/Akpor II,Rivers,Obio/Akpor,2023-03-31,983,6,5,628,6,145,1,0,467,10,489,382,333,2023-04-24,Data Clerk
LAG005,Mission Hospital Agege,Lagos,Agege,2023-01-31,578,24,21,1591,23,162,3,2,1378,25,1103,866,768,2023-02-11,Data Clerk
BEN014,Comprehensive Health Centre Gboko II,Benue,Gboko,2022-01-31,422,5,4,908,13,92,1,0,785,9,651,546,522,2022-02-25,M&E Officer
AKS004,Comprehensive Health Centre Etinan,Akwa-Ibom,Etinan,2023-12-31,171,6,4,954,7,28,2,1,716,12,798,697,580,2024-01-11,Facility Focal Person
CRS005,Teaching Hospital Akamkpa,Cross River,Akamkpa,Oct-2024,975,40,29,4078,45,98,2,1,2251,37,3461,3134,2665,2024-11-29,M&E Officer
AKS003,Model Primary Health Centre Eket,Akwa Ibom,Eket,2022-06-30,490,8,7,166,2,123,1,0,125,1,134,102,95,2022-07-29,Facility Focal Person
KAD006,SPECIALIST HOSPITAL KADUNA NORTH II,Kaduna,Kaduna North,2023-11-30,1192,14,11,1677,17,279,1,0,1390,19,1356,1055,879,2023-12-29,Facility Focal Person
LAG013,Specialist Hospital Ikorodu II,Lagos,Ikorodu,31/05/2022,2046,72,60,5919,48,322,348,3,3509,71,4759,3434,3011,2022-06-15,Data Clerk
NAS003,Cottage Hospital Keffi,Nasarawa,Keffi,2023-04-30,337,11,9,1671,17,78,0,0,1009,19,1429,1260,1195,2023-05-21,Facility Focal Person
RIV006,  COTTAGE HOSPITAL ELEME ,rivers ,Eleme,May-2022,1425,61,60,2335,30,313,6,5,1411,28,1592,1104,1024,2022-06-11,M&E Officer
BEN007,Specialist Hospital Makurdi II,Benue,Makurdi,30/11/2023,251,1,0,1980,36,67,2,1,1554,25,1632,1192,1104,2023-12-16,M&E Officer
CRS011,Comprehensive Health Centre Calabar Municipal II,Cross River,Calabar Municipal,30/06/2024,471,8,7,498,0,76,1,0,379,9,383,344,322,2024-07-11,Facility Focal Person
LAG007,Primary Health Centre Ikorodu II,Lagos,Ikorodu,Aug-2023,534,25,22,530,4,112,4,3,420,6,400,349,290,2023-09-18,Data Clerk
FCT005,Primary Health Centre Abaji,FCT,Abaji,2023-06-30,650,20,15,527,6,65,1,0,419,6,478,272,228,2023-07-13,Facility Focal Person
CRS012,Model Primary Health Centre Ikom II,Cross-River,Ikom,2022-06-30,571,8,6,824,3,142,2,1,682,17,565,318,294,2022-07-16,M&E Officer
NAS005,Mission Hospital Nasarawa,Nasarawa,Nasarawa,2023-09-30,1285,30,25,564,4,247,1,0,485,9,484,-,289,2023-10-21,Data Clerk
BEN009,Primary Health Centre Otukpo II,Benue,Otukpo,2022-09-30,272,9,6,473,3,60,1,0,349,6,416,304,296,2022-10-11,M&E Officer
LAG007,  Primary Health Centre Ikorodu II ,Lagos,Ikorodu,31/12/2023,358,10,8,579,11,66,0,0,495,6,438,312,301,2024-01-13,Facility Focal Person
KAD008,Model Primary Health Centre Zaria II,Kaduna,Zaria,2023-06-30,318,19,16,1194,12,44,1,0,1029,19,970,569,470,2023-07-21,Facility Focal Person
BEN007,SPECIALIST HOSPITAL MAKURDI II,Benue,Makurdi,2024-04-30,295,5,4,1852,31,86,1,0,1216,19,1692,1196,1127,2024-05-13,Facility Focal Person
FCT012,Mission Hospital Bwari II,FCT,Bwari,2022-09-30,764,24,20,2718,11,148,1,0,2212,49,2479,1397,1333,2022-10-16,Data Clerk
AKS014,Primary Health Centre Ikono II,Akwa Ibom,Ikono,2023-08-31,179,6,4,612,9,52,1,0,338,8,464,361,328,2023-09-13,Data Clerk
NAS003,Cottage Hospital Keffi,Nasarawa,Keffi,2024-12-31,331,2,1,1406,14,73,1,0,  ,28,1246,1007,984,2025-01-13,Data Clerk
CRS006,Primary Health Centre Calabar Municipal II,cross river,Calabar Municipal,2023-10-31,404,29,23,1357,7,47,1,0,930,14,1022,703,685,2023-11-18,M&E Officer
NAS999,Comprehensive Health Centre Etinan II,Akwa Ibom,Etinan,2023-04-30,98,6,5,312,5,30,0,0,281,10,275,154,136,2023-05-13,Data Clerk
LAG009,Mission Hospital Badagry II,Lagos,Badagry,2022-05-31,538,13,10,2786,46,132,3,2,1645,25,2103,1621,1516,2022-06-16,Data Clerk
NAS999,GENERAL HOSPITAL EKET II,Akwa Ibom,Eket,2022-10-31,488,10,9,1773,7,79,2,1,1099,18,1518,1337,1204,2022-11-13,Data Clerk
CRS010,Comprehensive Health Centre Akamkpa II,Cross River,Akamkpa,30/11/2022,67,2,1,406,8,20,1,0,318,7,315,224,206,2022-12-13,Data Clerk
CRS012,Model Primary Health Centre Ikom II,Cross River,Ikom,2023-05-31,523,4,3,797,6,106,2,1,727,11,730,542,455,2023-06-13,Data Clerk
FCT006,Mission Hospital AMAC II,FCT,AMAC,2024-06-30,1176,41,29,2141,42,145,3,2,1511,27,1881,1762,1483,2024-07-13,Data Clerk
BEN015,Primary Health Centre Otukpo II,Benue,Otukpo,2024-01-31,155,9,6,742,10,29,0,0,nil,12,526,415,376,2024-02-13,Data Clerk
BEN002,Specialist Hospital Gboko,Benue,Gboko,2022-03-31,1908,31,25,4983,67,298,2,1,4093,62,3882,3495,2981,2022-04-13,Data Clerk
NAS015,  Specialist Hospital Nasarawa II ,Nasarawa,Nasarawa,2023-09-30,N/A,42,35,3213,36,315,5,4,2176,46,2863,2547,2124,2023-10-29,Facility Focal Person
LAG010,Primary Health Centre Surulere II,Lagos,Surulere,2022-04-30,441,12,10,902,4,89,4,3,556,13,,679,619,2022-05-13,Data Clerk
KAD008,  Model Primary Health Centre Zaria II ,Kaduna,Zaria,Nov-2022,354,19,18,1225,4,84,2,1,836,16,1048,930,821,2022-12-21,Data Clerk
CRS010,Comprehensive Health Centre Akamkpa II,Cross River,Akamkpa,2024-01-31,64,1,0,364,7,12,0,0,275,9,320,234,205,2024-02-21,Data Clerk
KAD012,Comprehensive Health Centre Kaduna South II,Kaduna,Kaduna South,2024-04-30,548,11,9,628,10,162,2,1,369,8,442,298,268,2024-05-11,M&E Officer
CRS011,Comprehensive Health Centre Calabar Municipal II,cross river,Calabar Municipal,30/06/2022,390,6,5,450,4,102,0,0,406,7,366,343,290,2022-07-16,Facility Focal Person
FCT007,Specialist Hospital Bwari II,FCT,Bwari,2022-05-31,1793,44,-10,4515,59,384,7,5,4124,77,3287,2266,2212,2022-06-18,Facility Focal Person
NAS007,GENERAL HOSPITAL KARU II,Nasarawa,Karu,2023-05-31,704,3,2,2271,32,143,0,0,1763,34,1902,1286,1094,2023-06-11,Data Clerk
BEN008,Teaching Hospital Gboko II,Benue,Gboko,Mar-2023,,69,67,6163,46,487,7,5,5222,84,4685,3915,3463,2023-04-11,Data Clerk
AKS009,Primary Health Centre Ikot Ekpene II,Akwa Ibom,Ikot Ekpene,2024-09-30,106,6,5,233,2,25,0,0,179,2,209,152,145,2024-10-18,Facility Focal Person
LAG001,Primary Health Centre Ikorodu,Lagos,Ikorodu,2022-04-30,397,18,16,199,2,83,0,0,182,2,176,155,146,2022-05-15,Facility Focal Person
NAS003,Cottage Hospital Keffi,Nasarawa,Keffi,2024-01-31,280,4,2,1561,25,63,0,0,1284,25,1182,1014,837,2024-02-15,Data Clerk
LAG013,SPECIALIST HOSPITAL IKORODU II,Lagos,Ikorodu,2023-01-31,1454,58,52,"6,082",89,371,13,10,3677,68,4511,2821,nil,2023-02-16,Facility Focal Person
KAD007,Model Primary Health Centre Kaduna South II,Kaduna,Kaduna South,31/10/2024,317,17,15,1132,6,46,0,0,730,11,818,454,389,2024-11-18,Data Clerk
fct002,GENERAL HOSPITAL BWARI,Federal Capital Territory,Bwari,2024-04-30,141,9,7,573,7,29,1,0,543,14,524,417,371,2024-05-11,M&E Officer
LAG002,SPECIALIST HOSPITAL LAGOS ISLAND,Lagos,Lagos Island,Oct-2023,1558,92,88,5819,96,234,5,4,5357,97,4938,3216,2976,2023-11-11,M&E Officer
LAG010,Primary Health Centre Surulere II,Lagos,Surulere,2022-03-31,395,18,13,896,17,80,2,1,627,12,710,421,404,2022-04-15,Facility Focal Person
AKS008,Primary Health Centre Uyo II,Akwa Ibom,Uyo,2022-09-30,88,1,0,84,1,16,0,0,69,2,68,57,53,2022-10-16,M&E Officer
CRS014,Comprehensive Health Centre Obudu II,Cross River,Obudu,2023-09-30,303,9,6,154,1,61,0,0,92,1,110,77,64,2023-10-11,Facility Focal Person
LAG012,PRIMARY HEALTH CENTRE ALIMOSHO II,Lagos,Alimosho,2024-04-30,276,11,8,654,8,30,0,0,510,6,581,539,524,2024-05-11,M&E Officer
RIV005,Mission Hospital Degema,RIVERS,Degema,2022-06-30,210,9,7,1501,15,26,1,0,1020,28,1096,645,576,2022-07-16,M&E Officer
RIV011,Model Primary Health Centre Degema II,RIVERS,Degema,2022-02-28,238,9,8,873,5,29,1,0,781,11,707,589,554,2022-03-21,Data Clerk
FCT005,Primary Health Centre Abaji,FCT,Abaji,2022-07-31,595,9,7,501,2,104,0,0,426,8,412,274,230,2022-08-15,Facility Focal Person
LAG012,Primary Health Centre Alimosho II,Lagos,Alimosho,Mar-2023,214,15,13,634,10,31,2,1,360,5,461,406,353,2023-04-21,Data Clerk
KAD006,Specialist Hospital Kaduna North II,Kaduna,Kaduna North,2023-05-31,-,19,13,1618,23,654,6,4,1500,29,1134,845,695,2023-06-15,M&E Officer
AKS004,COMPREHENSIVE HEALTH CENTRE ETINAN,Akwa Ibom,Etinan,2024-07-31,293,296,9,950,13,65,4,3,534,12,686,517,436,2024-08-16,M&E Officer
LAG009,Mission Hospital Badagry II,Lagos,Badagry,Feb-2023,370,411,5,2597,22,58,1,0,1876,25,2327,2186,2055,2023-03-21,M&E Officer
LAG006,  Specialist Hospital Alimosho ,Lagos,Alimosho,2024-09-30,1077,17,12,4486,54,164,2,1,3490,70,3885,2321,2109,2024-10-13,Facility Focal Person
BEN014,Comprehensive Health Centre Gboko II,Benue,Gboko,2024-06-30,488,5,4,751,14,119,0,0,443,10,577,389,378,2024-07-13,Data Clerk
AKS009,Primary Health Centre Ikot Ekpene II,Akwa Ibom,Ikot Ekpene,2024-08-31,71,2,1,230,3,14,0,0,207,5,173,129,112,2024-09-18,M&E Officer
RIV004,Model Primary Health Centre Ahoada East,Rivers,Ahoada East,2022-06-30,564,642,8,874,3,126,2,1,828,19,654,517,496,2022-07-13,Data Clerk
LAG015,  Model Primary Health Centre Badagry II ,Lagos,Badagry,2023-06-30,264,12,11,1080,6,76,3,2,936,14,782,615,524,2023-07-13,M&E Officer
CRS013,Mission Hospital Ogoja II,Cross River,Ogoja,2022-05-31,192,4,3,895,6,52,1,0,644,12,713,587,529,2022-06-13,Data Clerk
RIV001,Model Primary Health Centre Port Harcourt,Rivers,Port Harcourt,31/07/2023,120,1,0,961,3,28,0,0,565,1,864,791,704,2023-08-13,Data Clerk
FCT001,Mission Hospital AMAC,FCT,AMAC,2024-08-31,1037,3,2,1162,18,243,0,0,902,19,945,557,467,2024-09-15,M&E Officer
AKS004,Comprehensive Health Centre Etinan,AKWA IBOM,Etinan,31/05/2022,235,9,7,990,10,73,2,1,602,11,919,713,678,2022-06-15,Data Clerk
AKS015,Mission Hospital Uyo II,Akwa Ibom,Uyo,2024-04-30,737,23,19,2436,18,93,5,4,1985,37,1759,1018,996,2024-05-11,M&E Officer
AKS007,Teaching Hospital Ikono,Akwa Ibom,Ikono,2022-09-30,913,15,14,6495,42,225,2,1,6130,101,5831,3841,3181,2022-10-13,Facility Focal Person
RIV006,Cottage Hospital Eleme,RIVERS,Eleme,2022-04-30,1147,61,59,2305,25,200,8,6,1500,38,1631,1233,1166,2022-05-11,Facility Focal Person
NAS002,Cottage Hospital Karu,Nasarawa,Karu,30/09/2024,418,3,2,289,4,99,0,0,161,2,240,145,120,2024-10-15,Facility Focal Person
KAD006,  Specialist Hospital Kaduna North II ,Kaduna,Kaduna North,2022-08-31,1716,32,28,1588,11,376,5,4,1105,23,1210,948,864,2022-09-11,Data Clerk
NAS009,COTTAGE HOSPITAL AKWANGA II,Nasarawa,Akwanga,2024-06-30,1472,11,7,482,6,308,2,1,359,8,441,294,273,2024-08-15,Data Clerk
BEN010,MODEL PRIMARY HEALTH CENTRE OKPOKWU II,Benue,Okpokwu,2024-10-31,351,8,7,703,3,64,1,0,424 ,6,562,318,307,2024-11-16,Data Clerk
FCT007,SPECIALIST HOSPITAL BWARI II,FCT,Bwari,2022-02-28,1670,39,29,"4,590",31,422,10,9,2806,62,nil,2404,2017,2022-03-16,Facility Focal Person
CRS013,Mission Hospital Ogoja II,Cross River,Ogoja,Sep-2023,189,3,2,784,8,NULL,1,0,719,11,676,464,404,2023-10-16,Facility Focal Person
CRS004,Comprehensive Health Centre Obudu,Cross River,Obudu,2024-07-31,262,8,5,456,8,33,0,0,377,12,398,234,226,2024-08-11,Facility Focal Person
NAS001,Model Primary Health Centre Lafia,Nasarawa,Lafia,2024-01-31,123,0,0,415,5,38,0,0,350,5,366,329,275,2024-02-15,Facility Focal Person
BEN011,MODEL PRIMARY HEALTH CENTRE KATSINA-ALA II,Benue,Katsina-Ala,30/11/2023,207,7,5,358,3,49,1,0,216,4,328,266,232,2023-12-15,Facility Focal Person
XXX999,Comprehensive Health Centre Kaduna South II,Kaduna,Kaduna South,30/09/2022,442,10,8,657,4,127,1,0,443,2,454,377,320,2022-10-11,Data Clerk
BEN010,Model Primary Health Centre Okpokwu II,Benue,Okpokwu,2023-04-30,302,2,1,757,6,58,2,1,481,6,690,569,531,2023-05-16,M&E Officer
KAD002,TEACHING HOSPITAL KADUNA SOUTH,Kaduna,Kaduna South,2024-07-31,1952,25,18,3628,37,264,2,1,2282,43,3117,2622,2355,2024-08-18,M&E Officer
RIV009,Mission Hospital Khana II,Rivers,Khana,31/07/2023,489,5,4,798,12,62,0,0,730,15,600,511,441,2023-08-13,Data Clerk
aks006,Primary Health Centre Abak,Akwa Ibom,Abak,Feb-2023,438,12,9,331,5,51,0,0,182,4,257,143,132,2023-03-13,Facility Focal Person
BEN011,MODEL PRIMARY HEALTH CENTRE KATSINA-ALA II,Benue,Katsina-Ala,31/05/2024,258,8,7,384,6,53,0,0,260,5,263,228,212,2024-06-16,Facility Focal Person
FCT013,  Cottage Hospital Gwagwalada II ,Federal Capital Territory,Gwagwalada,2024-10-31,950,16,14,1250,23,N/A,4,3,1001,14,978,732,669,2024-11-15,Facility Focal Person
RIV012,Primary Health Centre Eleme II,Rivers,Eleme,2022-11-30,506,27,20,907,14,105,3,2,552,13,776,561,461,2022-12-21,Data Clerk
lag012,Primary Health Centre Alimosho II,Lagos,Alimosho,2022-10-31,235,9,6,628,2,44,1,0,378,5,513,413,354,2022-11-13,Data Clerk
FCT011,Cottage Hospital AMAC II,FCT,AMAC,2024-12-31,295,11,8,1947,28,70,1,0,1166,14,1695,1503,1381,2025-01-29,Facility Focal Person
LAG001,  Primary Health Centre Ikorodu ,Lagos,Ikorodu,2023-02-28,380,7,6,263,3,39,1,0,166,1,215,161,151,2023-03-16,M&E Officer
KAD007,Model Primary Health Centre Kaduna South II,Kaduna,Kaduna South,2023-05-31,184,13,11,"1,129",5,27,0,0,632,11,817,673,649,2023-06-13,Data Clerk
AKS004,Comprehensive Health Centre Etinan,Akwa Ibom,Etinan,2022-10-31,195,3,2,978,13,33,2,1,624,10,780,668,564,2022-11-16,Data Clerk
RIV003,COMPREHENSIVE HEALTH CENTRE KHANA,RIVERS,Khana,2024-10-31,385,19,13,1090,18,58,1,0,613,11,830,704,617,2024-11-15,Data Clerk
LAG008,Cottage Hospital Lagos Island II,Lagos,Lagos Island,2022-03-31,98,2,1,880,17,23,0,0,713,11,612,483,439,2022-04-18,M&E Officer
AKS001,Comprehensive Health Centre Uyo,Akwa Ibom,Uyo,2022-04-30,529,4,3,309,3,87,0,0,217,1,226,151,139,2022-05-11,Data Clerk
TMP001,MODEL PRIMARY HEALTH CENTRE EKET,Akwa Ibom,Eket,2022-03-31,505,17,14,143,1,74,0,0,94,5,104,65,57,2022-04-15,Facility Focal Person
LAG004,Comprehensive Health Centre Surulere,Lagos,Surulere,2024-08-31,593,622,5,612,10,189,2,1,517,11,440,291,262,2024-09-15,Facility Focal Person
AKS013,Model Primary Health Centre Abak II,Akwa Ibom,Abak,2024-12-31,386,13,10,729,3,81,0,0,620,10,626,488,477,2025-01-13,Data Clerk
crs005,Teaching Hospital Akamkpa,Cross River,Akamkpa,31/05/2023,975,44,38,4228,80,nil,4,3,3236,71,3797,3043,2585,2023-06-16,Facility Focal Person
AKS001,Comprehensive Health Centre Uyo,Akwa Ibom,Uyo,2022-06-30,571,8,7,314,5,99,0,0,215 ,3,253,175,150,2022-07-29,Facility Focal Person
ben005,Model Primary Health Centre Katsina-Ala,Benue,Katsina-Ala,2024-03-31,672,17,12,546,9,106,2,1,374,6,374,276,245,2024-04-11,M&E Officer
RIV011,  Model Primary Health Centre Degema II ,rivers ,Degema,Aug-2023,365,12,11,881,11,54,0,0,721,16,648,541,513,2023-09-18,Facility Focal Person
FCT013,COTTAGE HOSPITAL GWAGWALADA II,FCT,Gwagwalada,2022-08-31,897,11,8,1405,25,281,2,1,1271,24,988,675,586,2022-09-15,M&E Officer
AKS007,TEACHING HOSPITAL IKONO,Akwa Ibom,Ikono,2023-01-31,716,7,5,6276,21,162,0,0,5936,113,5137,3711,3043,2023-02-11,Data Clerk
riv015,Specialist Hospital Khana II,Rivers,Khana,31/08/2023,419,26,25,2356,25,52,4,3,2043,29,1749,1608,1452,2023-09-21,Data Clerk
FCT013,Cottage Hospital Gwagwalada II,F.C.T.,Gwagwalada,2022-03-31,888,6,5,1409,17,186,1,0,1002,20,1264,758,625,2022-04-13,Facility Focal Person
AKS007,Teaching Hospital Ikono,Akwa Ibom,Ikono,2024-03-31,1294,19,17,5450,51,291,3,2,4092,68,4961,N/A,3442,2024-04-21,Data Clerk
KAD007,Model Primary Health Centre Kaduna South II,Kaduna,Kaduna South,2024-11-30,258,11,9,1130,11,72,2,1,675,8,1030,731,672,2024-12-29,M&E Officer
CRS011,Comprehensive Health Centre Calabar Municipal II,Cross River,Calabar Municipal,2023-04-30,389,10,7,471,1,106,1,0,360,8,431,318,263,2023-05-15,Data Clerk
BEN003,General Hospital Otukpo,Benue,Otukpo,2022-09-30,458,13,10,2521,38,66,2,1,2387,43,1924,1203,1041,2022-10-16,M&E Officer
CRS013,Mission Hospital Ogoja II,Cross River,Ogoja,2024-02-29,196,3,2,761,2,25,0,0,629,9,691,451,426,2024-03-11,M&E Officer
NAS007,General Hospital Karu II,Nasarawa,Karu,31/05/2022,651,2,1,2618,47,133,1,0,2072,46,1916,1390,1335,2022-06-13,M&E Officer
CRS009,Comprehensive Health Centre Obudu II,Cross River,Obudu,31/05/2023,496,17,13,830,11,111,7,6,635,10,617,442,377,2023-06-13,M&E Officer
KAD006,Specialist Hospital Kaduna North II,Kaduna,Kaduna North,31/03/2023,1755,24,19,1620,10,558,4,3,1017,23,1473,1308,1230,2023-04-15,M&E Officer
CRS006,Primary Health Centre Calabar Municipal II,cross river,Calabar Municipal,30/09/2022,465,25,20,1287,13,145,2,1,757,13,1148,887,804,2022-10-15,M&E Officer
FCT012,MISSION HOSPITAL BWARI II,FCT,Bwari,31/12/2022,834,40,35,2734,22,178,9,8,2043,33,2045,1727,1601,2023-01-16,Facility Focal Person
FCT015,Comprehensive Health Centre Abaji II,FCT,Abaji,2022-12-31,106,4,3,827,16,21,0,0,625,11,688,574,516,2023-01-21,Data Clerk
BEN013,Model Primary Health Centre Makurdi II,Benue,Makurdi,2023-07-31,632,24,18,580,8,73,1,0,509,11,445,292,253,2023-08-21,Data Clerk
BEN015,  Primary Health Centre Otukpo II ,Benue,Otukpo,2024-02-29,153,6,5,742,5,27,2,1,624,6,574,537,514,2024-03-21,Facility Focal Person
NAS014,Teaching Hospital Akwanga II,Nasarawa,Akwanga,2024-02-29,2156,77,74,4974,48,463,10,9,3044,42,4477,3102,2685,2024-03-15,Facility Focal Person
FCT005,Primary Health Centre Abaji,FCT,Abaji,2024-01-31,423,10,7,536,6,48,1,0,356,6,439,265,246,2024-02-11,M&E Officer
KAD001,Model Primary Health Centre Kaduna North,Kaduna,Kaduna North,2023-02-28,164,10,9,766,13,42,1,0,616,7,530,334,323,2023-03-11,M&E Officer
CRS013,Mission Hospital Ogoja II,Cross River,Ogoja,30/06/2023,297,2,1,797,6,64,0,0,575,7,556,383,346,2023-07-29,M&E Officer
NAS008,COMPREHENSIVE HEALTH CENTRE KEFFI II,Nasarawa,Keffi,2023-11-30,51,0,0,802,12,10,0,0,748,16,562,315,268,2024-01-15,Data Clerk
CRS006,Primary Health Centre Calabar Municipal II,Cross River,Calabar Municipal,2024-12-31,568,19,17,1446,3,117,5,3,802,16,1180,944,919,2025-01-21,M&E Officer
LAG011,Cottage Hospital Agege II,Lagos,Agege,28/02/2023,452,8,7,1727,9,99,1,0,1081,15,1529,1077,1039,2023-03-21,Facility Focal Person
CRS014,  Comprehensive Health Centre Obudu II ,Cross River,Obudu,Apr-2023,409,4,3,137,1,92,3,2,86,3,101,89,78,2023-05-15,M&E Officer
FCT006,Mission Hospital AMAC II,FCT,AMAC,Mar-2024,817,34,31,2166,14,147,2,1,1923,43,1576,1209,1106,2024-04-29,M&E Officer
LAG010,PRIMARY HEALTH CENTRE SURULERE II,Lagos,Surulere,31/12/2024,511,17,16,1015,8,71,1,0,660,19,871,555,531,2025-01-13,Facility Focal Person
LAG005,Mission Hospital Agege,Lagos,Agege,2022-02-28,656,20,17,1460,11,158,2,1,961,11,1217,821,785,2022-03-13,Data Clerk
CRS005,Teaching Hospital Akamkpa,Cross River,Akamkpa,2023-03-31,1002,30,29,4321,48,223,7,6,3168,53,3402,2296,1907,2023-04-11,M&E Officer
BEN007,SPECIALIST HOSPITAL MAKURDI II,Benue,Makurdi,2023-02-28,235,0,0,2138,5,58,0,0,1382,30,1540,975,836,2023-03-16,M&E Officer
KAD002,Teaching Hospital Kaduna South,Kaduna,Kaduna South,2022-08-31,1774,27,23,4360,68,,2,1,2405,39,2964,1645,1611,2022-09-15,M&E Officer
BEN013,  Model Primary Health Centre Makurdi II ,Benue,Makurdi,2024-10-31,544,26,24,849,6,105,3,2,608,6,763,652,600,2024-11-21,Facility Focal Person
NAS010,Teaching Hospital Nasarawa II,Nasarawa,Nasarawa,2023-09-30,2658,143,139,5206,50,479,20,16,4471,78,3831,2660,2564,2023-10-16,Data Clerk
FCT009,  Model Primary Health Centre Kuje II ,F.C.T.,Kuje,2024-05-31,158,8,5,478,3,43,0,0,289,6,405,250,229,2024-06-29,Data Clerk
FCT014,  General Hospital Kuje II ,FCT,Kuje,2023-07-31,N/A,34,32,2513,42,175,2,1,-,38,1785,1067,,2023-08-11,M&E Officer
KAD003,Mission Hospital Zaria,Kaduna,Zaria,30/04/2024,1247,53,43,2830,23,392,13,11,2590,44,2202,1741,1517,2024-05-18,Facility Focal Person
NAS001,Model Primary Health Centre Lafia,Nasarawa,Lafia,31/12/2024,133,2,1,376,7,21,0,0,263,7,330,247,225,2025-01-15,M&E Officer
RIV003,Comprehensive Health Centre Khana,Rivers,Khana,Nov-2022,265,9,8,1047,11,62,0,0,909,18,757,548,451,2022-12-16,Data Clerk
CRS012,Model Primary Health Centre Ikom II,Cross River,Ikom,2024-08-31,609,8,6,765,5,89,0,0,530,7,660,620,511,2024-09-18,M&E Officer
BEN012,Cottage Hospital Vandeikya II,Benue,Vandeikya,2023-10-31,5570,4,3,455,8,168,0,0,353,7,342,294,246,2023-11-11,Data Clerk
AKS004,Comprehensive Health Centre Etinan,Akwa Ibom,Etinan,2022-03-31,198,1,0,1005,7,61,0,0,941,10,903,509,455,2022-04-18,Facility Focal Person
FCT004,Model Primary Health Centre Kuje,FCT,Kuje,2022-12-31,349,10,8,1304,18,104,3,2,838,15,1171,-,885,2023-01-11,Data Clerk
CRS010,Comprehensive Health Centre Akamkpa II,Cross River,Akamkpa,30/06/2024,100,0,0,343,6,17,0,0,228,6,235,143,128,2024-07-13,Facility Focal Person
BEN003,GENERAL HOSPITAL OTUKPO,Benue,Otukpo,2023-06-30,653,16,12,2462,28,74,3,2,1664,23,1790,1351,1235,2023-07-11,M&E Officer
NAS004,Cottage Hospital Akwanga,Nasarawa,Akwanga,31/03/2023,310,15,14,473,4,61,3,2,278,6,339,213,194,2023-04-13,Data Clerk
AKS007,Teaching Hospital Ikono,Akwa-Ibom,Ikono,2023-05-31,1282,14,9,6055,102,135,1,0,5383,94,5598,3371,2900,2023-06-16,M&E Officer
AKS002,General Hospital Ikot Ekpene,Akwa Ibom,Ikot Ekpene,2024-07-31,306,2,1,543,8,N/A,1,0,390,7,451,319,296,2024-08-13,Data Clerk
NAS006,Primary Health Centre Lafia II,Nasarawa,Lafia,2022-09-30,250,6,4,1003,10,51,0,0,604,10,797,668,578,2022-10-21,Data Clerk
BEN015,Primary Health Centre Otukpo II,Benue,Otukpo,31/12/2023,138,4,3,746,9,35,0,0,445,9,549,481,402,2024-01-15,Data Clerk
LAG013,Specialist Hospital Ikorodu II,Lagos,Ikorodu,2024-01-31,1549,44,43,6184,29,237,3,2,4573,81,5296,3406,3071,2024-02-13,Data Clerk
CRS002,Comprehensive Health Centre Ikom,Cross River,Ikom,2023-03-31,159,10,7,203,3,37,1,0,155,3,164,126,116,2023-04-13,Data Clerk
FCT002,General Hospital Bwari,FCT,Bwari,Jan-2022,66,7,5,658,11,7,0,0,N/A,7,607,460,426,2022-02-13,Data Clerk
AKS015,  MISSION HOSPITAL UYO II ,Akwa Ibom,Uyo,2024-09-30,777,28,27,2429,39,159,6,5,2270,46,1716,1598,1467,2024-10-18,Data Clerk
KAD005,Cottage Hospital Chikun,Kaduna,Chikun,2023-08-31,781,N/A,14,343,2,147,0,0,299,11,246,317,137,2023-09-15,Facility Focal Person
AKS004,COMPREHENSIVE HEALTH CENTRE ETINAN,Akwa Ibom,Etinan,2023-06-30,275,14,13,965,6,31,0,0,552,9,680,627,547,2023-07-13,Data Clerk
LAG015,Model Primary Health Centre Badagry II,Lagos,Badagry,2023-02-28,240,6,4,1084,15,35,0,0,694 ,14,750,493,406,2023-03-15,M&E Officer
BEN005,Model Primary Health Centre Katsina-Ala,Benue,Katsina-Ala,2024-11-30,651,22,15,587,7,203,3,2,415,3,455,264,256,2024-12-16,Facility Focal Person
NAS005,MISSION HOSPITAL NASARAWA,Nasarawa,Nasarawa,31/07/2023,1538,36,34,508,8,375,4,3,305,11,376,316,275,2023-08-16,Facility Focal Person
LAG011,  Cottage Hospital Agege II ,Lagos,Agege,2022-01-31,412,11,8,1865,31,72,2,1,1581,19,1618,1133,1050,2022-02-18,M&E Officer
NAS004,Cottage Hospital Akwanga,Nasarawa,Akwanga,2023-04-30,312,11,8,476,5,73,5,3,399,7,410,248,,2023-05-18,Data Clerk
CRS013,Mission Hospital Ogoja II,Cross-River,Ogoja,2023-01-31,235,5,4,833,12,29,0,0,770,19,605,366,307,2023-02-21,M&E Officer
LAG013,Specialist Hospital Ikorodu II,Lagos,Ikorodu,30/04/2024,2535,114,83,6197,72,732,14,13,5368,99,4840,4159,3816,2024-05-16,Data Clerk
AKS014,Primary Health Centre Ikono II,Akwa Ibom,Ikono,May-2023,196,8,6,601,4,41,0,0,464,13,533,501,413,2023-06-18,Data Clerk
LAG002,  Specialist Hospital Lagos Island ,Lagos,Lagos Island,2022-03-31,1920,82,59,5467,109,360,10,8,4706,104,4035,2380,2291,2022-04-15,M&E Officer
ben004,  General Hospital Okpokwu ,Benue,Okpokwu,2024-04-30,1353,9,6,405,6,270,0,0,267,7,364,341,304,2024-05-15,Facility Focal Person
KAD011,Primary Health Centre Kaduna North II,Kaduna,Kaduna North,2024-10-31,267,11,10,589,3,36,0,0,330,5,432,321,270,2024-11-15,Facility Focal Person
CRS010,Comprehensive Health Centre Akamkpa II,Cross River,Akamkpa,2023-01-31,76,0,0,402,3,8,0,0,377 ,7,275,179,170,2023-02-24,Facility Focal Person
NAS006,Primary Health Centre Lafia II,Nasarawa,Lafia,2022-04-30,215,5,4,1032,13,27,1,0,774,15,746,483,432,2022-05-21,M&E Officer
CRS011,  COMPREHENSIVE HEALTH CENTRE CALABAR MUNICIPAL II ,Cross River,Calabar Municipal,30/09/2024,308,4,3,503,1,56,1,0,343,2,432,302,253,2024-10-13,M&E Officer
CRS004,Comprehensive Health Centre Obudu,Cross River,Obudu,2022-05-31,204,5,NULL,466,2,36,1,0,420,7,408,318,274,2022-06-11,M&E Officer
NAS002,Cottage Hospital Karu,Nasarawa,Karu,2022-01-31,364,3,2,318,5,nil,0,0,238,7,247,213,191,2022-02-11,M&E Officer
LAG005,Mission Hospital Agege,Lagos,Agege,2023-03-31,11740,31,24,1592,19,185,5,4,1145,24,1417,807,677,2023-04-11,M&E Officer
FCT008,Teaching Hospital Gwagwalada II,FCT,Gwagwalada,2022-03-31,618,32,28,5476,80,140,7,6,4536,85,4338,2587,2475,2022-04-11,Facility Focal Person
KAD003,MISSION HOSPITAL ZARIA,Kaduna,Zaria,2024-06-30,1648,87,78,2898,35,302,8,6,1907,43,2503,1658,1360,2024-07-21,M&E Officer
RIV011,Model Primary Health Centre Degema II,Rivers,Degema,Jul-2023,359,17,13,881,14,39,1,0,576,13,697,471,387,2023-08-15,Data Clerk
LAG001,Primary Health Centre Ikorodu,Lagos,Ikorodu,31/07/2024,611,14,10,402,1,83,1,0,340,8,306,281,238,2024-08-16,Data Clerk
RIV014,Cottage Hospital Obio/Akpor II,Rivers,Obio/Akpor,2023-07-31,1245,13,12,639,4,339,3,2,547,9,587,398,367,2023-08-18,M&E Officer
RIV014,COTTAGE HOSPITAL OBIO/AKPOR II,Rivers,Obio/Akpor,2023-11-30,1112,13,11,669,4,274,3,2,458,10,570,540,448,2023-12-16,Facility Focal Person
RIV010,Teaching Hospital Ahoada East II,Rivers,Ahoada East,31/07/2023,846,25,N/A,3128,13,117,4,3,2719,44,2154,1525,1373,2023-08-16,Facility Focal Person
BEN008,Teaching Hospital Gboko II,Benue,Gboko,2022-08-31,2417,52,43,6221,46,700,6,4,5348,87,5421,4714,4545,2022-09-11,M&E Officer
KAD002,Teaching Hospital Kaduna South,Kaduna,Kaduna South,2023-03-31,1046,17,13,"4,102",60,274,0,0,2606,51,2929,2719,2457,2023-04-11,Facility Focal Person
NAS999,Cottage Hospital Ogoja II,cross river,Ogoja,2024-11-30,nil,31,22,2126,41,149,5,4,1502,23,1621,1311,1149,2024-12-16,Facility Focal Person
KAD001,Model Primary Health Centre Kaduna North,Kaduna,Kaduna North,2023-06-30,215,13,11,768,12,62,3,2,621,10,650,471,416,2023-07-13,Facility Focal Person
AKS011,Comprehensive Health Centre Etinan II,Akwa-Ibom,Etinan,2022-05-31,134,10,8,290,1,16,1,0,238,3,265,247,237,2022-06-11,Data Clerk
NAS015,Specialist Hospital Nasarawa II,Nasarawa,Nasarawa,28/02/2022,981,44,38,3113,27,179,4,3,2406,49,2623,2137,2013,2022-03-15,Facility Focal Person
CRS002,Comprehensive Health Centre Ikom,Cross River,Ikom,31/07/2023,186,8,6,224,0,47,2,1,152,5,166,116,105,2023-08-16,M&E Officer
LAG015,Model Primary Health Centre Badagry II,Lagos,Badagry,2022-06-30,291,13,11,1139,13,46,4,3,981,18,1026,942,784,2022-07-16,Facility Focal Person
AKS001,COMPREHENSIVE HEALTH CENTRE UYO,Akwa Ibom,Uyo,2024-04-30,600,5,3,321,4,72,1,0,204,5,276,166,141,2024-05-15,Facility Focal Person
AKS014,Primary Health Centre Ikono II,akwa ibom,Ikono,30/06/2022,283,9,8,602,5,81,0,0,384,8,554,348,298,2022-07-21,Facility Focal Person
AKS015,Mission Hospital Uyo II,akwa ibom,Uyo,31/10/2023,579,27,19,2452,20,80,0,0,1598,27,2009,1888,1591,2023-12-16,Data Clerk
RIV006,Cottage Hospital Eleme,Rivers,Eleme,2022-06-30,1500,70,52,2381,6,452,21,19,1578,18,2157,1555,1462,2022-07-13,Data Clerk
AKS002,General Hospital Ikot Ekpene,akwa ibom,Ikot Ekpene,2023-08-31,307,5,4,609,10,82,0,0,555,5,514,365,317,2023-09-18,Data Clerk
riv003,Comprehensive Health Centre Khana,Rivers,Khana,2024-03-31,382,12,11,1057,20,91,3,2,923,20,943,810,760,2024-04-13,Facility Focal Person
AKS009,Primary Health Centre Ikot Ekpene II,Akwa-Ibom,Ikot Ekpene,31/03/2023,81,3,2,227,1,13,0,0,135,4,191,129,108,2023-04-21,M&E Officer
KAD002,TEACHING HOSPITAL KADUNA SOUTH,Kaduna,Kaduna South,2024-11-30,1964,24,22,3475,64,535,5,4,2525,51,2625,2236,N/A,2024-12-29,M&E Officer
KAD005,Cottage Hospital Chikun,Kaduna,Chikun,Jul-2024,738,15,14,386,7,105,1,0,300,9,349,264,224,2024-08-24,Data Clerk
BEN006,  Primary Health Centre Vandeikya ,Benue,Vandeikya,2023-09-30,221,10,8,342,3,38,0,0,298,7,292,204,192,2023-10-11,Data Clerk
LAG008,Cottage Hospital Lagos Island II,Lagos,Lagos Island,30/11/2023,111,5,3,762,10,18,0,0,656,13,598,490,408,2023-12-13,M&E Officer
RIV003,Comprehensive Health Centre Khana,rivers ,Khana,2023-01-31,265,16,14,1033,18,35,1,0,959,14,717,673,623,2023-02-21,Data Clerk
LAG013,Specialist Hospital Ikorodu II,Lagos,Ikorodu,2022-08-31,nil,94,66,6028,95,647,14,11,4291,85,4637,2597,2422,2022-09-11,Facility Focal Person
BEN006,Primary Health Centre Vandeikya,Benue,Vandeikya,2024-01-31,196,4,3,343,4,34,1,0,288,8,307,209,202,2024-02-16,Facility Focal Person
KAD005,COTTAGE HOSPITAL CHIKUN,Kaduna,Chikun,Dec-2022,451,5,4,301,3,80,0,0,177,3,271,210,184,2023-01-15,Data Clerk
RIV015,Specialist Hospital Khana II,Rivers,Khana,2022-06-30,406,24,18,2408,39,82,2,1,1956,34,1783,1584,1489,2022-07-16,M&E Officer
AKS010,General Hospital Eket II,AKWA IBOM,Eket,Jan-2023,553,8,6,1732,9,135,0,0,1021,13,1333,1010,977,2023-02-11,Data Clerk
aks002,General Hospital Ikot Ekpene,Akwa-Ibom,Ikot Ekpene,2022-12-31,187,3,2,637,11,37,0,0,580,609,461,399,362,2023-01-11,Data Clerk
KAD006,SPECIALIST HOSPITAL KADUNA NORTH II,Kaduna,Kaduna North,31/03/2022,2230,32,27,"1,503",26,443,1,0,1087,21,1301,1005,950,2022-04-13,M&E Officer
AKS003,Model Primary Health Centre Eket,Akwa Ibom,Eket,2024-11-30,696,18,12,492,6,90,2,1,424,4,413,367,353,2024-12-11,M&E Officer
FCT007,Specialist Hospital Bwari II,FCT,Bwari,29/02/2024,2357,46,32,4155,64,624,8,6,2399,42,3207,2132,2051,2024-03-18,M&E Officer
RIV015,Specialist Hospital Khana II,Rivers,Khana,2024-12-31,430,32,30,21820,11,73,0,0,2000,36,1803,1398,1327,2025-01-18,Data Clerk
FCT004,Model Primary Health Centre Kuje,FCT,Kuje,2023-11-30,319,11,10,1281,23,96,6,4,1076,20,904,619,521,2023-12-15,Facility Focal Person
FCT003,  Specialist Hospital Gwagwalada ,FCT,Gwagwalada,2024-10-31,468,9,8,4894,37,86,1,0,4583,85,3588,2196,2150,2024-11-16,Data Clerk
BEN002,SPECIALIST HOSPITAL GBOKO,Benue,Gboko,31/05/2024,3188,59,46,4373,81,966,8,7,3107,61,3901,3224,3017,2024-06-11,M&E Officer
NAS001,Model Primary Health Centre Lafia,Nasarawa,Lafia,2022-09-30,199,2,1,475,7,28,0,0,326,2,386,308,291,2022-10-15,M&E Officer
FCT004,Model Primary Health Centre Kuje,F.C.T.,Kuje,2024-09-30,356,18,14,1245,9,50,1,0,1155,19,909,587,554,2024-10-13,Data Clerk
KAD005,Cottage Hospital Chikun,Kaduna,Chikun,2022-02-28,427,7,6,269,2,97,0,0,230,2,245,180,158,2022-03-15,Facility Focal Person
KAD013,Specialist Hospital Zaria II,Kaduna,Zaria,2023-08-31,2515,83,75,2549,5,584,17,16,1667,36,1882,1233,1141,2023-09-11,Facility Focal Person
LAG007,Primary Health Centre Ikorodu II,Lagos,Ikorodu,2022-05-31,402,14,13,419,6,85,2,1,277,4,361,316,289,2022-06-18,Facility Focal Person
LAG004,Comprehensive Health Centre Surulere,Lagos,Surulere,2024-06-30,617,6,4,615,5,126,0,0,463,7,458,425,381,2024-07-11,M&E Officer
BEN001,Mission Hospital Makurdi,Benue,Makurdi,Oct-2023,889,5,3,1829,12,96,0,0,1200,22,1332,894,761,2023-11-15,M&E Officer
LAG010,Primary Health Centre Surulere II,Lagos,Surulere,2024-05-31,656,25,17,965,9,193,9,8,640,10,694,445,426,2024-06-18,M&E Officer
crs011,Comprehensive Health Centre Calabar Municipal II,Cross River,Calabar Municipal,2022-01-31,151,5,4,459,2,20,0,0,309,5,349,325,281,2022-02-11,Facility Focal Person
KAD012,Comprehensive Health Centre Kaduna South II,Kaduna,Kaduna South,2024-05-31,549,9,7,633,2,136,2,1,578 ,8,542,422,350,2024-06-16,M&E Officer
FCT007,  Specialist Hospital Bwari II ,FCT,Bwari,Oct-2023,1889,40,38,4318,13,252,6,5,3353,65,3536,3191,3045,2023-11-11,M&E Officer
AKS015,Mission Hospital Uyo II,Akwa Ibom,Uyo,2023-08-31,776,32,29,2465,11,236,8,7,1541,26,2099,1221,1003,2023-09-18,Facility Focal Person
FCT004,MODEL PRIMARY HEALTH CENTRE KUJE,FCT,Kuje,May-2023,430,21,16,1310,7,68,1,0,858,12,1054,708,639,2023-06-29,Facility Focal Person
FCT015,Comprehensive Health Centre Abaji II,FCT,Abaji,2024-09-30,107,5,4,745,12,N/A,1,0,605,10,618,492,471,2024-10-11,Facility Focal Person
KAD006,Specialist Hospital Kaduna North II,Kaduna,Kaduna North,2022-10-31,1280,15,11,1585,22,283,2,1,936,19,1447,1268,1165,2022-11-16,M&E Officer
BEN010,Model Primary Health Centre Okpokwu II,Benue,Okpokwu,2024-05-31,  ,5,4,710,4,102,1,0,442,8,650,404,336,2024-06-11,M&E Officer
FCT012,MISSION HOSPITAL BWARI II,FCT,Bwari,2024-06-30,1562,63,57,2930,-6,454,8,7,2422,38,2637,2132,1806,2024-07-21,Facility Focal Person
RIV004,  MODEL PRIMARY HEALTH CENTRE AHOADA EAST ,Rivers,Ahoada East,2024-10-31,537,13,10,861,4,83,1,0,655,13,729,681,572,2024-11-13,Data Clerk
RIV002,TEACHING HOSPITAL OBIO/AKPOR,Rivers,Obio/Akpor,2024-04-30,2072,49,42,4264,49,620,7,5,4018,76,3679,3096,2805,2024-05-11,M&E Officer
BEN012,Cottage Hospital Vandeikya II,Benue,Vandeikya,2023-06-30,793,4,3,459,1,191,0,0,282 ,6,360,310,287,2023-07-29,M&E Officer
CRS014,Comprehensive Health Centre Obudu II,Cross River,Obudu,2023-03-31,3230,10,8,135,1,78,0,0,128,1,121,93,76,2023-04-29,M&E Officer
NAS014,Teaching Hospital Akwanga II,Nasarawa,Akwanga,31/05/2024,2251,53,51,5068,34,667,14,13,3864,64,4042,2613,2207,2024-06-11,Data Clerk
KAD012,  COMPREHENSIVE HEALTH CENTRE KADUNA SOUTH II ,Kaduna,Kaduna South,2024-10-31,397,8,6,637,10,88,2,1,576,7,542,327,272,2024-11-18,Data Clerk
LAG099,Cottage Hospital Keffi,Nasarawa,Keffi,2023-08-31,301,2,1,1619,17,48,1,0,1453,27,1240,1031,983,2023-09-13,Facility Focal Person
AKS002,General Hospital Ikot Ekpene,Akwa Ibom,Ikot Ekpene,2024-01-31,228,2,1,582,5,39,0,0,540,3,518,319,272,2024-02-15,Data Clerk
LAG010,  Primary Health Centre Surulere II ,Lagos,Surulere,2024-06-30,614,10,8,966,7,78,2,1,899,16,775,516,448,2024-07-18,Data Clerk
RIV004,Model Primary Health Centre Ahoada East,Rivers,Ahoada East,Dec-2023,275,3,2,840,13,46,1,0,474,7,733,520,479,2024-01-11,Data Clerk
AKS003,MODEL PRIMARY HEALTH CENTRE EKET,Akwa Ibom,Eket,2023-09-30,716,27,21,353,2,122,4,3,289,2,267,230,212,2023-10-13,M&E Officer
RIV004,Model Primary Health Centre Ahoada East,Rivers,Ahoada East,2023-07-31,,10,7,854,2,93,0,0,742,19,674,529,481,2023-08-21,M&E Officer
CRS010,Comprehensive Health Centre Akamkpa II,Cross River,Akamkpa,2023-05-31,78,1,0,389,1,24,0,0,340,4,352,306,nil,2023-06-15,M&E Officer
LAG099,Cottage Hospital Lagos Island II,Lagos,Lagos Island,2023-08-31,118,NULL,3,779,7,27,0,0,451,9,619,417,373,2023-09-13,M&E Officer
CRS001,Model Primary Health Centre Calabar Municipal,Cross River,Calabar Municipal,2024-10-31,211,4,3,683,13,36,0,0,515,8,529,320,301,2024-11-21,M&E Officer
AKS008,Primary Health Centre Uyo II,Akwa Ibom,Uyo,2024-05-31,118,3,2,88,1,30,0,0,64,0,76,56,53,2024-06-15,Data Clerk
LAG003,Teaching Hospital Badagry,Lagos,Badagry,2024-08-31,3287,156,118,6865,119,696,23,20,3898,92,5462,3961,3669,2024-09-13,M&E Officer
CRS011,Comprehensive Health Centre Calabar Municipal II,Cross River,Calabar Municipal,2022-11-30,245,9,8,459,1,46,0,0,277,3,nil,273,242,2022-12-11,Data Clerk
AKS010,General Hospital Eket II,Akwa Ibom,Eket,Dec-2024,788,13,9,1559,30,223,1,0,1083,16,1397,835,814,2025-01-11,Facility Focal Person
RIV010,Teaching Hospital Ahoada East II,Rivers,Ahoada East,2024-12-31,776,23,22,2797,24,158,5,4,2148,44,2341,1574,1365,2025-01-11,M&E Officer
NAS999,Mission Hospital Badagry II,Lagos,Badagry,2024-08-31,478,11,NULL,2317,13,140,3,2,1821,38,1742,1252,1197,2024-09-16,Data Clerk
NAS015,Specialist Hospital Nasarawa II,Nasarawa,Nasarawa,2022-10-31,770,33,27,3151,6,177,5,4,2694,49,2282,1451,1416,2022-11-11,M&E Officer
LAG011,Cottage Hospital Agege II,Lagos,Agege,2023-07-31,664,15,11,1678,12,200,2,1,1277,16,1187,729,662,2023-08-18,M&E Officer
CRS012,Model Primary Health Centre Ikom II,Cross-River,Ikom,2024-06-30,437,6,4,766,6,94,0,0,502,8,685,509,442,2024-08-15,Data Clerk
XXX999,Specialist Hospital Kaduna North II,Kaduna,Kaduna North,2023-08-31,2088,27,23,1668,14,342,0,0,1056,16,1468,1316,1235,2023-09-21,Data Clerk
CRS001,Model Primary Health Centre Calabar Municipal,Cross River,Calabar Municipal,2023-10-31,264,13,10,691,8,52,4,3,470,6,564,471,435,2023-11-13,Data Clerk
RIV007,Primary Health Centre Port Harcourt II,Rivers,Port Harcourt,2022-05-31,545,4,3,713,7,158,0,0,440,10,497,323,276,2022-06-13,Facility Focal Person
FCT001,Mission Hospital AMAC,FCT,AMAC,2022-03-31,1006,14,9,1373,-2,145,4,3,1236,25,NULL,785,748,2022-04-16,Data Clerk
LAG009,Mission Hospital Badagry II,Lagos,Badagry,2022-03-31,293,10,8,2862,29,55,0,0,1839,35,2601,2220,  ,2022-04-13,Facility Focal Person
AKS002,  General Hospital Ikot Ekpene ,Akwa-Ibom,Ikot Ekpene,2022-07-31,278,3,2,674,1,54,0,0,625,9,558,385,376,2022-08-13,M&E Officer
FCT001,MISSION HOSPITAL AMAC,FCT,AMAC,2023-06-30,1068,19,17,1270,9,144,0,0,900,20,912,817,736,2023-07-18,Facility Focal Person
AKS006,Primary Health Centre Abak,Akwa Ibom,Abak,31/01/2024,462,19,18,430,7,49,2,1,241,8,390,326,273,2024-02-11,M&E Officer
BEN012,Cottage Hospital Vandeikya II,Benue,Vandeikya,2022-02-28,409,1,0,488,3,66,0,0,287,6,372,291,256,2022-03-13,M&E Officer
LAG014,Cottage Hospital Lagos Island II,Lagos,Lagos Island,May-2023,807,7,5,"1,806",29,209,3,2,1468,25,1593,1037,885,2023-06-13,Facility Focal Person
FCT013,COTTAGE HOSPITAL GWAGWALADA II,FCT,Gwagwalada,2022-06-30,964,7,5,1416,3,134,1,0,924,19,1066,628,594,2022-07-18,M&E Officer
AKS002,General Hospital Ikot Ekpene,Akwa Ibom,Ikot Ekpene,2024-09-30,262,1,0,532,4,70,0,0,370,8,371,308,265,2024-10-13,Data Clerk
CRS011,Comprehensive Health Centre Calabar Municipal II,Cross River,Calabar Municipal,31/08/2023,432,10,7,481,9,86,1,0,370,5,334,184,177,2023-09-18,Facility Focal Person
LAG008,Cottage Hospital Lagos Island II,Lagos,Lagos Island,2022-08-31,116,4,3,859,3,34,1,0,626,8,746,505,425,2022-09-13,M&E Officer
CRS010,Comprehensive Health Centre Akamkpa II,Cross River,Akamkpa,2024-02-29,88,2,1,360,5,10,0,0,213,7,270,178,166,2024-03-21,M&E Officer
KAD004,Specialist Hospital Sabon Gari,Kaduna,Sabon Gari,31/05/2024,3961,245,179,5324,30,1161,40,36,4234,76,3973,3557,3116,2024-06-21,M&E Officer
NAS004,COTTAGE HOSPITAL AKWANGA,Nasarawa,Akwanga,2023-02-28,326,14,11,463,5,36,2,1,357,3,346,190,168,2023-03-21,Facility Focal Person
CRS007,Model Primary Health Centre Ikom II,Cross River,Ikom,2023-12-31,111,6,5,308,0,12,0,0,171,1,232,192,163,2024-01-18,Facility Focal Person
fct003,Specialist Hospital Gwagwalada,FCT,Gwagwalada,2022-04-30,509,14,12,6568,56,95,0,0,5306,83,6090,4770,4507,2022-05-15,Data Clerk
AKS004,Comprehensive Health Centre Etinan,Akwa-Ibom,Etinan,2024-06-30,239,10,8,954,14,35,0,0,576,5,664,483,453,2024-07-11,Data Clerk
KAD007,MODEL PRIMARY HEALTH CENTRE KADUNA SOUTH II,Kaduna,Kaduna South,2024-12-31,217,10,9,1124,15,64,2,1,804,15,936,677,616,2025-01-11,Data Clerk
RIV008,TEACHING HOSPITAL OBIO/AKPOR II,Rivers,Obio/Akpor,2022-05-31,1821,77,58,3947,31,315,8,7,3588,76,3606,2950,2832,2022-06-11,Data Clerk
FCT001,Mission Hospital AMAC,Federal Capital Territory,AMAC,31/01/2024,790,10,N/A,1213,10,104,0,0,892,20,883,516,468,2024-02-15,Facility Focal Person
LAG015,Model Primary Health Centre Badagry II,Lagos,Badagry,30/09/2022,209,14,13,1140,6,46,3,2,814,15,1026,925,853,2022-10-13,M&E Officer
KAD014,General Hospital Sabon Gari II,Kaduna,Sabon Gari,2023-05-31,233,8,6,2503,12,32,0,0,1664,29,2238,2104,1954,2023-06-21,M&E Officer
RIV007,Primary Health Centre Port Harcourt II,Rivers,Port Harcourt,31/03/2022,539,2,1,720,11,127,0,0,447,6,602,426,370,2022-04-16,M&E Officer
RIV001,Model Primary Health Centre Port Harcourt,Rivers,Port Harcourt,2022-02-28,101,0,0,1182,8,13,0,0,674,12,977,704,674,2022-03-11,Data Clerk
RIV014,Cottage Hospital Obio/Akpor II,Rivers,Obio/Akpor,Dec-2022,531,5,4,626,1,149,2,1,374,7,541,322,277,2023-01-29,Data Clerk
CRS014,COMPREHENSIVE HEALTH CENTRE OBUDU II,Cross River,Obudu,2024-07-31,526,6,5,194,2,123,2,1,158,5,,112,100,2024-08-11,Data Clerk
KAD010,  Cottage Hospital Chikun II ,Kaduna,Chikun,Dec-2022,267,13,12,958,10,34,2,1,855,14,714,466,443,2023-01-11,Data Clerk
CRS009,Comprehensive Health Centre Obudu II,Cross River,Obudu,30/11/2024,512,15,11,944,14,65,0,0,668,12,835,506,436,2024-12-29,Data Clerk
AKS005,COMPREHENSIVE HEALTH CENTRE ORON,Akwa Ibom,Oron,Oct-2023,109,1,0,1082,9,30,1,0,863,16,851,522,481,2023-11-13,Facility Focal Person
AKS007,Teaching Hospital Ikono,Akwa Ibom,Ikono,30/09/2024,1231,19,16,5123,92,151,2,1,4156,78,3573,2843,2555,2024-10-15,Facility Focal Person
BEN008,TEACHING HOSPITAL GBOKO II,Benue,Gboko,2022-04-30,2482,94,71,6276,74,381,8,6,3915 ,62,4375,2851,2682,2022-05-13,M&E Officer
NAS999,Primary Health Centre Alimosho II,Lagos,Alimosho,30/06/2022,223,10,9,620,2,71,0,0,372,10,454,401,329,2022-07-15,M&E Officer
AKS013,Model Primary Health Centre Abak II,Akwa Ibom,Abak,2023-03-31,379,15,12,584,4,86,1,0,392,7,442,269,258,2023-04-21,M&E Officer
FCT010,Model Primary Health Centre Abaji II,F.C.T.,Abaji,Mar-2022,256,17,12,264,4,53,1,0,147,2,241,164,151,2022-04-13,Data Clerk
KAD006,Specialist Hospital Kaduna North II,Kaduna,Kaduna North,31/07/2024,2256,35,31,1725,29,590,5,4,1026,19,1562,1060,1000,2024-08-13,M&E Officer
BEN008,Teaching Hospital Gboko II,Benue,Gboko,Jul-2024,2459,76,59,6168,94,288,4,3,5202,81,4848,3135,2801,2024-08-15,Data Clerk
KAD005,Cottage Hospital Chikun,Kaduna,Chikun,2022-06-30,453,8,6,285,2,55,1,0,227,4,212,134,110,2022-07-21,M&E Officer
LAG015,Model Primary Health Centre Badagry II,Lagos,Badagry,2024-02-29,195,8,7,1081,14,51,1,0,668,17,770,594,492,2024-03-16,Facility Focal Person
BEN008,Teaching Hospital Gboko II,Benue,Gboko,2022-02-28,1790,67,66,6277,120,350,6,5,5513,94,4613,4069,3463,2022-03-15,Data Clerk
KAD005,Cottage Hospital Chikun,Kaduna,Chikun,2023-02-28,628,10,8,311,2,182,3,2,193,3,288,242,227,2023-03-11,M&E Officer
KAD003,Mission Hospital Zaria,Kaduna,Zaria,Jun-2023,1384,59,52,2712,16,289,3,2,1871,36,2386,1969,1819,2023-07-18,Facility Focal Person
riv007,Primary Health Centre Port Harcourt II,Rivers,Port Harcourt,2022-08-31,369,0,0,707,3,91,1,0,613,5,539,471,396,2022-09-13,M&E Officer
CRS008,Cottage Hospital Ogoja II,Cross-River,Ogoja,31/12/2022,404,18,14,2274,34,108,3,2,1518,26,2058,1904,1736,2023-01-21,Data Clerk
LAG015,Model Primary Health Centre Badagry II,Lagos,Badagry,2024-07-31,267,11,8,"1,092",5,51,1,0,690,13,1002,640,572,2024-08-15,Facility Focal Person
AKS013,MODEL PRIMARY HEALTH CENTRE ABAK II,Akwa Ibom,Abak,2022-03-31,332,18,17,505,7,58,1,0,278,1,438,301,269,2022-04-16,Facility Focal Person
LAG015,Model Primary Health Centre Badagry II,Lagos,Badagry,2022-03-31,245,11,10,1147,5,73,1,0,991,17,792,593,578,2022-04-15,Facility Focal Person
RIV002,TEACHING HOSPITAL OBIO/AKPOR,Rivers,Obio/Akpor,2022-02-28,1351,24,19,4964,51,407,7,6,4169,78,4127,3772,nil,2022-03-11,Data Clerk
KAD006,SPECIALIST HOSPITAL KADUNA NORTH II,Kaduna,Kaduna North,2024-01-31,1542,13,12,1651,19,294,4,3,1027,18,1469,1075,1025,2024-02-15,M&E Officer
NAS001,Model Primary Health Centre Lafia,Nasarawa,Lafia,2023-04-30,219,2,1,450,5,28,0,0,321,8,363,227,216,2023-05-13,Data Clerk
CRS002,Comprehensive Health Centre Ikom,Cross River,Ikom,2022-10-31,124,5,4,183,3,20,0,0,139,6,134,98,92,2022-11-16,Facility Focal Person
kad008,Model Primary Health Centre Zaria II,Kaduna,Zaria,31/07/2023,434,15,13,1200,7,82,4,3,1002,24,904,842,769,2023-08-18,Facility Focal Person
CRS004,Comprehensive Health Centre Obudu,Cross River,Obudu,2024-10-31,267,4,3,464,5,58,0,0,405,8,398,308,275,2024-11-18,Data Clerk
KAD004,Specialist Hospital Sabon Gari,Kaduna,Sabon Gari,30/11/2022,2843,129,97,4222,15,798,20,15,3745,61,2887,2160,1905,2022-12-13,M&E Officer
NAS013,General Hospital Keffi II,Nasarawa,Keffi,Mar-2024,573,32,28,1637,22,103,5,4,946,23,1163,751,721,2024-04-15,Facility Focal Person
FCT009,  Model Primary Health Centre Kuje II ,FCT,Kuje,2022-05-31,178,5,3,436,5,27,1,0,342,4,329,226,217,2022-06-13,M&E Officer
LAG007,Primary Health Centre Ikorodu II,Lagos,Ikorodu,2023-05-31,475,8,5,484,7,  ,1,0,345,8,343,322,303,2023-06-11,Data Clerk
RIV007,Primary Health Centre Port Harcourt II,Rivers,Port Harcourt,2022-07-31,466,3,2,710,3,146,0,0,661,16,524,443,413,2022-08-15,Facility Focal Person
KAD010,Cottage Hospital Chikun II,Kaduna,Chikun,2023-06-30,284,7,5,958,5,59,1,0,721,13,804,738,606,2023-07-16,Data Clerk
AKS011,Comprehensive Health Centre Etinan II,Akwa-Ibom,Etinan,31/05/2024,123,1,0,333,5,14,1,0,291,4,285,190,185,2024-06-21,Facility Focal Person
AKS007,Teaching Hospital Ikono,AKWA IBOM,Ikono,2023-08-31,1225,12,10,5839,60,186,3,2,4972,74,4507,3764,3682,2023-09-16,M&E Officer
riv015,Specialist Hospital Khana II,rivers ,Khana,2024-10-31,496,24,19,2167,32,137,6,5,1279,18,1776,1017,975,2024-11-15,M&E Officer
LAG011,Cottage Hospital Agege II,Lagos,Agege,2022-09-30,641,14,11,1796,3,135,1,0,1608,28,1373,1219,1043,2022-10-13,Data Clerk
XXX999,Primary Health Centre Uyo II,Akwa Ibom,Uyo,2023-04-30,87,1,0,84,1,14,0,0,62,1,62,35,29,2023-05-13,Facility Focal Person
CRS005,Teaching Hospital Akamkpa,cross river,Akamkpa,Jan-2022,732,27,23,4740,41,95,2,1,2686,47,3455,1906,1692,2022-02-21,Data Clerk
RIV007,Primary Health Centre Port Harcourt II,Rivers,Port Harcourt,31/03/2023,425,3,2,664,8,127,1,0,477,9,456,273,235,2023-04-18,M&E Officer
FCT001,Mission Hospital AMAC,fct,AMAC,Oct-2022,877,8,7,"1,325",11,96,1,0,763,16,1162,818,785,2022-11-11,Facility Focal Person
AKS013,Model Primary Health Centre Abak II,Akwa Ibom,Abak,2022-06-30,376,11,9,529,2,84,1,0,428,11,410,229,222,2022-06-01,Facility Focal Person
RIV004,Model Primary Health Centre Ahoada East,Rivers,Ahoada East,29/02/2024,467,15,12,836,11,47,0,0,517,11,621,353,310,2024-03-13,Facility Focal Person
AKS007,TEACHING HOSPITAL IKONO,Akwa Ibom,Ikono,2024-10-31,876,9,7,5047,83,104,2,1,3057,53,3857,3405,2947,2024-11-15,M&E Officer
FCT002,General Hospital Bwari,FCT,Bwari,Oct-2022,81,2,1,620,5,16,0,0,553,13,430,384,341,2022-11-29,Data Clerk
XXX999,Comprehensive Health Centre Gboko II,Benue,Gboko,2024-07-31,382,3,2,752,1,49,0,0,469,3,582,427,384,2024-08-18,Facility Focal Person
KAD013,Specialist Hospital Zaria II,Kaduna,Zaria,2023-07-31,2163,76,70,2479,6,273,8,7,1400,31,2050,1323,1241,2023-08-15,Data Clerk
LAG015,  Model Primary Health Centre Badagry II ,Lagos,Badagry,2023-11-30,251,10,8,1086,4,42,1,0,  ,16,798,473,452,2023-12-21,Facility Focal Person
crs006,Primary Health Centre Calabar Municipal II,Cross River,Calabar Municipal,2022-07-31,472,15,12,1277,17,126,3,2,N/A,13,1103,1017,855,2022-08-13,Data Clerk
LAG013,Specialist Hospital Ikorodu II,Lagos,Ikorodu,Oct-2024,2104,111,85,"6,351",58,234,8,6,5162,89,5140,3883,3204,2024-11-16,M&E Officer
LAG006,Specialist Hospital Alimosho,Lagos,Alimosho,30/04/2024,1135,18,17,4589,22,301,6,5,3111,42,3273,2549,2431,2024-05-16,M&E Officer
NAS009,COTTAGE HOSPITAL AKWANGA II,Nasarawa,Akwanga,2024-03-31,1201,7,5,472,7,190,0,0,308,3,424,371,346,2024-04-11,M&E Officer
RIV010,Teaching Hospital Ahoada East II,Rivers,Ahoada East,2023-05-31,832,19,14,3113,18,146,2,1,2039,46,2322,1488,1279,2023-06-11,M&E Officer
AKS013,Model Primary Health Centre Abak II,Akwa Ibom,Abak,2023-05-31,513,10,8,593,7,116,4,3,363,9,432,278,261,2023-06-11,Data Clerk
BEN011,Model Primary Health Centre Katsina-Ala II,Benue,Katsina-Ala,2024-10-31,206,7,5,404,1,48,1,0,281,9,328,253,214,2024-11-21,Data Clerk
RIV005,Mission Hospital Degema,Rivers,Degema,2024-09-30,185,5,3,1267,9,25,0,0,1109,21,1049,889,811,2024-10-11,M&E Officer
NAS001,Model Primary Health Centre Lafia,Nasarawa,Lafia,2024-03-31,216,2,1,404,7,65,1,0,222,1,327,302,278,2024-04-13,M&E Officer
XXX999,General Hospital Ikot Ekpene,Akwa Ibom,Ikot Ekpene,2023-03-31,303,2,1,630,2,60,0,0,433,7,580,500,422,2023-04-16,Data Clerk
LAG013,Specialist Hospital Ikorodu II,Lagos,Ikorodu,2022-01-31,1742,97,94,5922,20,514,10,8,3521,61,4462,4010,3349,2022-02-11,Data Clerk
lag008,Cottage Hospital Lagos Island II,Lagos,Lagos Island,2024-10-31,121,1,0,716,4,30,0,0,587,15,552,409,352,2024-11-13,Facility Focal Person
NAS009,Cottage Hospital Akwanga II,Nasarawa,Akwanga,Jan-2024,1025,4,3,472,8,320,1,0,265,6,  ,212,199,2023-12-10,Facility Focal Person
KAD013,  Specialist Hospital Zaria II ,Kaduna,Zaria,2024-01-31,1953,102,86,2745,8,484,10,9,1849,41,2405,1744,1706,2024-02-29,Data Clerk
KAD013,Specialist Hospital Zaria II,Kaduna,Zaria,2024-08-31,2369,108,97,3132,53,254,5,4,1880,33,2361,2088,1775,2024-09-15,Facility Focal Person
BEN003,General Hospital Otukpo,Benue,Otukpo,31/05/2023,649,24,17,"2,478",18,100,2,1,1491,21,2039,1666,1502,2023-06-16,Data Clerk
AKS003,Model Primary Health Centre Eket,Akwa Ibom,Eket,2022-11-30,440,10,7,215,3,104,1,0,129,0,170,161,137,2022-12-13,Facility Focal Person
CRS009,Comprehensive Health Centre Obudu II,Cross River,Obudu,2022-12-31,457,21,16,810,3,136,6,5,470,10,566,369,330,2023-01-15,Data Clerk
NAS002,Cottage Hospital Karu,Nasarawa,Karu,Mar-2024,472,4,3,302,4,77,1,0,263,4,225,175,168,2024-04-13,Facility Focal Person
KAD001,Model Primary Health Centre Kaduna North,Kaduna,Kaduna North,2024-05-31,224,12,NULL,749,8,24,0,0,665,10,580,504,445,2024-06-13,M&E Officer
nas004,Cottage Hospital Akwanga,Nasarawa,Akwanga,2023-08-31,429,16,14,496,5,91,2,1,387,5,421,389,333,2023-09-18,M&E Officer
KAD010,  Cottage Hospital Chikun II ,Kaduna,Chikun,2024-01-31,223,12,11,965,11,30,1,0,782,16,803,483,432,2024-02-16,Data Clerk
kad012,  Comprehensive Health Centre Kaduna South II ,Kaduna,Kaduna South,2022-06-30,503,9,7,652,11,76,1,0,486,4,564,486,463,2022-07-16,M&E Officer
ben011,Model Primary Health Centre Katsina-Ala II,Benue,Katsina-Ala,2024-01-31,278,14,12,370,2,33,0,0,254,8,285,161,144,2024-02-11,Facility Focal Person
KAD004,Specialist Hospital Sabon Gari,Kaduna,Sabon Gari,2023-03-31,2632,132,120,4438,61,718,21,19,3257,57,3581,2258,1988,2023-04-15,Facility Focal Person
LAG008,Cottage Hospital Lagos Island II,Lagos,Lagos Island,2024-02-29,119,2,1,738,13,14,1,0,580,8,533,464,,2024-03-13,Facility Focal Person
LAG002,Specialist Hospital Lagos Island,Lagos,Lagos Island,2023-05-31,2144,132,114,"5,859",101,408,12,11,4843,95,5398,3857,3477,2023-06-11,Facility Focal Person
kad002,  Teaching Hospital Kaduna South ,Kaduna,Kaduna South,2024-01-31,1332,14,11,3780,49,363,2,1,3105,49,3498,3057,2512,2024-02-16,Facility Focal Person
LAG011,COTTAGE HOSPITAL AGEGE II,Lagos,Agege,Jan-2024,520,13,11,1631,29,59,1,0,1264,26,1352,1057,1010,2024-02-13,Facility Focal Person
AKS014,PRIMARY HEALTH CENTRE IKONO II,akwa ibom,Ikono,2022-08-31,239,6,5,606,10,34,0,0,543,11,511,  ,320,2022-09-15,Facility Focal Person
AKS015,Mission Hospital Uyo II,AKWA IBOM,Uyo,2023-02-28,722,32,25,2477,14,120,2,1,2063,31,1977,1580,1478,2023-03-21,Facility Focal Person
KAD005,Cottage Hospital Chikun,Kaduna,Chikun,Jul-2024,727,15,14,386,7,105,1,0,300,9,349,264,224,2024-08-15,Data Clerk
AKS012,Cottage Hospital Oron II,Akwa Ibom,Oron,2022-09-30,1069,61,43,5950,8,130,5,3,419,7,521,428,397,2022-10-13,Facility Focal Person
AKS011,Comprehensive Health Centre Etinan II,AKWA IBOM,Etinan,Jan-2024,100,4,,329,3,10,0,0,210,4,303,212,187,2024-02-21,Facility Focal Person
NAS010,Teaching Hospital Nasarawa II,Nasarawa,Nasarawa,2024-12-31,1943,108,76,5870,30,546,23,17,3254,58,4667,2634,2496,2025-01-13,M&E Officer
NAS004,  Cottage Hospital Akwanga ,Nasarawa,Akwanga,2024-03-31,273,18,13,547,7,66,2,1,305,7,480,437,360,2024-04-13,Facility Focal Person
LAG015,MODEL PRIMARY HEALTH CENTRE BADAGRY II,Lagos,Badagry,2024-09-30,178,4,2,1081,5,38,1,0,916,12,891,798,714,2024-10-21,Data Clerk
LAG001,Primary Health Centre Ikorodu,Lagos,Ikorodu,2023-06-30,631,12,NULL,290,0,125,3,2,163,2,244,213,180,2023-08-15,Facility Focal Person
RIV007,Primary Health Centre Port Harcourt II,RIVERS,Port Harcourt,2023-01-31,383,3,2,670,11,117,1,0,558 ,9,-,471,392,2023-02-13,Data Clerk
RIV005,  MISSION HOSPITAL DEGEMA ,Rivers,Degema,2022-05-31,139,4,3,1509,7,20,0,0,1245,18,1216,1271,770,2022-06-21,Facility Focal Person
NAS003,Cottage Hospital Keffi,Nasarawa,Keffi,30/09/2023,387,10,7,1598,28,112,1,0,1325,24,1387,839,801,2023-10-16,Data Clerk
KAD005,Cottage Hospital Chikun,Kaduna,Chikun,2024-11-30,535,12,10,415,4,111,0,0,255,6,299,194,181,2024-12-18,Data Clerk
BEN005,Model Primary Health Centre Katsina-Ala,Benue,Katsina-Ala,May-2023,553,16,11,505,1,103,1,0,374,3,464,275,261,2023-06-21,M&E Officer
AKS002,General Hospital Ikot Ekpene,Akwa Ibom,Ikot Ekpene,2024-03-31,310,2,1,574,8,88,1,0,416,2,483,276,248,2024-04-13,Data Clerk
CRS004,Comprehensive Health Centre Obudu,Cross River,Obudu,2023-01-31,159,3,2,451,7,45,0,0,365,5,370,328,317,2023-02-13,M&E Officer
RIV009,Mission Hospital Khana II,RIVERS,Khana,2024-01-31,355,1,0,775,2,103,0,0,684,10,701,524,449,2024-02-18,Data Clerk
NAS013,General Hospital Keffi II,Nasarawa,Keffi,Jul-2024,666,38,30,1661,29,175,4,3,1301,23,1501,1198,1091,2024-09-15,M&E Officer
NAS013,General Hospital Keffi II,Nasarawa,Keffi,2022-09-30,590,28,21,1639,22,106,3,2,1503,27,1120,624,594,2022-10-13,M&E Officer
BEN006,Primary Health Centre Vandeikya,Benue,Vandeikya,2022-07-31,199,7,5,314,5,51,2,1,283,9,278,190,180,2022-08-18,Data Clerk
AKS007,Teaching Hospital Ikono,Akwa Ibom,Ikono,31/08/2022,973,14,13,6523,66,192,3,2,3675,66,5899,3703,3521,2022-09-15,M&E Officer
FCT002,General Hospital Bwari,FCT,Bwari,2022-02-28,98,1,0,650,8,25,2,1,533,11,479,426,370,2022-03-13,Facility Focal Person
KAD013,Specialist Hospital Zaria II,Kaduna,Zaria,2022-12-31,1332,56,40,2059,27,354,6,4,1908,34,1478,1261,1131,2023-01-15,M&E Officer
AKS011,Comprehensive Health Centre Etinan II,Akwa Ibom,Etinan,2023-02-28,107,10,9,307,4,11,0,0,284,6,246,218,206,2023-03-16,Facility Focal Person
LAG006,Specialist Hospital Alimosho,Lagos,Alimosho,31/05/2024,936,25,23,4547,65,145,0,0,2744,46,3693,2812,2749,2024-06-16,Data Clerk
NAS008,Comprehensive Health Centre Keffi II,Nasarawa,Keffi,2022-04-30,64,3,2,974,9,13,1,0,565,6,830,554,473,2022-05-13,M&E Officer
KAD014,General Hospital Sabon Gari II,Kaduna,Sabon Gari,2024-06-30,325,8,5,2180,44,57,1,0,1203,31,NULL,1161,1022,2024-07-18,Data Clerk
riv002,Teaching Hospital Obio/Akpor,Rivers,Obio/Akpor,2024-01-31,1548,27,20,4330,79,443,8,7,2821 ,48,3741,2494,2219,2024-02-13,Facility Focal Person
NAS010,Teaching Hospital Nasarawa II,Nasarawa,Nasarawa,2023-05-31,2563,97,94,4890,37,790,17,13,2693,45,4135,3690,3362,2023-06-29,Facility Focal Person
CRS003,  Specialist Hospital Ogoja ,Cross River,Ogoja,Jun-2023,1584,56,46,5246,93,308,6,5,4710,91,4295,2544,2143,2023-07-11,M&E Officer
CRS003,SPECIALIST HOSPITAL OGOJA,Cross River,Ogoja,2022-09-30,1696,53,45,5463,96,534,5,4,4041,61,4936,2844,N/A,2022-10-18,Data Clerk
RIV008,Teaching Hospital Obio/Akpor II,Rivers,Obio/Akpor,2022-06-30,1807,82,74,"4,001",20,423,9,7,2350,42,3426,2009,1945,2022-07-15,Data Clerk
KAD005,Cottage Hospital Chikun,Kaduna,Chikun,2024-08-31,800,19,18,402,2,87,2,1,293,0,338,286,244,2024-09-18,M&E Officer
AKS001,Comprehensive Health Centre Uyo,Akwa Ibom,Uyo,2022-10-31,431,5,3,317,4,71,1,0,225,7,226,201,196,2022-11-15,M&E Officer
FCT010,Model Primary Health Centre Abaji II,Federal Capital Territory,Abaji,2023-06-30,590,17,13,374,3,121,3,2,286,6,271,230,195,2023-07-11,Facility Focal Person
LAG010,Primary Health Centre Surulere II,Lagos,Surulere,2022-05-31,573,27,22,910,14,153,4,3,723,17,732,606,517,2022-06-18,Data Clerk
LAG007,Primary Health Centre Ikorodu II,Lagos,Ikorodu,2022-07-31,553,18,17,440,5,89,2,1,260,3,309,194,185,2022-08-13,Data Clerk
RIV005,Mission Hospital Degema,Rivers,Degema,2024-01-31,149,1,0,1321,7,40,0,0,783,12,1119,827,733,2024-02-29,Facility Focal Person
AKS008,Primary Health Centre Uyo II,Akwa-Ibom,Uyo,2022-04-30,81,N/A,0,83,0,13,0,0,77,2,73,43,40,2022-05-13,Facility Focal Person
KAD007,MODEL PRIMARY HEALTH CENTRE KADUNA SOUTH II,Kaduna,Kaduna South,Jul-2023,263,6,5,1132,4,47,0,0,761,22,785,723,699,2023-08-11,Facility Focal Person
LAG001,PRIMARY HEALTH CENTRE IKORODU,Lagos,Ikorodu,2022-02-28,481,12,10,184,2,93,1,0,139,1,159,104,100,2022-03-15,Data Clerk
AKS011,Comprehensive Health Centre Etinan II,Akwa Ibom,Etinan,Jun-2024,137,5,4,336,1,30,0,0,238,1,281,252,209,2024-07-15,Data Clerk
nas003,COTTAGE HOSPITAL KEFFI,Nasarawa,Keffi,2024-06-30,378,8,6,1478,18,103,2,1,1289,33,1363,1129,1055,2024-07-21,Data Clerk
CRS011,Comprehensive Health Centre Calabar Municipal II,Cross River,Calabar Municipal,2024-05-31,410,8,7,491,2,102,0,0,382,7,410,312,273,2024-06-13,Data Clerk
NAS999,Primary Health Centre Otukpo II,Benue,Otukpo,2022-02-28,120,6,5,887,12,34,1,0,700,17,698,560,465,2022-03-11,Facility Focal Person
KAD008,MODEL PRIMARY HEALTH CENTRE ZARIA II,Kaduna,Zaria,2022-09-30,332,11,8,1220,7,92,2,1,1038,18,913,816,775,2022-10-21,Facility Focal Person
RIV011,Model Primary Health Centre Degema II,Rivers,Degema,2024-01-31,308,18,14,908,13,48,1,0,554,6,688,547,515,2024-02-13,Facility Focal Person
KAD003,Mission Hospital Zaria,Kaduna,Zaria,2024-08-31,1475,70,49,2988,19,296,13,11,2332,47,2265,1345,1175,2024-09-18,Facility Focal Person
crs015,Model Primary Health Centre Akamkpa II,Cross River,Akamkpa,Dec-2022,52,0,0,562,8,10,0,0,440,8,390,245,217,2023-01-21,Data Clerk
FCT010,MODEL PRIMARY HEALTH CENTRE ABAJI II,Federal Capital Territory,Abaji,2024-05-31,637,22,16,460,5,108,2,1,399,10,378,303,289,2024-06-13,Data Clerk
LAG012,Primary Health Centre Alimosho II,Lagos,Alimosho,2024-01-31,189,12,9,646,9,42,2,1,541,13,447,479,233,2024-02-11,M&E Officer
NAS001,Model Primary Health Centre Lafia,Nasarawa,Lafia,2024-09-30,196,4,3,388,7,20,0,0,215,4,317,207,183,2024-10-13,Facility Focal Person
BEN005,Model Primary Health Centre Katsina-Ala,Benue,Katsina-Ala,2022-01-31,430,10,9,406,-19,103,2,1,321,3,355,202,181,2022-02-13,Facility Focal Person
KAD015,General Hospital Chikun II,Kaduna,Chikun,2023-08-31,403,5,4,1683,25,94,0,0,1071,23,1501,1089,972,2023-09-29,M&E Officer
KAD009,Model Primary Health Centre Sabon Gari II,Kaduna,Sabon Gari,2023-11-30,421,15,13,891,13,76,0,0,606,10,637,383,329,2023-12-13,M&E Officer
FCT011,  Cottage Hospital AMAC II ,FCT,AMAC,2024-10-31,450,23,16,1969,23,119,3,2,1418,22,1355,  ,963,2024-11-21,M&E Officer
NAS999,Primary Health Centre Surulere II,Lagos,Surulere,2022-07-31,563,20,14,923,5,76,1,0,667,9,664,-,379,2022-08-13,M&E Officer
RIV006,Cottage Hospital Eleme,Rivers,Eleme,31/08/2023,1731,84,78,2599,34,426,8,7,2179,38,2398,1346,1167,2023-09-16,Facility Focal Person
aks002,General Hospital Ikot Ekpene,Akwa Ibom,Ikot Ekpene,2022-05-31,243,3,2,679,1,57,0,0,460,10,605,396,374,2022-06-16,Data Clerk
RIV010,  Teaching Hospital Ahoada East II ,Rivers,Ahoada East,31/05/2022,890,20,14,3322,66,185,2,1,2571,38,2907,2098,1847,2022-06-15,Facility Focal Person
KAD003,Mission Hospital Zaria,Kaduna,Zaria,2022-12-31,777,22,19,2612,52,N/A,0,0,1777,28,1969,1401,1370,2023-01-11,M&E Officer
AKS015,Mission Hospital Uyo II,akwa ibom,Uyo,2024-12-31,795,39,37,2431,40,202,3,2,2242,51,1801,1320,1217,2025-01-15,M&E Officer
CRS001,Model Primary Health Centre Calabar Municipal,Cross River,Calabar Municipal,31/05/2023,241,15,13,666,7,43,3,2,424,11,458,347,308,2023-06-29,M&E Officer
CRS005,Teaching Hospital Akamkpa,Cross River,Akamkpa,Nov-2022,665,26,25,4429,67,69,0,0,2873,48,3360,2506,2120,2022-12-21,M&E Officer
KAD002,Teaching Hospital Kaduna South,Kaduna,Kaduna South,28/02/2023,1488,23,20,4149,77,277,1,0,2407,48,3296,2117,1817,2023-03-15,Data Clerk
XXX999,Teaching Hospital Nasarawa II,Nasarawa,Nasarawa,Nov-2023,1938,70,54,5191,65,310,4,3,4658,90,4118,3345,3265,2023-12-13,M&E Officer
NAS006,PRIMARY HEALTH CENTRE LAFIA II,Nasarawa,Lafia,31/08/2024,291,8,6,923,10,59,2,1,693 ,10,,665,629,2024-09-18,Facility Focal Person
kad001,Model Primary Health Centre Kaduna North,Kaduna,Kaduna North,2024-04-30,241,11,9,749,-3,36,0,0,420,8,527,299,278,2024-05-11,Data Clerk
BEN009,Primary Health Centre Otukpo II,Benue,Otukpo,2022-08-31,300,N/A,0,470,8,56,0,0,404,11,321,294,266,2022-09-21,Facility Focal Person
BEN002,  Specialist Hospital Gboko ,Benue,Gboko,2024-06-30,3177,49,47,4400,20,550,4,3,4155,77,3293,2533,2154,2024-07-16,Facility Focal Person
RIV014,  Cottage Hospital Obio/Akpor II ,Rivers,Obio/Akpor,31/12/2023,872,6,5,665,9,244,1,0,386,6,460,276,269,2024-01-13,Facility Focal Person
AKS011,Comprehensive Health Centre Etinan II,Akwa Ibom,Etinan,2023-01-31,N/A,1,0,302,2,18,0,0,177,3,235,215,194,2023-02-18,Facility Focal Person
riv004,Model Primary Health Centre Ahoada East,Rivers,Ahoada East,2023-08-31,482,10,8,853,9,109,3,2,709,10,680,587,553,2023-09-13,Data Clerk
CRS007,Model Primary Health Centre Ikom II,Cross River,Ikom,2024-07-31,164,3,2,303,5,46,0,0,236,4,239,209,180,2024-08-13,M&E Officer
KAD009,Model Primary Health Centre Sabon Gari II,Kaduna,Sabon Gari,2024-12-31,469,30,26,1027,4,105,4,3,927,14,774,592,490,2025-01-15,Data Clerk
AKS010,General Hospital Eket II,AKWA IBOM,Eket,2024-10-31,590,15,12,1578,3,70,0,0,1226,15,1442,1000,841,2024-11-29,Facility Focal Person
RIV012,Primary Health Centre Eleme II,Rivers,Eleme,2024-08-31,645,20,18,1044,6,154,0,0,598,9,753,619,553,2024-09-11,Data Clerk
KAD004,Specialist Hospital Sabon Gari,Kaduna,Sabon Gari,2024-04-30,2955,151,149,5175,26,384,12,11,3260,44,3603,3025,2536,2024-05-18,M&E Officer
KAD003,Mission Hospital Zaria,Kaduna,Zaria,2023-04-30,1402,48,43,2636,51,311,4,3,1851,29,2291,1593,1367,2023-05-21,M&E Officer
BEN008,Teaching Hospital Gboko II,Benue,Gboko,2024-02-29,2623,88,65,6251,94,816,12,10,5352 ,94,4529,2529,2212,2024-03-15,Data Clerk
RIV014,Cottage Hospital Obio/Akpor II,Rivers,Obio/Akpor,2024-04-30,1015,9,7,665,9,193,2,1,451,8,558,389,372,2024-05-13,Facility Focal Person
TMP001,Model Primary Health Centre Sabon Gari II,Kaduna,Sabon Gari,2024-11-30,540,15,12,1005,5,111,5,4,838,15,903,546,523,2024-12-11,Facility Focal Person
AKS014,Primary Health Centre Ikono II,akwa ibom,Ikono,2022-03-31,155,5,4,602,4,38,1,0,560,15,508,435,408,2022-04-16,Data Clerk
kad001,  Model Primary Health Centre Kaduna North ,Kaduna,Kaduna North,2022-08-31,186,13,10,786,6,36,0,0,439,6,688,631,NULL,2022-09-21,M&E Officer
CRS003,Specialist Hospital Ogoja,Cross River,Ogoja,Feb-2024,1728,60,56,5170,96,487,10,9,3915,82,3744,2615,2291,2024-03-13,M&E Officer
CRS012,Model Primary Health Centre Ikom II,cross river,Ikom,2022-12-31,313,3,2,811,10,70,2,1,532,9,660,456,441,2023-01-29,Facility Focal Person
BEN009,  Primary Health Centre Otukpo II ,Benue,Otukpo,2024-09-30,328,11,10,437,5,54,0,0,297,4,347,292,279,2024-10-13,Data Clerk
crs010,Comprehensive Health Centre Akamkpa II,Cross River,Akamkpa,2024-07-31,96,3,2,340,5,14,0,0,263,3,246,185,151,2024-08-18,M&E Officer
NAS002,COTTAGE HOSPITAL KARU,Nasarawa,Karu,Oct-2024,NULL,1,0,288,1,130,1,0,161,4,200,N/A,115,2024-11-18,Data Clerk
NAS010,TEACHING HOSPITAL NASARAWA II,Nasarawa,Nasarawa,2024-09-30,2211,93,88,5732,76,497,13,11,5126,93,3976,2598,2282,2024-10-15,Facility Focal Person
BEN014,Comprehensive Health Centre Gboko II,Benue,Gboko,2022-06-30,436,5,4,886,8,61,1,0,518,5,614,475,441,2022-07-11,Data Clerk
CRS004,COMPREHENSIVE HEALTH CENTRE OBUDU,Cross River,Obudu,2024-12-31,156,6,5,460,8,28,1,0,365,6,345,215,209,2025-01-18,Facility Focal Person
BEN006,PRIMARY HEALTH CENTRE VANDEIKYA,Benue,Vandeikya,31/01/2022,171,8,7,305,0,42,1,0,179,5,226,138,114,2022-02-21,M&E Officer
LAG014,Cottage Hospital Lagos Island II,Lagos,Lagos Island,Nov-2022,540,2,1,1885,20,135,2,1,1040,14,1596,1366,1194,2022-12-16,Facility Focal Person
CRS007,Model Primary Health Centre Ikom II,Cross River,Ikom,Jan-2024,100,154,2,309,1,20,0,0,197,7,277,177,158,2024-02-11,Data Clerk
CRS008,COTTAGE HOSPITAL OGOJA II,Cross River,Ogoja,2024-07-31,680,25,23,2136,30,75,1,0,1596,23,1726,1071,881,2024-08-13,Data Clerk
ben014,Comprehensive Health Centre Gboko II,Benue,Gboko,2022-12-31,352,4,3,853,1,94,0,0,476,10,702,503,431,2023-01-13,Data Clerk
NAS010,Teaching Hospital Nasarawa II,Nasarawa,Nasarawa,2023-01-31,2063,88,80,4740,82,347,11,8,4207,73,4058,2532,2396,2023-02-15,Facility Focal Person
BEN005,Model Primary Health Centre Katsina-Ala,Benue,Katsina-Ala,31/07/2024,834,22,20,581,8,259,279,2,346,3,505,nil,304,2024-08-21,Data Clerk
LAG003,Teaching Hospital Badagry,Lagos,Badagry,Dec-2022,2435,125,117,6337,98,593,21,16,3739,70,4504,3495,3300,2023-01-29,Facility Focal Person
BEN005,Model Primary Health Centre Katsina-Ala,Benue,Katsina-Ala,2024-09-30,589,13,9,584,7,136,2,1,425,6,,295,260,2024-10-21,M&E Officer
NAS014,TEACHING HOSPITAL AKWANGA II,Nasarawa,Akwanga,2022-08-31,2843,80,70,4813,9,647,10,9,4504,68,4378,3660,3431,2022-09-11,M&E Officer
NAS014,Teaching Hospital Akwanga II,Nasarawa,Akwanga,2023-12-31,1834,46,37,4938,18,254,4,3,3272,49,4195,3707,3181,2024-01-11,Data Clerk
CRS002,Comprehensive Health Centre Ikom,Cross River,Ikom,2023-04-30,173,3,2,204,1,53,101,0,164,2,139,99,93,2023-05-16,Facility Focal Person
KAD007,Model Primary Health Centre Kaduna South II,Kaduna,Kaduna South,2023-10-31,217,9,6,1133,5,59,1,0,965,18,1044,736,709,2023-11-21,Facility Focal Person
AKS003,Model Primary Health Centre Eket,Akwa Ibom,Eket,2022-08-31,656,21,17,193,0,200,1,0,130,0,139,106,100,2022-09-13,M&E Officer
BEN003,General Hospital Otukpo,Benue,Otukpo,2023-09-30,555,13,12,2452,18,141,2,1,2232,45,2070,1183,1013,2023-10-11,Facility Focal Person
RIV008,  Teaching Hospital Obio/Akpor II ,Rivers,Obio/Akpor,Nov-2023,1460,61,54,4111,38,174,8,7,3066,49,3360,3073,2843,2023-12-21,M&E Officer
LAG007,Primary Health Centre Ikorodu II,Lagos,Ikorodu,2023-09-30,524,28,26,553,3,131,5,3,524,11,396,N/A,285,2023-10-11,M&E Officer
FCT002,General Hospital Bwari,F.C.T.,Bwari,2024-05-31,166,4,3,573,3,17,0,0,323,1,514,289,279,2024-06-29,Facility Focal Person
KAD001,Model Primary Health Centre Kaduna North,Kaduna,Kaduna North,2023-12-31,155,5,4,756,8,45,1,0,564,9,529,346,335,2024-01-11,Facility Focal Person
RIV005,Mission Hospital Degema,rivers ,Degema,2022-01-31,106,0,0,1555,26,29,0,0,1349,37,1215,950,884,2022-02-18,Data Clerk
NAS007,General Hospital Karu II,Nasarawa,Karu,2022-09-30,644,1,0,2494,47,65,0,0,2183,41,1874,1231,1144,2022-10-16,Data Clerk
LAG014,Cottage Hospital Lagos Island II,Lagos,Lagos Island,2023-10-31,477,0,0,"1,742",29,99,1,0,1365,17,1385,926,899,2023-11-16,Facility Focal Person
AKS004,Comprehensive Health Centre Etinan,Akwa Ibom,Etinan,2024-02-29,220,10,7,943,11,66,0,0,799,18,653,463,447,2024-03-11,Facility Focal Person
BEN002,Specialist Hospital Gboko,Benue,Gboko,2024-01-31,2021,2038,20,4450,50,609,4,3,3501,67,3574,2938,2744,2024-02-13,Facility Focal Person
RIV011,MODEL PRIMARY HEALTH CENTRE DEGEMA II,Rivers,Degema,2024-10-31,387,19,15,971,9,112,2,1,579,10,801,537,464,2024-11-13,M&E Officer
RIV011,Model Primary Health Centre Degema II,Rivers,Degema,2024-05-31,434,14,12,935,9,107,2,1,675,8,825,534,488,2024-06-13,Facility Focal Person
RIV008,Teaching Hospital Obio/Akpor II,Rivers,Obio/Akpor,31/08/2024,1863,78,59,4224,38,249,8,6,2332,48,3458,2056,1961,2024-09-11,Data Clerk
CRS007,Model Primary Health Centre Ikom II,Cross River,Ikom,2024-11-30,132,3,2,305,4,29,2,1,286,5,274,247,239,2024-12-18,Data Clerk
NAS005,Mission Hospital Nasarawa,Nasarawa,Nasarawa,31/03/2024,1488,38,-21,689,4,470,8,7,  ,7,555,398,367,2024-04-13,Data Clerk
BEN013,Model Primary Health Centre Makurdi II,Benue,Makurdi,2023-12-31,486,29,27,680,6,124,2,1,628,8,624,556,489,2024-01-11,Facility Focal Person
BEN004,General Hospital Okpokwu,Benue,Okpokwu,2024-03-31,1247,12,11,405,5,268,2,1,286,7,364,269,220,2024-04-13,Data Clerk
XXX999,Mission Hospital Uyo II,Akwa Ibom,Uyo,2022-01-31,549,27,22,2467,11,130,5,4,1940,49,1729,1328,1248,2022-02-13,M&E Officer
CRS002,Comprehensive Health Centre Ikom,Cross River,Ikom,2022-09-30,184,12,9,182,2,43,4,3,163,4,134,99,88,2022-10-25,Data Clerk
FCT007,Specialist Hospital Bwari II,FCT,Bwari,Dec-2023,2015,52,38,4243,65,423,8,6,3150,63,3510,3078,2675,2024-01-11,M&E Officer
LAG011,Cottage Hospital Agege II,Lagos,Agege,2023-09-30,556,9,6,"1,658",16,75,3,2,1417,14,1188,822,786,2023-10-11,Facility Focal Person
FCT008,Teaching Hospital Gwagwalada II,FCT,Gwagwalada,2024-03-31,809,42,39,4769,84,158,3,2,4072,66,3368,3110,3030,2024-04-13,Facility Focal Person
TMP001,Primary Health Centre Kaduna North II,Kaduna,Kaduna North,2023-08-31,296,11,7,568,2,77,2,1,371,11,442,303,269,2023-09-16,Facility Focal Person
LAG010,Primary Health Centre Surulere II,Lagos,Surulere,2023-07-31,544,14,9,961,5,89,1,0,550,13,666,446,387,2023-08-16,M&E Officer
ben009,Primary Health Centre Otukpo II,Benue,Otukpo,2023-09-30,250,1,0,451,2,40,0,0,264,5,341,310,288,2023-10-11,Data Clerk
RIV010,Teaching Hospital Ahoada East II,rivers ,Ahoada East,2024-07-31,1152,34,31,2932,44,119,4,3,1857,29,2499,1877,1769,2024-08-16,Data Clerk
RIV009,Mission Hospital Khana II,Rivers,Khana,Jan-2022,300,4,3,891,14,68,0,0,776,8,778,726,603,2022-02-21,Facility Focal Person
AKS013,MODEL PRIMARY HEALTH CENTRE ABAK II,Akwa Ibom,Abak,31/12/2023,355,19,17,633,7,94,1,0,382,7,555,511,484,2024-01-18,Data Clerk
FCT011,Cottage Hospital AMAC II,FCT,AMAC,2022-08-31,341,11,10,2269,27,97,0,0,2011,39,1854,1528,1457,2022-09-13,Data Clerk
LAG002,Specialist Hospital Lagos Island,Lagos,Lagos Island,31/08/2024,2147,116,88,6105,51,532,22,21,4582,83,5211,3169,2998,2024-09-29,Facility Focal Person
NAS010,TEACHING HOSPITAL NASARAWA II,Nasarawa,Nasarawa,2022-01-31,  ,64,53,4509,79,233,7,6,3778,48,4114,3297,2933,2022-02-15,Data Clerk
NAS009,Cottage Hospital Akwanga II,Nasarawa,Akwanga,2024-07-31,1431,10,7,480,9,166,0,0,335,5,423,398,349,2024-08-15,M&E Officer
NAS013,General Hospital Keffi II,Nasarawa,Keffi,2024-06-30,772,39,28,1660,28,232,5,4,1429,25,1368,1162,965,2024-07-15,Data Clerk
NAS006,PRIMARY HEALTH CENTRE LAFIA II,Nasarawa,Lafia,Dec-2024,278,10,9,941,5,49,0,0,729,12,700,414,396,2025-01-13,Facility Focal Person
RIV004,Model Primary Health Centre Ahoada East,Rivers,Ahoada East,2022-05-31,531,8,6,869,13,164,3,2,491,0,621,547,483,2022-06-21,Data Clerk
AKS005,Comprehensive Health Centre Oron,Akwa Ibom,Oron,31/05/2024,149,2,1,994,16,16,0,0,720 ,13,786,796,432,2024-06-29,Facility Focal Person
CRS009,COMPREHENSIVE HEALTH CENTRE OBUDU II,Cross River,Obudu,2022-05-31,551,19,13,716,7,127,3,2,476,7,654,468,406,2022-06-18,Facility Focal Person
KAD015,GENERAL HOSPITAL CHIKUN II,Kaduna,Chikun,2022-01-31,329,4,3,"1,980",20,39,0,0,1363,24,1792,1426,1213,2022-02-15,Facility Focal Person
LAG099,General Hospital Ikot Ekpene,Akwa Ibom,Ikot Ekpene,2022-03-31,253,1,0,687,6,38,0,0,567,12,623,430,417,2022-04-18,Data Clerk
CRS011,Comprehensive Health Centre Calabar Municipal II,Cross River,Calabar Municipal,2023-01-31,340,5,3,457,3,51,1,0,346,1,323,231,207,2023-02-13,Data Clerk
LAG008,Cottage Hospital Lagos Island II,Lagos,Lagos Island,2023-02-28,104,3,2,824,2,25,0,0,528,8,668,472,424,2023-03-16,M&E Officer
RIV005,Mission Hospital Degema,Rivers,Degema,2024-06-30,220,6,5,1297,5,46,0,0,1003,22,1147,802,682,2024-07-13,Data Clerk
AKS003,Model Primary Health Centre Eket,Akwa-Ibom,Eket,Jul-2023,588,16,15,321,2,158,4,3,238,6,253,231,192,2023-08-18,M&E Officer
FCT002,General Hospital Bwari,FCT,Bwari,2023-11-30,98,4,3,586,4,27,1,0,449,4,412,302,262,2023-12-11,Facility Focal Person
BEN004,General Hospital Okpokwu,Benue,Okpokwu,2023-06-30,N/A,6,5,382,7,285,2,1,259,5,326,254,  ,2023-07-29,Facility Focal Person
KAD007,Model Primary Health Centre Kaduna South II,Kaduna,Kaduna South,2022-12-31,222,16,12,1127,2,34,2,1,631,16,840,499,419,2023-01-15,Facility Focal Person
LAG099,Mission Hospital Nasarawa,Nasarawa,Nasarawa,Jul-2022,1292,25,19,282,1,242,1,0,181,0,199,185,177,2022-08-29,Facility Focal Person
LAG006,Specialist Hospital Alimosho,Lagos,Alimosho,2023-03-31,923,22,18,5047,11,105,0,0,3290,79,4411,3361,2844,2023-04-16,Data Clerk
TMP001,Cottage Hospital Ogoja II,Cross River,Ogoja,2022-05-31,722,23,18,2366,21,198,2,1,-,28,1863,1651,1477,2022-06-18,M&E Officer
CRS003,Specialist Hospital Ogoja,cross river,Ogoja,2023-07-31,1336,39,29,5234,41,257,1,0,4618,84,4857,4078,3352,2023-08-21,Facility Focal Person
KAD013,SPECIALIST HOSPITAL ZARIA II,Kaduna,Zaria,2023-05-31,2803,106,94,2336,12,782,14,12,1466,17,1902,-,-,2023-06-21,Facility Focal Person
LAG006,  Specialist Hospital Alimosho ,Lagos,Alimosho,2024-08-31,1047,20,15,4528,30,238,2,1,3572,67,4035,3745,3399,2024-09-11,Data Clerk
BEN003,General Hospital Otukpo,Benue,Otukpo,2022-04-30,729,30,29,"2,589",39,202,1,0,1475,37,1876,1309,1240,2022-05-11,Facility Focal Person
BEN007,Specialist Hospital Makurdi II,Benue,Makurdi,2024-09-30,403,5,4,1769,35,93,1,0,1031,17,1642,1045,863,2024-10-11,Data Clerk
AKS007,Teaching Hospital Ikono,Akwa Ibom,Ikono,2022-01-31,775,12,9,6873,29,233,3,2,6063,110,5886,3246,2733,2022-02-15,Facility Focal Person
CRS005,Teaching Hospital Akamkpa,Cross River,Akamkpa,2023-10-31,938,40,29,4250,20,168,3,2,3193,60,2999,2848,2370,2023-11-13,M&E Officer
AKS015,MISSION HOSPITAL UYO II,akwa ibom,Uyo,2022-07-31,668,33,26,2500,6,153,4,3,1726,23,2276,1626,1392,2022-08-18,M&E Officer
LAG002,Specialist Hospital Lagos Island,Lagos,Lagos Island,31/05/2024,2559,173,151,6050,67,805,29,23,4473,86,4851,3333,2991,2024-06-11,M&E Officer
AKS014,Primary Health Centre Ikono II,akwa ibom,Ikono,2024-08-31,241,7,6,608,8,35,2,1,494,6,516,324,302,2024-09-15,Facility Focal Person
NAS005,Mission Hospital Nasarawa,Nasarawa,Nasarawa,2023-02-28,932,20,15,410,5,275,5,4,275,6,311,178,171,2023-03-29,Facility Focal Person
LAG007,Primary Health Centre Ikorodu II,Lagos,Ikorodu,2024-01-31,443,13,12,582,9,92,4,3,499,6,439,304,294,2024-02-13,Facility Focal Person
BEN009,Primary Health Centre Otukpo II,Benue,Otukpo,2024-01-31,234,5,4,450,4,55,0,0,315,6,348,313,261,2024-02-11,Data Clerk
BEN013,MODEL PRIMARY HEALTH CENTRE MAKURDI II,Benue,Makurdi,2022-12-31,592,35,32,463,6,155,0,0,431,6,314,199,177,2023-01-16,Data Clerk
CRS014,Comprehensive Health Centre Obudu II,Cross River,Obudu,2023-10-31,378,8,6,160,0,56,0,0,116,2,128,113,110,2023-11-11,Data Clerk
FCT007,Specialist Hospital Bwari II,F.C.T.,Bwari,2023-03-31,2401,  ,64,4314,17,724,9,8,2601,52,3092,2404,1996,2023-04-21,Facility Focal Person
NAS013,General Hospital Keffi II,Nasarawa,Keffi,2022-11-30,329,7,5,"1,628",16,73,0,0,1134,26,1428,1345,1275,2022-12-13,M&E Officer
CRS001,Model Primary Health Centre Calabar Municipal,Cross River,Calabar Municipal,Apr-2022,149,7,5,668,9,42,1,0,585,11,459,285,243,2022-05-15,Data Clerk
LAG013,Specialist Hospital Ikorodu II,Lagos,Ikorodu,2024-05-31,2729,142,103,6240,60,713,16,13,5073 ,90,5010,4574,4238,2024-06-15,M&E Officer
BEN013,Model Primary Health Centre Makurdi II,Benue,Makurdi,2024-09-30,637,29,23,831,11,124,3,2,585,8,697,657,603,2024-10-21,M&E Officer
BEN004,GENERAL HOSPITAL OKPOKWU,Benue,Okpokwu,2024-06-30,1484,16,11,413,3,175,1,0,280,0,333,209,195,2024-07-11,M&E Officer
FCT015,Comprehensive Health Centre Abaji II,FCT,Abaji,2023-10-31,118,8,7,770,3,21,2,1,491,8,577,490,402,2023-11-21,M&E Officer
KAD005,COTTAGE HOSPITAL CHIKUN,Kaduna,Chikun,2022-03-31,541,13,9,276,2,114,0,0,245,4,193,nil,151,2022-04-16,Facility Focal Person
KAD009,MODEL PRIMARY HEALTH CENTRE SABON GARI II,Kaduna,Sabon Gari,31/10/2022,450,14,11,740,9,48,1,0,472,9,589,378,331,2022-11-16,Facility Focal Person
BEN010,Model Primary Health Centre Okpokwu II,Benue,Okpokwu,May-2023,333,7,5,750,12,41,0,0,563,9,588,502,487,2023-06-11,Data Clerk
FCT002,  General Hospital Bwari ,FCT,Bwari,29/02/2024,118,2,1,581,1,26,0,0,407,6,504,412,364,2024-03-21,Data Clerk
NAS007,GENERAL HOSPITAL KARU II,Nasarawa,Karu,2022-12-31,579,4,3,2394,37,183,0,0,1521,21,2087,1756,1644,2023-01-11,Facility Focal Person
LAG002,Specialist Hospital Lagos Island,Lagos,Lagos Island,2024-01-31,1415,42,41,5832,57,341,7,6,3687,64,4634,4333,3705,2024-02-15,Data Clerk
BEN004,General Hospital Okpokwu,Benue,Okpokwu,2022-10-31,800,4,3,373,5,202,218,0,258,9,279,217,210,2022-11-18,Facility Focal Person
BEN013,Model Primary Health Centre Makurdi II,Benue,Makurdi,30/11/2024,512,30,29,870,8,128,3,2,561,11,771,507,461,2024-12-16,Data Clerk
CRS002,Comprehensive Health Centre Ikom,Cross River,Ikom,2024-09-30,167,5,3,282,1,26,0,0,194,0,256,237,225,2024-10-16,Facility Focal Person
NAS012,Mission Hospital Karu II,Nasarawa,Karu,Jun-2024,1301,32,26,1382,3,414,10,9,nil,12,1089,801,667,2024-07-21,M&E Officer
KAD008,Model Primary Health Centre Zaria II,Kaduna,Zaria,2023-01-31,307,11,8,1206,11,75,1,0,872,17,997,915,827,2023-02-18,Facility Focal Person
FCT011,Cottage Hospital AMAC II,Federal Capital Territory,AMAC,2023-12-31,218,2,1,2106,5,61,0,0,1457,27,1460,NULL,750,2024-01-13,Facility Focal Person
RIV012,PRIMARY HEALTH CENTRE ELEME II,Rivers,Eleme,2023-06-30,576,13,10,956,11,69,0,0,771,23,702,625,548,2023-07-16,Facility Focal Person
KAD013,  Specialist Hospital Zaria II ,Kaduna,Zaria,2023-09-30,2251,64,46,"2,574",21,295,6,5,1821,25,2160,1918,1872,2023-10-18,Facility Focal Person
KAD011,Primary Health Centre Kaduna North II,Kaduna,Kaduna North,2024-04-30,263,7,6,587,4,70,1,0,534,11,424,475,334,2024-05-11,M&E Officer
FCT014,  General Hospital Kuje II ,FCT,Kuje,2022-12-31,685,21,17,2477,48,191,1,0,1815,40,2146,2023,1782,2023-01-21,M&E Officer
RIV006,COTTAGE HOSPITAL ELEME,Rivers,Eleme,2024-07-31,1487,62,47,2818,48,415,17,13,2182,36,2041,1273,1105,2024-08-13,Data Clerk
KAD001,Model Primary Health Centre Kaduna North,Kaduna,Kaduna North,31/10/2022,137,3,2,786,6,28,1,0,716,10,694,434,367,2022-11-18,M&E Officer
AKS007,Teaching Hospital Ikono,Akwa Ibom,Ikono,2023-07-31,1089,19,14,5889,101,137,1,0,4307,82,5465,3574,3346,2023-08-13,Facility Focal Person
RIV006,Cottage Hospital Eleme,RIVERS,Eleme,2023-01-31,749,NULL,23,2516,43,239,4,3,2023,39,2125,1833,1708,2023-03-01,Data Clerk
BEN005,MODEL PRIMARY HEALTH CENTRE KATSINA-ALA,Benue,Katsina-Ala,31/03/2023,441,10,9,483,2,70,0,0,438,6,338,295,248,2023-04-16,Facility Focal Person
NAS012,  Mission Hospital Karu II ,Nasarawa,Karu,2024-12-31,741,14,13,1358,13,211,1,0,1191,25,1172,1010,842,2025-01-15,Data Clerk
BEN003,General Hospital Otukpo,Benue,Otukpo,2022-05-31,531,32,27,2592,24,116,1,0,2020,37,2132,1816,1778,2022-06-16,Data Clerk
NAS009,COTTAGE HOSPITAL AKWANGA II,Nasarawa,Akwanga,2024-12-31,1094,4,2,481,6,318,3,2,348,5,340,277,230,2025-01-11,Facility Focal Person
NAS008,Comprehensive Health Centre Keffi II,Nasarawa,Keffi,2022-11-30,77,1,0,908,9,10,0,0,520,10,710,416,361,2022-12-13,M&E Officer
fct009,Model Primary Health Centre Kuje II,FCT,Kuje,2022-02-28,118,2,1,444,7,35,1,0,254,8,336,281,235,2022-03-11,Data Clerk
KAD008,Model Primary Health Centre Zaria II,Kaduna,Zaria,2024-11-30,257,13,12,1165,6,38,1,0,849,25,NULL,711,666,2024-12-13,M&E Officer
BEN004,General Hospital Okpokwu,Benue,Okpokwu,2023-10-31,975,7,5,389,1,134,0,0,244,8,275,199,169,2023-11-13,M&E Officer
RIV015,Specialist Hospital Khana II,Rivers,Khana,31/10/2023,360,17,12,2320,14,42,2,1,1947,47,2040,1170,988,2023-11-11,Data Clerk
CRS015,MODEL PRIMARY HEALTH CENTRE AKAMKPA II,Cross River,Akamkpa,2024-07-31,99,1,0,489,1,27,0,0,327,3,451,323,288,2024-08-11,Data Clerk
FCT001,MISSION HOSPITAL AMAC,FCT,AMAC,2022-01-31,725,4,3,1398,9,209,1,0,932,12,1128,808,775,2022-02-16,M&E Officer
RIV015,Specialist Hospital Khana II,RIVERS,Khana,2023-07-31,462,13,10,2356,38,140,5,4,2155,46,2085,1907,1706,2023-08-13,Data Clerk
FCT013,Cottage Hospital Gwagwalada II,FCT,Gwagwalada,2024-05-31,1385,18,13,1243,16,271,2,1,1085,21,892,496,477,2024-06-18,Facility Focal Person
BEN003,General Hospital Otukpo,Benue,Otukpo,2023-04-30,-35,22,19,2479,20,92,3,2,1975,35,2113,1173,1046,2023-05-16,Facility Focal Person
KAD015,General Hospital Chikun II,Kaduna,Chikun,2024-02-29,343,9,7,"1,602",11,51,0,0,960,10,1356,753,675,2024-03-18,Data Clerk
CRS012,  Model Primary Health Centre Ikom II ,Cross River,Ikom,2022-11-30,455,9,7,819,10,94,1,0,521,8,671,500,475,2022-12-16,M&E Officer
CRS010,Comprehensive Health Centre Akamkpa II,Cross River,Akamkpa,2022-02-28,66,1,0,442,1,16,0,0,300 ,6,317,231,222,2022-03-15,Facility Focal Person
BEN012,  Cottage Hospital Vandeikya II ,Benue,Vandeikya,2023-09-30,594,9,8,460,7,150,4,3,349,6,409,372,319,2023-10-16,M&E Officer
kad007,MODEL PRIMARY HEALTH CENTRE KADUNA SOUTH II,Kaduna,Kaduna South,Mar-2024,288,15,12,1115,9,35,3,2,1000,18,864,549,478,2024-04-13,Facility Focal Person
KAD009,Model Primary Health Centre Sabon Gari II,Kaduna,Sabon Gari,2022-12-31,440,22,15,756,1,57,3,2,603,14,545,420,362,2023-02-15,Data Clerk
KAD012,Comprehensive Health Centre Kaduna South II,Kaduna,Kaduna South,2022-08-31,438,11,10,653,4,132,5,4,554,10,447,366,355,2022-09-16,M&E Officer
NAS005,MISSION HOSPITAL NASARAWA,Nasarawa,Nasarawa,2022-08-31,1212,28,26,303,5,327,2,1,188,6,228,138,117,2022-09-18,M&E Officer
NAS011,Mission Hospital Lafia II,Nasarawa,Lafia,2024-12-31,1134,15,14,2374,23,284,1,0,1621,37,2187,1618,1339,2025-01-11,Data Clerk
KAD013,  SPECIALIST HOSPITAL ZARIA II ,Kaduna,Zaria,30/04/2023,2203,64,59,2254,18,641,9,7,1918 ,28,2088,1753,1586,2023-05-11,Facility Focal Person
RIV010,TEACHING HOSPITAL AHOADA EAST II,Rivers,Ahoada East,2023-09-30,845,19,17,3116,23,174,2,1,2447,46,2614,2254,1910,2023-10-16,M&E Officer
AKS004,  Comprehensive Health Centre Etinan ,Akwa Ibom,Etinan,2024-12-31,177,6,4,907,4,27,1,0,726,9,762,649,613,2025-01-11,M&E Officer
BEN009,PRIMARY HEALTH CENTRE OTUKPO II,Benue,Otukpo,2024-03-31,234,3,2,440,8,62,0,0,309,3,374,353,295,2024-04-13,Data Clerk
CRS010,Comprehensive Health Centre Akamkpa II,Cross-River,Akamkpa,2023-12-31,65,1,0,371,2,12,0,0,225,4,307,241,231,2024-01-15,M&E Officer
RIV009,Mission Hospital Khana II,Rivers,Khana,2023-11-30,493,5,4,778,15,103,1,0,644,12,669,526,496,2024-01-15,M&E Officer
CRS012,Model Primary Health Centre Ikom II,Cross River,Ikom,31/10/2022,341,4,-30,822,1,92,0,0,482,13,666,491,409,2022-11-16,M&E Officer
CRS007,Model Primary Health Centre Ikom II,Cross River,Ikom,2022-07-31,144,6,4,314,3,38,4,3,261,9,230,196,169,2022-08-18,Facility Focal Person
KAD003,  Mission Hospital Zaria ,Kaduna,Zaria,2023-03-31,1191,60,52,2644,49,256,7,6,,45,2289,1650,1450,2023-04-11,Data Clerk
RIV005,Mission Hospital Degema,Rivers,Degema,Oct-2024,191,5,4,1266,5,53,3,2,1035,13,986,693,642,2024-11-15,Data Clerk
LAG006,Specialist Hospital Alimosho,Lagos,Alimosho,31/12/2023,622,19,17,4686,27,79,0,0,4183 ,82,4087,2547,2412,2024-01-13,M&E Officer
FCT010,Model Primary Health Centre Abaji II,FCT,Abaji,2023-11-30,N/A,18,16,423,2,  ,1,0,396,6,297,189,178,2023-12-13,Data Clerk
AKS008,Primary Health Centre Uyo II,Akwa Ibom,Uyo,31/01/2023,90,0,0,85,1,23,1,0,62,1,69,45,43,2023-02-18,Data Clerk
AKS003,Model Primary Health Centre Eket,akwa ibom,Eket,2022-04-30,505,14,10,153,0,66,1,0,87,4,140,92,86,2022-05-15,M&E Officer
NAS015,SPECIALIST HOSPITAL NASARAWA II,Nasarawa,Nasarawa,2022-07-31,1039,65,54,3132,47,316,8,6,2934,51,2221,1610,1536,2022-08-21,Data Clerk
FCT010,MODEL PRIMARY HEALTH CENTRE ABAJI II,FCT,Abaji,2023-01-31,388,12,8,327,3,39,0,0,260,6,223,177,162,2023-02-13,Facility Focal Person
AKS011,COMPREHENSIVE HEALTH CENTRE ETINAN II,akwa ibom,Etinan,2024-12-31,108,9,6,339,6,  ,1,0,281,5,304,188,167,2025-01-11,Data Clerk
NAS009,Cottage Hospital Akwanga II,Nasarawa,Akwanga,May-2022,1258,16,14,469,4,161,0,0,269,4,363,339,295,2022-06-21,Facility Focal Person
FCT002,General Hospital Bwari,fct,Bwari,2024-09-30,146,9,7,570,3,38,1,0,392,5,496,470,446,2024-10-18,Facility Focal Person
KAD012,  Comprehensive Health Centre Kaduna South II ,Kaduna,Kaduna South,2022-02-28,416,4,3,675,8,75,4,3,614,8,540,310,263,2022-03-11,Data Clerk
NAS014,Teaching Hospital Akwanga II,Nasarawa,Akwanga,2024-09-30,2191,61,60,5082,79,656,8,6,4519,85,4407,2496,2182,2024-10-11,Facility Focal Person
AKS012,Cottage Hospital Oron II,Akwa Ibom,Oron,2022-01-31,608,31,26,352,5,106,5,4,319,6,288,167,138,2022-02-11,Data Clerk
BEN009,Primary Health Centre Otukpo II,Benue,Otukpo,28/02/2022,162,2,1,486,1,35,0,0,268,4,424,338,297,2022-03-11,Facility Focal Person
NAS006,PRIMARY HEALTH CENTRE LAFIA II,Nasarawa,Lafia,2023-02-28,276,6,4,971,2,36,1,0,597,11,684,479,464,2023-03-18,Data Clerk
LAG008,Cottage Hospital Lagos Island II,Lagos,Lagos Island,2024-12-31,75,2,1,700,13,18,0,0,413,7,554,429,400,2025-01-15,Data Clerk
TMP001,Teaching Hospital Obio/Akpor,Rivers,Obio/Akpor,2023-08-31,1909,22,21,4557,54,401,2,1,2824,48,3301,2470,2316,2023-09-21,Facility Focal Person
LAG014,Cottage Hospital Lagos Island II,Lagos,Lagos Island,29/02/2024,662,7,6,1686,23,206,1,0,1328,19,1509,854,756,2024-03-11,Data Clerk
BEN007,SPECIALIST HOSPITAL MAKURDI II,Benue,Makurdi,2022-05-31,329,6,4,2326,26,89,1,0,1820,27,2127,2003,1871,2022-06-11,Data Clerk
LAG006,Specialist Hospital Alimosho,Lagos,Alimosho,2024-02-29,705,19,17,4600,55,151,3,2,3219,55,4250,3647,3525,2024-03-11,M&E Officer
RIV010,Teaching Hospital Ahoada East II,Rivers,Ahoada East,2022-09-30,795,17,16,3232,22,209,4,3,2356,46,2646,1722,1611,2022-10-15,Facility Focal Person
KAD007,Model Primary Health Centre Kaduna South II,Kaduna,Kaduna South,2022-03-31,227,7,6,1136,7,67,1,0,857,20,972,787,653,2022-04-13,Facility Focal Person
FCT004,Model Primary Health Centre Kuje,FCT,Kuje,2022-01-31,274,7,5,1337,13,40,0,0,794,14,916,833,683,2022-02-21,M&E Officer
FCT005,Primary Health Centre Abaji,FCT,Abaji,2024-03-31,567,9,8,556,5,173,3,2,358,4,422,358,301,2024-04-15,Facility Focal Person
BEN014,Comprehensive Health Centre Gboko II,Benue,Gboko,2022-05-31,449,4,3,890,10,129,2,1,555,7,786,486,460,2022-06-11,M&E Officer
CRS015,Model Primary Health Centre Akamkpa II,Cross River,Akamkpa,30/09/2024,106,1,0,479,8,18,0,0,391,3,393,226,218,2024-10-11,M&E Officer
CRS006,Primary Health Centre Calabar Municipal II,cross river,Calabar Municipal,2024-04-30,647,23,21,1366,6,184,5,4,1183,24,1261,972,800,2024-05-18,M&E Officer
NAS003,Cottage Hospital Keffi,Nasarawa,Keffi,2022-10-31,235,5,4,1779,31,55,1,0,1129,17,1611,1477,1420,2022-11-16,Facility Focal Person
AKS002,GENERAL HOSPITAL IKOT EKPENE,Akwa Ibom,Ikot Ekpene,2022-01-31,213,2,1,699,4,52,1,0,612,7,619,410,393,2022-02-11,Data Clerk
NAS002,Cottage Hospital Karu,Nasarawa,Karu,2022-02-28,323,3,2,317,3,90,0,0,237,5,286,176,163,2022-03-13,Data Clerk
NAS010,Teaching Hospital Nasarawa II,Nasarawa,Nasarawa,2024-02-29,2100,93,68,5302,31,550,17,14,4010,70,4252,3115,NULL,2024-03-11,Facility Focal Person
KAD001,Model Primary Health Centre Kaduna North,Kaduna,Kaduna North,2023-03-31,182,9,8,765,9,49,0,0,609,9,635,447,408,2023-04-13,Facility Focal Person
NAS007,General Hospital Karu II,Nasarawa,Karu,31/03/2024,892,8,7,2121,14,137,0,0,1775,15,1769,1560,1385,2024-04-11,M&E Officer
LAG015,MODEL PRIMARY HEALTH CENTRE BADAGRY II,Lagos,Badagry,2023-12-31,209,15,  ,1084,12,64,3,2,820,7,941,755,642,2024-01-13,Data Clerk
NAS009,Cottage Hospital Akwanga II,Nasarawa,Akwanga,2022-01-31,908,11,8,466,3,251,2,1,429,11,339,319,266,2022-02-16,Data Clerk
riv013,Mission Hospital Port Harcourt II,Rivers,Port Harcourt,2022-06-30,646,25,24,2279,32,133,6,5,1674,26,1734,1621,1409,2022-07-18,M&E Officer
BEN014,Comprehensive Health Centre Gboko II,Benue,Gboko,2024-04-30,612,7,6,762,4,137,1,0,665,11,561,529,452,2024-05-15,Facility Focal Person
BEN002,Specialist Hospital Gboko,Benue,Gboko,2022-07-31,2685,35,31,4915,69,541,6,4,3336,62,4381,2593,2161,2022-08-29,Data Clerk
CRS015,Model Primary Health Centre Akamkpa II,Cross River,Akamkpa,2024-03-31,87,4,3,500,7,19,0,0,290,8,428,264,231,2024-04-29,Data Clerk
NAS999,MISSION HOSPITAL ZARIA,Kaduna,Zaria,2023-07-31,1254,50,46,2707,51,307,7,6,1926,37,2291,1597,1438,2023-08-29,Data Clerk
FCT003,Specialist Hospital Gwagwalada,F.C.T.,Gwagwalada,31/12/2022,521,9,8,6154,121,105,3,2,4600,77,5075,4323,4031,2023-01-15,M&E Officer
KAD008,Model Primary Health Centre Zaria II,Kaduna,Zaria,2023-08-31,331,15,12,1198,14,69,1,0,673,9,830,537,455,2023-09-11,Data Clerk
FCT010,Model Primary Health Centre Abaji II,FCT,Abaji,Jan-2024,449,10,8,436,2,54,0,0,372,5,377,211,186,2024-02-16,Data Clerk
LAG008,  Cottage Hospital Lagos Island II ,Lagos,Lagos Island,2024-01-31,102,1,0,750,9,17,0,0,589,10,600,385,364,2024-02-11,Data Clerk
CRS007,Model Primary Health Centre Ikom II,Cross River,Ikom,2023-05-31,149,1,0,302,6,30,0,0,194,1,210,162,141,2023-06-18,Data Clerk
RIV004,Model Primary Health Centre Ahoada East,Rivers,Ahoada East,30/04/2024,460,7,4,834,11,74,1,0,461,14,647,483,415,2024-05-29,Data Clerk
KAD004,Specialist Hospital Sabon Gari,Kaduna,Sabon Gari,2022-05-31,3708,3722,143,3816,56,825,25,23,2840,65,2629,1529,1268,2022-06-15,M&E Officer
KAD011,Primary Health Centre Kaduna North II,Kaduna,Kaduna North,2023-04-30,289,16,14,565,7,32,0,0,418,6,488,390,358,2023-06-15,Facility Focal Person
CRS004,COMPREHENSIVE HEALTH CENTRE OBUDU,Cross River,Obudu,2022-08-31,193,5,3,469,2,49,1,0,408,10,338,204,199,2022-09-15,Data Clerk
RIV006,  Cottage Hospital Eleme ,Rivers,Eleme,2022-09-30,986,60,55,2446,32,NULL,4,3,1354,20,2113,1976,1753,2022-10-11,Facility Focal Person
CRS008,  Cottage Hospital Ogoja II ,Cross River,Ogoja,2022-10-31,459,15,12,"2,324",26,N/A,2,1,1976,35,1666,1576,1422,2022-11-16,Data Clerk
CRS006,Primary Health Centre Calabar Municipal II,Cross River,Calabar Municipal,2024-11-30,554,15,13,1432,10,69,1,0,988,22,1225,885,770,2025-01-15,M&E Officer
AKS012,Cottage Hospital Oron II,Akwa Ibom,Oron,2023-05-31,1172,68,57,861,14,139,2,1,556,16,611,513,464,2023-06-11,Data Clerk
KAD013,Specialist Hospital Zaria II,Kaduna,Zaria,2023-10-31,2105,70,63,2593,44,371,4,3,2049,40,1955,1208,1062,2023-11-13,Data Clerk
BEN013,Model Primary Health Centre Makurdi II,Benue,Makurdi,30/09/2022,563,18,17,426,7,83,4,3,236,2,327,248,211,2022-10-13,Facility Focal Person
LAG001,Primary Health Centre Ikorodu,Lagos,Ikorodu,2024-10-31,459,13,11,415,1,83,0,0,306,4,383,357,327,2024-11-13,Facility Focal Person
CRS010,Comprehensive Health Centre Akamkpa II,Cross River,Akamkpa,2023-07-31,77,1,0,384,6,14,0,0,291,1,344,269,220,2023-08-18,M&E Officer
RIV008,Teaching Hospital Obio/Akpor II,Rivers,Obio/Akpor,2024-10-31,1355,43,38,4221,38,204,3,2,2919,57,3876,2332,2164,2024-11-11,M&E Officer
CRS001,Model Primary Health Centre Calabar Municipal,Cross River,Calabar Municipal,2024-11-30,295,14,10,681,12,35,3,2,579,12,475,422,,2024-12-21,Data Clerk
RIV003,Comprehensive Health Centre Khana,Rivers,Khana,2022-05-31,309,15,10,1077,7,32,1,0,667,13,868,784,755,2022-06-21,M&E Officer
AKS004,  Comprehensive Health Centre Etinan ,Akwa Ibom,Etinan,2022-07-31,163,7,5,991,2,40,1,0,725,9,787,527,499,2022-08-15,Data Clerk
AKS012,Cottage Hospital Oron II,Akwa Ibom,Oron,2023-10-31,1019,61,45,1018,2,166,6,4,573,14,904,711,664,2023-11-15,Data Clerk
KAD011,  Primary Health Centre Kaduna North II ,Kaduna,Kaduna North,2023-05-31,244,9,7,565,7,65,0,0,393,10,394,309,288,2023-06-16,M&E Officer
LAG001,Primary Health Centre Ikorodu,Lagos,Ikorodu,2022-10-31,367,10,9,237,2,77,5,4,164,2,208,180,167,2022-11-18,M&E Officer
KAD009,Model Primary Health Centre Sabon Gari II,Kaduna,Sabon Gari,2024-10-31,615,23,18,998,10,147,6,5,704,10,758,566,518,2024-11-15,Facility Focal Person
FCT014,General Hospital Kuje II,FCT,Kuje,2024-05-31,1017,33,27,2514,49,299,7,6,1712,28,1925,1508,1399,2024-06-21,M&E Officer
NAS014,Teaching Hospital Akwanga II,Nasarawa,Akwanga,2024-01-31,1806,52,40,4948,30,519,5,4,3309,50,3633,2896,2665,2024-02-15,M&E Officer
AKS003,MODEL PRIMARY HEALTH CENTRE EKET,Akwa Ibom,Eket,2023-06-30,608,6,5,308,3,150,0,0,286,5,272,153,135,2023-07-18,Facility Focal Person
kad006,Specialist Hospital Kaduna North II,Kaduna,Kaduna North,2023-09-30,1686,1716,28,"1,689",7,285,4,3,1506,24,1393,1162,1064,2023-10-11,Facility Focal Person
NAS010,TEACHING HOSPITAL NASARAWA II,Nasarawa,Nasarawa,Aug-2024,2968,159,125,5720,47,942,34,31,3636,59,4681,4445,4132,2024-09-13,Data Clerk
LAG013,Specialist Hospital Ikorodu II,Lagos,Ikorodu,30/11/2024,1836,87,64,6360,55,561,22,19,4130,86,5666,4993,4211,2024-12-13,M&E Officer
riv006,Cottage Hospital Eleme,Rivers,Eleme,2024-10-31,1390,62,49,2916,37,169,3,2,2095,30,2139,1607,1520,2024-11-13,M&E Officer
FCT011,Cottage Hospital AMAC II,FCT,AMAC,Jul-2024,431,11,10,2005,34,58,1,0,1671,27,1700,1321,1182,2024-08-21,Data Clerk
TMP001,Specialist Hospital Ogoja,Cross River,Ogoja,2023-08-31,1488,43,34,"5,238",30,328,6,4,4846,87,3687,-,2161,2023-09-16,M&E Officer
NAS006,Primary Health Centre Lafia II,Nasarawa,Lafia,2023-08-31,268,11,10,963,15,49,0,0,548 ,12,719,548,509,2023-09-16,Facility Focal Person
CRS004,Comprehensive Health Centre Obudu,Cross River,Obudu,2024-09-30,262,10,9,466,3,66,1,0,362,5,367,325,306,2024-10-11,Facility Focal Person
LAG001,Primary Health Centre Ikorodu,Lagos,Ikorodu,31/03/2023,422,10,8,271,0,70,0,0,154,2,190,162,155,2023-04-11,Data Clerk
AKS001,Comprehensive Health Centre Uyo,Akwa Ibom,Uyo,2022-12-31,412,5,4,311,4,89,0,0,177,3,229,152,133,2023-01-15,Facility Focal Person
FCT009,MODEL PRIMARY HEALTH CENTRE KUJE II,FCT,Kuje,Jan-2022,145,8,7,450,5,28,1,0,382,13,349,302,249,2022-02-11,Facility Focal Person
AKS008,Primary Health Centre Uyo II,Akwa-Ibom,Uyo,2024-09-30,100,1,0,92,1,21,0,0,57,0,68,47,43,2024-10-11,Facility Focal Person
LAG099,Specialist Hospital Nasarawa II,Nasarawa,Nasarawa,2024-02-29,914,44,32,"3,230",19,126,2,1,2785,73,2824,2470,2073,2024-03-16,Facility Focal Person
RIV015,Specialist Hospital Khana II,Rivers,Khana,Nov-2023,326,15,12,2309,23,44,1,0,1831,36,1944,1233,1087,2023-12-11,Facility Focal Person
NAS004,Cottage Hospital Akwanga,Nasarawa,Akwanga,31/12/2024,,14,13,624,4,58,1,0,457,6,517,542,296,2025-01-18,Facility Focal Person
BEN004,General Hospital Okpokwu,Benue,Okpokwu,2022-04-30,880,9,6,362,1,173,1,0,332,8,284,222,193,2022-05-21,M&E Officer
BEN011,Model Primary Health Centre Katsina-Ala II,Benue,Katsina-Ala,2022-05-31,280,7,6,303,5,32,0,0,243,3,220,201,172,2022-06-16,M&E Officer
CRS012,Model Primary Health Centre Ikom II,Cross River,Ikom,30/11/2023,385,8,7,779,2,79,1,0,567,10,540,430,384,2023-12-18,Data Clerk
NAS004,Cottage Hospital Akwanga,Nasarawa,Akwanga,2024-05-31,358,10,8,555,9,76,2,1,305,5,480,314,286,2024-06-13,Facility Focal Person
NAS015,SPECIALIST HOSPITAL NASARAWA II,Nasarawa,Nasarawa,2022-04-30,1026,58,41,3100,59,-,9,7,2142,38,2752,1566,1476,2022-05-16,M&E Officer
NAS015,Specialist Hospital Nasarawa II,Nasarawa,Nasarawa,2022-01-31,679,37,27,3102,43,190,4,3,1849,32,2439,1567,1371,2022-02-18,M&E Officer
CRS008,Cottage Hospital Ogoja II,Cross River,Ogoja,2023-05-31,677,12,  ,2206,13,98,3,2,1399,29,1819,1442,1233,2023-06-18,M&E Officer
kad002,Teaching Hospital Kaduna South,Kaduna,Kaduna South,2022-07-31,1745,36,28,"4,405",41,214,3,2,3232,73,3845,3368,3181,2022-08-16,M&E Officer
NAS013,GENERAL HOSPITAL KEFFI II,Nasarawa,Keffi,2022-10-31,510,29,24,16390,24,101,2,1,1179,20,1479,1051,955,2022-11-21,Facility Focal Person
NAS007,General Hospital Karu II,Nasarawa,Karu,2023-03-31,673,7,4,2303,34,147,0,0,2002,36,1980,1779,1537,2023-04-16,Data Clerk
BEN014,COMPREHENSIVE HEALTH CENTRE GBOKO II,Benue,Gboko,2024-01-31,499,4,3,769,7,80,0,0,667,10,595,380,332,2024-02-29,Facility Focal Person
FCT008,Teaching Hospital Gwagwalada II,FCT,Gwagwalada,2023-08-31,1043,44,36,4983,63,209,4,3,2939,46,,2894,2719,2023-09-15,Facility Focal Person
CRS015,  Model Primary Health Centre Akamkpa II ,Cross River,Akamkpa,31/01/2023,65,0,0,554,8,9,0,0,338,5,426,271,231,2023-02-16,Data Clerk
KAD002,Teaching Hospital Kaduna South,Kaduna,Kaduna South,30/06/2022,1900,25,17,4418,16,197,1,0,2952,54,3021,1971,1641,2022-07-15,M&E Officer
NAS014,Teaching Hospital Akwanga II,Nasarawa,Akwanga,31/07/2024,2810,90,66,5101,63,852,12,11,4711,84,4067,3308,2838,2024-08-15,Facility Focal Person
LAG002,Specialist Hospital Lagos Island,Lagos,Lagos Island,Dec-2024,2280,81,60,6130,49,688,10,7,5196 ,96,4767,3850,3531,2025-01-13,Facility Focal Person
NAS999,  Mission Hospital Khana II ,Rivers,Khana,2023-12-31,442,2,1,777,2,87,0,0,551,9,632,412,400,2024-01-11,M&E Officer
CRS009,COMPREHENSIVE HEALTH CENTRE OBUDU II,Cross River,Obudu,31/05/2024,605,663,11,925,8,115,3,2,703,7,812,763,653,2024-06-16,Facility Focal Person
FCT002,General Hospital Bwari,FCT,Bwari,2023-04-30,123,2,1,593,6,32,0,0,341,2,532,428,378,2023-05-18,Data Clerk
RIV010,Teaching Hospital Ahoada East II,Rivers,Ahoada East,31/08/2024,977,30,26,2904,54,124,0,0,2299,56,2551,2230,2163,2024-09-15,Data Clerk
aks014,Primary Health Centre Ikono II,Akwa Ibom,Ikono,31/05/2024,275,332,6,605,10,81,2,1,462,11,474,398,332,2024-06-21,Data Clerk
FCT005,Primary Health Centre Abaji,FCT,Abaji,2022-06-30,579,11,9,496,2,117,0,0,291,2,427,372,356,2022-07-11,Facility Focal Person
LAG005,MISSION HOSPITAL AGEGE,Lagos,Agege,Nov-2023,868,40,33,1742,7,130,3,2,1417,21,1370,991,839,2023-12-15,Data Clerk
AKS010,General Hospital Eket II,Akwa Ibom,Eket,2022-12-31,572,10,9,1735,24,158,0,0,1226,16,1602,1381,1136,2023-01-29,Data Clerk
KAD004,Specialist Hospital Sabon Gari,Kaduna,Sabon Gari,2024-12-31,2557,119,95,6075,17,420,11,10,4386,98,4920,4924,3569,2025-01-18,Data Clerk
KAD011,Primary Health Centre Kaduna North II,Kaduna,Kaduna North,2024-11-30,236,7,5,592,2,43,1,0,442,10,426,N/A,315,2024-12-13,Facility Focal Person
AKS015,Mission Hospital Uyo II,Akwa Ibom,Uyo,2022-12-31,547,28,21,2471,21,111,6,5,1712,29,2258,1726,1566,2023-01-21,M&E Officer
BEN008,Teaching Hospital Gboko II,Benue,Gboko,Sep-2023,2598,88,73,6301,97,330,6,5,4654,84,5006,2986,2819,2023-10-16,Data Clerk
RIV014,Cottage Hospital Obio/Akpor II,RIVERS,Obio/Akpor,2022-08-31,1022,11,10,619,4,239,3,2,472,9,522,335,307,2022-09-11,Data Clerk
KAD004,Specialist Hospital Sabon Gari,Kaduna,Sabon Gari,2023-01-31,2236,nil,119,4303,77,447,22,21,3145,54,3207,2511,2356,2023-02-15,M&E Officer
LAG001,Primary Health Centre Ikorodu,Lagos,Ikorodu,2023-04-30,479,7,5,272,4,141,1,0,164,2,206,121,107,2023-05-29,Data Clerk
FCT010,Model Primary Health Centre Abaji II,FCT,Abaji,2022-10-31,443,5,3,310,4,109,0,0,203,1,228,168,164,2022-11-13,Data Clerk
CRS014,Comprehensive Health Centre Obudu II,cross river,Obudu,2024-09-30,457,9,8,203,1,82,0,0,126,3,169,159,147,2024-10-21,Facility Focal Person
KAD004,  Specialist Hospital Sabon Gari ,Kaduna,Sabon Gari,2022-06-30,2483,147,107,3907,16,791,28,22,3286,58,2958,2342,2126,2022-07-15,Facility Focal Person
NAS006,Primary Health Centre Lafia II,Nasarawa,Lafia,2024-04-30,357,12,10,942,11,68,4,3,673,8,766,705,N/A,2024-05-11,M&E Officer
CRS002,Comprehensive Health Centre Ikom,Cross River,Ikom,2024-02-29,163,11,nil,255,1,30,1,0,156,4,226,193,171,2024-03-13,Data Clerk
CRS001,Model Primary Health Centre Calabar Municipal,Cross River,Calabar Municipal,Jul-2023,238,8,7,678,2,45,3,2,428,11,582,532,505,2023-08-16,Data Clerk
NAS013,General Hospital Keffi II,Nasarawa,Keffi,2023-09-30,551,24,23,1654,24,70,1,0,1086,20,1174,1005,855,2023-10-18,M&E Officer
NAS009,Cottage Hospital Akwanga II,Nasarawa,Akwanga,2022-12-31,982,4,3,473,8,102,1,0,426,3,397,303,274,2023-01-20,M&E Officer
NAS004,COTTAGE HOSPITAL AKWANGA,Nasarawa,Akwanga,2024-07-31,461,19,14,577,4,111,7,6,427,13,508,375,314,2024-08-11,Facility Focal Person
LAG005,Mission Hospital Agege,Lagos,Agege,2023-10-31,925,19,17,1716,11,182,2,1,1093,26,1347,1034,885,2023-11-21,M&E Officer
FCT012,MISSION HOSPITAL BWARI II,FCT,Bwari,2023-06-30,1243,49,41,"2,773",50,287,5,3,2231,30,2044,1596,1399,2023-07-16,Data Clerk
LAG005,Mission Hospital Agege,Lagos,Agege,2024-02-29,1219,21,18,1758,30,122,2,1,1158,21,1584,881,749,2024-03-18,M&E Officer
LAG013,Specialist Hospital Ikorodu II,Lagos,Ikorodu,30/11/2023,2203,126,93,6082,106,651,15,13,5152,103,4541,2548,2121,2023-12-15,Data Clerk
aks010,General Hospital Eket II,Akwa Ibom,Eket,2024-09-30,659,11,9,1569,25,156,0,0,1138 ,24,1149,851,746,2024-10-18,M&E Officer
BEN006,PRIMARY HEALTH CENTRE VANDEIKYA,Benue,Vandeikya,2023-05-31,228,9,8,339,3,58,2,1,258,6,278,258,212,2023-06-18,Facility Focal Person
CRS003,Specialist Hospital Ogoja,cross river,Ogoja,30/09/2023,1614,36,29,5247,20,475,13,10,4412,71,4182,3372,2788,2023-10-18,Data Clerk
NAS999,  Specialist Hospital Makurdi II ,Benue,Makurdi,2023-09-30,335,5,3,2042,26,91,0,0,1192,23,1673,1305,1232,2023-10-13,Facility Focal Person
LAG001,Primary Health Centre Ikorodu,Lagos,Ikorodu,2023-08-31,449,9,7,304,5,95,1,0,257,9,229,141,115,2023-09-11,Data Clerk
riv001,Model Primary Health Centre Port Harcourt,Rivers,Port Harcourt,2022-11-30,36,0,0,1056,14,4,0,0,717,16,723,638,583,2022-12-13,M&E Officer
FCT007,Specialist Hospital Bwari II,FCT,Bwari,2023-05-31,2568,53,40,4388,10,  ,6,4,3841,82,3375,2623,2161,2023-06-18,M&E Officer
FCT009,Model Primary Health Centre Kuje II,FCT,Kuje,2024-12-31,125,5,4,496,2,17,0,0,370,8,447,281,232,2025-01-21,M&E Officer
FCT011,Cottage Hospital AMAC II,FCT,AMAC,2022-06-30,283,11,9,2319,30,77,2,1,2042,37,1779,1086,901,2022-07-15,M&E Officer
FCT004,Model Primary Health Centre Kuje,FCT,Kuje,2022-02-28,297,14,11,1345,3,70,2,1,821,16,1210,733,653,2022-03-15,Facility Focal Person
KAD008,Model Primary Health Centre Zaria II,Kaduna,Zaria,2022-12-31,280,9,6,1209,22,57,1,0,1121,24,1062,611,596,2023-01-18,Facility Focal Person
BEN005,Model Primary Health Centre Katsina-Ala,Benue,Katsina-Ala,2022-04-30,557,9,6,418,7,175,3,2,248,2,324,204,192,2022-05-16,Facility Focal Person
AKS013,Model Primary Health Centre Abak II,Akwa Ibom,Abak,Sep-2023,337,9,7,608,6,70,0,0,372,6,473,263,249,2023-10-13,Facility Focal Person
KAD011,Primary Health Centre Kaduna North II,Kaduna,Kaduna North,Jul-2022,251,7,6,552,4,26,1,0,495,8,439,262,227,2022-08-16,Facility Focal Person
RIV012,Primary Health Centre Eleme II,Rivers,Eleme,2023-10-31,506,14,12,968,15,118,1,0,727,17,845,600,531,2023-11-13,M&E Officer
LAG005,Mission Hospital Agege,Lagos,Agege,28/02/2023,997,33,26,1587,30,300,2,1,1345,21,1087,761,709,2023-03-13,Data Clerk
LAG015,Model Primary Health Centre Badagry II,Lagos,Badagry,Oct-2023,264,9,6,1082,12,64,6,5,851,15,796,530,460,2023-11-13,Data Clerk
RIV014,Cottage Hospital Obio/Akpor II,Rivers,Obio/Akpor,2022-01-31,799,6,5,610,10,83,0,0,403,8,559,379,323,2022-02-13,Data Clerk
KAD012,Comprehensive Health Centre Kaduna South II,Kaduna,Kaduna South,2024-06-30,557,15,13,643,3,68,0,0,509,8,496,340,291,2024-07-18,Data Clerk
BEN001,Mission Hospital Makurdi,Benue,Makurdi,2023-01-31,858,4,3,1957,7,227,1,0,1180,27,1798,1337,1218,2023-03-01,Facility Focal Person
NAS012,Mission Hospital Karu II,Nasarawa,Karu,2022-11-30,-,22,16,1346,16,99,0,0,748,11,1038,979,944,2022-12-13,M&E Officer
NAS008,  Comprehensive Health Centre Keffi II ,Nasarawa,Keffi,2023-12-31,nil,0,0,797,5,8,0,0,583,13,553,345,300,2024-01-29,Data Clerk
CRS004,Comprehensive Health Centre Obudu,Cross River,Obudu,Apr-2023,225,5,3,452,4,40,1,0,313,2,340,243,233,2023-05-16,M&E Officer
KAD002,Teaching Hospital Kaduna South,Kaduna,Kaduna South,31/01/2023,1283,19,16,4206,71,286,3,2,2540,53,2998,1919,1778,2023-02-21,Data Clerk
NAS015,Specialist Hospital Nasarawa II,Nasarawa,Nasarawa,2024-08-31,978,44,42,3347,10,220,12,10,3073,61,3050,2169,2119,2024-09-11,Facility Focal Person
RIV013,Mission Hospital Port Harcourt II,rivers ,Port Harcourt,31/01/2024,502,26,20,2130,20,111,1,0,1555,27,1893,1272,1053,2024-02-15,Facility Focal Person
CRS008,Cottage Hospital Ogoja II,Cross River,Ogoja,2024-01-31,514,8,6,2139,7,98,0,0,1770,34,1788,1079,980,2024-02-18,Facility Focal Person
NAS999,Specialist Hospital Lagos Island,Lagos,Lagos Island,2024-04-30,2101,102,98,5966,58,452,10,8,5382,98,4396,3909,3570,2024-05-16,Data Clerk
AKS005,COMPREHENSIVE HEALTH CENTRE ORON,Akwa Ibom,Oron,2022-10-31,88,1,0,1217,23,10,0,0,809,11,986,928,834,2022-12-16,Data Clerk
KAD013,Specialist Hospital Zaria II,Kaduna,Zaria,2023-11-30,2000,105,-,"2,648",30,240,4,3,2493,38,2077,1518,1346,2023-12-16,Data Clerk
NAS008,Comprehensive Health Centre Keffi II,Nasarawa,Keffi,2023-01-31,65,1,0,893,10,9,0,0,632,14,661,366,343,2023-02-21,M&E Officer
fct004,  Model Primary Health Centre Kuje ,FCT,Kuje,2024-07-31,442,25,21,1246,24,99,6,5,994,14,1049,739,655,2024-09-15,Data Clerk
KAD006,Specialist Hospital Kaduna North II,Kaduna,Kaduna North,2024-09-30,1876,33,31,1769,16,505,3,2,1006,1044,1348,1267,1085,2024-10-11,Facility Focal Person
LAG099,Specialist Hospital Sabon Gari,Kaduna,Sabon Gari,2024-10-31,3037,145,140,5942,31,846,21,15,4231,84,5350,3407,3057,2024-11-13,Data Clerk
RIV002,Teaching Hospital Obio/Akpor,RIVERS,Obio/Akpor,2022-05-31,1906,47,39,4897,50,454,7,5,4581,84,4516,4096,3761,2022-06-18,M&E Officer
BEN011,Model Primary Health Centre Katsina-Ala II,Benue,Katsina-Ala,Nov-2024,220,6,5,404,5,52,0,0,362,9,307,nil,206,2024-12-18,Facility Focal Person
RIV005,Mission Hospital Degema,Rivers,Degema,2023-08-31,165,2,1,1377,7,52,0,0,913,20,1127,816,795,2023-09-18,Facility Focal Person
TMP001,Cottage Hospital Akwanga II,Nasarawa,Akwanga,2023-01-31,1084,7,6,477,2,196,1,0,451,14,392,260,223,2023-02-15,Data Clerk
BEN004,General Hospital Okpokwu,Benue,Okpokwu,2024-01-31,970,5,4,391,5,199,0,0,263,3,312,-,180,2024-02-11,Facility Focal Person
CRS004,Comprehensive Health Centre Obudu,Cross River,Obudu,2022-03-31,225,8,7,463,1,58,2,1,364,7,405,313,266,2022-04-29,M&E Officer
RIV010,Teaching Hospital Ahoada East II,Rivers,Ahoada East,2024-09-30,824,20,15,2863,56,95,0,0,1872,34,2228,1993,1668,2024-10-11,Data Clerk
NAS006,Primary Health Centre Lafia II,Nasarawa,Lafia,2022-07-31,265,10,7,1004,19,76,1,0,715,15,861,568,504,2022-08-13,Data Clerk
CRS003,Specialist Hospital Ogoja,Cross River,Ogoja,Apr-2022,1586,43,37,"5,553",110,166,4,3,4778,77,5030,3224,2951,2022-05-13,Data Clerk
AKS014,Primary Health Centre Ikono II,Akwa Ibom,Ikono,2023-08-31,179,6,4,612,9,52,1,0,338,8,464,361,328,2023-09-13,Data Clerk
CRS013,Mission Hospital Ogoja II,Cross River,Ogoja,2022-11-30,248,5,4,851,3,42,0,0,676,9,742,542,473,2022-12-13,Facility Focal Person
RIV001,Model Primary Health Centre Port Harcourt,Rivers,Port Harcourt,31/08/2023,102,0,0,955,6,21,0,0,770,14,670,445,409,2023-09-11,M&E Officer
BEN002,Specialist Hospital Gboko,Benue,Gboko,2024-02-29,1950,24,17,4444,23,429,5,4,2529,46,3534,2207,1899,2024-03-13,M&E Officer
CRS014,Comprehensive Health Centre Obudu II,cross river,Obudu,2022-12-31,204,3,2,119,0,42,0,0,94,1,83,66,60,2023-01-13,Facility Focal Person
BEN002,Specialist Hospital Gboko,Benue,Gboko,2022-04-30,2436,45,34,4980,37,651,10,8,3032,61,3818,2463,2367,2022-05-11,M&E Officer
KAD005,Cottage Hospital Chikun,Kaduna,Chikun,2022-10-31,415,5,4,297,3,118,0,0,175,3,232,209,193,2022-11-15,Data Clerk
NAS002,COTTAGE HOSPITAL KARU,Nasarawa,Karu,2023-05-31,511,4,2,303,4,103,1,0,279,2,267,233,215,2023-06-18,M&E Officer
AKS015,  MISSION HOSPITAL UYO II ,Akwa Ibom,Uyo,2022-09-30,629,25,18,2495,8,182,5,4,1381 ,22,2279,1540,1447,2022-10-13,Facility Focal Person
RIV003,Comprehensive Health Centre Khana,rivers ,Khana,Oct-2023,346,7,6,1039,3,47,0,0,762,19,927,660,605,2023-11-13,Facility Focal Person
BEN001,Mission Hospital Makurdi,Benue,Makurdi,2022-02-28,539,4,3,2140,12,71,0,0,1445,26,1464,1055,1003,2022-03-11,Facility Focal Person
LAG002,Specialist Hospital Lagos Island,Lagos,Lagos Island,2023-01-31,1364,93,70,5791,59,NULL,12,10,3311,60,5299,3143,2688,2023-02-16,M&E Officer
RIV014,COTTAGE HOSPITAL OBIO/AKPOR II,Rivers,Obio/Akpor,31/05/2022,1005,11,9,612,6,261,1,0,372,3,517,394,326,2022-06-11,Facility Focal Person
LAG009,  Mission Hospital Badagry II ,Lagos,Badagry,2024-04-30,454,15,12,2318,43,120,1,0,1710,29,1601,1357,1247,2024-05-16,M&E Officer
BEN002,SPECIALIST HOSPITAL GBOKO,Benue,Gboko,2024-11-30,2501,35,34,4398,70,662,4,3,3104,63,3504,2675,2407,2024-12-13,Data Clerk
KAD004,Specialist Hospital Sabon Gari,Kaduna,Sabon Gari,2024-11-30,2719,145,130,5997,75,426,12,9,5163,70,4698,4367,4268,2024-12-16,Facility Focal Person
AKS004,Comprehensive Health Centre Etinan,Akwa Ibom,Etinan,2022-09-30,169,3,2,989,4,24,0,0,711,17,782,520,438,2022-10-21,M&E Officer
RIV006,Cottage Hospital Eleme,Rivers,Eleme,2023-09-30,884,47,34,2609,24,166,8,7,2299,38,2234,1397,1274,2023-10-15,Data Clerk
NAS014,Teaching Hospital Akwanga II,Nasarawa,Akwanga,2022-07-31,2447,110,109,4752,22,499,7,5,3734,76,3261,2306,1987,2022-08-11,Data Clerk
CRS013,Mission Hospital Ogoja II,Cross River,Ogoja,Feb-2023,169,2,1,818,16,23,0,0,698,11,576,391,334,2023-03-16,M&E Officer
RIV009,MISSION HOSPITAL KHANA II,RIVERS,Khana,31/03/2022,414,4,3,869,14,115,1,0,592,12,782,580,522,2022-04-18,Facility Focal Person
AKS004,Comprehensive Health Centre Etinan,Akwa Ibom,Etinan,2022-12-31,196,12,10,961,18,40,1,0,590,15,804,706,660,2023-01-16,Data Clerk
NAS013,General Hospital Keffi II,Nasarawa,Keffi,2023-06-30,581,37,29,1648,14,77,2,1,1345,25,1516,937,833,2023-07-16,Facility Focal Person
NAS012,Mission Hospital Karu II,Nasarawa,Karu,2023-10-31,689,13,12,1342,21,182,0,0,1078,17,990,786,695,2023-11-16,Facility Focal Person
RIV003,Comprehensive Health Centre Khana,Rivers,Khana,2023-12-31,223,13,12,1043,13,39,0,0,863,13,921,565,482,2024-01-29,Facility Focal Person
RIV013,MISSION HOSPITAL PORT HARCOURT II,Rivers,Port Harcourt,2023-08-31,646,21,14,2153,32,145,4,3,1954,41,1982,1581,1462,2023-09-11,M&E Officer
RIV010,Teaching Hospital Ahoada East II,Rivers,Ahoada East,31/01/2023,777,17,16,"3,195",15,177,1,0,2346,34,2422,1821,1712,2023-02-13,Facility Focal Person
AKS001,COMPREHENSIVE HEALTH CENTRE UYO,Akwa Ibom,Uyo,2022-05-31,552,6,5,312,2,64,0,0,288,7,272,231,197,2022-06-21,Data Clerk
kad010,Cottage Hospital Chikun II,Kaduna,Chikun,2024-08-31,348,13,10,969,15,99,5,3,789,14,711,572,541,2024-10-16,Facility Focal Person
KAD012,Comprehensive Health Centre Kaduna South II,Kaduna,Kaduna South,2024-12-31,425,5,4,628,8,60,0,0,363,6,448,351,326,2025-01-11,Data Clerk
FCT015,Comprehensive Health Centre Abaji II,F.C.T.,Abaji,31/01/2022,71,4,3,908,5,15,0,0,646,5,749,695,657,2022-02-18,Data Clerk
FCT010,Model Primary Health Centre Abaji II,FCT,Abaji,2022-12-31,338,9,7,322,2,74,0,0,294,7,234,136,123,2023-01-15,Facility Focal Person
NAS003,Cottage Hospital Keffi,Nasarawa,Keffi,2023-01-31,216,2,1,1721,19,56,0,0,1076,16,1449,939,774,2023-02-11,M&E Officer
LAG003,Teaching Hospital Badagry,Lagos,Badagry,2024-04-30,3544,122,86,6673,98,595,9,7,3856,84,4979,2809,2670,2024-05-13,Data Clerk
BEN002,Specialist Hospital Gboko,Benue,Gboko,Sep-2024,3276,34,32,4417,20,606,3,2,2970,59,3214,2306,2123,2024-10-15,Facility Focal Person
CRS001,  MODEL PRIMARY HEALTH CENTRE CALABAR MUNICIPAL ,Cross River,Calabar Municipal,2024-05-31,292,14,9,694,12,52,2,1,631,14,586,374,339,2024-06-13,Data Clerk
TMP001,Model Primary Health Centre Port Harcourt,Rivers,Port Harcourt,30/11/2024,107,0,0,784,5,16,0,0,585,18,719,640,616,2024-12-21,Data Clerk
CRS015,Model Primary Health Centre Akamkpa II,Cross-River,Akamkpa,2024-12-31,87,2,1,470,3,19,0,0,288,3,375,208,202,2025-01-13,Data Clerk
CRS015,Model Primary Health Centre Akamkpa II,Cross River,Akamkpa,2022-03-31,85,1,0,627,4,18,0,0,451,5,545,434,375,2022-04-13,Data Clerk
RIV009,Mission Hospital Khana II,Rivers,Khana,Feb-2024,334,8,7,772,10,78,0,0,445,8,713,562,487,2024-03-21,Data Clerk
LAG011,  Cottage Hospital Agege II ,Lagos,Agege,2022-07-31,643,6,5,1801,7,146,1,0,1104,15,1640,1504,1453,2022-08-16,Facility Focal Person
KAD003,  Mission Hospital Zaria ,Kaduna,Zaria,2022-07-31,1234,42,33,"2,548",46,297,8,7,2177,32,2336,2197,2003,2022-08-16,Data Clerk
BEN003,General Hospital Otukpo,Benue,Otukpo,2023-03-31,557,30,22,"2,480",25,128,0,0,1836,37,NULL,1324,1122,2023-04-21,Facility Focal Person
RIV012,Primary Health Centre Eleme II,Rivers,Eleme,2024-12-31,509,15,13,1031,16,75,1,0,807,18,898,622,556,2025-01-11,Data Clerk
NAS999,Model Primary Health Centre Kaduna North,Kaduna,Kaduna North,2022-06-30,200,11,9,781,11,37,4,3,609,3,557,523,434,2022-07-13,Facility Focal Person
NAS003,Cottage Hospital Keffi,Nasarawa,Keffi,2022-06-30,245,3,,1863,17,68,1,0,1396,26,1527,969,915,2022-07-15,Facility Focal Person
FCT006,Mission Hospital AMAC II,Federal Capital Territory,AMAC,2024-09-30,921,nil,20,2138,13,200,2,1,1229,23,NULL,1264,1106,2024-10-18,Data Clerk
nas010,Teaching Hospital Nasarawa II,Nasarawa,Nasarawa,2023-10-31,2521,102,78,5202,82,455,8,7,3055,65,4497,3862,3389,2023-11-13,Data Clerk
TMP001,Mission Hospital Lafia II,Nasarawa,Lafia,2022-02-28,1055,8,7,2840,16,155,0,0,1987,31,2061,1598,1493,2022-03-11,Data Clerk
KAD008,Model Primary Health Centre Zaria II,Kaduna,Zaria,2022-03-31,246,6,5,1240,16,60,2,1,1056,23,-,593,549,2022-04-15,M&E Officer
AKS015,Mission Hospital Uyo II,Akwa Ibom,Uyo,2023-09-30,796,36,30,2453,42,82,1,0,1748,40,2239,1711,1462,2023-10-18,M&E Officer
FCT009,Model Primary Health Centre Kuje II,fct,Kuje,2022-12-31,115,4,3,440,7,29,0,0,295,9,318,206,198,2023-01-29,Data Clerk
LAG007,Primary Health Centre Ikorodu II,Lagos,Ikorodu,31/10/2022,399,11,8,462,1,43,1,0,305,6,364,221,190,2022-11-15,Data Clerk
AKS015,Mission Hospital Uyo II,Akwa Ibom,Uyo,Oct-2024,797,42,32,2417,44,203,6,5,1749,31,1959,1768,1703,2024-11-13,Facility Focal Person
KAD004,Specialist Hospital Sabon Gari,Kaduna,Sabon Gari,2022-03-31,2182,134,102,3638,52,583,26,21,2022,35,3036,2238,1905,2022-04-16,M&E Officer
KAD014,GENERAL HOSPITAL SABON GARI II,Kaduna,Sabon Gari,Mar-2023,195,4,3,2549,24,37,0,0,2021,22,1895,1796,1628,2023-04-16,M&E Officer
RIV007,Primary Health Centre Port Harcourt II,Rivers,Port Harcourt,2024-05-31,638,4,3,614,4,164,0,0,347,5,453,380,331,2024-06-18,Data Clerk
NAS008,Comprehensive Health Centre Keffi II,Nasarawa,Keffi,Dec-2024,78,3,2,719,1,23,0,0,678,16,567,332,275,2025-01-15,M&E Officer
BEN010,Model Primary Health Centre Okpokwu II,Benue,Okpokwu,2022-10-31,386,4,3,803,8,51,0,0,720,12,722,668,579,2022-11-21,Data Clerk
FCT011,Cottage Hospital AMAC II,FCT,AMAC,2023-10-31,358,16,14,2142,6,67,2,1,1422,23,1608,1230,1149,2023-11-16,Data Clerk
AKS005,COMPREHENSIVE HEALTH CENTRE ORON,Akwa Ibom,Oron,2022-11-30,110,1,0,1198,19,26,0,0,1047,17,1017,735,607,2022-12-16,M&E Officer
KAD009,MODEL PRIMARY HEALTH CENTRE SABON GARI II,Kaduna,Sabon Gari,Feb-2024,525,19,14,900,16,147,4,3,615,14,768,513,421,2024-03-18,Facility Focal Person
LAG002,Specialist Hospital Lagos Island,Lagos,Lagos Island,2024-11-30,21370,98,86,6119,52,406,13,12,3798,74,4265,2717,2513,2024-12-13,M&E Officer
KAD006,SPECIALIST HOSPITAL KADUNA NORTH II,Kaduna,Kaduna North,2024-02-29,1969,27,19,1666,4,560,5,4,1286,29,1439,1015,943,2024-03-13,M&E Officer
AKS012,Cottage Hospital Oron II,Akwa-Ibom,Oron,2024-01-31,950,52,42,1088,17,98,2,1,773,15,926,940,630,2024-02-16,M&E Officer
NAS003,Cottage Hospital Keffi,Nasarawa,Keffi,2023-10-31,315,359,5,1592,11,36,2,1,960,17,1196,918,837,2023-11-13,Data Clerk
KAD002,Teaching Hospital Kaduna South,Kaduna,Kaduna South,Feb-2022,1535,16,15,4557,49,194,2,1,3601,78,3154,1896,1562,2022-03-13,Facility Focal Person
LAG008,COTTAGE HOSPITAL LAGOS ISLAND II,Lagos,Lagos Island,Apr-2024,133,1,0,727,10,34,0,0,432,7,575,537,442,2024-05-29,Facility Focal Person
RIV001,Model Primary Health Centre Port Harcourt,Rivers,Port Harcourt,2024-06-30,133,0,0,831,15,21,0,0,760,16,583,436,380,2024-07-16,Data Clerk
LAG006,Specialist Hospital Alimosho,Lagos,Alimosho,2023-09-30,848,14,10,4806,26,199,3,2,3650,68,4365,3791,3421,2023-10-18,M&E Officer
LAG013,SPECIALIST HOSPITAL IKORODU II,Lagos,Ikorodu,2023-06-30,2104,97,69,6032,63,439,15,12,4199,66,4138,2412,1993,2023-07-15,Facility Focal Person
aks004,COMPREHENSIVE HEALTH CENTRE ETINAN,Akwa Ibom,Etinan,2023-08-31,211,15,13,971,12,62,0,0,578,4,774,646,628,2023-09-13,Data Clerk
CRS005,Teaching Hospital Akamkpa,Cross River,Akamkpa,2023-06-30,1215,63,50,4236,42,254,5,4,3853,77,3622,2450,2345,2023-07-15,Facility Focal Person
CRS003,Specialist Hospital Ogoja,Cross River,Ogoja,30/11/2023,1291,37,34,5236,20,296,6,5,3583,63,4136,2923,2578,2023-12-13,M&E Officer
KAD008,MODEL PRIMARY HEALTH CENTRE ZARIA II,Kaduna,Zaria,2022-09-30,349,11,8,1220,7,92,2,1,1038,18,913,816,775,2022-10-30,Facility Focal Person
KAD008,Model Primary Health Centre Zaria II,Kaduna,Zaria,2024-04-30,462,10,8,1162,5,93,2,1,799,14,1049,849,777,2024-05-13,M&E Officer
RIV013,Mission Hospital Port Harcourt II,Rivers,Port Harcourt,2022-09-30,383,17,14,2249,24,84,1,0,1998,44,1552,1451,1325,2022-10-18,Data Clerk
FCT005,Primary Health Centre Abaji,FCT,Abaji,31/01/2022,394,14,11,468,4,96,3,2,266,6,346,198,186,2022-02-13,Data Clerk
AKS006,Primary Health Centre Abak,Akwa Ibom,Abak,2022-11-30,433,15,13,312,5,59,1,0,172,3,227,195,161,2022-12-15,Data Clerk
ben002,Specialist Hospital Gboko,Benue,Gboko,2023-12-31,1897,23,19,4480,9,535,6,4,3186 ,54,3814,3477,2991,2024-01-18,M&E Officer
RIV005,Mission Hospital Degema,RIVERS,Degema,30/04/2023,136,4,3,1421,12,38,1,0,1321,18,1181,988,883,2023-05-11,Data Clerk
NAS013,General Hospital Keffi II,Nasarawa,Keffi,2023-07-31,625,27,26,1652,22,127,4,3,1552,35,1427,1322,1249,2023-08-21,Facility Focal Person
RIV002,TEACHING HOSPITAL OBIO/AKPOR,Rivers,Obio/Akpor,2024-07-31,2361,55,54,4203,70,613,10,7,2950,37,3135,2722,2510,2024-08-21,Data Clerk
AKS009,Primary Health Centre Ikot Ekpene II,akwa ibom,Ikot Ekpene,28/02/2023,94,4,3,226,3,27,0,0,188,3,205,148,,2023-03-21,M&E Officer
CRS006,Primary Health Centre Calabar Municipal II,Cross River,Calabar Municipal,31/08/2022,-,22,21,1280,18,163,5,4,984,26,970,616,531,2022-09-18,Facility Focal Person
NAS014,Teaching Hospital Akwanga II,Nasarawa,Akwanga,2023-08-31,2682,-,78,4876,79,777,18,16,3577,71,3767,2120,1994,2023-09-18,M&E Officer
RIV015,Specialist Hospital Khana II,Rivers,Khana,2023-05-31,430,26,21,2382,12,114,5,4,1916 ,33,1859,1157,982,2023-06-18,M&E Officer
FCT012,Mission Hospital Bwari II,FCT,Bwari,28/02/2023,1070,44,43,2741,54,276,3,2,1542,39,2219,1260,1107,2023-03-15,Facility Focal Person
LAG099,PRIMARY HEALTH CENTRE LAFIA II,Nasarawa,Lafia,31/08/2024,322,8,6,923,10,59,2,1,693 ,10,,665,629,2024-09-27,Facility Focal Person
RIV015,SPECIALIST HOSPITAL KHANA II,Rivers,Khana,2024-02-29,423,22,15,2287,39,64,4,3,-,30,2001,1752,1683,2024-03-15,Facility Focal Person
FCT011,Cottage Hospital AMAC II,FCT,AMAC,2022-09-30,219,3,2,2260,11,38,0,0,2056,32,2101,2109,N/A,2022-10-11,M&E Officer
FCT002,General Hospital Bwari,FCT,Bwari,2023-02-28,109,2,1,604,10,20,1,0,573,10,549,420,371,2023-03-18,M&E Officer
BEN005,Model Primary Health Centre Katsina-Ala,Benue,Katsina-Ala,31/12/2023,550,13,10,535,9,171,1,0,383,6,454,424,359,2024-01-29,Data Clerk
AKS001,Comprehensive Health Centre Uyo,akwa ibom,Uyo,2023-05-31,685,10,9,316,0,72,1,0,290 ,4,236,151,133,2023-06-21,M&E Officer
KAD012,Comprehensive Health Centre Kaduna South II,Kaduna,Kaduna South,2024-08-31,545,13,9,639,9,117,3,2,376,8,452,254,208,2024-09-16,Data Clerk
RIV008,Teaching Hospital Obio/Akpor II,Rivers,Obio/Akpor,2023-12-31,1189,45,42,4111,42,143,6,5,2509,43,3142,2661,2335,2024-01-13,M&E Officer
KAD011,Primary Health Centre Kaduna North II,Kaduna,Kaduna North,2023-03-31,245,13,9,558,6,71,1,0,453,11,412,370,340,2023-04-11,Data Clerk
riv012,Primary Health Centre Eleme II,Rivers,Eleme,2023-12-31,598,24,22,989,11,156,4,3,800,8,872,761,726,2024-01-13,Data Clerk
AKS007,TEACHING HOSPITAL IKONO,Akwa Ibom,Ikono,2022-10-31,836,6,5,6415,85,262,1,0,3766,70,5287,2976,2596,2022-11-15,Data Clerk
crs004,Comprehensive Health Centre Obudu,cross river,Obudu,28/02/2023,218,7,6,455,2,48,0,0,425,9,328,308,287,2023-03-13,Facility Focal Person
FCT010,MODEL PRIMARY HEALTH CENTRE ABAJI II,FCT,Abaji,2022-06-30,479,10,8,288,5,69,3,2,242,4,243,153,143,2022-07-11,Facility Focal Person
RIV001,Model Primary Health Centre Port Harcourt,Rivers,Port Harcourt,Nov-2023,103,1,0,908,13,15,0,0,836,13,830,599,546,2023-12-18,Data Clerk
CRS006,Primary Health Centre Calabar Municipal II,Cross River,Calabar Municipal,2023-12-31,408,21,15,1357,14,107,1,0,1020,14,1099,874,842,2024-01-15,Facility Focal Person
LAG003,Teaching Hospital Badagry,Lagos,Badagry,2022-06-30,3224,152,115,6126,29,618,12,11,5661,106,4419,3135,2958,2022-07-11,Data Clerk
RIV015,Specialist Hospital Khana II,Rivers,Khana,2022-02-28,327,20,15,2511,16,78,2,1,1756,28,2272,1401,1253,2022-03-16,Facility Focal Person
CRS006,Primary Health Centre Calabar Municipal II,cross river,Calabar Municipal,2024-10-31,473,19,14,1429,14,143,5,4,893,19,1148,711,636,2024-12-16,Data Clerk
RIV012,Primary Health Centre Eleme II,Rivers,Eleme,2023-07-31,599,22,17,965,8,181,7,6,799,18,671,376,324,2023-08-18,M&E Officer
KAD002,Teaching Hospital Kaduna South,Kaduna,Kaduna South,2022-04-30,1364,10,8,4485,33,218,0,0,3443,59,3097,2887,2436,2022-05-15,Facility Focal Person
KAD008,Model Primary Health Centre Zaria II,Kaduna,Zaria,31/05/2023,415,11,8,"1,190",17,69,1,0,966,19,1001,707,594,2023-06-13,Data Clerk
BEN004,GENERAL HOSPITAL OKPOKWU,Benue,Okpokwu,2024-07-31,950,8,6,415,4,277,0,0,318,2,359,211,nil,2024-08-13,Facility Focal Person
BEN013,Model Primary Health Centre Makurdi II,Benue,Makurdi,31/08/2023,530,24,17,595,2,109,4,3,444,10,419,260,248,2023-09-16,M&E Officer
NAS007,General Hospital Karu II,Nasarawa,Karu,Feb-2022,617,6,4,2708,18,66,1,0,2489,51,1843,1591,,2022-03-16,Facility Focal Person
BEN007,Specialist Hospital Makurdi II,Benue,Makurdi,2022-09-30,236,5,4,2260,24,57,0,0,NULL,40,1716,1571,1507,2022-10-21,Facility Focal Person
AKS005,Comprehensive Health Centre Oron,Akwa Ibom,Oron,2023-05-31,160,2,1,1130,14,29,0,0,913,19,951,861,782,2023-06-11,Facility Focal Person
NAS009,Cottage Hospital Akwanga II,Nasarawa,Akwanga,2022-10-31,983,8,7,480,6,203,0,0,337,3,409,326,273,2022-11-18,Data Clerk
RIV012,  Primary Health Centre Eleme II ,Rivers,Eleme,2023-09-30,588,27,22,971,16,80,1,0,536,6,866,721,608,2023-10-15,Facility Focal Person
NAS001,Model Primary Health Centre Lafia,Nasarawa,Lafia,2023-10-31,129,1,0,426,2,21,0,0,295,3,313,225,208,2023-11-18,Facility Focal Person
crs001,Model Primary Health Centre Calabar Municipal,Cross River,Calabar Municipal,2022-02-28,185,15,13,673,1,19,0,0,568,14,507,448,411,2022-03-29,Data Clerk
KAD005,Cottage Hospital Chikun,Kaduna,Chikun,2024-06-30,883,14,11,379,2,226,2,1,256,6,268,203,184,2024-07-21,M&E Officer
NAS001,Model Primary Health Centre Lafia,Nasarawa,Lafia,2022-08-31,143,2,1,481,3,44,0,0,283,6,381,292,264,2022-09-21,M&E Officer
KAD008,Model Primary Health Centre Zaria II,Kaduna,Zaria,2023-02-28,310,9,7,1200,13,44,0,0,724,8,855,655,569,2023-03-13,M&E Officer
FCT002,General Hospital Bwari,fct,Bwari,2022-09-30,121,5,4,624,11,34,0,0,432,6,533,317,271,2022-10-11,M&E Officer
AKS003,Model Primary Health Centre Eket,Akwa Ibom,Eket,2024-03-31,nil,27,23,406,5,79,1,0,319,6,328,257,233,2024-04-16,Data Clerk
FCT012,Mission Hospital Bwari II,FCT,Bwari,2022-06-30,1208,38,nil,2654,33,224,3,2,1490,23,2459,1958,1698,2022-07-15,M&E Officer
kad014,General Hospital Sabon Gari II,Kaduna,Sabon Gari,2023-11-30,255,7,6,2343,41,66,1,0,1957,27,2070,1931,1800,2023-12-16,Data Clerk
AKS008,Primary Health Centre Uyo II,Akwa Ibom,Uyo,2022-02-28,NULL,  ,1,84,0,9,0,0,58,2,61,43,38,2022-03-29,Data Clerk
NAS005,Mission Hospital Nasarawa,Nasarawa,Nasarawa,2022-10-31,1236,30,28,348,4,355,4,3,310,2,323,230,203,2022-11-29,Data Clerk
nas012,Mission Hospital Karu II,Nasarawa,Karu,2024-10-31,926,18,15,"1,372",23,188,4,3,1210,26,1188,1081,984,2024-11-13,M&E Officer
BEN011,Model Primary Health Centre Katsina-Ala II,Benue,Katsina-Ala,2022-10-31,158,5,4,322,6,43,3,2,282,3,237,222,196,2022-11-18,M&E Officer
LAG001,  Primary Health Centre Ikorodu ,Lagos,Ikorodu,2024-09-30,461,7,5,405,3,141,0,0,324,3,296,228,192,2024-10-15,M&E Officer
NAS007,General Hospital Karu II,Nasarawa,Karu,30/06/2022,629,3,2,2593,27,105,0,0,1810,44,2214,1596,1470,2022-07-15,M&E Officer
LAG003,Teaching Hospital Badagry,Lagos,Badagry,2022-09-30,3107,137,103,6217,34,935,27,22,5304,93,5618,5085,4631,2022-10-13,M&E Officer
KAD014,GENERAL HOSPITAL SABON GARI II,Kaduna,Sabon Gari,Jul-2024,267,4,3,2162,21,81,5,4,1390,23,1887,1228,1184,2024-08-11,M&E Officer
BEN003,General Hospital Otukpo,Benue,Otukpo,2022-03-31,503,17,13,2599,12,106,2,1,1568,30,1858,1642,1543,2022-04-15,Data Clerk
FCT003,Specialist Hospital Gwagwalada,FCT,Gwagwalada,2024-04-30,665,  ,19,5151,-21,109,1,0,2842,63,4255,3124,2942,2024-05-11,Facility Focal Person
LAG002,Specialist Hospital Lagos Island,Lagos,Lagos Island,Jul-2024,2649,151,123,6068,115,838,28,25,4035,62,4917,3496,3334,2024-08-13,M&E Officer
KAD014,  General Hospital Sabon Gari II ,Kaduna,Sabon Gari,2022-10-31,142,4,3,2632,36,41,3,2,2172,32,2186,1486,1424,2022-11-11,Data Clerk
LAG013,Specialist Hospital Ikorodu II,Lagos,Ikorodu,30/09/2022,2252,90,79,6077,30,369,10,9,5255,112,4769,3638,3054,2022-10-16,M&E Officer
NAS009,Cottage Hospital Akwanga II,Nasarawa,Akwanga,Sep-2024,1066,11,7,490,7,289,2,1,303,5,351,310,292,2024-10-11,Facility Focal Person
KAD012,Comprehensive Health Centre Kaduna South II,Kaduna,Kaduna South,2023-08-31,432,5,3,649,4,131,2,1,506,7,540,297,263,2023-09-15,Facility Focal Person
CRS014,Comprehensive Health Centre Obudu II,Cross River,Obudu,2024-02-29,340,8,7,173,2,68,0,0,95,3,140,91,77,2024-03-29,Facility Focal Person
LAG013,Specialist Hospital Ikorodu II,Lagos,Ikorodu,2022-02-28,15000,66,64,5881,105,432,16,12,N/A,89,4352,2901,2718,2022-03-11,Data Clerk
CRS012,Model Primary Health Centre Ikom II,Cross River,Ikom,2023-06-30,475,7,5,799,3,75,0,0,662,14,617,488,456,2023-07-11,Data Clerk
BEN007,SPECIALIST HOSPITAL MAKURDI II,Benue,Makurdi,2023-01-31,295,7,6,2143,31,48,0,0,1523,28,1764,1233,1145,2023-02-15,Facility Focal Person
LAG099,COMPREHENSIVE HEALTH CENTRE KHANA,Rivers,Khana,2022-12-31,186,6,5,1037,15,51,76,0,847,15,716,405,363,2023-01-29,Facility Focal Person
AKS008,Primary Health Centre Uyo II,Akwa Ibom,Uyo,2022-11-30,81,2,1,86,0,19,0,0,69,1,62,41,37,2022-12-11,M&E Officer
CRS004,Comprehensive Health Centre Obudu,Cross River,Obudu,2024-05-31,274,6,N/A,457,-8,45,0,0,350,7,362,232,218,2024-06-15,M&E Officer
XXX999,Cottage Hospital Akwanga II,Nasarawa,Akwanga,2022-04-30,1143,10,7,459,7,311,1,0,280,9,337,318,271,2022-05-11,M&E Officer
LAG006,Specialist Hospital Alimosho,Lagos,Alimosho,2022-07-31,909,926,18,5389,73,118,3,2,3842,66,4101,3881,,2022-08-18,Facility Focal Person
riv015,Specialist Hospital Khana II,Rivers,Khana,31/08/2023,433,26,25,2356,25,52,4,3,2043,29,1749,1608,1452,2023-09-30,Data Clerk
FCT007,Specialist Hospital Bwari II,FCT,Bwari,2023-02-28,2189,62,44,4267,51,560,8,6,3683,67,3266,2718,2241,2023-03-13,M&E Officer
LAG010,Primary Health Centre Surulere II,Lagos,Surulere,2023-08-31,494,19,13,955,19,64,0,0,798,18,809,615,594,2023-10-16,Data Clerk
KAD008,MODEL PRIMARY HEALTH CENTRE ZARIA II,Kaduna,Zaria,2024-05-31,346,12,9,1156,15,90,3,2,787,9,899,550,519,2024-06-18,Data Clerk
TMP001,Primary Health Centre Ikono II,AKWA IBOM,Ikono,2023-09-30,249,10,7,614,5,78,1,0,N/A,13,529,456,382,2023-10-13,Facility Focal Person
LAG007,Primary Health Centre Ikorodu II,Lagos,Ikorodu,2022-12-31,240,7,6,477,3,71,1,0,422,5,361,278,250,2023-01-13,M&E Officer
LAG004,Comprehensive Health Centre Surulere,Lagos,Surulere,2022-11-30,509,7,5,618,7,88,1,0,378,7,505,386,334,2022-12-13,Facility Focal Person
KAD006,Specialist Hospital Kaduna North II,Kaduna,Kaduna North,31/12/2024,1795,31,25,1775,28,488,5,4,1010,23,1502,1310,1079,2025-01-16,M&E Officer
KAD015,GENERAL HOSPITAL CHIKUN II,Kaduna,Chikun,30/11/2023,343,10,7,1649,4,78,2,1,1360,32,-,881,813,2023-12-11,Data Clerk
AKS005,  Comprehensive Health Centre Oron ,Akwa Ibom,Oron,2022-03-31,99,1,0,1314,6,19,0,0,1038,20,1075,871,843,2022-04-15,Data Clerk
LAG011,Cottage Hospital Agege II,Lagos,Agege,2022-11-30,412,2,1,1746,33,102,1,0,1018,16,1219,703,598,2022-12-13,Data Clerk
XXX999,PRIMARY HEALTH CENTRE OTUKPO II,Benue,Otukpo,2022-06-30,259,,N/A,476,4,26,0,0,350,5,428,253,221,2022-07-16,Data Clerk
KAD004,Specialist Hospital Sabon Gari,Kaduna,Sabon Gari,2022-08-31,2653,130,110,4023,50,659,24,18,3074,59,2832,2456,2081,2022-09-11,Facility Focal Person
RIV004,Model Primary Health Centre Ahoada East,Rivers,Ahoada East,Dec-2022,329,391,9,863,2,NULL,1,0,719,6,595,437,408,2023-01-15,Facility Focal Person
lag005,Mission Hospital Agege,Lagos,Agege,Nov-2024,920,16,12,1838,14,286,2,1,1193,26,1417,931,896,2024-12-13,Data Clerk
FCT010,Model Primary Health Centre Abaji II,FCT,Abaji,31/08/2024,560,15,12,500,7,170,1,0,356,11,446,320,302,2024-09-16,Data Clerk
CRS005,TEACHING HOSPITAL AKAMKPA,Cross River,Akamkpa,2023-09-30,1185,37,33,4241,39,  ,3,2,2674,49,3330,2263,2083,2023-10-15,Data Clerk
BEN002,Specialist Hospital Gboko,Benue,Gboko,2024-08-31,2366,48,35,4405,51,593,4,3,3410,59,3019,2355,2244,2024-09-15,M&E Officer
CRS002,Comprehensive Health Centre Ikom,Cross River,Ikom,2022-04-30,132,10,8,161,1,17,0,0,89,3,111,71,60,2022-05-13,Facility Focal Person
RIV002,Teaching Hospital Obio/Akpor,Rivers,Obio/Akpor,2024-09-30,1815,28,27,4197,13,434,2,1,3620,56,3016,2554,2175,2024-10-16,Facility Focal Person
CRS010,Comprehensive Health Centre Akamkpa II,Cross River,Akamkpa,2024-05-31,93,0,0,349,5,17,0,0,200,0,282,251,211,2024-06-15,Data Clerk
LAG009,Mission Hospital Badagry II,Lagos,Badagry,Mar-2024,477,6,,2349,23,135,2,1,1854,34,2152,1884,1790,2024-04-13,Data Clerk
AKS006,Primary Health Centre Abak,Akwa Ibom,Abak,Jun-2023,501,-,10,362,2,64,1,0,304,7,301,234,200,2023-07-21,Data Clerk
KAD007,MODEL PRIMARY HEALTH CENTRE KADUNA SOUTH II,Kaduna,Kaduna South,2023-08-31,252,11,9,1131,10,79,0,0,808,15,776,447,433,2023-09-21,M&E Officer
FCT005,Primary Health Centre Abaji,FCT,Abaji,2024-04-30,541,11,9,557,8,66,0,0,447,10,514,386,335,2024-05-11,M&E Officer
RIV007,PRIMARY HEALTH CENTRE PORT HARCOURT II,Rivers,Port Harcourt,2022-11-30,332,2,1,689,10,36,0,0,478,7,528,339,313,2022-12-18,Facility Focal Person
NAS013,General Hospital Keffi II,Nasarawa,Keffi,2023-05-31,573,28,26,1633,9,123,1,0,1063,21,1193,950,924,2023-06-21,M&E Officer
CRS001,Model Primary Health Centre Calabar Municipal,Cross River,Calabar Municipal,Nov-2023,171,4,3,684,10,46,0,0,538,10,478,409,364,2023-12-13,Facility Focal Person
AKS006,Primary Health Centre Abak,Akwa Ibom,Abak,2023-11-30,554,12,9,405,5,NULL,3,2,366,7,355,217,191,2023-12-18,M&E Officer
CRS008,Cottage Hospital Ogoja II,Cross River,Ogoja,2024-05-31,656,33,28,2154,41,115,7,6,1894,24,NULL,1295,1179,2024-06-11,Data Clerk
LAG004,Comprehensive Health Centre Surulere,Lagos,Surulere,2022-10-31,391,8,7,620,8,45,1,0,438,11,517,301,278,2022-11-15,M&E Officer
KAD003,Mission Hospital Zaria,Kaduna,Zaria,31/10/2022,1105,53,52,2639,6,232,6,5,2184,33,1809,1037,977,2022-11-13,M&E Officer
LAG003,TEACHING HOSPITAL BADAGRY,Lagos,Badagry,2023-08-31,3442,101,78,6499,116,1036,11,10,3678,60,4778,4277,3594,2023-09-16,M&E Officer
CRS007,  Model Primary Health Centre Ikom II ,Cross River,Ikom,2024-02-29,110,2,1,309,1,32,0,0,171,3,249,189,155,2024-03-16,M&E Officer
NAS999,Mission Hospital Khana II,Rivers,Khana,2024-03-31,470,7,5,774,3,123,1,0,499,8,533,402,393,2024-04-11,M&E Officer
NAS010,TEACHING HOSPITAL NASARAWA II,Nasarawa,Nasarawa,2022-04-30,-,137,96,4535,33,368,8,7,3925,61,3374,2308,2171,2022-05-11,Data Clerk
FCT001,MISSION HOSPITAL AMAC,FCT,AMAC,2022-05-31,963,14,nil,1349,19,122,0,0,1083,19,1137,798,747,2022-06-15,Facility Focal Person
RIV005,Mission Hospital Degema,Rivers,Degema,2023-03-31,158,10,7,1430,16,44,2,1,917,20,1299,1162,1005,2023-04-21,Facility Focal Person
NAS010,Teaching Hospital Nasarawa II,Nasarawa,Nasarawa,Dec-2023,1466,63,56,5207,40,451,15,12,4525 ,71,4705,4158,4009,2024-01-29,Data Clerk
KAD009,Model Primary Health Centre Sabon Gari II,Kaduna,Sabon Gari,2023-04-30,461,19,17,794,11,128,6,5,542,9,588,471,456,2023-05-21,Facility Focal Person
CRS013,  MISSION HOSPITAL OGOJA II ,Cross River,Ogoja,2024-11-30,204,3,2,723,13,31,0,0,470,10,509,444,394,2024-12-15,Data Clerk
LAG001,Primary Health Centre Ikorodu,Lagos,Ikorodu,Sep-2023,617,11,8,310,2,101,1,0,,5,231,171,160,2023-10-29,Data Clerk
CRS007,MODEL PRIMARY HEALTH CENTRE IKOM II,Cross River,Ikom,2022-09-30,98,5,4,316,3,13,0,0,245,2,233,202,188,2022-10-11,M&E Officer
CRS010,COMPREHENSIVE HEALTH CENTRE AKAMKPA II,cross river,Akamkpa,Apr-2024,71,1,0,354,5,18,0,0,213,5,280,187,162,2024-05-16,Facility Focal Person
BEN006,Primary Health Centre Vandeikya,Benue,Vandeikya,2024-12-31,203,5,4,375,2,27,0,0,311,9,325,225,217,2025-01-21,M&E Officer
LAG007,Primary Health Centre Ikorodu II,Lagos,Ikorodu,2023-10-31,354,15,12,559,6,80,0,0,484,10,475,434,393,2023-11-15,M&E Officer
CRS015,Model Primary Health Centre Akamkpa II,Cross River,Akamkpa,30/06/2024,98,1,0,490,4,26,0,0,275,5,399,nil,294,2024-07-16,Facility Focal Person
CRS002,Comprehensive Health Centre Ikom,Cross River,Ikom,2024-12-31,164,6,-23,281,2,38,2,1,250,4,241,191,180,2025-01-15,Facility Focal Person
RIV010,Teaching Hospital Ahoada East II,Rivers,Ahoada East,2023-12-31,652,24,20,3035,46,160,1,0,2851,38,2790,2240,1999,2024-01-13,M&E Officer
CRS015,Model Primary Health Centre Akamkpa II,Cross River,Akamkpa,31/10/2022,82,2,1,577,11,25,0,0,400,3,505,373,318,2022-11-21,M&E Officer
CRS006,Primary Health Centre Calabar Municipal II,Cross River,Calabar Municipal,Sep-2024,507,N/A,17,1429,25,nil,6,5,1193,24,1215,716,630,2024-10-15,Data Clerk
LAG011,  Cottage Hospital Agege II ,Lagos,Agege,2023-11-30,715,9,7,1645,21,nil,1,0,1475,30,1128,990,829,2023-12-11,Data Clerk
RIV004,Model Primary Health Centre Ahoada East,Rivers,Ahoada East,30/04/2023,444,7,5,849,10,54,3,2,467,5,664,421,367,2023-05-16,M&E Officer
CRS015,Model Primary Health Centre Akamkpa II,Cross River,Akamkpa,Mar-2023,66,0,0,548,3,9,0,0,321,6,439,339,285,2023-04-11,Facility Focal Person
RIV005,Mission Hospital Degema,Rivers,Degema,2024-02-29,203,8,5,1320,6,43,1,0,1081,15,1003,594,514,2024-03-11,M&E Officer
BEN006,Primary Health Centre Vandeikya,Benue,Vandeikya,2024-03-31,270,9,7,347,3,59,2,1,279,9,263,162,154,2024-04-13,M&E Officer
FCT015,Comprehensive Health Centre Abaji II,FCT,Abaji,2023-04-30,97,0,0,788,13,23,0,0,728,11,581,428,419,2023-05-13,Data Clerk
NAS008,COMPREHENSIVE HEALTH CENTRE KEFFI II,Nasarawa,Keffi,2022-08-31,67,1,0,937,15,20,0,0,724,20,790,572,492,2022-10-16,Facility Focal Person
BEN007,Specialist Hospital Makurdi II,Benue,Makurdi,2023-03-31,305,10,8,2133,13,91,0,0,1397,28,1935,1570,1452,2023-04-21,Data Clerk
FCT003,Specialist Hospital Gwagwalada,FCT,Gwagwalada,2022-10-31,490,13,9,6275,92,82,1,0,5943,100,4443,3561,3368,2022-11-18,M&E Officer
XXX999,Comprehensive Health Centre Ikom,Cross River,Ikom,2024-10-31,160,5,4,282,4,17,2,1,230,4,232,151,146,2024-11-29,M&E Officer
LAG012,Primary Health Centre Alimosho II,Lagos,Alimosho,2024-03-31,268,14,13,654,8,46,0,0,505,8,551,nil,292,2024-04-13,Data Clerk
BEN013,Model Primary Health Centre Makurdi II,Benue,Makurdi,2023-10-31,643,27,21,635,2,111,5,4,588,9,493,407,376,2023-11-11,M&E Officer
LAG002,Specialist Hospital Lagos Island,Lagos,Lagos Island,2022-12-31,1660,98,74,5780,47,166,7,5,4790,85,4555,4284,3996,2023-01-15,Data Clerk
FCT008,Teaching Hospital Gwagwalada II,FCT,Gwagwalada,2024-06-30,979,52,42,"4,709",69,253,11,8,3427,77,3681,3324,2780,2024-07-18,M&E Officer
RIV006,  Cottage Hospital Eleme ,Rivers,Eleme,2023-06-30,1230,36,35,2526,6,261,8,7,2135,32,1801,1458,1250,2023-07-18,Data Clerk
CRS012,MODEL PRIMARY HEALTH CENTRE IKOM II,Cross-River,Ikom,2022-02-28,396,9,6,847,9,101,0,0,569,12,692,572,500,2022-03-11,Facility Focal Person
FCT015,Comprehensive Health Centre Abaji II,FCT,Abaji,2024-10-31,116,1,0,741,4,19,2,1,408,8,550,414,396,2024-11-13,M&E Officer
KAD011,Primary Health Centre Kaduna North II,Kaduna,Kaduna North,2022-08-31,217,7,5,551,6,67,0,0,433,11,454,296,275,2022-09-15,M&E Officer
BEN015,Primary Health Centre Otukpo II,Benue,Otukpo,2023-06-30,166,6,5,789,15,38,0,0,653,16,725,682,631,2023-07-18,M&E Officer
KAD001,Model Primary Health Centre Kaduna North,Kaduna,Kaduna North,2024-10-31,230,13,11,738,14,28,1,0,539,6,670,449,N/A,2024-11-16,M&E Officer
FCT014,General Hospital Kuje II,FCT,Kuje,2022-02-28,688,17,16,2510,43,174,2,1,1993,42,1801,1399,1214,2022-03-16,M&E Officer
KAD013,Specialist Hospital Zaria II,Kaduna,Zaria,Sep-2024,2455,98,74,"3,149",57,768,22,21,2323,34,2389,1574,1414,2024-10-13,Data Clerk
CRS003,Specialist Hospital Ogoja,Cross River,Ogoja,2022-10-31,1222,44,38,5456,45,254,4,3,4981,110,3884,3061,2519,2022-11-11,M&E Officer
LAG003,Teaching Hospital Badagry,Lagos,Badagry,2024-11-30,2857,91,64,7016,61,619,19,15,4804,80,5588,3325,2924,2024-12-18,M&E Officer
RIV015,Specialist Hospital Khana II,Rivers,Khana,2023-04-30,450,22,18,2373,40,59,3,2,1546,31,2137,nil,1689,2023-05-16,Data Clerk
CRS001,Model Primary Health Centre Calabar Municipal,Cross River,Calabar Municipal,2022-10-31,240,12,9,667,5,34,1,0,557,6,541,419,380,2022-11-11,Data Clerk
LAG002,Specialist Hospital Lagos Island,Lagos,Lagos Island,2024-03-31,2432,110,96,5926,21,250,6,5,5236,94,4914,3311,2985,2024-04-13,Facility Focal Person
lag004,Comprehensive Health Centre Surulere,Lagos,Surulere,2024-10-31,473,8,6,609,7,nil,4,3,464,10,449,284,270,2024-11-13,Facility Focal Person
XXX999,Mission Hospital Karu II,Nasarawa,Karu,Feb-2024,738,16,15,1345,18,130,1,0,900,14,1139,921,834,2024-03-13,Data Clerk
RIV001,Model Primary Health Centre Port Harcourt,Rivers,Port Harcourt,2023-12-31,  ,1,0,898,10,13,0,0,679,15,819,574,534,2024-01-11,Data Clerk
KAD003,Mission Hospital Zaria,Kaduna,Zaria,2023-11-30,1169,42,40,2802,39,260,5,4,1732,30,2365,2179,1925,2023-12-13,M&E Officer
RIV009,Mission Hospital Khana II,Rivers,Khana,2024-12-31,353,3,2,758,6,103,2,1,687,9,566,516,494,2025-01-29,M&E Officer
BEN012,COTTAGE HOSPITAL VANDEIKYA II,Benue,Vandeikya,2023-01-31,396,8,7,463,5,59,0,0,329,7,354,288,262,2023-02-15,Facility Focal Person
AKS006,Primary Health Centre Abak,Akwa Ibom,Abak,2024-03-31,499,14,13,447,4,133,7,6,255,4,354,271,255,2024-04-29,Data Clerk
RIV010,Teaching Hospital Ahoada East II,Rivers,Ahoada East,2022-07-31,645,18,14,3271,50,163,2,1,2668,60,2529,2240,2006,2022-08-11,Facility Focal Person
AKS014,Primary Health Centre Ikono II,Akwa Ibom,Ikono,2024-11-30,222,6,4,615,4,38,1,0,513,8,499,458,446,2024-12-21,Facility Focal Person
RIV014,Cottage Hospital Obio/Akpor II,Rivers,Obio/Akpor,2023-09-30,1098,14,13,653,8,197,2,1,570,13,542,362,351,2023-10-13,Facility Focal Person
NAS002,Cottage Hospital Karu,Nasarawa,Karu,30/11/2024,404,  ,0,284,4,105,0,0,264,5,235,141,127,2024-12-15,Facility Focal Person
FCT015,Comprehensive Health Centre Abaji II,FCT,Abaji,31/07/2024,164,12,11,751,9,46,0,0,591,13,657,461,434,2024-08-13,Data Clerk
BEN014,  Comprehensive Health Centre Gboko II ,Benue,Gboko,31/03/2024,577,5,4,760,3,101,0,0,550,12,545,357,297,2024-04-13,Data Clerk
NAS999,Mission Hospital Zaria,Kaduna,Zaria,2022-06-30,1125,42,32,"2,561",48,161,2,1,1425,17,2026,1853,1734,2022-07-18,Data Clerk
KAD001,Model Primary Health Centre Kaduna North,Kaduna,Kaduna North,2024-12-31,190,10,7,727,14,45,2,1,448,10,516,334,297,2025-01-29,M&E Officer
RIV008,Teaching Hospital Obio/Akpor II,Rivers,Obio/Akpor,2023-01-31,1052,46,41,4022,14,124,2,1,2967,56,3421,2237,1873,2023-02-15,Facility Focal Person
CRS012,Model Primary Health Centre Ikom II,Cross River,Ikom,2023-08-31,493,4,3,787,6,,0,0,661,15,700,581,529,2023-09-15,M&E Officer
FCT009,MODEL PRIMARY HEALTH CENTRE KUJE II,Federal Capital Territory,Kuje,Nov-2022,134,4,3,444,4,41,1,0,294,3,338,196,167,2022-12-13,M&E Officer
KAD012,Comprehensive Health Centre Kaduna South II,Kaduna,Kaduna South,2023-04-30,473,6,4,645,5,106,0,0,355,10,464,334,291,2023-05-11,M&E Officer
AKS006,Primary Health Centre Abak,Akwa Ibom,Abak,2023-09-30,488,21,17,389,5,96,2,1,320,3,337,185,158,2023-10-21,Data Clerk
KAD012,Comprehensive Health Centre Kaduna South II,Kaduna,Kaduna South,2022-11-30,389,6,5,655,6,52,0,0,478,15,586,493,482,2022-12-11,Data Clerk
XXX999,Model Primary Health Centre Kuje,Federal Capital Territory,Kuje,2023-03-31,364,20,15,1308,7,106,3,2,836,13,920,602,529,2023-04-18,M&E Officer
CRS010,Comprehensive Health Centre Akamkpa II,Cross River,Akamkpa,2022-08-31,71,4,3,418,7,19,0,0,314,6,305,180,171,2022-09-15,Data Clerk
AKS011,Comprehensive Health Centre Etinan II,Akwa Ibom,Etinan,2024-08-31,136,9,7,339,4,42,1,0,226,3,296,254,228,2024-09-11,Facility Focal Person
BEN012,Cottage Hospital Vandeikya II,Benue,Vandeikya,2023-12-31,431,4,2,455,1,92,0,0,386,9,378,267,231,2024-01-13,Data Clerk
FCT015,Comprehensive Health Centre Abaji II,FCT,Abaji,2024-12-31,112,3,2,730,13,32,0,0,459,8,556,482,447,2025-01-21,Facility Focal Person
LAG012,Primary Health Centre Alimosho II,Lagos,Alimosho,2023-04-30,272,12,11,642,3,51,2,1,480,8,534,491,435,2023-05-29,Facility Focal Person
FCT012,Mission Hospital Bwari II,FCT,Bwari,31/05/2023,1243,55,47,"2,782",48,206,4,3,1731,36,2033,  ,1351,2023-06-13,Facility Focal Person
aks002,GENERAL HOSPITAL IKOT EKPENE,Akwa Ibom,Ikot Ekpene,2024-05-31,294,2,1,559,6,90,0,0,351,7,384,304,251,2024-06-13,Data Clerk
NAS004,Cottage Hospital Akwanga,Nasarawa,Akwanga,2022-07-31,344,10,7,442,7,63,0,0,404,9,347,243,212,2022-08-11,Data Clerk
LAG013,Specialist Hospital Ikorodu II,Lagos,Ikorodu,2023-03-31,1913,70,68,6105,49,233,9,8,3508,63,5482,4639,4033,2023-04-16,Data Clerk
AKS014,  Primary Health Centre Ikono II ,Akwa-Ibom,Ikono,2024-01-31,206,4,3,615,4,35,0,0,560,8,491,456,424,2024-02-13,Data Clerk
AKS011,Comprehensive Health Centre Etinan II,Akwa Ibom,Etinan,Aug-2023,111,10,8,326,5,16,1,0,181,2,246,199,189,2023-09-18,Data Clerk
NAS007,General Hospital Karu II,Nasarawa,Karu,2022-08-31,791,5,4,2541,14,207,3,2,1875,46,1958,1352,1148,2022-09-18,Facility Focal Person
RIV015,Specialist Hospital Khana II,rivers ,Khana,30/09/2024,499,31,30,2180,39,129,4,3,1769,33,1939,1717,1575,2024-10-11,Facility Focal Person
RIV010,Teaching Hospital Ahoada East II,Rivers,Ahoada East,2023-03-31,726,16,11,3168,22,172,5,4,1749,48,2461,2013,1815,2023-04-13,Data Clerk
AKS010,General Hospital Eket II,Akwa Ibom,Eket,Feb-2023,455,14,11,1720,23,141,3,2,-,16,1359,909,883,2023-03-11,Facility Focal Person
LAG099,COTTAGE HOSPITAL OBIO/AKPOR II,Rivers,Obio/Akpor,30/09/2022,776,4,2,619,2,125,1,0,518,11,443,413,381,2022-10-21,M&E Officer
BEN006,  Primary Health Centre Vandeikya ,Benue,Vandeikya,31/08/2023,207,1,0,337,5,51,1,0,290,8,258,207,175,2023-09-11,M&E Officer
NAS001,Model Primary Health Centre Lafia,Nasarawa,Lafia,2024-05-31,189,2,1,399,5,38,0,0,263,4,324,206,179,2024-06-11,Data Clerk
CRS004,  Comprehensive Health Centre Obudu ,Cross River,Obudu,2022-02-28,114,3,2,457,5,29,0,0,365,4,318,266,226,2022-03-13,Data Clerk
RIV013,MISSION HOSPITAL PORT HARCOURT II,Rivers,Port Harcourt,2023-12-31,577,23,19,2130,35,124,3,2,1712,31,1879,1432,1301,2024-01-13,Facility Focal Person
LAG011,Cottage Hospital Agege II,Lagos,Agege,2022-06-30,596,14,11,1803,23,96,0,0,1700,32,1599,1187,1049,2022-07-18,Data Clerk
NAS015,Specialist Hospital Nasarawa II,Nasarawa,Nasarawa,31/12/2023,765,49,47,3249,20,129,3,2,2098,39,2322,1424,1371,2024-02-15,M&E Officer
AKS005,Comprehensive Health Centre Oron,Akwa Ibom,Oron,2023-06-30,134,0,0,1117,13,17,0,0,686,15,984,1027,570,2023-07-29,Data Clerk
BEN012,Cottage Hospital Vandeikya II,Benue,Vandeikya,2024-05-31,742,,6,457,3,114,1,0,256,6,361,262,242,2024-06-16,Facility Focal Person
NAS003,Cottage Hospital Keffi,Nasarawa,Keffi,2022-02-28,280,10,8,1910,18,68,0,0,1539,27,1568,880,760,2022-03-16,Data Clerk
FCT013,  Cottage Hospital Gwagwalada II ,FCT,Gwagwalada,2024-02-29,993,4,3,1264,9,277,0,0,1150,22,1152,992,857,2024-03-13,Data Clerk
CRS007,Model Primary Health Centre Ikom II,Cross River,Ikom,2023-01-31,111,N/A,2,308,5,11,0,0,206,1,227,166,140,2023-02-16,Data Clerk
RIV014,Cottage Hospital Obio/Akpor II,Rivers,Obio/Akpor,2023-02-28,994,9,8,629,6,263,1,0,443,6,450,365,352,2023-03-13,Data Clerk
KAD011,Primary Health Centre Kaduna North II,Kaduna,Kaduna North,2023-09-30,235,15,13,574,7,64,0,0,507,6,454,363,350,2023-10-15,M&E Officer
XXX999,MISSION HOSPITAL NASARAWA,Nasarawa,Nasarawa,2024-06-30,1786,28,22,754,5,349,3,2,416,7,607,359,310,2024-07-15,M&E Officer
BEN015,Primary Health Centre Otukpo II,Benue,Otukpo,30/06/2022,143,7,5,863,14,17,1,0,790,9,  ,540,513,2022-07-16,M&E Officer
LAG010,Primary Health Centre Surulere II,Lagos,Surulere,2023-04-30,571,11,7,953,5,95,1,0,873,16,735,578,498,2023-05-13,Facility Focal Person
KAD013,Specialist Hospital Zaria II,Kaduna,Zaria,2024-04-30,2664,114,88,"2,873",41,522,14,13,2145,51,1968,1867,1571,2024-05-15,Facility Focal Person
AKS001,COMPREHENSIVE HEALTH CENTRE UYO,akwa ibom,Uyo,30/11/2024,522,8,6,330,6,110,0,0,260,5,240,198,190,2024-12-29,Data Clerk
NAS007,General Hospital Karu II,Nasarawa,Karu,May-2024,900,9,8,2102,16,165,1,0,1341,15,1846,1340,1229,2024-06-16,Facility Focal Person
RIV007,Primary Health Centre Port Harcourt II,Rivers,Port Harcourt,31/08/2023,606,3,2,658,2,73,1,0,503,8,513,470,419,2023-09-18,Data Clerk
FCT012,Mission Hospital Bwari II,Federal Capital Territory,Bwari,May-2022,1150,66,47,2657,42,305,11,9,2405,40,1829,1365,1203,2022-06-11,M&E Officer
BEN012,Cottage Hospital Vandeikya II,Benue,Vandeikya,2022-07-31,548,4,3,474,8,112,1,0,418 ,5,362,326,270,2022-08-21,M&E Officer
BEN008,Teaching Hospital Gboko II,Benue,Gboko,2024-12-31,2413,55,51,6151,31,533,4,3,4006,82,4850,3887,3738,2025-01-13,Facility Focal Person
FCT013,Cottage Hospital Gwagwalada II,FCT,Gwagwalada,2024-01-31,787,9,7,1270,20,228,3,2,729,14,1155,673,593,2024-02-11,Facility Focal Person
KAD004,Specialist Hospital Sabon Gari,Kaduna,Sabon Gari,2023-09-30,2583,128,112,4785,81,656,20,16,3100,48,4067,3345,2765,2023-10-11,M&E Officer
LAG012,  Primary Health Centre Alimosho II ,Lagos,Alimosho,2024-06-30,297,5,4,659,6,74,1,0,552,7,580,521,460,2024-07-11,Facility Focal Person
AKS007,TEACHING HOSPITAL IKONO,Akwa Ibom,Ikono,2024-02-29,1057,18,15,5484,12,114,0,0,4343,77,3856,3225,nil,2024-03-11,Data Clerk
LAG013,Specialist Hospital Ikorodu II,Lagos,Ikorodu,2023-02-28,1980,88,76,6086,72,348,13,10,4810,72,5107,4048,3550,2023-03-15,M&E Officer
FCT006,MISSION HOSPITAL AMAC II,FCT,AMAC,2024-04-30,922,17,15,2153,28,178,2,1,1252,24,1918,1149,1053,2024-05-18,Data Clerk
riv002,Teaching Hospital Obio/Akpor,Rivers,Obio/Akpor,2024-01-31,1548,27,20,4330,79,443,8,7,2821 ,48,3741,2494,2219,2024-02-13,Facility Focal Person
fct008,Teaching Hospital Gwagwalada II,FCT,Gwagwalada,2024-04-30,869,44,33,4743,59,99,3,2,3910,65,3535,2863,2587,2024-05-13,Data Clerk
KAD006,Specialist Hospital Kaduna North II,Kaduna,Kaduna North,31/01/2023,1891,36,29,"1,602",17,358,6,5,1038,22,1230,1093,971,2023-02-11,Data Clerk
RIV003,Comprehensive Health Centre Khana,Rivers,Khana,2024-11-30,349,12,10,1080,20,97,2,1,863,13,753,713,679,2024-12-15,Data Clerk
NAS004,Cottage Hospital Akwanga,Nasarawa,Akwanga,Jan-2023,282,7,5,457,7,46,1,0,331,8,333,219,192,2023-02-18,Data Clerk
CRS010,Comprehensive Health Centre Akamkpa II,Cross River,Akamkpa,Mar-2022,75,2,1,438,5,16,0,0,365,7,357,248,226,2022-04-15,M&E Officer
KAD015,General Hospital Chikun II,Kaduna,Chikun,2022-06-30,379,7,6,1926,4,38,1,0,1078,17,1770,1645,1554,2022-07-15,M&E Officer
BEN013,Model Primary Health Centre Makurdi II,Benue,Makurdi,30/09/2023,618,32,23,616,2,166,6,4,405,9,493,395,366,2023-10-29,M&E Officer
NAS999,PRIMARY HEALTH CENTRE VANDEIKYA,Benue,Vandeikya,2022-12-31,131,8,6,325,1,28,1,0,192,5,254,171,144,2023-01-16,Data Clerk
LAG008,Cottage Hospital Lagos Island II,Lagos,Lagos Island,2024-08-31,116,143,NULL,720,1,13,0,0,419,10,535,371,332,2024-09-21,Facility Focal Person
KAD009,Model Primary Health Centre Sabon Gari II,Kaduna,Sabon Gari,2023-10-31,577,29,23,891,7,74,0,0,580,15,731,684,566,2023-11-11,Facility Focal Person
KAD002,Teaching Hospital Kaduna South,Kaduna,Kaduna South,2022-03-31,1447,19,14,4510,61,315,2,1,2538,33,3639,2857,2437,2022-04-15,Data Clerk
AKS006,  Primary Health Centre Abak ,Akwa Ibom,Abak,2022-10-31,351,13,12,304,3,102,2,1,273,7,237,190,165,2022-11-13,Facility Focal Person
LAG006,Specialist Hospital Alimosho,Lagos,Alimosho,2022-11-30,815,19,16,5209,105,220,3,2,4097,65,4036,2340,2220,2023-01-15,Facility Focal Person
RIV013,MISSION HOSPITAL PORT HARCOURT II,Rivers,Port Harcourt,2022-04-30,473,26,23,2299,14,61,1,0,1596,25,2025,1468,1338,2022-05-13,Data Clerk
KAD002,Teaching Hospital Kaduna South,Kaduna,Kaduna South,2023-04-30,1465,15,13,4085,30,281,3,2,3383,58,2895,1618,1520,2023-05-29,Facility Focal Person
LAG012,Primary Health Centre Alimosho II,Lagos,Alimosho,Dec-2024,240,9,6,653,9,24,0,0,517,7,482,443,406,2025-02-15,Facility Focal Person
FCT012,Mission Hospital Bwari II,F.C.T.,Bwari,2022-07-31,1087,35,32,2677,9,117,2,1,2267,39,1840,1159,1038,2022-08-11,Data Clerk
BEN001,Mission Hospital Makurdi,Benue,Makurdi,2022-03-31,586,5,3,2105,38,104,2,1,nil,32,1532,1032,895,2022-04-13,M&E Officer
AKS014,Primary Health Centre Ikono II,Akwa Ibom,Ikono,2022-07-31,250,14,11,611,2,45,1,0,358,8,504,472,448,2022-07-12,M&E Officer
KAD006,Specialist Hospital Kaduna North II,Kaduna,Kaduna North,2024-05-31,2505,53,43,1713,17,257,1,0,1126,13,1187,700,679,2024-06-16,M&E Officer
NAS010,Teaching Hospital Nasarawa II,Nasarawa,Nasarawa,Dec-2023,1466,63,56,5207,40,451,15,12,4525 ,71,4705,4158,4009,2024-01-29,Data Clerk
CRS005,Teaching Hospital Akamkpa,Cross River,Akamkpa,2022-09-30,943,25,20,4512,32,214,1,0,3419,65,3861,2424,2088,2022-10-21,Data Clerk
ben003,General Hospital Otukpo,Benue,Otukpo,2024-09-30,702,24,18,2296,44,175,2,1,1733,24,2056,1852,1807,2024-10-15,Data Clerk
FCT008,Teaching Hospital Gwagwalada II,FCT,Gwagwalada,2024-02-29,587,17,13,4814,46,111,3,2,4046,95,3340,2781,2542,2024-03-18,Data Clerk
FCT007,SPECIALIST HOSPITAL BWARI II,FCT,Bwari,2023-08-31,2548,45,33,4280,69,316,4,3,3845,69,3642,2055,1816,2023-09-11,M&E Officer
RIV007,Primary Health Centre Port Harcourt II,Rivers,Port Harcourt,2023-02-28,586,5,4,670,4,71,0,0,543,6,491,415,422,2023-03-11,Data Clerk
LAG002,Specialist Hospital Lagos Island,Lagos,Lagos Island,2024-10-31,1645,73,52,"6,085",110,316,11,8,3857,69,5446,4107,3539,2024-11-13,Data Clerk
AKS004,  Comprehensive Health Centre Etinan ,Akwa Ibom,Etinan,Nov-2023,231,6,4,957,16,67,2,1,891,16,674,437,382,2023-12-15,Facility Focal Person
KAD007,Model Primary Health Centre Kaduna South II,Kaduna,Kaduna South,2022-08-31,241,12,11,1112,15,56,1,0,742,11,881,793,735,2022-09-15,M&E Officer
KAD014,GENERAL HOSPITAL SABON GARI II,Kaduna,Sabon Gari,2022-11-30,147,5,3,2601,34,45,0,0,1944,36,2193,1625,1582,2022-12-11,M&E Officer
CRS006,Primary Health Centre Calabar Municipal II,Cross River,Calabar Municipal,2024-08-31,541,19,16,1437,11,128,4,3,1286,21,1279,1179,968,2024-09-13,Data Clerk
AKS013,Model Primary Health Centre Abak II,akwa ibom,Abak,30/11/2024,306,20,16,722,3,43,2,1,555,8,520,427,388,2024-12-18,Data Clerk
KAD012,  Comprehensive Health Centre Kaduna South II ,Kaduna,Kaduna South,2022-04-30,323,3,2,660,7,84,3,2,403,11,573,316,306,2022-05-13,M&E Officer
NAS001,Model Primary Health Centre Lafia,Nasarawa,Lafia,2022-03-31,128,  ,1,502,5,23,0,0,435,8,453,405,380,2022-04-11,Facility Focal Person
RIV009,Mission Hospital Khana II,Rivers,Khana,2024-09-30,544,7,4,764,8,97,2,1,558,21,661,443,387,2024-10-15,Data Clerk
