indicator,facility_id,state,year,quarter,month,facility_level,value,unit,cohort_direction
HIV Positivity Yield,,AKWA IBOM,2022,,,Primary,2.708225108225108,Percent,
HIV Positivity Yield,,AKWA IBOM,2022,,,Secondary,3.8753889173329137,Percent,
HIV Positivity Yield,,AKWA IBOM,2022,,,Tertiary,1.215438856930785,Percent,
HIV Positivity Yield,,AKWA IBOM,2023,,,Primary,2.7354447917002287,Percent,
HIV Positivity Yield,,AKWA IBOM,2023,,,Secondary,3.684092773510329,Percent,
HIV Positivity Yield,,AKWA IBOM,2023,,,Tertiary,1.140652520338841,Percent,
HIV Positivity Yield,,AKWA IBOM,2024,,,Primary,2.671369510538032,Percent,
HIV Positivity Yield,,AKWA IBOM,2024,,,Secondary,3.2029615322710447,Percent,
HIV Positivity Yield,,AKWA IBOM,2024,,,Tertiary,1.5636276160692808,Percent,
HIV Positivity Yield,,BENUE,2022,,,Primary,2.497015179942009,Percent,
HIV Positivity Yield,,BENUE,2022,,,Secondary,1.2862042682926829,Percent,
HIV Positivity Yield,,BENUE,2022,,,Tertiary,2.213993822304933,Percent,
HIV Positivity Yield,,BENUE,2023,,,Primary,2.7403780769753845,Percent,
HIV Positivity Yield,,BENUE,2023,,,Secondary,1.047106179286336,Percent,
HIV Positivity Yield,,BENUE,2023,,,Tertiary,2.1141926181157658,Percent,
HIV Positivity Yield,,BENUE,2024,,,Primary,2.793425866775074,Percent,
HIV Positivity Yield,,BENUE,2024,,,Secondary,1.0953849028400597,Percent,
HIV Positivity Yield,,BENUE,2024,,,Tertiary,2.24767063603044,Percent,
HIV Positivity Yield,,CROSS RIVER,2022,,,Primary,3.2643858445250467,Percent,
HIV Positivity Yield,,CROSS RIVER,2022,,,Secondary,3.2147109406006082,Percent,
HIV Positivity Yield,,CROSS RIVER,2022,,,Tertiary,3.501577287066246,Percent,
HIV Positivity Yield,,CROSS RIVER,2023,,,Primary,2.784431137724551,Percent,
HIV Positivity Yield,,CROSS RIVER,2023,,,Secondary,2.4464831804281344,Percent,
HIV Positivity Yield,,CROSS RIVER,2023,,,Tertiary,3.606468637932201,Percent,
HIV Positivity Yield,,CROSS RIVER,2024,,,Primary,2.376181608165767,Percent,
HIV Positivity Yield,,CROSS RIVER,2024,,,Secondary,4.065557108372507,Percent,
HIV Positivity Yield,,CROSS RIVER,2024,,,Tertiary,2.368459868933982,Percent,
HIV Positivity Yield,,FCT,2022,,,Primary,2.9429760156632403,Percent,
HIV Positivity Yield,,FCT,2022,,,Secondary,2.3006484830710074,Percent,
HIV Positivity Yield,,FCT,2022,,,Tertiary,2.9671069974517446,Percent,
HIV Positivity Yield,,FCT,2023,,,Primary,3.5246925757874665,Percent,
HIV Positivity Yield,,FCT,2023,,,Secondary,2.84885527815187,Percent,
HIV Positivity Yield,,FCT,2023,,,Tertiary,2.6039449411096918,Percent,
HIV Positivity Yield,,FCT,2024,,,Primary,3.1258893843088895,Percent,
HIV Positivity Yield,,FCT,2024,,,Secondary,2.1414228341939188,Percent,
HIV Positivity Yield,,FCT,2024,,,Tertiary,3.020256984772966,Percent,
HIV Positivity Yield,,KADUNA,2022,,,Primary,3.695932859909619,Percent,
HIV Positivity Yield,,KADUNA,2022,,,Secondary,3.23075061509297,Percent,
HIV Positivity Yield,,KADUNA,2022,,,Tertiary,2.871329652947277,Percent,
HIV Positivity Yield,,KADUNA,2023,,,Primary,3.1774765059312893,Percent,
HIV Positivity Yield,,KADUNA,2023,,,Secondary,3.376586135206825,Percent,
HIV Positivity Yield,,KADUNA,2023,,,Tertiary,3.107207485545306,Percent,
HIV Positivity Yield,,KADUNA,2024,,,Primary,3.7063982862455034,Percent,
HIV Positivity Yield,,KADUNA,2024,,,Secondary,2.6083142903307714,Percent,
HIV Positivity Yield,,KADUNA,2024,,,Tertiary,3.579613311384397,Percent,
HIV Positivity Yield,,LAGOS,2022,,,Primary,3.0796172902784895,Percent,
HIV Positivity Yield,,LAGOS,2022,,,Secondary,1.941066417212348,Percent,
HIV Positivity Yield,,LAGOS,2022,,,Tertiary,3.9659102392795784,Percent,
HIV Positivity Yield,,LAGOS,2023,,,Primary,3.0060736526485736,Percent,
HIV Positivity Yield,,LAGOS,2023,,,Secondary,1.6988332788136515,Percent,
HIV Positivity Yield,,LAGOS,2023,,,Tertiary,4.044434178198694,Percent,
HIV Positivity Yield,,LAGOS,2024,,,Primary,2.903070126591677,Percent,
HIV Positivity Yield,,LAGOS,2024,,,Secondary,2.204986149584488,Percent,
HIV Positivity Yield,,LAGOS,2024,,,Tertiary,3.4246282504040293,Percent,
HIV Positivity Yield,,NASARAWA,2022,,,Primary,2.0358152686145146,Percent,
HIV Positivity Yield,,NASARAWA,2022,,,Secondary,1.7216407101581281,Percent,
HIV Positivity Yield,,NASARAWA,2022,,,Tertiary,4.3672712283594395,Percent,
HIV Positivity Yield,,NASARAWA,2023,,,Primary,2.192823486770569,Percent,
HIV Positivity Yield,,NASARAWA,2023,,,Secondary,1.8168389955686852,Percent,
HIV Positivity Yield,,NASARAWA,2023,,,Tertiary,4.278544302589645,Percent,
HIV Positivity Yield,,NASARAWA,2024,,,Primary,1.9052987598647126,Percent,
HIV Positivity Yield,,NASARAWA,2024,,,Secondary,1.8206542267885473,Percent,
HIV Positivity Yield,,NASARAWA,2024,,,Tertiary,4.14461122925754,Percent,
HIV Positivity Yield,,RIVERS,2022,,,Primary,2.709695629674931,Percent,
HIV Positivity Yield,,RIVERS,2022,,,Secondary,2.8050152708567753,Percent,
HIV Positivity Yield,,RIVERS,2022,,,Tertiary,3.162428850844999,Percent,
HIV Positivity Yield,,RIVERS,2023,,,Primary,2.759386274432066,Percent,
HIV Positivity Yield,,RIVERS,2023,,,Secondary,2.4582763690767924,Percent,
HIV Positivity Yield,,RIVERS,2023,,,Tertiary,2.9458300370570845,Percent,
HIV Positivity Yield,,RIVERS,2024,,,Primary,2.746437054631829,Percent,
HIV Positivity Yield,,RIVERS,2024,,,Secondary,2.7668179128033143,Percent,
HIV Positivity Yield,,RIVERS,2024,,,Tertiary,2.9961889039147156,Percent,
Linkage Proxy,AKS001,,2024,,,,0.7037037037037037,Ratio,
Linkage Proxy,AKS002,,2024,,,,0.55,Ratio,
Linkage Proxy,AKS003,,2024,,,,0.7978142076502732,Ratio,
Linkage Proxy,AKS004,,2024,,,,0.8658536585365854,Ratio,
Linkage Proxy,AKS005,,2024,,,,0.5714285714285714,Ratio,
Linkage Proxy,AKS006,,2024,,,,0.8434343434343434,Ratio,
Linkage Proxy,AKS007,,2024,,,,0.8769230769230769,Ratio,
Linkage Proxy,AKS008,,2024,,,,0.5416666666666666,Ratio,
Linkage Proxy,AKS009,,2024,,,,0.8974358974358975,Ratio,
Linkage Proxy,AKS010,,2024,,,,0.8142857142857143,Ratio,
Linkage Proxy,AKS011,,2024,,,,0.7083333333333334,Ratio,
Linkage Proxy,AKS012,,2024,,,,0.8592132505175983,Ratio,
Linkage Proxy,AKS013,,2024,,,,0.808641975308642,Ratio,
Linkage Proxy,AKS014,,2024,,,,0.78125,Ratio,
Linkage Proxy,AKS015,,2024,,,,0.7698863636363636,Ratio,
Linkage Proxy,BEN001,,2024,,,,0.7849462365591398,Ratio,
Linkage Proxy,BEN002,,2024,,,,0.851024208566108,Ratio,
Linkage Proxy,BEN003,,2024,,,,0.8810572687224669,Ratio,
Linkage Proxy,BEN004,,2024,,,,0.8928571428571429,Ratio,
Linkage Proxy,BEN005,,2024,,,,0.8461538461538461,Ratio,
Linkage Proxy,BEN006,,2024,,,,0.7674418604651163,Ratio,
Linkage Proxy,BEN007,,2024,,,,0.676056338028169,Ratio,
Linkage Proxy,BEN008,,2024,,,,0.8193688792165397,Ratio,
Linkage Proxy,BEN009,,2024,,,,0.7073170731707317,Ratio,
Linkage Proxy,BEN010,,2024,,,,0.8170731707317073,Ratio,
Linkage Proxy,BEN011,,2024,,,,0.78125,Ratio,
Linkage Proxy,BEN012,,2024,,,,0.8615384615384616,Ratio,
Linkage Proxy,BEN013,,2024,,,,0.867231638418079,Ratio,
Linkage Proxy,BEN014,,2024,,,,0.6615384615384615,Ratio,
Linkage Proxy,BEN015,,2024,,,,0.7073170731707317,Ratio,
Linkage Proxy,CRS001,,2024,,,,0.808695652173913,Ratio,
Linkage Proxy,CRS002,,2024,,,,0.6567164179104478,Ratio,
Linkage Proxy,CRS003,,2024,,,,0.7373737373737373,Ratio,
Linkage Proxy,CRS004,,2024,,,,0.7611940298507462,Ratio,
Linkage Proxy,CRS005,,2024,,,,0.802784222737819,Ratio,
Linkage Proxy,CRS006,,2024,,,,0.9477911646586346,Ratio,
Linkage Proxy,CRS007,,2024,,,,0.64,Ratio,
Linkage Proxy,CRS008,,2024,,,,0.8467153284671532,Ratio,
Linkage Proxy,CRS009,,2024,,,,0.8125,Ratio,
Linkage Proxy,CRS010,,2024,,,,0.5,Ratio,
Linkage Proxy,CRS011,,2024,,,,0.6666666666666666,Ratio,
Linkage Proxy,CRS012,,2024,,,,0.7291666666666666,Ratio,
Linkage Proxy,CRS013,,2024,,,,0.6304347826086957,Ratio,
Linkage Proxy,CRS014,,2024,,,,0.7792207792207793,Ratio,
Linkage Proxy,CRS015,,2024,,,,0.47058823529411764,Ratio,
Linkage Proxy,FCT001,,2024,,,,0.7011494252873564,Ratio,
Linkage Proxy,FCT002,,2024,,,,0.7090909090909091,Ratio,
Linkage Proxy,FCT003,,2024,,,,0.8421052631578947,Ratio,
Linkage Proxy,FCT004,,2024,,,,0.8363636363636363,Ratio,
Linkage Proxy,FCT005,,2024,,,,0.8111888111888111,Ratio,
Linkage Proxy,FCT006,,2024,,,,0.8655737704918033,Ratio,
Linkage Proxy,FCT007,,2024,,,,0.8397626112759644,Ratio,
Linkage Proxy,FCT008,,2024,,,,0.8848484848484849,Ratio,
Linkage Proxy,FCT009,,2024,,,,0.7916666666666666,Ratio,
Linkage Proxy,FCT010,,2024,,,,0.8066298342541437,Ratio,
Linkage Proxy,FCT011,,2024,,,,0.95,Ratio,
Linkage Proxy,FCT012,,2024,,,,0.6943521594684385,Ratio,
Linkage Proxy,FCT013,,2024,,,,0.7538461538461538,Ratio,
Linkage Proxy,FCT014,,2024,,,,0.7957894736842105,Ratio,
Linkage Proxy,FCT015,,2024,,,,0.7702702702702703,Ratio,
Linkage Proxy,KAD001,,2024,,,,0.6915887850467289,Ratio,
Linkage Proxy,KAD002,,2024,,,,0.7587939698492462,Ratio,
Linkage Proxy,KAD003,,2024,,,,0.8735294117647059,Ratio,
Linkage Proxy,KAD004,,2024,,,,0.8415178571428571,Ratio,
Linkage Proxy,KAD005,,2024,,,,0.7676056338028169,Ratio,
Linkage Proxy,KAD006,,2024,,,,0.9375,Ratio,
Linkage Proxy,KAD007,,2024,,,,0.8417721518987342,Ratio,
Linkage Proxy,KAD008,,2024,,,,0.8145695364238411,Ratio,
Linkage Proxy,KAD009,,2024,,,,0.8542372881355932,Ratio,
Linkage Proxy,KAD010,,2024,,,,0.6891891891891891,Ratio,
Linkage Proxy,KAD011,,2024,,,,0.7888888888888889,Ratio,
Linkage Proxy,KAD012,,2024,,,,0.7586206896551724,Ratio,
Linkage Proxy,KAD013,,2024,,,,0.8248031496062992,Ratio,
Linkage Proxy,KAD014,,2024,,,,0.7634408602150538,Ratio,
Linkage Proxy,KAD015,,2024,,,,0.746268656716418,Ratio,
Linkage Proxy,LAG001,,2024,,,,0.7815126050420168,Ratio,
Linkage Proxy,LAG002,,2024,,,,0.8145094806265457,Ratio,
Linkage Proxy,LAG003,,2024,,,,0.6349574632637278,Ratio,
Linkage Proxy,LAG004,,2024,,,,0.8529411764705882,Ratio,
Linkage Proxy,LAG005,,2024,,,,0.8201970443349754,Ratio,
Linkage Proxy,LAG006,,2024,,,,0.7699530516431925,Ratio,
Linkage Proxy,LAG007,,2024,,,,0.8539325842696629,Ratio,
Linkage Proxy,LAG008,,2024,,,,0.5384615384615384,Ratio,
Linkage Proxy,LAG009,,2024,,,,0.7894736842105263,Ratio,
Linkage Proxy,LAG010,,2024,,,,0.8080808080808081,Ratio,
Linkage Proxy,LAG011,,2024,,,,0.8571428571428571,Ratio,
Linkage Proxy,LAG012,,2024,,,,0.8076923076923077,Ratio,
Linkage Proxy,LAG013,,2024,,,,0.8079315707620529,Ratio,
Linkage Proxy,LAG014,,2024,,,,0.8571428571428571,Ratio,
Linkage Proxy,LAG015,,2024,,,,0.7391304347826086,Ratio,
Linkage Proxy,LAG099,,2024,,,,0.8526315789473684,Ratio,
Linkage Proxy,NAS001,,2024,,,,0.631578947368421,Ratio,
Linkage Proxy,NAS002,,2024,,,,0.6129032258064516,Ratio,
Linkage Proxy,NAS003,,2024,,,,0.7073170731707317,Ratio,
Linkage Proxy,NAS004,,2024,,,,0.703125,Ratio,
Linkage Proxy,NAS005,,2024,,,,0.8654970760233918,Ratio,
Linkage Proxy,NAS006,,2024,,,,0.7795275590551181,Ratio,
Linkage Proxy,NAS007,,2024,,,,0.8979591836734694,Ratio,
Linkage Proxy,NAS008,,2024,,,,0.5217391304347826,Ratio,
Linkage Proxy,NAS009,,2024,,,,0.7403846153846154,Ratio,
Linkage Proxy,NAS010,,2024,,,,0.8163908589440504,Ratio,
Linkage Proxy,NAS011,,2024,,,,0.7913669064748201,Ratio,
Linkage Proxy,NAS012,,2024,,,,0.835,Ratio,
Linkage Proxy,NAS013,,2024,,,,0.7701149425287356,Ratio,
Linkage Proxy,NAS014,,2024,,,,0.8664122137404581,Ratio,
Linkage Proxy,NAS015,,2024,,,,0.8699186991869918,Ratio,
Linkage Proxy,NAS999,,2024,,,,0.8581730769230769,Ratio,
Linkage Proxy,RIV001,,2024,,,,0.4,Ratio,
Linkage Proxy,RIV002,,2024,,,,0.8294392523364486,Ratio,
Linkage Proxy,RIV003,,2024,,,,0.8242424242424242,Ratio,
Linkage Proxy,RIV004,,2024,,,,0.8285714285714286,Ratio,
Linkage Proxy,RIV005,,2024,,,,0.7246376811594203,Ratio,
Linkage Proxy,RIV006,,2024,,,,0.8095975232198143,Ratio,
Linkage Proxy,RIV007,,2024,,,,0.6923076923076923,Ratio,
Linkage Proxy,RIV008,,2024,,,,0.8586666666666667,Ratio,
Linkage Proxy,RIV009,,2024,,,,0.647887323943662,Ratio,
Linkage Proxy,RIV010,,2024,,,,0.7410358565737052,Ratio,
Linkage Proxy,RIV011,,2024,,,,0.8118811881188119,Ratio,
Linkage Proxy,RIV012,,2024,,,,0.8201058201058201,Ratio,
Linkage Proxy,RIV013,,2024,,,,0.8616071428571429,Ratio,
Linkage Proxy,RIV014,,2024,,,,0.7678571428571429,Ratio,
Linkage Proxy,RIV015,,2024,,,,0.8303249097472925,Ratio,
Linkage Proxy,TMP001,,2024,,,,0.8780487804878049,Ratio,
Linkage Proxy,XXX999,,2024,,,,0.8552631578947368,Ratio,
PMTCT ART Coverage,AKS001,AKWA IBOM,,,,,30.434782608695656,Percent,
PMTCT ART Coverage,AKS002,AKWA IBOM,,,,,8.333333333333332,Percent,
PMTCT ART Coverage,AKS003,AKWA IBOM,,,,,48.148148148148145,Percent,
PMTCT ART Coverage,AKS004,AKWA IBOM,,,,,40.54054054054054,Percent,
PMTCT ART Coverage,AKS005,AKWA IBOM,,,,,0.0,Percent,
PMTCT ART Coverage,AKS006,AKWA IBOM,,,,,58.82352941176471,Percent,
PMTCT ART Coverage,AKS007,AKWA IBOM,,,,,48.07692307692308,Percent,
PMTCT ART Coverage,AKS008,AKWA IBOM,,,,,14.285714285714285,Percent,
PMTCT ART Coverage,AKS009,AKWA IBOM,,,,,14.285714285714285,Percent,
PMTCT ART Coverage,AKS010,AKWA IBOM,,,,,46.808510638297875,Percent,
PMTCT ART Coverage,AKS011,AKWA IBOM,,,,,23.809523809523807,Percent,
PMTCT ART Coverage,AKS012,AKWA IBOM,,,,,72.67080745341616,Percent,
PMTCT ART Coverage,AKS013,AKWA IBOM,,,,,53.333333333333336,Percent,
PMTCT ART Coverage,AKS014,AKWA IBOM,,,,,32.142857142857146,Percent,
PMTCT ART Coverage,AKS015,AKWA IBOM,,,,,73.17073170731707,Percent,
PMTCT ART Coverage,LAG099,AKWA IBOM,,,,,75.0,Percent,
PMTCT ART Coverage,NAS999,AKWA IBOM,,,,,44.44444444444444,Percent,
PMTCT ART Coverage,TMP001,AKWA IBOM,,,,,55.55555555555556,Percent,
PMTCT ART Coverage,XXX999,AKWA IBOM,,,,,69.23076923076923,Percent,
PMTCT ART Coverage,BEN001,BENUE,,,,,32.35294117647059,Percent,
PMTCT ART Coverage,BEN002,BENUE,,,,,77.5,Percent,
PMTCT ART Coverage,BEN003,BENUE,,,,,60.0,Percent,
PMTCT ART Coverage,BEN004,BENUE,,,,,34.61538461538461,Percent,
PMTCT ART Coverage,BEN005,BENUE,,,,,51.02040816326531,Percent,
PMTCT ART Coverage,BEN006,BENUE,,,,,46.34146341463415,Percent,
PMTCT ART Coverage,BEN007,BENUE,,,,,9.523809523809524,Percent,
PMTCT ART Coverage,BEN008,BENUE,,,,,80.85106382978722,Percent,
PMTCT ART Coverage,BEN009,BENUE,,,,,40.0,Percent,
PMTCT ART Coverage,BEN010,BENUE,,,,,41.37931034482759,Percent,
PMTCT ART Coverage,BEN011,BENUE,,,,,39.473684210526315,Percent,
PMTCT ART Coverage,BEN012,BENUE,,,,,31.57894736842105,Percent,
PMTCT ART Coverage,BEN013,BENUE,,,,,68.46846846846847,Percent,
PMTCT ART Coverage,BEN014,BENUE,,,,,23.809523809523807,Percent,
PMTCT ART Coverage,BEN015,BENUE,,,,,35.714285714285715,Percent,
PMTCT ART Coverage,LAG099,BENUE,,,,,33.33333333333333,Percent,
PMTCT ART Coverage,NAS999,BENUE,,,,,45.45454545454545,Percent,
PMTCT ART Coverage,TMP001,BENUE,,,,,50.0,Percent,
PMTCT ART Coverage,XXX999,BENUE,,,,,77.77777777777779,Percent,
PMTCT ART Coverage,CRS001,CROSS RIVER,,,,,56.36363636363636,Percent,
PMTCT ART Coverage,CRS002,CROSS RIVER,,,,,42.42424242424242,Percent,
PMTCT ART Coverage,CRS003,CROSS RIVER,,,,,78.86178861788618,Percent,
PMTCT ART Coverage,CRS004,CROSS RIVER,,,,,32.0,Percent,
PMTCT ART Coverage,CRS005,CROSS RIVER,,,,,71.85185185185186,Percent,
PMTCT ART Coverage,CRS006,CROSS RIVER,,,,,63.095238095238095,Percent,
PMTCT ART Coverage,CRS007,CROSS RIVER,,,,,23.809523809523807,Percent,
PMTCT ART Coverage,CRS008,CROSS RIVER,,,,,68.96551724137932,Percent,
PMTCT ART Coverage,CRS009,CROSS RIVER,,,,,64.04494382022472,Percent,
PMTCT ART Coverage,CRS010,CROSS RIVER,,,,,0.0,Percent,
PMTCT ART Coverage,CRS011,CROSS RIVER,,,,,26.31578947368421,Percent,
PMTCT ART Coverage,CRS012,CROSS RIVER,,,,,33.33333333333333,Percent,
PMTCT ART Coverage,CRS013,CROSS RIVER,,,,,23.52941176470588,Percent,
PMTCT ART Coverage,CRS014,CROSS RIVER,,,,,36.0,Percent,
PMTCT ART Coverage,CRS015,CROSS RIVER,,,,,0.0,Percent,
PMTCT ART Coverage,LAG099,CROSS RIVER,,,,,33.33333333333333,Percent,
PMTCT ART Coverage,NAS999,CROSS RIVER,,,,,66.66666666666666,Percent,
PMTCT ART Coverage,TMP001,CROSS RIVER,,,,,64.0,Percent,
PMTCT ART Coverage,XXX999,CROSS RIVER,,,,,71.42857142857143,Percent,
PMTCT ART Coverage,FCT001,FCT,,,,,38.46153846153847,Percent,
PMTCT ART Coverage,FCT002,FCT,,,,,19.047619047619047,Percent,
PMTCT ART Coverage,FCT003,FCT,,,,,57.14285714285714,Percent,
PMTCT ART Coverage,FCT004,FCT,,,,,58.333333333333336,Percent,
PMTCT ART Coverage,FCT005,FCT,,,,,52.0,Percent,
PMTCT ART Coverage,FCT006,FCT,,,,,68.6046511627907,Percent,
PMTCT ART Coverage,FCT007,FCT,,,,,77.47747747747748,Percent,
PMTCT ART Coverage,FCT008,FCT,,,,,73.07692307692307,Percent,
PMTCT ART Coverage,FCT009,FCT,,,,,33.33333333333333,Percent,
PMTCT ART Coverage,FCT010,FCT,,,,,51.78571428571429,Percent,
PMTCT ART Coverage,FCT011,FCT,,,,,52.63157894736842,Percent,
PMTCT ART Coverage,FCT012,FCT,,,,,76.72955974842768,Percent,
PMTCT ART Coverage,FCT013,FCT,,,,,37.83783783783784,Percent,
PMTCT ART Coverage,FCT014,FCT,,,,,75.97765363128491,Percent,
PMTCT ART Coverage,FCT015,FCT,,,,,25.0,Percent,
PMTCT ART Coverage,LAG099,FCT,,,,,55.55555555555556,Percent,
PMTCT ART Coverage,NAS999,FCT,,,,,75.0,Percent,
PMTCT ART Coverage,TMP001,FCT,,,,,80.0,Percent,
PMTCT ART Coverage,XXX999,FCT,,,,,76.19047619047619,Percent,
PMTCT ART Coverage,KAD001,KADUNA,,,,,37.93103448275862,Percent,
PMTCT ART Coverage,KAD002,KADUNA,,,,,58.536585365853654,Percent,
PMTCT ART Coverage,KAD003,KADUNA,,,,,80.35714285714286,Percent,
PMTCT ART Coverage,KAD004,KADUNA,,,,,84.0,Percent,
PMTCT ART Coverage,KAD005,KADUNA,,,,,38.88888888888889,Percent,
PMTCT ART Coverage,KAD006,KADUNA,,,,,69.91150442477876,Percent,
PMTCT ART Coverage,KAD007,KADUNA,,,,,41.02564102564102,Percent,
PMTCT ART Coverage,KAD008,KADUNA,,,,,47.540983606557376,Percent,
PMTCT ART Coverage,KAD009,KADUNA,,,,,67.67676767676768,Percent,
PMTCT ART Coverage,KAD010,KADUNA,,,,,44.89795918367347,Percent,
PMTCT ART Coverage,KAD011,KADUNA,,,,,46.42857142857143,Percent,
PMTCT ART Coverage,KAD012,KADUNA,,,,,55.55555555555556,Percent,
PMTCT ART Coverage,KAD013,KADUNA,,,,,84.4574780058651,Percent,
PMTCT ART Coverage,KAD014,KADUNA,,,,,44.11764705882353,Percent,
PMTCT ART Coverage,KAD015,KADUNA,,,,,34.375,Percent,
PMTCT ART Coverage,LAG099,KADUNA,,,,,69.56521739130434,Percent,
PMTCT ART Coverage,NAS999,KADUNA,,,,,78.37837837837837,Percent,
PMTCT ART Coverage,TMP001,KADUNA,,,,,71.42857142857143,Percent,
PMTCT ART Coverage,XXX999,KADUNA,,,,,60.0,Percent,
PMTCT ART Coverage,LAG001,LAGOS,,,,,45.0,Percent,
PMTCT ART Coverage,LAG002,LAGOS,,,,,84.64912280701753,Percent,
PMTCT ART Coverage,LAG003,LAGOS,,,,,85.48387096774194,Percent,
PMTCT ART Coverage,LAG004,LAGOS,,,,,51.42857142857142,Percent,
PMTCT ART Coverage,LAG005,LAGOS,,,,,68.42105263157895,Percent,
PMTCT ART Coverage,LAG006,LAGOS,,,,,63.38028169014085,Percent,
PMTCT ART Coverage,LAG007,LAGOS,,,,,55.55555555555556,Percent,
PMTCT ART Coverage,LAG008,LAGOS,,,,,0.0,Percent,
PMTCT ART Coverage,LAG009,LAGOS,,,,,46.51162790697674,Percent,
PMTCT ART Coverage,LAG010,LAGOS,,,,,63.888888888888886,Percent,
PMTCT ART Coverage,LAG011,LAGOS,,,,,48.07692307692308,Percent,
PMTCT ART Coverage,LAG012,LAGOS,,,,,42.10526315789473,Percent,
PMTCT ART Coverage,LAG013,LAGOS,,,,,81.41809290953546,Percent,
PMTCT ART Coverage,LAG014,LAGOS,,,,,31.57894736842105,Percent,
PMTCT ART Coverage,LAG015,LAGOS,,,,,52.083333333333336,Percent,
PMTCT ART Coverage,LAG099,LAGOS,,,,,84.44444444444444,Percent,
PMTCT ART Coverage,NAS999,LAGOS,,,,,71.42857142857143,Percent,
PMTCT ART Coverage,TMP001,LAGOS,,,,,57.14285714285714,Percent,
PMTCT ART Coverage,XXX999,LAGOS,,,,,66.66666666666666,Percent,
PMTCT ART Coverage,LAG099,NASARAWA,,,,,52.17391304347826,Percent,
PMTCT ART Coverage,NAS001,NASARAWA,,,,,20.0,Percent,
PMTCT ART Coverage,NAS002,NASARAWA,,,,,7.6923076923076925,Percent,
PMTCT ART Coverage,NAS003,NASARAWA,,,,,22.22222222222222,Percent,
PMTCT ART Coverage,NAS004,NASARAWA,,,,,54.90196078431373,Percent,
PMTCT ART Coverage,NAS005,NASARAWA,,,,,69.90291262135922,Percent,
PMTCT ART Coverage,NAS006,NASARAWA,,,,,32.35294117647059,Percent,
PMTCT ART Coverage,NAS007,NASARAWA,,,,,35.0,Percent,
PMTCT ART Coverage,NAS008,NASARAWA,,,,,0.0,Percent,
PMTCT ART Coverage,NAS009,NASARAWA,,,,,37.5,Percent,
PMTCT ART Coverage,NAS010,NASARAWA,,,,,84.49304174950298,Percent,
PMTCT ART Coverage,NAS011,NASARAWA,,,,,55.172413793103445,Percent,
PMTCT ART Coverage,NAS012,NASARAWA,,,,,68.08510638297872,Percent,
PMTCT ART Coverage,NAS013,NASARAWA,,,,,69.44444444444444,Percent,
PMTCT ART Coverage,NAS014,NASARAWA,,,,,81.69642857142857,Percent,
PMTCT ART Coverage,NAS015,NASARAWA,,,,,78.9237668161435,Percent,
PMTCT ART Coverage,NAS999,NASARAWA,,,,,75.0,Percent,
PMTCT ART Coverage,TMP001,NASARAWA,,,,,71.42857142857143,Percent,
PMTCT ART Coverage,XXX999,NASARAWA,,,,,57.14285714285714,Percent,
PMTCT ART Coverage,LAG099,RIVERS,,,,,0.0,Percent,
PMTCT ART Coverage,NAS999,RIVERS,,,,,74.07407407407408,Percent,
PMTCT ART Coverage,RIV001,RIVERS,,,,,0.0,Percent,
PMTCT ART Coverage,RIV002,RIVERS,,,,,73.125,Percent,
PMTCT ART Coverage,RIV003,RIVERS,,,,,52.83018867924528,Percent,
PMTCT ART Coverage,RIV004,RIVERS,,,,,51.11111111111111,Percent,
PMTCT ART Coverage,RIV005,RIVERS,,,,,26.08695652173913,Percent,
PMTCT ART Coverage,RIV006,RIVERS,,,,,81.48148148148148,Percent,
PMTCT ART Coverage,RIV007,RIVERS,,,,,16.666666666666664,Percent,
PMTCT ART Coverage,RIV008,RIVERS,,,,,81.42292490118577,Percent,
PMTCT ART Coverage,RIV009,RIVERS,,,,,37.5,Percent,
PMTCT ART Coverage,RIV010,RIVERS,,,,,64.04494382022472,Percent,
PMTCT ART Coverage,RIV011,RIVERS,,,,,45.65217391304348,Percent,
PMTCT ART Coverage,RIV012,RIVERS,,,,,53.52112676056338,Percent,
PMTCT ART Coverage,RIV013,RIVERS,,,,,68.04123711340206,Percent,
PMTCT ART Coverage,RIV014,RIVERS,,,,,43.63636363636363,Percent,
PMTCT ART Coverage,RIV015,RIVERS,,,,,67.3913043478261,Percent,
PMTCT ART Coverage,TMP001,RIVERS,,,,,55.55555555555556,Percent,
PMTCT ART Coverage,XXX999,RIVERS,,,,,55.55555555555556,Percent,
PMTCT Positivity,AKS001,AKWA IBOM,,,,,0.6339581036383682,Percent,
PMTCT Positivity,AKS002,AKWA IBOM,,,,,0.6692693809258227,Percent,
PMTCT Positivity,AKS003,AKWA IBOM,,,,,1.4535666218034993,Percent,
PMTCT Positivity,AKS004,AKWA IBOM,,,,,2.5964912280701755,Percent,
PMTCT Positivity,AKS005,AKWA IBOM,,,,,0.730816077953715,Percent,
PMTCT Positivity,AKS006,AKWA IBOM,,,,,2.045112781954887,Percent,
PMTCT Positivity,AKS007,AKWA IBOM,,,,,0.8185109397135212,Percent,
PMTCT Positivity,AKS008,AKWA IBOM,,,,,1.1666666666666667,Percent,
PMTCT Positivity,AKS009,AKWA IBOM,,,,,1.1986301369863013,Percent,
PMTCT Positivity,AKS010,AKWA IBOM,,,,,1.1295361691900985,Percent,
PMTCT Positivity,AKS011,AKWA IBOM,,,,,3.0085959885386817,Percent,
PMTCT Positivity,AKS012,AKWA IBOM,,,,,2.6677713338856672,Percent,
PMTCT Positivity,AKS013,AKWA IBOM,,,,,1.620453727043572,Percent,
PMTCT Positivity,AKS014,AKWA IBOM,,,,,1.7891373801916934,Percent,
PMTCT Positivity,AKS015,AKWA IBOM,,,,,2.4203069657615113,Percent,
PMTCT Positivity,LAG099,AKWA IBOM,,,,,1.257861635220126,Percent,
PMTCT Positivity,NAS999,AKWA IBOM,,,,,1.9230769230769231,Percent,
PMTCT Positivity,TMP001,AKWA IBOM,,,,,2.2388059701492535,Percent,
PMTCT Positivity,XXX999,AKWA IBOM,,,,,1.5063731170336037,Percent,
PMTCT Positivity,BEN001,BENUE,,,,,0.47779651489600905,Percent,
PMTCT Positivity,BEN002,BENUE,,,,,1.0330578512396695,Percent,
PMTCT Positivity,BEN003,BENUE,,,,,1.9572025052192066,Percent,
PMTCT Positivity,BEN004,BENUE,,,,,0.41841004184100417,Percent,
PMTCT Positivity,BEN005,BENUE,,,,,1.3439385628085574,Percent,
PMTCT Positivity,BEN006,BENUE,,,,,2.7796610169491522,Percent,
PMTCT Positivity,BEN007,BENUE,,,,,0.963302752293578,Percent,
PMTCT Positivity,BEN008,BENUE,,,,,1.336442220200182,Percent,
PMTCT Positivity,BEN009,BENUE,,,,,1.0741138560687433,Percent,
PMTCT Positivity,BEN010,BENUE,,,,,1.1018237082066868,Percent,
PMTCT Positivity,BEN011,BENUE,,,,,2.097130242825607,Percent,
PMTCT Positivity,BEN012,BENUE,,,,,0.45421945971790584,Percent,
PMTCT Positivity,BEN013,BENUE,,,,,2.731299212598425,Percent,
PMTCT Positivity,BEN014,BENUE,,,,,0.548159749412686,Percent,
PMTCT Positivity,BEN015,BENUE,,,,,2.8112449799196786,Percent,
PMTCT Positivity,LAG099,BENUE,,,,,2.459016393442623,Percent,
PMTCT Positivity,NAS999,BENUE,,,,,1.4084507042253522,Percent,
PMTCT Positivity,TMP001,BENUE,,,,,1.0,Percent,
PMTCT Positivity,XXX999,BENUE,,,,,1.1920529801324504,Percent,
PMTCT Positivity,CRS001,CROSS RIVER,,,,,4.014598540145985,Percent,
PMTCT Positivity,CRS002,CROSS RIVER,,,,,2.946428571428571,Percent,
PMTCT Positivity,CRS003,CROSS RIVER,,,,,1.951451689671585,Percent,
PMTCT Positivity,CRS004,CROSS RIVER,,,,,1.6622340425531914,Percent,
PMTCT Positivity,CRS005,CROSS RIVER,,,,,2.122975310583425,Percent,
PMTCT Positivity,CRS006,CROSS RIVER,,,,,2.246589997325488,Percent,
PMTCT Positivity,CRS007,CROSS RIVER,,,,,2.6888604353393086,Percent,
PMTCT Positivity,CRS008,CROSS RIVER,,,,,2.6785714285714284,Percent,
PMTCT Positivity,CRS009,CROSS RIVER,,,,,2.433023510114817,Percent,
PMTCT Positivity,CRS010,CROSS RIVER,,,,,0.6024096385542169,Percent,
PMTCT Positivity,CRS011,CROSS RIVER,,,,,0.794646591384358,Percent,
PMTCT Positivity,CRS012,CROSS RIVER,,,,,1.0698365527488856,Percent,
PMTCT Positivity,CRS013,CROSS RIVER,,,,,1.0461538461538462,Percent,
PMTCT Positivity,CRS014,CROSS RIVER,,,,,1.1111111111111112,Percent,
PMTCT Positivity,CRS015,CROSS RIVER,,,,,0.34965034965034963,Percent,
PMTCT Positivity,LAG099,CROSS RIVER,,,,,1.9736842105263157,Percent,
PMTCT Positivity,NAS999,CROSS RIVER,,,,,2.803738317757009,Percent,
PMTCT Positivity,TMP001,CROSS RIVER,,,,,2.272727272727273,Percent,
PMTCT Positivity,XXX999,CROSS RIVER,,,,,6.862745098039216,Percent,
PMTCT Positivity,FCT001,FCT,,,,,0.44742729306487694,Percent,
PMTCT Positivity,FCT002,FCT,,,,,2.297592997811816,Percent,
PMTCT Positivity,FCT003,FCT,,,,,1.586502140518761,Percent,
PMTCT Positivity,FCT004,FCT,,,,,2.731411229135053,Percent,
PMTCT Positivity,FCT005,FCT,,,,,1.7029972752043598,Percent,
PMTCT Positivity,FCT006,FCT,,,,,1.4969538729329852,Percent,
PMTCT Positivity,FCT007,FCT,,,,,1.3750387116754412,Percent,
PMTCT Positivity,FCT008,FCT,,,,,2.6754476229676887,Percent,
PMTCT Positivity,FCT009,FCT,,,,,3.2171581769436997,Percent,
PMTCT Positivity,FCT010,FCT,,,,,1.5581524763494714,Percent,
PMTCT Positivity,FCT011,FCT,,,,,2.1939953810623556,Percent,
PMTCT Positivity,FCT012,FCT,,,,,2.2138680033416875,Percent,
PMTCT Positivity,FCT013,FCT,,,,,0.5921895006402049,Percent,
PMTCT Positivity,FCT014,FCT,,,,,2.4010731052984577,Percent,
PMTCT Positivity,FCT015,FCT,,,,,3.11284046692607,Percent,
PMTCT Positivity,LAG099,FCT,,,,,0.5976095617529881,Percent,
PMTCT Positivity,NAS999,FCT,,,,,1.8241042345276872,Percent,
PMTCT Positivity,TMP001,FCT,,,,,1.3089005235602094,Percent,
PMTCT Positivity,XXX999,FCT,,,,,3.343949044585987,Percent,
PMTCT Positivity,KAD001,KADUNA,,,,,2.258566978193146,Percent,
PMTCT Positivity,KAD002,KADUNA,,,,,0.7635009310986964,Percent,
PMTCT Positivity,KAD003,KADUNA,,,,,2.754888697577174,Percent,
PMTCT Positivity,KAD004,KADUNA,,,,,3.178639542275906,Percent,
PMTCT Positivity,KAD005,KADUNA,,,,,0.9074867658179985,Percent,
PMTCT Positivity,KAD006,KADUNA,,,,,0.8585321379729524,Percent,
PMTCT Positivity,KAD007,KADUNA,,,,,2.5016035920461834,Percent,
PMTCT Positivity,KAD008,KADUNA,,,,,2.392156862745098,Percent,
PMTCT Positivity,KAD009,KADUNA,,,,,2.8964306612053834,Percent,
PMTCT Positivity,KAD010,KADUNA,,,,,2.7404921700223714,Percent,
PMTCT Positivity,KAD011,KADUNA,,,,,2.008608321377331,Percent,
PMTCT Positivity,KAD012,KADUNA,,,,,1.335707925200356,Percent,
PMTCT Positivity,KAD013,KADUNA,,,,,2.3841152205830944,Percent,
PMTCT Positivity,KAD014,KADUNA,,,,,2.2818791946308723,Percent,
PMTCT Positivity,KAD015,KADUNA,,,,,1.3919095258808178,Percent,
PMTCT Positivity,LAG099,KADUNA,,,,,2.0720720720720722,Percent,
PMTCT Positivity,NAS999,KADUNA,,,,,2.931854199683043,Percent,
PMTCT Positivity,TMP001,KADUNA,,,,,2.904564315352697,Percent,
PMTCT Positivity,XXX999,KADUNA,,,,,1.0427528675703857,Percent,
PMTCT Positivity,LAG001,LAGOS,,,,,1.397624039133473,Percent,
PMTCT Positivity,LAG002,LAGOS,,,,,3.0009871668311945,Percent,
PMTCT Positivity,LAG003,LAGOS,,,,,2.4755989352262646,Percent,
PMTCT Positivity,LAG004,LAGOS,,,,,1.254030813328556,Percent,
PMTCT Positivity,LAG005,LAGOS,,,,,1.6219512195121952,Percent,
PMTCT Positivity,LAG006,LAGOS,,,,,1.2174211248285323,Percent,
PMTCT Positivity,LAG007,LAGOS,,,,,1.9079345850999394,Percent,
PMTCT Positivity,LAG008,LAGOS,,,,,1.101591187270502,Percent,
PMTCT Positivity,LAG009,LAGOS,,,,,1.2797619047619047,Percent,
PMTCT Positivity,LAG010,LAGOS,,,,,2.0785219399538106,Percent,
PMTCT Positivity,LAG011,LAGOS,,,,,1.2874473879673185,Percent,
PMTCT Positivity,LAG012,LAGOS,,,,,2.7596223674655045,Percent,
PMTCT Positivity,LAG013,LAGOS,,,,,2.6705843943845906,Percent,
PMTCT Positivity,LAG014,LAGOS,,,,,0.8085106382978723,Percent,
PMTCT Positivity,LAG015,LAGOS,,,,,2.8828828828828827,Percent,
PMTCT Positivity,LAG099,LAGOS,,,,,2.64861683343143,Percent,
PMTCT Positivity,NAS999,LAGOS,,,,,1.8944519621109608,Percent,
PMTCT Positivity,TMP001,LAGOS,,,,,1.6129032258064515,Percent,
PMTCT Positivity,XXX999,LAGOS,,,,,1.8450184501845017,Percent,
PMTCT Positivity,LAG099,NASARAWA,,,,,1.4687100893997445,Percent,
PMTCT Positivity,NAS001,NASARAWA,,,,,0.40683482506102525,Percent,
PMTCT Positivity,NAS002,NASARAWA,,,,,0.40906230333543103,Percent,
PMTCT Positivity,NAS003,NASARAWA,,,,,0.9086320040383644,Percent,
PMTCT Positivity,NAS004,NASARAWA,,,,,2.2173913043478257,Percent,
PMTCT Positivity,NAS005,NASARAWA,,,,,1.2320574162679425,Percent,
PMTCT Positivity,NAS006,NASARAWA,,,,,1.8201284796573876,Percent,
PMTCT Positivity,NAS007,NASARAWA,,,,,0.4191993292810731,Percent,
PMTCT Positivity,NAS008,NASARAWA,,,,,0.9596928982725527,Percent,
PMTCT Positivity,NAS009,NASARAWA,,,,,0.5128862674701885,Percent,
PMTCT Positivity,NAS010,NASARAWA,,,,,3.212005108556833,Percent,
PMTCT Positivity,NAS011,NASARAWA,,,,,0.7777926780206518,Percent,
PMTCT Positivity,NAS012,NASARAWA,,,,,1.4880481241095458,Percent,
PMTCT Positivity,NAS013,NASARAWA,,,,,2.977667493796526,Percent,
PMTCT Positivity,NAS014,NASARAWA,,,,,1.4702986544141778,Percent,
PMTCT Positivity,NAS015,NASARAWA,,,,,3.169864960909737,Percent,
PMTCT Positivity,NAS999,NASARAWA,,,,,1.1142061281337048,Percent,
PMTCT Positivity,TMP001,NASARAWA,,,,,1.478352692713833,Percent,
PMTCT Positivity,XXX999,NASARAWA,,,,,0.9615384615384616,Percent,
PMTCT Positivity,LAG099,RIVERS,,,,,1.530612244897959,Percent,
PMTCT Positivity,NAS999,RIVERS,,,,,2.447869446962829,Percent,
PMTCT Positivity,RIV001,RIVERS,,,,,0.28328611898017,Percent,
PMTCT Positivity,RIV002,RIVERS,,,,,1.2496094970321776,Percent,
PMTCT Positivity,RIV003,RIVERS,,,,,2.4480369515011544,Percent,
PMTCT Positivity,RIV004,RIVERS,,,,,1.5912305516265914,Percent,
PMTCT Positivity,RIV005,RIVERS,,,,,2.0795660036166366,Percent,
PMTCT Positivity,RIV006,RIVERS,,,,,3.097119551363752,Percent,
PMTCT Positivity,RIV007,RIVERS,,,,,0.5159071367153912,Percent,
PMTCT Positivity,RIV008,RIVERS,,,,,2.4261603375527425,Percent,
PMTCT Positivity,RIV009,RIVERS,,,,,0.6962576153176675,Percent,
PMTCT Positivity,RIV010,RIVERS,,,,,1.6067882289221882,Percent,
PMTCT Positivity,RIV011,RIVERS,,,,,2.0994979461433134,Percent,
PMTCT Positivity,RIV012,RIVERS,,,,,1.6713747645951036,Percent,
PMTCT Positivity,RIV013,RIVERS,,,,,2.2615994404290043,Percent,
PMTCT Positivity,RIV014,RIVERS,,,,,0.7395455156649187,Percent,
PMTCT Positivity,RIV015,RIVERS,,,,,3.3873343151693667,Percent,
PMTCT Positivity,TMP001,RIVERS,,,,,1.1780104712041886,Percent,
PMTCT Positivity,XXX999,RIVERS,,,,,1.9693654266958425,Percent,
Reporting Completeness,AKS001,AKWA IBOM,,,1,,33.33333333333333,Percent,
Reporting Completeness,AKS001,AKWA IBOM,,,2,,33.33333333333333,Percent,
Reporting Completeness,AKS001,AKWA IBOM,,,3,,33.33333333333333,Percent,
Reporting Completeness,AKS001,AKWA IBOM,,,4,,33.33333333333333,Percent,
Reporting Completeness,AKS001,AKWA IBOM,,,5,,50.0,Percent,
Reporting Completeness,AKS001,AKWA IBOM,,,6,,33.33333333333333,Percent,
Reporting Completeness,AKS001,AKWA IBOM,,,7,,33.33333333333333,Percent,
Reporting Completeness,AKS001,AKWA IBOM,,,8,,33.33333333333333,Percent,
Reporting Completeness,AKS001,AKWA IBOM,,,9,,50.0,Percent,
Reporting Completeness,AKS001,AKWA IBOM,,,10,,50.0,Percent,
Reporting Completeness,AKS001,AKWA IBOM,,,11,,33.33333333333333,Percent,
Reporting Completeness,AKS001,AKWA IBOM,,,12,,50.0,Percent,
Reporting Completeness,AKS002,AKWA IBOM,,,1,,33.33333333333333,Percent,
Reporting Completeness,AKS002,AKWA IBOM,,,2,,33.33333333333333,Percent,
Reporting Completeness,AKS002,AKWA IBOM,,,3,,100.0,Percent,
Reporting Completeness,AKS002,AKWA IBOM,,,4,,33.33333333333333,Percent,
Reporting Completeness,AKS002,AKWA IBOM,,,5,,33.33333333333333,Percent,
Reporting Completeness,AKS002,AKWA IBOM,,,6,,50.0,Percent,
Reporting Completeness,AKS002,AKWA IBOM,,,7,,33.33333333333333,Percent,
Reporting Completeness,AKS002,AKWA IBOM,,,8,,25.0,Percent,
Reporting Completeness,AKS002,AKWA IBOM,,,9,,33.33333333333333,Percent,
Reporting Completeness,AKS002,AKWA IBOM,,,10,,33.33333333333333,Percent,
Reporting Completeness,AKS002,AKWA IBOM,,,11,,33.33333333333333,Percent,
Reporting Completeness,AKS002,AKWA IBOM,,,12,,50.0,Percent,
Reporting Completeness,AKS003,AKWA IBOM,,,1,,50.0,Percent,
Reporting Completeness,AKS003,AKWA IBOM,,,2,,33.33333333333333,Percent,
Reporting Completeness,AKS003,AKWA IBOM,,,3,,50.0,Percent,
Reporting Completeness,AKS003,AKWA IBOM,,,4,,33.33333333333333,Percent,
Reporting Completeness,AKS003,AKWA IBOM,,,5,,50.0,Percent,
Reporting Completeness,AKS003,AKWA IBOM,,,6,,33.33333333333333,Percent,
Reporting Completeness,AKS003,AKWA IBOM,,,7,,33.33333333333333,Percent,
Reporting Completeness,AKS003,AKWA IBOM,,,8,,100.0,Percent,
Reporting Completeness,AKS003,AKWA IBOM,,,9,,33.33333333333333,Percent,
Reporting Completeness,AKS003,AKWA IBOM,,,10,,33.33333333333333,Percent,
Reporting Completeness,AKS003,AKWA IBOM,,,11,,33.33333333333333,Percent,
Reporting Completeness,AKS003,AKWA IBOM,,,12,,33.33333333333333,Percent,
Reporting Completeness,AKS004,AKWA IBOM,,,1,,33.33333333333333,Percent,
Reporting Completeness,AKS004,AKWA IBOM,,,2,,50.0,Percent,
Reporting Completeness,AKS004,AKWA IBOM,,,3,,33.33333333333333,Percent,
Reporting Completeness,AKS004,AKWA IBOM,,,4,,33.33333333333333,Percent,
Reporting Completeness,AKS004,AKWA IBOM,,,5,,33.33333333333333,Percent,
Reporting Completeness,AKS004,AKWA IBOM,,,6,,33.33333333333333,Percent,
Reporting Completeness,AKS004,AKWA IBOM,,,7,,50.0,Percent,
Reporting Completeness,AKS004,AKWA IBOM,,,8,,33.33333333333333,Percent,
Reporting Completeness,AKS004,AKWA IBOM,,,9,,33.33333333333333,Percent,
Reporting Completeness,AKS004,AKWA IBOM,,,10,,33.33333333333333,Percent,
Reporting Completeness,AKS004,AKWA IBOM,,,11,,50.0,Percent,
Reporting Completeness,AKS004,AKWA IBOM,,,12,,33.33333333333333,Percent,
Reporting Completeness,AKS005,AKWA IBOM,,,1,,33.33333333333333,Percent,
Reporting Completeness,AKS005,AKWA IBOM,,,2,,33.33333333333333,Percent,
Reporting Completeness,AKS005,AKWA IBOM,,,3,,33.33333333333333,Percent,
Reporting Completeness,AKS005,AKWA IBOM,,,4,,33.33333333333333,Percent,
Reporting Completeness,AKS005,AKWA IBOM,,,5,,50.0,Percent,
Reporting Completeness,AKS005,AKWA IBOM,,,6,,50.0,Percent,
Reporting Completeness,AKS005,AKWA IBOM,,,7,,33.33333333333333,Percent,
Reporting Completeness,AKS005,AKWA IBOM,,,8,,33.33333333333333,Percent,
Reporting Completeness,AKS005,AKWA IBOM,,,9,,50.0,Percent,
Reporting Completeness,AKS005,AKWA IBOM,,,10,,33.33333333333333,Percent,
Reporting Completeness,AKS005,AKWA IBOM,,,11,,33.33333333333333,Percent,
Reporting Completeness,AKS005,AKWA IBOM,,,12,,50.0,Percent,
Reporting Completeness,AKS006,AKWA IBOM,,,1,,33.33333333333333,Percent,
Reporting Completeness,AKS006,AKWA IBOM,,,2,,33.33333333333333,Percent,
Reporting Completeness,AKS006,AKWA IBOM,,,3,,33.33333333333333,Percent,
Reporting Completeness,AKS006,AKWA IBOM,,,4,,33.33333333333333,Percent,
Reporting Completeness,AKS006,AKWA IBOM,,,5,,33.33333333333333,Percent,
Reporting Completeness,AKS006,AKWA IBOM,,,6,,33.33333333333333,Percent,
Reporting Completeness,AKS006,AKWA IBOM,,,7,,33.33333333333333,Percent,
Reporting Completeness,AKS006,AKWA IBOM,,,8,,50.0,Percent,
Reporting Completeness,AKS006,AKWA IBOM,,,9,,33.33333333333333,Percent,
Reporting Completeness,AKS006,AKWA IBOM,,,10,,33.33333333333333,Percent,
Reporting Completeness,AKS006,AKWA IBOM,,,11,,33.33333333333333,Percent,
Reporting Completeness,AKS006,AKWA IBOM,,,12,,50.0,Percent,
Reporting Completeness,AKS007,AKWA IBOM,,,1,,33.33333333333333,Percent,
Reporting Completeness,AKS007,AKWA IBOM,,,2,,33.33333333333333,Percent,
Reporting Completeness,AKS007,AKWA IBOM,,,3,,33.33333333333333,Percent,
Reporting Completeness,AKS007,AKWA IBOM,,,4,,33.33333333333333,Percent,
Reporting Completeness,AKS007,AKWA IBOM,,,5,,33.33333333333333,Percent,
Reporting Completeness,AKS007,AKWA IBOM,,,6,,33.33333333333333,Percent,
Reporting Completeness,AKS007,AKWA IBOM,,,7,,33.33333333333333,Percent,
Reporting Completeness,AKS007,AKWA IBOM,,,8,,33.33333333333333,Percent,
Reporting Completeness,AKS007,AKWA IBOM,,,9,,33.33333333333333,Percent,
Reporting Completeness,AKS007,AKWA IBOM,,,10,,33.33333333333333,Percent,
Reporting Completeness,AKS007,AKWA IBOM,,,11,,33.33333333333333,Percent,
Reporting Completeness,AKS007,AKWA IBOM,,,12,,33.33333333333333,Percent,
Reporting Completeness,AKS008,AKWA IBOM,,,1,,33.33333333333333,Percent,
Reporting Completeness,AKS008,AKWA IBOM,,,2,,33.33333333333333,Percent,
Reporting Completeness,AKS008,AKWA IBOM,,,3,,33.33333333333333,Percent,
Reporting Completeness,AKS008,AKWA IBOM,,,4,,50.0,Percent,
Reporting Completeness,AKS008,AKWA IBOM,,,5,,33.33333333333333,Percent,
Reporting Completeness,AKS008,AKWA IBOM,,,6,,33.33333333333333,Percent,
Reporting Completeness,AKS008,AKWA IBOM,,,7,,100.0,Percent,
Reporting Completeness,AKS008,AKWA IBOM,,,8,,33.33333333333333,Percent,
Reporting Completeness,AKS008,AKWA IBOM,,,9,,33.33333333333333,Percent,
Reporting Completeness,AKS008,AKWA IBOM,,,10,,33.33333333333333,Percent,
Reporting Completeness,AKS008,AKWA IBOM,,,11,,33.33333333333333,Percent,
Reporting Completeness,AKS008,AKWA IBOM,,,12,,33.33333333333333,Percent,
Reporting Completeness,AKS009,AKWA IBOM,,,1,,33.33333333333333,Percent,
Reporting Completeness,AKS009,AKWA IBOM,,,2,,33.33333333333333,Percent,
Reporting Completeness,AKS009,AKWA IBOM,,,3,,33.33333333333333,Percent,
Reporting Completeness,AKS009,AKWA IBOM,,,4,,33.33333333333333,Percent,
Reporting Completeness,AKS009,AKWA IBOM,,,5,,33.33333333333333,Percent,
Reporting Completeness,AKS009,AKWA IBOM,,,6,,33.33333333333333,Percent,
Reporting Completeness,AKS009,AKWA IBOM,,,7,,50.0,Percent,
Reporting Completeness,AKS009,AKWA IBOM,,,8,,33.33333333333333,Percent,
Reporting Completeness,AKS009,AKWA IBOM,,,9,,33.33333333333333,Percent,
Reporting Completeness,AKS009,AKWA IBOM,,,10,,33.33333333333333,Percent,
Reporting Completeness,AKS009,AKWA IBOM,,,11,,50.0,Percent,
Reporting Completeness,AKS009,AKWA IBOM,,,12,,50.0,Percent,
Reporting Completeness,AKS010,AKWA IBOM,,,1,,33.33333333333333,Percent,
Reporting Completeness,AKS010,AKWA IBOM,,,2,,33.33333333333333,Percent,
Reporting Completeness,AKS010,AKWA IBOM,,,3,,33.33333333333333,Percent,
Reporting Completeness,AKS010,AKWA IBOM,,,4,,50.0,Percent,
Reporting Completeness,AKS010,AKWA IBOM,,,5,,50.0,Percent,
Reporting Completeness,AKS010,AKWA IBOM,,,6,,33.33333333333333,Percent,
Reporting Completeness,AKS010,AKWA IBOM,,,7,,33.33333333333333,Percent,
Reporting Completeness,AKS010,AKWA IBOM,,,8,,33.33333333333333,Percent,
Reporting Completeness,AKS010,AKWA IBOM,,,9,,33.33333333333333,Percent,
Reporting Completeness,AKS010,AKWA IBOM,,,10,,50.0,Percent,
Reporting Completeness,AKS010,AKWA IBOM,,,11,,33.33333333333333,Percent,
Reporting Completeness,AKS010,AKWA IBOM,,,12,,33.33333333333333,Percent,
Reporting Completeness,AKS011,AKWA IBOM,,,1,,50.0,Percent,
Reporting Completeness,AKS011,AKWA IBOM,,,2,,33.33333333333333,Percent,
Reporting Completeness,AKS011,AKWA IBOM,,,3,,33.33333333333333,Percent,
Reporting Completeness,AKS011,AKWA IBOM,,,4,,50.0,Percent,
Reporting Completeness,AKS011,AKWA IBOM,,,5,,33.33333333333333,Percent,
Reporting Completeness,AKS011,AKWA IBOM,,,6,,50.0,Percent,
Reporting Completeness,AKS011,AKWA IBOM,,,7,,33.33333333333333,Percent,
Reporting Completeness,AKS011,AKWA IBOM,,,8,,33.33333333333333,Percent,
Reporting Completeness,AKS011,AKWA IBOM,,,9,,33.33333333333333,Percent,
Reporting Completeness,AKS011,AKWA IBOM,,,10,,33.33333333333333,Percent,
Reporting Completeness,AKS011,AKWA IBOM,,,11,,33.33333333333333,Percent,
Reporting Completeness,AKS011,AKWA IBOM,,,12,,33.33333333333333,Percent,
Reporting Completeness,AKS012,AKWA IBOM,,,1,,50.0,Percent,
Reporting Completeness,AKS012,AKWA IBOM,,,2,,50.0,Percent,
Reporting Completeness,AKS012,AKWA IBOM,,,3,,33.33333333333333,Percent,
Reporting Completeness,AKS012,AKWA IBOM,,,4,,33.33333333333333,Percent,
Reporting Completeness,AKS012,AKWA IBOM,,,5,,33.33333333333333,Percent,
Reporting Completeness,AKS012,AKWA IBOM,,,6,,33.33333333333333,Percent,
Reporting Completeness,AKS012,AKWA IBOM,,,7,,33.33333333333333,Percent,
Reporting Completeness,AKS012,AKWA IBOM,,,8,,33.33333333333333,Percent,
Reporting Completeness,AKS012,AKWA IBOM,,,9,,50.0,Percent,
Reporting Completeness,AKS012,AKWA IBOM,,,10,,33.33333333333333,Percent,
Reporting Completeness,AKS012,AKWA IBOM,,,11,,33.33333333333333,Percent,
Reporting Completeness,AKS012,AKWA IBOM,,,12,,50.0,Percent,
Reporting Completeness,AKS013,AKWA IBOM,,,1,,33.33333333333333,Percent,
Reporting Completeness,AKS013,AKWA IBOM,,,2,,33.33333333333333,Percent,
Reporting Completeness,AKS013,AKWA IBOM,,,3,,33.33333333333333,Percent,
Reporting Completeness,AKS013,AKWA IBOM,,,4,,33.33333333333333,Percent,
Reporting Completeness,AKS013,AKWA IBOM,,,5,,33.33333333333333,Percent,
Reporting Completeness,AKS013,AKWA IBOM,,,6,,33.33333333333333,Percent,
Reporting Completeness,AKS013,AKWA IBOM,,,7,,33.33333333333333,Percent,
Reporting Completeness,AKS013,AKWA IBOM,,,8,,50.0,Percent,
Reporting Completeness,AKS013,AKWA IBOM,,,9,,33.33333333333333,Percent,
Reporting Completeness,AKS013,AKWA IBOM,,,10,,100.0,Percent,
Reporting Completeness,AKS013,AKWA IBOM,,,11,,33.33333333333333,Percent,
Reporting Completeness,AKS013,AKWA IBOM,,,12,,33.33333333333333,Percent,
Reporting Completeness,AKS014,AKWA IBOM,,,1,,50.0,Percent,
Reporting Completeness,AKS014,AKWA IBOM,,,2,,33.33333333333333,Percent,
Reporting Completeness,AKS014,AKWA IBOM,,,3,,33.33333333333333,Percent,
Reporting Completeness,AKS014,AKWA IBOM,,,4,,33.33333333333333,Percent,
Reporting Completeness,AKS014,AKWA IBOM,,,5,,50.0,Percent,
Reporting Completeness,AKS014,AKWA IBOM,,,6,,33.33333333333333,Percent,
Reporting Completeness,AKS014,AKWA IBOM,,,7,,33.33333333333333,Percent,
Reporting Completeness,AKS014,AKWA IBOM,,,8,,33.33333333333333,Percent,
Reporting Completeness,AKS014,AKWA IBOM,,,9,,50.0,Percent,
Reporting Completeness,AKS014,AKWA IBOM,,,10,,33.33333333333333,Percent,
Reporting Completeness,AKS014,AKWA IBOM,,,11,,33.33333333333333,Percent,
Reporting Completeness,AKS014,AKWA IBOM,,,12,,33.33333333333333,Percent,
Reporting Completeness,AKS015,AKWA IBOM,,,1,,50.0,Percent,
Reporting Completeness,AKS015,AKWA IBOM,,,2,,33.33333333333333,Percent,
Reporting Completeness,AKS015,AKWA IBOM,,,3,,33.33333333333333,Percent,
Reporting Completeness,AKS015,AKWA IBOM,,,4,,33.33333333333333,Percent,
Reporting Completeness,AKS015,AKWA IBOM,,,5,,33.33333333333333,Percent,
Reporting Completeness,AKS015,AKWA IBOM,,,6,,33.33333333333333,Percent,
Reporting Completeness,AKS015,AKWA IBOM,,,7,,33.33333333333333,Percent,
Reporting Completeness,AKS015,AKWA IBOM,,,8,,33.33333333333333,Percent,
Reporting Completeness,AKS015,AKWA IBOM,,,9,,33.33333333333333,Percent,
Reporting Completeness,AKS015,AKWA IBOM,,,10,,33.33333333333333,Percent,
Reporting Completeness,AKS015,AKWA IBOM,,,11,,50.0,Percent,
Reporting Completeness,AKS015,AKWA IBOM,,,12,,50.0,Percent,
Reporting Completeness,LAG099,AKWA IBOM,,,3,,,Percent,
Reporting Completeness,LAG099,AKWA IBOM,,,6,,,Percent,
Reporting Completeness,LAG099,AKWA IBOM,,,8,,,Percent,
Reporting Completeness,NAS999,AKWA IBOM,,,4,,,Percent,
Reporting Completeness,NAS999,AKWA IBOM,,,5,,,Percent,
Reporting Completeness,NAS999,AKWA IBOM,,,8,,,Percent,
Reporting Completeness,NAS999,AKWA IBOM,,,10,,,Percent,
Reporting Completeness,NAS999,AKWA IBOM,,,11,,,Percent,
Reporting Completeness,NAS999,AKWA IBOM,,,12,,,Percent,
Reporting Completeness,TMP001,AKWA IBOM,,,1,,,Percent,
Reporting Completeness,TMP001,AKWA IBOM,,,3,,,Percent,
Reporting Completeness,TMP001,AKWA IBOM,,,7,,,Percent,
Reporting Completeness,TMP001,AKWA IBOM,,,9,,,Percent,
Reporting Completeness,TMP001,AKWA IBOM,,,12,,,Percent,
Reporting Completeness,XXX999,AKWA IBOM,,,1,,,Percent,
Reporting Completeness,XXX999,AKWA IBOM,,,3,,,Percent,
Reporting Completeness,XXX999,AKWA IBOM,,,4,,,Percent,
Reporting Completeness,XXX999,AKWA IBOM,,,5,,,Percent,
Reporting Completeness,XXX999,AKWA IBOM,,,9,,,Percent,
Reporting Completeness,XXX999,AKWA IBOM,,,12,,,Percent,
Reporting Completeness,BEN001,BENUE,,,1,,33.33333333333333,Percent,
Reporting Completeness,BEN001,BENUE,,,2,,33.33333333333333,Percent,
Reporting Completeness,BEN001,BENUE,,,3,,33.33333333333333,Percent,
Reporting Completeness,BEN001,BENUE,,,4,,33.33333333333333,Percent,
Reporting Completeness,BEN001,BENUE,,,5,,33.33333333333333,Percent,
Reporting Completeness,BEN001,BENUE,,,6,,33.33333333333333,Percent,
Reporting Completeness,BEN001,BENUE,,,7,,33.33333333333333,Percent,
Reporting Completeness,BEN001,BENUE,,,8,,33.33333333333333,Percent,
Reporting Completeness,BEN001,BENUE,,,9,,25.0,Percent,
Reporting Completeness,BEN001,BENUE,,,10,,25.0,Percent,
Reporting Completeness,BEN001,BENUE,,,11,,33.33333333333333,Percent,
Reporting Completeness,BEN001,BENUE,,,12,,33.33333333333333,Percent,
Reporting Completeness,BEN002,BENUE,,,1,,50.0,Percent,
Reporting Completeness,BEN002,BENUE,,,2,,33.33333333333333,Percent,
Reporting Completeness,BEN002,BENUE,,,3,,33.33333333333333,Percent,
Reporting Completeness,BEN002,BENUE,,,4,,25.0,Percent,
Reporting Completeness,BEN002,BENUE,,,5,,33.33333333333333,Percent,
Reporting Completeness,BEN002,BENUE,,,6,,33.33333333333333,Percent,
Reporting Completeness,BEN002,BENUE,,,7,,50.0,Percent,
Reporting Completeness,BEN002,BENUE,,,8,,33.33333333333333,Percent,
Reporting Completeness,BEN002,BENUE,,,9,,33.33333333333333,Percent,
Reporting Completeness,BEN002,BENUE,,,10,,33.33333333333333,Percent,
Reporting Completeness,BEN002,BENUE,,,11,,33.33333333333333,Percent,
Reporting Completeness,BEN002,BENUE,,,12,,33.33333333333333,Percent,
Reporting Completeness,BEN003,BENUE,,,1,,33.33333333333333,Percent,
Reporting Completeness,BEN003,BENUE,,,2,,33.33333333333333,Percent,
Reporting Completeness,BEN003,BENUE,,,3,,33.33333333333333,Percent,
Reporting Completeness,BEN003,BENUE,,,4,,50.0,Percent,
Reporting Completeness,BEN003,BENUE,,,5,,33.33333333333333,Percent,
Reporting Completeness,BEN003,BENUE,,,6,,33.33333333333333,Percent,
Reporting Completeness,BEN003,BENUE,,,7,,50.0,Percent,
Reporting Completeness,BEN003,BENUE,,,8,,33.33333333333333,Percent,
Reporting Completeness,BEN003,BENUE,,,9,,33.33333333333333,Percent,
Reporting Completeness,BEN003,BENUE,,,10,,33.33333333333333,Percent,
Reporting Completeness,BEN003,BENUE,,,11,,33.33333333333333,Percent,
Reporting Completeness,BEN003,BENUE,,,12,,50.0,Percent,
Reporting Completeness,BEN004,BENUE,,,1,,33.33333333333333,Percent,
Reporting Completeness,BEN004,BENUE,,,2,,50.0,Percent,
Reporting Completeness,BEN004,BENUE,,,3,,33.33333333333333,Percent,
Reporting Completeness,BEN004,BENUE,,,4,,33.33333333333333,Percent,
Reporting Completeness,BEN004,BENUE,,,5,,33.33333333333333,Percent,
Reporting Completeness,BEN004,BENUE,,,6,,33.33333333333333,Percent,
Reporting Completeness,BEN004,BENUE,,,7,,33.33333333333333,Percent,
Reporting Completeness,BEN004,BENUE,,,8,,50.0,Percent,
Reporting Completeness,BEN004,BENUE,,,10,,50.0,Percent,
Reporting Completeness,BEN004,BENUE,,,11,,33.33333333333333,Percent,
Reporting Completeness,BEN004,BENUE,,,12,,50.0,Percent,
Reporting Completeness,BEN005,BENUE,,,1,,50.0,Percent,
Reporting Completeness,BEN005,BENUE,,,2,,33.33333333333333,Percent,
Reporting Completeness,BEN005,BENUE,,,3,,33.33333333333333,Percent,
Reporting Completeness,BEN005,BENUE,,,4,,33.33333333333333,Percent,
Reporting Completeness,BEN005,BENUE,,,5,,33.33333333333333,Percent,
Reporting Completeness,BEN005,BENUE,,,6,,50.0,Percent,
Reporting Completeness,BEN005,BENUE,,,7,,100.0,Percent,
Reporting Completeness,BEN005,BENUE,,,8,,50.0,Percent,
Reporting Completeness,BEN005,BENUE,,,9,,50.0,Percent,
Reporting Completeness,BEN005,BENUE,,,10,,50.0,Percent,
Reporting Completeness,BEN005,BENUE,,,11,,25.0,Percent,
Reporting Completeness,BEN005,BENUE,,,12,,33.33333333333333,Percent,
Reporting Completeness,BEN006,BENUE,,,1,,33.33333333333333,Percent,
Reporting Completeness,BEN006,BENUE,,,2,,50.0,Percent,
Reporting Completeness,BEN006,BENUE,,,3,,33.33333333333333,Percent,
Reporting Completeness,BEN006,BENUE,,,4,,33.33333333333333,Percent,
Reporting Completeness,BEN006,BENUE,,,5,,33.33333333333333,Percent,
Reporting Completeness,BEN006,BENUE,,,6,,33.33333333333333,Percent,
Reporting Completeness,BEN006,BENUE,,,7,,33.33333333333333,Percent,
Reporting Completeness,BEN006,BENUE,,,8,,25.0,Percent,
Reporting Completeness,BEN006,BENUE,,,9,,33.33333333333333,Percent,
Reporting Completeness,BEN006,BENUE,,,10,,33.33333333333333,Percent,
Reporting Completeness,BEN006,BENUE,,,11,,33.33333333333333,Percent,
Reporting Completeness,BEN006,BENUE,,,12,,50.0,Percent,
Reporting Completeness,BEN007,BENUE,,,1,,33.33333333333333,Percent,
Reporting Completeness,BEN007,BENUE,,,2,,50.0,Percent,
Reporting Completeness,BEN007,BENUE,,,3,,33.33333333333333,Percent,
Reporting Completeness,BEN007,BENUE,,,4,,33.33333333333333,Percent,
Reporting Completeness,BEN007,BENUE,,,5,,33.33333333333333,Percent,
Reporting Completeness,BEN007,BENUE,,,6,,33.33333333333333,Percent,
Reporting Completeness,BEN007,BENUE,,,7,,50.0,Percent,
Reporting Completeness,BEN007,BENUE,,,8,,33.33333333333333,Percent,
Reporting Completeness,BEN007,BENUE,,,9,,50.0,Percent,
Reporting Completeness,BEN007,BENUE,,,10,,33.33333333333333,Percent,
Reporting Completeness,BEN007,BENUE,,,11,,33.33333333333333,Percent,
Reporting Completeness,BEN007,BENUE,,,12,,33.33333333333333,Percent,
Reporting Completeness,BEN008,BENUE,,,1,,33.33333333333333,Percent,
Reporting Completeness,BEN008,BENUE,,,2,,33.33333333333333,Percent,
Reporting Completeness,BEN008,BENUE,,,3,,33.33333333333333,Percent,
Reporting Completeness,BEN008,BENUE,,,4,,33.33333333333333,Percent,
Reporting Completeness,BEN008,BENUE,,,5,,33.33333333333333,Percent,
Reporting Completeness,BEN008,BENUE,,,6,,33.33333333333333,Percent,
Reporting Completeness,BEN008,BENUE,,,7,,33.33333333333333,Percent,
Reporting Completeness,BEN008,BENUE,,,8,,50.0,Percent,
Reporting Completeness,BEN008,BENUE,,,9,,33.33333333333333,Percent,
Reporting Completeness,BEN008,BENUE,,,10,,33.33333333333333,Percent,
Reporting Completeness,BEN008,BENUE,,,11,,33.33333333333333,Percent,
Reporting Completeness,BEN008,BENUE,,,12,,33.33333333333333,Percent,
Reporting Completeness,BEN009,BENUE,,,1,,33.33333333333333,Percent,
Reporting Completeness,BEN009,BENUE,,,2,,50.0,Percent,
Reporting Completeness,BEN009,BENUE,,,3,,33.33333333333333,Percent,
Reporting Completeness,BEN009,BENUE,,,4,,33.33333333333333,Percent,
Reporting Completeness,BEN009,BENUE,,,5,,33.33333333333333,Percent,
Reporting Completeness,BEN009,BENUE,,,6,,100.0,Percent,
Reporting Completeness,BEN009,BENUE,,,7,,33.33333333333333,Percent,
Reporting Completeness,BEN009,BENUE,,,8,,33.33333333333333,Percent,
Reporting Completeness,BEN009,BENUE,,,9,,33.33333333333333,Percent,
Reporting Completeness,BEN009,BENUE,,,10,,50.0,Percent,
Reporting Completeness,BEN009,BENUE,,,11,,33.33333333333333,Percent,
Reporting Completeness,BEN009,BENUE,,,12,,33.33333333333333,Percent,
Reporting Completeness,BEN010,BENUE,,,1,,33.33333333333333,Percent,
Reporting Completeness,BEN010,BENUE,,,2,,50.0,Percent,
Reporting Completeness,BEN010,BENUE,,,3,,33.33333333333333,Percent,
Reporting Completeness,BEN010,BENUE,,,4,,33.33333333333333,Percent,
Reporting Completeness,BEN010,BENUE,,,5,,33.33333333333333,Percent,
Reporting Completeness,BEN010,BENUE,,,6,,33.33333333333333,Percent,
Reporting Completeness,BEN010,BENUE,,,7,,33.33333333333333,Percent,
Reporting Completeness,BEN010,BENUE,,,8,,33.33333333333333,Percent,
Reporting Completeness,BEN010,BENUE,,,9,,33.33333333333333,Percent,
Reporting Completeness,BEN010,BENUE,,,10,,33.33333333333333,Percent,
Reporting Completeness,BEN010,BENUE,,,11,,33.33333333333333,Percent,
Reporting Completeness,BEN010,BENUE,,,12,,33.33333333333333,Percent,
Reporting Completeness,BEN011,BENUE,,,1,,33.33333333333333,Percent,
Reporting Completeness,BEN011,BENUE,,,2,,33.33333333333333,Percent,
Reporting Completeness,BEN011,BENUE,,,3,,50.0,Percent,
Reporting Completeness,BEN011,BENUE,,,4,,50.0,Percent,
Reporting Completeness,BEN011,BENUE,,,5,,33.33333333333333,Percent,
Reporting Completeness,BEN011,BENUE,,,6,,33.33333333333333,Percent,
Reporting Completeness,BEN011,BENUE,,,7,,33.33333333333333,Percent,
Reporting Completeness,BEN011,BENUE,,,8,,33.33333333333333,Percent,
Reporting Completeness,BEN011,BENUE,,,9,,33.33333333333333,Percent,
Reporting Completeness,BEN011,BENUE,,,10,,33.33333333333333,Percent,
Reporting Completeness,BEN011,BENUE,,,11,,33.33333333333333,Percent,
Reporting Completeness,BEN011,BENUE,,,12,,33.33333333333333,Percent,
Reporting Completeness,BEN012,BENUE,,,1,,33.33333333333333,Percent,
Reporting Completeness,BEN012,BENUE,,,2,,33.33333333333333,Percent,
Reporting Completeness,BEN012,BENUE,,,3,,33.33333333333333,Percent,
Reporting Completeness,BEN012,BENUE,,,4,,33.33333333333333,Percent,
Reporting Completeness,BEN012,BENUE,,,5,,33.33333333333333,Percent,
Reporting Completeness,BEN012,BENUE,,,6,,33.33333333333333,Percent,
Reporting Completeness,BEN012,BENUE,,,7,,33.33333333333333,Percent,
Reporting Completeness,BEN012,BENUE,,,8,,50.0,Percent,
Reporting Completeness,BEN012,BENUE,,,9,,33.33333333333333,Percent,
Reporting Completeness,BEN012,BENUE,,,10,,33.33333333333333,Percent,
Reporting Completeness,BEN012,BENUE,,,11,,33.33333333333333,Percent,
Reporting Completeness,BEN012,BENUE,,,12,,33.33333333333333,Percent,
Reporting Completeness,BEN013,BENUE,,,1,,33.33333333333333,Percent,
Reporting Completeness,BEN013,BENUE,,,2,,33.33333333333333,Percent,
Reporting Completeness,BEN013,BENUE,,,3,,33.33333333333333,Percent,
Reporting Completeness,BEN013,BENUE,,,4,,50.0,Percent,
Reporting Completeness,BEN013,BENUE,,,5,,50.0,Percent,
Reporting Completeness,BEN013,BENUE,,,6,,33.33333333333333,Percent,
Reporting Completeness,BEN013,BENUE,,,7,,33.33333333333333,Percent,
Reporting Completeness,BEN013,BENUE,,,8,,33.33333333333333,Percent,
Reporting Completeness,BEN013,BENUE,,,9,,33.33333333333333,Percent,
Reporting Completeness,BEN013,BENUE,,,10,,33.33333333333333,Percent,
Reporting Completeness,BEN013,BENUE,,,11,,50.0,Percent,
Reporting Completeness,BEN013,BENUE,,,12,,33.33333333333333,Percent,
Reporting Completeness,BEN014,BENUE,,,1,,25.0,Percent,
Reporting Completeness,BEN014,BENUE,,,2,,50.0,Percent,
Reporting Completeness,BEN014,BENUE,,,3,,33.33333333333333,Percent,
Reporting Completeness,BEN014,BENUE,,,4,,33.33333333333333,Percent,
Reporting Completeness,BEN014,BENUE,,,5,,33.33333333333333,Percent,
Reporting Completeness,BEN014,BENUE,,,6,,33.33333333333333,Percent,
Reporting Completeness,BEN014,BENUE,,,7,,50.0,Percent,
Reporting Completeness,BEN014,BENUE,,,8,,33.33333333333333,Percent,
Reporting Completeness,BEN014,BENUE,,,9,,33.33333333333333,Percent,
Reporting Completeness,BEN014,BENUE,,,10,,33.33333333333333,Percent,
Reporting Completeness,BEN014,BENUE,,,11,,33.33333333333333,Percent,
Reporting Completeness,BEN014,BENUE,,,12,,33.33333333333333,Percent,
Reporting Completeness,BEN015,BENUE,,,1,,33.33333333333333,Percent,
Reporting Completeness,BEN015,BENUE,,,2,,50.0,Percent,
Reporting Completeness,BEN015,BENUE,,,3,,33.33333333333333,Percent,
Reporting Completeness,BEN015,BENUE,,,4,,33.33333333333333,Percent,
Reporting Completeness,BEN015,BENUE,,,5,,50.0,Percent,
Reporting Completeness,BEN015,BENUE,,,6,,33.33333333333333,Percent,
Reporting Completeness,BEN015,BENUE,,,7,,50.0,Percent,
Reporting Completeness,BEN015,BENUE,,,8,,33.33333333333333,Percent,
Reporting Completeness,BEN015,BENUE,,,9,,33.33333333333333,Percent,
Reporting Completeness,BEN015,BENUE,,,10,,50.0,Percent,
Reporting Completeness,BEN015,BENUE,,,11,,33.33333333333333,Percent,
Reporting Completeness,BEN015,BENUE,,,12,,33.33333333333333,Percent,
Reporting Completeness,LAG099,BENUE,,,4,,,Percent,
Reporting Completeness,LAG099,BENUE,,,8,,,Percent,
Reporting Completeness,LAG099,BENUE,,,10,,,Percent,
Reporting Completeness,NAS999,BENUE,,,2,,,Percent,
Reporting Completeness,NAS999,BENUE,,,6,,,Percent,
Reporting Completeness,NAS999,BENUE,,,9,,,Percent,
Reporting Completeness,NAS999,BENUE,,,10,,,Percent,
Reporting Completeness,NAS999,BENUE,,,11,,,Percent,
Reporting Completeness,NAS999,BENUE,,,12,,,Percent,
Reporting Completeness,TMP001,BENUE,,,2,,,Percent,
Reporting Completeness,TMP001,BENUE,,,4,,,Percent,
Reporting Completeness,TMP001,BENUE,,,9,,,Percent,
Reporting Completeness,TMP001,BENUE,,,12,,,Percent,
Reporting Completeness,XXX999,BENUE,,,6,,,Percent,
Reporting Completeness,XXX999,BENUE,,,7,,,Percent,
Reporting Completeness,XXX999,BENUE,,,8,,,Percent,
Reporting Completeness,CRS001,CROSS RIVER,,,1,,33.33333333333333,Percent,
Reporting Completeness,CRS001,CROSS RIVER,,,2,,33.33333333333333,Percent,
Reporting Completeness,CRS001,CROSS RIVER,,,3,,33.33333333333333,Percent,
Reporting Completeness,CRS001,CROSS RIVER,,,4,,50.0,Percent,
Reporting Completeness,CRS001,CROSS RIVER,,,5,,33.33333333333333,Percent,
Reporting Completeness,CRS001,CROSS RIVER,,,6,,33.33333333333333,Percent,
Reporting Completeness,CRS001,CROSS RIVER,,,7,,33.33333333333333,Percent,
Reporting Completeness,CRS001,CROSS RIVER,,,8,,33.33333333333333,Percent,
Reporting Completeness,CRS001,CROSS RIVER,,,9,,33.33333333333333,Percent,
Reporting Completeness,CRS001,CROSS RIVER,,,10,,33.33333333333333,Percent,
Reporting Completeness,CRS001,CROSS RIVER,,,11,,33.33333333333333,Percent,
Reporting Completeness,CRS001,CROSS RIVER,,,12,,33.33333333333333,Percent,
Reporting Completeness,CRS002,CROSS RIVER,,,1,,33.33333333333333,Percent,
Reporting Completeness,CRS002,CROSS RIVER,,,2,,33.33333333333333,Percent,
Reporting Completeness,CRS002,CROSS RIVER,,,3,,33.33333333333333,Percent,
Reporting Completeness,CRS002,CROSS RIVER,,,4,,50.0,Percent,
Reporting Completeness,CRS002,CROSS RIVER,,,5,,33.33333333333333,Percent,
Reporting Completeness,CRS002,CROSS RIVER,,,6,,33.33333333333333,Percent,
Reporting Completeness,CRS002,CROSS RIVER,,,7,,50.0,Percent,
Reporting Completeness,CRS002,CROSS RIVER,,,8,,33.33333333333333,Percent,
Reporting Completeness,CRS002,CROSS RIVER,,,9,,20.0,Percent,
Reporting Completeness,CRS002,CROSS RIVER,,,10,,50.0,Percent,
Reporting Completeness,CRS002,CROSS RIVER,,,11,,33.33333333333333,Percent,
Reporting Completeness,CRS002,CROSS RIVER,,,12,,50.0,Percent,
Reporting Completeness,CRS003,CROSS RIVER,,,1,,33.33333333333333,Percent,
Reporting Completeness,CRS003,CROSS RIVER,,,2,,33.33333333333333,Percent,
Reporting Completeness,CRS003,CROSS RIVER,,,3,,33.33333333333333,Percent,
Reporting Completeness,CRS003,CROSS RIVER,,,4,,33.33333333333333,Percent,
Reporting Completeness,CRS003,CROSS RIVER,,,5,,33.33333333333333,Percent,
Reporting Completeness,CRS003,CROSS RIVER,,,6,,33.33333333333333,Percent,
Reporting Completeness,CRS003,CROSS RIVER,,,7,,33.33333333333333,Percent,
Reporting Completeness,CRS003,CROSS RIVER,,,8,,50.0,Percent,
Reporting Completeness,CRS003,CROSS RIVER,,,9,,33.33333333333333,Percent,
Reporting Completeness,CRS003,CROSS RIVER,,,10,,33.33333333333333,Percent,
Reporting Completeness,CRS003,CROSS RIVER,,,11,,33.33333333333333,Percent,
Reporting Completeness,CRS003,CROSS RIVER,,,12,,25.0,Percent,
Reporting Completeness,CRS004,CROSS RIVER,,,1,,33.33333333333333,Percent,
Reporting Completeness,CRS004,CROSS RIVER,,,2,,33.33333333333333,Percent,
Reporting Completeness,CRS004,CROSS RIVER,,,3,,33.33333333333333,Percent,
Reporting Completeness,CRS004,CROSS RIVER,,,4,,33.33333333333333,Percent,
Reporting Completeness,CRS004,CROSS RIVER,,,5,,50.0,Percent,
Reporting Completeness,CRS004,CROSS RIVER,,,6,,33.33333333333333,Percent,
Reporting Completeness,CRS004,CROSS RIVER,,,7,,33.33333333333333,Percent,
Reporting Completeness,CRS004,CROSS RIVER,,,8,,33.33333333333333,Percent,
Reporting Completeness,CRS004,CROSS RIVER,,,9,,100.0,Percent,
Reporting Completeness,CRS004,CROSS RIVER,,,10,,33.33333333333333,Percent,
Reporting Completeness,CRS004,CROSS RIVER,,,11,,33.33333333333333,Percent,
Reporting Completeness,CRS004,CROSS RIVER,,,12,,33.33333333333333,Percent,
Reporting Completeness,CRS005,CROSS RIVER,,,1,,33.33333333333333,Percent,
Reporting Completeness,CRS005,CROSS RIVER,,,2,,33.33333333333333,Percent,
Reporting Completeness,CRS005,CROSS RIVER,,,3,,33.33333333333333,Percent,
Reporting Completeness,CRS005,CROSS RIVER,,,4,,33.33333333333333,Percent,
Reporting Completeness,CRS005,CROSS RIVER,,,5,,33.33333333333333,Percent,
Reporting Completeness,CRS005,CROSS RIVER,,,6,,33.33333333333333,Percent,
Reporting Completeness,CRS005,CROSS RIVER,,,7,,50.0,Percent,
Reporting Completeness,CRS005,CROSS RIVER,,,8,,33.33333333333333,Percent,
Reporting Completeness,CRS005,CROSS RIVER,,,9,,33.33333333333333,Percent,
Reporting Completeness,CRS005,CROSS RIVER,,,10,,33.33333333333333,Percent,
Reporting Completeness,CRS005,CROSS RIVER,,,11,,33.33333333333333,Percent,
Reporting Completeness,CRS005,CROSS RIVER,,,12,,33.33333333333333,Percent,
Reporting Completeness,CRS006,CROSS RIVER,,,1,,33.33333333333333,Percent,
Reporting Completeness,CRS006,CROSS RIVER,,,2,,33.33333333333333,Percent,
Reporting Completeness,CRS006,CROSS RIVER,,,3,,50.0,Percent,
Reporting Completeness,CRS006,CROSS RIVER,,,4,,33.33333333333333,Percent,
Reporting Completeness,CRS006,CROSS RIVER,,,5,,33.33333333333333,Percent,
Reporting Completeness,CRS006,CROSS RIVER,,,6,,33.33333333333333,Percent,
Reporting Completeness,CRS006,CROSS RIVER,,,7,,33.33333333333333,Percent,
Reporting Completeness,CRS006,CROSS RIVER,,,8,,33.33333333333333,Percent,
Reporting Completeness,CRS006,CROSS RIVER,,,9,,33.33333333333333,Percent,
Reporting Completeness,CRS006,CROSS RIVER,,,10,,33.33333333333333,Percent,
Reporting Completeness,CRS006,CROSS RIVER,,,11,,33.33333333333333,Percent,
Reporting Completeness,CRS006,CROSS RIVER,,,12,,33.33333333333333,Percent,
Reporting Completeness,CRS007,CROSS RIVER,,,1,,50.0,Percent,
Reporting Completeness,CRS007,CROSS RIVER,,,2,,33.33333333333333,Percent,
Reporting Completeness,CRS007,CROSS RIVER,,,3,,33.33333333333333,Percent,
Reporting Completeness,CRS007,CROSS RIVER,,,4,,33.33333333333333,Percent,
Reporting Completeness,CRS007,CROSS RIVER,,,5,,33.33333333333333,Percent,
Reporting Completeness,CRS007,CROSS RIVER,,,6,,33.33333333333333,Percent,
Reporting Completeness,CRS007,CROSS RIVER,,,7,,33.33333333333333,Percent,
Reporting Completeness,CRS007,CROSS RIVER,,,8,,50.0,Percent,
Reporting Completeness,CRS007,CROSS RIVER,,,9,,50.0,Percent,
Reporting Completeness,CRS007,CROSS RIVER,,,10,,50.0,Percent,
Reporting Completeness,CRS007,CROSS RIVER,,,11,,33.33333333333333,Percent,
Reporting Completeness,CRS007,CROSS RIVER,,,12,,33.33333333333333,Percent,
Reporting Completeness,CRS008,CROSS RIVER,,,1,,50.0,Percent,
Reporting Completeness,CRS008,CROSS RIVER,,,2,,33.33333333333333,Percent,
Reporting Completeness,CRS008,CROSS RIVER,,,3,,50.0,Percent,
Reporting Completeness,CRS008,CROSS RIVER,,,4,,50.0,Percent,
Reporting Completeness,CRS008,CROSS RIVER,,,5,,50.0,Percent,
Reporting Completeness,CRS008,CROSS RIVER,,,6,,33.33333333333333,Percent,
Reporting Completeness,CRS008,CROSS RIVER,,,7,,25.0,Percent,
Reporting Completeness,CRS008,CROSS RIVER,,,8,,33.33333333333333,Percent,
Reporting Completeness,CRS008,CROSS RIVER,,,9,,50.0,Percent,
Reporting Completeness,CRS008,CROSS RIVER,,,10,,33.33333333333333,Percent,
Reporting Completeness,CRS008,CROSS RIVER,,,11,,50.0,Percent,
Reporting Completeness,CRS008,CROSS RIVER,,,12,,50.0,Percent,
Reporting Completeness,CRS009,CROSS RIVER,,,1,,50.0,Percent,
Reporting Completeness,CRS009,CROSS RIVER,,,2,,50.0,Percent,
Reporting Completeness,CRS009,CROSS RIVER,,,3,,33.33333333333333,Percent,
Reporting Completeness,CRS009,CROSS RIVER,,,4,,33.33333333333333,Percent,
Reporting Completeness,CRS009,CROSS RIVER,,,5,,50.0,Percent,
Reporting Completeness,CRS009,CROSS RIVER,,,6,,33.33333333333333,Percent,
Reporting Completeness,CRS009,CROSS RIVER,,,7,,33.33333333333333,Percent,
Reporting Completeness,CRS009,CROSS RIVER,,,8,,33.33333333333333,Percent,
Reporting Completeness,CRS009,CROSS RIVER,,,9,,33.33333333333333,Percent,
Reporting Completeness,CRS009,CROSS RIVER,,,10,,50.0,Percent,
Reporting Completeness,CRS009,CROSS RIVER,,,11,,33.33333333333333,Percent,
Reporting Completeness,CRS009,CROSS RIVER,,,12,,50.0,Percent,
Reporting Completeness,CRS010,CROSS RIVER,,,1,,33.33333333333333,Percent,
Reporting Completeness,CRS010,CROSS RIVER,,,2,,33.33333333333333,Percent,
Reporting Completeness,CRS010,CROSS RIVER,,,3,,33.33333333333333,Percent,
Reporting Completeness,CRS010,CROSS RIVER,,,4,,33.33333333333333,Percent,
Reporting Completeness,CRS010,CROSS RIVER,,,5,,33.33333333333333,Percent,
Reporting Completeness,CRS010,CROSS RIVER,,,6,,33.33333333333333,Percent,
Reporting Completeness,CRS010,CROSS RIVER,,,7,,50.0,Percent,
Reporting Completeness,CRS010,CROSS RIVER,,,8,,33.33333333333333,Percent,
Reporting Completeness,CRS010,CROSS RIVER,,,9,,33.33333333333333,Percent,
Reporting Completeness,CRS010,CROSS RIVER,,,10,,50.0,Percent,
Reporting Completeness,CRS010,CROSS RIVER,,,11,,33.33333333333333,Percent,
Reporting Completeness,CRS010,CROSS RIVER,,,12,,33.33333333333333,Percent,
Reporting Completeness,CRS011,CROSS RIVER,,,1,,33.33333333333333,Percent,
Reporting Completeness,CRS011,CROSS RIVER,,,2,,33.33333333333333,Percent,
Reporting Completeness,CRS011,CROSS RIVER,,,3,,33.33333333333333,Percent,
Reporting Completeness,CRS011,CROSS RIVER,,,4,,33.33333333333333,Percent,
Reporting Completeness,CRS011,CROSS RIVER,,,5,,50.0,Percent,
Reporting Completeness,CRS011,CROSS RIVER,,,6,,33.33333333333333,Percent,
Reporting Completeness,CRS011,CROSS RIVER,,,7,,50.0,Percent,
Reporting Completeness,CRS011,CROSS RIVER,,,8,,33.33333333333333,Percent,
Reporting Completeness,CRS011,CROSS RIVER,,,9,,50.0,Percent,
Reporting Completeness,CRS011,CROSS RIVER,,,10,,33.33333333333333,Percent,
Reporting Completeness,CRS011,CROSS RIVER,,,11,,33.33333333333333,Percent,
Reporting Completeness,CRS011,CROSS RIVER,,,12,,33.33333333333333,Percent,
Reporting Completeness,CRS012,CROSS RIVER,,,1,,33.33333333333333,Percent,
Reporting Completeness,CRS012,CROSS RIVER,,,2,,33.33333333333333,Percent,
Reporting Completeness,CRS012,CROSS RIVER,,,3,,33.33333333333333,Percent,
Reporting Completeness,CRS012,CROSS RIVER,,,4,,33.33333333333333,Percent,
Reporting Completeness,CRS012,CROSS RIVER,,,5,,33.33333333333333,Percent,
Reporting Completeness,CRS012,CROSS RIVER,,,6,,33.33333333333333,Percent,
Reporting Completeness,CRS012,CROSS RIVER,,,7,,33.33333333333333,Percent,
Reporting Completeness,CRS012,CROSS RIVER,,,8,,33.33333333333333,Percent,
Reporting Completeness,CRS012,CROSS RIVER,,,9,,33.33333333333333,Percent,
Reporting Completeness,CRS012,CROSS RIVER,,,10,,50.0,Percent,
Reporting Completeness,CRS012,CROSS RIVER,,,11,,33.33333333333333,Percent,
Reporting Completeness,CRS012,CROSS RIVER,,,12,,33.33333333333333,Percent,
Reporting Completeness,CRS013,CROSS RIVER,,,1,,33.33333333333333,Percent,
Reporting Completeness,CRS013,CROSS RIVER,,,2,,33.33333333333333,Percent,
Reporting Completeness,CRS013,CROSS RIVER,,,3,,33.33333333333333,Percent,
Reporting Completeness,CRS013,CROSS RIVER,,,4,,33.33333333333333,Percent,
Reporting Completeness,CRS013,CROSS RIVER,,,5,,50.0,Percent,
Reporting Completeness,CRS013,CROSS RIVER,,,6,,33.33333333333333,Percent,
Reporting Completeness,CRS013,CROSS RIVER,,,7,,33.33333333333333,Percent,
Reporting Completeness,CRS013,CROSS RIVER,,,8,,33.33333333333333,Percent,
Reporting Completeness,CRS013,CROSS RIVER,,,9,,33.33333333333333,Percent,
Reporting Completeness,CRS013,CROSS RIVER,,,10,,50.0,Percent,
Reporting Completeness,CRS013,CROSS RIVER,,,11,,33.33333333333333,Percent,
Reporting Completeness,CRS013,CROSS RIVER,,,12,,33.33333333333333,Percent,
Reporting Completeness,CRS014,CROSS RIVER,,,1,,50.0,Percent,
Reporting Completeness,CRS014,CROSS RIVER,,,2,,33.33333333333333,Percent,
Reporting Completeness,CRS014,CROSS RIVER,,,3,,50.0,Percent,
Reporting Completeness,CRS014,CROSS RIVER,,,4,,33.33333333333333,Percent,
Reporting Completeness,CRS014,CROSS RIVER,,,5,,33.33333333333333,Percent,
Reporting Completeness,CRS014,CROSS RIVER,,,6,,33.33333333333333,Percent,
Reporting Completeness,CRS014,CROSS RIVER,,,7,,50.0,Percent,
Reporting Completeness,CRS014,CROSS RIVER,,,8,,33.33333333333333,Percent,
Reporting Completeness,CRS014,CROSS RIVER,,,9,,33.33333333333333,Percent,
Reporting Completeness,CRS014,CROSS RIVER,,,10,,33.33333333333333,Percent,
Reporting Completeness,CRS014,CROSS RIVER,,,11,,33.33333333333333,Percent,
Reporting Completeness,CRS014,CROSS RIVER,,,12,,33.33333333333333,Percent,
Reporting Completeness,CRS015,CROSS RIVER,,,1,,25.0,Percent,
Reporting Completeness,CRS015,CROSS RIVER,,,2,,33.33333333333333,Percent,
Reporting Completeness,CRS015,CROSS RIVER,,,3,,33.33333333333333,Percent,
Reporting Completeness,CRS015,CROSS RIVER,,,4,,33.33333333333333,Percent,
Reporting Completeness,CRS015,CROSS RIVER,,,5,,33.33333333333333,Percent,
Reporting Completeness,CRS015,CROSS RIVER,,,6,,33.33333333333333,Percent,
Reporting Completeness,CRS015,CROSS RIVER,,,7,,33.33333333333333,Percent,
Reporting Completeness,CRS015,CROSS RIVER,,,8,,33.33333333333333,Percent,
Reporting Completeness,CRS015,CROSS RIVER,,,9,,33.33333333333333,Percent,
Reporting Completeness,CRS015,CROSS RIVER,,,10,,33.33333333333333,Percent,
Reporting Completeness,CRS015,CROSS RIVER,,,11,,33.33333333333333,Percent,
Reporting Completeness,CRS015,CROSS RIVER,,,12,,33.33333333333333,Percent,
Reporting Completeness,LAG099,CROSS RIVER,,,7,,,Percent,
Reporting Completeness,LAG099,CROSS RIVER,,,9,,,Percent,
Reporting Completeness,NAS999,CROSS RIVER,,,10,,,Percent,
Reporting Completeness,NAS999,CROSS RIVER,,,11,,,Percent,
Reporting Completeness,TMP001,CROSS RIVER,,,1,,,Percent,
Reporting Completeness,TMP001,CROSS RIVER,,,4,,,Percent,
Reporting Completeness,TMP001,CROSS RIVER,,,5,,,Percent,
Reporting Completeness,TMP001,CROSS RIVER,,,7,,,Percent,
Reporting Completeness,TMP001,CROSS RIVER,,,8,,,Percent,
Reporting Completeness,TMP001,CROSS RIVER,,,9,,,Percent,
Reporting Completeness,XXX999,CROSS RIVER,,,1,,,Percent,
Reporting Completeness,XXX999,CROSS RIVER,,,7,,,Percent,
Reporting Completeness,XXX999,CROSS RIVER,,,10,,,Percent,
Reporting Completeness,FCT001,FCT,,,1,,33.33333333333333,Percent,
Reporting Completeness,FCT001,FCT,,,2,,33.33333333333333,Percent,
Reporting Completeness,FCT001,FCT,,,3,,50.0,Percent,
Reporting Completeness,FCT001,FCT,,,4,,50.0,Percent,
Reporting Completeness,FCT001,FCT,,,5,,50.0,Percent,
Reporting Completeness,FCT001,FCT,,,6,,50.0,Percent,
Reporting Completeness,FCT001,FCT,,,7,,33.33333333333333,Percent,
Reporting Completeness,FCT001,FCT,,,8,,33.33333333333333,Percent,
Reporting Completeness,FCT001,FCT,,,9,,50.0,Percent,
Reporting Completeness,FCT001,FCT,,,10,,33.33333333333333,Percent,
Reporting Completeness,FCT001,FCT,,,11,,33.33333333333333,Percent,
Reporting Completeness,FCT001,FCT,,,12,,50.0,Percent,
Reporting Completeness,FCT002,FCT,,,1,,33.33333333333333,Percent,
Reporting Completeness,FCT002,FCT,,,2,,33.33333333333333,Percent,
Reporting Completeness,FCT002,FCT,,,3,,33.33333333333333,Percent,
Reporting Completeness,FCT002,FCT,,,4,,33.33333333333333,Percent,
Reporting Completeness,FCT002,FCT,,,5,,33.33333333333333,Percent,
Reporting Completeness,FCT002,FCT,,,6,,33.33333333333333,Percent,
Reporting Completeness,FCT002,FCT,,,7,,33.33333333333333,Percent,
Reporting Completeness,FCT002,FCT,,,8,,33.33333333333333,Percent,
Reporting Completeness,FCT002,FCT,,,9,,50.0,Percent,
Reporting Completeness,FCT002,FCT,,,10,,33.33333333333333,Percent,
Reporting Completeness,FCT002,FCT,,,11,,33.33333333333333,Percent,
Reporting Completeness,FCT002,FCT,,,12,,50.0,Percent,
Reporting Completeness,FCT003,FCT,,,1,,50.0,Percent,
Reporting Completeness,FCT003,FCT,,,2,,33.33333333333333,Percent,
Reporting Completeness,FCT003,FCT,,,3,,33.33333333333333,Percent,
Reporting Completeness,FCT003,FCT,,,4,,50.0,Percent,
Reporting Completeness,FCT003,FCT,,,5,,33.33333333333333,Percent,
Reporting Completeness,FCT003,FCT,,,6,,33.33333333333333,Percent,
Reporting Completeness,FCT003,FCT,,,7,,33.33333333333333,Percent,
Reporting Completeness,FCT003,FCT,,,8,,33.33333333333333,Percent,
Reporting Completeness,FCT003,FCT,,,9,,33.33333333333333,Percent,
Reporting Completeness,FCT003,FCT,,,10,,33.33333333333333,Percent,
Reporting Completeness,FCT003,FCT,,,11,,33.33333333333333,Percent,
Reporting Completeness,FCT003,FCT,,,12,,33.33333333333333,Percent,
Reporting Completeness,FCT004,FCT,,,1,,33.33333333333333,Percent,
Reporting Completeness,FCT004,FCT,,,2,,33.33333333333333,Percent,
Reporting Completeness,FCT004,FCT,,,3,,100.0,Percent,
Reporting Completeness,FCT004,FCT,,,4,,33.33333333333333,Percent,
Reporting Completeness,FCT004,FCT,,,5,,33.33333333333333,Percent,
Reporting Completeness,FCT004,FCT,,,6,,50.0,Percent,
Reporting Completeness,FCT004,FCT,,,7,,33.33333333333333,Percent,
Reporting Completeness,FCT004,FCT,,,8,,33.33333333333333,Percent,
Reporting Completeness,FCT004,FCT,,,9,,33.33333333333333,Percent,
Reporting Completeness,FCT004,FCT,,,10,,33.33333333333333,Percent,
Reporting Completeness,FCT004,FCT,,,11,,33.33333333333333,Percent,
Reporting Completeness,FCT004,FCT,,,12,,33.33333333333333,Percent,
Reporting Completeness,FCT005,FCT,,,1,,33.33333333333333,Percent,
Reporting Completeness,FCT005,FCT,,,2,,50.0,Percent,
Reporting Completeness,FCT005,FCT,,,3,,50.0,Percent,
Reporting Completeness,FCT005,FCT,,,4,,50.0,Percent,
Reporting Completeness,FCT005,FCT,,,5,,100.0,Percent,
Reporting Completeness,FCT005,FCT,,,6,,33.33333333333333,Percent,
Reporting Completeness,FCT005,FCT,,,7,,33.33333333333333,Percent,
Reporting Completeness,FCT005,FCT,,,8,,33.33333333333333,Percent,
Reporting Completeness,FCT005,FCT,,,9,,33.33333333333333,Percent,
Reporting Completeness,FCT005,FCT,,,10,,50.0,Percent,
Reporting Completeness,FCT005,FCT,,,11,,50.0,Percent,
Reporting Completeness,FCT005,FCT,,,12,,33.33333333333333,Percent,
Reporting Completeness,FCT006,FCT,,,1,,33.33333333333333,Percent,
Reporting Completeness,FCT006,FCT,,,2,,33.33333333333333,Percent,
Reporting Completeness,FCT006,FCT,,,3,,33.33333333333333,Percent,
Reporting Completeness,FCT006,FCT,,,4,,33.33333333333333,Percent,
Reporting Completeness,FCT006,FCT,,,5,,33.33333333333333,Percent,
Reporting Completeness,FCT006,FCT,,,6,,33.33333333333333,Percent,
Reporting Completeness,FCT006,FCT,,,7,,50.0,Percent,
Reporting Completeness,FCT006,FCT,,,8,,33.33333333333333,Percent,
Reporting Completeness,FCT006,FCT,,,9,,33.33333333333333,Percent,
Reporting Completeness,FCT006,FCT,,,10,,33.33333333333333,Percent,
Reporting Completeness,FCT006,FCT,,,11,,33.33333333333333,Percent,
Reporting Completeness,FCT006,FCT,,,12,,33.33333333333333,Percent,
Reporting Completeness,FCT007,FCT,,,1,,33.33333333333333,Percent,
Reporting Completeness,FCT007,FCT,,,2,,33.33333333333333,Percent,
Reporting Completeness,FCT007,FCT,,,3,,33.33333333333333,Percent,
Reporting Completeness,FCT007,FCT,,,4,,33.33333333333333,Percent,
Reporting Completeness,FCT007,FCT,,,5,,50.0,Percent,
Reporting Completeness,FCT007,FCT,,,6,,33.33333333333333,Percent,
Reporting Completeness,FCT007,FCT,,,7,,33.33333333333333,Percent,
Reporting Completeness,FCT007,FCT,,,8,,33.33333333333333,Percent,
Reporting Completeness,FCT007,FCT,,,9,,33.33333333333333,Percent,
Reporting Completeness,FCT007,FCT,,,10,,33.33333333333333,Percent,
Reporting Completeness,FCT007,FCT,,,11,,33.33333333333333,Percent,
Reporting Completeness,FCT007,FCT,,,12,,33.33333333333333,Percent,
Reporting Completeness,FCT008,FCT,,,1,,33.33333333333333,Percent,
Reporting Completeness,FCT008,FCT,,,2,,50.0,Percent,
Reporting Completeness,FCT008,FCT,,,3,,33.33333333333333,Percent,
Reporting Completeness,FCT008,FCT,,,4,,33.33333333333333,Percent,
Reporting Completeness,FCT008,FCT,,,5,,33.33333333333333,Percent,
Reporting Completeness,FCT008,FCT,,,6,,33.33333333333333,Percent,
Reporting Completeness,FCT008,FCT,,,7,,33.33333333333333,Percent,
Reporting Completeness,FCT008,FCT,,,8,,33.33333333333333,Percent,
Reporting Completeness,FCT008,FCT,,,9,,33.33333333333333,Percent,
Reporting Completeness,FCT008,FCT,,,10,,100.0,Percent,
Reporting Completeness,FCT008,FCT,,,11,,33.33333333333333,Percent,
Reporting Completeness,FCT008,FCT,,,12,,50.0,Percent,
Reporting Completeness,FCT009,FCT,,,1,,33.33333333333333,Percent,
Reporting Completeness,FCT009,FCT,,,2,,33.33333333333333,Percent,
Reporting Completeness,FCT009,FCT,,,3,,33.33333333333333,Percent,
Reporting Completeness,FCT009,FCT,,,4,,33.33333333333333,Percent,
Reporting Completeness,FCT009,FCT,,,5,,33.33333333333333,Percent,
Reporting Completeness,FCT009,FCT,,,6,,50.0,Percent,
Reporting Completeness,FCT009,FCT,,,7,,33.33333333333333,Percent,
Reporting Completeness,FCT009,FCT,,,8,,33.33333333333333,Percent,
Reporting Completeness,FCT009,FCT,,,9,,33.33333333333333,Percent,
Reporting Completeness,FCT009,FCT,,,10,,50.0,Percent,
Reporting Completeness,FCT009,FCT,,,11,,33.33333333333333,Percent,
Reporting Completeness,FCT009,FCT,,,12,,33.33333333333333,Percent,
Reporting Completeness,FCT010,FCT,,,1,,33.33333333333333,Percent,
Reporting Completeness,FCT010,FCT,,,2,,33.33333333333333,Percent,
Reporting Completeness,FCT010,FCT,,,3,,33.33333333333333,Percent,
Reporting Completeness,FCT010,FCT,,,4,,33.33333333333333,Percent,
Reporting Completeness,FCT010,FCT,,,5,,33.33333333333333,Percent,
Reporting Completeness,FCT010,FCT,,,6,,33.33333333333333,Percent,
Reporting Completeness,FCT010,FCT,,,7,,33.33333333333333,Percent,
Reporting Completeness,FCT010,FCT,,,8,,33.33333333333333,Percent,
Reporting Completeness,FCT010,FCT,,,9,,33.33333333333333,Percent,
Reporting Completeness,FCT010,FCT,,,10,,33.33333333333333,Percent,
Reporting Completeness,FCT010,FCT,,,11,,33.33333333333333,Percent,
Reporting Completeness,FCT010,FCT,,,12,,50.0,Percent,
Reporting Completeness,FCT011,FCT,,,1,,50.0,Percent,
Reporting Completeness,FCT011,FCT,,,2,,33.33333333333333,Percent,
Reporting Completeness,FCT011,FCT,,,3,,33.33333333333333,Percent,
Reporting Completeness,FCT011,FCT,,,4,,33.33333333333333,Percent,
Reporting Completeness,FCT011,FCT,,,5,,33.33333333333333,Percent,
Reporting Completeness,FCT011,FCT,,,6,,33.33333333333333,Percent,
Reporting Completeness,FCT011,FCT,,,7,,50.0,Percent,
Reporting Completeness,FCT011,FCT,,,8,,33.33333333333333,Percent,
Reporting Completeness,FCT011,FCT,,,9,,50.0,Percent,
Reporting Completeness,FCT011,FCT,,,10,,33.33333333333333,Percent,
Reporting Completeness,FCT011,FCT,,,11,,50.0,Percent,
Reporting Completeness,FCT011,FCT,,,12,,33.33333333333333,Percent,
Reporting Completeness,FCT012,FCT,,,1,,33.33333333333333,Percent,
Reporting Completeness,FCT012,FCT,,,2,,33.33333333333333,Percent,
Reporting Completeness,FCT012,FCT,,,3,,50.0,Percent,
Reporting Completeness,FCT012,FCT,,,4,,33.33333333333333,Percent,
Reporting Completeness,FCT012,FCT,,,5,,50.0,Percent,
Reporting Completeness,FCT012,FCT,,,6,,50.0,Percent,
Reporting Completeness,FCT012,FCT,,,7,,33.33333333333333,Percent,
Reporting Completeness,FCT012,FCT,,,8,,33.33333333333333,Percent,
Reporting Completeness,FCT012,FCT,,,9,,33.33333333333333,Percent,
Reporting Completeness,FCT012,FCT,,,10,,50.0,Percent,
Reporting Completeness,FCT012,FCT,,,11,,33.33333333333333,Percent,
Reporting Completeness,FCT012,FCT,,,12,,50.0,Percent,
Reporting Completeness,FCT013,FCT,,,1,,50.0,Percent,
Reporting Completeness,FCT013,FCT,,,2,,50.0,Percent,
Reporting Completeness,FCT013,FCT,,,3,,33.33333333333333,Percent,
Reporting Completeness,FCT013,FCT,,,4,,33.33333333333333,Percent,
Reporting Completeness,FCT013,FCT,,,5,,33.33333333333333,Percent,
Reporting Completeness,FCT013,FCT,,,6,,50.0,Percent,
Reporting Completeness,FCT013,FCT,,,7,,50.0,Percent,
Reporting Completeness,FCT013,FCT,,,8,,33.33333333333333,Percent,
Reporting Completeness,FCT013,FCT,,,9,,50.0,Percent,
Reporting Completeness,FCT013,FCT,,,10,,33.33333333333333,Percent,
Reporting Completeness,FCT013,FCT,,,11,,25.0,Percent,
Reporting Completeness,FCT013,FCT,,,12,,33.33333333333333,Percent,
Reporting Completeness,FCT014,FCT,,,1,,33.33333333333333,Percent,
Reporting Completeness,FCT014,FCT,,,2,,33.33333333333333,Percent,
Reporting Completeness,FCT014,FCT,,,3,,33.33333333333333,Percent,
Reporting Completeness,FCT014,FCT,,,4,,33.33333333333333,Percent,
Reporting Completeness,FCT014,FCT,,,5,,33.33333333333333,Percent,
Reporting Completeness,FCT014,FCT,,,6,,50.0,Percent,
Reporting Completeness,FCT014,FCT,,,7,,33.33333333333333,Percent,
Reporting Completeness,FCT014,FCT,,,8,,33.33333333333333,Percent,
Reporting Completeness,FCT014,FCT,,,9,,33.33333333333333,Percent,
Reporting Completeness,FCT014,FCT,,,10,,33.33333333333333,Percent,
Reporting Completeness,FCT014,FCT,,,11,,33.33333333333333,Percent,
Reporting Completeness,FCT014,FCT,,,12,,33.33333333333333,Percent,
Reporting Completeness,FCT015,FCT,,,1,,33.33333333333333,Percent,
Reporting Completeness,FCT015,FCT,,,2,,33.33333333333333,Percent,
Reporting Completeness,FCT015,FCT,,,3,,33.33333333333333,Percent,
Reporting Completeness,FCT015,FCT,,,4,,50.0,Percent,
Reporting Completeness,FCT015,FCT,,,5,,25.0,Percent,
Reporting Completeness,FCT015,FCT,,,6,,33.33333333333333,Percent,
Reporting Completeness,FCT015,FCT,,,7,,33.33333333333333,Percent,
Reporting Completeness,FCT015,FCT,,,8,,33.33333333333333,Percent,
Reporting Completeness,FCT015,FCT,,,9,,33.33333333333333,Percent,
Reporting Completeness,FCT015,FCT,,,10,,33.33333333333333,Percent,
Reporting Completeness,FCT015,FCT,,,11,,33.33333333333333,Percent,
Reporting Completeness,FCT015,FCT,,,12,,33.33333333333333,Percent,
Reporting Completeness,LAG099,FCT,,,1,,,Percent,
Reporting Completeness,LAG099,FCT,,,2,,,Percent,
Reporting Completeness,LAG099,FCT,,,6,,,Percent,
Reporting Completeness,LAG099,FCT,,,7,,,Percent,
Reporting Completeness,LAG099,FCT,,,9,,,Percent,
Reporting Completeness,LAG099,FCT,,,10,,,Percent,
Reporting Completeness,LAG099,FCT,,,12,,,Percent,
Reporting Completeness,NAS999,FCT,,,5,,,Percent,
Reporting Completeness,NAS999,FCT,,,6,,,Percent,
Reporting Completeness,NAS999,FCT,,,7,,,Percent,
Reporting Completeness,NAS999,FCT,,,12,,,Percent,
Reporting Completeness,TMP001,FCT,,,5,,,Percent,
Reporting Completeness,TMP001,FCT,,,7,,,Percent,
Reporting Completeness,TMP001,FCT,,,10,,,Percent,
Reporting Completeness,XXX999,FCT,,,1,,,Percent,
Reporting Completeness,XXX999,FCT,,,2,,,Percent,
Reporting Completeness,XXX999,FCT,,,3,,,Percent,
Reporting Completeness,XXX999,FCT,,,10,,,Percent,
Reporting Completeness,XXX999,FCT,,,12,,,Percent,
Reporting Completeness,KAD001,KADUNA,,,1,,33.33333333333333,Percent,
Reporting Completeness,KAD001,KADUNA,,,2,,33.33333333333333,Percent,
Reporting Completeness,KAD001,KADUNA,,,3,,33.33333333333333,Percent,
Reporting Completeness,KAD001,KADUNA,,,4,,50.0,Percent,
Reporting Completeness,KAD001,KADUNA,,,5,,33.33333333333333,Percent,
Reporting Completeness,KAD001,KADUNA,,,6,,50.0,Percent,
Reporting Completeness,KAD001,KADUNA,,,7,,33.33333333333333,Percent,
Reporting Completeness,KAD001,KADUNA,,,8,,33.33333333333333,Percent,
Reporting Completeness,KAD001,KADUNA,,,9,,25.0,Percent,
Reporting Completeness,KAD001,KADUNA,,,10,,33.33333333333333,Percent,
Reporting Completeness,KAD001,KADUNA,,,11,,50.0,Percent,
Reporting Completeness,KAD001,KADUNA,,,12,,50.0,Percent,
Reporting Completeness,KAD002,KADUNA,,,1,,33.33333333333333,Percent,
Reporting Completeness,KAD002,KADUNA,,,2,,33.33333333333333,Percent,
Reporting Completeness,KAD002,KADUNA,,,3,,33.33333333333333,Percent,
Reporting Completeness,KAD002,KADUNA,,,4,,50.0,Percent,
Reporting Completeness,KAD002,KADUNA,,,5,,33.33333333333333,Percent,
Reporting Completeness,KAD002,KADUNA,,,6,,33.33333333333333,Percent,
Reporting Completeness,KAD002,KADUNA,,,7,,33.33333333333333,Percent,
Reporting Completeness,KAD002,KADUNA,,,8,,33.33333333333333,Percent,
Reporting Completeness,KAD002,KADUNA,,,9,,25.0,Percent,
Reporting Completeness,KAD002,KADUNA,,,10,,25.0,Percent,
Reporting Completeness,KAD002,KADUNA,,,11,,33.33333333333333,Percent,
Reporting Completeness,KAD002,KADUNA,,,12,,50.0,Percent,
Reporting Completeness,KAD003,KADUNA,,,1,,33.33333333333333,Percent,
Reporting Completeness,KAD003,KADUNA,,,2,,50.0,Percent,
Reporting Completeness,KAD003,KADUNA,,,3,,33.33333333333333,Percent,
Reporting Completeness,KAD003,KADUNA,,,4,,33.33333333333333,Percent,
Reporting Completeness,KAD003,KADUNA,,,5,,33.33333333333333,Percent,
Reporting Completeness,KAD003,KADUNA,,,6,,50.0,Percent,
Reporting Completeness,KAD003,KADUNA,,,7,,50.0,Percent,
Reporting Completeness,KAD003,KADUNA,,,8,,33.33333333333333,Percent,
Reporting Completeness,KAD003,KADUNA,,,9,,33.33333333333333,Percent,
Reporting Completeness,KAD003,KADUNA,,,10,,33.33333333333333,Percent,
Reporting Completeness,KAD003,KADUNA,,,11,,33.33333333333333,Percent,
Reporting Completeness,KAD003,KADUNA,,,12,,33.33333333333333,Percent,
Reporting Completeness,KAD004,KADUNA,,,1,,33.33333333333333,Percent,
Reporting Completeness,KAD004,KADUNA,,,2,,33.33333333333333,Percent,
Reporting Completeness,KAD004,KADUNA,,,3,,33.33333333333333,Percent,
Reporting Completeness,KAD004,KADUNA,,,4,,33.33333333333333,Percent,
Reporting Completeness,KAD004,KADUNA,,,5,,50.0,Percent,
Reporting Completeness,KAD004,KADUNA,,,6,,33.33333333333333,Percent,
Reporting Completeness,KAD004,KADUNA,,,7,,33.33333333333333,Percent,
Reporting Completeness,KAD004,KADUNA,,,8,,33.33333333333333,Percent,
Reporting Completeness,KAD004,KADUNA,,,9,,33.33333333333333,Percent,
Reporting Completeness,KAD004,KADUNA,,,10,,50.0,Percent,
Reporting Completeness,KAD004,KADUNA,,,11,,33.33333333333333,Percent,
Reporting Completeness,KAD004,KADUNA,,,12,,50.0,Percent,
Reporting Completeness,KAD005,KADUNA,,,1,,50.0,Percent,
Reporting Completeness,KAD005,KADUNA,,,2,,33.33333333333333,Percent,
Reporting Completeness,KAD005,KADUNA,,,3,,33.33333333333333,Percent,
Reporting Completeness,KAD005,KADUNA,,,4,,33.33333333333333,Percent,
Reporting Completeness,KAD005,KADUNA,,,5,,33.33333333333333,Percent,
Reporting Completeness,KAD005,KADUNA,,,6,,50.0,Percent,
Reporting Completeness,KAD005,KADUNA,,,7,,25.0,Percent,
Reporting Completeness,KAD005,KADUNA,,,8,,50.0,Percent,
Reporting Completeness,KAD005,KADUNA,,,9,,33.33333333333333,Percent,
Reporting Completeness,KAD005,KADUNA,,,10,,33.33333333333333,Percent,
Reporting Completeness,KAD005,KADUNA,,,11,,33.33333333333333,Percent,
Reporting Completeness,KAD005,KADUNA,,,12,,33.33333333333333,Percent,
Reporting Completeness,KAD006,KADUNA,,,1,,33.33333333333333,Percent,
Reporting Completeness,KAD006,KADUNA,,,2,,33.33333333333333,Percent,
Reporting Completeness,KAD006,KADUNA,,,3,,33.33333333333333,Percent,
Reporting Completeness,KAD006,KADUNA,,,4,,33.33333333333333,Percent,
Reporting Completeness,KAD006,KADUNA,,,5,,33.33333333333333,Percent,
Reporting Completeness,KAD006,KADUNA,,,6,,33.33333333333333,Percent,
Reporting Completeness,KAD006,KADUNA,,,7,,50.0,Percent,
Reporting Completeness,KAD006,KADUNA,,,8,,50.0,Percent,
Reporting Completeness,KAD006,KADUNA,,,9,,100.0,Percent,
Reporting Completeness,KAD006,KADUNA,,,10,,33.33333333333333,Percent,
Reporting Completeness,KAD006,KADUNA,,,11,,50.0,Percent,
Reporting Completeness,KAD006,KADUNA,,,12,,50.0,Percent,
Reporting Completeness,KAD007,KADUNA,,,1,,33.33333333333333,Percent,
Reporting Completeness,KAD007,KADUNA,,,2,,33.33333333333333,Percent,
Reporting Completeness,KAD007,KADUNA,,,3,,33.33333333333333,Percent,
Reporting Completeness,KAD007,KADUNA,,,4,,33.33333333333333,Percent,
Reporting Completeness,KAD007,KADUNA,,,5,,33.33333333333333,Percent,
Reporting Completeness,KAD007,KADUNA,,,6,,33.33333333333333,Percent,
Reporting Completeness,KAD007,KADUNA,,,7,,50.0,Percent,
Reporting Completeness,KAD007,KADUNA,,,8,,33.33333333333333,Percent,
Reporting Completeness,KAD007,KADUNA,,,9,,50.0,Percent,
Reporting Completeness,KAD007,KADUNA,,,10,,33.33333333333333,Percent,
Reporting Completeness,KAD007,KADUNA,,,11,,50.0,Percent,
Reporting Completeness,KAD007,KADUNA,,,12,,33.33333333333333,Percent,
Reporting Completeness,KAD008,KADUNA,,,1,,33.33333333333333,Percent,
Reporting Completeness,KAD008,KADUNA,,,2,,50.0,Percent,
Reporting Completeness,KAD008,KADUNA,,,3,,33.33333333333333,Percent,
Reporting Completeness,KAD008,KADUNA,,,4,,33.33333333333333,Percent,
Reporting Completeness,KAD008,KADUNA,,,5,,33.33333333333333,Percent,
Reporting Completeness,KAD008,KADUNA,,,6,,33.33333333333333,Percent,
Reporting Completeness,KAD008,KADUNA,,,7,,33.33333333333333,Percent,
Reporting Completeness,KAD008,KADUNA,,,8,,33.33333333333333,Percent,
Reporting Completeness,KAD008,KADUNA,,,9,,25.0,Percent,
Reporting Completeness,KAD008,KADUNA,,,10,,33.33333333333333,Percent,
Reporting Completeness,KAD008,KADUNA,,,11,,33.33333333333333,Percent,
Reporting Completeness,KAD008,KADUNA,,,12,,33.33333333333333,Percent,
Reporting Completeness,KAD009,KADUNA,,,1,,33.33333333333333,Percent,
Reporting Completeness,KAD009,KADUNA,,,2,,33.33333333333333,Percent,
Reporting Completeness,KAD009,KADUNA,,,3,,50.0,Percent,
Reporting Completeness,KAD009,KADUNA,,,4,,33.33333333333333,Percent,
Reporting Completeness,KAD009,KADUNA,,,5,,33.33333333333333,Percent,
Reporting Completeness,KAD009,KADUNA,,,6,,33.33333333333333,Percent,
Reporting Completeness,KAD009,KADUNA,,,7,,33.33333333333333,Percent,
Reporting Completeness,KAD009,KADUNA,,,8,,33.33333333333333,Percent,
Reporting Completeness,KAD009,KADUNA,,,9,,33.33333333333333,Percent,
Reporting Completeness,KAD009,KADUNA,,,10,,33.33333333333333,Percent,
Reporting Completeness,KAD009,KADUNA,,,11,,50.0,Percent,
Reporting Completeness,KAD009,KADUNA,,,12,,33.33333333333333,Percent,
Reporting Completeness,KAD010,KADUNA,,,1,,33.33333333333333,Percent,
Reporting Completeness,KAD010,KADUNA,,,2,,33.33333333333333,Percent,
Reporting Completeness,KAD010,KADUNA,,,3,,50.0,Percent,
Reporting Completeness,KAD010,KADUNA,,,4,,33.33333333333333,Percent,
Reporting Completeness,KAD010,KADUNA,,,5,,33.33333333333333,Percent,
Reporting Completeness,KAD010,KADUNA,,,6,,33.33333333333333,Percent,
Reporting Completeness,KAD010,KADUNA,,,7,,33.33333333333333,Percent,
Reporting Completeness,KAD010,KADUNA,,,8,,33.33333333333333,Percent,
Reporting Completeness,KAD010,KADUNA,,,9,,33.33333333333333,Percent,
Reporting Completeness,KAD010,KADUNA,,,10,,33.33333333333333,Percent,
Reporting Completeness,KAD010,KADUNA,,,11,,50.0,Percent,
Reporting Completeness,KAD010,KADUNA,,,12,,33.33333333333333,Percent,
Reporting Completeness,KAD011,KADUNA,,,1,,33.33333333333333,Percent,
Reporting Completeness,KAD011,KADUNA,,,2,,25.0,Percent,
Reporting Completeness,KAD011,KADUNA,,,3,,50.0,Percent,
Reporting Completeness,KAD011,KADUNA,,,4,,100.0,Percent,
Reporting Completeness,KAD011,KADUNA,,,5,,50.0,Percent,
Reporting Completeness,KAD011,KADUNA,,,6,,33.33333333333333,Percent,
Reporting Completeness,KAD011,KADUNA,,,7,,33.33333333333333,Percent,
Reporting Completeness,KAD011,KADUNA,,,8,,100.0,Percent,
Reporting Completeness,KAD011,KADUNA,,,9,,33.33333333333333,Percent,
Reporting Completeness,KAD011,KADUNA,,,10,,33.33333333333333,Percent,
Reporting Completeness,KAD011,KADUNA,,,11,,33.33333333333333,Percent,
Reporting Completeness,KAD011,KADUNA,,,12,,33.33333333333333,Percent,
Reporting Completeness,KAD012,KADUNA,,,1,,33.33333333333333,Percent,
Reporting Completeness,KAD012,KADUNA,,,2,,33.33333333333333,Percent,
Reporting Completeness,KAD012,KADUNA,,,3,,50.0,Percent,
Reporting Completeness,KAD012,KADUNA,,,4,,33.33333333333333,Percent,
Reporting Completeness,KAD012,KADUNA,,,5,,33.33333333333333,Percent,
Reporting Completeness,KAD012,KADUNA,,,6,,33.33333333333333,Percent,
Reporting Completeness,KAD012,KADUNA,,,7,,33.33333333333333,Percent,
Reporting Completeness,KAD012,KADUNA,,,8,,25.0,Percent,
Reporting Completeness,KAD012,KADUNA,,,9,,50.0,Percent,
Reporting Completeness,KAD012,KADUNA,,,10,,33.33333333333333,Percent,
Reporting Completeness,KAD012,KADUNA,,,11,,33.33333333333333,Percent,
Reporting Completeness,KAD012,KADUNA,,,12,,33.33333333333333,Percent,
Reporting Completeness,KAD013,KADUNA,,,1,,33.33333333333333,Percent,
Reporting Completeness,KAD013,KADUNA,,,2,,50.0,Percent,
Reporting Completeness,KAD013,KADUNA,,,3,,33.33333333333333,Percent,
Reporting Completeness,KAD013,KADUNA,,,4,,50.0,Percent,
Reporting Completeness,KAD013,KADUNA,,,5,,33.33333333333333,Percent,
Reporting Completeness,KAD013,KADUNA,,,6,,33.33333333333333,Percent,
Reporting Completeness,KAD013,KADUNA,,,7,,50.0,Percent,
Reporting Completeness,KAD013,KADUNA,,,8,,33.33333333333333,Percent,
Reporting Completeness,KAD013,KADUNA,,,9,,33.33333333333333,Percent,
Reporting Completeness,KAD013,KADUNA,,,10,,33.33333333333333,Percent,
Reporting Completeness,KAD013,KADUNA,,,11,,33.33333333333333,Percent,
Reporting Completeness,KAD013,KADUNA,,,12,,50.0,Percent,
Reporting Completeness,KAD014,KADUNA,,,1,,33.33333333333333,Percent,
Reporting Completeness,KAD014,KADUNA,,,2,,33.33333333333333,Percent,
Reporting Completeness,KAD014,KADUNA,,,3,,33.33333333333333,Percent,
Reporting Completeness,KAD014,KADUNA,,,4,,50.0,Percent,
Reporting Completeness,KAD014,KADUNA,,,5,,33.33333333333333,Percent,
Reporting Completeness,KAD014,KADUNA,,,6,,33.33333333333333,Percent,
Reporting Completeness,KAD014,KADUNA,,,7,,33.33333333333333,Percent,
Reporting Completeness,KAD014,KADUNA,,,8,,33.33333333333333,Percent,
Reporting Completeness,KAD014,KADUNA,,,9,,33.33333333333333,Percent,
Reporting Completeness,KAD014,KADUNA,,,10,,25.0,Percent,
Reporting Completeness,KAD014,KADUNA,,,11,,33.33333333333333,Percent,
Reporting Completeness,KAD014,KADUNA,,,12,,33.33333333333333,Percent,
Reporting Completeness,KAD015,KADUNA,,,1,,50.0,Percent,
Reporting Completeness,KAD015,KADUNA,,,2,,33.33333333333333,Percent,
Reporting Completeness,KAD015,KADUNA,,,3,,33.33333333333333,Percent,
Reporting Completeness,KAD015,KADUNA,,,4,,33.33333333333333,Percent,
Reporting Completeness,KAD015,KADUNA,,,5,,50.0,Percent,
Reporting Completeness,KAD015,KADUNA,,,6,,33.33333333333333,Percent,
Reporting Completeness,KAD015,KADUNA,,,7,,33.33333333333333,Percent,
Reporting Completeness,KAD015,KADUNA,,,8,,33.33333333333333,Percent,
Reporting Completeness,KAD015,KADUNA,,,9,,50.0,Percent,
Reporting Completeness,KAD015,KADUNA,,,10,,33.33333333333333,Percent,
Reporting Completeness,KAD015,KADUNA,,,11,,33.33333333333333,Percent,
Reporting Completeness,KAD015,KADUNA,,,12,,33.33333333333333,Percent,
Reporting Completeness,LAG099,KADUNA,,,3,,,Percent,
Reporting Completeness,LAG099,KADUNA,,,4,,,Percent,
Reporting Completeness,LAG099,KADUNA,,,5,,,Percent,
Reporting Completeness,LAG099,KADUNA,,,10,,,Percent,
Reporting Completeness,NAS999,KADUNA,,,3,,,Percent,
Reporting Completeness,NAS999,KADUNA,,,6,,,Percent,
Reporting Completeness,NAS999,KADUNA,,,7,,,Percent,
Reporting Completeness,NAS999,KADUNA,,,12,,,Percent,
Reporting Completeness,TMP001,KADUNA,,,5,,,Percent,
Reporting Completeness,TMP001,KADUNA,,,8,,,Percent,
Reporting Completeness,TMP001,KADUNA,,,9,,,Percent,
Reporting Completeness,TMP001,KADUNA,,,11,,,Percent,
Reporting Completeness,XXX999,KADUNA,,,8,,,Percent,
Reporting Completeness,XXX999,KADUNA,,,9,,,Percent,
Reporting Completeness,XXX999,KADUNA,,,11,,,Percent,
Reporting Completeness,XXX999,KADUNA,,,12,,,Percent,
Reporting Completeness,LAG001,LAGOS,,,1,,50.0,Percent,
Reporting Completeness,LAG001,LAGOS,,,2,,33.33333333333333,Percent,
Reporting Completeness,LAG001,LAGOS,,,3,,33.33333333333333,Percent,
Reporting Completeness,LAG001,LAGOS,,,4,,50.0,Percent,
Reporting Completeness,LAG001,LAGOS,,,5,,33.33333333333333,Percent,
Reporting Completeness,LAG001,LAGOS,,,6,,33.33333333333333,Percent,
Reporting Completeness,LAG001,LAGOS,,,7,,50.0,Percent,
Reporting Completeness,LAG001,LAGOS,,,8,,33.33333333333333,Percent,
Reporting Completeness,LAG001,LAGOS,,,9,,33.33333333333333,Percent,
Reporting Completeness,LAG001,LAGOS,,,10,,33.33333333333333,Percent,
Reporting Completeness,LAG001,LAGOS,,,11,,33.33333333333333,Percent,
Reporting Completeness,LAG001,LAGOS,,,12,,50.0,Percent,
Reporting Completeness,LAG002,LAGOS,,,1,,33.33333333333333,Percent,
Reporting Completeness,LAG002,LAGOS,,,2,,33.33333333333333,Percent,
Reporting Completeness,LAG002,LAGOS,,,3,,33.33333333333333,Percent,
Reporting Completeness,LAG002,LAGOS,,,4,,50.0,Percent,
Reporting Completeness,LAG002,LAGOS,,,5,,33.33333333333333,Percent,
Reporting Completeness,LAG002,LAGOS,,,6,,33.33333333333333,Percent,
Reporting Completeness,LAG002,LAGOS,,,7,,33.33333333333333,Percent,
Reporting Completeness,LAG002,LAGOS,,,8,,33.33333333333333,Percent,
Reporting Completeness,LAG002,LAGOS,,,9,,33.33333333333333,Percent,
Reporting Completeness,LAG002,LAGOS,,,10,,33.33333333333333,Percent,
Reporting Completeness,LAG002,LAGOS,,,11,,33.33333333333333,Percent,
Reporting Completeness,LAG002,LAGOS,,,12,,33.33333333333333,Percent,
Reporting Completeness,LAG003,LAGOS,,,1,,33.33333333333333,Percent,
Reporting Completeness,LAG003,LAGOS,,,2,,33.33333333333333,Percent,
Reporting Completeness,LAG003,LAGOS,,,3,,50.0,Percent,
Reporting Completeness,LAG003,LAGOS,,,4,,33.33333333333333,Percent,
Reporting Completeness,LAG003,LAGOS,,,5,,33.33333333333333,Percent,
Reporting Completeness,LAG003,LAGOS,,,6,,33.33333333333333,Percent,
Reporting Completeness,LAG003,LAGOS,,,7,,33.33333333333333,Percent,
Reporting Completeness,LAG003,LAGOS,,,8,,33.33333333333333,Percent,
Reporting Completeness,LAG003,LAGOS,,,9,,33.33333333333333,Percent,
Reporting Completeness,LAG003,LAGOS,,,10,,25.0,Percent,
Reporting Completeness,LAG003,LAGOS,,,11,,33.33333333333333,Percent,
Reporting Completeness,LAG003,LAGOS,,,12,,33.33333333333333,Percent,
Reporting Completeness,LAG004,LAGOS,,,1,,50.0,Percent,
Reporting Completeness,LAG004,LAGOS,,,2,,33.33333333333333,Percent,
Reporting Completeness,LAG004,LAGOS,,,3,,33.33333333333333,Percent,
Reporting Completeness,LAG004,LAGOS,,,4,,33.33333333333333,Percent,
Reporting Completeness,LAG004,LAGOS,,,5,,33.33333333333333,Percent,
Reporting Completeness,LAG004,LAGOS,,,6,,50.0,Percent,
Reporting Completeness,LAG004,LAGOS,,,7,,25.0,Percent,
Reporting Completeness,LAG004,LAGOS,,,8,,100.0,Percent,
Reporting Completeness,LAG004,LAGOS,,,9,,33.33333333333333,Percent,
Reporting Completeness,LAG004,LAGOS,,,10,,33.33333333333333,Percent,
Reporting Completeness,LAG004,LAGOS,,,11,,33.33333333333333,Percent,
Reporting Completeness,LAG004,LAGOS,,,12,,33.33333333333333,Percent,
Reporting Completeness,LAG005,LAGOS,,,1,,33.33333333333333,Percent,
Reporting Completeness,LAG005,LAGOS,,,2,,33.33333333333333,Percent,
Reporting Completeness,LAG005,LAGOS,,,3,,33.33333333333333,Percent,
Reporting Completeness,LAG005,LAGOS,,,4,,33.33333333333333,Percent,
Reporting Completeness,LAG005,LAGOS,,,5,,33.33333333333333,Percent,
Reporting Completeness,LAG005,LAGOS,,,6,,33.33333333333333,Percent,
Reporting Completeness,LAG005,LAGOS,,,7,,33.33333333333333,Percent,
Reporting Completeness,LAG005,LAGOS,,,8,,33.33333333333333,Percent,
Reporting Completeness,LAG005,LAGOS,,,9,,33.33333333333333,Percent,
Reporting Completeness,LAG005,LAGOS,,,10,,33.33333333333333,Percent,
Reporting Completeness,LAG005,LAGOS,,,11,,33.33333333333333,Percent,
Reporting Completeness,LAG005,LAGOS,,,12,,33.33333333333333,Percent,
Reporting Completeness,LAG006,LAGOS,,,1,,33.33333333333333,Percent,
Reporting Completeness,LAG006,LAGOS,,,2,,33.33333333333333,Percent,
Reporting Completeness,LAG006,LAGOS,,,3,,33.33333333333333,Percent,
Reporting Completeness,LAG006,LAGOS,,,4,,33.33333333333333,Percent,
Reporting Completeness,LAG006,LAGOS,,,5,,50.0,Percent,
Reporting Completeness,LAG006,LAGOS,,,6,,33.33333333333333,Percent,
Reporting Completeness,LAG006,LAGOS,,,7,,50.0,Percent,
Reporting Completeness,LAG006,LAGOS,,,8,,33.33333333333333,Percent,
Reporting Completeness,LAG006,LAGOS,,,9,,33.33333333333333,Percent,
Reporting Completeness,LAG006,LAGOS,,,10,,33.33333333333333,Percent,
Reporting Completeness,LAG006,LAGOS,,,11,,33.33333333333333,Percent,
Reporting Completeness,LAG006,LAGOS,,,12,,33.33333333333333,Percent,
Reporting Completeness,LAG007,LAGOS,,,1,,33.33333333333333,Percent,
Reporting Completeness,LAG007,LAGOS,,,2,,33.33333333333333,Percent,
Reporting Completeness,LAG007,LAGOS,,,3,,33.33333333333333,Percent,
Reporting Completeness,LAG007,LAGOS,,,4,,33.33333333333333,Percent,
Reporting Completeness,LAG007,LAGOS,,,5,,33.33333333333333,Percent,
Reporting Completeness,LAG007,LAGOS,,,6,,33.33333333333333,Percent,
Reporting Completeness,LAG007,LAGOS,,,7,,33.33333333333333,Percent,
Reporting Completeness,LAG007,LAGOS,,,8,,33.33333333333333,Percent,
Reporting Completeness,LAG007,LAGOS,,,9,,33.33333333333333,Percent,
Reporting Completeness,LAG007,LAGOS,,,10,,33.33333333333333,Percent,
Reporting Completeness,LAG007,LAGOS,,,11,,50.0,Percent,
Reporting Completeness,LAG007,LAGOS,,,12,,33.33333333333333,Percent,
Reporting Completeness,LAG008,LAGOS,,,1,,33.33333333333333,Percent,
Reporting Completeness,LAG008,LAGOS,,,2,,33.33333333333333,Percent,
Reporting Completeness,LAG008,LAGOS,,,3,,33.33333333333333,Percent,
Reporting Completeness,LAG008,LAGOS,,,4,,33.33333333333333,Percent,
Reporting Completeness,LAG008,LAGOS,,,5,,50.0,Percent,
Reporting Completeness,LAG008,LAGOS,,,6,,33.33333333333333,Percent,
Reporting Completeness,LAG008,LAGOS,,,7,,33.33333333333333,Percent,
Reporting Completeness,LAG008,LAGOS,,,8,,100.0,Percent,
Reporting Completeness,LAG008,LAGOS,,,9,,33.33333333333333,Percent,
Reporting Completeness,LAG008,LAGOS,,,10,,33.33333333333333,Percent,
Reporting Completeness,LAG008,LAGOS,,,11,,33.33333333333333,Percent,
Reporting Completeness,LAG008,LAGOS,,,12,,33.33333333333333,Percent,
Reporting Completeness,LAG009,LAGOS,,,1,,33.33333333333333,Percent,
Reporting Completeness,LAG009,LAGOS,,,2,,50.0,Percent,
Reporting Completeness,LAG009,LAGOS,,,3,,33.33333333333333,Percent,
Reporting Completeness,LAG009,LAGOS,,,4,,33.33333333333333,Percent,
Reporting Completeness,LAG009,LAGOS,,,5,,33.33333333333333,Percent,
Reporting Completeness,LAG009,LAGOS,,,6,,33.33333333333333,Percent,
Reporting Completeness,LAG009,LAGOS,,,7,,33.33333333333333,Percent,
Reporting Completeness,LAG009,LAGOS,,,8,,50.0,Percent,
Reporting Completeness,LAG009,LAGOS,,,9,,33.33333333333333,Percent,
Reporting Completeness,LAG009,LAGOS,,,10,,33.33333333333333,Percent,
Reporting Completeness,LAG009,LAGOS,,,11,,33.33333333333333,Percent,
Reporting Completeness,LAG009,LAGOS,,,12,,33.33333333333333,Percent,
Reporting Completeness,LAG010,LAGOS,,,1,,33.33333333333333,Percent,
Reporting Completeness,LAG010,LAGOS,,,2,,33.33333333333333,Percent,
Reporting Completeness,LAG010,LAGOS,,,3,,50.0,Percent,
Reporting Completeness,LAG010,LAGOS,,,4,,33.33333333333333,Percent,
Reporting Completeness,LAG010,LAGOS,,,5,,33.33333333333333,Percent,
Reporting Completeness,LAG010,LAGOS,,,6,,33.33333333333333,Percent,
Reporting Completeness,LAG010,LAGOS,,,7,,50.0,Percent,
Reporting Completeness,LAG010,LAGOS,,,8,,33.33333333333333,Percent,
Reporting Completeness,LAG010,LAGOS,,,9,,33.33333333333333,Percent,
Reporting Completeness,LAG010,LAGOS,,,10,,33.33333333333333,Percent,
Reporting Completeness,LAG010,LAGOS,,,11,,50.0,Percent,
Reporting Completeness,LAG010,LAGOS,,,12,,33.33333333333333,Percent,
Reporting Completeness,LAG011,LAGOS,,,1,,33.33333333333333,Percent,
Reporting Completeness,LAG011,LAGOS,,,2,,33.33333333333333,Percent,
Reporting Completeness,LAG011,LAGOS,,,3,,33.33333333333333,Percent,
Reporting Completeness,LAG011,LAGOS,,,4,,33.33333333333333,Percent,
Reporting Completeness,LAG011,LAGOS,,,5,,33.33333333333333,Percent,
Reporting Completeness,LAG011,LAGOS,,,6,,33.33333333333333,Percent,
Reporting Completeness,LAG011,LAGOS,,,7,,50.0,Percent,
Reporting Completeness,LAG011,LAGOS,,,8,,33.33333333333333,Percent,
Reporting Completeness,LAG011,LAGOS,,,9,,50.0,Percent,
Reporting Completeness,LAG011,LAGOS,,,10,,33.33333333333333,Percent,
Reporting Completeness,LAG011,LAGOS,,,11,,33.33333333333333,Percent,
Reporting Completeness,LAG011,LAGOS,,,12,,33.33333333333333,Percent,
Reporting Completeness,LAG012,LAGOS,,,1,,50.0,Percent,
Reporting Completeness,LAG012,LAGOS,,,2,,33.33333333333333,Percent,
Reporting Completeness,LAG012,LAGOS,,,3,,33.33333333333333,Percent,
Reporting Completeness,LAG012,LAGOS,,,4,,33.33333333333333,Percent,
Reporting Completeness,LAG012,LAGOS,,,5,,50.0,Percent,
Reporting Completeness,LAG012,LAGOS,,,6,,100.0,Percent,
Reporting Completeness,LAG012,LAGOS,,,7,,50.0,Percent,
Reporting Completeness,LAG012,LAGOS,,,8,,33.33333333333333,Percent,
Reporting Completeness,LAG012,LAGOS,,,9,,33.33333333333333,Percent,
Reporting Completeness,LAG012,LAGOS,,,10,,33.33333333333333,Percent,
Reporting Completeness,LAG012,LAGOS,,,11,,50.0,Percent,
Reporting Completeness,LAG012,LAGOS,,,12,,33.33333333333333,Percent,
Reporting Completeness,LAG013,LAGOS,,,1,,33.33333333333333,Percent,
Reporting Completeness,LAG013,LAGOS,,,2,,33.33333333333333,Percent,
Reporting Completeness,LAG013,LAGOS,,,3,,33.33333333333333,Percent,
Reporting Completeness,LAG013,LAGOS,,,4,,33.33333333333333,Percent,
Reporting Completeness,LAG013,LAGOS,,,5,,50.0,Percent,
Reporting Completeness,LAG013,LAGOS,,,6,,33.33333333333333,Percent,
Reporting Completeness,LAG013,LAGOS,,,7,,33.33333333333333,Percent,
Reporting Completeness,LAG013,LAGOS,,,8,,33.33333333333333,Percent,
Reporting Completeness,LAG013,LAGOS,,,9,,33.33333333333333,Percent,
Reporting Completeness,LAG013,LAGOS,,,10,,33.33333333333333,Percent,
Reporting Completeness,LAG013,LAGOS,,,11,,33.33333333333333,Percent,
Reporting Completeness,LAG013,LAGOS,,,12,,50.0,Percent,
Reporting Completeness,LAG014,LAGOS,,,1,,33.33333333333333,Percent,
Reporting Completeness,LAG014,LAGOS,,,2,,33.33333333333333,Percent,
Reporting Completeness,LAG014,LAGOS,,,3,,33.33333333333333,Percent,
Reporting Completeness,LAG014,LAGOS,,,4,,33.33333333333333,Percent,
Reporting Completeness,LAG014,LAGOS,,,5,,50.0,Percent,
Reporting Completeness,LAG014,LAGOS,,,6,,33.33333333333333,Percent,
Reporting Completeness,LAG014,LAGOS,,,7,,33.33333333333333,Percent,
Reporting Completeness,LAG014,LAGOS,,,8,,33.33333333333333,Percent,
Reporting Completeness,LAG014,LAGOS,,,9,,25.0,Percent,
Reporting Completeness,LAG014,LAGOS,,,10,,33.33333333333333,Percent,
Reporting Completeness,LAG014,LAGOS,,,11,,33.33333333333333,Percent,
Reporting Completeness,LAG014,LAGOS,,,12,,33.33333333333333,Percent,
Reporting Completeness,LAG015,LAGOS,,,1,,33.33333333333333,Percent,
Reporting Completeness,LAG015,LAGOS,,,2,,33.33333333333333,Percent,
Reporting Completeness,LAG015,LAGOS,,,3,,33.33333333333333,Percent,
Reporting Completeness,LAG015,LAGOS,,,4,,33.33333333333333,Percent,
Reporting Completeness,LAG015,LAGOS,,,5,,33.33333333333333,Percent,
Reporting Completeness,LAG015,LAGOS,,,6,,50.0,Percent,
Reporting Completeness,LAG015,LAGOS,,,7,,33.33333333333333,Percent,
Reporting Completeness,LAG015,LAGOS,,,8,,50.0,Percent,
Reporting Completeness,LAG015,LAGOS,,,9,,33.33333333333333,Percent,
Reporting Completeness,LAG015,LAGOS,,,10,,33.33333333333333,Percent,
Reporting Completeness,LAG015,LAGOS,,,11,,33.33333333333333,Percent,
Reporting Completeness,LAG015,LAGOS,,,12,,33.33333333333333,Percent,
Reporting Completeness,LAG099,LAGOS,,,5,,,Percent,
Reporting Completeness,LAG099,LAGOS,,,7,,,Percent,
Reporting Completeness,LAG099,LAGOS,,,8,,,Percent,
Reporting Completeness,LAG099,LAGOS,,,11,,,Percent,
Reporting Completeness,NAS999,LAGOS,,,4,,,Percent,
Reporting Completeness,NAS999,LAGOS,,,6,,,Percent,
Reporting Completeness,NAS999,LAGOS,,,7,,,Percent,
Reporting Completeness,NAS999,LAGOS,,,8,,,Percent,
Reporting Completeness,TMP001,LAGOS,,,1,,,Percent,
Reporting Completeness,TMP001,LAGOS,,,6,,,Percent,
Reporting Completeness,TMP001,LAGOS,,,11,,,Percent,
Reporting Completeness,XXX999,LAGOS,,,5,,,Percent,
Reporting Completeness,XXX999,LAGOS,,,6,,,Percent,
Reporting Completeness,XXX999,LAGOS,,,7,,,Percent,
Reporting Completeness,XXX999,LAGOS,,,11,,,Percent,
Reporting Completeness,XXX999,LAGOS,,,12,,,Percent,
Reporting Completeness,LAG099,NASARAWA,,,2,,,Percent,
Reporting Completeness,LAG099,NASARAWA,,,6,,,Percent,
Reporting Completeness,LAG099,NASARAWA,,,7,,,Percent,
Reporting Completeness,LAG099,NASARAWA,,,8,,,Percent,
Reporting Completeness,LAG099,NASARAWA,,,10,,,Percent,
Reporting Completeness,NAS001,NASARAWA,,,1,,33.33333333333333,Percent,
Reporting Completeness,NAS001,NASARAWA,,,2,,50.0,Percent,
Reporting Completeness,NAS001,NASARAWA,,,3,,33.33333333333333,Percent,
Reporting Completeness,NAS001,NASARAWA,,,4,,50.0,Percent,
Reporting Completeness,NAS001,NASARAWA,,,5,,33.33333333333333,Percent,
Reporting Completeness,NAS001,NASARAWA,,,6,,33.33333333333333,Percent,
Reporting Completeness,NAS001,NASARAWA,,,7,,33.33333333333333,Percent,
Reporting Completeness,NAS001,NASARAWA,,,8,,50.0,Percent,
Reporting Completeness,NAS001,NASARAWA,,,9,,33.33333333333333,Percent,
Reporting Completeness,NAS001,NASARAWA,,,10,,33.33333333333333,Percent,
Reporting Completeness,NAS001,NASARAWA,,,11,,50.0,Percent,
Reporting Completeness,NAS001,NASARAWA,,,12,,33.33333333333333,Percent,
Reporting Completeness,NAS002,NASARAWA,,,1,,33.33333333333333,Percent,
Reporting Completeness,NAS002,NASARAWA,,,2,,50.0,Percent,
Reporting Completeness,NAS002,NASARAWA,,,3,,33.33333333333333,Percent,
Reporting Completeness,NAS002,NASARAWA,,,4,,33.33333333333333,Percent,
Reporting Completeness,NAS002,NASARAWA,,,5,,33.33333333333333,Percent,
Reporting Completeness,NAS002,NASARAWA,,,6,,33.33333333333333,Percent,
Reporting Completeness,NAS002,NASARAWA,,,7,,33.33333333333333,Percent,
Reporting Completeness,NAS002,NASARAWA,,,8,,33.33333333333333,Percent,
Reporting Completeness,NAS002,NASARAWA,,,9,,33.33333333333333,Percent,
Reporting Completeness,NAS002,NASARAWA,,,10,,33.33333333333333,Percent,
Reporting Completeness,NAS002,NASARAWA,,,11,,33.33333333333333,Percent,
Reporting Completeness,NAS002,NASARAWA,,,12,,33.33333333333333,Percent,
Reporting Completeness,NAS003,NASARAWA,,,1,,33.33333333333333,Percent,
Reporting Completeness,NAS003,NASARAWA,,,2,,33.33333333333333,Percent,
Reporting Completeness,NAS003,NASARAWA,,,3,,50.0,Percent,
Reporting Completeness,NAS003,NASARAWA,,,4,,50.0,Percent,
Reporting Completeness,NAS003,NASARAWA,,,5,,33.33333333333333,Percent,
Reporting Completeness,NAS003,NASARAWA,,,6,,33.33333333333333,Percent,
Reporting Completeness,NAS003,NASARAWA,,,7,,50.0,Percent,
Reporting Completeness,NAS003,NASARAWA,,,8,,50.0,Percent,
Reporting Completeness,NAS003,NASARAWA,,,9,,33.33333333333333,Percent,
Reporting Completeness,NAS003,NASARAWA,,,10,,100.0,Percent,
Reporting Completeness,NAS003,NASARAWA,,,11,,33.33333333333333,Percent,
Reporting Completeness,NAS003,NASARAWA,,,12,,33.33333333333333,Percent,
Reporting Completeness,NAS004,NASARAWA,,,1,,33.33333333333333,Percent,
Reporting Completeness,NAS004,NASARAWA,,,2,,50.0,Percent,
Reporting Completeness,NAS004,NASARAWA,,,3,,33.33333333333333,Percent,
Reporting Completeness,NAS004,NASARAWA,,,4,,33.33333333333333,Percent,
Reporting Completeness,NAS004,NASARAWA,,,5,,33.33333333333333,Percent,
Reporting Completeness,NAS004,NASARAWA,,,6,,33.33333333333333,Percent,
Reporting Completeness,NAS004,NASARAWA,,,7,,33.33333333333333,Percent,
Reporting Completeness,NAS004,NASARAWA,,,8,,33.33333333333333,Percent,
Reporting Completeness,NAS004,NASARAWA,,,9,,33.33333333333333,Percent,
Reporting Completeness,NAS004,NASARAWA,,,10,,33.33333333333333,Percent,
Reporting Completeness,NAS004,NASARAWA,,,11,,33.33333333333333,Percent,
Reporting Completeness,NAS004,NASARAWA,,,12,,50.0,Percent,
Reporting Completeness,NAS005,NASARAWA,,,1,,33.33333333333333,Percent,
Reporting Completeness,NAS005,NASARAWA,,,2,,33.33333333333333,Percent,
Reporting Completeness,NAS005,NASARAWA,,,3,,50.0,Percent,
Reporting Completeness,NAS005,NASARAWA,,,4,,50.0,Percent,
Reporting Completeness,NAS005,NASARAWA,,,5,,33.33333333333333,Percent,
Reporting Completeness,NAS005,NASARAWA,,,6,,50.0,Percent,
Reporting Completeness,NAS005,NASARAWA,,,7,,50.0,Percent,
Reporting Completeness,NAS005,NASARAWA,,,8,,33.33333333333333,Percent,
Reporting Completeness,NAS005,NASARAWA,,,9,,33.33333333333333,Percent,
Reporting Completeness,NAS005,NASARAWA,,,10,,50.0,Percent,
Reporting Completeness,NAS005,NASARAWA,,,11,,33.33333333333333,Percent,
Reporting Completeness,NAS005,NASARAWA,,,12,,33.33333333333333,Percent,
Reporting Completeness,NAS006,NASARAWA,,,1,,33.33333333333333,Percent,
Reporting Completeness,NAS006,NASARAWA,,,2,,33.33333333333333,Percent,
Reporting Completeness,NAS006,NASARAWA,,,3,,33.33333333333333,Percent,
Reporting Completeness,NAS006,NASARAWA,,,4,,33.33333333333333,Percent,
Reporting Completeness,NAS006,NASARAWA,,,5,,33.33333333333333,Percent,
Reporting Completeness,NAS006,NASARAWA,,,6,,33.33333333333333,Percent,
Reporting Completeness,NAS006,NASARAWA,,,7,,50.0,Percent,
Reporting Completeness,NAS006,NASARAWA,,,8,,33.33333333333333,Percent,
Reporting Completeness,NAS006,NASARAWA,,,9,,33.33333333333333,Percent,
Reporting Completeness,NAS006,NASARAWA,,,10,,33.33333333333333,Percent,
Reporting Completeness,NAS006,NASARAWA,,,11,,50.0,Percent,
Reporting Completeness,NAS006,NASARAWA,,,12,,33.33333333333333,Percent,
Reporting Completeness,NAS007,NASARAWA,,,1,,33.33333333333333,Percent,
Reporting Completeness,NAS007,NASARAWA,,,2,,33.33333333333333,Percent,
Reporting Completeness,NAS007,NASARAWA,,,3,,33.33333333333333,Percent,
Reporting Completeness,NAS007,NASARAWA,,,4,,33.33333333333333,Percent,
Reporting Completeness,NAS007,NASARAWA,,,5,,33.33333333333333,Percent,
Reporting Completeness,NAS007,NASARAWA,,,6,,33.33333333333333,Percent,
Reporting Completeness,NAS007,NASARAWA,,,7,,33.33333333333333,Percent,
Reporting Completeness,NAS007,NASARAWA,,,8,,33.33333333333333,Percent,
Reporting Completeness,NAS007,NASARAWA,,,9,,33.33333333333333,Percent,
Reporting Completeness,NAS007,NASARAWA,,,10,,50.0,Percent,
Reporting Completeness,NAS007,NASARAWA,,,11,,33.33333333333333,Percent,
Reporting Completeness,NAS007,NASARAWA,,,12,,50.0,Percent,
Reporting Completeness,NAS008,NASARAWA,,,1,,33.33333333333333,Percent,
Reporting Completeness,NAS008,NASARAWA,,,2,,33.33333333333333,Percent,
Reporting Completeness,NAS008,NASARAWA,,,3,,33.33333333333333,Percent,
Reporting Completeness,NAS008,NASARAWA,,,4,,33.33333333333333,Percent,
Reporting Completeness,NAS008,NASARAWA,,,5,,33.33333333333333,Percent,
Reporting Completeness,NAS008,NASARAWA,,,6,,50.0,Percent,
Reporting Completeness,NAS008,NASARAWA,,,7,,33.33333333333333,Percent,
Reporting Completeness,NAS008,NASARAWA,,,8,,33.33333333333333,Percent,
Reporting Completeness,NAS008,NASARAWA,,,9,,50.0,Percent,
Reporting Completeness,NAS008,NASARAWA,,,10,,33.33333333333333,Percent,
Reporting Completeness,NAS008,NASARAWA,,,11,,33.33333333333333,Percent,
Reporting Completeness,NAS008,NASARAWA,,,12,,33.33333333333333,Percent,
Reporting Completeness,NAS009,NASARAWA,,,1,,50.0,Percent,
Reporting Completeness,NAS009,NASARAWA,,,2,,33.33333333333333,Percent,
Reporting Completeness,NAS009,NASARAWA,,,3,,33.33333333333333,Percent,
Reporting Completeness,NAS009,NASARAWA,,,4,,100.0,Percent,
Reporting Completeness,NAS009,NASARAWA,,,5,,33.33333333333333,Percent,
Reporting Completeness,NAS009,NASARAWA,,,6,,33.33333333333333,Percent,
Reporting Completeness,NAS009,NASARAWA,,,7,,33.33333333333333,Percent,
Reporting Completeness,NAS009,NASARAWA,,,8,,33.33333333333333,Percent,
Reporting Completeness,NAS009,NASARAWA,,,9,,33.33333333333333,Percent,
Reporting Completeness,NAS009,NASARAWA,,,10,,33.33333333333333,Percent,
Reporting Completeness,NAS009,NASARAWA,,,11,,33.33333333333333,Percent,
Reporting Completeness,NAS009,NASARAWA,,,12,,25.0,Percent,
Reporting Completeness,NAS010,NASARAWA,,,1,,33.33333333333333,Percent,
Reporting Completeness,NAS010,NASARAWA,,,2,,50.0,Percent,
Reporting Completeness,NAS010,NASARAWA,,,3,,33.33333333333333,Percent,
Reporting Completeness,NAS010,NASARAWA,,,4,,50.0,Percent,
Reporting Completeness,NAS010,NASARAWA,,,5,,33.33333333333333,Percent,
Reporting Completeness,NAS010,NASARAWA,,,6,,33.33333333333333,Percent,
Reporting Completeness,NAS010,NASARAWA,,,7,,33.33333333333333,Percent,
Reporting Completeness,NAS010,NASARAWA,,,8,,33.33333333333333,Percent,
Reporting Completeness,NAS010,NASARAWA,,,9,,33.33333333333333,Percent,
Reporting Completeness,NAS010,NASARAWA,,,10,,33.33333333333333,Percent,
Reporting Completeness,NAS010,NASARAWA,,,11,,50.0,Percent,
Reporting Completeness,NAS010,NASARAWA,,,12,,33.33333333333333,Percent,
Reporting Completeness,NAS011,NASARAWA,,,1,,33.33333333333333,Percent,
Reporting Completeness,NAS011,NASARAWA,,,2,,50.0,Percent,
Reporting Completeness,NAS011,NASARAWA,,,3,,33.33333333333333,Percent,
Reporting Completeness,NAS011,NASARAWA,,,4,,33.33333333333333,Percent,
Reporting Completeness,NAS011,NASARAWA,,,5,,33.33333333333333,Percent,
Reporting Completeness,NAS011,NASARAWA,,,6,,33.33333333333333,Percent,
Reporting Completeness,NAS011,NASARAWA,,,7,,33.33333333333333,Percent,
Reporting Completeness,NAS011,NASARAWA,,,8,,33.33333333333333,Percent,
Reporting Completeness,NAS011,NASARAWA,,,9,,33.33333333333333,Percent,
Reporting Completeness,NAS011,NASARAWA,,,10,,33.33333333333333,Percent,
Reporting Completeness,NAS011,NASARAWA,,,11,,33.33333333333333,Percent,
Reporting Completeness,NAS011,NASARAWA,,,12,,33.33333333333333,Percent,
Reporting Completeness,NAS012,NASARAWA,,,1,,33.33333333333333,Percent,
Reporting Completeness,NAS012,NASARAWA,,,2,,50.0,Percent,
Reporting Completeness,NAS012,NASARAWA,,,3,,33.33333333333333,Percent,
Reporting Completeness,NAS012,NASARAWA,,,4,,33.33333333333333,Percent,
Reporting Completeness,NAS012,NASARAWA,,,5,,33.33333333333333,Percent,
Reporting Completeness,NAS012,NASARAWA,,,6,,33.33333333333333,Percent,
Reporting Completeness,NAS012,NASARAWA,,,7,,50.0,Percent,
Reporting Completeness,NAS012,NASARAWA,,,8,,33.33333333333333,Percent,
Reporting Completeness,NAS012,NASARAWA,,,9,,33.33333333333333,Percent,
Reporting Completeness,NAS012,NASARAWA,,,10,,33.33333333333333,Percent,
Reporting Completeness,NAS012,NASARAWA,,,11,,33.33333333333333,Percent,
Reporting Completeness,NAS012,NASARAWA,,,12,,33.33333333333333,Percent,
Reporting Completeness,NAS013,NASARAWA,,,1,,50.0,Percent,
Reporting Completeness,NAS013,NASARAWA,,,2,,50.0,Percent,
Reporting Completeness,NAS013,NASARAWA,,,3,,50.0,Percent,
Reporting Completeness,NAS013,NASARAWA,,,4,,33.33333333333333,Percent,
Reporting Completeness,NAS013,NASARAWA,,,5,,33.33333333333333,Percent,
Reporting Completeness,NAS013,NASARAWA,,,6,,33.33333333333333,Percent,
Reporting Completeness,NAS013,NASARAWA,,,7,,33.33333333333333,Percent,
Reporting Completeness,NAS013,NASARAWA,,,8,,33.33333333333333,Percent,
Reporting Completeness,NAS013,NASARAWA,,,9,,33.33333333333333,Percent,
Reporting Completeness,NAS013,NASARAWA,,,10,,33.33333333333333,Percent,
Reporting Completeness,NAS013,NASARAWA,,,11,,33.33333333333333,Percent,
Reporting Completeness,NAS013,NASARAWA,,,12,,33.33333333333333,Percent,
Reporting Completeness,NAS014,NASARAWA,,,1,,33.33333333333333,Percent,
Reporting Completeness,NAS014,NASARAWA,,,2,,100.0,Percent,
Reporting Completeness,NAS014,NASARAWA,,,3,,33.33333333333333,Percent,
Reporting Completeness,NAS014,NASARAWA,,,4,,33.33333333333333,Percent,
Reporting Completeness,NAS014,NASARAWA,,,5,,33.33333333333333,Percent,
Reporting Completeness,NAS014,NASARAWA,,,6,,50.0,Percent,
Reporting Completeness,NAS014,NASARAWA,,,7,,33.33333333333333,Percent,
Reporting Completeness,NAS014,NASARAWA,,,8,,33.33333333333333,Percent,
Reporting Completeness,NAS014,NASARAWA,,,9,,33.33333333333333,Percent,
Reporting Completeness,NAS014,NASARAWA,,,10,,33.33333333333333,Percent,
Reporting Completeness,NAS014,NASARAWA,,,11,,50.0,Percent,
Reporting Completeness,NAS014,NASARAWA,,,12,,33.33333333333333,Percent,
Reporting Completeness,NAS015,NASARAWA,,,1,,33.33333333333333,Percent,
Reporting Completeness,NAS015,NASARAWA,,,2,,50.0,Percent,
Reporting Completeness,NAS015,NASARAWA,,,3,,33.33333333333333,Percent,
Reporting Completeness,NAS015,NASARAWA,,,4,,33.33333333333333,Percent,
Reporting Completeness,NAS015,NASARAWA,,,5,,33.33333333333333,Percent,
Reporting Completeness,NAS015,NASARAWA,,,6,,33.33333333333333,Percent,
Reporting Completeness,NAS015,NASARAWA,,,7,,33.33333333333333,Percent,
Reporting Completeness,NAS015,NASARAWA,,,8,,50.0,Percent,
Reporting Completeness,NAS015,NASARAWA,,,9,,50.0,Percent,
Reporting Completeness,NAS015,NASARAWA,,,10,,33.33333333333333,Percent,
Reporting Completeness,NAS015,NASARAWA,,,11,,33.33333333333333,Percent,
Reporting Completeness,NAS015,NASARAWA,,,12,,33.33333333333333,Percent,
Reporting Completeness,NAS999,NASARAWA,,,7,,,Percent,
Reporting Completeness,NAS999,NASARAWA,,,10,,,Percent,
Reporting Completeness,TMP001,NASARAWA,,,1,,,Percent,
Reporting Completeness,TMP001,NASARAWA,,,2,,,Percent,
Reporting Completeness,TMP001,NASARAWA,,,7,,,Percent,
Reporting Completeness,TMP001,NASARAWA,,,8,,,Percent,
Reporting Completeness,XXX999,NASARAWA,,,2,,,Percent,
Reporting Completeness,XXX999,NASARAWA,,,4,,,Percent,
Reporting Completeness,XXX999,NASARAWA,,,6,,,Percent,
Reporting Completeness,XXX999,NASARAWA,,,11,,,Percent,
Reporting Completeness,LAG099,RIVERS,,,3,,,Percent,
Reporting Completeness,LAG099,RIVERS,,,6,,,Percent,
Reporting Completeness,LAG099,RIVERS,,,9,,,Percent,
Reporting Completeness,NAS999,RIVERS,,,3,,,Percent,
Reporting Completeness,NAS999,RIVERS,,,5,,,Percent,
Reporting Completeness,NAS999,RIVERS,,,9,,,Percent,
Reporting Completeness,NAS999,RIVERS,,,10,,,Percent,
Reporting Completeness,NAS999,RIVERS,,,11,,,Percent,
Reporting Completeness,NAS999,RIVERS,,,12,,,Percent,
Reporting Completeness,RIV001,RIVERS,,,1,,50.0,Percent,
Reporting Completeness,RIV001,RIVERS,,,2,,33.33333333333333,Percent,
Reporting Completeness,RIV001,RIVERS,,,3,,33.33333333333333,Percent,
Reporting Completeness,RIV001,RIVERS,,,4,,33.33333333333333,Percent,
Reporting Completeness,RIV001,RIVERS,,,5,,33.33333333333333,Percent,
Reporting Completeness,RIV001,RIVERS,,,6,,50.0,Percent,
Reporting Completeness,RIV001,RIVERS,,,7,,50.0,Percent,
Reporting Completeness,RIV001,RIVERS,,,8,,33.33333333333333,Percent,
Reporting Completeness,RIV001,RIVERS,,,9,,33.33333333333333,Percent,
Reporting Completeness,RIV001,RIVERS,,,10,,25.0,Percent,
Reporting Completeness,RIV001,RIVERS,,,11,,50.0,Percent,
Reporting Completeness,RIV001,RIVERS,,,12,,33.33333333333333,Percent,
Reporting Completeness,RIV002,RIVERS,,,1,,33.33333333333333,Percent,
Reporting Completeness,RIV002,RIVERS,,,2,,33.33333333333333,Percent,
Reporting Completeness,RIV002,RIVERS,,,3,,33.33333333333333,Percent,
Reporting Completeness,RIV002,RIVERS,,,4,,33.33333333333333,Percent,
Reporting Completeness,RIV002,RIVERS,,,5,,33.33333333333333,Percent,
Reporting Completeness,RIV002,RIVERS,,,6,,33.33333333333333,Percent,
Reporting Completeness,RIV002,RIVERS,,,7,,33.33333333333333,Percent,
Reporting Completeness,RIV002,RIVERS,,,8,,100.0,Percent,
Reporting Completeness,RIV002,RIVERS,,,9,,33.33333333333333,Percent,
Reporting Completeness,RIV002,RIVERS,,,10,,33.33333333333333,Percent,
Reporting Completeness,RIV002,RIVERS,,,11,,33.33333333333333,Percent,
Reporting Completeness,RIV002,RIVERS,,,12,,33.33333333333333,Percent,
Reporting Completeness,RIV003,RIVERS,,,1,,33.33333333333333,Percent,
Reporting Completeness,RIV003,RIVERS,,,2,,50.0,Percent,
Reporting Completeness,RIV003,RIVERS,,,3,,33.33333333333333,Percent,
Reporting Completeness,RIV003,RIVERS,,,4,,33.33333333333333,Percent,
Reporting Completeness,RIV003,RIVERS,,,5,,33.33333333333333,Percent,
Reporting Completeness,RIV003,RIVERS,,,6,,33.33333333333333,Percent,
Reporting Completeness,RIV003,RIVERS,,,7,,50.0,Percent,
Reporting Completeness,RIV003,RIVERS,,,8,,33.33333333333333,Percent,
Reporting Completeness,RIV003,RIVERS,,,9,,33.33333333333333,Percent,
Reporting Completeness,RIV003,RIVERS,,,10,,33.33333333333333,Percent,
Reporting Completeness,RIV003,RIVERS,,,11,,33.33333333333333,Percent,
Reporting Completeness,RIV003,RIVERS,,,12,,50.0,Percent,
Reporting Completeness,RIV004,RIVERS,,,1,,33.33333333333333,Percent,
Reporting Completeness,RIV004,RIVERS,,,2,,33.33333333333333,Percent,
Reporting Completeness,RIV004,RIVERS,,,3,,33.33333333333333,Percent,
Reporting Completeness,RIV004,RIVERS,,,4,,33.33333333333333,Percent,
Reporting Completeness,RIV004,RIVERS,,,5,,33.33333333333333,Percent,
Reporting Completeness,RIV004,RIVERS,,,6,,50.0,Percent,
Reporting Completeness,RIV004,RIVERS,,,7,,33.33333333333333,Percent,
Reporting Completeness,RIV004,RIVERS,,,8,,33.33333333333333,Percent,
Reporting Completeness,RIV004,RIVERS,,,9,,33.33333333333333,Percent,
Reporting Completeness,RIV004,RIVERS,,,10,,50.0,Percent,
Reporting Completeness,RIV004,RIVERS,,,11,,50.0,Percent,
Reporting Completeness,RIV004,RIVERS,,,12,,50.0,Percent,
Reporting Completeness,RIV005,RIVERS,,,1,,50.0,Percent,
Reporting Completeness,RIV005,RIVERS,,,2,,50.0,Percent,
Reporting Completeness,RIV005,RIVERS,,,3,,50.0,Percent,
Reporting Completeness,RIV005,RIVERS,,,4,,50.0,Percent,
Reporting Completeness,RIV005,RIVERS,,,5,,50.0,Percent,
Reporting Completeness,RIV005,RIVERS,,,6,,33.33333333333333,Percent,
Reporting Completeness,RIV005,RIVERS,,,7,,33.33333333333333,Percent,
Reporting Completeness,RIV005,RIVERS,,,8,,33.33333333333333,Percent,
Reporting Completeness,RIV005,RIVERS,,,9,,33.33333333333333,Percent,
Reporting Completeness,RIV005,RIVERS,,,10,,50.0,Percent,
Reporting Completeness,RIV005,RIVERS,,,11,,50.0,Percent,
Reporting Completeness,RIV005,RIVERS,,,12,,33.33333333333333,Percent,
Reporting Completeness,RIV006,RIVERS,,,1,,33.33333333333333,Percent,
Reporting Completeness,RIV006,RIVERS,,,2,,33.33333333333333,Percent,
Reporting Completeness,RIV006,RIVERS,,,3,,33.33333333333333,Percent,
Reporting Completeness,RIV006,RIVERS,,,4,,33.33333333333333,Percent,
Reporting Completeness,RIV006,RIVERS,,,5,,50.0,Percent,
Reporting Completeness,RIV006,RIVERS,,,6,,33.33333333333333,Percent,
Reporting Completeness,RIV006,RIVERS,,,7,,33.33333333333333,Percent,
Reporting Completeness,RIV006,RIVERS,,,8,,33.33333333333333,Percent,
Reporting Completeness,RIV006,RIVERS,,,9,,33.33333333333333,Percent,
Reporting Completeness,RIV006,RIVERS,,,10,,33.33333333333333,Percent,
Reporting Completeness,RIV006,RIVERS,,,11,,50.0,Percent,
Reporting Completeness,RIV006,RIVERS,,,12,,33.33333333333333,Percent,
Reporting Completeness,RIV007,RIVERS,,,1,,33.33333333333333,Percent,
Reporting Completeness,RIV007,RIVERS,,,2,,50.0,Percent,
Reporting Completeness,RIV007,RIVERS,,,3,,33.33333333333333,Percent,
Reporting Completeness,RIV007,RIVERS,,,4,,33.33333333333333,Percent,
Reporting Completeness,RIV007,RIVERS,,,5,,33.33333333333333,Percent,
Reporting Completeness,RIV007,RIVERS,,,6,,33.33333333333333,Percent,
Reporting Completeness,RIV007,RIVERS,,,7,,50.0,Percent,
Reporting Completeness,RIV007,RIVERS,,,8,,33.33333333333333,Percent,
Reporting Completeness,RIV007,RIVERS,,,9,,33.33333333333333,Percent,
Reporting Completeness,RIV007,RIVERS,,,10,,33.33333333333333,Percent,
Reporting Completeness,RIV007,RIVERS,,,11,,33.33333333333333,Percent,
Reporting Completeness,RIV007,RIVERS,,,12,,33.33333333333333,Percent,
Reporting Completeness,RIV008,RIVERS,,,1,,33.33333333333333,Percent,
Reporting Completeness,RIV008,RIVERS,,,2,,33.33333333333333,Percent,
Reporting Completeness,RIV008,RIVERS,,,3,,33.33333333333333,Percent,
Reporting Completeness,RIV008,RIVERS,,,4,,33.33333333333333,Percent,
Reporting Completeness,RIV008,RIVERS,,,5,,33.33333333333333,Percent,
Reporting Completeness,RIV008,RIVERS,,,6,,33.33333333333333,Percent,
Reporting Completeness,RIV008,RIVERS,,,7,,33.33333333333333,Percent,
Reporting Completeness,RIV008,RIVERS,,,8,,33.33333333333333,Percent,
Reporting Completeness,RIV008,RIVERS,,,9,,100.0,Percent,
Reporting Completeness,RIV008,RIVERS,,,10,,33.33333333333333,Percent,
Reporting Completeness,RIV008,RIVERS,,,11,,33.33333333333333,Percent,
Reporting Completeness,RIV008,RIVERS,,,12,,33.33333333333333,Percent,
Reporting Completeness,RIV009,RIVERS,,,1,,33.33333333333333,Percent,
Reporting Completeness,RIV009,RIVERS,,,2,,33.33333333333333,Percent,
Reporting Completeness,RIV009,RIVERS,,,3,,50.0,Percent,
Reporting Completeness,RIV009,RIVERS,,,4,,33.33333333333333,Percent,
Reporting Completeness,RIV009,RIVERS,,,5,,33.33333333333333,Percent,
Reporting Completeness,RIV009,RIVERS,,,6,,33.33333333333333,Percent,
Reporting Completeness,RIV009,RIVERS,,,7,,33.33333333333333,Percent,
Reporting Completeness,RIV009,RIVERS,,,8,,33.33333333333333,Percent,
Reporting Completeness,RIV009,RIVERS,,,9,,33.33333333333333,Percent,
Reporting Completeness,RIV009,RIVERS,,,10,,33.33333333333333,Percent,
Reporting Completeness,RIV009,RIVERS,,,11,,33.33333333333333,Percent,
Reporting Completeness,RIV009,RIVERS,,,12,,50.0,Percent,
Reporting Completeness,RIV010,RIVERS,,,1,,33.33333333333333,Percent,
Reporting Completeness,RIV010,RIVERS,,,2,,33.33333333333333,Percent,
Reporting Completeness,RIV010,RIVERS,,,3,,33.33333333333333,Percent,
Reporting Completeness,RIV010,RIVERS,,,4,,33.33333333333333,Percent,
Reporting Completeness,RIV010,RIVERS,,,5,,33.33333333333333,Percent,
Reporting Completeness,RIV010,RIVERS,,,6,,50.0,Percent,
Reporting Completeness,RIV010,RIVERS,,,7,,33.33333333333333,Percent,
Reporting Completeness,RIV010,RIVERS,,,8,,33.33333333333333,Percent,
Reporting Completeness,RIV010,RIVERS,,,9,,33.33333333333333,Percent,
Reporting Completeness,RIV010,RIVERS,,,10,,33.33333333333333,Percent,
Reporting Completeness,RIV010,RIVERS,,,11,,33.33333333333333,Percent,
Reporting Completeness,RIV010,RIVERS,,,12,,33.33333333333333,Percent,
Reporting Completeness,RIV011,RIVERS,,,1,,33.33333333333333,Percent,
Reporting Completeness,RIV011,RIVERS,,,2,,33.33333333333333,Percent,
Reporting Completeness,RIV011,RIVERS,,,3,,33.33333333333333,Percent,
Reporting Completeness,RIV011,RIVERS,,,4,,33.33333333333333,Percent,
Reporting Completeness,RIV011,RIVERS,,,5,,50.0,Percent,
Reporting Completeness,RIV011,RIVERS,,,6,,33.33333333333333,Percent,
Reporting Completeness,RIV011,RIVERS,,,7,,50.0,Percent,
Reporting Completeness,RIV011,RIVERS,,,8,,33.33333333333333,Percent,
Reporting Completeness,RIV011,RIVERS,,,9,,33.33333333333333,Percent,
Reporting Completeness,RIV011,RIVERS,,,10,,25.0,Percent,
Reporting Completeness,RIV011,RIVERS,,,11,,100.0,Percent,
Reporting Completeness,RIV011,RIVERS,,,12,,50.0,Percent,
Reporting Completeness,RIV012,RIVERS,,,1,,33.33333333333333,Percent,
Reporting Completeness,RIV012,RIVERS,,,2,,33.33333333333333,Percent,
Reporting Completeness,RIV012,RIVERS,,,3,,33.33333333333333,Percent,
Reporting Completeness,RIV012,RIVERS,,,4,,50.0,Percent,
Reporting Completeness,RIV012,RIVERS,,,5,,33.33333333333333,Percent,
Reporting Completeness,RIV012,RIVERS,,,6,,33.33333333333333,Percent,
Reporting Completeness,RIV012,RIVERS,,,7,,33.33333333333333,Percent,
Reporting Completeness,RIV012,RIVERS,,,8,,33.33333333333333,Percent,
Reporting Completeness,RIV012,RIVERS,,,9,,25.0,Percent,
Reporting Completeness,RIV012,RIVERS,,,10,,50.0,Percent,
Reporting Completeness,RIV012,RIVERS,,,11,,33.33333333333333,Percent,
Reporting Completeness,RIV012,RIVERS,,,12,,33.33333333333333,Percent,
Reporting Completeness,RIV013,RIVERS,,,1,,33.33333333333333,Percent,
Reporting Completeness,RIV013,RIVERS,,,2,,50.0,Percent,
Reporting Completeness,RIV013,RIVERS,,,3,,33.33333333333333,Percent,
Reporting Completeness,RIV013,RIVERS,,,4,,33.33333333333333,Percent,
Reporting Completeness,RIV013,RIVERS,,,5,,33.33333333333333,Percent,
Reporting Completeness,RIV013,RIVERS,,,6,,33.33333333333333,Percent,
Reporting Completeness,RIV013,RIVERS,,,7,,33.33333333333333,Percent,
Reporting Completeness,RIV013,RIVERS,,,8,,33.33333333333333,Percent,
Reporting Completeness,RIV013,RIVERS,,,9,,33.33333333333333,Percent,
Reporting Completeness,RIV013,RIVERS,,,10,,33.33333333333333,Percent,
Reporting Completeness,RIV013,RIVERS,,,11,,33.33333333333333,Percent,
Reporting Completeness,RIV013,RIVERS,,,12,,50.0,Percent,
Reporting Completeness,RIV014,RIVERS,,,1,,33.33333333333333,Percent,
Reporting Completeness,RIV014,RIVERS,,,2,,33.33333333333333,Percent,
Reporting Completeness,RIV014,RIVERS,,,3,,25.0,Percent,
Reporting Completeness,RIV014,RIVERS,,,4,,33.33333333333333,Percent,
Reporting Completeness,RIV014,RIVERS,,,5,,33.33333333333333,Percent,
Reporting Completeness,RIV014,RIVERS,,,6,,50.0,Percent,
Reporting Completeness,RIV014,RIVERS,,,7,,33.33333333333333,Percent,
Reporting Completeness,RIV014,RIVERS,,,8,,33.33333333333333,Percent,
Reporting Completeness,RIV014,RIVERS,,,9,,33.33333333333333,Percent,
Reporting Completeness,RIV014,RIVERS,,,10,,33.33333333333333,Percent,
Reporting Completeness,RIV014,RIVERS,,,11,,50.0,Percent,
Reporting Completeness,RIV014,RIVERS,,,12,,33.33333333333333,Percent,
Reporting Completeness,RIV015,RIVERS,,,1,,33.33333333333333,Percent,
Reporting Completeness,RIV015,RIVERS,,,2,,33.33333333333333,Percent,
Reporting Completeness,RIV015,RIVERS,,,3,,100.0,Percent,
Reporting Completeness,RIV015,RIVERS,,,4,,33.33333333333333,Percent,
Reporting Completeness,RIV015,RIVERS,,,5,,33.33333333333333,Percent,
Reporting Completeness,RIV015,RIVERS,,,6,,50.0,Percent,
Reporting Completeness,RIV015,RIVERS,,,7,,33.33333333333333,Percent,
Reporting Completeness,RIV015,RIVERS,,,8,,25.0,Percent,
Reporting Completeness,RIV015,RIVERS,,,9,,33.33333333333333,Percent,
Reporting Completeness,RIV015,RIVERS,,,10,,33.33333333333333,Percent,
Reporting Completeness,RIV015,RIVERS,,,11,,33.33333333333333,Percent,
Reporting Completeness,RIV015,RIVERS,,,12,,33.33333333333333,Percent,
Reporting Completeness,TMP001,RIVERS,,,6,,,Percent,
Reporting Completeness,TMP001,RIVERS,,,7,,,Percent,
Reporting Completeness,TMP001,RIVERS,,,8,,,Percent,
Reporting Completeness,TMP001,RIVERS,,,10,,,Percent,
Reporting Completeness,TMP001,RIVERS,,,11,,,Percent,
Reporting Completeness,XXX999,RIVERS,,,2,,,Percent,
Reporting Completeness,XXX999,RIVERS,,,3,,,Percent,
Reporting Completeness,XXX999,RIVERS,,,6,,,Percent,
Reporting Completeness,XXX999,RIVERS,,,7,,,Percent,
Reporting Completeness,XXX999,RIVERS,,,9,,,Percent,
Reporting Completeness,XXX999,RIVERS,,,10,,,Percent,
Reporting Completeness,XXX999,RIVERS,,,12,,,Percent,
Reporting Timeliness,,AKWA IBOM,,,1,,123.53,Percent,
Reporting Timeliness,,AKWA IBOM,,,2,,100.0,Percent,
Reporting Timeliness,,AKWA IBOM,,,3,,105.56,Percent,
Reporting Timeliness,,AKWA IBOM,,,4,,94.12,Percent,
Reporting Timeliness,,AKWA IBOM,,,5,,70.59,Percent,
Reporting Timeliness,,AKWA IBOM,,,6,,100.0,Percent,
Reporting Timeliness,,AKWA IBOM,,,7,,150.0,Percent,
Reporting Timeliness,,AKWA IBOM,,,8,,117.65,Percent,
Reporting Timeliness,,AKWA IBOM,,,9,,76.47,Percent,
Reporting Timeliness,,AKWA IBOM,,,10,,81.25,Percent,
Reporting Timeliness,,AKWA IBOM,,,11,,118.75,Percent,
Reporting Timeliness,,AKWA IBOM,,,12,,88.89,Percent,
Reporting Timeliness,,BENUE,,,1,,126.67,Percent,
Reporting Timeliness,,BENUE,,,2,,117.65,Percent,
Reporting Timeliness,,BENUE,,,3,,140.0,Percent,
Reporting Timeliness,,BENUE,,,4,,58.82,Percent,
Reporting Timeliness,,BENUE,,,5,,126.67,Percent,
Reporting Timeliness,,BENUE,,,6,,94.12,Percent,
Reporting Timeliness,,BENUE,,,7,,93.75,Percent,
Reporting Timeliness,,BENUE,,,8,,141.18,Percent,
Reporting Timeliness,,BENUE,,,9,,100.0,Percent,
Reporting Timeliness,,BENUE,,,10,,111.76,Percent,
Reporting Timeliness,,BENUE,,,11,,162.5,Percent,
Reporting Timeliness,,BENUE,,,12,,94.12,Percent,
Reporting Timeliness,,CROSS RIVER,,,1,,135.29,Percent,
Reporting Timeliness,,CROSS RIVER,,,2,,140.0,Percent,
Reporting Timeliness,,CROSS RIVER,,,3,,80.0,Percent,
Reporting Timeliness,,CROSS RIVER,,,4,,131.25,Percent,
Reporting Timeliness,,CROSS RIVER,,,5,,68.75,Percent,
Reporting Timeliness,,CROSS RIVER,,,6,,113.33,Percent,
Reporting Timeliness,,CROSS RIVER,,,7,,122.22,Percent,
Reporting Timeliness,,CROSS RIVER,,,8,,137.5,Percent,
Reporting Timeliness,,CROSS RIVER,,,9,,76.47,Percent,
Reporting Timeliness,,CROSS RIVER,,,10,,52.94,Percent,
Reporting Timeliness,,CROSS RIVER,,,11,,87.5,Percent,
Reporting Timeliness,,CROSS RIVER,,,12,,106.67,Percent,
Reporting Timeliness,,FCT,,,1,,88.24,Percent,
Reporting Timeliness,,FCT,,,2,,52.94,Percent,
Reporting Timeliness,,FCT,,,3,,106.25,Percent,
Reporting Timeliness,,FCT,,,4,,100.0,Percent,
Reporting Timeliness,,FCT,,,5,,88.24,Percent,
Reporting Timeliness,,FCT,,,6,,105.88,Percent,
Reporting Timeliness,,FCT,,,7,,111.11,Percent,
Reporting Timeliness,,FCT,,,8,,160.0,Percent,
Reporting Timeliness,,FCT,,,9,,87.5,Percent,
Reporting Timeliness,,FCT,,,10,,100.0,Percent,
Reporting Timeliness,,FCT,,,11,,106.67,Percent,
Reporting Timeliness,,FCT,,,12,,83.33,Percent,
Reporting Timeliness,,KADUNA,,,1,,106.67,Percent,
Reporting Timeliness,,KADUNA,,,2,,100.0,Percent,
Reporting Timeliness,,KADUNA,,,3,,88.24,Percent,
Reporting Timeliness,,KADUNA,,,4,,68.75,Percent,
Reporting Timeliness,,KADUNA,,,5,,94.12,Percent,
Reporting Timeliness,,KADUNA,,,6,,118.75,Percent,
Reporting Timeliness,,KADUNA,,,7,,118.75,Percent,
Reporting Timeliness,,KADUNA,,,8,,82.35,Percent,
Reporting Timeliness,,KADUNA,,,9,,111.76,Percent,
Reporting Timeliness,,KADUNA,,,10,,75.0,Percent,
Reporting Timeliness,,KADUNA,,,11,,58.82,Percent,
Reporting Timeliness,,KADUNA,,,12,,58.82,Percent,
Reporting Timeliness,,LAGOS,,,1,,93.75,Percent,
Reporting Timeliness,,LAGOS,,,2,,86.67,Percent,
Reporting Timeliness,,LAGOS,,,3,,113.33,Percent,
Reporting Timeliness,,LAGOS,,,4,,106.25,Percent,
Reporting Timeliness,,LAGOS,,,5,,100.0,Percent,
Reporting Timeliness,,LAGOS,,,6,,127.78,Percent,
Reporting Timeliness,,LAGOS,,,7,,94.44,Percent,
Reporting Timeliness,,LAGOS,,,8,,100.0,Percent,
Reporting Timeliness,,LAGOS,,,9,,73.33,Percent,
Reporting Timeliness,,LAGOS,,,10,,93.33,Percent,
Reporting Timeliness,,LAGOS,,,11,,105.56,Percent,
Reporting Timeliness,,LAGOS,,,12,,93.75,Percent,
Reporting Timeliness,,NASARAWA,,,1,,56.25,Percent,
Reporting Timeliness,,NASARAWA,,,2,,55.56,Percent,
Reporting Timeliness,,NASARAWA,,,3,,73.33,Percent,
Reporting Timeliness,,NASARAWA,,,4,,118.75,Percent,
Reporting Timeliness,,NASARAWA,,,5,,133.33,Percent,
Reporting Timeliness,,NASARAWA,,,6,,94.12,Percent,
Reporting Timeliness,,NASARAWA,,,7,,100.0,Percent,
Reporting Timeliness,,NASARAWA,,,8,,88.24,Percent,
Reporting Timeliness,,NASARAWA,,,9,,120.0,Percent,
Reporting Timeliness,,NASARAWA,,,10,,111.76,Percent,
Reporting Timeliness,,NASARAWA,,,11,,100.0,Percent,
Reporting Timeliness,,NASARAWA,,,12,,93.33,Percent,
Reporting Timeliness,,RIVERS,,,1,,113.33,Percent,
Reporting Timeliness,,RIVERS,,,2,,125.0,Percent,
Reporting Timeliness,,RIVERS,,,3,,77.78,Percent,
Reporting Timeliness,,RIVERS,,,4,,126.67,Percent,
Reporting Timeliness,,RIVERS,,,5,,81.25,Percent,
Reporting Timeliness,,RIVERS,,,6,,116.67,Percent,
Reporting Timeliness,,RIVERS,,,7,,82.35,Percent,
Reporting Timeliness,,RIVERS,,,8,,118.75,Percent,
Reporting Timeliness,,RIVERS,,,9,,94.44,Percent,
Reporting Timeliness,,RIVERS,,,10,,88.89,Percent,
Reporting Timeliness,,RIVERS,,,11,,94.12,Percent,
Reporting Timeliness,,RIVERS,,,12,,64.71,Percent,
Treatment Continuity,AKS001,,2024,,,,6,Number of clients,Growing
Treatment Continuity,AKS002,,2024,,,,-54,Number of clients,Shrinking
Treatment Continuity,AKS003,,2024,,,,111,Number of clients,Growing
Treatment Continuity,AKS004,,2024,,,,-40,Number of clients,Shrinking
Treatment Continuity,AKS005,,2024,,,,-123,Number of clients,Shrinking
Treatment Continuity,AKS006,,2024,,,,95,Number of clients,Growing
Treatment Continuity,AKS007,,2024,,,,-485,Number of clients,Shrinking
Treatment Continuity,AKS008,,2024,,,,11,Number of clients,Growing
Treatment Continuity,AKS009,,2024,,,,17,Number of clients,Growing
Treatment Continuity,AKS010,,2024,,,,-42,Number of clients,Shrinking
Treatment Continuity,AKS011,,2024,,,,10,Number of clients,Growing
Treatment Continuity,AKS012,,2024,,,,288,Number of clients,Growing
Treatment Continuity,AKS013,,2024,,,,95,Number of clients,Growing
Treatment Continuity,AKS014,,2024,,,,3,Number of clients,Growing
Treatment Continuity,AKS015,,2024,,,,-1,Number of clients,Shrinking
Treatment Continuity,BEN001,,2024,,,,-129,Number of clients,Shrinking
Treatment Continuity,BEN002,,2024,,,,-31,Number of clients,Shrinking
Treatment Continuity,BEN003,,2024,,,,-117,Number of clients,Shrinking
Treatment Continuity,BEN004,,2024,,,,35,Number of clients,Growing
Treatment Continuity,BEN005,,2024,,,,59,Number of clients,Growing
Treatment Continuity,BEN006,,2024,,,,32,Number of clients,Growing
Treatment Continuity,BEN007,,2024,,,,-189,Number of clients,Shrinking
Treatment Continuity,BEN008,,2024,,,,-129,Number of clients,Shrinking
Treatment Continuity,BEN009,,2024,,,,-26,Number of clients,Shrinking
Treatment Continuity,BEN010,,2024,,,,-32,Number of clients,Shrinking
Treatment Continuity,BEN011,,2024,,,,37,Number of clients,Growing
Treatment Continuity,BEN012,,2024,,,,-6,Number of clients,Shrinking
Treatment Continuity,BEN013,,2024,,,,192,Number of clients,Growing
Treatment Continuity,BEN014,,2024,,,,-29,Number of clients,Shrinking
Treatment Continuity,BEN015,,2024,,,,-35,Number of clients,Shrinking
Treatment Continuity,CRS001,,2024,,,,-5,Number of clients,Shrinking
Treatment Continuity,CRS002,,2024,,,,33,Number of clients,Growing
Treatment Continuity,CRS003,,2024,,,,-194,Number of clients,Shrinking
Treatment Continuity,CRS004,,2024,,,,5,Number of clients,Growing
Treatment Continuity,CRS005,,2024,,,,-99,Number of clients,Shrinking
Treatment Continuity,CRS006,,2024,,,,93,Number of clients,Growing
Treatment Continuity,CRS007,,2024,,,,-6,Number of clients,Shrinking
Treatment Continuity,CRS008,,2024,,,,5,Number of clients,Growing
Treatment Continuity,CRS009,,2024,,,,53,Number of clients,Growing
Treatment Continuity,CRS010,,2024,,,,-33,Number of clients,Shrinking
Treatment Continuity,CRS011,,2024,,,,22,Number of clients,Growing
Treatment Continuity,CRS012,,2024,,,,-34,Number of clients,Shrinking
Treatment Continuity,CRS013,,2024,,,,-45,Number of clients,Shrinking
Treatment Continuity,CRS014,,2024,,,,38,Number of clients,Growing
Treatment Continuity,CRS015,,2024,,,,-34,Number of clients,Shrinking
Treatment Continuity,FCT001,,2024,,,,-62,Number of clients,Shrinking
Treatment Continuity,FCT002,,2024,,,,-16,Number of clients,Shrinking
Treatment Continuity,FCT003,,2024,,,,-460,Number of clients,Shrinking
Treatment Continuity,FCT004,,2024,,,,-32,Number of clients,Shrinking
Treatment Continuity,FCT005,,2024,,,,44,Number of clients,Growing
Treatment Continuity,FCT006,,2024,,,,-29,Number of clients,Shrinking
Treatment Continuity,FCT007,,2024,,,,31,Number of clients,Growing
Treatment Continuity,FCT008,,2024,,,,-140,Number of clients,Shrinking
Treatment Continuity,FCT009,,2024,,,,22,Number of clients,Growing
Treatment Continuity,FCT010,,2024,,,,94,Number of clients,Growing
Treatment Continuity,FCT011,,2024,,,,-121,Number of clients,Shrinking
Treatment Continuity,FCT012,,2024,,,,61,Number of clients,Growing
Treatment Continuity,FCT013,,2024,,,,-28,Number of clients,Shrinking
Treatment Continuity,FCT014,,2024,,,,89,Number of clients,Growing
Treatment Continuity,FCT015,,2024,,,,-20,Number of clients,Shrinking
Treatment Continuity,KAD001,,2024,,,,-18,Number of clients,Shrinking
Treatment Continuity,KAD002,,2024,,,,-305,Number of clients,Shrinking
Treatment Continuity,KAD003,,2024,,,,319,Number of clients,Growing
Treatment Continuity,KAD004,,2024,,,,1091,Number of clients,Growing
Treatment Continuity,KAD005,,2024,,,,58,Number of clients,Growing
Treatment Continuity,KAD006,,2024,,,,124,Number of clients,Growing
Treatment Continuity,KAD007,,2024,,,,12,Number of clients,Growing
Treatment Continuity,KAD008,,2024,,,,2,Number of clients,Growing
Treatment Continuity,KAD009,,2024,,,,125,Number of clients,Growing
Treatment Continuity,KAD010,,2024,,,,7,Number of clients,Growing
Treatment Continuity,KAD011,,2024,,,,14,Number of clients,Growing
Treatment Continuity,KAD012,,2024,,,,0,Number of clients,No change
Treatment Continuity,KAD013,,2024,,,,430,Number of clients,Growing
Treatment Continuity,KAD014,,2024,,,,-254,Number of clients,Shrinking
Treatment Continuity,KAD015,,2024,,,,-81,Number of clients,Shrinking
Treatment Continuity,LAG001,,2024,,,,72,Number of clients,Growing
Treatment Continuity,LAG002,,2024,,,,298,Number of clients,Growing
Treatment Continuity,LAG003,,2024,,,,330,Number of clients,Growing
Treatment Continuity,LAG004,,2024,,,,-19,Number of clients,Shrinking
Treatment Continuity,LAG005,,2024,,,,92,Number of clients,Growing
Treatment Continuity,LAG006,,2024,,,,-251,Number of clients,Shrinking
Treatment Continuity,LAG007,,2024,,,,72,Number of clients,Growing
Treatment Continuity,LAG008,,2024,,,,-50,Number of clients,Shrinking
Treatment Continuity,LAG009,,2024,,,,-107,Number of clients,Shrinking
Treatment Continuity,LAG010,,2024,,,,62,Number of clients,Growing
Treatment Continuity,LAG011,,2024,,,,-97,Number of clients,Shrinking
Treatment Continuity,LAG012,,2024,,,,4,Number of clients,Growing
Treatment Continuity,LAG013,,2024,,,,208,Number of clients,Growing
Treatment Continuity,LAG014,,2024,,,,-107,Number of clients,Shrinking
Treatment Continuity,LAG015,,2024,,,,-14,Number of clients,Shrinking
Treatment Continuity,LAG099,,2024,,,,-16818,Number of clients,Shrinking
Treatment Continuity,NAS001,,2024,,,,-39,Number of clients,Shrinking
Treatment Continuity,NAS002,,2024,,,,-19,Number of clients,Shrinking
Treatment Continuity,NAS003,,2024,,,,-155,Number of clients,Shrinking
Treatment Continuity,NAS004,,2024,,,,86,Number of clients,Growing
Treatment Continuity,NAS005,,2024,,,,239,Number of clients,Growing
Treatment Continuity,NAS006,,2024,,,,-11,Number of clients,Shrinking
Treatment Continuity,NAS007,,2024,,,,-148,Number of clients,Shrinking
Treatment Continuity,NAS008,,2024,,,,-77,Number of clients,Shrinking
Treatment Continuity,NAS009,,2024,,,,9,Number of clients,Growing
Treatment Continuity,NAS010,,2024,,,,605,Number of clients,Growing
Treatment Continuity,NAS011,,2024,,,,-84,Number of clients,Shrinking
Treatment Continuity,NAS012,,2024,,,,10,Number of clients,Growing
Treatment Continuity,NAS013,,2024,,,,46,Number of clients,Growing
Treatment Continuity,NAS014,,2024,,,,174,Number of clients,Growing
Treatment Continuity,NAS015,,2024,,,,183,Number of clients,Growing
Treatment Continuity,NAS999,,2024,,,,3444,Number of clients,Growing
Treatment Continuity,RIV001,,2024,,,,-112,Number of clients,Shrinking
Treatment Continuity,RIV002,,2024,,,,-174,Number of clients,Shrinking
Treatment Continuity,RIV003,,2024,,,,24,Number of clients,Growing
Treatment Continuity,RIV004,,2024,,,,21,Number of clients,Growing
Treatment Continuity,RIV005,,2024,,,,-73,Number of clients,Shrinking
Treatment Continuity,RIV006,,2024,,,,235,Number of clients,Growing
Treatment Continuity,RIV007,,2024,,,,-50,Number of clients,Shrinking
Treatment Continuity,RIV008,,2024,,,,81,Number of clients,Growing
Treatment Continuity,RIV009,,2024,,,,-17,Number of clients,Shrinking
Treatment Continuity,RIV010,,2024,,,,-198,Number of clients,Shrinking
Treatment Continuity,RIV011,,2024,,,,62,Number of clients,Growing
Treatment Continuity,RIV012,,2024,,,,36,Number of clients,Growing
Treatment Continuity,RIV013,,2024,,,,-30,Number of clients,Shrinking
Treatment Continuity,RIV014,,2024,,,,-10,Number of clients,Shrinking
Treatment Continuity,RIV015,,2024,,,,19509,Number of clients,Growing
Treatment Continuity,TMP001,,2024,,,,616,Number of clients,Growing
Treatment Continuity,XXX999,,2024,,,,745,Number of clients,Growing
Viral Load Coverage,,AKWA IBOM,2024,Q1,,,69.39543677222532,Percent,
Viral Load Coverage,,AKWA IBOM,2024,Q2,,,78.57633897881382,Percent,
Viral Load Coverage,,AKWA IBOM,2024,Q3,,,73.73714647600953,Percent,
Viral Load Coverage,,AKWA IBOM,2024,Q4,,,78.00653393330457,Percent,
Viral Load Coverage,,BENUE,2024,Q1,,,74.06694533553676,Percent,
Viral Load Coverage,,BENUE,2024,Q2,,,76.45230782227746,Percent,
Viral Load Coverage,,BENUE,2024,Q3,,,73.67088928782121,Percent,
Viral Load Coverage,,BENUE,2024,Q4,,,74.33694160695228,Percent,
Viral Load Coverage,,CROSS RIVER,2024,Q1,,,72.6997526063279,Percent,
Viral Load Coverage,,CROSS RIVER,2024,Q2,,,79.11402363233003,Percent,
Viral Load Coverage,,CROSS RIVER,2024,Q3,,,72.00823877578335,Percent,
Viral Load Coverage,,CROSS RIVER,2024,Q4,,,73.40364665672945,Percent,
Viral Load Coverage,,FCT,2024,Q1,,,77.68364165074023,Percent,
Viral Load Coverage,,FCT,2024,Q2,,,75.84263152283253,Percent,
Viral Load Coverage,,FCT,2024,Q3,,,75.36886030218307,Percent,
Viral Load Coverage,,FCT,2024,Q4,,,73.39085272338944,Percent,
Viral Load Coverage,,KADUNA,2024,Q1,,,74.89515853597084,Percent,
Viral Load Coverage,,KADUNA,2024,Q2,,,77.44229251123286,Percent,
Viral Load Coverage,,KADUNA,2024,Q3,,,77.10830340530484,Percent,
Viral Load Coverage,,KADUNA,2024,Q4,,,76.91023010689658,Percent,
Viral Load Coverage,,LAGOS,2024,Q1,,,73.96438650184824,Percent,
Viral Load Coverage,,LAGOS,2024,Q2,,,74.50297512769176,Percent,
Viral Load Coverage,,LAGOS,2024,Q3,,,77.3620069997018,Percent,
Viral Load Coverage,,LAGOS,2024,Q4,,,74.71272788968751,Percent,
Viral Load Coverage,,NASARAWA,2024,Q1,,,74.32317185331348,Percent,
Viral Load Coverage,,NASARAWA,2024,Q2,,,76.79593417555044,Percent,
Viral Load Coverage,,NASARAWA,2024,Q3,,,75.01399256316049,Percent,
Viral Load Coverage,,NASARAWA,2024,Q4,,,76.10569427059315,Percent,
Viral Load Coverage,,RIVERS,2024,Q1,,,75.54282974920666,Percent,
Viral Load Coverage,,RIVERS,2024,Q2,,,75.82925546328323,Percent,
Viral Load Coverage,,RIVERS,2024,Q3,,,76.84069263618915,Percent,
Viral Load Coverage,,RIVERS,2024,Q4,,,75.83956222008223,Percent,
Viral Load Suppression,,AKWA IBOM,,,,,91.08510656754483,Percent,
Viral Load Suppression,,BENUE,,,,,89.54064164871319,Percent,
Viral Load Suppression,,CROSS RIVER,,,,,88.46545529737135,Percent,
Viral Load Suppression,,FCT,,,,,91.10001689734098,Percent,
Viral Load Suppression,,KADUNA,,,,,89.1351380067744,Percent,
Viral Load Suppression,,LAGOS,,,,,88.63696258428926,Percent,
Viral Load Suppression,,NASARAWA,,,,,90.26774969915763,Percent,
Viral Load Suppression,,RIVERS,,,,,88.84668969270845,Percent,
