facility_id,report_month,sex,age_band,hts_tst,hts_tst_pos
AKS001,2024-01,Female,<15,24,0
AKS001,2024-01,Female,15-24,63,0
AKS001,2024-01,Female,25-34,63,0
AKS001,2024-01,Female,35-49,51,
AKS001,2024-01,Female,50+,27,0
AKS001,2024-01,M,<15,14,0
AKS001,2024-01,Male,15 - 24,48,0
AKS001,2024-01,Male,25-34,53,0
AKS001,2024-01,Male,35-49,34,0
AKS001,2024-01,Male,50+,16,0
AKS001,2024-02,Female,<15,32,0
AKS001,2024-02,Female,15-24,113,0
AKS001,2024-02,Female,25-34,123,0
AKS001,2024-02,Female,35-49,91,0
AKS001,2024-02,Female,50+,37,0
AKS001,2024-02,M,<15,25,0
AKS001,2024-02,Male,15-24,89,0
AKS001,2024-02,Male,25-34,90,0
AKS001,2024-02,Male,35-49,55,0
AKS001,2024-02,Male,50+,26,0
AKS001,2024-03,Female,<15,33,0
AKS001,2024-03,Female,15-24,99,0
AKS001,2024-03,Female,25-34,93,1
AKS001,2024-03,Female,35-49,76,1
AKS001,2024-03,Female,50+,31,0
AKS001,2024-03,M,<15,25,0
AKS001,2024-03,Male,15-24,57,0
AKS001,2024-03,male,25-34,77,1
AKS001,2024-03,Male,35-49,54,0
AKS001,2024-03,Male,50+,26,0
AKS001,2024-04,Female,<15,30,0
AKS001,2024-04,Female,15-24,86,0
AKS001,2024-04,Female,25-34,117,1
AKS001,2024-04,Female,35-49,81,0
AKS001,2024-04,F,50+,32,0
AKS001,2024-04,Male,<15,23,0
AKS001,2024-04,Male,15-24,67,0
AKS001,2024-04,Male,25-34,84,0
AKS001,2024-04,male,35-49,53,0
AKS001,2024-04,Male,50+,23,0
AKS001,2024-05,Female,<15,34,0
AKS001,2024-05,Female,15-24,110,0
AKS001,2024-05,Female,25-34,117,0
AKS001,2024-05,Female,35-49,90,N/A
AKS001,2024-05,Female,50+,37,0
AKS001,2024-05,M,<15,30,0
AKS001,2024-05,Male,15-24,81,0
AKS001,2024-05,Male,25-34,80,0
AKS001,2024-05,Male,35-49,65,0
AKS001,2024-05,Male,50+,23,N/A
AKS001,2024-06,Female,<15,45,0
AKS001,2024-06,Female,15-24,108,0
AKS001,2024-06,Female,25-34,117,0
AKS001,2024-06,Female,35-49,83,0
AKS001,2024-06,Female,50+,35,0
AKS001,2024-06,Male,<15,31,0
AKS001,2024-06,Male,15-24,73,0
AKS001,2024-06,Male,25-34,92,0
AKS001,2024-06,Male,35-49,57,0
AKS001,2024-06,Male,50+,28,0
AKS001,2024-07,Female,0-14,46,0
AKS001,2024-07,F,15-24,104,0
AKS001,2024-07,Female,25-34,128,1
AKS001,2024-07,Female,35-49,98,1
AKS001,2024-07,Female,50+,46,0
AKS001,2024-07,Male,<15,33,0
AKS001,2024-07,Male,15-24,94,0
AKS001,2024-07,Male,25-34,84,1
AKS001,2024-07,Male,35-49,65,0
AKS001,2024-07,Male,50 and above,30,0
AKS001,2024-08,F,<15,43,0
AKS001,2024-08,Female,15-24,113,0
AKS001,2024-08,Female,25-34,146,1
AKS001,2024-08,F,35-49,117,1
AKS001,2024-08,Female,50+,47,0
AKS001,2024-08,Male,<15,37,0
AKS001,2024-08,Male,15-24,90,0
AKS001,2024-08,Male,25-34,,1
AKS001,2024-08,Male,35-49,75,0
AKS001,2024-08,Male,50 and above,37,0
AKS001,2024-09,Female,<15,40,0
AKS001,2024-09,female,15-24,131,0
AKS001,2024-09,Female,25-34,108,0
AKS001,2024-09,Female,35-49,96,0
AKS001,2024-09,Female,50+,35,0
AKS001,2024-09,Male,<15,30,0
AKS001,2024-09,M,15-24,90,0
AKS001,2024-09,M,25-34,89,0
AKS001,2024-09,Male,35-49,57,0
AKS001,2024-09,Male,50+,31,0
AKS001,2024-10,Female,<15,30,0
AKS001,2024-10,Female,15-24,97,0
AKS001,2024-10,F,25-34,97,1
AKS001,2024-10,Female,35-49,66,0
AKS001,2024-10,Female,50+,35,0
AKS001,2024-10,Male,0-14,24,0
AKS001,2024-10,Male,15-24,67,0
AKS001,2024-10,male,25-34,61,0
AKS001,2024-10,Male,35-49,58,0
AKS001,2024-10,M,50+,25,0
AKS001,2024-11,Female,<15,30,0
AKS001,2024-11,F,15-24,81,0
AKS001,2024-11,female,25-34,85,1
AKS001,2024-11,Female,35-49,77,1
AKS001,2024-11,Female,50+,27,0
AKS001,2024-11,Male,<15,19,0
AKS001,2024-11,Male,15-24,63,0
AKS001,2024-11,Male,25-34,65,1
AKS001,2024-11,Male,35-49,48,1
AKS001,2024-11,Male,50+,22,0
AKS001,2024-12,Female,<15,27,0
AKS001,2024-12,Female,15-24,87,0
AKS001,2024-12,F,25-34,88,1
AKS001,2024-12,Female,35-49,70,0
AKS001,2024-12,Female,50+,-,0
AKS001,2024-12,Male,<15,20,0
AKS001,2024-12,Male,15-24,57,0
AKS001,2024-12,Male,25-34,62,0
AKS001,2024-12,Male,35-49,54,0
AKS001,2024-12,Male,50+,22,0
AKS002,2024-01,Female,<15,12,0
AKS002,2024-01,Female,15-24,35,0
AKS002,2024-01,Female,25-34,39,0
AKS002,2024-01,F,35-49,32,0
AKS002,2024-01,Female,50+,13,0
AKS002,2024-01,Male,<15,11,0
AKS002,2024-01,Male,15-24,26,0
AKS002,2024-01,Male,25-34,26,0
AKS002,2024-01,Male,35-49,20,0
AKS002,2024-01,Male,50+,11,0
AKS002,2024-02,Female,<15,17,0
AKS002,2024-02,f,15 - 24,48,0
AKS002,2024-02,Female,25-34,41,0
AKS002,2024-02,Female,35-49,34,0
AKS002,2024-02,female,50+,16,0
AKS002,2024-02,Male,<15,9,0
AKS002,2024-02,Male,15-24,31,0
AKS002,2024-02,Male,25-34,35,0
AKS002,2024-02,Male,35-49,27,0
AKS002,2024-02,Male,50+,10,0
AKS002,2024-03,F,0-14,19,0
AKS002,2024-03,Female,15-24,49,0
AKS002,2024-03,Female,25-34,51,0
AKS002,2024-03,Female,35-49,39,0
AKS002,2024-03,Female,50+,19,0
AKS002,2024-03,Male,<15,12,0
AKS002,2024-03,Male,15-24,34,0
AKS002,2024-03,Male,25-34,38,
AKS002,2024-03,M,35-49,31,0
AKS002,2024-03,M,50+,12,0
AKS002,2024-04,Female,<15,15,0
AKS002,2024-04,Female,15-24,47,0
AKS002,2024-04,Female,25-34,55,0
AKS002,2024-04,female,35-49,34,0
AKS002,2024-04,Female,50+,18,0
AKS002,2024-04,Male,<15,12,0
AKS002,2024-04,Male,15-24,36,0
AKS002,2024-04,Male,25-34,37,0
AKS002,2024-04,Male,35-49,26,0
AKS002,2024-04,Male,50+,10,0
AKS002,2024-05,Female,<15,16,0
AKS002,2024-05,Female,15-24,53,0
AKS002,2024-05,Female,25-34,46,0
AKS002,2024-05,Female,35-49,34,0
AKS002,2024-05,Female,50+,18,0
AKS002,2024-05,Male,<15,13,0
AKS002,2024-05,Male,15-24,31,0
AKS002,2024-05,Male,25-34,40,0
AKS002,2024-05,Male,35-49,26,0
AKS002,2024-05,Male,50+,11,0
AKS002,2024-06,Female,<15,25,0
AKS002,2024-06,Female,15-24,55,0
AKS002,2024-06,Female,25-34,61,0
AKS002,2024-06,Female,35-49,57,0
AKS002,2024-06,Female,50+,22,0
AKS002,2024-06,Male,<15,15,0
AKS002,2024-06,Male,15-24,41,0
AKS002,2024-06,Male,25-34,54,0
AKS002,2024-06,Male,35-49,32,0
AKS002,2024-06,M,50+,17,0
AKS002,2024-07,Female,<15,14,0
AKS002,2024-07,Female,15-24,50,0
AKS002,2024-07,f,25-34,53,0
AKS002,2024-07,Female,35-49,40,0
AKS002,2024-07,Female,50+,17,0
AKS002,2024-07,Male,<15,12,0
AKS002,2024-07,Male,15-24,38,0
AKS002,2024-07,Male,25-34,35,0
AKS002,2024-07,Male,35-49,27,0
AKS002,2024-07,Male,50+,14,0
AKS002,2024-08,Female,<15,20,0
AKS002,2024-08,Female,15-24,49,0
AKS002,2024-08,Female,25-34,59,0
AKS002,2024-08,Female,35-49,39,0
AKS002,2024-08,Female,50+,22,0
AKS002,2024-08,Male,<15,14,0
AKS002,2024-08,Male,15-24,36,0
AKS002,2024-08,Male,25-34,41,0
AKS002,2024-08,Male,35-49,31,0
AKS002,2024-08,Male,50+,14,0
AKS002,2024-09,Female,<15,13,0
AKS002,2024-09,Female,15-24,40,0
AKS002,2024-09,Female,25-34,44,0
AKS002,2024-09,Female,35-49,36,0
AKS002,2024-09,Female,50+,16,0
AKS002,2024-09,Male,<15,12,0
AKS002,2024-09,Male,15-24,33,0
AKS002,2024-09,Male,25-34,31,0
AKS002,2024-09,Male,35-49,23,0
AKS002,2024-09,Male,50+,9,0
AKS002,2024-10,Female,<15,14,0
AKS002,2024-10,Female,15-24,41,0
AKS002,2024-10,F,25-34,44,0
AKS002,2024-10,Female,35-49,31,0
AKS002,2024-10,Female,50+,16,0
AKS002,2024-10,Male,<15,10,0
AKS002,2024-10,Male,15-24,30,0
AKS002,2024-10,M,25-34,32,0
AKS002,2024-10,Male,35-49,24,0
AKS002,2024-10,Male,50+,10,0
AKS002,2024-11,Female,<15,13,0
AKS002,2024-11,Female,15-24,36,0
AKS002,2024-11,female,25-34,36,0
AKS002,2024-11,Female,35-49,27,0
AKS002,2024-11,Female,50+,11,0
AKS002,2024-11,Male,<15,8,0
AKS002,2024-11,Male,15-24,24,0
AKS002,2024-11,male,25-34,28,0
AKS002,2024-11,Male,35-49,20,0
AKS002,2024-11,Male,50+,8,0
AKS002,2024-12,Female,<15,11,0
AKS002,2024-12,F,15-24,39,0
AKS002,2024-12,Female,25-34,40,0
AKS002,2024-12,female,35-49,29,0
AKS002,2024-12,Female,50+,12,0
AKS002,2024-12,Male,0-14,9,0
AKS002,2024-12,Male,15-24,28,0
AKS002,2024-12,Male,25-34,27,0
AKS002,2024-12,Male,35-49,21,0
AKS002,2024-12,Male,50+,9,0
AKS003,2024-01,F,<15,29,0
AKS003,2024-01,female,15-24,89,0
AKS003,2024-01,F,25-34,73,1
AKS003,2024-01,Female,35-49,70,0
AKS003,2024-01,Female,50+,27,0
AKS003,2024-01,Male,<15,23,0
AKS003,2024-01,Male,15-24,55,0
AKS003,2024-01,Male,25-34,58,0
AKS003,2024-01,Male,35-49,49,0
AKS003,2024-01,Male,50+,23,0
AKS003,2024-02,Female,<15,36,0
AKS003,2024-02,Female,15-24,90,1
AKS003,2024-02,Female,25-34,104,3
AKS003,2024-02,Female,35-49,66,1
AKS003,2024-02,F,50+,38,0
AKS003,2024-02,Male,<15,23,0
AKS003,2024-02,Male,15-24,76,1
AKS003,2024-02,Male,25-34,65,1
AKS003,2024-02,Male,35-49,51,1
AKS003,2024-02,Male,50+,26,0
AKS003,2024-03,Female,<15,34,0
AKS003,2024-03,F,15-24,123,3
AKS003,2024-03,Female,25-34,113,6
AKS003,2024-03,Female,35-49,76,4
AKS003,2024-03,Female,50+,35,1
AKS003,2024-03,Male,<15,25,0
AKS003,2024-03,Male,15-24,74,2
AKS003,2024-03,Male,25-34,79,4
AKS003,2024-03,Male,35-49,65,3
AKS003,2024-03,Male,50+,33,0
AKS003,2024-04,F,<15,48,0
AKS003,2024-04,Female,15-24,130,1
AKS003,2024-04,Female,25-34,117,3
AKS003,2024-04,female,35-49,106,2
AKS003,2024-04,Female,50+,51,0
AKS003,2024-04,Male,<15,31,0
AKS003,2024-04,Male,15-24,80,1
AKS003,2024-04,Male,25-34,104,2
AKS003,2024-04,M,35-49,78,2
AKS003,2024-04,Male,50+,34,0
AKS003,2024-05,Female,<15,32,0
AKS003,2024-05,Female,15-24,101,1
AKS003,2024-05,F,25-34,108,N/A
AKS003,2024-05,Female,35-49,76,2
AKS003,2024-05,Female,50+,34,0
AKS003,2024-05,Male,<15,21,0
AKS003,2024-05,Male,15-24,78,1
AKS003,2024-05,Male,25-34,78,2
AKS003,2024-05,Male,35-49,54,1
AKS003,2024-05,Male,50+,22,0
AKS003,2024-06,Female,<15,38,0
AKS003,2024-06,Female,15-24,126,2
AKS003,2024-06,F,25-34,109,5
AKS003,2024-06,Female,35-49,85,4
AKS003,2024-06,Female,50+,36,0
AKS003,2024-06,Male,<15,26,0
AKS003,2024-06,Male,15-24,86,2
AKS003,2024-06,Male,25-34,78,3
AKS003,2024-06,Male,35-49,65,3
AKS003,2024-06,Male,50+,29,0
AKS003,2024-07,Female,<15,56,0
AKS003,2024-07,F,15-24,156,2
AKS003,2024-07,Female,25-34,162,5
AKS003,2024-07,Female,35-49,125,4
AKS003,2024-07,Female,50+,52,0
AKS003,2024-07,Male,<15,39,0
AKS003,2024-07,Male,15-24,118,1
AKS003,2024-07,Male,25-34,113,3
AKS003,2024-07,Male,35-49,87,2
AKS003,2024-07,Male,50+,42,0
AKS003,2024-08,Female,<15,37,0
AKS003,2024-08,Female,15-24,115,1
AKS003,2024-08,Female,25-34,142,4
AKS003,2024-08,Female,35-49,90,2
AKS003,2024-08,Female,50+,37,0
AKS003,2024-08,Male,<15,30,0
AKS003,2024-08,Male,15-24,95,1
AKS003,2024-08,M,25-34,80,2
AKS003,2024-08,Male,35-49,69,2
AKS003,2024-08,Male,50+,30,0
AKS003,2024-09,Female,<15,41,1
AKS003,2024-09,Female,15-24,109,3
AKS003,2024-09,Female,25-34,103,6
AKS003,2024-09,Female,35-49,77,4
AKS003,2024-09,female,50+,36,1
AKS003,2024-09,M,<15,25,0
AKS003,2024-09,M,15-24,79,2
AKS003,2024-09,Male,25-34,72,4
AKS003,2024-09,Male,35-49,58,3
AKS003,2024-09,Male,50+,31,0
AKS003,2024-10,Female,<15,38,0
AKS003,2024-10,F,15-24,127,1
AKS003,2024-10,Female,25-34,117,3
AKS003,2024-10,F,35-49,87,2
AKS003,2024-10,Female,50+,39,0
AKS003,2024-10,Male,0-14,29,0
AKS003,2024-10,Male,15-24,83,1
AKS003,2024-10,Male,25-34,83,2
AKS003,2024-10,Male,35-49,64,1
AKS003,2024-10,M,50+,35,0
AKS003,2024-11,Female,<15,38,0
AKS003,2024-11,Female,15-24,117,2
AKS003,2024-11,Female,25-34,121,4
AKS003,2024-11,Female,35-49,83,3
AKS003,2024-11,Female,50+,41,0
AKS003,2024-11,Male,<15,29,0
AKS003,2024-11,Male,15-24,85,1
AKS003,2024-11,M,25-34,79,2
AKS003,2024-11,M,35-49,65,2
AKS003,2024-11,Male,50+,33,0
AKS003,2024-12,Female,<15,22,0
AKS003,2024-12,Female,15-24,65,0
AKS003,2024-12,Female,25-34,77,2
AKS003,2024-12,F,35-49,53,1
AKS003,2024-12,Female,50+,20,0
AKS003,2024-12,Male,<15,17,0
AKS003,2024-12,Male,15-24,50,0
AKS003,2024-12,Male,25-34,50,1
AKS003,2024-12,Male,35-49,37,1
AKS003,2024-12,Male,50+,17,0
AKS004,2024-01,Female,<15,14,0
AKS004,2024-01,Female,15-24,41,N/A
AKS004,2024-01,Female,25-34,37,0
AKS004,2024-01,F,35-49,27,0
AKS004,2024-01,Female,50+,12,0
AKS004,2024-01,Male,<15,9,0
AKS004,2024-01,Male,15-24,28,0
AKS004,2024-01,Male,25-34,29,0
AKS004,2024-01,Male,35-49,18,0
AKS004,2024-01,Male,50+,10,0
AKS004,2024-02,Female,<15,12,0
AKS004,2024-02,Female,15-24,35,1
AKS004,2024-02,Female,25-34,39,2
AKS004,2024-02,Female,35-49,28,1
AKS004,2024-02,Female,50+,12,0
AKS004,2024-02,M,<15,9,0
AKS004,2024-02,Male,15-24,26,0
AKS004,2024-02,Male,25-34,24,1
AKS004,2024-02,Male,35-49,22,1
AKS004,2024-02,M,50+,9,0
AKS004,2024-03,Female,<15,13,0
AKS004,2024-03,F,15-24,46,1
AKS004,2024-03,Female,25-34,48,4
AKS004,2024-03,F,35-49,35,3
AKS004,2024-03,F,50+,16,0
AKS004,2024-03,Male,<15,11,0
AKS004,2024-03,Male,15-24,29,1
AKS004,2024-03,Male,25-34,36,3
AKS004,2024-03,Male,35-49,27,2
AKS004,2024-03,Male,50+,10,0
AKS004,2024-04,Female,<15,13,0
AKS004,2024-04,Female,15-24,41,0
AKS004,2024-04,Female,25-34,45,1
AKS004,2024-04,Female,35-49,37,1
AKS004,2024-04,female,50+,15,0
AKS004,2024-04,Male,<15,12,0
AKS004,2024-04,M,15-24,34,0
AKS004,2024-04,Male,25-34,30,1
AKS004,2024-04,Male,35-49,22,0
AKS004,2024-04,Male,50+,10,0
AKS004,2024-05,Female,<15,18,0
AKS004,2024-05,Female,15-24,44,1
AKS004,2024-05,Female,25-34,47,3
AKS004,2024-05,Female,35-49,33,2
AKS004,2024-05,Female,50+,18,0
AKS004,2024-05,Male,<15,11,0
AKS004,2024-05,Male,15-24,33,1
AKS004,2024-05,Male,25-34,35,2
AKS004,2024-05,Male,35-49,27,2
AKS004,2024-05,Male,50+,10,0
AKS004,2024-06,Female,<15,14,0
AKS004,2024-06,Female,15-24,38,1
AKS004,2024-06,Female,25-34,41,2
AKS004,2024-06,Female,35-49,32,1
AKS004,2024-06,Female,50+,12,0
AKS004,2024-06,Male,<15,9,0
AKS004,2024-06,Male,15-24,29,0
AKS004,2024-06,Male,25-34,32,1
AKS004,2024-06,Male,35-49,18,1
AKS004,2024-06,Male,50+,10,0
AKS004,2024-07,Female,<15,14,0
AKS004,2024-07,Female,15-24,45,1
AKS004,2024-07,Female,25-34,50,2
AKS004,2024-07,Female,35-49,42,2
AKS004,2024-07,female,50+,16,0
AKS004,2024-07,Male,<15,10,0
AKS004,2024-07,Male,15-24,35,1
AKS004,2024-07,Male,25-34,37,2
AKS004,2024-07,Male,35-49,24,1
AKS004,2024-07,Male,50 and above,14,0
AKS004,2024-08,Female,0-14,12,0
AKS004,2024-08,Female,15-24,40,0
AKS004,2024-08,Female,25-34,47,2
AKS004,2024-08,Female,35-49,26,1
AKS004,2024-08,Female,50+,12,0
AKS004,2024-08,Male,<15,8,0
AKS004,2024-08,Male,15-24,31,0
AKS004,2024-08,Male,25-34,27,1
AKS004,2024-08,Male,35-49,22,1
AKS004,2024-08,Male,50+,10,0
AKS004,2024-09,Female,<15,17,0
AKS004,2024-09,Female,15-24,49,0
AKS004,2024-09,Female,25-34,48,1
AKS004,2024-09,Female,35-49,39,0
AKS004,2024-09,F,50+,16,0
AKS004,2024-09,male,<15,12,0
AKS004,2024-09,Male,15-24,34,0
AKS004,2024-09,Male,25-34,38,0
AKS004,2024-09,male,35-49,26,0
AKS004,2024-09,Male,50+,12,0
AKS004,2024-10,Female,<15,13,0
AKS004,2024-10,Female,15-24,44,0
AKS004,2024-10,Female,25-34,47,1
AKS004,2024-10,Female,35-49,32,1
AKS004,2024-10,Female,50 and above,12,0
AKS004,2024-10,Male,<15,11,0
AKS004,2024-10,Male,15-24,28,0
AKS004,2024-10,Male,25-34,35,1
AKS004,2024-10,Male,35-49,23,0
AKS004,2024-10,male,50+,9,0
AKS004,2024-11,F,<15,12,0
AKS004,2024-11,Female,15-24,27,0
AKS004,2024-11,Female,25-34,33,0
AKS004,2024-11,Female,35-49,27,0
AKS004,2024-11,Female,50+,11,0
AKS004,2024-11,Male,<15,7,0
AKS004,2024-11,Male,15-24,22,0
AKS004,2024-11,Male,25-34,25,0
AKS004,2024-11,Male,35-49,17,0
AKS004,2024-11,Male,50+,8,0
AKS004,2024-12,Female,<15,9,0
AKS004,2024-12,Female,15-24,28,0
AKS004,2024-12,Female,25-34,30,1
AKS004,2024-12,Female,35-49,23,1
AKS004,2024-12,Female,50+,10,0
AKS004,2024-12,Male,<15,8,0
AKS004,2024-12,Male,15-24,19,0
AKS004,2024-12,Male,25-34,21,1
AKS004,2024-12,Male,35-49,17,0
AKS004,2024-12,Male,50+,7,0
AKS005,2024-01,Female,<15,6,0
AKS005,2024-01,Female,15-24,15,0
AKS005,2024-01,F,25-34,19,0
AKS005,2024-01,Female,35-49,14,0
AKS005,2024-01,Female,50+,6,0
AKS005,2024-01,Male,<15,4,0
AKS005,2024-01,Male,15-24,12,0
AKS005,2024-01,Male,25-34,14,0
AKS005,2024-01,M,35-49,9,0
AKS005,2024-01,Male,50+,3,0
AKS005,2024-02,Female,<15,6,0
AKS005,2024-02,Female,15-24,20,0
AKS005,2024-02,F,25-34,20,0
AKS005,2024-02,Female,35-49,17,0
AKS005,2024-02,Female,50+,8,0
AKS005,2024-02,Male,<15,5,0
AKS005,2024-02,Male,15-24,12,0
AKS005,2024-02,Male,25-34,17,0
AKS005,2024-02,Male,35-49,12,0
AKS005,2024-02,Male,50+,5,0
AKS005,2024-03,Female,<15,10,0
AKS005,2024-03,Female,15-24,26,0
AKS005,2024-03,Female,25-34,29,0
AKS005,2024-03,female,35-49,21,0
AKS005,2024-03,Female,50+,9,0
AKS005,2024-03,Male,<15,6,0
AKS005,2024-03,Male,15-24,18,0
AKS005,2024-03,Male,25-34,21,0
AKS005,2024-03,Male,35-49,16,0
AKS005,2024-03,Male,50+,6,0
AKS005,2024-04,Female,<15,9,0
AKS005,2024-04,F,15-24,27,0
AKS005,2024-04,female,25-34,29,0
AKS005,2024-04,Female,35-49,19,0
AKS005,2024-04,F,50+,8,0
AKS005,2024-04,Male,<15,6,0
AKS005,2024-04,Male,15-24,21,0
AKS005,2024-04,Male,25-34,17,0
AKS005,2024-04,Male,35-49,14,0
AKS005,2024-04,Male,50+,7,0
AKS005,2024-05,F,0-14,8,0
AKS005,2024-05,Female,15-24,22,0
AKS005,2024-05,F,25-34,27,0
AKS005,2024-05,Female,35-49,20,0
AKS005,2024-05,Female,50+,7,0
AKS005,2024-05,Male,<15,5,0
AKS005,2024-05,Male,15 - 24,18,0
AKS005,2024-05,M,25-34,18,0
AKS005,2024-05,Male,35-49,13,0
AKS005,2024-05,Male,50+,5,0
AKS005,2024-06,Female,<15,6,0
AKS005,2024-06,Female,15-24,,0
AKS005,2024-06,Female,25-34,25,0
AKS005,2024-06,female,35-49,15,0
AKS005,2024-06,Female,50+,7,0
AKS005,2024-06,Male,<15,6,0
AKS005,2024-06,Male,15-24,14,0
AKS005,2024-06,Male,25-34,16,0
AKS005,2024-06,Male,35-49,12,0
AKS005,2024-06,Male,50+,6,0
AKS005,2024-07,Female,<15,8,0
AKS005,2024-07,Female,15-24,23,0
AKS005,2024-07,Female,25-34,21,0
AKS005,2024-07,F,35-49,20,0
AKS005,2024-07,female,50+,6,0
AKS005,2024-07,Male,<15,4,0
AKS005,2024-07,Male,15 - 24,17,0
AKS005,2024-07,Male,25-34,17,0
AKS005,2024-07,Male,35-49,14,0
AKS005,2024-07,M,50+,5,0
AKS005,2024-08,Female,<15,10,0
AKS005,2024-08,Female,15-24,26,0
AKS005,2024-08,Female,25-34,24,0
AKS005,2024-08,Female,35-49,20,0
AKS005,2024-08,Female,50+,8,0
AKS005,2024-08,Male,<15,6,0
AKS005,2024-08,male,15-24,17,0
AKS005,2024-08,Male,25-34,21,0
AKS005,2024-08,Male,35-49,12,0
AKS005,2024-08,Male,50+,7,0
AKS005,2024-09,Female,0-14,9,0
AKS005,2024-09,Female,15-24,24,0
AKS005,2024-09,Female,25-34,28,0
AKS005,2024-09,Female,35-49,19,0
AKS005,2024-09,female,50+,9,0
AKS005,2024-09,male,<15,7,0
AKS005,2024-09,Male,15-24,19,0
AKS005,2024-09,Male,25-34,20,0
AKS005,2024-09,Male,35-49,12,0
AKS005,2024-09,Male,50+,6,0
AKS005,2024-10,Female,<15,7,0
AKS005,2024-10,Female,15-24,22,0
AKS005,2024-10,Female,25-34,24,0
AKS005,2024-10,Female,35-49,16,0
AKS005,2024-10,Female,50+,7,0
AKS005,2024-10,Male,<15,6,0
AKS005,2024-10,Male,15-24,16,0
AKS005,2024-10,Male,25-34,15,0
AKS005,2024-10,Male,35-49,11,0
AKS005,2024-10,Male,50+,6,0
AKS005,2024-11,Female,<15,8,0
AKS005,2024-11,Female,15-24,24,0
AKS005,2024-11,Female,25-34,26,0
AKS005,2024-11,f,35-49,20,0
AKS005,2024-11,F,50+,7,0
AKS005,2024-11,M,<15,5,0
AKS005,2024-11,Male,15-24,14,0
AKS005,2024-11,Male,25-34,20,0
AKS005,2024-11,Male,35-49,14,0
AKS005,2024-11,Male,50+,6,0
AKS005,2024-12,Female,<15,7,0
AKS005,2024-12,Female,15-24,19,0
AKS005,2024-12,Female,25-34,19,0
AKS005,2024-12,Female,35-49,18,0
AKS005,2024-12,Female,50 and above,8,0
AKS005,2024-12,Male,<15,5,0
AKS005,2024-12,M,15-24,13,0
AKS005,2024-12,M,25-34,17,0
AKS005,2024-12,Male,35-49,11,0
AKS005,2024-12,Male,50+,4,0
AKS006,2024-01,Female,<15,26,0
AKS006,2024-01,F,15-24,70,2
AKS006,2024-01,Female,25-34,89,5
AKS006,2024-01,Female,35-49,52,3
AKS006,2024-01,Female,50+,28,0
AKS006,2024-01,Male,<15,20,0
AKS006,2024-01,Male,15-24,47,1
AKS006,2024-01,Male,25-34,61,3
AKS006,2024-01,Male,35-49,46,2
AKS006,2024-01,Male,50+,17,0
AKS006,2024-02,Female,<15,37,0
AKS006,2024-02,Female,15-24,106,2
AKS006,2024-02,Female,25-34,88,
AKS006,2024-02,Female,35-49,73,3
AKS006,2024-02,Female,50+,34,0
AKS006,2024-02,Male,0-14,24,0
AKS006,2024-02,Male,15-24,71,1
AKS006,2024-02,Male,25-34,73,3
AKS006,2024-02,Male,35-49,52,2
AKS006,2024-02,Male,50+,25,0
AKS006,2024-03,Female,<15,33,0
AKS006,2024-03,Female,15-24,74,1
AKS006,2024-03,female,25-34,97,3
AKS006,2024-03,Female,35-49,55,2
AKS006,2024-03,Female,50+,29,0
AKS006,2024-03,Male,<15,22,0
AKS006,2024-03,Male,15-24,54,1
AKS006,2024-03,Male,25-34,59,2
AKS006,2024-03,Male,35-49,48,1
AKS006,2024-03,Male,50+,24,0
AKS006,2024-04,Female,<15,32,0
AKS006,2024-04,F,15-24,108,2
AKS006,2024-04,Female,25-34,99,5
AKS006,2024-04,Female,35-49,88,4
AKS006,2024-04,Female,50+,35,0
AKS006,2024-04,Male,<15,28,0
AKS006,2024-04,Male,15-24,71,1
AKS006,2024-04,Male,25-34,78,4
AKS006,2024-04,Male,35-49,62,3
AKS006,2024-04,Male,50+,23,0
AKS006,2024-05,Female,<15,30,0
AKS006,2024-05,Female,15-24,86,1
AKS006,2024-05,F,25-34,79,3
AKS006,2024-05,Female,35-49,61,2
AKS006,2024-05,Female,50+,32,0
AKS006,2024-05,Male,<15,21,0
AKS006,2024-05,Male,15 - 24,51,0
AKS006,2024-05,Male,25-34,67,2
AKS006,2024-05,Male,35-49,51,2
AKS006,2024-05,Male,50+,19,0
AKS006,2024-06,Female,<15,34,0
AKS006,2024-06,Female,15-24,102,2
AKS006,2024-06,Female,25-34,112,5
AKS006,2024-06,Female,35-49,78,3
AKS006,2024-06,Female,50+,32,0
AKS006,2024-06,Male,<15,24,0
AKS006,2024-06,Male,15-24,69,1
AKS006,2024-06,Male,25-34,86,3
AKS006,2024-06,Male,35-49,56,2
AKS006,2024-06,Male,50+,23,0
AKS006,2024-07,F,<15,42,0
AKS006,2024-07,Female,15-24,95,1
AKS006,2024-07,Female,25-34,113,3
AKS006,2024-07,Female,35-49,87,2
AKS006,2024-07,F,50+,44,0
AKS006,2024-07,Male,<15,29,0
AKS006,2024-07,Male,15-24,75,1
AKS006,2024-07,M,25-34,87,2
AKS006,2024-07,Male,35-49,55,1
AKS006,2024-07,Male,50+,30,0
AKS006,2024-08,Female,<15,33,0
AKS006,2024-08,Female,15-24,105,N/A
AKS006,2024-08,Female,25-34,98,4
AKS006,2024-08,Female,35-49,76,3
AKS006,2024-08,Female,50+,38,0
AKS006,2024-08,male,<15,25,0
AKS006,2024-08,Male,15-24,66,1
AKS006,2024-08,Male,25-34,87,3
AKS006,2024-08,Male,35-49,50,2
AKS006,2024-08,Male,50+,24,0
AKS006,2024-09,F,<15,23,0
AKS006,2024-09,Female,15-24,73,0
AKS006,2024-09,female,25-34,85,2
AKS006,2024-09,Female,35-49,58,1
AKS006,2024-09,Female,50+,28,0
AKS006,2024-09,Male,<15,16,0
AKS006,2024-09,Male,15-24,56,0
AKS006,2024-09,Male,25-34,65,1
AKS006,2024-09,male,35-49,36,0
AKS006,2024-09,Male,50+,19,0
AKS006,2024-10,Female,<15,32,0
AKS006,2024-10,Female,15-24,95,2
AKS006,2024-10,Female,25-34,91,4
AKS006,2024-10,Female,35-49,69,3
AKS006,2024-10,Female,50+,29,0
AKS006,2024-10,Male,0-14,20,0
AKS006,2024-10,Male,15-24,68,1
AKS006,2024-10,Male,25-34,72,3
AKS006,2024-10,M,35-49,44,2
AKS006,2024-10,Male,50 and above,24,0
AKS006,2024-11,F,0-14,25,0
AKS006,2024-11,Female,15-24,68,1
AKS006,2024-11,Female,25-34,79,4
AKS006,2024-11,Female,35-49,52,2
AKS006,2024-11,Female,50+,24,0
AKS006,2024-11,Male,<15,21,0
AKS006,2024-11,Male,15-24,48,1
AKS006,2024-11,Male,25-34,52,2
AKS006,2024-11,Male,35-49,41,2
AKS006,2024-11,Male,50+,16,0
AKS006,2024-12,Female,<15,29,0
AKS006,2024-12,Female,15-24,75,1
AKS006,2024-12,Female,25-34,93,3
AKS006,2024-12,Female,35-49,61,2
AKS006,2024-12,Female,50+,30,0
AKS006,2024-12,Male,<15,19,0
AKS006,2024-12,Male,15-24,66,1
AKS006,2024-12,M,25-34,53,1
AKS006,2024-12,Male,35-49,45,1
AKS006,2024-12,Male,50+,23,0
AKS007,2024-01,Female,<15,66,0
AKS007,2024-01,Female,15-24,183,1
AKS007,2024-01,Female,25-34,206,3
AKS007,2024-01,Female,35-49,136,2
AKS007,2024-01,Female,50+,67,0
AKS007,2024-01,Male,<15,41,0
AKS007,2024-01,Male,15-24,129,0
AKS007,2024-01,Male,25-34,145,2
AKS007,2024-01,Male,35-49,114,1
AKS007,2024-01,male,50+,48,0
AKS007,2024-02,Female,<15,69,0
AKS007,2024-02,Female,15-24,155,1
AKS007,2024-02,Female,25-34,166,3
AKS007,2024-02,F,35-49,159,3
AKS007,2024-02,Female,50+,61,0
AKS007,2024-02,Male,<15,49,0
AKS007,2024-02,Male,15-24,112,1
AKS007,2024-02,M,25-34,124,2
AKS007,2024-02,Male,35-49,108,2
AKS007,2024-02,Male,50+,48,0
AKS007,2024-03,Female,<15,78,0
AKS007,2024-03,F,15-24,217,2
AKS007,2024-03,Female,25-34,230,4
AKS007,2024-03,Female,35-49,150,3
AKS007,2024-03,Female,50+,74,0
AKS007,2024-03,M,<15,47,0
AKS007,2024-03,M,15-24,162,1
AKS007,2024-03,Male,25-34,145,2
AKS007,2024-03,Male,35-49,138,2
AKS007,2024-03,Male,50+,49,0
AKS007,2024-04,Female,<15,77,0
AKS007,2024-04,Female,15-24,180,1
AKS007,2024-04,Female,25-34,209,2
AKS007,2024-04,Female,35-49,131,1
AKS007,2024-04,F,50+,65,0
AKS007,2024-04,Male,<15,51,0
AKS007,2024-04,Male,15-24,127,0
AKS007,2024-04,Male,25-34,157,1
AKS007,2024-04,Male,35-49,99,1
AKS007,2024-04,Male,50+,44,0
AKS007,2024-05,Female,<15,60,0
AKS007,2024-05,Female,15-24,199,1
AKS007,2024-05,female,25-34,,4
AKS007,2024-05,Female,35-49,163,2
AKS007,2024-05,Female,50+,73,0
AKS007,2024-05,Male,<15,56,0
AKS007,2024-05,Male,15 - 24,N/A,1
AKS007,2024-05,M,25-34,153,2
AKS007,2024-05,Male,35-49,117,2
AKS007,2024-05,Male,50+,48,0
AKS007,2024-06,Female,<15,67,0
AKS007,2024-06,F,15-24,214,1
AKS007,2024-06,Female,25-34,199,3
AKS007,2024-06,Female,35-49,170,2
AKS007,2024-06,Female,50+,77,0
AKS007,2024-06,M,<15,51,0
AKS007,2024-06,Male,15-24,142,1
AKS007,2024-06,Male,25-34,177,2
AKS007,2024-06,Male,35-49,106,1
AKS007,2024-06,M,50+,50,0
AKS007,2024-07,F,<15,63,0
AKS007,2024-07,Female,15-24,189,2
AKS007,2024-07,Female,25-34,217,4
AKS007,2024-07,Female,35-49,129,2
AKS007,2024-07,Female,50 and above,73,0
AKS007,2024-07,Male,<15,43,0
AKS007,2024-07,Male,15-24,145,1
AKS007,2024-07,Male,25-34,136,3
AKS007,2024-07,Male,35-49,114,2
AKS007,2024-07,Male,50+,48,0
AKS007,2024-08,F,<15,72,0
AKS007,2024-08,Female,15-24,176,2
AKS007,2024-08,Female,25-34,219,5
AKS007,2024-08,Female,35-49,147,3
AKS007,2024-08,Female,50+,,0
AKS007,2024-08,Male,<15,61,0
AKS007,2024-08,M,15-24,130,1
AKS007,2024-08,Male,25-34,137,3
AKS007,2024-08,male,35-49,115,2
AKS007,2024-08,Male,50+,53,0
AKS007,2024-09,F,<15,67,0
AKS007,2024-09,F,15-24,189,2
AKS007,2024-09,Female,25-34,232,5
AKS007,2024-09,Female,35-49,154,
AKS007,2024-09,Female,50+,70,0
AKS007,2024-09,Male,<15,54,0
AKS007,2024-09,Male,15-24,127,1
AKS007,2024-09,Male,25-34,174,3
AKS007,2024-09,Male,35-49,104,2
AKS007,2024-09,Male,50+,55,0
AKS007,2024-10,Female,<15,49,0
AKS007,2024-10,Female,15-24,129,0
AKS007,2024-10,Female,25-34,172,2
AKS007,2024-10,Female,35-49,105,1
AKS007,2024-10,Female,50+,50,0
AKS007,2024-10,Male,<15,34,0
AKS007,2024-10,Male,15-24,117,0
AKS007,2024-10,Male,25-34,95,1
AKS007,2024-10,Male,35-49,80,1
AKS007,2024-10,Male,50+,40,0
AKS007,2024-11,Female,<15,70,0
AKS007,2024-11,Female,15-24,183,1
AKS007,2024-11,Female,25-34,166,2
AKS007,2024-11,F,35-49,143,2
AKS007,2024-11,Female,50+,68,0
AKS007,2024-11,Male,<15,36,0
AKS007,2024-11,Male,15-24,128,1
AKS007,2024-11,M,25-34,147,2
AKS007,2024-11,M,35-49,98,1
AKS007,2024-11,Male,50+,47,0
AKS007,2024-12,Female,0-14,60,1
AKS007,2024-12,Female,15 - 24,154,2
AKS007,2024-12,Female,25-34,186,6
AKS007,2024-12,Female,35-49,138,4
AKS007,2024-12,F,50+,56,0
AKS007,2024-12,Male,<15,43,0
AKS007,2024-12,Male,15-24,126,2
AKS007,2024-12,Male,25-34,127,4
AKS007,2024-12,M,35-49,98,3
AKS007,2024-12,Male,50+,35,0
AKS008,2024-01,Female,<15,4,0
AKS008,2024-01,Female,15-24,12,0
AKS008,2024-01,Female,25-34,12,0
AKS008,2024-01,F,35-49,8,0
AKS008,2024-01,Female,50+,4,0
AKS008,2024-01,Male,<15,3,0
AKS008,2024-01,Male,15-24,7,0
AKS008,2024-01,M,25-34,9,0
AKS008,2024-01,Male,35-49,7,0
AKS008,2024-01,Male,50+,3,0
AKS008,2024-02,Female,<15,5,0
AKS008,2024-02,Female,15-24,15,0
AKS008,2024-02,Female,25-34,17,1
AKS008,2024-02,Female,35-49,12,0
AKS008,2024-02,Female,50+,4,0
AKS008,2024-02,Male,<15,3,0
AKS008,2024-02,Male,15-24,10,0
AKS008,2024-02,Male,25-34,,0
AKS008,2024-02,Male,35-49,9,0
AKS008,2024-02,Male,50+,4,0
AKS008,2024-03,Female,<15,6,0
AKS008,2024-03,Female,15-24,17,0
AKS008,2024-03,Female,25-34,17,0
AKS008,2024-03,Female,35-49,14,0
AKS008,2024-03,Female,50+,5,0
AKS008,2024-03,Male,<15,4,0
AKS008,2024-03,male,15-24,13,0
AKS008,2024-03,Male,25-34,12,0
AKS008,2024-03,Male,35-49,9,0
AKS008,2024-03,Male,50+,4,0
AKS008,2024-04,F,<15,6,0
AKS008,2024-04,Female,15-24,20,0
AKS008,2024-04,Female,25-34,23,0
AKS008,2024-04,Female,35-49,12,0
AKS008,2024-04,Female,50+,6,0
AKS008,2024-04,Male,<15,4,0
AKS008,2024-04,Male,15-24,13,0
AKS008,2024-04,Male,25-34,14,0
AKS008,2024-04,Male,35-49,10,0
AKS008,2024-04,Male,50+,5,0
AKS008,2024-05,Female,<15,7,0
AKS008,2024-05,Female,15-24,19,0
AKS008,2024-05,Female,25-34,18,0
AKS008,2024-05,F,35-49,15,0
AKS008,2024-05,Female,50+,7,0
AKS008,2024-05,Male,<15,4,0
AKS008,2024-05,M,15-24,14,0
AKS008,2024-05,Male,25-34,14,0
AKS008,2024-05,M,35-49,11,0
AKS008,2024-05,Male,50+,4,0
AKS008,2024-06,Female,<15,6,0
AKS008,2024-06,Female,15-24,18,0
AKS008,2024-06,Female,25-34,23,1
AKS008,2024-06,Female,35-49,14,0
AKS008,2024-06,Female,50+,7,0
AKS008,2024-06,M,<15,4,0
AKS008,2024-06,Male,15-24,14,0
AKS008,2024-06,Male,25-34,14,0
AKS008,2024-06,Male,35-49,11,0
AKS008,2024-06,Male,50+,5,0
AKS008,2024-07,Female,<15,7,0
AKS008,2024-07,Female,15-24,18,0
AKS008,2024-07,Female,25-34,18,N/A
AKS008,2024-07,Female,35-49,15,0
AKS008,2024-07,Female,50+,6,0
AKS008,2024-07,M,<15,4,0
AKS008,2024-07,Male,15-24,14,0
AKS008,2024-07,Male,25-34,13,0
AKS008,2024-07,Male,35-49,10,0
AKS008,2024-07,Male,50+,4,0
AKS008,2024-08,Female,<15,6,0
AKS008,2024-08,Female,15-24,19,0
AKS008,2024-08,Female,25-34,20,0
AKS008,2024-08,Female,35-49,13,0
AKS008,2024-08,Female,50+,7,0
AKS008,2024-08,Male,<15,5,0
AKS008,2024-08,Male,15 - 24,14,0
AKS008,2024-08,Male,25-34,13,0
AKS008,2024-08,Male,35-49,10,0
AKS008,2024-08,male,50+,4,0
AKS008,2024-09,female,<15,6,0
AKS008,2024-09,Female,15-24,16,0
AKS008,2024-09,Female,25-34,17,0
AKS008,2024-09,Female,35-49,11,0
AKS008,2024-09,Female,50+,6,0
AKS008,2024-09,Male,<15,4,0
AKS008,2024-09,Male,15-24,12,0
AKS008,2024-09,Male,25-34,11,0
AKS008,2024-09,Male,35-49,9,0
AKS008,2024-09,Male,50+,3,0
AKS008,2024-10,female,<15,4,0
AKS008,2024-10,Female,15-24,13,0
AKS008,2024-10,Female,25-34,16,0
AKS008,2024-10,Female,35-49,9,0
AKS008,2024-10,F,50+,5,0
AKS008,2024-10,Male,<15,3,0
AKS008,2024-10,Male,15-24,10,0
AKS008,2024-10,Male,25-34,11,0
AKS008,2024-10,Male,35-49,7,0
AKS008,2024-10,Male,50+,2,0
AKS008,2024-11,F,<15,4,0
AKS008,2024-11,Female,15-24,16,0
AKS008,2024-11,Female,25-34,14,0
AKS008,2024-11,Female,35-49,9,0
AKS008,2024-11,Female,50+,4,0
AKS008,2024-11,Male,<15,3,0
AKS008,2024-11,Male,15-24,9,0
AKS008,2024-11,Male,25-34,11,0
AKS008,2024-11,Male,35-49,6,0
AKS008,2024-11,Male,50+,3,0
AKS008,2024-12,Female,<15,4,0
AKS008,2024-12,F,15-24,13,0
AKS008,2024-12,Female,25-34,14,0
AKS008,2024-12,Female,35-49,9,0
AKS008,2024-12,Female,50 and above,5,0
AKS008,2024-12,Male,<15,2,0
AKS008,2024-12,Male,15-24,9,0
AKS008,2024-12,Male,25-34,10,0
AKS008,2024-12,Male,35-49,8,0
AKS008,2024-12,Male,50+,3,0
AKS009,2024-01,Female,<15,6,0
AKS009,2024-01,Female,15-24,13,0
AKS009,2024-01,Female,25-34,15,0
AKS009,2024-01,Female,35-49,12,0
AKS009,2024-01,Female,50+,6,0
AKS009,2024-01,Male,<15,3,0
AKS009,2024-01,Male,15-24,11,0
AKS009,2024-01,Male,25-34,12,0
AKS009,2024-01,Male,35-49,7,0
AKS009,2024-01,Male,50+,3,0
AKS009,2024-02,Female,<15,4,0
AKS009,2024-02,Female,15-24,14,0
AKS009,2024-02,Female,25-34,13,0
AKS009,2024-02,Female,35-49,10,0
AKS009,2024-02,Female,50+,4,0
AKS009,2024-02,Male,<15,3,0
AKS009,2024-02,M,15-24,8,0
AKS009,2024-02,Male,25-34,10,0
AKS009,2024-02,Male,35-49,8,0
AKS009,2024-02,Male,50+,3,0
AKS009,2024-03,Female,<15,5,0
AKS009,2024-03,Female,15-24,12,0
AKS009,2024-03,Female,25-34,13,0
AKS009,2024-03,Female,35-49,9,0
AKS009,2024-03,Female,50+,4,0
AKS009,2024-03,Male,<15,2,0
AKS009,2024-03,Male,15-24,9,0
AKS009,2024-03,Male,25-34,9,0
AKS009,2024-03,Male,35-49,7,0
AKS009,2024-03,Male,50+,3,0
AKS009,2024-04,Female,<15,4,0
AKS009,2024-04,Female,15-24,13,0
AKS009,2024-04,Female,25-34,14,0
AKS009,2024-04,Female,35-49,11,0
AKS009,2024-04,Female,50 and above,4,0
AKS009,2024-04,male,<15,3,0
AKS009,2024-04,M,15-24,8,0
AKS009,2024-04,Male,25-34,11,0
AKS009,2024-04,M,35-49,8,0
AKS009,2024-04,Male,50+,2,0
AKS009,2024-05,Female,<15,7,0
AKS009,2024-05,Female,15-24,18,0
AKS009,2024-05,Female,25-34,18,1
AKS009,2024-05,Female,35-49,16,1
AKS009,2024-05,female,50+,6,0
AKS009,2024-05,Male,<15,4,0
AKS009,2024-05,Male,15-24,12,0
AKS009,2024-05,Male,25-34,15,1
AKS009,2024-05,Male,35-49,10,1
AKS009,2024-05,Male,50+,5,0
AKS009,2024-06,f,<15,6,0
AKS009,2024-06,F,15-24,14,0
AKS009,2024-06,Female,25-34,18,0
AKS009,2024-06,Female,35-49,11,0
AKS009,2024-06,F,50+,5,0
AKS009,2024-06,Male,<15,4,0
AKS009,2024-06,Male,15-24,12,0
AKS009,2024-06,Male,25-34,10,0
AKS009,2024-06,Male,35-49,9,0
AKS009,2024-06,Male,50+,4,0
AKS009,2024-07,F,<15,6,0
AKS009,2024-07,Female,15-24,17,0
AKS009,2024-07,F,25-34,16,1
AKS009,2024-07,F,35-49,15,1
AKS009,2024-07,Female,50+,7,0
AKS009,2024-07,male,<15,4,0
AKS009,2024-07,male,15-24,14,0
AKS009,2024-07,Male,25-34,13,1
AKS009,2024-07,Male,35-49,10,0
AKS009,2024-07,Male,50+,4,0
AKS009,2024-08,Female,<15,4,0
AKS009,2024-08,Female,15-24,10,0
AKS009,2024-08,Female,25-34,13,0
AKS009,2024-08,Female,35-49,8,0
AKS009,2024-08,F,50+,4,0
AKS009,2024-08,Male,<15,2,0
AKS009,2024-08,Male,15-24,8,0
AKS009,2024-08,Male,25-34,8,0
AKS009,2024-08,Male,35-49,6,0
AKS009,2024-08,Male,50+,2,0
AKS009,2024-09,Female,<15,7,0
AKS009,2024-09,Female,15-24,17,0
AKS009,2024-09,Female,25-34,19,1
AKS009,2024-09,Female,35-49,11,0
AKS009,2024-09,Female,50+,5,0
AKS009,2024-09,Male,0-14,5,0
AKS009,2024-09,Male,15-24,12,0
AKS009,2024-09,M,25-34,12,1
AKS009,2024-09,Male,35-49,9,0
AKS009,2024-09,Male,50+,4,0
AKS009,2024-10,F,<15,6,0
AKS009,2024-10,Female,15-24,15,0
AKS009,2024-10,Female,25-34,19,1
AKS009,2024-10,Female,35-49,12,0
AKS009,2024-10,Female,50+,4,0
AKS009,2024-10,Male,<15,4,0
AKS009,2024-10,Male,15-24,11,0
AKS009,2024-10,Male,25-34,12,0
AKS009,2024-10,Male,35-49,9,0
AKS009,2024-10,Male,50+,4,0
AKS009,2024-11,Female,<15,6,0
AKS009,2024-11,Female,15-24,14,0
AKS009,2024-11,Female,25-34,15,0
AKS009,2024-11,Female,35-49,12,0
AKS009,2024-11,Female,50+,5,0
AKS009,2024-11,Male,<15,4,0
AKS009,2024-11,Male,15-24,-,0
AKS009,2024-11,M,25-34,11,0
AKS009,2024-11,Male,35-49,8,0
AKS009,2024-11,Male,50+,4,0
AKS009,2024-12,Female,<15,6,0
AKS009,2024-12,Female,15-24,13,0
AKS009,2024-12,female,25-34,18,1
AKS009,2024-12,Female,35-49,11,1
AKS009,2024-12,Female,50+,5,0
AKS009,2024-12,Male,<15,3,0
AKS009,2024-12,Male,15-24,10,0
AKS009,2024-12,M,25-34,11,1
AKS009,2024-12,Male,35-49,9,1
AKS009,2024-12,M,50+,4,0
AKS010,2024-01,Female,<15,23,0
AKS010,2024-01,Female,15-24,72,0
AKS010,2024-01,Female,25-34,73,1
AKS010,2024-01,Female,35-49,56,1
AKS010,2024-01,Female,50+,26,0
AKS010,2024-01,Male,<15,17,0
AKS010,2024-01,Male,15-24,48,0
AKS010,2024-01,Male,25-34,55,1
AKS010,2024-01,male,35-49,43,0
AKS010,2024-01,Male,50+,18,0
AKS010,2024-02,Female,<15,42,0
AKS010,2024-02,F,15-24,118,1
AKS010,2024-02,Female,25-34,104,2
AKS010,2024-02,Female,35-49,80,1
AKS010,2024-02,Female,50+,40,0
AKS010,2024-02,Male,<15,28,0
AKS010,2024-02,Male,15-24,73,0
AKS010,2024-02,Male,25-34,94,2
AKS010,2024-02,Male,35-49,60,1
AKS010,2024-02,Male,50+,23,0
AKS010,2024-03,Female,<15,42,0
AKS010,2024-03,female,15-24,123,2
AKS010,2024-03,F,25-34,103,3
AKS010,2024-03,Female,35-49,85,3
AKS010,2024-03,Female,50+,36,0
AKS010,2024-03,Male,<15,26,0
AKS010,2024-03,Male,15-24,88,1
AKS010,2024-03,Male,25-34,77,2
AKS010,2024-03,Male,35-49,64,2
AKS010,2024-03,Male,50+,26,0
AKS010,2024-04,Female,<15,39,0
AKS010,2024-04,Female,15-24,89,1
AKS010,2024-04,Female,25-34,112,4
AKS010,2024-04,Female,35-49,73,2
AKS010,2024-04,Female,50 and above,36,0
AKS010,2024-04,Male,<15,25,0
AKS010,2024-04,Male,15-24,77,1
AKS010,2024-04,Male,25-34,68,2
AKS010,2024-04,Male,35-49,58,2
AKS010,2024-04,M,50+,24,0
AKS010,2024-05,F,<15,49,0
AKS010,2024-05,Female,15-24,114,1
AKS010,2024-05,female,25-34,129,3
AKS010,2024-05,Female,35-49,91,2
AKS010,2024-05,female,50+,40,0
AKS010,2024-05,Male,<15,27,0
AKS010,2024-05,M,15-24,77,1
AKS010,2024-05,Male,25-34,92,2
AKS010,2024-05,Male,35-49,75,2
AKS010,2024-05,Male,50+,34,0
AKS010,2024-06,Female,<15,36,0
AKS010,2024-06,F,15-24,81,1
AKS010,2024-06,Female,25-34,112,5
AKS010,2024-06,Female,35-49,78,3
AKS010,2024-06,F,50+,30,0
AKS010,2024-06,Male,<15,27,0
AKS010,2024-06,male,15-24,67,1
AKS010,2024-06,Male,25-34,69,3
AKS010,2024-06,Male,35-49,55,2
AKS010,2024-06,Male,50+,25,0
AKS010,2024-07,Female,<15,41,0
AKS010,2024-07,F,15-24,126,0
AKS010,2024-07,Female,25-34,127,1
AKS010,2024-07,Female,35-49,101,1
AKS010,2024-07,Female,50+,43,0
AKS010,2024-07,M,<15,35,0
AKS010,2024-07,Male,15 - 24,87,0
AKS010,2024-07,Male,25-34,93,1
AKS010,2024-07,M,35-49,72,1
AKS010,2024-07,Male,50+,29,0
AKS010,2024-08,Female,<15,42,0
AKS010,2024-08,female,15-24,111,1
AKS010,2024-08,Female,25-34,123,3
AKS010,2024-08,female,35-49,87,2
AKS010,2024-08,Female,50+,41,0
AKS010,2024-08,Male,<15,34,0
AKS010,2024-08,Male,15-24,74,1
AKS010,2024-08,Male,25-34,89,2
AKS010,2024-08,Male,35-49,62,1
AKS010,2024-08,Male,50+,33,0
AKS010,2024-09,Female,<15,32,0
AKS010,2024-09,Female,15-24,113,1
AKS010,2024-09,Female,25-34,107,2
AKS010,2024-09,Female,35-49,93,2
AKS010,2024-09,Female,50+,34,0
AKS010,2024-09,Male,<15,,0
AKS010,2024-09,Male,15-24,69,0
AKS010,2024-09,Male,25-34,91,2
AKS010,2024-09,Male,35-49,64,1
AKS010,2024-09,M,50 and above,26,0
AKS010,2024-10,Female,<15,34,0
AKS010,2024-10,f,15 - 24,86,1
AKS010,2024-10,Female,25-34,118,4
AKS010,2024-10,female,35-49,67,2
AKS010,2024-10,Female,50+,34,0
AKS010,2024-10,M,<15,21,0
AKS010,2024-10,Male,15-24,76,1
AKS010,2024-10,Male,25-34,66,2
AKS010,2024-10,Male,35-49,56,2
AKS010,2024-10,M,50+,26,0
AKS010,2024-11,Female,<15,38,0
AKS010,2024-11,Female,15-24,113,1
AKS010,2024-11,Female,25-34,110,2
AKS010,2024-11,Female,35-49,83,1
AKS010,2024-11,Female,50+,42,0
AKS010,2024-11,Male,<15,28,0
AKS010,2024-11,Male,15-24,77,0
AKS010,2024-11,Male,25-34,83,1
AKS010,2024-11,male,35-49,64,1
AKS010,2024-11,Male,50+,27,0
AKS010,2024-12,Female,<15,46,0
AKS010,2024-12,Female,15-24,134,1
AKS010,2024-12,Female,25-34,118,2
AKS010,2024-12,F,35-49,106,2
AKS010,2024-12,Female,50 and above,51,0
AKS010,2024-12,Male,<15,33,0
AKS010,2024-12,Male,15-24,87,1
AKS010,2024-12,Male,25-34,108,2
AKS010,2024-12,Male,35-49,67,1
AKS010,2024-12,Male,50 and above,34,0
AKS011,2024-01,Female,<15,6,N/A
AKS011,2024-01,F,15-24,16,0
AKS011,2024-01,Female,25-34,17,0
AKS011,2024-01,F,35-49,12,0
AKS011,2024-01,F,50+,5,0
AKS011,2024-01,Male,<15,4,0
AKS011,2024-01,Male,15-24,10,0
AKS011,2024-01,Male,25-34,13,0
AKS011,2024-01,Male,35-49,8,0
AKS011,2024-01,M,50+,4,0
AKS011,2024-02,F,<15,6,0
AKS011,2024-02,Female,15-24,17,0
AKS011,2024-02,Female,25-34,18,1
AKS011,2024-02,Female,35-49,14,1
AKS011,2024-02,Female,50+,5,0
AKS011,2024-02,Male,<15,4,0
AKS011,2024-02,M,15-24,13,0
AKS011,2024-02,Male,25-34,13,1
AKS011,2024-02,Male,35-49,9,0
AKS011,2024-02,Male,50+,5,0
AKS011,2024-03,Female,<15,5,0
AKS011,2024-03,F,15-24,18,0
AKS011,2024-03,Female,25-34,18,0
AKS011,2024-03,Female,35-49,11,0
AKS011,2024-03,Female,50+,5,0
AKS011,2024-03,Male,<15,4,0
AKS011,2024-03,Male,15 - 24,12,0
AKS011,2024-03,Male,25-34,11,0
AKS011,2024-03,Male,35-49,10,0
AKS011,2024-03,Male,50+,5,0
AKS011,2024-04,Female,<15,6,0
AKS011,2024-04,Female,15-24,20,1
AKS011,2024-04,Female,25-34,22,3
AKS011,2024-04,Female,35-49,13,2
AKS011,2024-04,Female,50+,7,0
AKS011,2024-04,Male,<15,5,0
AKS011,2024-04,Male,15-24,14,1
AKS011,2024-04,Male,25-34,15,2
AKS011,2024-04,Male,35-49,11,1
AKS011,2024-04,Male,50+,5,0
AKS011,2024-05,female,<15,6,0
AKS011,2024-05,Female,15-24,19,0
AKS011,2024-05,Female,25-34,24,0
AKS011,2024-05,Female,35-49,14,0
AKS011,2024-05,Female,50+,7,0
AKS011,2024-05,Male,<15,4,0
AKS011,2024-05,Male,15-24,13,0
AKS011,2024-05,male,25-34,16,0
AKS011,2024-05,Male,35-49,12,0
AKS011,2024-05,Male,50 and above,4,0
AKS011,2024-06,Female,<15,7,0
AKS011,2024-06,Female,15-24,25,0
AKS011,2024-06,Female,25-34,22,1
AKS011,2024-06,Female,35-49,15,0
AKS011,2024-06,Female,50+,8,0
AKS011,2024-06,Male,<15,5,0
AKS011,2024-06,male,15-24,16,0
AKS011,2024-06,M,25-34,16,0
AKS011,2024-06,Male,35-49,13,0
AKS011,2024-06,Male,50+,5,0
AKS011,2024-07,Female,<15,8,0
AKS011,2024-07,female,15-24,23,0
AKS011,2024-07,Female,25-34,25,1
AKS011,2024-07,Female,35-49,21,1
AKS011,2024-07,F,50+,8,0
AKS011,2024-07,Male,<15,7,0
AKS011,2024-07,Male,15-24,19,0
AKS011,2024-07,Male,25-34,17,0
AKS011,2024-07,Male,35-49,12,0
AKS011,2024-07,Male,50+,5,0
AKS011,2024-08,Female,<15,9,0
AKS011,2024-08,Female,15-24,20,0
AKS011,2024-08,Female,25-34,23,2
AKS011,2024-08,Female,35-49,16,1
AKS011,2024-08,F,50+,8,0
AKS011,2024-08,Male,<15,5,0
AKS011,2024-08,Male,15-24,16,0
AKS011,2024-08,male,25-34,16,1
AKS011,2024-08,Male,35-49,11,1
AKS011,2024-08,Male,50+,6,0
AKS011,2024-09,Female,<15,7,0
AKS011,2024-09,Female,15-24,21,0
AKS011,2024-09,F,25-34,22,0
AKS011,2024-09,Female,35-49,17,0
AKS011,2024-09,Female,50+,8,0
AKS011,2024-09,Male,<15,4,0
AKS011,2024-09,Male,15-24,14,0
AKS011,2024-09,M,25-34,17,0
AKS011,2024-09,Male,35-49,12,0
AKS011,2024-09,Male,50+,5,0
AKS011,2024-10,Female,<15,6,0
AKS011,2024-10,F,15-24,14,0
AKS011,2024-10,Female,25-34,19,0
AKS011,2024-10,F,35-49,12,0
AKS011,2024-10,Female,50+,5,0
AKS011,2024-10,Male,<15,3,0
AKS011,2024-10,Male,15-24,11,0
AKS011,2024-10,Male,25-34,12,0
AKS011,2024-10,Male,35-49,10,0
AKS011,2024-10,Male,50+,3,0
AKS011,2024-11,Female,<15,6,0
AKS011,2024-11,Female,15-24,20,1
AKS011,2024-11,Female,25-34,19,1
AKS011,2024-11,Female,35-49,12,1
AKS011,2024-11,Female,50+,6,0
AKS011,2024-11,Male,<15,4,0
AKS011,2024-11,Male,15 - 24,13,0
AKS011,2024-11,M,25-34,14,1
AKS011,2024-11,Male,35-49,10,1
AKS011,2024-11,M,50+,5,0
AKS011,2024-12,Female,<15,5,0
AKS011,2024-12,Female,15-24,15,0
AKS011,2024-12,Female,25-34,20,2
AKS011,2024-12,Female,35-49,15,1
AKS011,2024-12,Female,50+,5,0
AKS011,2024-12,Male,<15,4,0
AKS011,2024-12,Male,15-24,13,0
AKS011,2024-12,Male,25-34,14,1
AKS011,2024-12,Male,35-49,8,1
AKS011,2024-12,M,50+,4,0
AKS012,2024-01,Female,<15,53,2
AKS012,2024-01,Female,15-24,175,6
AKS012,2024-01,F,25-34,152,11
AKS012,2024-01,Female,35-49,113,8
AKS012,2024-01,F,50+,55,2
AKS012,2024-01,Male,<15,38,N/A
AKS012,2024-01,M,15-24,108,4
AKS012,2024-01,Male,25-34,131,10
AKS012,2024-01,Male,35-49,84,6
AKS012,2024-01,Male,50+,35,1
AKS012,2024-02,Female,<15,56,1
AKS012,2024-02,Female,15-24,159,4
AKS012,2024-02,Female,25-34,138,7
AKS012,2024-02,Female,35-49,103,5
AKS012,2024-02,Female,50+,46,1
AKS012,2024-02,Male,<15,39,1
AKS012,2024-02,male,15-24,93,2
AKS012,2024-02,Male,25-34,115,5
AKS012,2024-02,Male,35-49,81,4
AKS012,2024-02,Male,50+,35,0
AKS012,2024-03,Female,<15,61,1
AKS012,2024-03,Female,15-24,185,3
AKS012,2024-03,Female,25-34,164,
AKS012,2024-03,Female,35-49,137,5
AKS012,2024-03,female,50+,59,1
AKS012,2024-03,Male,0-14,51,1
AKS012,2024-03,Male,15-24,118,2
AKS012,2024-03,Male,25-34,137,5
AKS012,2024-03,Male,35-49,89,3
AKS012,2024-03,Male,50+,43,0
AKS012,2024-04,Female,<15,64,2
AKS012,2024-04,Female,15-24,189,7
AKS012,2024-04,Female,25-34,193,16
AKS012,2024-04,F,35-49,175,14
AKS012,2024-04,female,50+,83,3
AKS012,2024-04,Male,<15,54,2
AKS012,2024-04,Male,15-24,136,5
AKS012,2024-04,Male,25-34,158,13
AKS012,2024-04,Male,35-49,107,9
AKS012,2024-04,Male,50+,53,2
AKS012,2024-05,Female,<15,65,2
AKS012,2024-05,Female,15-24,211,6
AKS012,2024-05,Female,25-34,216,14
AKS012,2024-05,Female,35-49,153,10
AKS012,2024-05,Female,50+,68,2
AKS012,2024-05,M,0-14,49,1
AKS012,2024-05,Male,15 - 24,161,5
AKS012,2024-05,Male,25-34,157,-
AKS012,2024-05,M,35-49,95,6
AKS012,2024-05,Male,50+,53,1
AKS012,2024-06,Female,<15,82,2
AKS012,2024-06,Female,15-24,211,6
AKS012,2024-06,Female,25-34,220,13
AKS012,2024-06,Female,35-49,194,11
AKS012,2024-06,F,50+,76,2
AKS012,2024-06,M,<15,57,1
AKS012,2024-06,Male,15-24,152,4
AKS012,2024-06,Male,25-34,173,10
AKS012,2024-06,M,35-49,120,7
AKS012,2024-06,Male,50 and above,65,1
AKS012,2024-07,Female,<15,75,1
AKS012,2024-07,Female,15-24,203,5
AKS012,2024-07,F,25-34,230,11
AKS012,2024-07,Female,35-49,135,7
AKS012,2024-07,Female,50+,74,1
AKS012,2024-07,Male,<15,44,1
AKS012,2024-07,Male,15-24,153,3
AKS012,2024-07,Male,25-34,147,7
AKS012,2024-07,male,35-49,126,6
AKS012,2024-07,Male,50+,49,1
AKS012,2024-08,Female,<15,73,2
AKS012,2024-08,Female,15-24,199,7
AKS012,2024-08,F,25-34,237,16
AKS012,2024-08,Female,35-49,167,11
AKS012,2024-08,Female,50+,77,2
AKS012,2024-08,Male,<15,46,1
AKS012,2024-08,Male,15-24,173,6
AKS012,2024-08,Male,25-34,140,10
AKS012,2024-08,Male,35-49,137,9
AKS012,2024-08,Male,50 and above,48,1
AKS012,2024-09,Female,<15,66,2
AKS012,2024-09,Female,15-24,193,7
AKS012,2024-09,female,25-34,163,13
AKS012,2024-09,Female,35-49,127,10
AKS012,2024-09,Female,50+,56,2
AKS012,2024-09,Male,<15,38,1
AKS012,2024-09,Male,15-24,135,5
AKS012,2024-09,Male,25-34,,9
AKS012,2024-09,Male,35-49,106,8
AKS012,2024-09,Male,50+,40,1
AKS012,2024-10,Female,<15,58,2
AKS012,2024-10,Female,15-24,195,6
AKS012,2024-10,Female,25-34,203,14
AKS012,2024-10,Female,35-49,132,9
AKS012,2024-10,Female,50 and above,75,2
AKS012,2024-10,Male,0-14,45,1
AKS012,2024-10,Male,15-24,123,4
AKS012,2024-10,Male,25-34,157,10
AKS012,2024-10,Male,35-49,99,6
AKS012,2024-10,male,50+,56,1
AKS012,2024-11,Female,<15,73,1
AKS012,2024-11,Female,15-24,185,3
AKS012,2024-11,Female,25-34,203,8
AKS012,2024-11,F,35-49,142,6
AKS012,2024-11,Female,50+,65,1
AKS012,2024-11,Male,<15,52,1
AKS012,2024-11,Male,15-24,129,2
AKS012,2024-11,Male,25-34,-,5
AKS012,2024-11,Male,35-49,112,4
AKS012,2024-11,Male,50+,49,1
AKS012,2024-12,Female,<15,68,1
AKS012,2024-12,Female,15-24,164,4
AKS012,2024-12,F,25-34,217,10
AKS012,2024-12,F,35-49,152,7
AKS012,2024-12,Female,50+,67,1
AKS012,2024-12,Male,<15,53,1
AKS012,2024-12,Male,15-24,136,3
AKS012,2024-12,Male,25-34,154,7
AKS012,2024-12,Male,35-49,92,4
AKS012,2024-12,Male,50+,48,1
AKS013,2024-01,Female,<15,20,0
AKS013,2024-01,Female,15-24,52,1
AKS013,2024-01,Female,25-34,71,2
AKS013,2024-01,female,35-49,40,1
AKS013,2024-01,Female,50+,18,0
AKS013,2024-01,M,<15,16,0
AKS013,2024-01,Male,15-24,41,0
AKS013,2024-01,Male,25-34,43,1
AKS013,2024-01,Male,35-49,31,1
AKS013,2024-01,Male,50+,14,0
AKS013,2024-02,Female,<15,20,0
AKS013,2024-02,Female,15-24,68,1
AKS013,2024-02,Female,25-34,55,3
AKS013,2024-02,Female,35-49,54,3
AKS013,2024-02,Female,50+,22,0
AKS013,2024-02,Male,<15,17,0
AKS013,2024-02,Male,15-24,47,1
AKS013,2024-02,Male,25-34,48,2
AKS013,2024-02,Male,35-49,32,1
AKS013,2024-02,Male,50+,14,0
AKS013,2024-03,Female,<15,24,0
AKS013,2024-03,Female,15-24,69,0
AKS013,2024-03,F,25-34,92,2
AKS013,2024-03,female,35-49,51,1
AKS013,2024-03,Female,50+,26,0
AKS013,2024-03,Male,<15,20,0
AKS013,2024-03,Male,15-24,48,0
AKS013,2024-03,Male,25-34,59,1
AKS013,2024-03,Male,35-49,43,1
AKS013,2024-03,M,50+,19,0
AKS013,2024-04,Female,<15,24,0
AKS013,2024-04,Female,15-24,75,1
AKS013,2024-04,Female,25-34,84,3
AKS013,2024-04,Female,35-49,64,2
AKS013,2024-04,Female,50+,29,0
AKS013,2024-04,M,<15,17,0
AKS013,2024-04,M,15-24,59,1
AKS013,2024-04,Male,25-34,58,2
AKS013,2024-04,Male,35-49,46,1
AKS013,2024-04,Male,50+,20,0
AKS013,2024-05,Female,<15,16,0
AKS013,2024-05,Female,15 - 24,52,1
AKS013,2024-05,Female,25-34,51,3
AKS013,2024-05,F,35-49,38,2
AKS013,2024-05,Female,50+,16,0
AKS013,2024-05,Male,0-14,11,0
AKS013,2024-05,Male,15 - 24,34,1
AKS013,2024-05,Male,25-34,38,2
AKS013,2024-05,Male,35-49,31,2
AKS013,2024-05,male,50 and above,11,0
AKS013,2024-06,Female,<15,27,0
AKS013,2024-06,Female,15-24,81,1
AKS013,2024-06,Female,25-34,76,3
AKS013,2024-06,Female,35-49,67,2
AKS013,2024-06,Female,50+,26,0
AKS013,2024-06,Male,<15,20,0
AKS013,2024-06,Male,15-24,54,1
AKS013,2024-06,Male,25-34,61,2
AKS013,2024-06,M,35-49,46,2
AKS013,2024-06,Male,50+,21,0
AKS013,2024-07,Female,<15,29,0
AKS013,2024-07,Female,15-24,82,1
AKS013,2024-07,Female,25-34,109,3
AKS013,2024-07,Female,35-49,66,2
AKS013,2024-07,Female,50+,29,0
AKS013,2024-07,Male,<15,23,0
AKS013,2024-07,Male,15-24,65,1
AKS013,2024-07,Male,25-34,65,2
AKS013,2024-07,Male,35-49,53,1
AKS013,2024-07,Male,50+,21,0
AKS013,2024-08,Female,<15,22,0
AKS013,2024-08,Female,15-24,80,1
AKS013,2024-08,female,25-34,73,2
AKS013,2024-08,F,35-49,63,1
AKS013,2024-08,Female,50+,22,0
AKS013,2024-08,Male,<15,18,0
AKS013,2024-08,Male,15-24,52,0
AKS013,2024-08,Male,25-34,60,1
AKS013,2024-08,Male,35-49,39,1
AKS013,2024-08,M,50+,19,0
AKS013,2024-09,Female,<15,27,1
AKS013,2024-09,Female,15-24,79,3
AKS013,2024-09,Female,25-34,88,7
AKS013,2024-09,Female,35-49,57,4
AKS013,2024-09,Female,50+,23,0
AKS013,2024-09,Male,<15,18,0
AKS013,2024-09,Male,15-24,53,2
AKS013,2024-09,Male,25-34,61,5
AKS013,2024-09,Male,35-49,46,3
AKS013,2024-09,Male,50+,20,0
AKS013,2024-10,Female,0-14,21,0
AKS013,2024-10,Female,15-24,69,1
AKS013,2024-10,Female,25-34,61,2
AKS013,2024-10,Female,35-49,52,2
AKS013,2024-10,Female,50+,22,0
AKS013,2024-10,Male,<15,15,0
AKS013,2024-10,Male,15-24,46,1
AKS013,2024-10,Male,25-34,49,2
AKS013,2024-10,Male,35-49,33,1
AKS013,2024-10,Male,50+,18,0
AKS013,2024-11,Female,<15,18,0
AKS013,2024-11,Female,15-24,44,2
AKS013,2024-11,F,25-34,57,5
AKS013,2024-11,Female,35-49,39,3
AKS013,2024-11,Female,50+,17,0
AKS013,2024-11,Male,<15,13,0
AKS013,2024-11,Male,15-24,38,1
AKS013,2024-11,M,25-34,38,3
AKS013,2024-11,Male,35-49,25,2
AKS013,2024-11,M,50+,11,0
AKS013,2024-12,Female,<15,20,0
AKS013,2024-12,Female,15-24,65,1
AKS013,2024-12,F,25-34,70,3
AKS013,2024-12,F,35-49,43,2
AKS013,2024-12,Female,50+,23,0
AKS013,2024-12,Male,<15,17,0
AKS013,2024-12,Male,15-24,46,1
AKS013,2024-12,Male,25-34,45,2
AKS013,2024-12,Male,35-49,37,1
AKS013,2024-12,Male,50+,13,0
AKS014,2024-01,Female,<15,14,0
AKS014,2024-01,Female,15-24,29,0
AKS014,2024-01,Female,25-34,34,0
AKS014,2024-01,Female,35-49,29,0
AKS014,2024-01,Female,50+,11,0
AKS014,2024-01,Male,<15,9,0
AKS014,2024-01,Male,15-24,23,0
AKS014,2024-01,m,25-34,25,0
AKS014,2024-01,Male,35-49,18,0
AKS014,2024-01,Male,50+,9,0
AKS014,2024-02,Female,<15,15,0
AKS014,2024-02,Female,15-24,46,1
AKS014,2024-02,Female,25-34,45,2
AKS014,2024-02,Female,35-49,34,1
AKS014,2024-02,female,50+,16,0
AKS014,2024-02,Male,<15,10,0
AKS014,2024-02,Male,15-24,30,0
AKS014,2024-02,Male,25-34,35,1
AKS014,2024-02,Male,35-49,24,1
AKS014,2024-02,Male,50+,13,0
AKS014,2024-03,F,<15,11,0
AKS014,2024-03,Female,15-24,35,0
AKS014,2024-03,Female,25-34,42,1
AKS014,2024-03,Female,35-49,27,0
AKS014,2024-03,F,50+,12,0
AKS014,2024-03,Male,<15,10,0
AKS014,2024-03,Male,15-24,26,0
AKS014,2024-03,Male,25-34,27,0
AKS014,2024-03,Male,35-49,20,0
AKS014,2024-03,Male,50+,9,0
AKS014,2024-04,Female,<15,15,0
AKS014,2024-04,Female,15-24,42,0
AKS014,2024-04,Female,25-34,39,0
AKS014,2024-04,F,35-49,27,0
AKS014,2024-04,Female,50 and above,15,0
AKS014,2024-04,Male,<15,10,0
AKS014,2024-04,M,15-24,27,0
AKS014,2024-04,M,25-34,27,0
AKS014,2024-04,male,35-49,25,0
AKS014,2024-04,Male,50+,11,0
AKS014,2024-05,Female,<15,16,0
AKS014,2024-05,Female,15-24,42,0
AKS014,2024-05,Female,25-34,50,2
AKS014,2024-05,Female,35-49,33,
AKS014,2024-05,Female,50+,15,0
AKS014,2024-05,Male,<15,12,0
AKS014,2024-05,Male,15-24,29,0
AKS014,2024-05,Male,25-34,36,1
AKS014,2024-05,male,35-49,23,1
AKS014,2024-05,Male,50+,12,0
AKS014,2024-06,Female,<15,15,0
AKS014,2024-06,Female,15-24,43,1
AKS014,2024-06,Female,25-34,50,2
AKS014,2024-06,Female,35-49,35,1
AKS014,2024-06,F,50 and above,17,0
AKS014,2024-06,Male,<15,11,0
AKS014,2024-06,Male,15-24,31,0
AKS014,2024-06,Male,25-34,33,1
AKS014,2024-06,Male,35-49,28,1
AKS014,2024-06,Male,50+,11,0
AKS014,2024-07,Female,<15,14,0
AKS014,2024-07,Female,15-24,41,1
AKS014,2024-07,Female,25-34,50,3
AKS014,2024-07,Female,35-49,31,2
AKS014,2024-07,Female,50+,17,0
AKS014,2024-07,Male,<15,10,0
AKS014,2024-07,Male,15-24,29,1
AKS014,2024-07,Male,25-34,31,2
AKS014,2024-07,Male,35-49,29,2
AKS014,2024-07,M,50+,13,0
AKS014,2024-08,Female,<15,13,0
AKS014,2024-08,Female,15-24,42,0
AKS014,2024-08,Female,25-34,40,1
AKS014,2024-08,Female,35-49,30,1
AKS014,2024-08,Female,50+,13,0
AKS014,2024-08,M,0-14,10,0
AKS014,2024-08,Male,15-24,30,0
AKS014,2024-08,Male,25-34,25,1
AKS014,2024-08,Male,35-49,23,0
AKS014,2024-08,Male,50+,10,0
AKS014,2024-09,F,<15,13,0
AKS014,2024-09,Female,15 - 24,33,1
AKS014,2024-09,F,25-34,38,2
AKS014,2024-09,Female,35-49,33,2
AKS014,2024-09,Female,50+,13,0
AKS014,2024-09,M,<15,9,0
AKS014,2024-09,Male,15 - 24,23,0
AKS014,2024-09,Male,25-34,31,2
AKS014,2024-09,Male,35-49,21,1
AKS014,2024-09,Male,50+,10,0
AKS014,2024-10,Female,<15,12,0
AKS014,2024-10,Female,15-24,35,1
AKS014,2024-10,Female,25-34,39,3
AKS014,2024-10,Female,35-49,28,2
AKS014,2024-10,Female,50+,11,0
AKS014,2024-10,male,<15,8,0
AKS014,2024-10,male,15 - 24,23,0
AKS014,2024-10,Male,25-34,28,2
AKS014,2024-10,M,35-49,20,1
AKS014,2024-10,Male,50+,9,0
AKS014,2024-11,Female,<15,13,0
AKS014,2024-11,Female,15-24,35,0
AKS014,2024-11,female,25-34,40,1
AKS014,2024-11,Female,35-49,28,1
AKS014,2024-11,Female,50+,10,0
AKS014,2024-11,Male,<15,9,0
AKS014,2024-11,Male,15-24,23,0
AKS014,2024-11,Male,25-34,29,1
AKS014,2024-11,Male,35-49,20,0
AKS014,2024-11,Male,50+,10,0
AKS014,2024-12,Female,<15,13,0
AKS014,2024-12,Female,15-24,43,1
AKS014,2024-12,Female,25-34,47,2
AKS014,2024-12,Female,35-49,30,1
AKS014,2024-12,Female,50+,12,0
AKS014,2024-12,Male,<15,10,0
AKS014,2024-12,Male,15-24,25,0
AKS014,2024-12,Male,25-34,36,2
AKS014,2024-12,M,35-49,23,1
AKS014,2024-12,M,50+,10,0
AKS015,2024-01,Female,<15,41,1
AKS015,2024-01,Female,15-24,92,2
AKS015,2024-01,Female,25-34,110,6
AKS015,2024-01,F,35-49,92,5
AKS015,2024-01,Female,50 and above,32,1
AKS015,2024-01,Male,<15,26,0
AKS015,2024-01,Male,15-24,71,2
AKS015,2024-01,Male,25-34,83,5
AKS015,2024-01,Male,35-49,56,3
AKS015,2024-01,Male,50+,30,0
AKS015,2024-02,Female,<15,49,1
AKS015,2024-02,Female,15 - 24,122,4
AKS015,2024-02,Female,25-34,120,8
AKS015,2024-02,Female,35-49,97,6
AKS015,2024-02,Female,50+,41,1
AKS015,2024-02,Male,<15,36,1
AKS015,2024-02,Male,15-24,84,2
AKS015,2024-02,Male,25-34,87,5
AKS015,2024-02,male,35-49,75,5
AKS015,2024-02,Male,50+,29,0
AKS015,2024-03,Female,<15,41,1
AKS015,2024-03,Female,15-24,105,3
AKS015,2024-03,Female,25-34,131,9
AKS015,2024-03,Female,35-49,78,5
AKS015,2024-03,F,50+,37,1
AKS015,2024-03,Male,<15,24,0
AKS015,2024-03,Male,15-24,91,3
AKS015,2024-03,Male,25-34,75,5
AKS015,2024-03,Male,35-49,66,4
AKS015,2024-03,Male,50+,28,0
AKS015,2024-04,Female,<15,43,0
AKS015,2024-04,Female,15-24,130,2
AKS015,2024-04,Female,25-34,112,4
AKS015,2024-04,Female,35-49,103,4
AKS015,2024-04,Female,50 and above,37,0
AKS015,2024-04,Male,0-14,32,0
AKS015,2024-04,Male,15-24,86,1
AKS015,2024-04,Male,25-34,90,3
AKS015,2024-04,Male,35-49,63,2
AKS015,2024-04,Male,50+,36,0
AKS015,2024-05,Female,<15,46,1
AKS015,2024-05,F,15 - 24,148,4
AKS015,2024-05,F,25-34,167,9
AKS015,2024-05,F,35-49,114,6
AKS015,2024-05,F,50+,43,1
AKS015,2024-05,Male,0-14,33,1
AKS015,2024-05,male,15-24,96,2
AKS015,2024-05,Male,25-34,120,7
AKS015,2024-05,Male,35-49,88,5
AKS015,2024-05,Male,50 and above,37,1
AKS015,2024-06,Female,<15,49,1
AKS015,2024-06,Female,15-24,123,3
AKS015,2024-06,Female,25-34,143,7
AKS015,2024-06,Female,35-49,95,4
AKS015,2024-06,Female,50+,49,1
AKS015,2024-06,Male,<15,34,0
AKS015,2024-06,Male,15-24,93,2
AKS015,2024-06,Male,25-34,98,4
AKS015,2024-06,Male,35-49,75,3
AKS015,2024-06,Male,50+,31,0
AKS015,2024-07,Female,<15,53,1
AKS015,2024-07,Female,15-24,136,2
AKS015,2024-07,F,25-34,139,5
AKS015,2024-07,F,35-49,110,4
AKS015,2024-07,Female,50+,49,1
AKS015,2024-07,Male,<15,37,0
AKS015,2024-07,Male,15-24,98,2
AKS015,2024-07,Male,25-34,111,4
AKS015,2024-07,Male,35-49,69,2
AKS015,2024-07,Male,50+,37,0
AKS015,2024-08,Female,<15,46,1
AKS015,2024-08,Female,15-24,127,3
AKS015,2024-08,Female,25-34,144,7
AKS015,2024-08,Female,35-49,112,6
AKS015,2024-08,F,50+,40,1
AKS015,2024-08,Male,<15,29,0
AKS015,2024-08,Male,15-24,102,2
AKS015,2024-08,M,25-34,100,5
AKS015,2024-08,Male,35-49,74,3
AKS015,2024-08,Male,50+,34,0
AKS015,2024-09,Female,<15,45,1
AKS015,2024-09,Female,15-24,118,2
AKS015,2024-09,female,25-34,145,7
AKS015,2024-09,Female,35-49,94,4
AKS015,2024-09,Female,50+,46,1
AKS015,2024-09,Male,<15,31,0
AKS015,2024-09,Male,15 - 24,95,2
AKS015,2024-09,Male,25-34,90,4
AKS015,2024-09,M,35-49,73,3
AKS015,2024-09,Male,50+,35,0
AKS015,2024-10,Female,<15,37,1
AKS015,2024-10,Female,15-24,136,5
AKS015,2024-10,Female,25-34,135,9
AKS015,2024-10,Female,35-49,104,7
AKS015,2024-10,Female,50+,47,1
AKS015,2024-10,Male,<15,38,1
AKS015,2024-10,Male,15-24,108,4
AKS015,2024-10,Male,25-34,89,6
AKS015,2024-10,Male,35-49,N/A,4
AKS015,2024-10,Male,50+,31,1
AKS015,2024-11,Female,<15,49,1
AKS015,2024-11,Female,15-24,135,3
AKS015,2024-11,Female,25-34,159,9
AKS015,2024-11,Female,35-49,108,6
AKS015,2024-11,Female,50+,56,1
AKS015,2024-11,Male,<15,33,0
AKS015,2024-11,M,15-24,104,3
AKS015,2024-11,Male,25-34,119,6
AKS015,2024-11,Male,35-49,70,4
AKS015,2024-11,Male,50 and above,39,1
AKS015,2024-12,Female,<15,42,1
AKS015,2024-12,F,15-24,136,4
AKS015,2024-12,Female,25-34,125,8
AKS015,2024-12,Female,35-49,112,7
AKS015,2024-12,Female,50+,43,1
AKS015,2024-12,M,<15,30,1
AKS015,2024-12,M,15-24,86,2
AKS015,2024-12,Male,25-34,113,7
AKS015,2024-12,M,35-49,66,4
AKS015,2024-12,Male,50+,37,1
RIV001,2024-01,Female,<15,3,0
RIV001,2024-01,Female,15-24,8,0
RIV001,2024-01,Female,25-34,8,0
RIV001,2024-01,Female,35-49,6,0
RIV001,2024-01,Female,50+,2,0
RIV001,2024-01,M,<15,1,0
RIV001,2024-01,Male,15-24,6,0
RIV001,2024-01,Male,25-34,6,0
RIV001,2024-01,M,35-49,4,0
RIV001,2024-01,Male,50+,2,0
RIV001,2024-02,F,<15,5,0
RIV001,2024-02,Female,15-24,14,0
RIV001,2024-02,Female,25-34,16,0
RIV001,2024-02,Female,35-49,12,0
RIV001,2024-02,Female,50+,4,0
RIV001,2024-02,Male,<15,3,0
RIV001,2024-02,Male,15-24,12,0
RIV001,2024-02,Male,25-34,10,0
RIV001,2024-02,m,35-49,9,0
RIV001,2024-02,Male,50+,3,0
RIV001,2024-03,F,<15,6,0
RIV001,2024-03,F,15-24,19,0
RIV001,2024-03,female,25-34,-,0
RIV001,2024-03,female,35-49,15,0
RIV001,2024-03,Female,50+,8,0
RIV001,2024-03,Male,0-14,5,0
RIV001,2024-03,Male,15 - 24,14,0
RIV001,2024-03,Male,25-34,13,0
RIV001,2024-03,Male,35-49,13,0
RIV001,2024-03,Male,50+,5,0
RIV001,2024-04,Female,<15,7,0
RIV001,2024-04,Female,15-24,23,0
RIV001,2024-04,F,25-34,21,0
RIV001,2024-04,female,35-49,15,0
RIV001,2024-04,Female,50+,9,0
RIV001,2024-04,M,<15,5,0
RIV001,2024-04,Male,15-24,14,0
RIV001,2024-04,Male,25-34,18,0
RIV001,2024-04,Male,35-49,12,0
RIV001,2024-04,Male,50+,5,0
RIV001,2024-05,Female,<15,8,0
RIV001,2024-05,Female,15 - 24,24,0
RIV001,2024-05,female,25-34,24,0
RIV001,2024-05,Female,35-49,19,0
RIV001,2024-05,Female,50+,7,0
RIV001,2024-05,Male,<15,6,0
RIV001,2024-05,Male,15-24,19,0
RIV001,2024-05,Male,25-34,16,0
RIV001,2024-05,Male,35-49,13,0
RIV001,2024-05,Male,50+,6,0
RIV001,2024-06,Female,0-14,6,0
RIV001,2024-06,Female,15-24,22,0
RIV001,2024-06,Female,25-34,21,0
RIV001,2024-06,Female,35-49,19,0
RIV001,2024-06,female,50+,6,0
RIV001,2024-06,Male,<15,5,0
RIV001,2024-06,Male,15-24,16,0
RIV001,2024-06,M,25-34,15,0
RIV001,2024-06,Male,35-49,12,0
RIV001,2024-06,Male,50+,6,0
RIV001,2024-07,Female,<15,7,0
RIV001,2024-07,Female,15-24,20,0
RIV001,2024-07,Female,25-34,22,0
RIV001,2024-07,Female,35-49,15,0
RIV001,2024-07,Female,50+,8,0
RIV001,2024-07,Male,0-14,5,0
RIV001,2024-07,Male,15-24,16,0
RIV001,2024-07,Male,25-34,16,0
RIV001,2024-07,Male,35-49,10,0
RIV001,2024-07,Male,50+,5,0
RIV001,2024-08,Female,0-14,8,0
RIV001,2024-08,Female,15-24,23,0
RIV001,2024-08,Female,25-34,20,0
RIV001,2024-08,Female,35-49,17,0
RIV001,2024-08,Female,50+,6,0
RIV001,2024-08,M,<15,4,0
RIV001,2024-08,Male,15-24,15,0
RIV001,2024-08,Male,25-34,17,0
RIV001,2024-08,Male,35-49,-,0
RIV001,2024-08,M,50+,5,0
RIV001,2024-09,female,<15,6,0
RIV001,2024-09,Female,15-24,20,0
RIV001,2024-09,F,25-34,,0
RIV001,2024-09,Female,35-49,12,0
RIV001,2024-09,Female,50+,5,0
RIV001,2024-09,Male,<15,4,0
RIV001,2024-09,Male,15-24,13,0
RIV001,2024-09,Male,25-34,14,N/A
RIV001,2024-09,Male,35-49,9,0
RIV001,2024-09,Male,50+,4,0
RIV001,2024-10,Female,<15,6,0
RIV001,2024-10,Female,15-24,19,0
RIV001,2024-10,F,25-34,20,0
RIV001,2024-10,Female,35-49,13,0
RIV001,2024-10,Female,50 and above,6,0
RIV001,2024-10,Male,<15,4,0
RIV001,2024-10,Male,15-24,11,0
RIV001,2024-10,Male,25-34,14,0
RIV001,2024-10,male,35-49,11,0
RIV001,2024-10,Male,50+,4,0
RIV001,2024-11,F,<15,5,0
RIV001,2024-11,Female,15-24,15,0
RIV001,2024-11,Female,25-34,19,0
RIV001,2024-11,Female,35-49,14,0
RIV001,2024-11,Female,50+,6,0
RIV001,2024-11,Male,<15,4,0
RIV001,2024-11,Male,15 - 24,11,0
RIV001,2024-11,Male,25-34,14,0
RIV001,2024-11,M,35-49,8,0
RIV001,2024-11,Male,50+,4,0
RIV001,2024-12,Female,<15,6,0
RIV001,2024-12,Female,15-24,19,0
RIV001,2024-12,Female,25-34,20,0
RIV001,2024-12,F,35-49,15,0
RIV001,2024-12,Female,50 and above,6,0
RIV001,2024-12,Male,<15,5,0
RIV001,2024-12,Male,15-24,14,0
RIV001,2024-12,Male,25-34,13,0
RIV001,2024-12,Male,35-49,10,0
RIV001,2024-12,Male,50+,4,0
RIV002,2024-01,Female,<15,79,0
RIV002,2024-01,Female,15-24,229,2
RIV002,2024-01,Female,25-34,290,7
RIV002,2024-01,Female,35-49,190,4
RIV002,2024-01,Female,50+,107,1
RIV002,2024-01,Male,<15,54,0
RIV002,2024-01,male,15-24,172,2
RIV002,2024-01,M,25-34,208,5
RIV002,2024-01,Male,35-49,155,3
RIV002,2024-01,Male,50 and above,58,0
RIV002,2024-02,Female,<15,105,1
RIV002,2024-02,Female,15-24,232,4
RIV002,2024-02,Female,25-34,304,10
RIV002,2024-02,Female,35-49,173,6
RIV002,2024-02,Female,50+,86,1
RIV002,2024-02,Male,<15,69,1
RIV002,2024-02,Male,15-24,163,2
RIV002,2024-02,Male,25-34,205,7
RIV002,2024-02,Male,35-49,144,5
RIV002,2024-02,Male,50+,69,1
RIV002,2024-03,Female,<15,93,1
RIV002,2024-03,female,15-24,222,4
RIV002,2024-03,Female,25-34,296,10
RIV002,2024-03,Female,35-49,224,8
RIV002,2024-03,Female,50+,91,1
RIV002,2024-03,Male,0-14,72,1
RIV002,2024-03,Male,15-24,202,3
RIV002,2024-03,Male,25-34,173,6
RIV002,2024-03,M,35-49,161,5
RIV002,2024-03,Male,50+,61,1
RIV002,2024-04,F,<15,113,1
RIV002,2024-04,Female,15-24,381,6
RIV002,2024-04,Female,25-34,321,10
RIV002,2024-04,Female,35-49,256,8
RIV002,2024-04,Female,50+,128,2
RIV002,2024-04,Male,<15,81,1
RIV002,2024-04,Male,15-24,228,3
RIV002,2024-04,Male,25-34,265,8
RIV002,2024-04,Male,35-49,205,6
RIV002,2024-04,Male,50 and above,89,1
RIV002,2024-05,Female,<15,107,1
RIV002,2024-05,Female,15-24,270,3
RIV002,2024-05,Female,25-34,308,7
RIV002,2024-05,F,35-49,265,6
RIV002,2024-05,Female,50+,122,1
RIV002,2024-05,Male,<15,88,1
RIV002,2024-05,Male,15-24,245,2
RIV002,2024-05,Male,25-34,210,4
RIV002,2024-05,Male,35-49,155,3
RIV002,2024-05,Male,50+,77,0
RIV002,2024-06,Female,<15,146,1
RIV002,2024-06,Female,15-24,315,3
RIV002,2024-06,Female,25-34,384,7
RIV002,2024-06,Female,35-49,277,5
RIV002,2024-06,Female,50+,124,1
RIV002,2024-06,Male,<15,90,0
RIV002,2024-06,Male,15-24,264,2
RIV002,2024-06,Male,25-34,262,5
RIV002,2024-06,Male,35-49,200,4
RIV002,2024-06,Male,50+,87,0
RIV002,2024-07,Female,<15,119,1
RIV002,2024-07,Female,15-24,394,6
RIV002,2024-07,Female,25-34,447,14
RIV002,2024-07,Female,35-49,282,9
RIV002,2024-07,Female,50+,124,2
RIV002,2024-07,Male,<15,88,1
RIV002,2024-07,Male,15-24,296,-
RIV002,2024-07,Male,25-34,289,9
RIV002,2024-07,male,35-49,218,7
RIV002,2024-07,Male,50 and above,98,1
RIV002,2024-08,Female,<15,125,1
RIV002,2024-08,Female,15-24,342,4
RIV002,2024-08,Female,25-34,415,10
RIV002,2024-08,Female,35-49,269,6
RIV002,2024-08,Female,50+,128,1
RIV002,2024-08,Male,<15,81,1
RIV002,2024-08,Male,15-24,266,3
RIV002,2024-08,male,25-34,295,7
RIV002,2024-08,Male,35-49,185,4
RIV002,2024-08,Male,50+,99,1
RIV002,2024-09,Female,<15,119,1
RIV002,2024-09,Female,15-24,321,3
RIV002,2024-09,Female,25-34,293,6
RIV002,2024-09,Female,35-49,-,4
RIV002,2024-09,Female,50+,94,1
RIV002,2024-09,Male,<15,76,0
RIV002,2024-09,Male,15-24,204,2
RIV002,2024-09,Male,25-34,234,5
RIV002,2024-09,Male,35-49,167,3
RIV002,2024-09,Male,50+,79,0
RIV002,2024-10,Female,<15,112,1
RIV002,2024-10,Female,15-24,304,4
RIV002,2024-10,Female,25-34,282,8
RIV002,2024-10,F,35-49,203,6
RIV002,2024-10,Female,50+,113,1
RIV002,2024-10,Male,<15,62,0
RIV002,2024-10,Male,15-24,210,3
RIV002,2024-10,Male,25-34,234,7
RIV002,2024-10,M,35-49,167,5
RIV002,2024-10,Male,50+,60,0
RIV002,2024-11,Female,<15,100,1
RIV002,2024-11,Female,15-24,282,3
RIV002,2024-11,Female,25-34,331,7
RIV002,2024-11,Female,35-49,188,4
RIV002,2024-11,Female,50+,109,1
RIV002,2024-11,M,<15,76,0
RIV002,2024-11,Male,15-24,217,2
RIV002,2024-11,Male,25-34,187,4
RIV002,2024-11,Male,35-49,182,4
RIV002,2024-11,Male,50+,69,0
RIV002,2024-12,Female,<15,88,0
RIV002,2024-12,Female,15-24,263,2
RIV002,2024-12,Female,25-34,275,4
RIV002,2024-12,Female,35-49,194,3
RIV002,2024-12,Female,50+,89,0
RIV002,2024-12,Male,<15,58,0
RIV002,2024-12,M,15-24,185,1
RIV002,2024-12,Male,25-34,196,3
RIV002,2024-12,Male,35-49,141,2
RIV002,2024-12,Male,50+,77,0
RIV003,2024-01,Female,<15,20,0
RIV003,2024-01,F,15-24,44,1
RIV003,2024-01,Female,25-34,55,4
RIV003,2024-01,Female,35-49,43,3
RIV003,2024-01,Female,50 and above,15,0
RIV003,2024-01,M,<15,14,0
RIV003,2024-01,Male,15 - 24,38,1
RIV003,2024-01,Male,25-34,39,3
RIV003,2024-01,Male,35-49,24,2
RIV003,2024-01,Male,50+,13,0
RIV003,2024-02,Female,<15,22,0
RIV003,2024-02,F,15-24,69,2
RIV003,2024-02,F,25-34,77,5
RIV003,2024-02,Female,35-49,51,3
RIV003,2024-02,Female,50+,23,0
RIV003,2024-02,Male,<15,19,0
RIV003,2024-02,Male,15-24,48,1
RIV003,2024-02,Male,25-34,48,3
RIV003,2024-02,Male,35-49,41,2
RIV003,2024-02,male,50+,19,0
RIV003,2024-03,F,<15,24,0
RIV003,2024-03,Female,15-24,56,1
RIV003,2024-03,F,25-34,74,3
RIV003,2024-03,Female,35-49,45,1
RIV003,2024-03,Female,50+,20,0
RIV003,2024-03,Male,<15,16,0
RIV003,2024-03,Male,15-24,40,0
RIV003,2024-03,Male,25-34,48,2
RIV003,2024-03,Male,35-49,38,1
RIV003,2024-03,Male,50+,15,0
RIV003,2024-04,Female,<15,22,0
RIV003,2024-04,Female,15-24,64,1
RIV003,2024-04,F,25-34,72,2
RIV003,2024-04,Female,35-49,50,1
RIV003,2024-04,Female,50+,26,0
RIV003,2024-04,Male,<15,17,0
RIV003,2024-04,M,15-24,43,0
RIV003,2024-04,Male,25-34,56,2
RIV003,2024-04,Male,35-49,38,1
RIV003,2024-04,Male,50+,14,0
RIV003,2024-05,Female,<15,26,0
RIV003,2024-05,Female,15 - 24,65,1
RIV003,2024-05,Female,25-34,94,5
RIV003,2024-05,F,35-49,57,3
RIV003,2024-05,Female,50+,28,0
RIV003,2024-05,Male,<15,20,0
RIV003,2024-05,Male,15-24,50,1
RIV003,2024-05,Male,25-34,65,3
RIV003,2024-05,Male,35-49,44,2
RIV003,2024-05,Male,50+,17,0
RIV003,2024-06,Female,<15,31,1
RIV003,2024-06,Female,15-24,76,2
RIV003,2024-06,female,25-34,72,5
RIV003,2024-06,Female,35-49,53,3
RIV003,2024-06,Female,50+,26,0
RIV003,2024-06,Male,<15,17,0
RIV003,2024-06,Male,15-24,60,2
RIV003,2024-06,M,25-34,56,4
RIV003,2024-06,Male,35-49,35,2
RIV003,2024-06,Male,50+,17,0
RIV003,2024-07,Female,<15,24,1
RIV003,2024-07,Female,15-24,63,2
RIV003,2024-07,Female,25-34,78,6
RIV003,2024-07,Female,35-49,45,4
RIV003,2024-07,Female,50+,25,1
RIV003,2024-07,Male,<15,18,0
RIV003,2024-07,Male,15-24,49,2
RIV003,2024-07,Male,25-34,49,4
RIV003,2024-07,Male,35-49,37,3
RIV003,2024-07,male,50+,16,0
RIV003,2024-08,F,<15,23,0
RIV003,2024-08,Female,15 - 24,69,2
RIV003,2024-08,Female,25-34,63,4
RIV003,2024-08,Female,35-49,54,4
RIV003,2024-08,Female,50+,23,0
RIV003,2024-08,Male,<15,19,0
RIV003,2024-08,Male,15-24,47,1
RIV003,2024-08,Male,25-34,51,3
RIV003,2024-08,Male,35-49,32,2
RIV003,2024-08,Male,50+,18,0
RIV003,2024-09,Female,<15,,0
RIV003,2024-09,Female,15-24,51,1
RIV003,2024-09,Female,25-34,55,3
RIV003,2024-09,Female,35-49,34,2
RIV003,2024-09,Female,50+,18,0
RIV003,2024-09,M,<15,12,0
RIV003,2024-09,M,15-24,36,1
RIV003,2024-09,Male,25-34,39,2
RIV003,2024-09,Male,35-49,26,1
RIV003,2024-09,Male,50+,12,0
RIV003,2024-10,Female,<15,19,0
RIV003,2024-10,Female,15-24,70,2
RIV003,2024-10,Female,25-34,64,4
RIV003,2024-10,Female,35-49,45,3
RIV003,2024-10,Female,50+,23,0
RIV003,2024-10,Male,<15,17,0
RIV003,2024-10,Male,15-24,48,1
RIV003,2024-10,Male,25-34,48,3
RIV003,2024-10,Male,35-49,33,2
RIV003,2024-10,Male,50+,13,0
RIV003,2024-11,Female,<15,20,0
RIV003,2024-11,Female,15-24,58,1
RIV003,2024-11,F,25-34,58,2
RIV003,2024-11,F,35-49,42,2
RIV003,2024-11,Female,50+,21,0
RIV003,2024-11,Male,<15,15,0
RIV003,2024-11,Male,15-24,43,1
RIV003,2024-11,Male,25-34,42,2
RIV003,2024-11,Male,35-49,30,1
RIV003,2024-11,M,50+,15,0
RIV003,2024-12,Female,<15,19,0
RIV003,2024-12,F,15-24,59,1
RIV003,2024-12,F,25-34,62,3
RIV003,2024-12,Female,35-49,42,2
RIV003,2024-12,Female,50+,19,0
RIV003,2024-12,Male,<15,14,0
RIV003,2024-12,Male,15-24,37,1
RIV003,2024-12,Male,25-34,48,2
RIV003,2024-12,Male,35-49,-,1
RIV003,2024-12,Male,50+,14,0
RIV004,2024-01,Female,<15,20,0
RIV004,2024-01,Female,15-24,67,1
RIV004,2024-01,Female,25-34,60,2
RIV004,2024-01,Female,35-49,53,2
RIV004,2024-01,F,50 and above,18,0
RIV004,2024-01,Male,<15,14,0
RIV004,2024-01,Male,15-24,46,0
RIV004,2024-01,Male,25-34,51,2
RIV004,2024-01,Male,35-49,31,1
RIV004,2024-01,male,50+,16,0
RIV004,2024-02,Female,<15,28,0
RIV004,2024-02,Female,15-24,74,1
RIV004,2024-02,Female,25-34,88,3
RIV004,2024-02,Female,35-49,52,2
RIV004,2024-02,Female,50+,26,0
RIV004,2024-02,male,<15,19,0
RIV004,2024-02,Male,15-24,49,1
RIV004,2024-02,M,25-34,63,2
RIV004,2024-02,Male,35-49,45,2
RIV004,2024-02,Male,50+,18,0
RIV004,2024-03,Female,<15,25,0
RIV004,2024-03,Female,15-24,70,1
RIV004,2024-03,Female,25-34,71,2
RIV004,2024-03,Female,35-49,53,1
RIV004,2024-03,Female,50+,26,0
RIV004,2024-03,Male,0-14,19,0
RIV004,2024-03,Male,15-24,45,0
RIV004,2024-03,Male,25-34,53,1
RIV004,2024-03,Male,35-49,42,1
RIV004,2024-03,Male,50+,17,0
RIV004,2024-04,Female,<15,29,0
RIV004,2024-04,Female,15-24,70,0
RIV004,2024-04,Female,25-34,82,1
RIV004,2024-04,F,35-49,58,1
RIV004,2024-04,F,50+,26,0
RIV004,2024-04,m,<15,21,0
RIV004,2024-04,Male,15-24,55,0
RIV004,2024-04,Male,25-34,62,1
RIV004,2024-04,M,35-49,35,0
RIV004,2024-04,Male,50+,17,0
RIV004,2024-05,Female,<15,28,0
RIV004,2024-05,Female,15-24,84,1
RIV004,2024-05,Female,25-34,91,4
RIV004,2024-05,Female,35-49,60,2
RIV004,2024-05,Female,50+,31,0
RIV004,2024-05,Male,<15,18,0
RIV004,2024-05,Male,15-24,53,1
RIV004,2024-05,Male,25-34,67,3
RIV004,2024-05,Male,35-49,50,2
RIV004,2024-05,Male,50+,23,
RIV004,2024-06,Female,<15,38,0
RIV004,2024-06,Female,15-24,112,2
RIV004,2024-06,Female,25-34,102,4
RIV004,2024-06,Female,35-49,69,2
RIV004,2024-06,Female,50+,35,0
RIV004,2024-06,M,<15,26,0
RIV004,2024-06,Male,15-24,67,1
RIV004,2024-06,Male,25-34,78,3
RIV004,2024-06,Male,35-49,58,2
RIV004,2024-06,Male,50+,27,0
RIV004,2024-07,Female,<15,34,0
RIV004,2024-07,Female,15 - 24,86,1
RIV004,2024-07,Female,25-34,90,3
RIV004,2024-07,Female,35-49,75,3
RIV004,2024-07,Female,50+,31,0
RIV004,2024-07,Male,<15,22,0
RIV004,2024-07,Male,15-24,64,1
RIV004,2024-07,M,25-34,72,2
RIV004,2024-07,male,35-49,51,2
RIV004,2024-07,Male,50+,19,0
RIV004,2024-08,Female,<15,29,0
RIV004,2024-08,Female,15-24,91,1
RIV004,2024-08,Female,25-34,89,2
RIV004,2024-08,Female,35-49,76,1
RIV004,2024-08,Female,50+,31,0
RIV004,2024-08,Male,<15,20,0
RIV004,2024-08,Male,15-24,61,0
RIV004,2024-08,Male,25-34,77,1
RIV004,2024-08,Male,35-49,46,1
RIV004,2024-08,Male,50+,24,0
RIV004,2024-09,Female,<15,25,0
RIV004,2024-09,Female,15-24,70,1
RIV004,2024-09,Female,25-34,59,2
RIV004,2024-09,Female,35-49,52,2
RIV004,2024-09,Female,50 and above,23,0
RIV004,2024-09,Male,<15,15,0
RIV004,2024-09,Male,15-24,49,1
RIV004,2024-09,male,25-34,45,1
RIV004,2024-09,Male,35-49,37,1
RIV004,2024-09,Male,50+,18,0
RIV004,2024-10,Female,<15,30,0
RIV004,2024-10,Female,15-24,80,1
RIV004,2024-10,Female,25-34,88,2
RIV004,2024-10,Female,35-49,75,2
RIV004,2024-10,Female,50+,37,0
RIV004,2024-10,Male,<15,21,0
RIV004,2024-10,Male,15-24,66,1
RIV004,2024-10,male,25-34,60,2
RIV004,2024-10,Male,35-49,55,1
RIV004,2024-10,Male,50 and above,21,0
RIV004,2024-11,Female,<15,20,0
RIV004,2024-11,Female,15-24,59,1
RIV004,2024-11,Female,25-34,73,2
RIV004,2024-11,Female,35-49,55,2
RIV004,2024-11,Female,50+,25,0
RIV004,2024-11,Male,<15,19,0
RIV004,2024-11,Male,15-24,54,1
RIV004,2024-11,Male,25-34,48,1
RIV004,2024-11,Male,35-49,33,1
RIV004,2024-11,Male,50+,15,0
RIV004,2024-12,Female,<15,24,0
RIV004,2024-12,F,15-24,68,1
RIV004,2024-12,Female,25-34,90,3
RIV004,2024-12,Female,35-49,52,1
RIV004,2024-12,Female,50+,27,0
RIV004,2024-12,Male,0-14,20,0
RIV004,2024-12,Male,15-24,58,1
RIV004,2024-12,Male,25-34,52,1
RIV004,2024-12,Male,35-49,39,1
RIV004,2024-12,Male,50+,20,0
RIV005,2024-01,Female,<15,9,0
RIV005,2024-01,Female,15-24,21,0
RIV005,2024-01,Female,25-34,28,0
RIV005,2024-01,Female,35-49,18,0
RIV005,2024-01,f,50+,8,0
RIV005,2024-01,Male,<15,6,0
RIV005,2024-01,Male,15-24,16,0
RIV005,2024-01,Male,25-34,20,0
RIV005,2024-01,male,35-49,12,0
RIV005,2024-01,Male,50+,7,0
RIV005,2024-02,Female,0-14,12,0
RIV005,2024-02,Female,15-24,31,0
RIV005,2024-02,F,25-34,34,1
RIV005,2024-02,Female,35-49,27,1
RIV005,2024-02,female,50+,11,0
RIV005,2024-02,M,<15,7,0
RIV005,2024-02,Male,15-24,21,0
RIV005,2024-02,Male,25-34,27,1
RIV005,2024-02,Male,35-49,20,1
RIV005,2024-02,Male,50+,7,0
RIV005,2024-03,Female,<15,8,0
RIV005,2024-03,Female,15-24,21,0
RIV005,2024-03,Female,25-34,28,1
RIV005,2024-03,Female,35-49,17,0
RIV005,2024-03,Female,50+,7,0
RIV005,2024-03,M,<15,6,0
RIV005,2024-03,Male,15-24,16,0
RIV005,2024-03,Male,25-34,18,0
RIV005,2024-03,Male,35-49,14,0
RIV005,2024-03,Male,50+,4,0
RIV005,2024-04,Female,<15,9,0
RIV005,2024-04,Female,15-24,29,0
RIV005,2024-04,Female,25-34,29,0
RIV005,2024-04,Female,35-49,19,0
RIV005,2024-04,Female,50+,9,0
RIV005,2024-04,Male,<15,7,0
RIV005,2024-04,Male,15-24,20,0
RIV005,2024-04,Male,25-34,21,0
RIV005,2024-04,M,35-49,13,0
RIV005,2024-04,Male,50 and above,7,0
RIV005,2024-05,F,0-14,13,0
RIV005,2024-05,Female,15-24,35,1
RIV005,2024-05,Female,25-34,33,2
RIV005,2024-05,Female,35-49,25,1
RIV005,2024-05,Female,50+,14,0
RIV005,2024-05,Male,<15,8,0
RIV005,2024-05,M,15-24,24,0
RIV005,2024-05,Male,25-34,29,2
RIV005,2024-05,Male,35-49,17,1
RIV005,2024-05,Male,50+,9,0
RIV005,2024-06,F,<15,12,-
RIV005,2024-06,Female,15-24,36,0
RIV005,2024-06,Female,25-34,37,1
RIV005,2024-06,F,35-49,28,1
RIV005,2024-06,Female,50+,12,0
RIV005,2024-06,Male,<15,9,0
RIV005,2024-06,M,15-24,26,0
RIV005,2024-06,Male,25-34,24,0
RIV005,2024-06,Male,35-49,23,0
RIV005,2024-06,Male,50+,8,0
RIV005,2024-07,Female,<15,10,0
RIV005,2024-07,F,15-24,29,0
RIV005,2024-07,F,25-34,33,1
RIV005,2024-07,Female,35-49,23,0
RIV005,2024-07,Female,50+,12,0
RIV005,2024-07,Male,<15,7,0
RIV005,2024-07,Male,15-24,21,0
RIV005,2024-07,Male,25-34,22,0
RIV005,2024-07,Male,35-49,20,0
RIV005,2024-07,Male,50+,7,0
RIV005,2024-08,F,<15,9,0
RIV005,2024-08,Female,15-24,26,0
RIV005,2024-08,Female,25-34,28,1
RIV005,2024-08,Female,35-49,18,1
RIV005,2024-08,Female,50+,9,0
RIV005,2024-08,Male,<15,7,0
RIV005,2024-08,Male,15-24,20,0
RIV005,2024-08,Male,25-34,18,1
RIV005,2024-08,Male,35-49,14,0
RIV005,2024-08,Male,50+,5,0
RIV005,2024-09,Female,<15,10,0
RIV005,2024-09,Female,15-24,25,0
RIV005,2024-09,Female,25-34,34,1
RIV005,2024-09,Female,35-49,25,0
RIV005,2024-09,Female,50+,10,0
RIV005,2024-09,Male,<15,7,0
RIV005,2024-09,Male,15-24,22,0
RIV005,2024-09,Male,25-34,22,0
RIV005,2024-09,male,35-49,17,0
RIV005,2024-09,Male,50+,7,0
RIV005,2024-10,F,0-14,10,0
RIV005,2024-10,Female,15-24,32,0
RIV005,2024-10,Female,25-34,30,1
RIV005,2024-10,Female,35-49,26,0
RIV005,2024-10,Female,50+,10,0
RIV005,2024-10,Male,<15,7,0
RIV005,2024-10,Male,15-24,24,0
RIV005,2024-10,Male,25-34,25,0
RIV005,2024-10,Male,35-49,14,0
RIV005,2024-10,Male,50+,7,0
RIV005,2024-11,Female,<15,8,0
RIV005,2024-11,Female,15-24,25,0
RIV005,2024-11,Female,25-34,-,1
RIV005,2024-11,Female,35-49,21,0
RIV005,2024-11,Female,50+,9,0
RIV005,2024-11,M,<15,6,0
RIV005,2024-11,Male,15-24,21,0
RIV005,2024-11,Male,25-34,22,0
RIV005,2024-11,Male,35-49,12,0
RIV005,2024-11,Male,50+,5,0
RIV005,2024-12,Female,<15,8,0
RIV005,2024-12,Female,15-24,25,0
RIV005,2024-12,Female,25-34,26,1
RIV005,2024-12,Female,35-49,20,1
RIV005,2024-12,Female,50+,11,0
RIV005,2024-12,Male,<15,5,0
RIV005,2024-12,Male,15-24,20,0
RIV005,2024-12,Male,25-34,18,1
RIV005,2024-12,Male,35-49,16,1
RIV005,2024-12,Male,50+,7,0
RIV006,2024-01,Female,<15,57,2
RIV006,2024-01,F,15-24,140,6
RIV006,2024-01,Female,25-34,161,13
RIV006,2024-01,F,35-49,126,10
RIV006,2024-01,Female,50+,58,2
RIV006,2024-01,Male,<15,40,1
RIV006,2024-01,Male,15-24,106,4
RIV006,2024-01,Male,25-34,120,10
RIV006,2024-01,Male,35-49,90,7
RIV006,2024-01,Male,50+,37,1
RIV006,2024-02,Female,<15,71,2
RIV006,2024-02,Female,15-24,205,7
RIV006,2024-02,Female,25-34,203,14
RIV006,2024-02,Female,35-49,130,9
RIV006,2024-02,Female,50+,68,2
RIV006,2024-02,Male,<15,46,1
RIV006,2024-02,M,15-24,126,4
RIV006,2024-02,Male,25-34,168,11
RIV006,2024-02,Male,35-49,108,7
RIV006,2024-02,Male,50+,42,1
RIV006,2024-03,Female,<15,85,1
RIV006,2024-03,Female,15-24,233,4
RIV006,2024-03,Female,25-34,252,10
RIV006,2024-03,Female,35-49,181,7
RIV006,2024-03,Female,50+,68,1
RIV006,2024-03,Male,<15,62,1
RIV006,2024-03,Male,15-24,195,3
RIV006,2024-03,Male,25-34,159,6
RIV006,2024-03,Male,35-49,124,5
RIV006,2024-03,male,50+,53,1
RIV006,2024-04,Female,0-14,75,2
RIV006,2024-04,F,15-24,258,8
RIV006,2024-04,Female,25-34,286,18
RIV006,2024-04,Female,35-49,166,10
RIV006,2024-04,Female,50+,89,2
RIV006,2024-04,Male,<15,64,2
RIV006,2024-04,Male,15 - 24,180,5
RIV006,2024-04,Male,25-34,176,11
RIV006,2024-04,Male,35-49,141,9
RIV006,2024-04,Male,50+,71,2
RIV006,2024-05,Female,<15,87,2
RIV006,2024-05,Female,15-24,306,9
RIV006,2024-05,Female,25-34,297,17
RIV006,2024-05,F,35-49,214,12
RIV006,2024-05,Female,50+,95,2
RIV006,2024-05,Male,<15,81,2
RIV006,2024-05,M,15-24,211,6
RIV006,2024-05,Male,25-34,193,11
RIV006,2024-05,Male,35-49,164,9
RIV006,2024-05,Male,50+,74,2
RIV006,2024-06,Female,0-14,78,2
RIV006,2024-06,Female,15-24,247,8
RIV006,2024-06,female,25-34,296,20
RIV006,2024-06,Female,35-49,202,14
RIV006,2024-06,Female,50+,98,3
RIV006,2024-06,Male,<15,71,2
RIV006,2024-06,Male,15-24,165,5
RIV006,2024-06,Male,25-34,208,14
RIV006,2024-06,Male,35-49,157,10
RIV006,2024-06,M,50+,65,2
RIV006,2024-07,Female,0-14,81,2
RIV006,2024-07,Female,15-24,223,6
RIV006,2024-07,Female,25-34,289,16
RIV006,2024-07,Female,35-49,175,10
RIV006,2024-07,Female,50+,92,2
RIV006,2024-07,Male,<15,62,1
RIV006,2024-07,Male,15-24,189,5
RIV006,2024-07,Male,25-34,177,10
RIV006,2024-07,Male,35-49,127,7
RIV006,2024-07,Male,50+,67,1
RIV006,2024-08,female,<15,70,3
RIV006,2024-08,Female,15-24,197,9
RIV006,2024-08,Female,25-34,224,21
RIV006,2024-08,Female,35-49,151,14
RIV006,2024-08,Female,50+,61,2
RIV006,2024-08,Male,<15,50,2
RIV006,2024-08,Male,15-24,124,5
RIV006,2024-08,M,25-34,165,15
RIV006,2024-08,M,35-49,124,11
RIV006,2024-08,Male,50+,45,2
RIV006,2024-09,Female,<15,101,3
RIV006,2024-09,F,15-24,222,8
RIV006,2024-09,Female,25-34,312,24
RIV006,2024-09,Female,35-49,199,15
RIV006,2024-09,F,50+,84,3
RIV006,2024-09,M,<15,67,2
RIV006,2024-09,Male,15-24,184,7
RIV006,2024-09,Male,25-34,190,14
RIV006,2024-09,male,35-49,148,11
RIV006,2024-09,M,50 and above,76,2
RIV006,2024-10,Female,<15,76,2
RIV006,2024-10,Female,15-24,216,6
RIV006,2024-10,Female,25-34,258,16
RIV006,2024-10,Female,35-49,181,11
RIV006,2024-10,Female,50+,72,2
RIV006,2024-10,Male,<15,56,1
RIV006,2024-10,Male,15-24,152,4
RIV006,2024-10,M,25-34,192,12
RIV006,2024-10,M,35-49,117,7
RIV006,2024-10,Male,50+,64,2
RIV006,2024-11,Female,<15,80,2
RIV006,2024-11,Female,15-24,206,5
RIV006,2024-11,Female,25-34,190,9
RIV006,2024-11,F,35-49,184,9
RIV006,2024-11,Female,50+,78,1
RIV006,2024-11,Male,<15,52,1
RIV006,2024-11,Male,15-24,130,3
RIV006,2024-11,Male,25-34,175,8
RIV006,2024-11,Male,35-49,117,5
RIV006,2024-11,Male,50+,59,1
RIV006,2024-12,Female,<15,54,N/A
RIV006,2024-12,Female,15-24,161,5
RIV006,2024-12,Female,25-34,167,10
RIV006,2024-12,Female,35-49,114,7
RIV006,2024-12,Female,50+,58,1
RIV006,2024-12,Male,<15,40,1
RIV006,2024-12,Male,15-24,121,3
RIV006,2024-12,Male,25-34,120,7
RIV006,2024-12,Male,35-49,83,5
RIV006,2024-12,Male,50+,37,1
RIV007,2024-01,Female,<15,17,0
RIV007,2024-01,Female,15-24,48,0
RIV007,2024-01,Female,25-34,48,0
RIV007,2024-01,Female,35-49,31,0
RIV007,2024-01,Female,50+,16,0
RIV007,2024-01,Male,<15,12,0
RIV007,2024-01,Male,15-24,31,0
RIV007,2024-01,Male,25-34,34,0
RIV007,2024-01,Male,35-49,26,0
RIV007,2024-01,Male,50+,12,0
RIV007,2024-02,F,<15,26,0
RIV007,2024-02,Female,15-24,65,0
RIV007,2024-02,Female,25-34,74,0
RIV007,2024-02,F,35-49,56,0
RIV007,2024-02,Female,50+,28,0
RIV007,2024-02,male,<15,20,0
RIV007,2024-02,Male,15-24,47,0
RIV007,2024-02,Male,25-34,57,0
RIV007,2024-02,Male,35-49,39,0
RIV007,2024-02,M,50+,17,0
RIV007,2024-03,Female,<15,27,0
RIV007,2024-03,F,15-24,78,0
RIV007,2024-03,Female,25-34,96,1
RIV007,2024-03,Female,35-49,76,0
RIV007,2024-03,Female,50+,35,0
RIV007,2024-03,Male,0-14,20,0
RIV007,2024-03,Male,15-24,55,0
RIV007,2024-03,Male,25-34,75,0
RIV007,2024-03,Male,35-49,55,0
RIV007,2024-03,M,50 and above,21,0
RIV007,2024-04,F,0-14,25,0
RIV007,2024-04,Female,15-24,90,0
RIV007,2024-04,Female,25-34,92,0
RIV007,2024-04,Female,35-49,63,0
RIV007,2024-04,Female,50+,29,0
RIV007,2024-04,m,<15,22,0
RIV007,2024-04,Male,15-24,66,0
RIV007,2024-04,Male,25-34,61,0
RIV007,2024-04,M,35-49,45,0
RIV007,2024-04,Male,50+,22,0
RIV007,2024-05,F,<15,33,0
RIV007,2024-05,Female,15 - 24,,0
RIV007,2024-05,F,25-34,122,1
RIV007,2024-05,Female,35-49,82,0
RIV007,2024-05,female,50 and above,39,0
RIV007,2024-05,Male,<15,30,0
RIV007,2024-05,Male,15-24,70,0
RIV007,2024-05,Male,25-34,74,0
RIV007,2024-05,Male,35-49,66,0
RIV007,2024-05,Male,50+,25,0
RIV007,2024-06,Female,<15,26,0
RIV007,2024-06,F,15-24,90,0
RIV007,2024-06,Female,25-34,103,0
RIV007,2024-06,Female,35-49,70,0
RIV007,2024-06,Female,50 and above,31,0
RIV007,2024-06,Male,<15,23,0
RIV007,2024-06,Male,15-24,63,0
RIV007,2024-06,Male,25-34,66,0
RIV007,2024-06,M,35-49,54,0
RIV007,2024-06,M,50+,25,0
RIV007,2024-07,Female,<15,30,0
RIV007,2024-07,Female,15-24,83,0
RIV007,2024-07,Female,25-34,91,1
RIV007,2024-07,Female,35-49,62,0
RIV007,2024-07,Female,50+,35,0
RIV007,2024-07,Male,<15,26,0
RIV007,2024-07,Male,15-24,56,0
RIV007,2024-07,M,25-34,62,0
RIV007,2024-07,Male,35-49,50,0
RIV007,2024-07,Male,50+,24,0
RIV007,2024-08,Female,<15,26,0
RIV007,2024-08,Female,15-24,68,0
RIV007,2024-08,Female,25-34,83,0
RIV007,2024-08,Female,35-49,68,0
RIV007,2024-08,Female,50+,31,0
RIV007,2024-08,Male,<15,20,0
RIV007,2024-08,Male,15-24,62,0
RIV007,2024-08,Male,25-34,61,0
RIV007,2024-08,Male,35-49,39,0
RIV007,2024-08,Male,50+,17,0
RIV007,2024-09,Female,<15,27,0
RIV007,2024-09,Female,15-24,94,0
RIV007,2024-09,Female,25-34,92,0
RIV007,2024-09,Female,35-49,76,0
RIV007,2024-09,Female,50+,28,0
RIV007,2024-09,Male,<15,26,0
RIV007,2024-09,Male,15-24,66,0
RIV007,2024-09,Male,25-34,70,0
RIV007,2024-09,Male,35-49,45,0
RIV007,2024-09,Male,50+,23,0
RIV007,2024-10,Female,<15,27,0
RIV007,2024-10,Female,15-24,75,0
RIV007,2024-10,Female,25-34,99,1
RIV007,2024-10,Female,35-49,68,0
RIV007,2024-10,Female,50+,32,0
RIV007,2024-10,Male,<15,24,0
RIV007,2024-10,Male,15-24,55,0
RIV007,2024-10,Male,25-34,73,0
RIV007,2024-10,m,35-49,47,0
RIV007,2024-10,M,50+,18,0
RIV007,2024-11,Female,<15,29,0
RIV007,2024-11,Female,15-24,88,0
RIV007,2024-11,Female,25-34,93,1
RIV007,2024-11,Female,35-49,65,0
RIV007,2024-11,F,50+,N/A,0
RIV007,2024-11,Male,<15,24,0
RIV007,2024-11,Male,15-24,68,0
RIV007,2024-11,Male,25-34,59,0
RIV007,2024-11,Male,35-49,48,0
RIV007,2024-11,Male,50+,22,0
RIV007,2024-12,Female,<15,24,0
RIV007,2024-12,Female,15-24,56,
RIV007,2024-12,Female,25-34,73,0
RIV007,2024-12,Female,35-49,42,0
RIV007,2024-12,Female,50+,22,0
RIV007,2024-12,M,<15,16,0
RIV007,2024-12,Male,15-24,42,0
RIV007,2024-12,Male,25-34,46,0
RIV007,2024-12,Male,35-49,37,0
RIV007,2024-12,Male,50+,15,0
RIV008,2024-01,Female,<15,84,2
RIV008,2024-01,Female,15-24,279,7
RIV008,2024-01,Female,25-34,272,14
RIV008,2024-01,Female,35-49,166,8
RIV008,2024-01,Female,50+,97,2
RIV008,2024-01,Male,<15,56,1
RIV008,2024-01,Male,15-24,198,5
RIV008,2024-01,Male,25-34,194,10
RIV008,2024-01,Male,35-49,143,7
RIV008,2024-01,Male,50+,59,1
RIV008,2024-02,Female,0-14,102,2
RIV008,2024-02,Female,15-24,268,5
RIV008,2024-02,F,25-34,308,13
RIV008,2024-02,Female,35-49,271,11
RIV008,2024-02,Female,50+,99,2
RIV008,2024-02,Male,<15,68,1
RIV008,2024-02,Male,15-24,235,5
RIV008,2024-02,Male,25-34,203,8
RIV008,2024-02,Male,35-49,167,7
RIV008,2024-02,Male,50+,86,1
RIV008,2024-03,Female,<15,112,3
RIV008,2024-03,Female,15 - 24,261,7
RIV008,2024-03,Female,25-34,292,16
RIV008,2024-03,Female,35-49,206,11
RIV008,2024-03,Female,50+,104,2
RIV008,2024-03,Male,<15,73,2
RIV008,2024-03,Male,15-24,226,6
RIV008,2024-03,Male,25-34,204,11
RIV008,2024-03,Male,35-49,138,7
RIV008,2024-03,Male,50+,65,1
RIV008,2024-04,Female,<15,93,2
RIV008,2024-04,Female,15-24,313,7
RIV008,2024-04,Female,25-34,260,13
RIV008,2024-04,Female,35-49,234,11
RIV008,2024-04,Female,50+,91,2
RIV008,2024-04,Male,<15,74,1
RIV008,2024-04,M,15-24,202,5
RIV008,2024-04,Male,25-34,230,11
RIV008,2024-04,Male,35-49,138,7
RIV008,2024-04,M,50+,74,1
RIV008,2024-05,Female,<15,157,5
RIV008,2024-05,Female,15-24,371,11
RIV008,2024-05,Female,25-34,402,25
RIV008,2024-05,Female,35-49,315,20
RIV008,2024-05,Female,50+,148,4
RIV008,2024-05,Male,<15,88,2
RIV008,2024-05,M,15-24,300,9
RIV008,2024-05,Male,25-34,301,19
RIV008,2024-05,Male,35-49,221,14
RIV008,2024-05,Male,50+,97,3
RIV008,2024-06,female,<15,122,3
RIV008,2024-06,Female,15-24,321,8
RIV008,2024-06,Female,25-34,345,17
RIV008,2024-06,Female,35-49,310,15
RIV008,2024-06,F,50+,133,3
RIV008,2024-06,Male,<15,92,2
RIV008,2024-06,Male,15 - 24,227,5
RIV008,2024-06,Male,25-34,269,13
RIV008,2024-06,Male,35-49,208,10
RIV008,2024-06,M,50+,95,2
RIV008,2024-07,Female,<15,116,3
RIV008,2024-07,Female,15-24,304,8
RIV008,2024-07,Female,25-34,378,21
RIV008,2024-07,Female,35-49,289,16
RIV008,2024-07,Female,50+,112,3
RIV008,2024-07,Male,<15,99,2
RIV008,2024-07,Male,15 - 24,239,6
RIV008,2024-07,Male,25-34,258,14
RIV008,2024-07,Male,35-49,175,9
RIV008,2024-07,Male,50 and above,98,2
RIV008,2024-08,Female,<15,105,3
RIV008,2024-08,Female,15-24,267,7
RIV008,2024-08,Female,25-34,345,20
RIV008,2024-08,Female,35-49,253,14
RIV008,2024-08,Female,50+,109,3
RIV008,2024-08,M,<15,75,2
RIV008,2024-08,Male,15-24,235,6
RIV008,2024-08,Male,25-34,208,12
RIV008,2024-08,Male,35-49,184,10
RIV008,2024-08,Male,50+,77,2
RIV008,2024-09,Female,<15,101,2
RIV008,2024-09,Female,15-24,253,6
RIV008,2024-09,Female,25-34,320,17
RIV008,2024-09,Female,35-49,224,12
RIV008,2024-09,F,50+,94,2
RIV008,2024-09,Male,<15,66,1
RIV008,2024-09,M,15-24,215,5
RIV008,2024-09,Male,25-34,214,11
RIV008,2024-09,M,35-49,146,7
RIV008,2024-09,Male,50+,77,2
RIV008,2024-10,Female,<15,76,1
RIV008,2024-10,Female,15-24,252,5
RIV008,2024-10,F,25-34,220,9
RIV008,2024-10,Female,35-49,165,7
RIV008,2024-10,F,50+,70,1
RIV008,2024-10,Male,<15,55,1
RIV008,2024-10,Male,15-24,157,3
RIV008,2024-10,Male,25-34,172,7
RIV008,2024-10,M,35-49,123,5
RIV008,2024-10,Male,50+,60,1
RIV008,2024-11,F,<15,74,2
RIV008,2024-11,female,15-24,195,5
RIV008,2024-11,Female,25-34,229,13
RIV008,2024-11,Female,35-49,171,9
RIV008,2024-11,Female,50+,60,1
RIV008,2024-11,Male,<15,50,1
RIV008,2024-11,Male,15-24,133,3
RIV008,2024-11,Male,25-34,166,9
RIV008,2024-11,Male,35-49,131,7
RIV008,2024-11,M,50+,48,1
RIV008,2024-12,F,<15,79,2
RIV008,2024-12,Female,15-24,239,6
RIV008,2024-12,Female,25-34,278,16
RIV008,2024-12,Female,35-49,203,11
RIV008,2024-12,Female,50+,92,2
RIV008,2024-12,M,<15,62,1
RIV008,2024-12,Male,15-24,162,4
RIV008,2024-12,Male,25-34,207,12
RIV008,2024-12,Male,35-49,157,9
RIV008,2024-12,Male,50+,55,1
RIV009,2024-01,Female,<15,18,0
RIV009,2024-01,Female,15-24,57,0
RIV009,2024-01,Female,25-34,64,0
RIV009,2024-01,Female,35-49,46,0
RIV009,2024-01,Female,50+,18,0
RIV009,2024-01,Male,<15,17,0
RIV009,2024-01,Male,15-24,42,0
RIV009,2024-01,Male,25-34,43,0
RIV009,2024-01,Male,35-49,30,0
RIV009,2024-01,Male,50+,15,0
RIV009,2024-02,Female,<15,21,0
RIV009,2024-02,Female,15-24,51,0
RIV009,2024-02,Female,25-34,56,1
RIV009,2024-02,Female,35-49,43,1
RIV009,2024-02,Female,50+,21,0
RIV009,2024-02,M,<15,15,0
RIV009,2024-02,Male,15-24,35,0
RIV009,2024-02,Male,25-34,37,1
RIV009,2024-02,Male,35-49,34,1
RIV009,2024-02,Male,50+,15,0
RIV009,2024-03,Female,<15,24,0
RIV009,2024-03,female,15-24,85,0
RIV009,2024-03,Female,25-34,73,1
RIV009,2024-03,Female,35-49,63,1
RIV009,2024-03,Female,50+,25,0
RIV009,2024-03,Male,<15,21,0
RIV009,2024-03,Male,15-24,55,0
RIV009,2024-03,Male,25-34,53,1
RIV009,2024-03,Male,35-49,48,1
RIV009,2024-03,Male,50+,17,0
RIV009,2024-04,Female,<15,32,0
RIV009,2024-04,Female,15 - 24,98,0
RIV009,2024-04,Female,25-34,95,1
RIV009,2024-04,Female,35-49,77,1
RIV009,2024-04,Female,50+,37,0
RIV009,2024-04,Male,<15,27,0
RIV009,2024-04,Male,15-24,79,0
RIV009,2024-04,M,25-34,66,0
RIV009,2024-04,Male,35-49,50,0
RIV009,2024-04,Male,50+,24,0
RIV009,2024-05,Female,<15,33,0
RIV009,2024-05,F,15-24,86,0
RIV009,2024-05,F,25-34,90,1
RIV009,2024-05,Female,35-49,74,1
RIV009,2024-05,Female,50+,30,0
RIV009,2024-05,Male,<15,23,0
RIV009,2024-05,Male,15-24,69,0
RIV009,2024-05,M,25-34,68,1
RIV009,2024-05,Male,35-49,44,0
RIV009,2024-05,Male,50+,22,0
RIV009,2024-06,female,<15,35,0
RIV009,2024-06,Female,15-24,89,1
RIV009,2024-06,Female,25-34,102,2
RIV009,2024-06,Female,35-49,74,2
RIV009,2024-06,Female,50+,36,0
RIV009,2024-06,Male,<15,22,0
RIV009,2024-06,Male,15-24,76,1
RIV009,2024-06,Male,25-34,65,1
RIV009,2024-06,male,35-49,54,1
RIV009,2024-06,Male,50+,25,0
RIV009,2024-07,Female,<15,31,0
RIV009,2024-07,Female,15-24,95,0
RIV009,2024-07,Female,25-34,111,1
RIV009,2024-07,Female,35-49,78,0
RIV009,2024-07,Female,50+,33,0
RIV009,2024-07,Male,0-14,24,0
RIV009,2024-07,Male,15-24,70,0
RIV009,2024-07,Male,25-34,83,0
RIV009,2024-07,M,35-49,51,0
RIV009,2024-07,Male,50+,23,0
RIV009,2024-08,F,<15,29,0
RIV009,2024-08,Female,15-24,94,0
RIV009,2024-08,Female,25-34,101,1
RIV009,2024-08,Female,35-49,81,1
RIV009,2024-08,F,50+,36,0
RIV009,2024-08,Male,<15,20,0
RIV009,2024-08,Male,15-24,72,0
RIV009,2024-08,Male,25-34,74,1
RIV009,2024-08,Male,35-49,53,1
RIV009,2024-08,Male,50+,27,0
RIV009,2024-09,F,<15,34,0
RIV009,2024-09,Female,15-24,77,0
RIV009,2024-09,Female,25-34,100,1
RIV009,2024-09,Female,35-49,73,1
RIV009,2024-09,Female,50+,29,0
RIV009,2024-09,Male,<15,22,0
RIV009,2024-09,Male,15 - 24,61,0
RIV009,2024-09,Male,25-34,65,1
RIV009,2024-09,Male,35-49,56,1
RIV009,2024-09,Male,50+,21,0
RIV009,2024-10,F,<15,29,0
RIV009,2024-10,Female,15-24,68,0
RIV009,2024-10,Female,25-34,82,1
RIV009,2024-10,Female,35-49,61,1
RIV009,2024-10,Female,50+,31,0
RIV009,2024-10,Male,<15,21,0
RIV009,2024-10,M,15-24,56,0
RIV009,2024-10,Male,25-34,57,1
RIV009,2024-10,Male,35-49,43,1
RIV009,2024-10,Male,50+,18,0
RIV009,2024-11,Female,<15,27,0
RIV009,2024-11,Female,15-24,75,0
RIV009,2024-11,Female,25-34,79,1
RIV009,2024-11,Female,35-49,53,1
RIV009,2024-11,Female,50+,22,0
RIV009,2024-11,Male,<15,19,0
RIV009,2024-11,Male,15-24,50,0
RIV009,2024-11,male,25-34,53,1
RIV009,2024-11,Male,35-49,43,0
RIV009,2024-11,Male,50+,19,0
RIV009,2024-12,female,<15,18,0
RIV009,2024-12,Female,15 - 24,65,0
RIV009,2024-12,Female,25-34,57,0
RIV009,2024-12,Female,35-49,42,0
RIV009,2024-12,F,50+,20,0
RIV009,2024-12,Male,<15,15,0
RIV009,2024-12,M,15 - 24,39,0
RIV009,2024-12,Male,25-34,44,0
RIV009,2024-12,Male,35-49,33,0
RIV009,2024-12,M,50+,15,0
RIV010,2024-01,Female,<15,51,0
RIV010,2024-01,Female,15-24,149,2
RIV010,2024-01,Female,25-34,137,4
RIV010,2024-01,Female,35-49,100,3
RIV010,2024-01,female,50+,46,0
RIV010,2024-01,Male,<15,32,0
RIV010,2024-01,Male,15-24,101,1
RIV010,2024-01,male,25-34,97,3
RIV010,2024-01,Male,35-49,84,2
RIV010,2024-01,Male,50+,36,0
RIV010,2024-02,F,<15,35,0
RIV010,2024-02,Female,15-24,88,1
RIV010,2024-02,Female,25-34,107,4
RIV010,2024-02,Female,35-49,63,2
RIV010,2024-02,Female,50+,29,0
RIV010,2024-02,Male,<15,25,0
RIV010,2024-02,Male,15-24,67,1
RIV010,2024-02,Male,25-34,66,2
RIV010,2024-02,Male,35-49,52,2
RIV010,2024-02,M,50+,22,0
RIV010,2024-03,Female,<15,43,0
RIV010,2024-03,Female,15-24,118,1
RIV010,2024-03,Female,25-34,119,2
RIV010,2024-03,Female,35-49,100,1
RIV010,2024-03,Female,50+,44,0
RIV010,2024-03,Male,<15,36,0
RIV010,2024-03,Male,15-24,81,0
RIV010,2024-03,Male,25-34,90,1
RIV010,2024-03,M,35-49,64,1
RIV010,2024-03,Male,50+,34,0
RIV010,2024-04,Female,<15,39,0
RIV010,2024-04,F,15-24,139,1
RIV010,2024-04,Female,25-34,114,1
RIV010,2024-04,F,35-49,104,1
RIV010,2024-04,F,50+,41,0
RIV010,2024-04,Male,<15,34,0
RIV010,2024-04,Male,15-24,100,0
RIV010,2024-04,Male,25-34,86,1
RIV010,2024-04,Male,35-49,65,1
RIV010,2024-04,Male,50+,31,0
RIV010,2024-05,Female,<15,53,1
RIV010,2024-05,Female,15-24,137,3
RIV010,2024-05,F,25-34,187,9
RIV010,2024-05,Female,35-49,109,5
RIV010,2024-05,Female,50+,51,1
RIV010,2024-05,male,<15,43,1
RIV010,2024-05,Male,15-24,97,2
RIV010,2024-05,Male,25-34,110,5
RIV010,2024-05,Male,35-49,96,4
RIV010,2024-05,Male,50+,43,1
RIV010,2024-06,Female,<15,60,1
RIV010,2024-06,Female,15-24,184,3
RIV010,2024-06,Female,25-34,167,6
RIV010,2024-06,Female,35-49,154,5
RIV010,2024-06,F,50+,68,1
RIV010,2024-06,Male,<15,51,0
RIV010,2024-06,Male,15-24,145,2
RIV010,2024-06,Male,25-34,128,4
RIV010,2024-06,Male,35-49,95,3
RIV010,2024-06,M,50+,40,0
RIV010,2024-07,Female,0-14,78,1
RIV010,2024-07,Female,15 - 24,189,3
RIV010,2024-07,Female,25-34,194,8
RIV010,2024-07,Female,35-49,142,5
RIV010,2024-07,Female,50 and above,63,1
RIV010,2024-07,Male,<15,43,0
RIV010,2024-07,Male,15-24,127,2
RIV010,2024-07,Male,25-34,155,6
RIV010,2024-07,Male,35-49,104,4
RIV010,2024-07,Male,50+,52,1
RIV010,2024-08,Female,<15,50,1
RIV010,2024-08,Female,15-24,158,3
RIV010,2024-08,Female,25-34,169,7
RIV010,2024-08,Female,35-49,132,5
RIV010,2024-08,Female,50+,54,1
RIV010,2024-08,Male,<15,38,0
RIV010,2024-08,Male,15-24,121,2
RIV010,2024-08,Male,25-34,119,5
RIV010,2024-08,M,35-49,87,3
RIV010,2024-08,Male,50+,43,0
RIV010,2024-09,Female,<15,45,0
RIV010,2024-09,F,15-24,123,2
RIV010,2024-09,Female,25-34,155,5
RIV010,2024-09,F,35-49,110,3
RIV010,2024-09,Female,50+,43,0
RIV010,2024-09,Male,<15,37,0
RIV010,2024-09,male,15-24,87,1
RIV010,2024-09,Male,25-34,-,3
RIV010,2024-09,Male,35-49,84,2
RIV010,2024-09,M,50+,38,0
RIV010,2024-10,Female,<15,44,0
RIV010,2024-10,Female,15-24,124,2
RIV010,2024-10,Female,25-34,136,4
RIV010,2024-10,F,35-49,109,3
RIV010,2024-10,Female,50+,54,0
RIV010,2024-10,Male,<15,30,0
RIV010,2024-10,male,15-24,83,1
RIV010,2024-10,Male,25-34,110,3
RIV010,2024-10,Male,35-49,77,2
RIV010,2024-10,Male,50+,36,0
RIV010,2024-11,F,<15,38,0
RIV010,2024-11,Female,15-24,106,0
RIV010,2024-11,Female,25-34,103,1
RIV010,2024-11,Female,35-49,69,1
RIV010,2024-11,Female,50+,33,0
RIV010,2024-11,Male,<15,24,0
RIV010,2024-11,M,15-24,68,0
RIV010,2024-11,Male,25-34,77,1
RIV010,2024-11,M,35-49,58,1
RIV010,2024-11,Male,50+,27,0
RIV010,2024-12,Female,<15,47,0
RIV010,2024-12,Female,15-24,121,2
RIV010,2024-12,Female,25-34,128,5
RIV010,2024-12,Female,35-49,108,4
RIV010,2024-12,Female,50+,44,0
RIV010,2024-12,Male,<15,30,0
RIV010,2024-12,Male,15-24,102,2
RIV010,2024-12,Male,25-34,85,3
RIV010,2024-12,Male,35-49,69,2
RIV010,2024-12,Male,50+,37,0
RIV011,2024-01,Female,<15,15,-
RIV011,2024-01,Female,15-24,55,2
RIV011,2024-01,F,25-34,57,4
RIV011,2024-01,Female,35-49,32,2
RIV011,2024-01,Female,50+,16,0
RIV011,2024-01,Male,<15,14,0
RIV011,2024-01,Male,15-24,37,1
RIV011,2024-01,Male,25-34,35,2
RIV011,2024-01,M,35-49,28,2
RIV011,2024-01,Male,50+,13,0
RIV011,2024-02,F,<15,22,0
RIV011,2024-02,Female,15 - 24,62,1
RIV011,2024-02,Female,25-34,74,4
RIV011,2024-02,F,35-49,50,3
RIV011,2024-02,Female,50+,23,0
RIV011,2024-02,Male,<15,18,0
RIV011,2024-02,Male,15-24,48,1
RIV011,2024-02,M,25-34,46,2
RIV011,2024-02,Male,35-49,38,2
RIV011,2024-02,Male,50+,17,0
RIV011,2024-03,Female,<15,21,0
RIV011,2024-03,Female,15-24,58,2
RIV011,2024-03,Female,25-34,79,5
RIV011,2024-03,Female,35-49,53,3
RIV011,2024-03,Female,50+,21,0
RIV011,2024-03,M,<15,15,0
RIV011,2024-03,Male,15-24,48,1
RIV011,2024-03,Male,25-34,54,3
RIV011,2024-03,Male,35-49,37,2
RIV011,2024-03,Male,50+,14,0
RIV011,2024-04,Female,<15,23,0
RIV011,2024-04,Female,15 - 24,60,1
RIV011,2024-04,Female,25-34,62,3
RIV011,2024-04,F,35-49,57,3
RIV011,2024-04,Female,50+,20,0
RIV011,2024-04,Male,<15,17,0
RIV011,2024-04,M,15-24,43,1
RIV011,2024-04,Male,25-34,49,2
RIV011,2024-04,Male,35-49,34,1
RIV011,2024-04,Male,50+,18,0
RIV011,2024-05,F,<15,24,0
RIV011,2024-05,Female,15-24,70,1
RIV011,2024-05,Female,25-34,78,3
RIV011,2024-05,Female,35-49,54,2
RIV011,2024-05,female,50 and above,23,0
RIV011,2024-05,Male,<15,19,0
RIV011,2024-05,M,15-24,52,1
RIV011,2024-05,Male,25-34,49,2
RIV011,2024-05,Male,35-49,44,2
RIV011,2024-05,Male,50+,15,0
RIV011,2024-06,Female,<15,26,0
RIV011,2024-06,Female,15-24,73,2
RIV011,2024-06,Female,25-34,87,5
RIV011,2024-06,Female,35-49,59,4
RIV011,2024-06,F,50+,25,0
RIV011,2024-06,Male,<15,23,0
RIV011,2024-06,Male,15-24,52,1
RIV011,2024-06,Male,25-34,59,4
RIV011,2024-06,male,35-49,39,2
RIV011,2024-06,Male,50+,21,0
RIV011,2024-07,female,0-14,25,0
RIV011,2024-07,Female,15-24,67,1
RIV011,2024-07,Female,25-34,84,4
RIV011,2024-07,Female,35-49,67,3
RIV011,2024-07,Female,50+,23,0
RIV011,2024-07,Male,<15,22,0
RIV011,2024-07,Male,15-24,51,1
RIV011,2024-07,Male,25-34,56,3
RIV011,2024-07,Male,35-49,45,2
RIV011,2024-07,Male,50 and above,19,0
RIV011,2024-08,Female,<15,22,0
RIV011,2024-08,Female,15-24,60,1
RIV011,2024-08,Female,25-34,66,2
RIV011,2024-08,Female,35-49,55,2
RIV011,2024-08,Female,50+,22,0
RIV011,2024-08,Male,<15,17,0
RIV011,2024-08,Male,15-24,48,0
RIV011,2024-08,M,25-34,47,1
RIV011,2024-08,Male,35-49,37,1
RIV011,2024-08,Male,50+,13,0
RIV011,2024-09,Female,<15,22,1
RIV011,2024-09,Female,15-24,60,2
RIV011,2024-09,Female,25-34,63,5
RIV011,2024-09,Female,35-49,51,4
RIV011,2024-09,Female,50+,20,0
RIV011,2024-09,Male,<15,16,0
RIV011,2024-09,Male,15-24,43,2
RIV011,2024-09,Male,25-34,42,3
RIV011,2024-09,Male,35-49,40,3
RIV011,2024-09,Male,50+,15,0
RIV011,2024-10,Female,<15,24,0
RIV011,2024-10,F,15-24,66,2
RIV011,2024-10,Female,25-34,65,4
RIV011,2024-10,Female,35-49,46,3
RIV011,2024-10,Female,50 and above,21,0
RIV011,2024-10,Male,<15,18,0
RIV011,2024-10,Male,15-24,41,1
RIV011,2024-10,Male,25-34,52,3
RIV011,2024-10,Male,35-49,33,2
RIV011,2024-10,male,50+,15,0
RIV011,2024-11,Female,<15,13,0
RIV011,2024-11,Female,15-24,42,1
RIV011,2024-11,Female,25-34,48,2
RIV011,2024-11,Female,35-49,29,1
RIV011,2024-11,Female,50+,15,0
RIV011,2024-11,Male,<15,9,0
RIV011,2024-11,M,15-24,33,0
RIV011,2024-11,Male,25-34,31,1
RIV011,2024-11,Male,35-49,24,1
RIV011,2024-11,Male,50+,10,0
RIV011,2024-12,Female,<15,20,0
RIV011,2024-12,Female,15-24,62,2
RIV011,2024-12,Female,25-34,54,4
RIV011,2024-12,Female,35-49,43,3
RIV011,2024-12,Female,50+,17,0
RIV011,2024-12,Male,<15,12,0
RIV011,2024-12,M,15-24,34,1
RIV011,2024-12,Male,25-34,48,3
RIV011,2024-12,Male,35-49,34,2
RIV011,2024-12,Male,50+,12,0
RIV012,2024-01,Female,<15,27,0
RIV012,2024-01,Female,15-24,90,1
RIV012,2024-01,Female,25-34,99,3
RIV012,2024-01,Female,35-49,57,1
RIV012,2024-01,Female,50+,30,0
RIV012,2024-01,Male,<15,22,0
RIV012,2024-01,Male,15-24,61,1
RIV012,2024-01,Male,25-34,72,
RIV012,2024-01,Male,35-49,44,1
RIV012,2024-01,Male,50+,21,0
RIV012,2024-02,Female,<15,25,0
RIV012,2024-02,Female,15-24,92,2
RIV012,2024-02,Female,25-34,79,4
RIV012,2024-02,Female,35-49,67,3
RIV012,2024-02,Female,50+,27,0
RIV012,2024-02,Male,<15,21,0
RIV012,2024-02,Male,15-24,63,1
RIV012,2024-02,Male,25-34,60,3
RIV012,2024-02,Male,35-49,44,2
RIV012,2024-02,Male,50+,21,0
RIV012,2024-03,Female,<15,42,0
RIV012,2024-03,Female,15-24,120,2
RIV012,2024-03,Female,25-34,114,4
RIV012,2024-03,Female,35-49,78,3
RIV012,2024-03,Female,50+,41,0
RIV012,2024-03,Male,<15,31,0
RIV012,2024-03,Male,15-24,69,1
RIV012,2024-03,Male,25-34,92,3
RIV012,2024-03,male,35-49,66,2
RIV012,2024-03,Male,50+,28,0
RIV012,2024-04,Female,<15,39,0
RIV012,2024-04,Female,15-24,120,1
RIV012,2024-04,Female,25-34,118,3
RIV012,2024-04,Female,35-49,91,2
RIV012,2024-04,Female,50+,39,0
RIV012,2024-04,Male,<15,34,0
RIV012,2024-04,Male,15-24,78,1
RIV012,2024-04,Male,25-34,81,2
RIV012,2024-04,Male,35-49,70,2
RIV012,2024-04,male,50+,32,0
RIV012,2024-05,Female,<15,35,1
RIV012,2024-05,Female,15-24,118,3
RIV012,2024-05,Female,25-34,111,6
RIV012,2024-05,Female,35-49,98,5
RIV012,2024-05,Female,50+,41,1
RIV012,2024-05,Male,<15,27,0
RIV012,2024-05,M,15-24,84,2
RIV012,2024-05,Male,25-34,81,4
RIV012,2024-05,Male,35-49,69,3
RIV012,2024-05,Male,50+,30,0
RIV012,2024-06,Female,<15,43,0
RIV012,2024-06,Female,15-24,94,1
RIV012,2024-06,Female,25-34,119,4
RIV012,2024-06,Female,35-49,94,3
RIV012,2024-06,Female,50+,43,0
RIV012,2024-06,Male,<15,28,0
RIV012,2024-06,Male,15-24,74,1
RIV012,2024-06,Male,25-34,98,3
RIV012,2024-06,Male,35-49,56,2
RIV012,2024-06,Male,50 and above,28,0
RIV012,2024-07,Female,<15,48,0
RIV012,2024-07,F,15-24,112,1
RIV012,2024-07,F,25-34,125,3
RIV012,2024-07,Female,35-49,103,2
RIV012,2024-07,Female,50+,47,0
RIV012,2024-07,male,<15,32,0
RIV012,2024-07,M,15-24,86,1
RIV012,2024-07,Male,25-34,91,2
RIV012,2024-07,Male,35-49,69,1
RIV012,2024-07,Male,50+,37,0
RIV012,2024-08,Female,<15,40,0
RIV012,2024-08,Female,15-24,99,2
RIV012,2024-08,Female,25-34,114,4
RIV012,2024-08,Female,35-49,79,3
RIV012,2024-08,F,50+,40,0
RIV012,2024-08,Male,<15,31,0
RIV012,2024-08,Male,15-24,77,1
RIV012,2024-08,Male,25-34,77,3
RIV012,2024-08,Male,35-49,55,2
RIV012,2024-08,Male,50+,28,0
RIV012,2024-09,Female,<15,30,0
RIV012,2024-09,F,15-24,92,1
RIV012,2024-09,Female,25-34,90,3
RIV012,2024-09,Female,35-49,67,2
RIV012,2024-09,Female,50+,27,0
RIV012,2024-09,Male,<15,24,0
RIV012,2024-09,Male,15-24,68,1
RIV012,2024-09,Male,25-34,61,2
RIV012,2024-09,Male,35-49,45,1
RIV012,2024-09,Male,50+,23,0
RIV012,2024-10,Female,<15,26,0
RIV012,2024-10,Female,15-24,75,2
RIV012,2024-10,Female,25-34,90,5
RIV012,2024-10,Female,35-49,63,3
RIV012,2024-10,F,50+,25,0
RIV012,2024-10,Male,<15,18,0
RIV012,2024-10,Male,15-24,53,1
RIV012,2024-10,Male,25-34,61,3
RIV012,2024-10,Male,35-49,47,2
RIV012,2024-10,Male,50+,22,0
RIV012,2024-11,F,<15,28,0
RIV012,2024-11,F,15-24,100,0
RIV012,2024-11,Female,25-34,103,1
RIV012,2024-11,Female,35-49,72,1
RIV012,2024-11,Female,50+,30,0
RIV012,2024-11,Male,0-14,26,0
RIV012,2024-11,Male,15-24,72,0
RIV012,2024-11,Male,25-34,74,1
RIV012,2024-11,Male,35-49,47,0
RIV012,2024-11,Male,50+,23,0
RIV012,2024-12,Female,<15,29,0
RIV012,2024-12,F,15-24,87,1
RIV012,2024-12,Female,25-34,77,3
RIV012,2024-12,Female,35-49,71,2
RIV012,2024-12,Female,50+,29,0
RIV012,2024-12,Male,<15,18,0
RIV012,2024-12,Male,15-24,60,1
RIV012,2024-12,Male,25-34,71,2
RIV012,2024-12,Male,35-49,45,1
RIV012,2024-12,Male,50+,18,0
RIV013,2024-01,F,<15,29,1
RIV013,2024-01,Female,15-24,80,2
RIV013,2024-01,Female,25-34,96,6
RIV013,2024-01,f,35-49,57,4
RIV013,2024-01,Female,50+,27,0
RIV013,2024-01,Male,<15,19,0
RIV013,2024-01,M,15-24,62,2
RIV013,2024-01,Male,25-34,59,4
RIV013,2024-01,M,35-49,48,3
RIV013,2024-01,Male,50+,21,0
RIV013,2024-02,Female,<15,33,0
RIV013,2024-02,F,15-24,94,1
RIV013,2024-02,Female,25-34,103,3
RIV013,2024-02,Female,35-49,70,2
RIV013,2024-02,Female,50+,34,0
RIV013,2024-02,Male,<15,22,0
RIV013,2024-02,Male,15-24,69,1
RIV013,2024-02,Male,25-34,80,2
RIV013,2024-02,Male,35-49,48,1
RIV013,2024-02,Male,50+,22,0
RIV013,2024-03,Female,<15,39,1
RIV013,2024-03,Female,15-24,117,3
RIV013,2024-03,Female,25-34,114,6
RIV013,2024-03,Female,35-49,78,4
RIV013,2024-03,Female,50+,38,1
RIV013,2024-03,Male,<15,31,0
RIV013,2024-03,Male,15-24,80,2
RIV013,2024-03,Male,25-34,83,5
RIV013,2024-03,male,35-49,54,3
RIV013,2024-03,Male,50+,31,0
RIV013,2024-04,Female,<15,61,1
RIV013,2024-04,Female,15-24,159,2
RIV013,2024-04,Female,25-34,177,6
RIV013,2024-04,Female,35-49,117,4
RIV013,2024-04,Female,50+,55,0
RIV013,2024-04,Male,<15,44,0
RIV013,2024-04,Male,15-24,104,1
RIV013,2024-04,Male,25-34,129,4
RIV013,2024-04,male,35-49,92,3
RIV013,2024-04,Male,50+,43,0
RIV013,2024-05,Female,<15,48,1
RIV013,2024-05,Female,15-24,169,4
RIV013,2024-05,Female,25-34,140,7
RIV013,2024-05,female,35-49,109,6
RIV013,2024-05,Female,50+,49,N/A
RIV013,2024-05,Male,<15,35,0
RIV013,2024-05,Male,15 - 24,97,2
RIV013,2024-05,Male,25-34,112,6
RIV013,2024-05,Male,35-49,88,4
RIV013,2024-05,Male,50+,41,1
RIV013,2024-06,Female,<15,37,0
RIV013,2024-06,Female,15-24,113,1
RIV013,2024-06,F,25-34,130,3
RIV013,2024-06,Female,35-49,106,3
RIV013,2024-06,Female,50+,47,0
RIV013,2024-06,Male,<15,34,0
RIV013,2024-06,M,15-24,89,1
RIV013,2024-06,m,25-34,90,2
RIV013,2024-06,Male,35-49,71,2
RIV013,2024-06,Male,50 and above,29,0
RIV013,2024-07,Female,<15,50,0
RIV013,2024-07,Female,15-24,110,1
RIV013,2024-07,Female,25-34,147,5
RIV013,2024-07,Female,35-49,96,3
RIV013,2024-07,Female,50+,45,0
RIV013,2024-07,Male,0-14,33,0
RIV013,2024-07,Male,15-24,83,1
RIV013,2024-07,Male,25-34,91,3
RIV013,2024-07,Male,35-49,79,2
RIV013,2024-07,Male,50 and above,38,0
RIV013,2024-08,Female,<15,46,0
RIV013,2024-08,Female,15-24,125,2
RIV013,2024-08,Female,25-34,146,5
RIV013,2024-08,F,35-49,114,4
RIV013,2024-08,Female,50+,45,0
RIV013,2024-08,Male,<15,35,0
RIV013,2024-08,Male,15-24,93,1
RIV013,2024-08,Male,25-34,112,4
RIV013,2024-08,Male,35-49,72,2
RIV013,2024-08,M,50+,33,0
RIV013,2024-09,Female,<15,38,0
RIV013,2024-09,F,15-24,120,1
RIV013,2024-09,female,25-34,125,3
RIV013,2024-09,Female,35-49,96,2
RIV013,2024-09,Female,50+,47,0
RIV013,2024-09,Male,<15,30,0
RIV013,2024-09,Male,15-24,99,1
RIV013,2024-09,Male,25-34,83,2
RIV013,2024-09,Male,35-49,66,2
RIV013,2024-09,Male,50+,32,0
RIV013,2024-10,Female,<15,37,0
RIV013,2024-10,Female,15-24,116,2
RIV013,2024-10,Female,25-34,107,4
RIV013,2024-10,female,35-49,93,3
RIV013,2024-10,Female,50+,40,0
RIV013,2024-10,Male,<15,32,0
RIV013,2024-10,Male,15-24,72,1
RIV013,2024-10,Male,25-34,78,3
RIV013,2024-10,M,35-49,69,N/A
RIV013,2024-10,Male,50+,33,0
RIV013,2024-11,Female,<15,36,0
RIV013,2024-11,Female,15-24,120,1
RIV013,2024-11,Female,25-34,116,3
RIV013,2024-11,Female,35-49,94,2
RIV013,2024-11,Female,50+,32,0
RIV013,2024-11,Male,0-14,31,0
RIV013,2024-11,Male,15-24,87,1
RIV013,2024-11,Male,25-34,83,2
RIV013,2024-11,Male,35-49,59,1
RIV013,2024-11,M,50+,,0
RIV013,2024-12,Female,0-14,39,1
RIV013,2024-12,Female,15-24,108,3
RIV013,2024-12,Female,25-34,129,9
RIV013,2024-12,F,35-49,91,6
RIV013,2024-12,Female,50+,37,1
RIV013,2024-12,Male,<15,35,1
RIV013,2024-12,Male,15-24,78,2
RIV013,2024-12,Male,25-34,84,5
RIV013,2024-12,Male,35-49,63,4
RIV013,2024-12,Male,50+,32,1
RIV014,2024-01,Female,0-14,65,0
RIV014,2024-01,female,15-24,180,1
RIV014,2024-01,Female,25-34,173,2
RIV014,2024-01,Female,35-49,134,1
RIV014,2024-01,Female,50+,61,0
RIV014,2024-01,Male,<15,52,0
RIV014,2024-01,Male,15-24,136,0
RIV014,2024-01,Male,25-34,120,1
RIV014,2024-01,Male,35-49,89,1
RIV014,2024-01,Male,50+,46,0
RIV014,2024-02,Female,<15,38,0
RIV014,2024-02,Female,15 - 24,137,1
RIV014,2024-02,Female,25-34,140,2
RIV014,2024-02,Female,35-49,86,1
RIV014,2024-02,Female,50+,40,0
RIV014,2024-02,M,<15,31,0
RIV014,2024-02,Male,15-24,97,0
RIV014,2024-02,Male,25-34,83,1
RIV014,2024-02,Male,35-49,78,1
RIV014,2024-02,M,50+,30,0
RIV014,2024-03,F,<15,55,0
RIV014,2024-03,Female,15-24,185,0
RIV014,2024-03,Female,25-34,163,1
RIV014,2024-03,Female,35-49,119,1
RIV014,2024-03,F,50+,65,0
RIV014,2024-03,M,<15,45,0
RIV014,2024-03,Male,15-24,110,0
RIV014,2024-03,Male,25-34,127,1
RIV014,2024-03,Male,35-49,103,0
RIV014,2024-03,Male,50+,41,0
RIV014,2024-04,Female,<15,60,N/A
RIV014,2024-04,female,15-24,168,1
RIV014,2024-04,Female,25-34,174,2
RIV014,2024-04,Female,35-49,126,1
RIV014,2024-04,Female,50+,58,0
RIV014,2024-04,Male,<15,44,0
RIV014,2024-04,Male,15-24,128,0
RIV014,2024-04,male,25-34,121,1
RIV014,2024-04,Male,35-49,95,1
RIV014,2024-04,Male,50+,36,0
RIV014,2024-05,Female,<15,69,
RIV014,2024-05,Female,15-24,152,1
RIV014,2024-05,F,25-34,200,4
RIV014,2024-05,Female,35-49,135,2
RIV014,2024-05,Female,50+,65,0
RIV014,2024-05,Male,<15,37,0
RIV014,2024-05,Male,15-24,135,1
RIV014,2024-05,Male,25-34,127,2
RIV014,2024-05,Male,35-49,105,2
RIV014,2024-05,male,50+,44,0
RIV014,2024-06,Female,<15,53,0
RIV014,2024-06,Female,15-24,172,0
RIV014,2024-06,Female,25-34,161,0
RIV014,2024-06,Female,35-49,110,0
RIV014,2024-06,Female,50+,60,0
RIV014,2024-06,Male,<15,43,0
RIV014,2024-06,Male,15-24,105,0
RIV014,2024-06,Male,25-34,126,0
RIV014,2024-06,Male,35-49,87,0
RIV014,2024-06,M,50+,41,0
RIV014,2024-07,Female,<15,61,0
RIV014,2024-07,Female,15-24,162,0
RIV014,2024-07,Female,25-34,204,0
RIV014,2024-07,Female,35-49,151,0
RIV014,2024-07,Female,50+,68,0
RIV014,2024-07,M,<15,44,0
RIV014,2024-07,Male,15-24,118,0
RIV014,2024-07,male,25-34,140,0
RIV014,2024-07,Male,35-49,115,0
RIV014,2024-07,Male,50+,51,0
RIV014,2024-08,F,<15,56,0
RIV014,2024-08,Female,15-24,189,1
RIV014,2024-08,Female,25-34,205,3
RIV014,2024-08,Female,35-49,114,1
RIV014,2024-08,F,50+,60,0
RIV014,2024-08,Male,<15,49,0
RIV014,2024-08,Male,15-24,128,1
RIV014,2024-08,Male,25-34,141,2
RIV014,2024-08,M,35-49,87,1
RIV014,2024-08,Male,50+,47,0
RIV014,2024-09,Female,<15,65,0
RIV014,2024-09,F,15-24,199,0
RIV014,2024-09,Female,25-34,184,1
RIV014,2024-09,Female,35-49,157,1
RIV014,2024-09,Female,50+,63,0
RIV014,2024-09,Male,<15,47,0
RIV014,2024-09,Male,15-24,135,0
RIV014,2024-09,Male,25-34,141,1
RIV014,2024-09,Male,35-49,110,1
RIV014,2024-09,Male,50+,50,0
RIV014,2024-10,Female,<15,62,0
RIV014,2024-10,Female,15-24,180,1
RIV014,2024-10,F,25-34,188,3
RIV014,2024-10,Female,35-49,139,2
RIV014,2024-10,Female,50+,64,0
RIV014,2024-10,Male,<15,54,0
RIV014,2024-10,M,15-24,136,1
RIV014,2024-10,Male,25-34,130,2
RIV014,2024-10,Male,35-49,94,1
RIV014,2024-10,M,50+,44,0
RIV014,2024-11,Female,<15,60,0
RIV014,2024-11,Female,15-24,178,1
RIV014,2024-11,Female,25-34,189,3
RIV014,2024-11,Female,35-49,123,1
RIV014,2024-11,Female,50 and above,58,0
RIV014,2024-11,Male,<15,44,0
RIV014,2024-11,Male,15-24,135,1
RIV014,2024-11,Male,25-34,119,1
RIV014,2024-11,Male,35-49,96,1
RIV014,2024-11,Male,50+,45,0
RIV014,2024-12,Female,<15,58,0
RIV014,2024-12,Female,15-24,139,0
RIV014,2024-12,Female,25-34,154,1
RIV014,2024-12,Female,35-49,139,1
RIV014,2024-12,Female,50+,54,0
RIV014,2024-12,Male,<15,38,0
RIV014,2024-12,Male,15-24,97,0
RIV014,2024-12,Male,25-34,128,0
RIV014,2024-12,Male,35-49,91,0
RIV014,2024-12,Male,50+,38,0
RIV015,2024-01,Female,<15,26,0
RIV015,2024-01,female,15-24,65,2
RIV015,2024-01,Female,25-34,72,5
RIV015,2024-01,Female,35-49,59,4
RIV015,2024-01,Female,50+,27,0
RIV015,2024-01,Male,<15,17,0
RIV015,2024-01,Male,15-24,57,2
RIV015,2024-01,Male,25-34,53,3
RIV015,2024-01,Male,35-49,36,2
RIV015,2024-01,Male,50+,16,0
RIV015,2024-02,F,<15,24,0
RIV015,2024-02,Female,15-24,67,2
RIV015,2024-02,Female,25-34,78,5
RIV015,2024-02,Female,35-49,52,3
RIV015,2024-02,Female,50+,22,0
RIV015,2024-02,Male,<15,16,0
RIV015,2024-02,male,15-24,47,1
RIV015,2024-02,Male,25-34,52,3
RIV015,2024-02,Male,35-49,42,3
RIV015,2024-02,Male,50+,17,0
RIV015,2024-03,Female,<15,31,1
RIV015,2024-03,Female,15-24,85,3
RIV015,2024-03,Female,25-34,89,8
RIV015,2024-03,Female,35-49,68,6
RIV015,2024-03,Female,50+,34,1
RIV015,2024-03,M,<15,24,1
RIV015,2024-03,Male,15-24,61,2
RIV015,2024-03,Male,25-34,66,6
RIV015,2024-03,Male,35-49,46,4
RIV015,2024-03,Male,50+,25,1
RIV015,2024-04,Female,<15,27,1
RIV015,2024-04,Female,15-24,61,2
RIV015,2024-04,Female,25-34,74,5
RIV015,2024-04,Female,35-49,60,4
RIV015,2024-04,Female,50+,26,0
RIV015,2024-04,Male,<15,21,0
RIV015,2024-04,Male,15-24,46,1
RIV015,2024-04,Male,25-34,52,3
RIV015,2024-04,Male,35-49,43,3
RIV015,2024-04,Male,50+,17,0
RIV015,2024-05,F,<15,35,1
RIV015,2024-05,female,15-24,90,3
RIV015,2024-05,F,25-34,114,7
RIV015,2024-05,F,35-49,71,4
RIV015,2024-05,Female,50+,38,1
RIV015,2024-05,M,<15,21,0
RIV015,2024-05,Male,15-24,72,2
RIV015,2024-05,Male,25-34,77,5
RIV015,2024-05,Male,35-49,56,3
RIV015,2024-05,Male,50+,25,0
RIV015,2024-06,Female,<15,33,1
RIV015,2024-06,Female,15-24,N/A,2
RIV015,2024-06,Female,25-34,98,6
RIV015,2024-06,Female,35-49,59,3
RIV015,2024-06,Female,50+,33,1
RIV015,2024-06,Male,<15,20,0
RIV015,2024-06,Male,15-24,63,2
RIV015,2024-06,Male,25-34,68,4
RIV015,2024-06,Male,35-49,46,3
RIV015,2024-06,Male,50+,19,0
RIV015,2024-07,Female,<15,26,0
RIV015,2024-07,female,15-24,74,2
RIV015,2024-07,Female,25-34,84,5
RIV015,2024-07,Female,35-49,64,3
RIV015,2024-07,f,50+,31,0
RIV015,2024-07,Male,<15,19,0
RIV015,2024-07,Male,15-24,64,1
RIV015,2024-07,m,25-34,58,3
RIV015,2024-07,Male,35-49,42,2
RIV015,2024-07,M,50+,19,0
RIV015,2024-08,Female,<15,23,0
RIV015,2024-08,female,15-24,69,2
RIV015,2024-08,Female,25-34,77,4
RIV015,2024-08,female,35-49,58,3
RIV015,2024-08,Female,50+,26,0
RIV015,2024-08,Male,<15,16,0
RIV015,2024-08,M,15-24,44,1
RIV015,2024-08,Male,25-34,60,3
RIV015,2024-08,Male,35-49,44,2
RIV015,2024-08,Male,50+,19,0
RIV015,2024-09,Female,<15,33,1
RIV015,2024-09,Female,15-24,77,3
RIV015,2024-09,Female,25-34,86,7
RIV015,2024-09,Female,35-49,62,5
RIV015,2024-09,Female,50 and above,29,1
RIV015,2024-09,Male,<15,18,0
RIV015,2024-09,Male,15-24,51,2
RIV015,2024-09,Male,25-34,70,6
RIV015,2024-09,Male,35-49,47,4
RIV015,2024-09,Male,50 and above,20,0
RIV015,2024-10,Female,<15,30,1
RIV015,2024-10,Female,15-24,75,2
RIV015,2024-10,Female,25-34,96,6
RIV015,2024-10,Female,35-49,58,3
RIV015,2024-10,Female,50+,27,0
RIV015,2024-10,Male,0-14,22,0
RIV015,2024-10,Male,15-24,52,1
RIV015,2024-10,M,25-34,65,4
RIV015,2024-10,Male,35-49,44,3
RIV015,2024-10,Male,50+,23,0
RIV015,2024-11,Female,<15,30,1
RIV015,2024-11,Female,15-24,76,3
RIV015,2024-11,Female,25-34,93,7
RIV015,2024-11,Female,35-49,57,4
RIV015,2024-11,Female,50+,29,1
RIV015,2024-11,Male,<15,18,0
RIV015,2024-11,Male,15-24,60,2
RIV015,2024-11,Male,25-34,66,5
RIV015,2024-11,Male,35-49,45,3
RIV015,2024-11,Male,50+,17,0
RIV015,2024-12,Female,<15,26,1
RIV015,2024-12,Female,15-24,74,3
RIV015,2024-12,Female,25-34,67,7
RIV015,2024-12,Female,35-49,53,5
RIV015,2024-12,Female,50+,27,1
RIV015,2024-12,M,<15,18,0
RIV015,2024-12,Male,15 - 24,53,2
RIV015,2024-12,Male,25-34,54,5
RIV015,2024-12,Male,35-49,38,4
RIV015,2024-12,Male,50+,16,0
BEN001,2024-01,Female,<15,62,0
BEN001,2024-01,Female,15-24,183,0
BEN001,2024-01,Female,25-34,200,1
BEN001,2024-01,Female,35-49,130,1
BEN001,2024-01,Female,50+,55,0
BEN001,2024-01,Male,<15,43,0
BEN001,2024-01,Male,15-24,122,0
BEN001,2024-01,Male,25-34,154,1
BEN001,2024-01,Male,35-49,88,0
BEN001,2024-01,Male,50+,49,0
BEN001,2024-02,Female,<15,66,0
BEN001,2024-02,Female,15-24,168,0
BEN001,2024-02,Female,25-34,171,1
BEN001,2024-02,Female,35-49,116,0
BEN001,2024-02,Female,50+,57,0
BEN001,2024-02,Male,<15,47,0
BEN001,2024-02,Male,15-24,114,0
BEN001,2024-02,Male,25-34,130,1
BEN001,2024-02,Male,35-49,86,0
BEN001,2024-02,Male,50+,40,0
BEN001,2024-03,Female,<15,59,0
BEN001,2024-03,Female,15-24,144,0
BEN001,2024-03,Female,25-34,169,1
BEN001,2024-03,Female,35-49,136,1
BEN001,2024-03,Female,50+,67,0
BEN001,2024-03,Male,0-14,43,0
BEN001,2024-03,male,15-24,108,0
BEN001,2024-03,Male,25-34,140,1
BEN001,2024-03,Male,35-49,88,0
BEN001,2024-03,Male,50+,38,0
BEN001,2024-04,F,<15,61,0
BEN001,2024-04,Female,15-24,163,0
BEN001,2024-04,Female,25-34,188,1
BEN001,2024-04,Female,35-49,124,1
BEN001,2024-04,Female,50+,53,0
BEN001,2024-04,Male,<15,45,0
BEN001,2024-04,Male,15 - 24,112,0
BEN001,2024-04,Male,25-34,127,1
BEN001,2024-04,M,35-49,103,0
BEN001,2024-04,Male,50+,40,0
BEN001,2024-05,Female,<15,54,0
BEN001,2024-05,Female,15-24,173,0
BEN001,2024-05,Female,25-34,180,1
BEN001,2024-05,Female,35-49,115,0
BEN001,2024-05,Female,50+,48,0
BEN001,2024-05,Male,<15,47,0
BEN001,2024-05,Male,15-24,111,0
BEN001,2024-05,Male,25-34,126,1
BEN001,2024-05,Male,35-49,88,0
BEN001,2024-05,Male,50+,40,0
BEN001,2024-06,Female,<15,72,0
BEN001,2024-06,F,15-24,185,1
BEN001,2024-06,Female,25-34,188,2
BEN001,2024-06,female,35-49,138,1
BEN001,2024-06,Female,50+,62,0
BEN001,2024-06,Male,<15,46,0
BEN001,2024-06,Male,15-24,123,0
BEN001,2024-06,Male,25-34,154,2
BEN001,2024-06,male,35-49,94,1
BEN001,2024-06,Male,50+,48,0
BEN001,2024-07,Female,<15,75,0
BEN001,2024-07,Female,15-24,174,1
BEN001,2024-07,Female,25-34,189,3
BEN001,2024-07,Female,35-49,157,2
BEN001,2024-07,Female,50+,60,0
BEN001,2024-07,Male,<15,45,0
BEN001,2024-07,Male,15-24,121,1
BEN001,2024-07,M,25-34,169,2
BEN001,2024-07,Male,35-49,94,1
BEN001,2024-07,Male,50+,45,0
BEN001,2024-08,Female,<15,50,0
BEN001,2024-08,Female,15-24,151,0
BEN001,2024-08,female,25-34,156,1
BEN001,2024-08,female,35-49,120,1
BEN001,2024-08,Female,50+,53,0
BEN001,2024-08,Male,<15,36,0
BEN001,2024-08,Male,15-24,110,0
BEN001,2024-08,Male,25-34,118,1
BEN001,2024-08,Male,35-49,82,0
BEN001,2024-08,Male,50+,38,0
BEN001,2024-09,F,<15,43,0
BEN001,2024-09,Female,15-24,127,0
BEN001,2024-09,Female,25-34,161,0
BEN001,2024-09,Female,35-49,116,0
BEN001,2024-09,Female,50+,48,0
BEN001,2024-09,Male,<15,37,0
BEN001,2024-09,M,15 - 24,97,0
BEN001,2024-09,Male,25-34,109,0
BEN001,2024-09,Male,35-49,76,0
BEN001,2024-09,Male,50+,39,0
BEN001,2024-10,Female,<15,56,0
BEN001,2024-10,Female,15-24,159,1
BEN001,2024-10,Female,25-34,163,2
BEN001,2024-10,Female,35-49,116,1
BEN001,2024-10,F,50+,66,0
BEN001,2024-10,male,<15,37,0
BEN001,2024-10,Male,15-24,102,0
BEN001,2024-10,Male,25-34,121,1
BEN001,2024-10,Male,35-49,97,1
BEN001,2024-10,Male,50+,48,0
BEN001,2024-11,Female,<15,52,0
BEN001,2024-11,Female,15-24,141,0
BEN001,2024-11,Female,25-34,128,1
BEN001,2024-11,female,35-49,107,1
BEN001,2024-11,f,50+,55,0
BEN001,2024-11,Male,<15,32,0
BEN001,2024-11,Male,15-24,104,0
BEN001,2024-11,male,25-34,111,1
BEN001,2024-11,Male,35-49,73,0
BEN001,2024-11,Male,50+,29,0
BEN001,2024-12,Female,<15,76,0
BEN001,2024-12,F,15-24,166,1
BEN001,2024-12,Female,25-34,197,2
BEN001,2024-12,Female,35-49,134,1
BEN001,2024-12,Female,50+,74,0
BEN001,2024-12,Male,<15,40,0
BEN001,2024-12,Male,15-24,130,0
BEN001,2024-12,Male,25-34,144,1
BEN001,2024-12,Male,35-49,112,1
BEN001,2024-12,Male,50+,42,0
BEN002,2024-01,Female,<15,104,0
BEN002,2024-01,Female,15-24,349,3
BEN002,2024-01,Female,25-34,372,6
BEN002,2024-01,Female,35-49,224,3
BEN002,2024-01,F,50+,121,1
BEN002,2024-01,Male,<15,69,0
BEN002,2024-01,Male,15-24,249,2
BEN002,2024-01,male,25-34,251,4
BEN002,2024-01,Male,35-49,195,3
BEN002,2024-01,Male,50+,82,0
BEN002,2024-02,F,<15,108,0
BEN002,2024-02,Female,15-24,299,2
BEN002,2024-02,Female,25-34,371,6
BEN002,2024-02,Female,35-49,231,3
BEN002,2024-02,Female,50+,120,1
BEN002,2024-02,m,<15,82,0
BEN002,2024-02,male,15-24,228,1
BEN002,2024-02,Male,25-34,241,4
BEN002,2024-02,Male,35-49,185,3
BEN002,2024-02,Male,50+,82,0
BEN002,2024-03,Female,<15,155,1
BEN002,2024-03,Female,15-24,528,6
BEN002,2024-03,Female,25-34,513,11
BEN002,2024-03,Female,35-49,384,8
BEN002,2024-03,Female,50+,172,1
BEN002,2024-03,Male,<15,111,1
BEN002,2024-03,Male,15-24,398,4
BEN002,2024-03,M,25-34,338,7
BEN002,2024-03,Male,35-49,299,6
BEN002,2024-03,Male,50+,120,1
BEN002,2024-04,Female,<15,152,1
BEN002,2024-04,Female,15-24,397,4
BEN002,2024-04,Female,25-34,463,10
BEN002,2024-04,Female,35-49,360,8
BEN002,2024-04,F,50+,145,1
BEN002,2024-04,Male,0-14,111,1
BEN002,2024-04,Male,15-24,259,2
BEN002,2024-04,Male,25-34,347,7
BEN002,2024-04,Male,35-49,263,6
BEN002,2024-04,Male,50+,117,1
BEN002,2024-05,F,<15,189,2
BEN002,2024-05,Female,15-24,545,7
BEN002,2024-05,female,25-34,535,13
BEN002,2024-05,Female,35-49,416,10
BEN002,2024-05,Female,50+,162,2
BEN002,2024-05,Male,<15,111,1
BEN002,2024-05,Male,15-24,402,5
BEN002,2024-05,Male,25-34,417,10
BEN002,2024-05,Male,35-49,282,7
BEN002,2024-05,Male,50+,124,1
BEN002,2024-06,Female,<15,192,2
BEN002,2024-06,Female,15-24,562,6
BEN002,2024-06,Female,25-34,526,11
BEN002,2024-06,F,35-49,391,8
BEN002,2024-06,Female,50+,169,1
BEN002,2024-06,Male,<15,117,1
BEN002,2024-06,male,15-24,368,3
BEN002,2024-06,Male,25-34,396,8
BEN002,2024-06,Male,35-49,324,6
BEN002,2024-06,Male,50+,127,1
BEN002,2024-07,Female,<15,229,3
BEN002,2024-07,Female,15-24,549,8
BEN002,2024-07,Female,25-34,697,21
BEN002,2024-07,Female,35-49,469,14
BEN002,2024-07,Female,50+,205,3
BEN002,2024-07,Male,<15,173,2
BEN002,2024-07,Male,15 - 24,423,6
BEN002,2024-07,Male,25-34,407,12
BEN002,2024-07,Male,35-49,375,11
BEN002,2024-07,M,50+,177,2
BEN002,2024-08,Female,<15,130,1
BEN002,2024-08,Female,15-24,389,5
BEN002,2024-08,Female,25-34,431,12
BEN002,2024-08,Female,35-49,307,8
BEN002,2024-08,Female,50+,113,1
BEN002,2024-08,Male,<15,91,1
BEN002,2024-08,M,15-24,281,3
BEN002,2024-08,Male,25-34,306,8
BEN002,2024-08,Male,35-49,216,6
BEN002,2024-08,Male,50+,97,1
BEN002,2024-09,F,<15,183,1
BEN002,2024-09,Female,15-24,584,4
BEN002,2024-09,F,25-34,525,7
BEN002,2024-09,Female,35-49,434,6
BEN002,2024-09,Female,50+,172,1
BEN002,2024-09,Male,<15,158,1
BEN002,2024-09,male,15-24,366,2
BEN002,2024-09,Male,25-34,418,6
BEN002,2024-09,Male,35-49,294,4
BEN002,2024-09,Male,50+,138,1
BEN002,2024-10,Female,<15,174,2
BEN002,2024-10,F,15-24,486,7
BEN002,2024-10,Female,25-34,476,15
BEN002,2024-10,Female,35-49,328,10
BEN002,2024-10,Female,50+,152,2
BEN002,2024-10,Male,<15,132,2
BEN002,2024-10,M,15-24,322,5
BEN002,2024-10,Male,25-34,308,9
BEN002,2024-10,Male,35-49,279,8
BEN002,2024-10,Male,50+,129,2
BEN002,2024-11,Female,<15,142,1
BEN002,2024-11,Female,15-24,417,4
BEN002,2024-11,Female,25-34,418,8
BEN002,2024-11,Female,35-49,329,6
BEN002,2024-11,F,50+,144,1
BEN002,2024-11,Male,0-14,97,0
BEN002,2024-11,Male,15 - 24,320,3
BEN002,2024-11,M,25-34,275,5
BEN002,2024-11,Male,35-49,244,4
BEN002,2024-11,Male,50+,112,1
BEN002,2024-12,Female,<15,147,2
BEN002,2024-12,Female,15-24,357,5
BEN002,2024-12,Female,25-34,423,12
BEN002,2024-12,Female,35-49,291,8
BEN002,2024-12,Female,50+,151,2
BEN002,2024-12,Male,<15,101,1
BEN002,2024-12,Male,15-24,260,3
BEN002,2024-12,Male,25-34,317,9
BEN002,2024-12,Male,35-49,224,6
BEN002,2024-12,Male,50+,91,1
BEN003,2024-01,Female,<15,25,0
BEN003,2024-01,Female,15-24,76,1
BEN003,2024-01,Female,25-34,80,3
BEN003,2024-01,F,35-49,54,2
BEN003,2024-01,Female,50+,26,0
BEN003,2024-01,Male,0-14,18,0
BEN003,2024-01,Male,15-24,56,1
BEN003,2024-01,Male,25-34,52,2
BEN003,2024-01,Male,35-49,40,1
BEN003,2024-01,Male,50+,21,0
BEN003,2024-02,Female,<15,35,0
BEN003,2024-02,Female,15-24,108,2
BEN003,2024-02,Female,25-34,97,5
BEN003,2024-02,Female,35-49,85,4
BEN003,2024-02,Female,50+,39,1
BEN003,2024-02,Male,<15,28,0
BEN003,2024-02,Male,15-24,69,1
BEN003,2024-02,Male,25-34,87,4
BEN003,2024-02,Male,35-49,54,2
BEN003,2024-02,M,50 and above,25,0
BEN003,2024-03,Female,<15,28,0
BEN003,2024-03,Female,15-24,81,1
BEN003,2024-03,Female,25-34,81,2
BEN003,2024-03,female,35-49,61,1
BEN003,2024-03,Female,50+,25,0
BEN003,2024-03,M,<15,18,0
BEN003,2024-03,Male,15-24,57,0
BEN003,2024-03,Male,25-34,58,1
BEN003,2024-03,Male,35-49,44,1
BEN003,2024-03,Male,50+,20,0
BEN003,2024-04,Female,<15,,0
BEN003,2024-04,Female,15-24,129,3
BEN003,2024-04,Female,25-34,127,6
BEN003,2024-04,Female,35-49,81,4
BEN003,2024-04,F,50+,41,1
BEN003,2024-04,Male,<15,26,0
BEN003,2024-04,Male,15-24,87,2
BEN003,2024-04,Male,25-34,84,4
BEN003,2024-04,male,35-49,69,3
BEN003,2024-04,Male,50+,32,0
BEN003,2024-05,Female,<15,51,1
BEN003,2024-05,Female,15-24,145,3
BEN003,2024-05,Female,25-34,N/A,8
BEN003,2024-05,Female,35-49,106,5
BEN003,2024-05,Female,50+,48,1
BEN003,2024-05,Male,<15,36,0
BEN003,2024-05,Male,15-24,98,2
BEN003,2024-05,Male,25-34,115,6
BEN003,2024-05,Male,35-49,80,4
BEN003,2024-05,Male,50+,39,1
BEN003,2024-06,Female,<15,28,0
BEN003,2024-06,female,15-24,75,1
BEN003,2024-06,Female,25-34,97,4
BEN003,2024-06,Female,35-49,72,3
BEN003,2024-06,Female,50+,35,0
BEN003,2024-06,Male,<15,25,0
BEN003,2024-06,Male,15-24,70,1
BEN003,2024-06,Male,25-34,61,3
BEN003,2024-06,Male,35-49,43,2
BEN003,2024-06,Male,50+,23,0
BEN003,2024-07,F,<15,34,1
BEN003,2024-07,Female,15-24,101,3
BEN003,2024-07,f,25-34,128,8
BEN003,2024-07,Female,35-49,84,5
BEN003,2024-07,Female,50+,44,1
BEN003,2024-07,M,<15,30,1
BEN003,2024-07,Male,15-24,70,2
BEN003,2024-07,Male,25-34,95,6
BEN003,2024-07,M,35-49,59,3
BEN003,2024-07,Male,50+,29,0
BEN003,2024-08,Female,<15,46,1
BEN003,2024-08,Female,15-24,132,3
BEN003,2024-08,Female,25-34,126,6
BEN003,2024-08,Female,35-49,84,4
BEN003,2024-08,Female,50+,49,1
BEN003,2024-08,Male,<15,34,0
BEN003,2024-08,Male,15-24,85,2
BEN003,2024-08,Male,25-34,90,N/A
BEN003,2024-08,male,35-49,73,3
BEN003,2024-08,Male,50 and above,34,0
BEN003,2024-09,Female,<15,46,1
BEN003,2024-09,Female,15-24,113,2
BEN003,2024-09,Female,25-34,119,5
BEN003,2024-09,Female,35-49,87,4
BEN003,2024-09,Female,50+,39,0
BEN003,2024-09,Male,<15,28,0
BEN003,2024-09,Male,15-24,N/A,1
BEN003,2024-09,Male,25-34,84,4
BEN003,2024-09,Male,35-49,66,3
BEN003,2024-09,Male,50+,33,0
BEN003,2024-10,Female,<15,35,1
BEN003,2024-10,F,15-24,89,2
BEN003,2024-10,female,25-34,125,7
BEN003,2024-10,F,35-49,91,5
BEN003,2024-10,Female,50+,34,1
BEN003,2024-10,Male,<15,25,0
BEN003,2024-10,Male,15 - 24,81,2
BEN003,2024-10,M,25-34,75,4
BEN003,2024-10,Male,35-49,60,3
BEN003,2024-10,Male,50+,30,0
BEN003,2024-11,Female,<15,31,0
BEN003,2024-11,Female,15-24,99,2
BEN003,2024-11,Female,25-34,102,5
BEN003,2024-11,Female,35-49,67,3
BEN003,2024-11,Female,50+,32,0
BEN003,2024-11,Male,0-14,20,0
BEN003,2024-11,M,15-24,73,2
BEN003,2024-11,Male,25-34,65,3
BEN003,2024-11,Male,35-49,53,3
BEN003,2024-11,Male,50+,27,0
BEN003,2024-12,Female,<15,34,1
BEN003,2024-12,Female,15-24,90,2
BEN003,2024-12,Female,25-34,86,5
BEN003,2024-12,F,35-49,57,3
BEN003,2024-12,Female,50+,34,1
BEN003,2024-12,Male,<15,22,0
BEN003,2024-12,M,15-24,59,1
BEN003,2024-12,Male,25-34,69,4
BEN003,2024-12,Male,35-49,47,3
BEN003,2024-12,Male,50+,20,0
BEN004,2024-01,Female,0-14,55,0
BEN004,2024-01,Female,15-24,154,0
BEN004,2024-01,Female,25-34,171,1
BEN004,2024-01,Female,35-49,127,0
BEN004,2024-01,Female,50+,54,0
BEN004,2024-01,Male,<15,45,0
BEN004,2024-01,Male,15-24,114,0
BEN004,2024-01,Male,25-34,109,0
BEN004,2024-01,Male,35-49,91,0
BEN004,2024-01,Male,50+,46,0
BEN004,2024-02,F,<15,54,0
BEN004,2024-02,Female,15-24,147,1
BEN004,2024-02,Female,25-34,166,2
BEN004,2024-02,Female,35-49,107,1
BEN004,2024-02,Female,50+,51,0
BEN004,2024-02,Male,<15,36,0
BEN004,2024-02,Male,15-24,106,0
BEN004,2024-02,Male,25-34,121,1
BEN004,2024-02,Male,35-49,80,1
BEN004,2024-02,Male,50 and above,36,0
BEN004,2024-03,Female,<15,65,0
BEN004,2024-03,Female,15-24,185,1
BEN004,2024-03,F,25-34,225,3
BEN004,2024-03,Female,35-49,181,2
BEN004,2024-03,Female,50+,65,0
BEN004,2024-03,Male,<15,61,0
BEN004,2024-03,male,15-24,136,0
BEN004,2024-03,Male,25-34,166,2
BEN004,2024-03,Male,35-49,106,1
BEN004,2024-03,Male,50+,53,0
BEN004,2024-04,female,<15,69,0
BEN004,2024-04,Female,15-24,206,0
BEN004,2024-04,Female,25-34,222,2
BEN004,2024-04,Female,35-49,197,1
BEN004,2024-04,Female,50+,88,0
BEN004,2024-04,Male,<15,60,0
BEN004,2024-04,Male,15-24,152,0
BEN004,2024-04,Male,25-34,187,1
BEN004,2024-04,Male,35-49,106,0
BEN004,2024-04,Male,50+,60,
BEN004,2024-05,Female,<15,67,0
BEN004,2024-05,Female,15-24,194,0
BEN004,2024-05,female,25-34,185,0
BEN004,2024-05,Female,35-49,135,0
BEN004,2024-05,Female,50+,72,0
BEN004,2024-05,Male,<15,48,0
BEN004,2024-05,Male,15-24,122,0
BEN004,2024-05,Male,25-34,165,0
BEN004,2024-05,Male,35-49,91,0
BEN004,2024-05,Male,50+,47,0
BEN004,2024-06,Female,<15,85,0
BEN004,2024-06,Female,15-24,222,1
BEN004,2024-06,Female,25-34,271,4
BEN004,2024-06,Female,35-49,195,2
BEN004,2024-06,Female,50+,86,0
BEN004,2024-06,Male,<15,59,0
BEN004,2024-06,Male,15-24,186,1
BEN004,2024-06,M,25-34,185,2
BEN004,2024-06,Male,35-49,132,1
BEN004,2024-06,male,50+,58,0
BEN004,2024-07,Female,<15,55,0
BEN004,2024-07,Female,15-24,155,0
BEN004,2024-07,Female,25-34,183,2
BEN004,2024-07,F,35-49,106,1
BEN004,2024-07,Female,50+,49,0
BEN004,2024-07,Male,<15,37,0
BEN004,2024-07,M,15-24,121,0
BEN004,2024-07,Male,25-34,115,1
BEN004,2024-07,Male,35-49,84,1
BEN004,2024-07,Male,50+,40,0
BEN004,2024-08,Female,<15,76,0
BEN004,2024-08,female,15-24,185,0
BEN004,2024-08,Female,25-34,193,1
BEN004,2024-08,F,35-49,145,1
BEN004,2024-08,Female,50 and above,72,0
BEN004,2024-08,Male,<15,41,0
BEN004,2024-08,Male,15-24,151,0
BEN004,2024-08,Male,25-34,134,1
BEN004,2024-08,Male,35-49,117,1
BEN004,2024-08,Male,50+,42,-
BEN004,2024-09,F,<15,70,0
BEN004,2024-09,Female,15-24,177,1
BEN004,2024-09,Female,25-34,188,2
BEN004,2024-09,Female,35-49,144,1
BEN004,2024-09,f,50+,71,0
BEN004,2024-09,Male,<15,47,0
BEN004,2024-09,M,15-24,139,0
BEN004,2024-09,Male,25-34,136,1
BEN004,2024-09,Male,35-49,107,1
BEN004,2024-09,Male,50+,40,0
BEN004,2024-10,Female,<15,50,0
BEN004,2024-10,Female,15-24,134,1
BEN004,2024-10,Female,25-34,158,2
BEN004,2024-10,Female,35-49,128,2
BEN004,2024-10,Female,50+,-,0
BEN004,2024-10,Male,<15,37,0
BEN004,2024-10,Male,15-24,103,0
BEN004,2024-10,Male,25-34,118,1
BEN004,2024-10,Male,35-49,79,1
BEN004,2024-10,Male,50+,33,0
BEN004,2024-11,F,<15,52,0
BEN004,2024-11,Female,15-24,125,0
BEN004,2024-11,Female,25-34,179,1
BEN004,2024-11,Female,35-49,111,1
BEN004,2024-11,Female,50+,54,0
BEN004,2024-11,Male,<15,38,0
BEN004,2024-11,Male,15-24,99,0
BEN004,2024-11,Male,25-34,107,1
BEN004,2024-11,M,35-49,94,1
BEN004,2024-11,Male,50+,38,0
BEN004,2024-12,Female,<15,38,0
BEN004,2024-12,Female,15 - 24,118,0
BEN004,2024-12,Female,25-34,128,1
BEN004,2024-12,F,35-49,89,0
BEN004,2024-12,Female,50+,38,0
BEN004,2024-12,Male,<15,25,0
BEN004,2024-12,Male,15-24,82,0
BEN004,2024-12,Male,25-34,88,0
BEN004,2024-12,Male,35-49,71,0
BEN004,2024-12,male,50+,30,0
BEN005,2024-01,Female,<15,22,0
BEN005,2024-01,Female,15-24,68,0
BEN005,2024-01,F,25-34,69,1
BEN005,2024-01,Female,35-49,49,1
BEN005,2024-01,Female,50+,21,0
BEN005,2024-01,Male,<15,16,0
BEN005,2024-01,Male,15-24,48,0
BEN005,2024-01,Male,25-34,49,1
BEN005,2024-01,Male,35-49,33,0
BEN005,2024-01,M,50+,19,0
BEN005,2024-02,Female,<15,25,0
BEN005,2024-02,Female,15-24,85,1
BEN005,2024-02,Female,25-34,83,3
BEN005,2024-02,F,35-49,74,2
BEN005,2024-02,female,50+,29,0
BEN005,2024-02,male,<15,20,0
BEN005,2024-02,Male,15-24,62,1
BEN005,2024-02,Male,25-34,62,2
BEN005,2024-02,Male,35-49,48,1
BEN005,2024-02,Male,50+,22,0
BEN005,2024-03,F,<15,39,0
BEN005,2024-03,Female,15-24,113,2
BEN005,2024-03,Female,25-34,117,4
BEN005,2024-03,Female,35-49,82,2
BEN005,2024-03,Female,50+,36,0
BEN005,2024-03,Male,<15,30,0
BEN005,2024-03,M,15-24,79,1
BEN005,2024-03,Male,25-34,81,2
BEN005,2024-03,M,35-49,63,2
BEN005,2024-03,Male,50+,27,0
BEN005,2024-04,Female,<15,34,0
BEN005,2024-04,F,15-24,115,1
BEN005,2024-04,Female,25-34,115,2
BEN005,2024-04,Female,35-49,79,1
BEN005,2024-04,Female,50+,41,0
BEN005,2024-04,M,<15,24,0
BEN005,2024-04,Male,15-24,84,0
BEN005,2024-04,Male,25-34,83,1
BEN005,2024-04,Male,35-49,59,1
BEN005,2024-04,Male,50+,26,0
BEN005,2024-05,Female,<15,36,0
BEN005,2024-05,Female,15-24,103,2
BEN005,2024-05,Female,25-34,127,5
BEN005,2024-05,Female,35-49,86,3
BEN005,2024-05,female,50+,41,0
BEN005,2024-05,Male,<15,30,0
BEN005,2024-05,Male,15-24,87,1
BEN005,2024-05,male,25-34,76,3
BEN005,2024-05,Male,35-49,,2
BEN005,2024-05,Male,50+,26,0
BEN005,2024-06,Female,<15,43,0
BEN005,2024-06,female,15-24,118,1
BEN005,2024-06,Female,25-34,101,1
BEN005,2024-06,Female,35-49,97,1
BEN005,2024-06,Female,50+,39,0
BEN005,2024-06,Male,<15,32,0
BEN005,2024-06,Male,15-24,73,0
BEN005,2024-06,M,25-34,92,1
BEN005,2024-06,M,35-49,60,1
BEN005,2024-06,Male,50+,31,0
BEN005,2024-07,F,<15,50,0
BEN005,2024-07,Female,15-24,131,2
BEN005,2024-07,Female,25-34,156,5
BEN005,2024-07,Female,35-49,96,3
BEN005,2024-07,Female,50 and above,48,0
BEN005,2024-07,Male,<15,40,0
BEN005,2024-07,Male,15-24,93,1
BEN005,2024-07,Male,25-34,103,3
BEN005,2024-07,M,35-49,77,2
BEN005,2024-07,Male,50+,35,0
BEN005,2024-08,Female,<15,31,0
BEN005,2024-08,Female,15-24,82,1
BEN005,2024-08,Female,25-34,88,3
BEN005,2024-08,Female,35-49,72,2
BEN005,2024-08,Female,50 and above,34,0
BEN005,2024-08,male,<15,20,0
BEN005,2024-08,Male,15-24,71,1
BEN005,2024-08,Male,25-34,66,2
BEN005,2024-08,Male,35-49,44,1
BEN005,2024-08,M,50+,21,0
BEN005,2024-09,Female,<15,33,0
BEN005,2024-09,Female,15-24,101,1
BEN005,2024-09,Female,25-34,102,3
BEN005,2024-09,Female,35-49,70,2
BEN005,2024-09,Female,50+,33,0
BEN005,2024-09,Male,<15,21,0
BEN005,2024-09,Male,15-24,66,1
BEN005,2024-09,M,25-34,77,2
BEN005,2024-09,Male,35-49,60,1
BEN005,2024-09,M,50+,21,0
BEN005,2024-10,Female,<15,24,0
BEN005,2024-10,Female,15-24,73,0
BEN005,2024-10,Female,25-34,65,1
BEN005,2024-10,Female,35-49,59,1
BEN005,2024-10,Female,50+,20,0
BEN005,2024-10,Male,0-14,19,0
BEN005,2024-10,Male,15-24,46,0
BEN005,2024-10,Male,25-34,46,1
BEN005,2024-10,Male,35-49,44,1
BEN005,2024-10,male,50+,17,0
BEN005,2024-11,F,<15,40,0
BEN005,2024-11,Female,15-24,97,2
BEN005,2024-11,Female,25-34,125,5
BEN005,2024-11,Female,35-49,80,3
BEN005,2024-11,Female,50+,34,0
BEN005,2024-11,Male,<15,28,0
BEN005,2024-11,Male,15-24,77,1
BEN005,2024-11,Male,25-34,86,4
BEN005,2024-11,Male,35-49,54,2
BEN005,2024-11,Male,50+,26,0
BEN005,2024-12,Female,<15,26,0
BEN005,2024-12,female,15-24,70,1
BEN005,2024-12,F,25-34,79,4
BEN005,2024-12,Female,35-49,50,2
BEN005,2024-12,Female,50+,28,0
BEN005,2024-12,Male,0-14,17,0
BEN005,2024-12,Male,15-24,52,1
BEN005,2024-12,Male,25-34,57,2
BEN005,2024-12,m,35-49,38,1
BEN005,2024-12,Male,50+,18,0
BEN006,2024-01,Female,<15,10,0
BEN006,2024-01,Female,15-24,30,0
BEN006,2024-01,Female,25-34,36,1
BEN006,2024-01,Female,35-49,24,0
BEN006,2024-01,female,50+,11,0
BEN006,2024-01,Male,<15,8,0
BEN006,2024-01,Male,15-24,21,0
BEN006,2024-01,Male,25-34,24,0
BEN006,2024-01,Male,35-49,19,0
BEN006,2024-01,M,50+,8,0
BEN006,2024-02,Female,0-14,9,0
BEN006,2024-02,Female,15-24,32,0
BEN006,2024-02,Female,25-34,31,0
BEN006,2024-02,Female,35-49,21,0
BEN006,2024-02,Female,50+,10,0
BEN006,2024-02,Male,<15,7,0
BEN006,2024-02,Male,15-24,22,0
BEN006,2024-02,Male,25-34,23,0
BEN006,2024-02,Male,35-49,15,0
BEN006,2024-02,Male,50+,7,0
BEN006,2024-03,Female,<15,13,0
BEN006,2024-03,Female,15-24,48,1
BEN006,2024-03,Female,25-34,44,2
BEN006,2024-03,Female,35-49,32,1
BEN006,2024-03,female,50+,16,0
BEN006,2024-03,Male,<15,10,0
BEN006,2024-03,Male,15-24,37,0
BEN006,2024-03,Male,25-34,30,1
BEN006,2024-03,M,35-49,23,1
BEN006,2024-03,M,50+,11,0
BEN006,2024-04,Female,0-14,13,0
BEN006,2024-04,Female,15-24,36,0
BEN006,2024-04,Female,25-34,41,1
BEN006,2024-04,Female,35-49,24,0
BEN006,2024-04,Female,50+,12,0
BEN006,2024-04,Male,<15,8,0
BEN006,2024-04,Male,15-24,28,0
BEN006,2024-04,Male,25-34,27,0
BEN006,2024-04,Male,35-49,20,0
BEN006,2024-04,Male,50+,8,0
BEN006,2024-05,Female,<15,N/A,0
BEN006,2024-05,Female,15-24,46,1
BEN006,2024-05,Female,25-34,45,2
BEN006,2024-05,Female,35-49,34,-
BEN006,2024-05,Female,50+,17,0
BEN006,2024-05,M,<15,12,0
BEN006,2024-05,Male,15-24,27,0
BEN006,2024-05,Male,25-34,38,1
BEN006,2024-05,Male,35-49,27,1
BEN006,2024-05,male,50+,10,0
BEN006,2024-06,Female,<15,13,0
BEN006,2024-06,Female,15-24,44,0
BEN006,2024-06,Female,25-34,43,1
BEN006,2024-06,Female,35-49,27,1
BEN006,2024-06,Female,50+,14,0
BEN006,2024-06,Male,<15,10,0
BEN006,2024-06,male,15-24,30,0
BEN006,2024-06,Male,25-34,29,1
BEN006,2024-06,Male,35-49,21,0
BEN006,2024-06,Male,50+,12,0
BEN006,2024-07,Female,<15,15,0
BEN006,2024-07,Female,15-24,51,1
BEN006,2024-07,Female,25-34,55,3
BEN006,2024-07,Female,35-49,32,2
BEN006,2024-07,Female,50+,15,0
BEN006,2024-07,Male,<15,10,0
BEN006,2024-07,Male,15-24,36,1
BEN006,2024-07,Male,25-34,37,2
BEN006,2024-07,Male,35-49,27,1
BEN006,2024-07,Male,50+,12,0
BEN006,2024-08,f,<15,14,0
BEN006,2024-08,Female,15-24,43,1
BEN006,2024-08,Female,25-34,41,2
BEN006,2024-08,Female,35-49,36,2
BEN006,2024-08,Female,50+,13,0
BEN006,2024-08,Male,<15,9,0
BEN006,2024-08,Male,15-24,27,0
BEN006,2024-08,Male,25-34,35,2
BEN006,2024-08,Male,35-49,24,1
BEN006,2024-08,Male,50+,10,0
BEN006,2024-09,Female,<15,12,0
BEN006,2024-09,Female,15-24,37,1
BEN006,2024-09,Female,25-34,40,3
BEN006,2024-09,Female,35-49,28,2
BEN006,2024-09,Female,50+,12,0
BEN006,2024-09,Male,<15,10,0
BEN006,2024-09,Male,15-24,28,1
BEN006,2024-09,Male,25-34,29,2
BEN006,2024-09,Male,35-49,18,1
BEN006,2024-09,Male,50+,8,0
BEN006,2024-10,Female,<15,11,0
BEN006,2024-10,Female,15-24,34,-
BEN006,2024-10,Female,25-34,37,0
BEN006,2024-10,Female,35-49,30,0
BEN006,2024-10,Female,50+,13,0
BEN006,2024-10,Male,<15,9,0
BEN006,2024-10,Male,15-24,25,0
BEN006,2024-10,Male,25-34,26,0
BEN006,2024-10,Male,35-49,22,0
BEN006,2024-10,Male,50+,8,0
BEN006,2024-11,Female,<15,11,0
BEN006,2024-11,Female,15-24,34,0
BEN006,2024-11,Female,25-34,32,0
BEN006,2024-11,Female,35-49,23,0
BEN006,2024-11,Female,50+,11,0
BEN006,2024-11,Male,<15,8,0
BEN006,2024-11,Male,15-24,22,0
BEN006,2024-11,Male,25-34,22,0
BEN006,2024-11,Male,35-49,19,0
BEN006,2024-11,Male,50+,10,0
BEN006,2024-12,Female,<15,11,0
BEN006,2024-12,female,15-24,29,0
BEN006,2024-12,female,25-34,33,1
BEN006,2024-12,Female,35-49,30,1
BEN006,2024-12,Female,50+,12,0
BEN006,2024-12,Male,<15,8,0
BEN006,2024-12,male,15-24,22,0
BEN006,2024-12,Male,25-34,24,0
BEN006,2024-12,Male,35-49,19,0
BEN006,2024-12,Male,50+,9,0
BEN007,2024-01,Female,<15,17,0
BEN007,2024-01,female,15-24,40,0
BEN007,2024-01,F,25-34,52,1
BEN007,2024-01,Female,35-49,35,1
BEN007,2024-01,F,50+,16,0
BEN007,2024-01,Male,<15,10,0
BEN007,2024-01,Male,15-24,34,0
BEN007,2024-01,Male,25-34,N/A,1
BEN007,2024-01,Male,35-49,25,0
BEN007,2024-01,Male,50 and above,13,0
BEN007,2024-02,Female,<15,19,0
BEN007,2024-02,Female,15-24,53,0
BEN007,2024-02,Female,25-34,56,0
BEN007,2024-02,Female,35-49,34,0
BEN007,2024-02,Female,50 and above,16,0
BEN007,2024-02,Male,<15,11,0
BEN007,2024-02,Male,15-24,36,0
BEN007,2024-02,Male,25-34,41,0
BEN007,2024-02,Male,35-49,28,0
BEN007,2024-02,Male,50+,12,0
BEN007,2024-03,Female,<15,17,0
BEN007,2024-03,Female,15-24,52,1
BEN007,2024-03,F,25-34,57,2
BEN007,2024-03,Female,35-49,38,1
BEN007,2024-03,Female,50+,19,0
BEN007,2024-03,Male,<15,12,0
BEN007,2024-03,Male,15-24,44,0
BEN007,2024-03,Male,25-34,36,1
BEN007,2024-03,Male,35-49,28,1
BEN007,2024-03,M,50+,11,0
BEN007,2024-04,Female,<15,16,0
BEN007,2024-04,Female,15-24,46,0
BEN007,2024-04,Female,25-34,52,1
BEN007,2024-04,Female,35-49,35,0
BEN007,2024-04,Female,50+,19,0
BEN007,2024-04,Male,<15,13,0
BEN007,2024-04,Male,15-24,38,0
BEN007,2024-04,M,25-34,36,0
BEN007,2024-04,Male,35-49,23,0
BEN007,2024-04,Male,50+,11,
BEN007,2024-05,Female,<15,21,0
BEN007,2024-05,Female,15-24,55,0
BEN007,2024-05,Female,25-34,59,1
BEN007,2024-05,Female,35-49,45,1
BEN007,2024-05,Female,50 and above,20,0
BEN007,2024-05,Male,<15,14,0
BEN007,2024-05,Male,15-24,42,0
BEN007,2024-05,Male,25-34,40,1
BEN007,2024-05,Male,35-49,33,1
BEN007,2024-05,m,50+,16,0
BEN007,2024-06,Female,<15,19,0
BEN007,2024-06,Female,15-24,58,0
BEN007,2024-06,Female,25-34,60,1
BEN007,2024-06,Female,35-49,43,0
BEN007,2024-06,Female,50+,18,0
BEN007,2024-06,Male,<15,14,0
BEN007,2024-06,M,15-24,38,0
BEN007,2024-06,Male,25-34,49,1
BEN007,2024-06,Male,35-49,29,0
BEN007,2024-06,Male,50+,13,0
BEN007,2024-07,Female,0-14,22,0
BEN007,2024-07,F,15-24,67,1
BEN007,2024-07,Female,25-34,75,2
BEN007,2024-07,Female,35-49,43,1
BEN007,2024-07,F,50+,25,0
BEN007,2024-07,Male,<15,14,0
BEN007,2024-07,Male,15-24,48,0
BEN007,2024-07,Male,25-34,48,1
BEN007,2024-07,Male,35-49,39,1
BEN007,2024-07,M,50+,19,0
BEN007,2024-08,female,<15,22,0
BEN007,2024-08,F,15-24,53,0
BEN007,2024-08,F,25-34,60,1
BEN007,2024-08,Female,35-49,48,1
BEN007,2024-08,Female,50+,23,0
BEN007,2024-08,Male,<15,14,0
BEN007,2024-08,M,15-24,41,0
BEN007,2024-08,M,25-34,47,1
BEN007,2024-08,male,35-49,33,0
BEN007,2024-08,Male,50+,14,0
BEN007,2024-09,Female,<15,27,0
BEN007,2024-09,Female,15-24,60,0
BEN007,2024-09,Female,25-34,75,1
BEN007,2024-09,Female,35-49,48,0
BEN007,2024-09,Female,50+,22,0
BEN007,2024-09,Male,<15,18,0
BEN007,2024-09,Male,15-24,50,0
BEN007,2024-09,male,25-34,43,0
BEN007,2024-09,Male,35-49,39,0
BEN007,2024-09,Male,50+,16,0
BEN007,2024-10,Female,<15,17,0
BEN007,2024-10,Female,15-24,50,0
BEN007,2024-10,female,25-34,54,0
BEN007,2024-10,Female,35-49,39,0
BEN007,2024-10,female,50+,20,0
BEN007,2024-10,Male,<15,15,0
BEN007,2024-10,Male,15-24,-,0
BEN007,2024-10,Male,25-34,43,0
BEN007,2024-10,Male,35-49,28,0
BEN007,2024-10,Male,50+,11,0
BEN007,2024-11,Female,<15,16,0
BEN007,2024-11,Female,15-24,46,0
BEN007,2024-11,Female,25-34,55,1
BEN007,2024-11,Female,35-49,39,0
BEN007,2024-11,Female,50+,19,0
BEN007,2024-11,Male,<15,13,0
BEN007,2024-11,Male,15-24,38,0
BEN007,2024-11,Male,25-34,38,0
BEN007,2024-11,Male,35-49,26,0
BEN007,2024-11,Male,50 and above,12,0
BEN007,2024-12,Female,<15,15,0
BEN007,2024-12,Female,15-24,53,0
BEN007,2024-12,Female,25-34,49,1
BEN007,2024-12,Female,35-49,39,1
BEN007,2024-12,Female,50+,18,0
BEN007,2024-12,Male,<15,14,0
BEN007,2024-12,Male,15-24,31,0
BEN007,2024-12,Male,25-34,43,1
BEN007,2024-12,Male,35-49,26,0
BEN007,2024-12,Male,50+,11,0
BEN008,2024-01,F,<15,167,4
BEN008,2024-01,F,15-24,402,10
BEN008,2024-01,F,25-34,451,-
BEN008,2024-01,Female,35-49,310,15
BEN008,2024-01,Female,50+,128,3
BEN008,2024-01,M,<15,112,2
BEN008,2024-01,Male,15-24,314,7
BEN008,2024-01,Male,25-34,306,15
BEN008,2024-01,Male,35-49,226,11
BEN008,2024-01,Male,50+,98,2
BEN008,2024-02,Female,<15,154,3
BEN008,2024-02,Female,15-24,443,10
BEN008,2024-02,Female,25-34,445,20
BEN008,2024-02,Female,35-49,306,14
BEN008,2024-02,Female,50+,170,4
BEN008,2024-02,Male,<15,112,2
BEN008,2024-02,M,15-24,288,6
BEN008,2024-02,Male,25-34,337,15
BEN008,2024-02,Male,35-49,248,11
BEN008,2024-02,Male,50 and above,113,2
BEN008,2024-03,Female,<15,175,3
BEN008,2024-03,Female,15 - 24,373,7
BEN008,2024-03,Female,25-34,525,19
BEN008,2024-03,Female,35-49,367,13
BEN008,2024-03,F,50+,155,2
BEN008,2024-03,Male,<15,111,2
BEN008,2024-03,M,15-24,343,6
BEN008,2024-03,Male,25-34,316,11
BEN008,2024-03,Male,35-49,279,10
BEN008,2024-03,Male,50+,105,1
BEN008,2024-04,Female,<15,178,4
BEN008,2024-04,Female,15-24,441,
BEN008,2024-04,Female,25-34,531,26
BEN008,2024-04,F,35-49,383,18
BEN008,2024-04,Female,50+,163,4
BEN008,2024-04,M,<15,126,3
BEN008,2024-04,Male,15-24,371,9
BEN008,2024-04,male,25-34,364,17
BEN008,2024-04,M,35-49,235,11
BEN008,2024-04,Male,50+,131,3
BEN008,2024-05,Female,<15,153,2
BEN008,2024-05,Female,15-24,493,8
BEN008,2024-05,Female,25-34,536,18
BEN008,2024-05,Female,35-49,426,14
BEN008,2024-05,Female,50+,182,3
BEN008,2024-05,Male,<15,136,2
BEN008,2024-05,M,15-24,380,6
BEN008,2024-05,Male,25-34,382,12
BEN008,2024-05,Male,35-49,288,9
BEN008,2024-05,Male,50+,110,1
BEN008,2024-06,Female,<15,154,2
BEN008,2024-06,Female,15-24,552,10
BEN008,2024-06,Female,25-34,548,20
BEN008,2024-06,Female,35-49,439,16
BEN008,2024-06,Female,50+,195,3
BEN008,2024-06,Male,<15,142,2
BEN008,2024-06,M,15-24,385,7
BEN008,2024-06,Male,25-34,448,16
BEN008,2024-06,Male,35-49,244,9
BEN008,2024-06,Male,50+,147,2
BEN008,2024-07,Female,<15,130,2
BEN008,2024-07,Female,15-24,404,8
BEN008,2024-07,Female,25-34,420,18
BEN008,2024-07,Female,35-49,332,14
BEN008,2024-07,Female,50+,137,2
BEN008,2024-07,Male,<15,112,2
BEN008,2024-07,M,15-24,326,7
BEN008,2024-07,Male,25-34,286,12
BEN008,2024-07,Male,35-49,214,9
BEN008,2024-07,M,50+,92,2
BEN008,2024-08,Female,<15,197,2
BEN008,2024-08,Female,15 - 24,458,6
BEN008,2024-08,Female,25-34,512,14
BEN008,2024-08,Female,35-49,366,10
BEN008,2024-08,Female,50+,-,2
BEN008,2024-08,Male,0-14,103,1
BEN008,2024-08,Male,15 - 24,352,5
BEN008,2024-08,Male,25-34,355,10
BEN008,2024-08,Male,35-49,280,8
BEN008,2024-08,Male,50+,139,2
BEN008,2024-09,Female,<15,198,3
BEN008,2024-09,Female,15-24,545,9
BEN008,2024-09,Female,25-34,606,21
BEN008,2024-09,Female,35-49,369,13
BEN008,2024-09,F,50+,168,3
BEN008,2024-09,Male,<15,120,2
BEN008,2024-09,Male,15-24,405,7
BEN008,2024-09,Male,25-34,378,13
BEN008,2024-09,Male,35-49,329,11
BEN008,2024-09,male,50+,133,2
BEN008,2024-10,Female,<15,102,1
BEN008,2024-10,Female,15-24,352,4
BEN008,2024-10,female,25-34,306,8
BEN008,2024-10,Female,35-49,230,6
BEN008,2024-10,Female,50+,126,1
BEN008,2024-10,M,<15,72,1
BEN008,2024-10,Male,15-24,254,3
BEN008,2024-10,M,25-34,208,5
BEN008,2024-10,M,35-49,201,5
BEN008,2024-10,Male,50+,71,1
BEN008,2024-11,F,<15,165,3
BEN008,2024-11,F,15-24,487,10
BEN008,2024-11,Female,25-34,N/A,19
BEN008,2024-11,Female,35-49,358,15
BEN008,2024-11,F,50+,170,3
BEN008,2024-11,Male,<15,120,2
BEN008,2024-11,Male,15-24,341,7
BEN008,2024-11,Male,25-34,320,14
BEN008,2024-11,Male,35-49,286,12
BEN008,2024-11,Male,50+,112,2
BEN008,2024-12,Female,<15,154,2
BEN008,2024-12,F,15-24,361,-
BEN008,2024-12,Female,25-34,406,12
BEN008,2024-12,Female,35-49,326,10
BEN008,2024-12,Female,50+,149,2
BEN008,2024-12,Male,<15,104,1
BEN008,2024-12,Male,15-24,288,4
BEN008,2024-12,Male,25-34,288,9
BEN008,2024-12,Male,35-49,234,7
BEN008,2024-12,Male,50+,97,1
BEN009,2024-01,Female,<15,11,0
BEN009,2024-01,Female,15-24,N/A,0
BEN009,2024-01,Female,25-34,42,1
BEN009,2024-01,Female,35-49,29,0
BEN009,2024-01,Female,50+,11,0
BEN009,2024-01,Male,<15,9,0
BEN009,2024-01,male,15-24,28,0
BEN009,2024-01,Male,25-34,28,0
BEN009,2024-01,M,35-49,20,0
BEN009,2024-01,Male,50+,10,0
BEN009,2024-02,Female,<15,12,0
BEN009,2024-02,Female,15-24,39,0
BEN009,2024-02,Female,25-34,43,0
BEN009,2024-02,Female,35-49,34,0
BEN009,2024-02,Female,50+,14,0
BEN009,2024-02,Male,<15,10,0
BEN009,2024-02,Male,15-24,29,0
BEN009,2024-02,male,25-34,27,0
BEN009,2024-02,Male,35-49,26,0
BEN009,2024-02,Male,50+,11,0
BEN009,2024-03,Female,<15,11,0
BEN009,2024-03,Female,15-24,35,0
BEN009,2024-03,F,25-34,41,-
BEN009,2024-03,f,35-49,31,0
BEN009,2024-03,Female,50+,14,0
BEN009,2024-03,Male,<15,10,0
BEN009,2024-03,Male,15-24,24,0
BEN009,2024-03,Male,25-34,27,0
BEN009,2024-03,Male,35-49,25,0
BEN009,2024-03,Male,50+,9,0
BEN009,2024-04,Female,<15,19,0
BEN009,2024-04,Female,15-24,62,0
BEN009,2024-04,F,25-34,50,1
BEN009,2024-04,Female,35-49,39,0
BEN009,2024-04,Female,50+,19,0
BEN009,2024-04,Male,<15,13,0
BEN009,2024-04,male,15-24,38,0
BEN009,2024-04,Male,25-34,43,0
BEN009,2024-04,Male,35-49,29,0
BEN009,2024-04,Male,50+,14,0
BEN009,2024-05,Female,<15,18,0
BEN009,2024-05,F,15-24,48,0
BEN009,2024-05,Female,25-34,52,0
BEN009,2024-05,Female,35-49,44,0
BEN009,2024-05,Female,50+,18,0
BEN009,2024-05,Male,<15,14,0
BEN009,2024-05,Male,15-24,39,0
BEN009,2024-05,Male,25-34,39,0
BEN009,2024-05,Male,35-49,25,0
BEN009,2024-05,Male,50+,13,0
BEN009,2024-06,Female,<15,18,0
BEN009,2024-06,Female,15-24,54,0
BEN009,2024-06,Female,25-34,67,1
BEN009,2024-06,Female,35-49,45,0
BEN009,2024-06,Female,50 and above,21,0
BEN009,2024-06,Male,<15,15,0
BEN009,2024-06,Male,15 - 24,44,0
BEN009,2024-06,Male,25-34,44,0
BEN009,2024-06,Male,35-49,31,0
BEN009,2024-06,Male,50+,15,0
BEN009,2024-07,Female,<15,18,0
BEN009,2024-07,Female,15-24,51,0
BEN009,2024-07,Female,25-34,47,0
BEN009,2024-07,Female,35-49,34,0
BEN009,2024-07,F,50+,21,0
BEN009,2024-07,Male,<15,11,0
BEN009,2024-07,Male,15-24,33,0
BEN009,2024-07,Male,25-34,41,0
BEN009,2024-07,Male,35-49,27,0
BEN009,2024-07,Male,50+,12,0
BEN009,2024-08,female,<15,20,0
BEN009,2024-08,f,15-24,55,0
BEN009,2024-08,Female,25-34,52,0
BEN009,2024-08,F,35-49,42,0
BEN009,2024-08,Female,50 and above,19,0
BEN009,2024-08,Male,<15,12,0
BEN009,2024-08,Male,15-24,37,0
BEN009,2024-08,M,25-34,44,0
BEN009,2024-08,Male,35-49,30,0
BEN009,2024-08,M,50+,12,0
BEN009,2024-09,Female,<15,17,0
BEN009,2024-09,Female,15-24,60,1
BEN009,2024-09,Female,25-34,52,2
BEN009,2024-09,Female,35-49,39,1
BEN009,2024-09,Female,50+,20,0
BEN009,2024-09,male,<15,14,0
BEN009,2024-09,Male,15-24,37,0
BEN009,2024-09,Male,25-34,44,2
BEN009,2024-09,male,35-49,26,1
BEN009,2024-09,Male,50+,14,0
BEN009,2024-10,Female,<15,17,0
BEN009,2024-10,Female,15-24,48,0
BEN009,2024-10,Female,25-34,46,1
BEN009,2024-10,Female,35-49,39,1
BEN009,2024-10,Female,50+,14,0
BEN009,2024-10,male,<15,N/A,0
BEN009,2024-10,Male,15-24,38,0
BEN009,2024-10,Male,25-34,32,0
BEN009,2024-10,Male,35-49,25,0
BEN009,2024-10,Male,50+,11,0
BEN009,2024-11,Female,<15,11,0
BEN009,2024-11,Female,15-24,31,0
BEN009,2024-11,Female,25-34,35,0
BEN009,2024-11,Female,35-49,23,0
BEN009,2024-11,F,50+,13,0
BEN009,2024-11,Male,<15,9,0
BEN009,2024-11,Male,15-24,23,0
BEN009,2024-11,Male,25-34,24,0
BEN009,2024-11,Male,35-49,19,0
BEN009,2024-11,Male,50+,8,0
BEN009,2024-12,Female,<15,18,0
BEN009,2024-12,Female,15-24,48,0
BEN009,2024-12,Female,25-34,54,0
BEN009,2024-12,Female,35-49,33,0
BEN009,2024-12,Female,50+,16,0
BEN009,2024-12,M,0-14,11,0
BEN009,2024-12,Male,15-24,36,0
BEN009,2024-12,Male,25-34,35,0
BEN009,2024-12,Male,35-49,29,0
BEN009,2024-12,Male,50+,11,0
BEN010,2024-01,Female,<15,19,0
BEN010,2024-01,Female,15-24,65,1
BEN010,2024-01,F,25-34,69,3
BEN010,2024-01,Female,35-49,44,2
BEN010,2024-01,Female,50+,21,0
BEN010,2024-01,Male,<15,15,0
BEN010,2024-01,Male,15 - 24,47,1
BEN010,2024-01,Male,25-34,43,2
BEN010,2024-01,M,35-49,39,1
BEN010,2024-01,Male,50+,15,0
BEN010,2024-02,Female,<15,19,0
BEN010,2024-02,F,15-24,51,0
BEN010,2024-02,F,25-34,51,1
BEN010,2024-02,Female,35-49,48,1
BEN010,2024-02,Female,50+,16,0
BEN010,2024-02,Male,<15,13,0
BEN010,2024-02,Male,15-24,39,0
BEN010,2024-02,Male,25-34,43,0
BEN010,2024-02,Male,35-49,27,0
BEN010,2024-02,Male,50+,11,0
BEN010,2024-03,Female,<15,21,0
BEN010,2024-03,F,15-24,59,0
BEN010,2024-03,Female,25-34,68,2
BEN010,2024-03,Female,35-49,41,1
BEN010,2024-03,Female,50+,22,0
BEN010,2024-03,Male,<15,15,0
BEN010,2024-03,Male,15-24,48,0
BEN010,2024-03,Male,25-34,45,1
BEN010,2024-03,Male,35-49,31,0
BEN010,2024-03,Male,50+,13,0
BEN010,2024-04,Female,<15,28,0
BEN010,2024-04,Female,15-24,78,0
BEN010,2024-04,F,25-34,76,0
BEN010,2024-04,Female,35-49,68,0
BEN010,2024-04,Female,50+,29,0
BEN010,2024-04,Male,<15,23,0
BEN010,2024-04,Male,15-24,56,0
BEN010,2024-04,M,25-34,54,0
BEN010,2024-04,Male,35-49,47,0
BEN010,2024-04,Male,50+,20,0
BEN010,2024-05,Female,<15,22,0
BEN010,2024-05,Female,15-24,69,0
BEN010,2024-05,Female,25-34,55,1
BEN010,2024-05,Female,35-49,51,0
BEN010,2024-05,Female,50+,21,0
BEN010,2024-05,M,<15,15,0
BEN010,2024-05,Male,15-24,42,0
BEN010,2024-05,Male,25-34,44,0
BEN010,2024-05,Male,35-49,43,0
BEN010,2024-05,Male,50+,15,0
BEN010,2024-06,Female,<15,24,0
BEN010,2024-06,Female,15-24,84,1
BEN010,2024-06,Female,25-34,81,2
BEN010,2024-06,F,35-49,64,2
BEN010,2024-06,Female,50+,24,0
BEN010,2024-06,Male,<15,23,0
BEN010,2024-06,Male,15-24,51,0
BEN010,2024-06,Male,25-34,63,2
BEN010,2024-06,Male,35-49,40,1
BEN010,2024-06,Male,50+,22,0
BEN010,2024-07,Female,<15,27,0
BEN010,2024-07,Female,15-24,75,0
BEN010,2024-07,Female,25-34,84,1
BEN010,2024-07,Female,35-49,49,0
BEN010,2024-07,Female,50+,26,0
BEN010,2024-07,Male,<15,18,0
BEN010,2024-07,M,15-24,54,0
BEN010,2024-07,male,25-34,59,0
BEN010,2024-07,Male,35-49,36,0
BEN010,2024-07,Male,50+,21,0
BEN010,2024-08,F,<15,24,0
BEN010,2024-08,Female,15-24,66,0
BEN010,2024-08,Female,25-34,75,1
BEN010,2024-08,Female,35-49,58,1
BEN010,2024-08,Female,50+,28,0
BEN010,2024-08,Male,<15,17,0
BEN010,2024-08,Male,15-24,52,0
BEN010,2024-08,Male,25-34,54,1
BEN010,2024-08,Male,35-49,39,0
BEN010,2024-08,Male,50+,18,0
BEN010,2024-09,Female,<15,23,0
BEN010,2024-09,Female,15-24,82,1
BEN010,2024-09,Female,25-34,65,1
BEN010,2024-09,Female,35-49,54,1
BEN010,2024-09,female,50+,25,0
BEN010,2024-09,male,<15,17,0
BEN010,2024-09,male,15-24,52,0
BEN010,2024-09,Male,25-34,50,1
BEN010,2024-09,Male,35-49,43,1
BEN010,2024-09,Male,50+,17,0
BEN010,2024-10,F,<15,21,0
BEN010,2024-10,Female,15-24,57,0
BEN010,2024-10,Female,25-34,59,1
BEN010,2024-10,Female,35-49,45,1
BEN010,2024-10,Female,50+,19,0
BEN010,2024-10,M,<15,16,0
BEN010,2024-10,Male,15-24,45,0
BEN010,2024-10,Male,25-34,41,1
BEN010,2024-10,Male,35-49,27,0
BEN010,2024-10,Male,50+,16,0
BEN010,2024-11,female,<15,18,0
BEN010,2024-11,Female,15-24,53,0
BEN010,2024-11,Female,25-34,58,1
BEN010,2024-11,F,35-49,46,1
BEN010,2024-11,Female,50+,19,0
BEN010,2024-11,Male,<15,12,0
BEN010,2024-11,m,15-24,38,0
BEN010,2024-11,Male,25-34,41,1
BEN010,2024-11,Male,35-49,35,0
BEN010,2024-11,Male,50+,14,
BEN010,2024-12,F,<15,20,0
BEN010,2024-12,Female,15-24,57,1
BEN010,2024-12,Female,25-34,61,2
BEN010,2024-12,female,35-49,43,-
BEN010,2024-12,Female,50+,18,0
BEN010,2024-12,Male,<15,12,0
BEN010,2024-12,Male,15-24,39,0
BEN010,2024-12,Male,25-34,41,1
BEN010,2024-12,m,35-49,37,1
BEN010,2024-12,Male,50+,14,0
BEN011,2024-01,Female,<15,18,0
BEN011,2024-01,F,15 - 24,39,1
BEN011,2024-01,F,25-34,53,3
BEN011,2024-01,Female,35-49,31,2
BEN011,2024-01,Female,50+,18,0
BEN011,2024-01,M,<15,14,0
BEN011,2024-01,Male,15-24,31,1
BEN011,2024-01,Male,25-34,33,2
BEN011,2024-01,Male,35-49,26,1
BEN011,2024-01,Male,50 and above,10,0
BEN011,2024-02,F,<15,11,0
BEN011,2024-02,Female,15-24,34,0
BEN011,2024-02,Female,25-34,37,1
BEN011,2024-02,Female,35-49,26,1
BEN011,2024-02,Female,50+,12,0
BEN011,2024-02,Male,<15,8,0
BEN011,2024-02,Male,15-24,22,0
BEN011,2024-02,Male,25-34,28,1
BEN011,2024-02,Male,35-49,19,0
BEN011,2024-02,Male,50+,9,0
BEN011,2024-03,Female,0-14,16,0
BEN011,2024-03,Female,15-24,39,0
BEN011,2024-03,Female,25-34,47,2
BEN011,2024-03,F,35-49,36,1
BEN011,2024-03,Female,50+,14,0
BEN011,2024-03,M,<15,11,0
BEN011,2024-03,Male,15-24,33,0
BEN011,2024-03,Male,25-34,29,1
BEN011,2024-03,Male,35-49,26,1
BEN011,2024-03,M,50 and above,10,
BEN011,2024-04,Female,<15,13,0
BEN011,2024-04,Female,15-24,46,0
BEN011,2024-04,F,25-34,40,1
BEN011,2024-04,Female,35-49,37,1
BEN011,2024-04,Female,50+,14,0
BEN011,2024-04,M,<15,10,0
BEN011,2024-04,Male,15-24,31,0
BEN011,2024-04,Male,25-34,35,1
BEN011,2024-04,Male,35-49,20,0
BEN011,2024-04,Male,50+,12,0
BEN011,2024-05,Female,<15,12,0
BEN011,2024-05,Female,15-24,38,0
BEN011,2024-05,Female,25-34,48,2
BEN011,2024-05,Female,35-49,33,1
BEN011,2024-05,Female,50 and above,15,0
BEN011,2024-05,Male,<15,12,0
BEN011,2024-05,male,15-24,27,0
BEN011,2024-05,Male,25-34,30,1
BEN011,2024-05,Male,35-49,26,1
BEN011,2024-05,Male,50+,11,0
BEN011,2024-06,female,<15,14,0
BEN011,2024-06,Female,15-24,44,0
BEN011,2024-06,Female,25-34,44,1
BEN011,2024-06,Female,35-49,35,1
BEN011,2024-06,Female,50+,16,0
BEN011,2024-06,Male,<15,9,0
BEN011,2024-06,Male,15-24,29,0
BEN011,2024-06,Male,25-34,35,1
BEN011,2024-06,male,35-49,27,1
BEN011,2024-06,Male,50+,9,0
BEN011,2024-07,Female,<15,15,0
BEN011,2024-07,Female,15-24,52,1
BEN011,2024-07,Female,25-34,55,2
BEN011,2024-07,Female,35-49,44,1
BEN011,2024-07,Female,50+,18,0
BEN011,2024-07,Male,<15,15,0
BEN011,2024-07,Male,15-24,37,0
BEN011,2024-07,Male,25-34,40,1
BEN011,2024-07,Male,35-49,27,1
BEN011,2024-07,M,50+,13,-
BEN011,2024-08,Female,<15,17,0
BEN011,2024-08,Female,15-24,43,0
BEN011,2024-08,Female,25-34,53,2
BEN011,2024-08,Female,35-49,41,1
BEN011,2024-08,Female,50+,16,0
BEN011,2024-08,Male,<15,13,0
BEN011,2024-08,Male,15-24,31,0
BEN011,2024-08,Male,25-34,39,1
BEN011,2024-08,M,35-49,27,1
BEN011,2024-08,Male,50+,12,0
BEN011,2024-09,Female,<15,16,0
BEN011,2024-09,Female,15-24,44,1
BEN011,2024-09,F,25-34,59,2
BEN011,2024-09,Female,35-49,36,1
BEN011,2024-09,Female,50+,17,0
BEN011,2024-09,Male,<15,12,0
BEN011,2024-09,Male,15-24,38,0
BEN011,2024-09,Male,25-34,33,1
BEN011,2024-09,Male,35-49,28,1
BEN011,2024-09,Male,50+,13,0
BEN011,2024-10,Female,<15,12,0
BEN011,2024-10,Female,15-24,32,0
BEN011,2024-10,Female,25-34,36,1
BEN011,2024-10,Female,35-49,27,1
BEN011,2024-10,Female,50+,11,0
BEN011,2024-10,Male,<15,7,0
BEN011,2024-10,Male,15-24,25,0
BEN011,2024-10,Male,25-34,27,1
BEN011,2024-10,Male,35-49,16,0
BEN011,2024-10,Male,50+,8,0
BEN011,2024-11,Female,<15,12,0
BEN011,2024-11,Female,15-24,33,0
BEN011,2024-11,Female,25-34,38,1
BEN011,2024-11,Female,35-49,29,1
BEN011,2024-11,Female,50+,13,0
BEN011,2024-11,male,<15,7,0
BEN011,2024-11,Male,15 - 24,28,0
BEN011,2024-11,Male,25-34,29,1
BEN011,2024-11,Male,35-49,17,0
BEN011,2024-11,Male,50+,9,0
BEN011,2024-12,Female,<15,16,0
BEN011,2024-12,Female,15-24,51,1
BEN011,2024-12,Female,25-34,49,2
BEN011,2024-12,Female,35-49,30,1
BEN011,2024-12,Female,50 and above,18,0
BEN011,2024-12,male,<15,12,0
BEN011,2024-12,Male,15-24,38,1
BEN011,2024-12,Male,25-34,32,1
BEN011,2024-12,M,35-49,25,1
BEN011,2024-12,M,50+,12,0
BEN012,2024-01,Female,<15,26,0
BEN012,2024-01,F,15-24,76,1
BEN012,2024-01,F,25-34,107,3
BEN012,2024-01,Female,35-49,76,2
BEN012,2024-01,Female,50+,34,0
BEN012,2024-01,Male,<15,20,0
BEN012,2024-01,Male,15-24,72,1
BEN012,2024-01,Male,25-34,68,2
BEN012,2024-01,Male,35-49,49,1
BEN012,2024-01,Male,50+,21,0
BEN012,2024-02,Female,<15,35,0
BEN012,2024-02,Female,15-24,96,0
BEN012,2024-02,Female,25-34,115,1
BEN012,2024-02,F,35-49,71,0
BEN012,2024-02,F,50+,36,0
BEN012,2024-02,male,<15,23,0
BEN012,2024-02,Male,15-24,79,0
BEN012,2024-02,Male,25-34,68,0
BEN012,2024-02,Male,35-49,58,0
BEN012,2024-02,Male,50+,27,0
BEN012,2024-03,Female,<15,30,0
BEN012,2024-03,Female,15 - 24,76,0
BEN012,2024-03,Female,25-34,98,0
BEN012,2024-03,Female,35-49,57,0
BEN012,2024-03,Female,50+,33,0
BEN012,2024-03,Male,0-14,18,0
BEN012,2024-03,Male,15-24,62,0
BEN012,2024-03,Male,25-34,73,0
BEN012,2024-03,Male,35-49,42,0
BEN012,2024-03,M,50+,18,0
BEN012,2024-04,female,<15,43,0
BEN012,2024-04,Female,15-24,119,1
BEN012,2024-04,Female,25-34,105,1
BEN012,2024-04,Female,35-49,72,1
BEN012,2024-04,Female,50+,40,0
BEN012,2024-04,Male,<15,26,0
BEN012,2024-04,m,15-24,77,0
BEN012,2024-04,Male,25-34,74,1
BEN012,2024-04,Male,35-49,66,1
BEN012,2024-04,Male,50+,30,0
BEN012,2024-05,F,<15,,0
BEN012,2024-05,Female,15-24,127,0
BEN012,2024-05,Female,25-34,N/A,1
BEN012,2024-05,Female,35-49,106,1
BEN012,2024-05,Female,50+,46,0
BEN012,2024-05,male,<15,34,0
BEN012,2024-05,Male,15-24,83,0
BEN012,2024-05,Male,25-34,90,1
BEN012,2024-05,Male,35-49,71,0
BEN012,2024-05,Male,50+,32,0
BEN012,2024-06,Female,<15,50,0
BEN012,2024-06,Female,15-24,135,1
BEN012,2024-06,Female,25-34,132,2
BEN012,2024-06,F,35-49,96,1
BEN012,2024-06,Female,50+,45,0
BEN012,2024-06,Male,<15,37,0
BEN012,2024-06,Male,15-24,89,0
BEN012,2024-06,Male,25-34,91,1
BEN012,2024-06,Male,35-49,83,1
BEN012,2024-06,Male,50+,32,0
BEN012,2024-07,F,<15,38,0
BEN012,2024-07,Female,15 - 24,93,0
BEN012,2024-07,F,25-34,103,1
BEN012,2024-07,Female,35-49,84,1
BEN012,2024-07,Female,50+,35,0
BEN012,2024-07,Male,<15,23,0
BEN012,2024-07,male,15-24,75,0
BEN012,2024-07,Male,25-34,74,1
BEN012,2024-07,Male,35-49,60,0
BEN012,2024-07,Male,50+,22,0
BEN012,2024-08,Female,<15,30,0
BEN012,2024-08,Female,15-24,101,0
BEN012,2024-08,Female,25-34,93,0
BEN012,2024-08,Female,35-49,77,0
BEN012,2024-08,Female,50+,28,0
BEN012,2024-08,Male,<15,21,0
BEN012,2024-08,Male,15-24,N/A,0
BEN012,2024-08,Male,25-34,67,0
BEN012,2024-08,M,35-49,53,0
BEN012,2024-08,Male,50+,25,0
BEN012,2024-09,Female,<15,38,0
BEN012,2024-09,Female,15-24,87,0
BEN012,2024-09,Female,25-34,97,1
BEN012,2024-09,Female,35-49,67,1
BEN012,2024-09,Female,50+,34,0
BEN012,2024-09,Male,<15,24,0
BEN012,2024-09,Male,15-24,57,0
BEN012,2024-09,Male,25-34,70,1
BEN012,2024-09,Male,35-49,58,1
BEN012,2024-09,male,50+,24,0
BEN012,2024-10,Female,<15,31,0
BEN012,2024-10,Female,15-24,105,0
BEN012,2024-10,Female,25-34,95,0
BEN012,2024-10,Female,35-49,70,0
BEN012,2024-10,Female,50+,38,0
BEN012,2024-10,Male,<15,25,0
BEN012,2024-10,Male,15-24,67,0
BEN012,2024-10,Male,25-34,,0
BEN012,2024-10,M,35-49,62,0
BEN012,2024-10,Male,50+,27,0
BEN012,2024-11,Female,<15,44,0
BEN012,2024-11,Female,15-24,109,0
BEN012,2024-11,Female,25-34,129,1
BEN012,2024-11,F,35-49,78,0
BEN012,2024-11,F,50+,44,0
BEN012,2024-11,Male,<15,27,0
BEN012,2024-11,male,15-24,91,0
BEN012,2024-11,Male,25-34,87,0
BEN012,2024-11,Male,35-49,59,0
BEN012,2024-11,male,50+,28,0
BEN012,2024-12,Female,<15,33,0
BEN012,2024-12,Female,15-24,75,0
BEN012,2024-12,Female,25-34,86,1
BEN012,2024-12,Female,35-49,73,1
BEN012,2024-12,Female,50+,27,0
BEN012,2024-12,Male,<15,20,0
BEN012,2024-12,Male,15-24,57,0
BEN012,2024-12,Male,25-34,63,0
BEN012,2024-12,Male,35-49,50,0
BEN012,2024-12,Male,50+,22,0
BEN013,2024-01,Female,<15,37,1
BEN013,2024-01,Female,15-24,107,3
BEN013,2024-01,Female,25-34,107,7
BEN013,2024-01,Female,35-49,86,5
BEN013,2024-01,Female,50+,43,1
BEN013,2024-01,Male,<15,26,0
BEN013,2024-01,Male,15-24,80,
BEN013,2024-01,Male,25-34,86,5
BEN013,2024-01,Male,35-49,52,3
BEN013,2024-01,Male,50+,29,0
BEN013,2024-02,F,<15,37,1
BEN013,2024-02,F,15-24,120,4
BEN013,2024-02,Female,25-34,102,7
BEN013,2024-02,Female,35-49,92,6
BEN013,2024-02,Female,50+,40,1
BEN013,2024-02,Male,<15,26,0
BEN013,2024-02,Male,15-24,78,2
BEN013,2024-02,Male,25-34,90,6
BEN013,2024-02,Male,35-49,61,4
BEN013,2024-02,M,50+,27,0
BEN013,2024-03,Female,<15,41,1
BEN013,2024-03,f,15-24,99,3
BEN013,2024-03,Female,25-34,117,7
BEN013,2024-03,Female,35-49,82,5
BEN013,2024-03,Female,50+,32,1
BEN013,2024-03,Male,<15,28,0
BEN013,2024-03,Male,15-24,69,2
BEN013,2024-03,Male,25-34,84,5
BEN013,2024-03,Male,35-49,59,3
BEN013,2024-03,Male,50+,27,0
BEN013,2024-04,F,0-14,41,1
BEN013,2024-04,Female,15-24,108,2
BEN013,2024-04,Female,25-34,101,4
BEN013,2024-04,Female,35-49,76,3
BEN013,2024-04,Female,50+,37,0
BEN013,2024-04,Male,<15,25,0
BEN013,2024-04,Male,15-24,67,1
BEN013,2024-04,Male,25-34,,4
BEN013,2024-04,Male,35-49,55,2
BEN013,2024-04,M,50+,28,0
BEN013,2024-05,Female,<15,38,1
BEN013,2024-05,Female,15-24,98,3
BEN013,2024-05,Female,25-34,116,7
BEN013,2024-05,Female,35-49,81,5
BEN013,2024-05,Female,50+,34,1
BEN013,2024-05,Male,<15,27,0
BEN013,2024-05,Male,15-24,74,2
BEN013,2024-05,Male,25-34,83,5
BEN013,2024-05,Male,35-49,53,3
BEN013,2024-05,Male,50+,29,0
BEN013,2024-06,Female,<15,41,1
BEN013,2024-06,Female,15-24,105,4
BEN013,2024-06,Female,25-34,135,11
BEN013,2024-06,Female,35-49,100,8
BEN013,2024-06,Female,50+,43,1
BEN013,2024-06,Male,<15,27,1
BEN013,2024-06,Male,15-24,86,3
BEN013,2024-06,Male,25-34,95,8
BEN013,2024-06,Male,35-49,68,5
BEN013,2024-06,Male,50+,30,1
BEN013,2024-07,Female,<15,42,1
BEN013,2024-07,Female,15-24,114,4
BEN013,2024-07,Female,25-34,97,8
BEN013,2024-07,Female,35-49,78,6
BEN013,2024-07,Female,50+,34,1
BEN013,2024-07,Male,<15,30,1
BEN013,2024-07,Male,15-24,69,2
BEN013,2024-07,Male,25-34,82,6
BEN013,2024-07,Male,35-49,57,4
BEN013,2024-07,Male,50 and above,26,1
BEN013,2024-08,F,<15,33,0
BEN013,2024-08,Female,15-24,97,1
BEN013,2024-08,Female,25-34,110,4
BEN013,2024-08,Female,35-49,76,2
BEN013,2024-08,Female,50+,36,0
BEN013,2024-08,Male,<15,24,0
BEN013,2024-08,M,15-24,63,1
BEN013,2024-08,Male,25-34,76,2
BEN013,2024-08,M,35-49,64,2
BEN013,2024-08,Male,50 and above,28,0
BEN013,2024-09,F,<15,31,1
BEN013,2024-09,Female,15-24,108,3
BEN013,2024-09,female,25-34,114,7
BEN013,2024-09,Female,35-49,77,4
BEN013,2024-09,Female,50+,36,1
BEN013,2024-09,Male,0-14,31,0
BEN013,2024-09,Male,15-24,80,2
BEN013,2024-09,Male,25-34,76,4
BEN013,2024-09,M,35-49,54,3
BEN013,2024-09,Male,50+,25,0
BEN013,2024-10,Female,<15,30,1
BEN013,2024-10,F,15-24,96,3
BEN013,2024-10,Female,25-34,89,6
BEN013,2024-10,female,35-49,64,4
BEN013,2024-10,Female,50 and above,34,1
BEN013,2024-10,Male,<15,21,0
BEN013,2024-10,Male,15-24,66,2
BEN013,2024-10,Male,25-34,72,4
BEN013,2024-10,Male,35-49,44,2
BEN013,2024-10,Male,50+,23,0
BEN013,2024-11,Female,<15,34,1
BEN013,2024-11,Female,15-24,80,3
BEN013,2024-11,Female,25-34,86,7
BEN013,2024-11,Female,35-49,59,4
BEN013,2024-11,Female,50+,34,1
BEN013,2024-11,Male,<15,26,1
BEN013,2024-11,Male,15-24,60,2
BEN013,2024-11,Male,25-34,60,4
BEN013,2024-11,Male,35-49,46,3
BEN013,2024-11,Male,50+,21,0
BEN013,2024-12,Female,<15,30,0
BEN013,2024-12,Female,15-24,86,2
BEN013,2024-12,F,25-34,96,5
BEN013,2024-12,Female,35-49,68,3
BEN013,2024-12,F,50+,32,0
BEN013,2024-12,Male,<15,20,0
BEN013,2024-12,Male,15-24,69,1
BEN013,2024-12,Male,25-34,73,4
BEN013,2024-12,male,35-49,44,2
BEN013,2024-12,Male,50+,19,0
BEN014,2024-01,Female,<15,27,0
BEN014,2024-01,Female,15-24,84,0
BEN014,2024-01,F,25-34,86,0
BEN014,2024-01,Female,35-49,65,0
BEN014,2024-01,Female,50+,26,0
BEN014,2024-01,Male,<15,17,0
BEN014,2024-01,Male,15-24,51,0
BEN014,2024-01,Male,25-34,70,0
BEN014,2024-01,Male,35-49,48,0
BEN014,2024-01,Male,50+,22,0
BEN014,2024-02,Female,<15,24,0
BEN014,2024-02,Female,15-24,67,0
BEN014,2024-02,Female,25-34,68,0
BEN014,2024-02,F,35-49,54,0
BEN014,2024-02,Female,50+,19,0
BEN014,2024-02,Male,<15,17,0
BEN014,2024-02,Male,15 - 24,47,0
BEN014,2024-02,Male,25-34,47,0
BEN014,2024-02,Male,35-49,41,0
BEN014,2024-02,male,50+,15,0
BEN014,2024-03,female,<15,35,0
BEN014,2024-03,Female,15-24,91,0
BEN014,2024-03,F,25-34,95,1
BEN014,2024-03,female,35-49,74,0
BEN014,2024-03,Female,50+,37,0
BEN014,2024-03,Male,<15,23,0
BEN014,2024-03,Male,15-24,61,0
BEN014,2024-03,Male,25-34,70,0
BEN014,2024-03,Male,35-49,59,0
BEN014,2024-03,Male,50+,27,0
BEN014,2024-04,Female,<15,37,0
BEN014,2024-04,Female,15-24,104,0
BEN014,2024-04,F,25-34,99,1
BEN014,2024-04,female,35-49,77,1
BEN014,2024-04,Female,50+,35,0
BEN014,2024-04,Male,<15,27,0
BEN014,2024-04,Male,15-24,64,0
BEN014,2024-04,Male,25-34,74,1
BEN014,2024-04,Male,35-49,61,0
BEN014,2024-04,Male,50+,29,0
BEN014,2024-05,Female,<15,34,0
BEN014,2024-05,F,15-24,107,0
BEN014,2024-05,Female,25-34,94,1
BEN014,2024-05,Female,35-49,-,0
BEN014,2024-05,Female,50+,35,0
BEN014,2024-05,Male,<15,23,0
BEN014,2024-05,Male,15-24,65,0
BEN014,2024-05,Male,25-34,74,0
BEN014,2024-05,Male,35-49,56,0
BEN014,2024-05,Male,50+,28,0
BEN014,2024-06,Female,<15,27,0
BEN014,2024-06,F,15 - 24,81,0
BEN014,2024-06,Female,25-34,84,1
BEN014,2024-06,Female,35-49,58,0
BEN014,2024-06,Female,50+,30,0
BEN014,2024-06,Male,<15,20,0
BEN014,2024-06,Male,15-24,54,0
BEN014,2024-06,Male,25-34,63,0
BEN014,2024-06,Male,35-49,47,0
BEN014,2024-06,Male,50+,18,0
BEN014,2024-07,F,<15,21,0
BEN014,2024-07,Female,15-24,61,0
BEN014,2024-07,Female,25-34,66,0
BEN014,2024-07,Female,35-49,50,0
BEN014,2024-07,Female,50+,21,0
BEN014,2024-07,Male,<15,17,0
BEN014,2024-07,Male,15-24,48,0
BEN014,2024-07,Male,25-34,47,0
BEN014,2024-07,Male,35-49,30,0
BEN014,2024-07,male,50+,17,0
BEN014,2024-08,Female,<15,38,0
BEN014,2024-08,female,15-24,100,0
BEN014,2024-08,Female,25-34,113,2
BEN014,2024-08,F,35-49,74,1
BEN014,2024-08,Female,50+,40,0
BEN014,2024-08,Male,<15,26,0
BEN014,2024-08,Male,15-24,83,0
BEN014,2024-08,Male,25-34,77,1
BEN014,2024-08,Male,35-49,51,0
BEN014,2024-08,M,50+,27,0
BEN014,2024-09,Female,<15,31,0
BEN014,2024-09,Female,15-24,81,1
BEN014,2024-09,Female,25-34,99,3
BEN014,2024-09,Female,35-49,61,2
BEN014,2024-09,Female,50+,25,0
BEN014,2024-09,Male,<15,20,0
BEN014,2024-09,Male,15-24,70,1
BEN014,2024-09,Male,25-34,64,2
BEN014,2024-09,Male,35-49,42,1
BEN014,2024-09,Male,50+,19,0
BEN014,2024-10,Female,<15,27,0
BEN014,2024-10,Female,15-24,72,0
BEN014,2024-10,F,25-34,83,0
BEN014,2024-10,F,35-49,59,0
BEN014,2024-10,Female,50+,26,0
BEN014,2024-10,Male,<15,21,0
BEN014,2024-10,Male,15-24,48,N/A
BEN014,2024-10,Male,25-34,54,0
BEN014,2024-10,Male,35-49,48,0
BEN014,2024-10,Male,50+,23,0
BEN014,2024-11,Female,0-14,29,0
BEN014,2024-11,Female,15-24,78,0
BEN014,2024-11,Female,25-34,93,1
BEN014,2024-11,Female,35-49,76,1
BEN014,2024-11,Female,50+,28,0
BEN014,2024-11,M,<15,22,0
BEN014,2024-11,Male,15-24,61,0
BEN014,2024-11,Male,25-34,74,1
BEN014,2024-11,Male,35-49,41,0
BEN014,2024-11,Male,50+,22,0
BEN014,2024-12,Female,<15,40,0
BEN014,2024-12,Female,15-24,101,0
BEN014,2024-12,female,25-34,101,1
BEN014,2024-12,Female,35-49,81,1
BEN014,2024-12,Female,50+,40,0
BEN014,2024-12,Male,<15,27,0
BEN014,2024-12,Male,15-24,65,0
BEN014,2024-12,Male,25-34,84,1
BEN014,2024-12,Male,35-49,59,1
BEN014,2024-12,Male,50+,27,0
BEN015,2024-01,Female,<15,8,0
BEN015,2024-01,Female,15-24,27,1
BEN015,2024-01,Female,25-34,28,2
BEN015,2024-01,Female,35-49,17,1
BEN015,2024-01,Female,50+,7,0
BEN015,2024-01,Male,<15,6,0
BEN015,2024-01,Male,15-24,19,0
BEN015,2024-01,Male,25-34,19,1
BEN015,2024-01,Male,35-49,12,0
BEN015,2024-01,Male,50+,6,0
BEN015,2024-02,Female,<15,9,0
BEN015,2024-02,Female,15-24,21,0
BEN015,2024-02,Female,25-34,26,1
BEN015,2024-02,female,35-49,21,1
BEN015,2024-02,Female,50+,9,0
BEN015,2024-02,Male,<15,7,0
BEN015,2024-02,Male,15-24,17,0
BEN015,2024-02,M,25-34,19,1
BEN015,2024-02,male,35-49,13,0
BEN015,2024-02,Male,50+,6,0
BEN015,2024-03,Female,<15,10,0
BEN015,2024-03,Female,15-24,27,0
BEN015,2024-03,Female,25-34,31,0
BEN015,2024-03,Female,35-49,24,0
BEN015,2024-03,Female,50+,10,0
BEN015,2024-03,Male,<15,8,0
BEN015,2024-03,Male,15-24,20,0
BEN015,2024-03,Male,25-34,24,0
BEN015,2024-03,Male,35-49,15,0
BEN015,2024-03,Male,50+,6,0
BEN015,2024-04,Female,<15,10,0
BEN015,2024-04,Female,15-24,29,0
BEN015,2024-04,F,25-34,35,1
BEN015,2024-04,Female,35-49,26,1
BEN015,2024-04,Female,50+,11,0
BEN015,2024-04,M,<15,7,
BEN015,2024-04,Male,15-24,24,0
BEN015,2024-04,Male,25-34,25,1
BEN015,2024-04,Male,35-49,16,0
BEN015,2024-04,Male,50+,7,0
BEN015,2024-05,Female,0-14,11,0
BEN015,2024-05,Female,15-24,34,2
BEN015,2024-05,Female,25-34,33,3
BEN015,2024-05,Female,35-49,25,3
BEN015,2024-05,Female,50+,10,0
BEN015,2024-05,Male,<15,9,0
BEN015,2024-05,M,15-24,22,1
BEN015,2024-05,M,25-34,24,2
BEN015,2024-05,Male,35-49,19,2
BEN015,2024-05,Male,50+,8,0
BEN015,2024-06,F,<15,11,0
BEN015,2024-06,Female,15-24,33,1
BEN015,2024-06,Female,25-34,32,2
BEN015,2024-06,Female,35-49,27,1
BEN015,2024-06,Female,50+,12,0
BEN015,2024-06,Male,<15,9,0
BEN015,2024-06,Male,15-24,23,0
BEN015,2024-06,Male,25-34,26,1
BEN015,2024-06,male,35-49,19,1
BEN015,2024-06,M,50+,7,0
BEN015,2024-07,Female,<15,12,0
BEN015,2024-07,female,15 - 24,36,0
BEN015,2024-07,Female,25-34,36,0
BEN015,2024-07,Female,35-49,26,0
BEN015,2024-07,Female,50+,10,0
BEN015,2024-07,Male,<15,8,0
BEN015,2024-07,Male,15-24,21,0
BEN015,2024-07,Male,25-34,30,0
BEN015,2024-07,Male,35-49,19,0
BEN015,2024-07,Male,50+,8,0
BEN015,2024-08,Female,<15,13,0
BEN015,2024-08,f,15-24,32,0
BEN015,2024-08,Female,25-34,36,1
BEN015,2024-08,Female,35-49,30,1
BEN015,2024-08,Female,50+,12,0
BEN015,2024-08,Male,<15,8,0
BEN015,2024-08,Male,15-24,28,0
BEN015,2024-08,Male,25-34,22,1
BEN015,2024-08,Male,35-49,21,0
BEN015,2024-08,Male,50+,9,0
BEN015,2024-09,F,<15,8,0
BEN015,2024-09,Female,15 - 24,29,0
BEN015,2024-09,Female,25-34,31,1
BEN015,2024-09,Female,35-49,18,0
BEN015,2024-09,F,50+,9,0
BEN015,2024-09,Male,<15,7,0
BEN015,2024-09,Male,15-24,22,0
BEN015,2024-09,Male,25-34,19,0
BEN015,2024-09,Male,35-49,15,0
BEN015,2024-09,M,50+,6,0
BEN015,2024-10,Female,<15,7,0
BEN015,2024-10,F,15 - 24,20,0
BEN015,2024-10,Female,25-34,23,1
BEN015,2024-10,Female,35-49,19,0
BEN015,2024-10,Female,50+,8,0
BEN015,2024-10,Male,<15,6,0
BEN015,2024-10,Male,15 - 24,16,0
BEN015,2024-10,Male,25-34,18,0
BEN015,2024-10,Male,35-49,11,0
BEN015,2024-10,Male,50+,5,0
BEN015,2024-11,f,<15,9,0
BEN015,2024-11,female,15-24,28,0
BEN015,2024-11,Female,25-34,27,1
BEN015,2024-11,F,35-49,20,1
BEN015,2024-11,Female,50+,8,0
BEN015,2024-11,Male,<15,7,0
BEN015,2024-11,Male,15 - 24,21,0
BEN015,2024-11,Male,25-34,18,0
BEN015,2024-11,Male,35-49,13,0
BEN015,2024-11,Male,50+,7,0
BEN015,2024-12,Female,<15,8,0
BEN015,2024-12,Female,15-24,18,0
BEN015,2024-12,F,25-34,23,1
BEN015,2024-12,Female,35-49,16,0
BEN015,2024-12,Female,50+,7,0
BEN015,2024-12,male,<15,4,0
BEN015,2024-12,Male,15-24,16,0
BEN015,2024-12,Male,25-34,16,0
BEN015,2024-12,Male,35-49,10,0
BEN015,2024-12,Male,50+,5,0
LAG001,2024-01,Female,<15,23,0
LAG001,2024-01,Female,15-24,70,0
LAG001,2024-01,Female,25-34,67,1
LAG001,2024-01,Female,35-49,46,1
LAG001,2024-01,female,50+,21,0
LAG001,2024-01,Male,<15,17,0
LAG001,2024-01,Male,15-24,45,0
LAG001,2024-01,Male,25-34,46,1
LAG001,2024-01,Male,35-49,36,0
LAG001,2024-01,Male,50+,19,0
LAG001,2024-02,Female,<15,27,0
LAG001,2024-02,Female,15-24,72,1
LAG001,2024-02,Female,25-34,76,2
LAG001,2024-02,Female,35-49,59,1
LAG001,2024-02,Female,50+,25,0
LAG001,2024-02,Male,<15,20,0
LAG001,2024-02,Male,15-24,50,0
LAG001,2024-02,male,25-34,52,1
LAG001,2024-02,Male,35-49,48,1
LAG001,2024-02,Male,50+,18,0
LAG001,2024-03,Female,<15,27,0
LAG001,2024-03,Female,15-24,89,1
LAG001,2024-03,Female,25-34,92,2
LAG001,2024-03,Female,35-49,70,2
LAG001,2024-03,Female,50+,26,0
LAG001,2024-03,Male,<15,22,0
LAG001,2024-03,Male,15-24,57,0
LAG001,2024-03,Male,25-34,73,2
LAG001,2024-03,Male,35-49,49,1
LAG001,2024-03,Male,50+,19,0
LAG001,2024-04,Female,<15,36,0
LAG001,2024-04,Female,15-24,101,2
LAG001,2024-04,Female,25-34,127,5
LAG001,2024-04,Female,35-49,77,3
LAG001,2024-04,Female,50+,32,0
LAG001,2024-04,M,<15,28,0
LAG001,2024-04,Male,15-24,66,1
LAG001,2024-04,Male,25-34,87,3
LAG001,2024-04,Male,35-49,60,2
LAG001,2024-04,M,50+,27,0
LAG001,2024-05,female,<15,29,0
LAG001,2024-05,Female,15-24,80,1
LAG001,2024-05,Female,25-34,112,4
LAG001,2024-05,Female,35-49,71,3
LAG001,2024-05,Female,50+,36,0
LAG001,2024-05,Male,<15,21,0
LAG001,2024-05,M,15-24,61,1
LAG001,2024-05,Male,25-34,78,3
LAG001,2024-05,M,35-49,53,2
LAG001,2024-05,M,50+,23,0
LAG001,2024-06,Female,<15,37,0
LAG001,2024-06,F,15-24,86,1
LAG001,2024-06,Female,25-34,100,3
LAG001,2024-06,Female,35-49,63,2
LAG001,2024-06,Female,50+,33,0
LAG001,2024-06,Male,<15,25,0
LAG001,2024-06,Male,15-24,61,1
LAG001,2024-06,Male,25-34,66,2
LAG001,2024-06,Male,35-49,54,1
LAG001,2024-06,M,50+,24,0
LAG001,2024-07,Female,<15,38,0
LAG001,2024-07,female,15-24,87,1
LAG001,2024-07,female,25-34,118,3
LAG001,2024-07,Female,35-49,71,2
LAG001,2024-07,Female,50+,38,0
LAG001,2024-07,M,<15,30,0
LAG001,2024-07,Male,15 - 24,70,1
LAG001,2024-07,Male,25-34,77,2
LAG001,2024-07,Male,35-49,51,1
LAG001,2024-07,Male,50+,26,0
LAG001,2024-08,Female,<15,31,0
LAG001,2024-08,Female,15-24,82,0
LAG001,2024-08,F,25-34,84,1
LAG001,2024-08,F,35-49,63,1
LAG001,2024-08,Female,50 and above,31,0
LAG001,2024-08,Male,<15,22,0
LAG001,2024-08,Male,15-24,64,0
LAG001,2024-08,Male,25-34,53,1
LAG001,2024-08,Male,35-49,50,1
LAG001,2024-08,Male,50+,22,0
LAG001,2024-09,Female,<15,24,0
LAG001,2024-09,Female,15-24,76,0
LAG001,2024-09,Female,25-34,85,1
LAG001,2024-09,Female,35-49,58,1
LAG001,2024-09,Female,50+,22,0
LAG001,2024-09,Male,<15,19,0
LAG001,2024-09,Male,15-24,50,0
LAG001,2024-09,M,25-34,58,1
LAG001,2024-09,M,35-49,43,0
LAG001,2024-09,Male,50+,21,0
LAG001,2024-10,Female,<15,26,0
LAG001,2024-10,Female,15-24,67,1
LAG001,2024-10,Female,25-34,82,3
LAG001,2024-10,Female,35-49,62,2
LAG001,2024-10,Female,50+,27,0
LAG001,2024-10,M,<15,18,0
LAG001,2024-10,Male,15-24,48,0
LAG001,2024-10,Male,25-34,63,2
LAG001,2024-10,Male,35-49,45,1
LAG001,2024-10,M,50+,16,0
LAG001,2024-11,Female,<15,15,0
LAG001,2024-11,F,15-24,41,0
LAG001,2024-11,Female,25-34,53,2
LAG001,2024-11,Female,35-49,39,1
LAG001,2024-11,Female,50+,15,0
LAG001,2024-11,Male,<15,10,0
LAG001,2024-11,Male,15-24,32,0
LAG001,2024-11,Male,25-34,40,N/A
LAG001,2024-11,Male,35-49,26,1
LAG001,2024-11,M,50+,10,0
LAG001,2024-12,Female,<15,26,0
LAG001,2024-12,female,15 - 24,76,1
LAG001,2024-12,F,25-34,87,2
LAG001,2024-12,Female,35-49,56,1
LAG001,2024-12,Female,50+,23,0
LAG001,2024-12,Male,<15,21,0
LAG001,2024-12,Male,15-24,51,0
LAG001,2024-12,Male,25-34,63,1
LAG001,2024-12,Male,35-49,41,1
LAG001,2024-12,Male,50+,16,0
LAG002,2024-01,Female,<15,84,1
LAG002,2024-01,Female,15-24,192,3
LAG002,2024-01,Female,25-34,260,10
LAG002,2024-01,Female,35-49,197,8
LAG002,2024-01,F,50+,85,1
LAG002,2024-01,Male,<15,48,1
LAG002,2024-01,Male,15-24,170,3
LAG002,2024-01,M,25-34,180,7
LAG002,2024-01,M,35-49,131,
LAG002,2024-01,Male,50+,63,1
LAG002,2024-02,F,<15,145,5
LAG002,2024-02,female,15-24,308,11
LAG002,2024-02,Female,25-34,346,25
LAG002,2024-02,Female,35-49,285,21
LAG002,2024-02,Female,50+,112,4
LAG002,2024-02,Male,<15,106,3
LAG002,2024-02,M,15-24,227,8
LAG002,2024-02,M,25-34,275,20
LAG002,2024-02,Male,35-49,177,13
LAG002,2024-02,Male,50+,80,3
LAG002,2024-03,Female,<15,129,4
LAG002,2024-03,female,15-24,344,10
LAG002,2024-03,Female,25-34,464,29
LAG002,2024-03,Female,35-49,330,20
LAG002,2024-03,Female,50+,141,4
LAG002,2024-03,Male,<15,96,3
LAG002,2024-03,Male,15-24,293,9
LAG002,2024-03,M,25-34,337,21
LAG002,2024-03,Male,35-49,187,11
LAG002,2024-03,Male,50+,106,3
LAG002,2024-04,Female,0-14,112,3
LAG002,2024-04,F,15-24,343,11
LAG002,2024-04,Female,25-34,365,24
LAG002,2024-04,Female,35-49,288,19
LAG002,2024-04,Female,50+,108,3
LAG002,2024-04,Male,<15,79,2
LAG002,2024-04,Male,15-24,215,7
LAG002,2024-04,Male,25-34,277,18
LAG002,2024-04,Male,35-49,223,15
LAG002,2024-04,Male,50+,86,2
LAG002,2024-05,Female,<15,147,6
LAG002,2024-05,Female,15-24,409,19
LAG002,2024-05,Female,25-34,463,43
LAG002,2024-05,Female,35-49,298,28
LAG002,2024-05,Female,50+,164,7
LAG002,2024-05,Male,<15,125,5
LAG002,2024-05,Male,15-24,280,13
LAG002,2024-05,Male,25-34,311,29
LAG002,2024-05,Male,35-49,241,22
LAG002,2024-05,Male,50+,116,5
LAG002,2024-06,Female,<15,189,6
LAG002,2024-06,Female,15-24,448,15
LAG002,2024-06,Female,25-34,461,31
LAG002,2024-06,Female,35-49,397,27
LAG002,2024-06,Female,50+,151,5
LAG002,2024-06,Male,<15,103,3
LAG002,2024-06,Male,15-24,361,12
LAG002,2024-06,Male,25-34,347,23
LAG002,2024-06,Male,35-49,252,17
LAG002,2024-06,Male,50+,128,4
LAG002,2024-07,Female,<15,148,5
LAG002,2024-07,Female,15-24,428,17
LAG002,2024-07,Female,25-34,424,33
LAG002,2024-07,F,35-49,381,30
LAG002,2024-07,Female,50+,153,6
LAG002,2024-07,Male,<15,119,4
LAG002,2024-07,m,15 - 24,330,13
LAG002,2024-07,Male,25-34,313,24
LAG002,2024-07,Male,35-49,238,19
LAG002,2024-07,Male,50+,110,4
LAG002,2024-08,Female,<15,107,4
LAG002,2024-08,Female,15 - 24,379,14
LAG002,2024-08,Female,25-34,366,27
LAG002,2024-08,Female,35-49,265,20
LAG002,2024-08,Female,50+,126,4
LAG002,2024-08,M,<15,93,3
LAG002,2024-08,Male,15-24,249,9
LAG002,2024-08,Male,25-34,278,21
LAG002,2024-08,Male,35-49,199,15
LAG002,2024-08,Male,50+,82,3
LAG002,2024-09,Female,<15,142,5
LAG002,2024-09,Female,15-24,331,12
LAG002,2024-09,Female,25-34,399,29
LAG002,2024-09,Female,35-49,321,23
LAG002,2024-09,Female,50+,111,4
LAG002,2024-09,Male,<15,93,3
LAG002,2024-09,Male,15-24,271,10
LAG002,2024-09,male,25-34,282,20
LAG002,2024-09,Male,35-49,212,15
LAG002,2024-09,Male,50+,85,3
LAG002,2024-10,Female,<15,84,2
LAG002,2024-10,Female,15-24,254,7
LAG002,2024-10,Female,25-34,328,20
LAG002,2024-10,Female,35-49,198,12
LAG002,2024-10,Female,50+,87,2
LAG002,2024-10,M,<15,56,1
LAG002,2024-10,Male,15-24,199,6
LAG002,2024-10,M,25-34,213,13
LAG002,2024-10,Male,35-49,151,9
LAG002,2024-10,Male,50+,,2
LAG002,2024-11,F,<15,125,4
LAG002,2024-11,Female,15-24,329,10
LAG002,2024-11,Female,25-34,375,24
LAG002,2024-11,F,35-49,304,19
LAG002,2024-11,Female,50+,105,3
LAG002,2024-11,Male,<15,97,3
LAG002,2024-11,Male,15-24,247,7
LAG002,2024-11,Male,25-34,267,17
LAG002,2024-11,Male,35-49,187,12
LAG002,2024-11,Male,50+,97,3
LAG002,2024-12,Female,<15,142,3
LAG002,2024-12,Female,15-24,338,8
LAG002,2024-12,Female,25-34,367,18
LAG002,2024-12,Female,35-49,336,16
LAG002,2024-12,Female,50+,137,3
LAG002,2024-12,male,<15,93,2
LAG002,2024-12,M,15-24,243,6
LAG002,2024-12,Male,25-34,332,16
LAG002,2024-12,Male,35-49,196,9
LAG002,2024-12,Male,50+,91,2
LAG003,2024-01,female,0-14,192,4
LAG003,2024-01,Female,15-24,544,11
LAG003,2024-01,Female,25-34,456,19
LAG003,2024-01,Female,35-49,421,17
LAG003,2024-01,Female,50+,195,4
LAG003,2024-01,male,<15,144,3
LAG003,2024-01,Male,15-24,307,6
LAG003,2024-01,Male,25-34,421,17
LAG003,2024-01,Male,35-49,310,13
LAG003,2024-01,M,50+,126,2
LAG003,2024-02,Female,<15,106,2
LAG003,2024-02,F,15-24,346,6
LAG003,2024-02,F,25-34,340,13
LAG003,2024-02,Female,35-49,295,11
LAG003,2024-02,Female,50+,120,2
LAG003,2024-02,Male,<15,99,2
LAG003,2024-02,Male,15-24,256,5
LAG003,2024-02,Male,25-34,245,9
LAG003,2024-02,Male,35-49,181,7
LAG003,2024-02,Male,50+,93,1
LAG003,2024-03,Female,<15,202,5
LAG003,2024-03,Female,15-24,593,15
LAG003,2024-03,F,25-34,535,28
LAG003,2024-03,Female,35-49,464,24
LAG003,2024-03,F,50+,167,4
LAG003,2024-03,Male,<15,128,3
LAG003,2024-03,Male,15-24,446,12
LAG003,2024-03,Male,25-34,412,22
LAG003,2024-03,M,35-49,298,16
LAG003,2024-03,Male,50+,135,3
LAG003,2024-04,Female,<15,204,4
LAG003,2024-04,F,15-24,519,12
LAG003,2024-04,F,25-34,604,29
LAG003,2024-04,Female,35-49,522,25
LAG003,2024-04,Female,50+,205,4
LAG003,2024-04,Male,<15,141,3
LAG003,2024-04,Male,15-24,394,9
LAG003,2024-04,Male,25-34,422,20
LAG003,2024-04,Male,35-49,376,18
LAG003,2024-04,Male,50+,154,3
LAG003,2024-05,Female,<15,161,5
LAG003,2024-05,Female,15-24,400,12
LAG003,2024-05,F,25-34,518,33
LAG003,2024-05,Female,35-49,405,25
LAG003,2024-05,Female,50+,149,4
LAG003,2024-05,Male,<15,105,3
LAG003,2024-05,m,15-24,330,10
LAG003,2024-05,Male,25-34,381,24
LAG003,2024-05,M,35-49,259,16
LAG003,2024-05,M,50+,107,3
LAG003,2024-06,Female,<15,267,6
LAG003,2024-06,Female,15-24,702,16
LAG003,2024-06,Female,25-34,699,31
LAG003,2024-06,Female,35-49,613,28
LAG003,2024-06,Female,50+,236,5
LAG003,2024-06,Male,<15,184,4
LAG003,2024-06,Male,15-24,518,11
LAG003,2024-06,M,25-34,575,26
LAG003,2024-06,Male,35-49,374,17
LAG003,2024-06,Male,50+,171,3
LAG003,2024-07,Female,<15,278,8
LAG003,2024-07,Female,15-24,638,18
LAG003,2024-07,Female,25-34,649,37
LAG003,2024-07,Female,35-49,635,36
LAG003,2024-07,Female,50+,229,6
LAG003,2024-07,M,<15,197,5
LAG003,2024-07,Male,15-24,431,12
LAG003,2024-07,Male,25-34,519,29
LAG003,2024-07,male,35-49,430,24
LAG003,2024-07,Male,50+,182,5
LAG003,2024-08,Female,<15,174,5
LAG003,2024-08,Female,15-24,514,17
LAG003,2024-08,Female,25-34,607,40
LAG003,2024-08,Female,35-49,413,27
LAG003,2024-08,Female,50 and above,195,6
LAG003,2024-08,Male,<15,159,5
LAG003,2024-08,Male,15-24,358,11
LAG003,2024-08,Male,25-34,378,25
LAG003,2024-08,Male,35-49,326,21
LAG003,2024-08,M,50+,157,5
LAG003,2024-09,female,<15,188,6
LAG003,2024-09,Female,15-24,476,15
LAG003,2024-09,F,25-34,566,37
LAG003,2024-09,Female,35-49,430,28
LAG003,2024-09,Female,50+,175,5
LAG003,2024-09,Male,<15,127,4
LAG003,2024-09,Male,15-24,355,11
LAG003,2024-09,Male,25-34,-,28
LAG003,2024-09,Male,35-49,289,19
LAG003,2024-09,M,50+,127,4
LAG003,2024-10,Female,<15,169,4
LAG003,2024-10,Female,15-24,480,12
LAG003,2024-10,F,25-34,679,36
LAG003,2024-10,Female,35-49,445,23
LAG003,2024-10,Female,50+,185,4
LAG003,2024-10,Male,<15,121,3
LAG003,2024-10,Male,15-24,419,11
LAG003,2024-10,Male,25-34,468,24
LAG003,2024-10,Male,35-49,270,14
LAG003,2024-10,M,50+,140,3
LAG003,2024-11,Female,<15,151,3
LAG003,2024-11,Female,15-24,462,10
LAG003,2024-11,F,25-34,515,22
LAG003,2024-11,Female,35-49,367,16
LAG003,2024-11,Female,50+,159,3
LAG003,2024-11,M,<15,122,2
LAG003,2024-11,Male,15-24,342,7
LAG003,2024-11,Male,25-34,356,15
LAG003,2024-11,Male,35-49,273,12
LAG003,2024-11,Male,50+,104,2
LAG003,2024-12,Female,<15,161,3
LAG003,2024-12,F,15-24,381,8
LAG003,2024-12,Female,25-34,511,23
LAG003,2024-12,Female,35-49,353,16
LAG003,2024-12,Female,50+,171,3
LAG003,2024-12,M,<15,105,2
LAG003,2024-12,Male,15-24,338,7
LAG003,2024-12,Male,25-34,306,14
LAG003,2024-12,Male,35-49,288,13
LAG003,2024-12,Male,50+,105,2
LAG004,2024-01,Female,<15,26,0
LAG004,2024-01,Female,15 - 24,78,1
LAG004,2024-01,Female,25-34,85,2
LAG004,2024-01,Female,35-49,62,1
LAG004,2024-01,Female,50+,26,0
LAG004,2024-01,M,<15,23,0
LAG004,2024-01,Male,15-24,49,0
LAG004,2024-01,Male,25-34,67,1
LAG004,2024-01,Male,35-49,44,1
LAG004,2024-01,Male,50+,18,0
LAG004,2024-02,Female,<15,-,0
LAG004,2024-02,Female,15-24,75,0
LAG004,2024-02,Female,25-34,78,1
LAG004,2024-02,Female,35-49,74,1
LAG004,2024-02,Female,50+,31,0
LAG004,2024-02,Male,<15,22,0
LAG004,2024-02,Male,15-24,58,0
LAG004,2024-02,Male,25-34,62,1
LAG004,2024-02,Male,35-49,42,0
LAG004,2024-02,Male,50+,20,0
LAG004,2024-03,F,<15,32,0
LAG004,2024-03,Female,15-24,73,0
LAG004,2024-03,Female,25-34,102,1
LAG004,2024-03,Female,35-49,75,1
LAG004,2024-03,female,50+,33,0
LAG004,2024-03,Male,<15,24,0
LAG004,2024-03,Male,15-24,57,0
LAG004,2024-03,Male,25-34,75,1
LAG004,2024-03,M,35-49,53,0
LAG004,2024-03,M,50+,19,0
LAG004,2024-04,Female,<15,27,0
LAG004,2024-04,Female,15-24,N/A,1
LAG004,2024-04,F,25-34,82,1
LAG004,2024-04,Female,35-49,64,1
LAG004,2024-04,Female,50+,29,0
LAG004,2024-04,Male,<15,24,0
LAG004,2024-04,Male,15-24,52,0
LAG004,2024-04,Male,25-34,67,1
LAG004,2024-04,Male,35-49,47,1
LAG004,2024-04,Male,50+,22,0
LAG004,2024-05,Female,<15,30,0
LAG004,2024-05,Female,15-24,71,0
LAG004,2024-05,Female,25-34,96,2
LAG004,2024-05,Female,35-49,69,1
LAG004,2024-05,Female,50+,29,0
LAG004,2024-05,Male,<15,19,0
LAG004,2024-05,Male,15-24,59,N/A
LAG004,2024-05,Male,25-34,70,1
LAG004,2024-05,Male,35-49,41,1
LAG004,2024-05,male,50+,23,0
LAG004,2024-06,Female,<15,37,0
LAG004,2024-06,Female,15-24,103,0
LAG004,2024-06,Female,25-34,107,1
LAG004,2024-06,Female,35-49,75,1
LAG004,2024-06,Female,50+,34,0
LAG004,2024-06,M,<15,27,0
LAG004,2024-06,Male,15-24,72,0
LAG004,2024-06,M,25-34,77,1
LAG004,2024-06,Male,35-49,61,0
LAG004,2024-06,Male,50+,20,0
LAG004,2024-07,F,<15,35,0
LAG004,2024-07,F,15-24,117,1
LAG004,2024-07,Female,25-34,106,2
LAG004,2024-07,Female,35-49,81,2
LAG004,2024-07,Female,50+,38,0
LAG004,2024-07,Male,<15,25,0
LAG004,2024-07,male,15-24,78,1
LAG004,2024-07,Male,25-34,74,1
LAG004,2024-07,Male,35-49,67,1
LAG004,2024-07,Male,50+,30,0
LAG004,2024-08,Female,<15,34,0
LAG004,2024-08,F,15-24,86,0
LAG004,2024-08,Female,25-34,111,1
LAG004,2024-08,F,35-49,69,1
LAG004,2024-08,Female,50+,41,0
LAG004,2024-08,m,0-14,27,0
LAG004,2024-08,Male,15-24,66,0
LAG004,2024-08,Male,25-34,73,1
LAG004,2024-08,Male,35-49,54,0
LAG004,2024-08,Male,50+,27,0
LAG004,2024-09,Female,<15,27,0
LAG004,2024-09,Female,15-24,75,1
LAG004,2024-09,Female,25-34,75,2
LAG004,2024-09,Female,35-49,51,1
LAG004,2024-09,Female,50+,24,0
LAG004,2024-09,Male,<15,19,0
LAG004,2024-09,M,15 - 24,50,0
LAG004,2024-09,M,25-34,54,-
LAG004,2024-09,Male,35-49,40,1
LAG004,2024-09,Male,50+,19,0
LAG004,2024-10,Female,<15,28,0
LAG004,2024-10,Female,15-24,69,0
LAG004,2024-10,Female,25-34,88,2
LAG004,2024-10,Female,35-49,60,1
LAG004,2024-10,Female,50+,26,0
LAG004,2024-10,Male,0-14,22,0
LAG004,2024-10,Male,15-24,51,0
LAG004,2024-10,Male,25-34,55,1
LAG004,2024-10,Male,35-49,48,1
LAG004,2024-10,male,50+,20,0
LAG004,2024-11,F,<15,28,0
LAG004,2024-11,Female,15-24,67,0
LAG004,2024-11,Female,25-34,78,0
LAG004,2024-11,Female,35-49,64,0
LAG004,2024-11,Female,50+,27,0
LAG004,2024-11,Male,<15,17,0
LAG004,2024-11,male,15-24,53,0
LAG004,2024-11,Male,25-34,65,0
LAG004,2024-11,Male,35-49,38,0
LAG004,2024-11,male,50+,17,0
LAG004,2024-12,Female,<15,35,0
LAG004,2024-12,Female,15-24,92,0
LAG004,2024-12,Female,25-34,95,1
LAG004,2024-12,Female,35-49,76,1
LAG004,2024-12,Female,50+,36,0
LAG004,2024-12,Male,<15,25,0
LAG004,2024-12,Male,15 - 24,65,0
LAG004,2024-12,Male,25-34,80,1
LAG004,2024-12,Male,35-49,49,0
LAG004,2024-12,male,50+,21,0
LAG005,2024-01,Female,<15,75,1
LAG005,2024-01,Female,15-24,179,3
LAG005,2024-01,Female,25-34,220,8
LAG005,2024-01,Female,35-49,148,5
LAG005,2024-01,Female,50+,77,1
LAG005,2024-01,Male,<15,42,0
LAG005,2024-01,Male,15-24,149,2
LAG005,2024-01,M,25-34,143,5
LAG005,2024-01,Male,35-49,117,4
LAG005,2024-01,Male,50+,54,1
LAG005,2024-02,Female,<15,63,0
LAG005,2024-02,Female,15-24,188,2
LAG005,2024-02,Female,25-34,220,5
LAG005,2024-02,Female,35-49,159,3
LAG005,2024-02,Female,50+,74,0
LAG005,2024-02,Male,<15,57,0
LAG005,2024-02,Male,15-24,137,1
LAG005,2024-02,M,25-34,145,3
LAG005,2024-02,male,35-49,124,3
LAG005,2024-02,Male,50+,47,0
LAG005,2024-03,Female,<15,85,1
LAG005,2024-03,female,15-24,209,4
LAG005,2024-03,F,25-34,214,9
LAG005,2024-03,F,35-49,203,8
LAG005,2024-03,Female,50+,79,1
LAG005,2024-03,male,0-14,54,1
LAG005,2024-03,Male,15-24,159,3
LAG005,2024-03,Male,25-34,173,7
LAG005,2024-03,Male,35-49,135,5
LAG005,2024-03,Male,50+,51,1
LAG005,2024-04,Female,<15,64,1
LAG005,2024-04,Female,15-24,223,3
LAG005,2024-04,F,25-34,189,6
LAG005,2024-04,Female,35-49,175,5
LAG005,2024-04,Female,50+,65,1
LAG005,2024-04,M,<15,53,0
LAG005,2024-04,Male,15-24,153,2
LAG005,2024-04,Male,25-34,146,4
LAG005,2024-04,male,35-49,111,3
LAG005,2024-04,Male,50+,56,0
LAG005,2024-05,Female,<15,67,1
LAG005,2024-05,Female,15-24,163,3
LAG005,2024-05,Female,25-34,211,8
LAG005,2024-05,Female,35-49,166,6
LAG005,2024-05,F,50+,71,1
LAG005,2024-05,Male,<15,58,1
LAG005,2024-05,Male,15-24,135,2
LAG005,2024-05,Male,25-34,135,5
LAG005,2024-05,M,35-49,106,4
LAG005,2024-05,Male,50+,55,1
LAG005,2024-06,F,<15,97,1
LAG005,2024-06,F,15-24,244,
LAG005,2024-06,Female,25-34,225,6
LAG005,2024-06,F,35-49,165,4
LAG005,2024-06,Female,50+,76,1
LAG005,2024-06,male,<15,54,0
LAG005,2024-06,Male,15-24,187,2
LAG005,2024-06,Male,25-34,157,4
LAG005,2024-06,Male,35-49,132,3
LAG005,2024-06,Male,50+,55,0
LAG005,2024-07,Female,<15,73,1
LAG005,2024-07,Female,15-24,213,3
LAG005,2024-07,Female,25-34,226,7
LAG005,2024-07,Female,35-49,177,6
LAG005,2024-07,Female,50+,90,1
LAG005,2024-07,Male,<15,65,1
LAG005,2024-07,M,15-24,149,2
LAG005,2024-07,Male,25-34,173,5
LAG005,2024-07,Male,35-49,122,4
LAG005,2024-07,Male,50+,54,0
LAG005,2024-08,Female,<15,77,2
LAG005,2024-08,female,15-24,191,5
LAG005,2024-08,Female,25-34,235,12
LAG005,2024-08,Female,35-49,176,9
LAG005,2024-08,Female,50+,75,2
LAG005,2024-08,Male,<15,62,1
LAG005,2024-08,Male,15-24,140,3
LAG005,2024-08,Male,25-34,148,7
LAG005,2024-08,M,35-49,137,7
LAG005,2024-08,Male,50+,58,1
LAG005,2024-09,Female,<15,59,1
LAG005,2024-09,Female,15 - 24,174,3
LAG005,2024-09,Female,25-34,186,8
LAG005,2024-09,Female,35-49,129,5
LAG005,2024-09,Female,50+,58,1
LAG005,2024-09,Male,<15,42,0
LAG005,2024-09,M,15-24,115,2
LAG005,2024-09,M,25-34,139,6
LAG005,2024-09,Male,35-49,101,4
LAG005,2024-09,Male,50+,40,0
LAG005,2024-10,Female,<15,64,1
LAG005,2024-10,Female,15-24,207,4
LAG005,2024-10,Female,25-34,213,10
LAG005,2024-10,f,35-49,166,7
LAG005,2024-10,Female,50 and above,70,1
LAG005,2024-10,M,<15,48,1
LAG005,2024-10,M,15-24,151,3
LAG005,2024-10,Male,25-34,156,7
LAG005,2024-10,Male,35-49,112,5
LAG005,2024-10,Male,50+,52,1
LAG005,2024-11,F,<15,46,0
LAG005,2024-11,Female,15-24,133,1
LAG005,2024-11,Female,25-34,182,4
LAG005,2024-11,Female,35-49,120,2
LAG005,2024-11,Female,50+,50,0
LAG005,2024-11,male,<15,34,0
LAG005,2024-11,male,15-24,106,1
LAG005,2024-11,M,25-34,112,2
LAG005,2024-11,Male,35-49,97,2
LAG005,2024-11,M,50+,34,0
LAG005,2024-12,Female,<15,66,1
LAG005,2024-12,F,15-24,185,5
LAG005,2024-12,Female,25-34,186,10
LAG005,2024-12,Female,35-49,146,8
LAG005,2024-12,female,50 and above,63,1
LAG005,2024-12,Male,<15,47,1
LAG005,2024-12,Male,15-24,112,3
LAG005,2024-12,M,25-34,155,8
LAG005,2024-12,Male,35-49,112,6
LAG005,2024-12,Male,50+,42,1
LAG006,2024-01,Female,<15,36,0
LAG006,2024-01,Female,15-24,101,0
LAG006,2024-01,Female,25-34,128,2
LAG006,2024-01,Female,35-49,86,1
LAG006,2024-01,F,50+,43,
LAG006,2024-01,M,<15,29,0
LAG006,2024-01,Male,15-24,73,0
LAG006,2024-01,Male,25-34,92,1
LAG006,2024-01,Male,35-49,66,1
LAG006,2024-01,Male,50+,24,0
LAG006,2024-02,Female,<15,44,0
LAG006,2024-02,Female,15-24,102,1
LAG006,2024-02,Female,25-34,130,4
LAG006,2024-02,Female,35-49,90,3
LAG006,2024-02,Female,50+,41,0
LAG006,2024-02,Male,<15,27,0
LAG006,2024-02,Male,15-24,87,1
LAG006,2024-02,male,25-34,94,3
LAG006,2024-02,Male,35-49,55,2
LAG006,2024-02,Male,50+,30,0
LAG006,2024-03,Female,<15,44,0
LAG006,2024-03,Female,15-24,125,1
LAG006,2024-03,Female,25-34,111,3
LAG006,2024-03,Female,35-49,82,2
LAG006,2024-03,female,50+,40,0
LAG006,2024-03,Male,<15,24,0
LAG006,2024-03,Male,15-24,80,1
LAG006,2024-03,Male,25-34,87,2
LAG006,2024-03,Male,35-49,68,1
LAG006,2024-03,M,50+,32,0
LAG006,2024-04,F,<15,58,0
LAG006,2024-04,Female,15-24,188,2
LAG006,2024-04,Female,25-34,189,4
LAG006,2024-04,Female,35-49,155,3
LAG006,2024-04,Female,50+,66,0
LAG006,2024-04,Male,<15,44,0
LAG006,2024-04,Male,15-24,139,1
LAG006,2024-04,Male,25-34,139,3
LAG006,2024-04,Male,35-49,106,2
LAG006,2024-04,Male,50+,46,0
LAG006,2024-05,Female,<15,53,0
LAG006,2024-05,Female,15-24,132,2
LAG006,2024-05,Female,25-34,176,6
LAG006,2024-05,Female,35-49,130,4
LAG006,2024-05,F,50+,51,0
LAG006,2024-05,male,<15,45,0
LAG006,2024-05,Male,15-24,109,2
LAG006,2024-05,M,25-34,115,4
LAG006,2024-05,Male,35-49,81,3
LAG006,2024-05,Male,50+,41,0
LAG006,2024-06,Female,<15,53,0
LAG006,2024-06,Female,15-24,142,2
LAG006,2024-06,Female,25-34,187,6
LAG006,2024-06,Female,35-49,127,4
LAG006,2024-06,Female,50+,58,0
LAG006,2024-06,Male,<15,41,0
LAG006,2024-06,Male,15-24,125,2
LAG006,2024-06,m,25-34,113,3
LAG006,2024-06,Male,35-49,89,2
LAG006,2024-06,Male,50+,42,0
LAG006,2024-07,Female,0-14,60,0
LAG006,2024-07,Female,15-24,167,2
LAG006,2024-07,Female,25-34,193,6
LAG006,2024-07,Female,35-49,135,4
LAG006,2024-07,Female,50+,68,1
LAG006,2024-07,Male,<15,47,0
LAG006,2024-07,Male,15-24,129,2
LAG006,2024-07,Male,25-34,140,4
LAG006,2024-07,Male,35-49,89,2
LAG006,2024-07,Male,50+,46,0
LAG006,2024-08,Female,<15,55,0
LAG006,2024-08,Female,15-24,150,2
LAG006,2024-08,Female,25-34,203,5
LAG006,2024-08,F,35-49,145,3
LAG006,2024-08,F,50+,52,0
LAG006,2024-08,M,<15,45,0
LAG006,2024-08,Male,15-24,123,1
LAG006,2024-08,Male,25-34,120,3
LAG006,2024-08,Male,35-49,103,2
LAG006,2024-08,Male,50+,46,0
LAG006,2024-09,Female,<15,56,0
LAG006,2024-09,Female,15-24,200,2
LAG006,2024-09,Female,25-34,183,4
LAG006,2024-09,Female,35-49,125,2
LAG006,2024-09,Female,50+,58,0
LAG006,2024-09,Male,<15,41,0
LAG006,2024-09,Male,15-24,117,1
LAG006,2024-09,Male,25-34,140,3
LAG006,2024-09,Male,35-49,109,2
LAG006,2024-09,Male,50+,43,0
LAG006,2024-10,Female,<15,46,0
LAG006,2024-10,Female,15-24,148,1
LAG006,2024-10,F,25-34,154,3
LAG006,2024-10,Female,35-49,125,2
LAG006,2024-10,Female,50+,49,0
LAG006,2024-10,Male,<15,37,0
LAG006,2024-10,Male,15-24,107,1
LAG006,2024-10,Male,25-34,120,-
LAG006,2024-10,Male,35-49,79,1
LAG006,2024-10,Male,50+,34,0
LAG006,2024-11,Female,<15,54,0
LAG006,2024-11,Female,15-24,-,1
LAG006,2024-11,Female,25-34,172,3
LAG006,2024-11,Female,35-49,114,2
LAG006,2024-11,Female,50+,55,0
LAG006,2024-11,Male,<15,37,0
LAG006,2024-11,male,15-24,96,0
LAG006,2024-11,male,25-34,122,2
LAG006,2024-11,Male,35-49,95,1
LAG006,2024-11,Male,50+,41,0
LAG006,2024-12,Female,<15,51,0
LAG006,2024-12,Female,15-24,139,1
LAG006,2024-12,F,25-34,182,4
LAG006,2024-12,Female,35-49,110,2
LAG006,2024-12,Female,50 and above,59,0
LAG006,2024-12,Male,<15,41,0
LAG006,2024-12,Male,15-24,106,1
LAG006,2024-12,Male,25-34,118,2
LAG006,2024-12,Male,35-49,85,2
LAG006,2024-12,Male,50+,41,0
LAG007,2024-01,Female,<15,24,0
LAG007,2024-01,Female,15-24,76,1
LAG007,2024-01,Female,25-34,70,2
LAG007,2024-01,Female,35-49,58,2
LAG007,2024-01,Female,50+,28,0
LAG007,2024-01,male,<15,20,0
LAG007,2024-01,Male,15 - 24,46,0
LAG007,2024-01,M,25-34,60,2
LAG007,2024-01,Male,35-49,38,1
LAG007,2024-01,Male,50+,19,0
LAG007,2024-02,Female,<15,24,0
LAG007,2024-02,Female,15-24,74,1
LAG007,2024-02,Female,25-34,74,2
LAG007,2024-02,female,35-49,49,1
LAG007,2024-02,Female,50+,26,0
LAG007,2024-02,Male,0-14,18,0
LAG007,2024-02,Male,15 - 24,49,0
LAG007,2024-02,Male,25-34,49,1
LAG007,2024-02,Male,35-49,45,1
LAG007,2024-02,Male,50+,15,0
LAG007,2024-03,Female,<15,26,0
LAG007,2024-03,female,15 - 24,63,1
LAG007,2024-03,F,25-34,76,4
LAG007,2024-03,Female,35-49,55,3
LAG007,2024-03,Female,50+,26,0
LAG007,2024-03,M,<15,17,0
LAG007,2024-03,Male,15-24,47,1
LAG007,2024-03,M,25-34,55,3
LAG007,2024-03,Male,35-49,42,2
LAG007,2024-03,Male,50+,17,0
LAG007,2024-04,F,<15,23,0
LAG007,2024-04,Female,15-24,81,1
LAG007,2024-04,Female,25-34,88,3
LAG007,2024-04,Female,35-49,65,2
LAG007,2024-04,Female,50+,30,0
LAG007,2024-04,male,<15,17,0
LAG007,2024-04,M,15-24,62,1
LAG007,2024-04,Male,25-34,68,3
LAG007,2024-04,Male,35-49,39,1
LAG007,2024-04,Male,50+,21,0
LAG007,2024-05,Female,<15,40,0
LAG007,2024-05,Female,15-24,88,2
LAG007,2024-05,Female,25-34,104,4
LAG007,2024-05,Female,35-49,82,3
LAG007,2024-05,Female,50+,41,0
LAG007,2024-05,Male,<15,27,0
LAG007,2024-05,Male,15-24,74,1
LAG007,2024-05,Male,25-34,82,3
LAG007,2024-05,Male,35-49,49,2
LAG007,2024-05,Male,50+,24,0
LAG007,2024-06,Female,<15,31,0
LAG007,2024-06,Female,15-24,88,1
LAG007,2024-06,Female,25-34,85,3
LAG007,2024-06,F,35-49,59,2
LAG007,2024-06,F,50+,32,0
LAG007,2024-06,Male,<15,23,0
LAG007,2024-06,Male,15-24,64,1
LAG007,2024-06,Male,25-34,59,2
LAG007,2024-06,Male,35-49,43,1
LAG007,2024-06,Male,50+,24,0
LAG007,2024-07,Female,<15,26,0
LAG007,2024-07,Female,15-24,75,2
LAG007,2024-07,Female,25-34,85,6
LAG007,2024-07,F,35-49,53,3
LAG007,2024-07,Female,50+,25,0
LAG007,2024-07,Male,<15,22,0
LAG007,2024-07,Male,15-24,56,1
LAG007,2024-07,Male,25-34,52,3
LAG007,2024-07,Male,35-49,N/A,2
LAG007,2024-07,M,50+,18,0
LAG007,2024-08,Female,<15,27,0
LAG007,2024-08,Female,15-24,76,1
LAG007,2024-08,Female,25-34,74,3
LAG007,2024-08,Female,35-49,55,2
LAG007,2024-08,Female,50+,27,0
LAG007,2024-08,Male,<15,15,0
LAG007,2024-08,M,15 - 24,57,1
LAG007,2024-08,Male,25-34,60,2
LAG007,2024-08,Male,35-49,40,1
LAG007,2024-08,M,50+,15,0
LAG007,2024-09,Female,<15,20,0
LAG007,2024-09,Female,15-24,70,2
LAG007,2024-09,Female,25-34,79,4
LAG007,2024-09,Female,35-49,53,3
LAG007,2024-09,Female,50+,26,0
LAG007,2024-09,Male,<15,17,0
LAG007,2024-09,Male,15-24,53,1
LAG007,2024-09,Male,25-34,51,3
LAG007,2024-09,Male,35-49,40,2
LAG007,2024-09,Male,50+,17,0
LAG007,2024-10,F,<15,26,0
LAG007,2024-10,Female,15-24,77,1
LAG007,2024-10,Female,25-34,87,3
LAG007,2024-10,Female,35-49,53,1
LAG007,2024-10,F,50+,,0
LAG007,2024-10,Male,<15,18,0
LAG007,2024-10,Male,15-24,53,0
LAG007,2024-10,Male,25-34,56,2
LAG007,2024-10,M,35-49,48,1
LAG007,2024-10,Male,50+,20,0
LAG007,2024-11,Female,<15,27,0
LAG007,2024-11,Female,15-24,63,0
LAG007,2024-11,Female,25-34,75,1
LAG007,2024-11,Female,35-49,55,1
LAG007,2024-11,Female,50+,23,0
LAG007,2024-11,Male,<15,20,0
LAG007,2024-11,Male,15-24,49,0
LAG007,2024-11,Male,25-34,48,1
LAG007,2024-11,Male,35-49,42,1
LAG007,2024-11,Male,50+,16,0
LAG007,2024-12,Female,<15,29,0
LAG007,2024-12,Female,15-24,64,1
LAG007,2024-12,Female,25-34,90,4
LAG007,2024-12,female,35-49,62,3
LAG007,2024-12,Female,50+,22,0
LAG007,2024-12,M,<15,16,0
LAG007,2024-12,Male,15-24,56,1
LAG007,2024-12,Male,25-34,62,3
LAG007,2024-12,Male,35-49,39,2
LAG007,2024-12,Male,50+,20,0
LAG008,2024-01,Female,<15,6,0
LAG008,2024-01,Female,15-24,16,0
LAG008,2024-01,Female,25-34,19,0
LAG008,2024-01,Female,35-49,11,0
LAG008,2024-01,Female,50 and above,5,0
LAG008,2024-01,Male,<15,3,0
LAG008,2024-01,male,15-24,12,0
LAG008,2024-01,male,25-34,14,0
LAG008,2024-01,Male,35-49,7,0
LAG008,2024-01,Male,50+,4,0
LAG008,2024-02,Female,<15,6,0
LAG008,2024-02,Female,15-24,21,0
LAG008,2024-02,Female,25-34,17,0
LAG008,2024-02,Female,35-49,16,0
LAG008,2024-02,Female,50+,7,0
LAG008,2024-02,Male,<15,5,0
LAG008,2024-02,Male,15-24,13,0
LAG008,2024-02,M,25-34,14,0
LAG008,2024-02,Male,35-49,12,0
LAG008,2024-02,Male,50+,4,0
LAG008,2024-03,Female,<15,6,0
LAG008,2024-03,Female,15-24,15,0
LAG008,2024-03,Female,25-34,21,0
LAG008,2024-03,Female,35-49,13,0
LAG008,2024-03,Female,50+,6,0
LAG008,2024-03,Male,0-14,4,0
LAG008,2024-03,Male,15-24,12,0
LAG008,2024-03,Male,25-34,15,0
LAG008,2024-03,Male,35-49,9,0
LAG008,2024-03,Male,50+,4,0
LAG008,2024-04,Female,<15,7,0
LAG008,2024-04,Female,15-24,20,0
LAG008,2024-04,Female,25-34,25,0
LAG008,2024-04,Female,35-49,15,0
LAG008,2024-04,Female,50+,6,0
LAG008,2024-04,M,<15,5,0
LAG008,2024-04,M,15-24,13,0
LAG008,2024-04,Male,25-34,16,0
LAG008,2024-04,Male,35-49,14,0
LAG008,2024-04,M,50+,6,0
LAG008,2024-05,Female,<15,9,0
LAG008,2024-05,female,15-24,21,0
LAG008,2024-05,Female,25-34,26,0
LAG008,2024-05,female,35-49,21,0
LAG008,2024-05,F,50+,7,0
LAG008,2024-05,male,<15,6,0
LAG008,2024-05,Male,15-24,18,0
LAG008,2024-05,Male,25-34,18,0
LAG008,2024-05,Male,35-49,13,0
LAG008,2024-05,Male,50+,6,0
LAG008,2024-06,Female,<15,6,0
LAG008,2024-06,Female,15-24,21,0
LAG008,2024-06,F,25-34,22,1
LAG008,2024-06,F,35-49,16,0
LAG008,2024-06,F,50+,6,0
LAG008,2024-06,M,<15,5,0
LAG008,2024-06,M,15-24,12,0
LAG008,2024-06,Male,25-34,17,0
LAG008,2024-06,Male,35-49,13,0
LAG008,2024-06,M,50+,4,0
LAG008,2024-07,Female,0-14,8,0
LAG008,2024-07,Female,15-24,26,0
LAG008,2024-07,Female,25-34,26,0
LAG008,2024-07,Female,35-49,19,0
LAG008,2024-07,Female,50+,9,0
LAG008,2024-07,M,<15,5,0
LAG008,2024-07,Male,15-24,17,0
LAG008,2024-07,Male,25-34,21,0
LAG008,2024-07,M,35-49,12,0
LAG008,2024-07,Male,50+,6,0
LAG008,2024-08,Female,<15,8,0
LAG008,2024-08,F,15-24,17,0
LAG008,2024-08,Female,25-34,21,0
LAG008,2024-08,F,35-49,14,0
LAG008,2024-08,Female,50+,6,0
LAG008,2024-08,Male,<15,4,0
LAG008,2024-08,Male,15-24,13,0
LAG008,2024-08,Male,25-34,14,0
LAG008,2024-08,Male,35-49,10,0
LAG008,2024-08,Male,50+,4,0
LAG008,2024-09,Female,<15,7,0
LAG008,2024-09,F,15-24,18,0
LAG008,2024-09,F,25-34,21,1
LAG008,2024-09,Female,35-49,14,0
LAG008,2024-09,Female,50 and above,6,0
LAG008,2024-09,Male,<15,5,0
LAG008,2024-09,Male,15-24,14,0
LAG008,2024-09,Male,25-34,14,0
LAG008,2024-09,male,35-49,11,0
LAG008,2024-09,Male,50+,4,0
LAG008,2024-10,female,<15,7,0
LAG008,2024-10,Female,15-24,18,0
LAG008,2024-10,Female,25-34,20,0
LAG008,2024-10,Female,35-49,14,0
LAG008,2024-10,Female,50+,8,0
LAG008,2024-10,Male,<15,5,0
LAG008,2024-10,Male,15-24,14,0
LAG008,2024-10,Male,25-34,-,0
LAG008,2024-10,Male,35-49,11,0
LAG008,2024-10,Male,50+,4,0
LAG008,2024-11,F,<15,7,0
LAG008,2024-11,Female,15-24,19,0
LAG008,2024-11,Female,25-34,24,0
LAG008,2024-11,F,35-49,20,0
LAG008,2024-11,Female,50 and above,8,0
LAG008,2024-11,Male,<15,5,0
LAG008,2024-11,M,15-24,17,0
LAG008,2024-11,male,25-34,16,0
LAG008,2024-11,Male,35-49,13,0
LAG008,2024-11,Male,50+,5,0
LAG008,2024-12,Female,<15,4,0
LAG008,2024-12,Female,15-24,11,0
LAG008,2024-12,female,25-34,12,0
LAG008,2024-12,Female,35-49,9,0
LAG008,2024-12,Female,50+,4,0
LAG008,2024-12,male,<15,2,0
LAG008,2024-12,Male,15-24,8,0
LAG008,2024-12,M,25-34,10,0
LAG008,2024-12,Male,35-49,6,0
LAG008,2024-12,Male,50+,3,0
LAG009,2024-01,Female,<15,16,0
LAG009,2024-01,Female,15-24,47,0
LAG009,2024-01,Female,25-34,54,2
LAG009,2024-01,Female,35-49,36,1
LAG009,2024-01,Female,50+,19,0
LAG009,2024-01,Male,<15,11,0
LAG009,2024-01,Male,15-24,36,0
LAG009,2024-01,Male,25-34,41,1
LAG009,2024-01,Male,35-49,26,0
LAG009,2024-01,Male,50+,11,0
LAG009,2024-02,F,<15,20,0
LAG009,2024-02,Female,15-24,48,1
LAG009,2024-02,Female,25-34,53,2
LAG009,2024-02,Female,35-49,42,1
LAG009,2024-02,Female,50+,16,0
LAG009,2024-02,Male,<15,12,0
LAG009,2024-02,Male,15-24,34,0
LAG009,2024-02,Male,25-34,40,1
LAG009,2024-02,male,35-49,29,1
LAG009,2024-02,Male,50+,15,0
LAG009,2024-03,Female,<15,31,0
LAG009,2024-03,Female,15-24,72,0
LAG009,2024-03,Female,25-34,77,1
LAG009,2024-03,F,35-49,65,1
LAG009,2024-03,Female,50+,29,0
LAG009,2024-03,Male,<15,19,0
LAG009,2024-03,Male,15 - 24,59,0
LAG009,2024-03,Male,25-34,63,1
LAG009,2024-03,Male,35-49,41,0
LAG009,2024-03,Male,50 and above,16,0
LAG009,2024-04,Female,<15,29,0
LAG009,2024-04,Female,15 - 24,66,1
LAG009,2024-04,Female,25-34,73,3
LAG009,2024-04,Female,35-49,67,3
LAG009,2024-04,Female,50+,25,0
LAG009,2024-04,M,<15,16,0
LAG009,2024-04,Male,15-24,50,1
LAG009,2024-04,Male,25-34,63,2
LAG009,2024-04,Male,35-49,40,1
LAG009,2024-04,Male,50+,20,0
LAG009,2024-05,Female,<15,35,0
LAG009,2024-05,Female,15-24,103,1
LAG009,2024-05,F,25-34,114,3
LAG009,2024-05,F,35-49,66,1
LAG009,2024-05,Female,50 and above,35,0
LAG009,2024-05,Male,<15,21,0
LAG009,2024-05,male,15-24,72,0
LAG009,2024-05,Male,25-34,83,2
LAG009,2024-05,Male,35-49,55,1
LAG009,2024-05,Male,50+,24,0
LAG009,2024-06,female,<15,30,0
LAG009,2024-06,Female,15-24,92,1
LAG009,2024-06,Female,25-34,103,
LAG009,2024-06,Female,35-49,68,2
LAG009,2024-06,Female,50+,29,0
LAG009,2024-06,Male,<15,24,0
LAG009,2024-06,Male,15-24,73,1
LAG009,2024-06,Male,25-34,65,2
LAG009,2024-06,Male,35-49,47,1
LAG009,2024-06,Male,50+,23,0
LAG009,2024-07,F,<15,34,0
LAG009,2024-07,female,15 - 24,96,2
LAG009,2024-07,Female,25-34,112,4
LAG009,2024-07,Female,35-49,66,2
LAG009,2024-07,Female,50+,33,0
LAG009,2024-07,Male,<15,23,0
LAG009,2024-07,Male,15-24,64,1
LAG009,2024-07,Male,25-34,85,3
LAG009,2024-07,Male,35-49,52,2
LAG009,2024-07,Male,50+,22,0
LAG009,2024-08,Female,<15,28,0
LAG009,2024-08,Female,15-24,80,1
LAG009,2024-08,Female,25-34,84,2
LAG009,2024-08,Female,35-49,61,1
LAG009,2024-08,Female,50+,21,0
LAG009,2024-08,Male,<15,20,0
LAG009,2024-08,Male,15-24,50,0
LAG009,2024-08,Male,25-34,65,2
LAG009,2024-08,male,35-49,44,1
LAG009,2024-08,Male,50+,20,0
LAG009,2024-09,Female,<15,26,0
LAG009,2024-09,Female,15-24,88,1
LAG009,2024-09,Female,25-34,83,3
LAG009,2024-09,Female,35-49,71,2
LAG009,2024-09,Female,50+,33,0
LAG009,2024-09,Male,<15,24,0
LAG009,2024-09,Male,15-24,-,1
LAG009,2024-09,Male,25-34,69,2
LAG009,2024-09,Male,35-49,45,1
LAG009,2024-09,M,50+,23,0
LAG009,2024-10,Female,<15,31,0
LAG009,2024-10,Female,15-24,82,1
LAG009,2024-10,Female,25-34,84,3
LAG009,2024-10,Female,35-49,62,2
LAG009,2024-10,Female,50+,32,0
LAG009,2024-10,Male,<15,23,0
LAG009,2024-10,Male,15-24,51,0
LAG009,2024-10,Male,25-34,61,2
LAG009,2024-10,Male,35-49,52,1
LAG009,2024-10,M,50+,22,0
LAG009,2024-11,Female,<15,23,0
LAG009,2024-11,Female,15-24,60,0
LAG009,2024-11,F,25-34,64,1
LAG009,2024-11,Female,35-49,61,1
LAG009,2024-11,F,50+,21,0
LAG009,2024-11,Male,<15,17,0
LAG009,2024-11,Male,15-24,52,0
LAG009,2024-11,Male,25-34,46,0
LAG009,2024-11,M,35-49,36,0
LAG009,2024-11,M,50+,15,0
LAG009,2024-12,Female,<15,N/A,0
LAG009,2024-12,Female,15-24,59,1
LAG009,2024-12,F,25-34,66,3
LAG009,2024-12,F,35-49,48,2
LAG009,2024-12,Female,50+,19,0
LAG009,2024-12,Male,<15,15,0
LAG009,2024-12,Male,15-24,41,1
LAG009,2024-12,male,25-34,46,2
LAG009,2024-12,Male,35-49,37,1
LAG009,2024-12,Male,50+,17,0
LAG010,2024-01,F,<15,13,0
LAG010,2024-01,female,15-24,36,0
LAG010,2024-01,Female,25-34,46,0
LAG010,2024-01,Female,35-49,33,0
LAG010,2024-01,Female,50+,14,0
LAG010,2024-01,Male,<15,11,0
LAG010,2024-01,Male,15-24,29,0
LAG010,2024-01,Male,25-34,28,0
LAG010,2024-01,Male,35-49,24,0
LAG010,2024-01,Male,50+,10,0
LAG010,2024-02,Female,<15,26,0
LAG010,2024-02,Female,15-24,89,2
LAG010,2024-02,Female,25-34,91,5
LAG010,2024-02,Female,35-49,66,3
LAG010,2024-02,Female,50+,35,1
LAG010,2024-02,Male,<15,25,0
LAG010,2024-02,Male,15-24,60,1
LAG010,2024-02,Male,25-34,65,3
LAG010,2024-02,Male,35-49,49,2
LAG010,2024-02,M,50+,23,0
LAG010,2024-03,Female,<15,29,0
LAG010,2024-03,Female,15-24,81,1
LAG010,2024-03,Female,25-34,78,2
LAG010,2024-03,Female,35-49,62,2
LAG010,2024-03,Female,50+,26,0
LAG010,2024-03,Male,<15,22,0
LAG010,2024-03,Male,15-24,58,1
LAG010,2024-03,Male,25-34,58,2
LAG010,2024-03,M,35-49,44,1
LAG010,2024-03,M,50+,17,0
LAG010,2024-04,Female,<15,35,0
LAG010,2024-04,Female,15-24,-,1
LAG010,2024-04,Female,25-34,98,4
LAG010,2024-04,Female,35-49,62,2
LAG010,2024-04,Female,50+,31,0
LAG010,2024-04,Male,<15,20,0
LAG010,2024-04,male,15 - 24,55,1
LAG010,2024-04,Male,25-34,74,3
LAG010,2024-04,Male,35-49,,2
LAG010,2024-04,Male,50+,23,0
LAG010,2024-05,Female,<15,36,0
LAG010,2024-05,Female,15-24,96,2
LAG010,2024-05,Female,25-34,114,6
LAG010,2024-05,Female,35-49,93,4
LAG010,2024-05,Female,50+,40,1
LAG010,2024-05,Male,<15,28,0
LAG010,2024-05,M,15-24,78,2
LAG010,2024-05,Male,25-34,87,4
LAG010,2024-05,male,35-49,57,3
LAG010,2024-05,Male,50+,24,0
LAG010,2024-06,F,<15,32,0
LAG010,2024-06,Female,15-24,106,1
LAG010,2024-06,Female,25-34,103,2
LAG010,2024-06,Female,35-49,78,1
LAG010,2024-06,Female,50+,33,0
LAG010,2024-06,Male,<15,25,0
LAG010,2024-06,Male,15-24,72,0
LAG010,2024-06,Male,25-34,73,1
LAG010,2024-06,Male,35-49,63,1
LAG010,2024-06,Male,50 and above,22,0
LAG010,2024-07,F,<15,46,1
LAG010,2024-07,F,15-24,110,3
LAG010,2024-07,Female,25-34,124,7
LAG010,2024-07,Female,35-49,104,6
LAG010,2024-07,Female,50+,43,1
LAG010,2024-07,Male,<15,33,1
LAG010,2024-07,Male,15-24,90,2
LAG010,2024-07,Male,25-34,95,5
LAG010,2024-07,M,35-49,62,3
LAG010,2024-07,M,50+,29,0
LAG010,2024-08,Female,0-14,38,0
LAG010,2024-08,Female,15-24,99,1
LAG010,2024-08,Female,25-34,122,4
LAG010,2024-08,Female,35-49,89,3
LAG010,2024-08,Female,50+,38,0
LAG010,2024-08,Male,<15,27,0
LAG010,2024-08,M,15-24,83,1
LAG010,2024-08,male,25-34,85,2
LAG010,2024-08,Male,35-49,62,2
LAG010,2024-08,Male,50+,22,0
LAG010,2024-09,Female,<15,30,0
LAG010,2024-09,Female,15-24,87,1
LAG010,2024-09,Female,25-34,86,3
LAG010,2024-09,Female,35-49,64,2
LAG010,2024-09,Female,50+,31,0
LAG010,2024-09,Male,<15,18,0
LAG010,2024-09,Male,15-24,61,1
LAG010,2024-09,Male,25-34,71,2
LAG010,2024-09,M,35-49,41,1
LAG010,2024-09,Male,50+,24,0
LAG010,2024-10,Female,<15,28,0
LAG010,2024-10,Female,15 - 24,75,1
LAG010,2024-10,Female,25-34,95,3
LAG010,2024-10,Female,35-49,68,2
LAG010,2024-10,Female,50+,27,0
LAG010,2024-10,Male,<15,22,0
LAG010,2024-10,Male,15-24,50,0
LAG010,2024-10,Male,25-34,69,2
LAG010,2024-10,Male,35-49,51,1
LAG010,2024-10,Male,50+,21,0
LAG010,2024-11,Female,<15,20,0
LAG010,2024-11,F,15-24,54,1
LAG010,2024-11,Female,25-34,74,4
LAG010,2024-11,Female,35-49,50,3
LAG010,2024-11,Female,50+,19,0
LAG010,2024-11,Male,<15,15,0
LAG010,2024-11,Male,15-24,40,1
LAG010,2024-11,Male,25-34,54,3
LAG010,2024-11,Male,35-49,31,2
LAG010,2024-11,M,50+,15,0
LAG010,2024-12,Female,<15,26,0
LAG010,2024-12,Female,15-24,83,1
LAG010,2024-12,Female,25-34,80,3
LAG010,2024-12,Female,35-49,75,3
LAG010,2024-12,F,50+,30,0
LAG010,2024-12,Male,<15,21,0
LAG010,2024-12,Male,15-24,55,1
LAG010,2024-12,Male,25-34,66,3
LAG010,2024-12,Male,35-49,50,2
LAG010,2024-12,Male,50+,20,0
LAG011,2024-01,Female,<15,30,0
LAG011,2024-01,Female,15 - 24,81,1
LAG011,2024-01,F,25-34,97,3
LAG011,2024-01,Female,35-49,64,2
LAG011,2024-01,F,50+,28,0
LAG011,2024-01,Male,<15,20,0
LAG011,2024-01,Male,15-24,53,0
LAG011,2024-01,Male,25-34,75,2
LAG011,2024-01,Male,35-49,46,1
LAG011,2024-01,M,50+,22,0
LAG011,2024-02,Female,<15,32,0
LAG011,2024-02,F,15-24,108,1
LAG011,2024-02,Female,25-34,100,2
LAG011,2024-02,Female,35-49,82,1
LAG011,2024-02,Female,50+,41,0
LAG011,2024-02,male,<15,22,0
LAG011,2024-02,Male,15-24,76,0
LAG011,2024-02,Male,25-34,84,1
LAG011,2024-02,Male,35-49,52,1
LAG011,2024-02,Male,50+,27,0
LAG011,2024-03,F,<15,37,0
LAG011,2024-03,Female,15-24,116,1
LAG011,2024-03,F,25-34,122,3
LAG011,2024-03,F,35-49,81,2
LAG011,2024-03,Female,50+,43,0
LAG011,2024-03,Male,<15,30,0
LAG011,2024-03,Male,15-24,87,1
LAG011,2024-03,Male,25-34,92,2
LAG011,2024-03,Male,35-49,56,1
LAG011,2024-03,Male,50+,24,0
LAG011,2024-04,Female,<15,39,0
LAG011,2024-04,Female,15-24,134,1
LAG011,2024-04,Female,25-34,118,3
LAG011,2024-04,Female,35-49,106,3
LAG011,2024-04,Female,50+,40,0
LAG011,2024-04,Male,0-14,N/A,0
LAG011,2024-04,M,15-24,100,1
LAG011,2024-04,Male,25-34,94,2
LAG011,2024-04,Male,35-49,67,1
LAG011,2024-04,Male,50+,29,0
LAG011,2024-05,Female,<15,41,0
LAG011,2024-05,F,15-24,92,1
LAG011,2024-05,Female,25-34,115,3
LAG011,2024-05,Female,35-49,75,2
LAG011,2024-05,Female,50+,38,0
LAG011,2024-05,Male,<15,23,0
LAG011,2024-05,Male,15-24,81,1
LAG011,2024-05,Male,25-34,79,2
LAG011,2024-05,Male,35-49,52,1
LAG011,2024-05,Male,50+,25,0
LAG011,2024-06,Female,<15,51,0
LAG011,2024-06,Female,15-24,121,1
LAG011,2024-06,Female,25-34,148,3
LAG011,2024-06,Female,35-49,103,2
LAG011,2024-06,female,50+,48,0
LAG011,2024-06,Male,<15,38,0
LAG011,2024-06,Male,15-24,104,1
LAG011,2024-06,M,25-34,94,2
LAG011,2024-06,Male,35-49,70,1
LAG011,2024-06,Male,50+,33,0
LAG011,2024-07,female,<15,48,0
LAG011,2024-07,Female,15-24,116,0
LAG011,2024-07,Female,25-34,133,1
LAG011,2024-07,female,35-49,82,1
LAG011,2024-07,Female,50+,36,0
LAG011,2024-07,M,<15,25,0
LAG011,2024-07,Male,15 - 24,85,0
LAG011,2024-07,Male,25-34,93,1
LAG011,2024-07,Male,35-49,66,0
LAG011,2024-07,Male,50+,31,0
LAG011,2024-08,Female,<15,52,0
LAG011,2024-08,Female,15-24,149,1
LAG011,2024-08,F,25-34,161,4
LAG011,2024-08,Female,35-49,101,2
LAG011,2024-08,Female,50+,52,0
LAG011,2024-08,male,<15,31,0
LAG011,2024-08,Male,15-24,105,N/A
LAG011,2024-08,male,25-34,117,2
LAG011,2024-08,Male,35-49,79,1
LAG011,2024-08,Male,50+,40,0
LAG011,2024-09,Female,<15,42,0
LAG011,2024-09,Female,15-24,115,1
LAG011,2024-09,Female,25-34,108,3
LAG011,2024-09,Female,35-49,79,2
LAG011,2024-09,Female,50+,41,0
LAG011,2024-09,Male,<15,26,0
LAG011,2024-09,M,15-24,80,1
LAG011,2024-09,Male,25-34,86,2
LAG011,2024-09,Male,35-49,63,1
LAG011,2024-09,Male,50+,23,0
LAG011,2024-10,Female,<15,42,0
LAG011,2024-10,Female,15-24,122,1
LAG011,2024-10,Female,25-34,147,2
LAG011,2024-10,Female,35-49,104,2
LAG011,2024-10,F,50+,46,0
LAG011,2024-10,Male,<15,34,0
LAG011,2024-10,Male,15-24,99,0
LAG011,2024-10,M,25-34,96,1
LAG011,2024-10,Male,35-49,71,1
LAG011,2024-10,Male,50+,33,0
LAG011,2024-11,F,<15,33,0
LAG011,2024-11,F,15 - 24,117,2
LAG011,2024-11,Female,25-34,,4
LAG011,2024-11,Female,35-49,77,2
LAG011,2024-11,Female,50+,39,0
LAG011,2024-11,Male,<15,27,0
LAG011,2024-11,Male,15-24,78,1
LAG011,2024-11,Male,25-34,83,3
LAG011,2024-11,Male,35-49,68,2
LAG011,2024-11,Male,50+,24,0
LAG011,2024-12,Female,<15,33,0
LAG011,2024-12,Female,15-24,98,0
LAG011,2024-12,Female,25-34,110,2
LAG011,2024-12,Female,35-49,69,1
LAG011,2024-12,Female,50+,34,0
LAG011,2024-12,Male,<15,26,0
LAG011,2024-12,Male,15-24,75,0
LAG011,2024-12,male,25-34,72,1
LAG011,2024-12,Male,35-49,55,1
LAG011,2024-12,Male,50 and above,21,0
LAG012,2024-01,Female,<15,10,0
LAG012,2024-01,F,15-24,28,1
LAG012,2024-01,Female,25-34,38,3
LAG012,2024-01,Female,35-49,22,1
LAG012,2024-01,Female,50+,9,0
LAG012,2024-01,Male,0-14,8,0
LAG012,2024-01,male,15-24,22,1
LAG012,2024-01,Male,25-34,24,2
LAG012,2024-01,Male,35-49,15,1
LAG012,2024-01,M,50+,8,0
LAG012,2024-02,Female,<15,13,0
LAG012,2024-02,F,15-24,44,1
LAG012,2024-02,Female,25-34,49,2
LAG012,2024-02,Female,35-49,35,1
LAG012,2024-02,Female,50+,14,0
LAG012,2024-02,Male,<15,12,0
LAG012,2024-02,Male,15-24,34,0
LAG012,2024-02,Male,25-34,32,1
LAG012,2024-02,Male,35-49,21,1
LAG012,2024-02,Male,50+,12,0
LAG012,2024-03,Female,<15,15,0
LAG012,2024-03,Female,15 - 24,43,1
LAG012,2024-03,Female,25-34,48,3
LAG012,2024-03,Female,35-49,34,2
LAG012,2024-03,Female,50+,13,0
LAG012,2024-03,Male,<15,10,0
LAG012,2024-03,Male,15-24,30,1
LAG012,2024-03,Male,25-34,33,2
LAG012,2024-03,Male,35-49,26,1
LAG012,2024-03,Male,50+,11,0
LAG012,2024-04,Female,<15,16,0
LAG012,2024-04,Female,15-24,44,1
LAG012,2024-04,F,25-34,50,2
LAG012,2024-04,Female,35-49,31,1
LAG012,2024-04,F,50+,16,0
LAG012,2024-04,Male,<15,9,0
LAG012,2024-04,Male,15-24,35,0
LAG012,2024-04,Male,25-34,37,2
LAG012,2024-04,M,35-49,23,1
LAG012,2024-04,Male,50+,10,0
LAG012,2024-05,Female,<15,13,0
LAG012,2024-05,Female,15-24,36,1
LAG012,2024-05,Female,25-34,41,3
LAG012,2024-05,Female,35-49,32,2
LAG012,2024-05,Female,50+,12,0
LAG012,2024-05,Male,<15,10,0
LAG012,2024-05,male,15-24,31,1
LAG012,2024-05,Male,25-34,26,2
LAG012,2024-05,Male,35-49,19,1
LAG012,2024-05,Male,50+,10,0
LAG012,2024-06,Female,<15,15,0
LAG012,2024-06,Female,15-24,52,0
LAG012,2024-06,Female,25-34,49,1
LAG012,2024-06,Female,35-49,35,-
LAG012,2024-06,Female,50 and above,18,0
LAG012,2024-06,Male,<15,13,0
LAG012,2024-06,Male,15-24,34,0
LAG012,2024-06,male,25-34,37,0
LAG012,2024-06,Male,35-49,25,0
LAG012,2024-06,Male,50+,,0
LAG012,2024-07,Female,<15,24,0
LAG012,2024-07,Female,15-24,60,2
LAG012,2024-07,Female,25-34,66,4
LAG012,2024-07,Female,35-49,48,3
LAG012,2024-07,F,50+,22,0
LAG012,2024-07,Male,<15,17,0
LAG012,2024-07,Male,15-24,45,1
LAG012,2024-07,Male,25-34,48,3
LAG012,2024-07,M,35-49,34,2
LAG012,2024-07,Male,50+,14,0
LAG012,2024-08,Female,<15,18,0
LAG012,2024-08,F,15-24,40,0
LAG012,2024-08,Female,25-34,42,2
LAG012,2024-08,Female,35-49,33,1
LAG012,2024-08,Female,50+,17,0
LAG012,2024-08,Male,<15,11,0
LAG012,2024-08,Male,15-24,34,0
LAG012,2024-08,Male,25-34,28,1
LAG012,2024-08,m,35-49,23,1
LAG012,2024-08,Male,50+,12,0
LAG012,2024-09,Female,<15,17,0
LAG012,2024-09,Female,15-24,58,1
LAG012,2024-09,Female,25-34,59,2
LAG012,2024-09,Female,35-49,35,1
LAG012,2024-09,Female,50+,20,0
LAG012,2024-09,Male,<15,12,0
LAG012,2024-09,Male,15-24,33,0
LAG012,2024-09,Male,25-34,46,2
LAG012,2024-09,Male,35-49,32,1
LAG012,2024-09,Male,50+,13,0
LAG012,2024-10,Female,<15,15,0
LAG012,2024-10,Female,15-24,35,1
LAG012,2024-10,Female,25-34,44,3
LAG012,2024-10,Female,35-49,29,2
LAG012,2024-10,Female,50+,13,0
LAG012,2024-10,Male,<15,11,0
LAG012,2024-10,Male,15-24,30,1
LAG012,2024-10,Male,25-34,25,1
LAG012,2024-10,Male,35-49,21,1
LAG012,2024-10,Male,50+,10,0
LAG012,2024-11,female,<15,15,0
LAG012,2024-11,f,15-24,44,1
LAG012,2024-11,Female,25-34,45,2
LAG012,2024-11,female,35-49,27,1
LAG012,2024-11,Female,50+,14,0
LAG012,2024-11,Male,<15,10,0
LAG012,2024-11,M,15-24,31,0
LAG012,2024-11,Male,25-34,31,1
LAG012,2024-11,male,35-49,23,1
LAG012,2024-11,Male,50+,10,0
LAG012,2024-12,Female,<15,12,0
LAG012,2024-12,Female,15-24,41,1
LAG012,2024-12,Female,25-34,43,2
LAG012,2024-12,Female,35-49,27,1
LAG012,2024-12,Female,50+,14,0
LAG012,2024-12,Male,<15,8,0
LAG012,2024-12,M,15-24,30,0
LAG012,2024-12,Male,25-34,31,1
LAG012,2024-12,M,35-49,20,1
LAG012,2024-12,Male,50+,9,0
LAG013,2024-01,Female,<15,82,1
LAG013,2024-01,Female,15-24,252,5
LAG013,2024-01,Female,25-34,261,10
LAG013,2024-01,F,35-49,201,8
LAG013,2024-01,Female,50+,99,1
LAG013,2024-01,Male,<15,65,1
LAG013,2024-01,Male,15-24,163,3
LAG013,2024-01,Male,25-34,211,8
LAG013,2024-01,Male,35-49,149,5
LAG013,2024-01,male,50+,60,1
LAG013,2024-02,Female,<15,140,4
LAG013,2024-02,Female,15-24,345,12
LAG013,2024-02,Female,25-34,433,30
LAG013,2024-02,Female,35-49,289,20
LAG013,2024-02,Female,50+,131,4
LAG013,2024-02,Male,<15,102,3
LAG013,2024-02,Male,15-24,270,9
LAG013,2024-02,Male,25-34,270,18
LAG013,2024-02,Male,35-49,236,16
LAG013,2024-02,Male,50+,90,3
LAG013,2024-03,Female,<15,127,3
LAG013,2024-03,Female,15-24,422,12
LAG013,2024-03,Female,25-34,464,26
LAG013,2024-03,female,35-49,279,16
LAG013,2024-03,Female,50+,132,3
LAG013,2024-03,Male,<15,103,2
LAG013,2024-03,Male,15-24,290,8
LAG013,2024-03,Male,25-34,296,17
LAG013,2024-03,Male,35-49,229,13
LAG013,2024-03,Male,50+,113,3
LAG013,2024-04,Female,<15,160,5
LAG013,2024-04,Female,15-24,442,13
LAG013,2024-04,Female,25-34,389,24
LAG013,2024-04,Female,35-49,-,19
LAG013,2024-04,Female,50+,161,5
LAG013,2024-04,Male,<15,104,3
LAG013,2024-04,Male,15-24,301,9
LAG013,2024-04,Male,25-34,317,20
LAG013,2024-04,Male,35-49,234,14
LAG013,2024-04,Male,50+,106,3
LAG013,2024-05,Female,<15,131,4
LAG013,2024-05,Female,15-24,405,14
LAG013,2024-05,Female,25-34,500,36
LAG013,2024-05,Female,35-49,376,27
LAG013,2024-05,Female,50+,169,6
LAG013,2024-05,Male,<15,102,3
LAG013,2024-05,Male,15-24,305,11
LAG013,2024-05,Male,25-34,352,25
LAG013,2024-05,Male,35-49,268,19
LAG013,2024-05,Male,50+,116,4
LAG013,2024-06,Female,<15,215,5
LAG013,2024-06,Female,15-24,487,12
LAG013,2024-06,Female,25-34,568,28
LAG013,2024-06,Female,35-49,457,22
LAG013,2024-06,F,50+,195,4
LAG013,2024-06,Male,0-14,139,3
LAG013,2024-06,Male,15-24,405,10
LAG013,2024-06,Male,25-34,440,21
LAG013,2024-06,Male,35-49,280,13
LAG013,2024-06,Male,50+,127,3
LAG013,2024-07,Female,<15,143,4
LAG013,2024-07,female,15-24,386,12
LAG013,2024-07,Female,25-34,352,23
LAG013,2024-07,Female,35-49,318,21
LAG013,2024-07,Female,50+,118,3
LAG013,2024-07,Male,<15,89,2
LAG013,2024-07,Male,15-24,270,8
LAG013,2024-07,Male,25-34,289,19
LAG013,2024-07,Male,35-49,210,13
LAG013,2024-07,Male,50+,96,3
LAG013,2024-08,Female,<15,117,4
LAG013,2024-08,Female,15-24,368,14
LAG013,2024-08,Female,25-34,432,33
LAG013,2024-08,female,35-49,331,25
LAG013,2024-08,Female,50+,117,4
LAG013,2024-08,Male,<15,117,4
LAG013,2024-08,Male,15-24,275,10
LAG013,2024-08,Male,25-34,268,20
LAG013,2024-08,Male,35-49,224,17
LAG013,2024-08,Male,50+,105,4
LAG013,2024-09,Female,<15,132,3
LAG013,2024-09,Female,15 - 24,371,10
LAG013,2024-09,Female,25-34,486,27
LAG013,2024-09,Female,35-49,297,16
LAG013,2024-09,Female,50+,134,3
LAG013,2024-09,Male,<15,114,3
LAG013,2024-09,Male,15-24,256,7
LAG013,2024-09,Male,25-34,337,18
LAG013,2024-09,Male,35-49,202,11
LAG013,2024-09,Male,50 and above,118,3
LAG013,2024-10,Female,<15,107,3
LAG013,2024-10,Female,15-24,328,12
LAG013,2024-10,F,25-34,397,29
LAG013,2024-10,Female,35-49,276,20
LAG013,2024-10,Female,50+,110,4
LAG013,2024-10,Male,<15,104,3
LAG013,2024-10,Male,15-24,230,8
LAG013,2024-10,Male,25-34,265,19
LAG013,2024-10,Male,35-49,195,14
LAG013,2024-10,Male,50+,86,3
LAG013,2024-11,Female,<15,104,3
LAG013,2024-11,Female,15-24,275,9
LAG013,2024-11,Female,25-34,341,22
LAG013,2024-11,Female,35-49,223,14
LAG013,2024-11,F,50+,119,3
LAG013,2024-11,Male,<15,74,2
LAG013,2024-11,Male,15-24,205,6
LAG013,2024-11,male,25-34,226,14
LAG013,2024-11,Male,35-49,191,12
LAG013,2024-11,Male,50+,74,2
LAG013,2024-12,Female,<15,140,4
LAG013,2024-12,Female,15-24,392,12
LAG013,2024-12,F,25-34,463,30
LAG013,2024-12,Female,35-49,320,21
LAG013,2024-12,Female,50+,134,4
LAG013,2024-12,Male,<15,99,3
LAG013,2024-12,Male,15-24,281,9
LAG013,2024-12,Male,25-34,352,23
LAG013,2024-12,Male,35-49,197,13
LAG013,2024-12,Male,50+,118,3
LAG014,2024-01,Female,<15,24,0
LAG014,2024-01,Female,15-24,73,0
LAG014,2024-01,Female,25-34,71,0
LAG014,2024-01,Female,35-49,54,0
LAG014,2024-01,Female,50+,21,0
LAG014,2024-01,Male,<15,19,0
LAG014,2024-01,Male,15-24,52,0
LAG014,2024-01,M,25-34,47,0
LAG014,2024-01,Male,35-49,39,0
LAG014,2024-01,Male,50+,18,0
LAG014,2024-02,F,<15,36,0
LAG014,2024-02,Female,15-24,94,0
LAG014,2024-02,F,25-34,119,1
LAG014,2024-02,Female,35-49,95,1
LAG014,2024-02,Female,50+,38,0
LAG014,2024-02,Male,<15,28,0
LAG014,2024-02,male,15-24,72,0
LAG014,2024-02,Male,25-34,78,1
LAG014,2024-02,Male,35-49,66,0
LAG014,2024-02,Male,50+,32,0
LAG014,2024-03,Female,<15,50,0
LAG014,2024-03,F,15-24,115,1
LAG014,2024-03,Female,25-34,117,2
LAG014,2024-03,Female,35-49,102,1
LAG014,2024-03,Female,50+,39,0
LAG014,2024-03,Male,0-14,30,0
LAG014,2024-03,M,15-24,88,0
LAG014,2024-03,Male,25-34,87,1
LAG014,2024-03,Male,35-49,68,1
LAG014,2024-03,M,50+,32,0
LAG014,2024-04,Female,<15,34,0
LAG014,2024-04,Female,15-24,123,0
LAG014,2024-04,Female,25-34,115,1
LAG014,2024-04,Female,35-49,77,1
LAG014,2024-04,Female,50+,39,0
LAG014,2024-04,Male,<15,29,0
LAG014,2024-04,Male,15-24,85,0
LAG014,2024-04,Male,25-34,86,1
LAG014,2024-04,Male,35-49,55,0
LAG014,2024-04,M,50+,24,0
LAG014,2024-05,Female,<15,47,0
LAG014,2024-05,Female,15-24,127,0
LAG014,2024-05,Female,25-34,178,2
LAG014,2024-05,Female,35-49,98,1
LAG014,2024-05,Female,50 and above,50,0
LAG014,2024-05,Male,<15,33,0
LAG014,2024-05,Male,15-24,108,0
LAG014,2024-05,Male,25-34,106,1
LAG014,2024-05,Male,35-49,81,1
LAG014,2024-05,Male,50+,32,0
LAG014,2024-06,female,<15,54,0
LAG014,2024-06,Female,15-24,162,1
LAG014,2024-06,Female,25-34,131,2
LAG014,2024-06,F,35-49,108,1
LAG014,2024-06,Female,50+,49,0
LAG014,2024-06,Male,<15,39,0
LAG014,2024-06,Male,15-24,95,0
LAG014,2024-06,M,25-34,103,1
LAG014,2024-06,Male,35-49,N/A,1
LAG014,2024-06,Male,50+,38,0
LAG014,2024-07,Female,<15,45,0
LAG014,2024-07,Female,15-24,144,1
LAG014,2024-07,Female,25-34,135,3
LAG014,2024-07,Female,35-49,114,2
LAG014,2024-07,Female,50 and above,57,0
LAG014,2024-07,Male,<15,38,0
LAG014,2024-07,Male,15-24,106,1
LAG014,2024-07,Male,25-34,104,2
LAG014,2024-07,M,35-49,77,1
LAG014,2024-07,Male,50+,32,0
LAG014,2024-08,Female,<15,42,0
LAG014,2024-08,Female,15-24,136,1
LAG014,2024-08,Female,25-34,130,2
LAG014,2024-08,Female,35-49,109,2
LAG014,2024-08,Female,50+,41,0
LAG014,2024-08,Male,<15,33,0
LAG014,2024-08,male,15-24,87,0
LAG014,2024-08,Male,25-34,103,1
LAG014,2024-08,Male,35-49,76,1
LAG014,2024-08,M,50 and above,33,0
LAG014,2024-09,Female,<15,42,0
LAG014,2024-09,Female,15-24,108,0
LAG014,2024-09,Female,25-34,97,1
LAG014,2024-09,Female,35-49,77,0
LAG014,2024-09,Female,50+,32,0
LAG014,2024-09,Male,<15,29,0
LAG014,2024-09,Male,15-24,68,
LAG014,2024-09,M,25-34,83,0
LAG014,2024-09,M,35-49,52,0
LAG014,2024-09,Male,50+,26,0
LAG014,2024-10,Female,<15,44,0
LAG014,2024-10,Female,15-24,138,1
LAG014,2024-10,female,25-34,136,3
LAG014,2024-10,Female,35-49,97,2
LAG014,2024-10,Female,50+,45,0
LAG014,2024-10,Male,<15,32,0
LAG014,2024-10,Male,15-24,91,1
LAG014,2024-10,Male,25-34,103,2
LAG014,2024-10,Male,35-49,70,1
LAG014,2024-10,Male,50 and above,36,0
LAG014,2024-11,F,<15,35,0
LAG014,2024-11,Female,15-24,93,1
LAG014,2024-11,Female,25-34,117,3
LAG014,2024-11,female,35-49,91,2
LAG014,2024-11,female,50 and above,40,0
LAG014,2024-11,Male,<15,24,0
LAG014,2024-11,male,15-24,76,0
LAG014,2024-11,Male,25-34,87,N/A
LAG014,2024-11,Male,35-49,55,1
LAG014,2024-11,Male,50+,30,0
LAG014,2024-12,Female,<15,35,0
LAG014,2024-12,Female,15-24,113,1
LAG014,2024-12,Female,25-34,104,1
LAG014,2024-12,Female,35-49,76,1
LAG014,2024-12,Female,50+,-,0
LAG014,2024-12,Male,<15,25,0
LAG014,2024-12,Male,15-24,80,0
LAG014,2024-12,Male,25-34,75,1
LAG014,2024-12,Male,35-49,52,0
LAG014,2024-12,Male,50+,29,0
LAG015,2024-01,Female,<15,13,0
LAG015,2024-01,F,15-24,30,1
LAG015,2024-01,Female,25-34,40,4
LAG015,2024-01,Female,35-49,27,2
LAG015,2024-01,Female,50+,11,0
LAG015,2024-01,Male,<15,8,0
LAG015,2024-01,Male,15-24,22,1
LAG015,2024-01,Male,25-34,28,2
LAG015,2024-01,Male,35-49,21,2
LAG015,2024-01,Male,50+,7,0
LAG015,2024-02,Female,<15,11,0
LAG015,2024-02,Female,15-24,32,0
LAG015,2024-02,Female,25-34,34,2
LAG015,2024-02,Female,35-49,24,1
LAG015,2024-02,Female,50+,9,0
LAG015,2024-02,Male,<15,8,0
LAG015,2024-02,Male,15-24,24,0
LAG015,2024-02,M,25-34,21,1
LAG015,2024-02,Male,35-49,19,N/A
LAG015,2024-02,male,50+,8,0
LAG015,2024-03,F,<15,19,0
LAG015,2024-03,Female,15 - 24,50,1
LAG015,2024-03,Female,25-34,51,2
LAG015,2024-03,Female,35-49,40,2
LAG015,2024-03,F,50+,19,0
LAG015,2024-03,Male,<15,12,0
LAG015,2024-03,Male,15-24,36,1
LAG015,2024-03,Male,25-34,40,2
LAG015,2024-03,Male,35-49,28,1
LAG015,2024-03,Male,50+,13,0
LAG015,2024-04,Female,<15,15,0
LAG015,2024-04,Female,15-24,47,1
LAG015,2024-04,F,25-34,53,3
LAG015,2024-04,Female,35-49,34,2
LAG015,2024-04,Female,50+,16,0
LAG015,2024-04,Male,0-14,13,0
LAG015,2024-04,Male,15-24,32,0
LAG015,2024-04,Male,25-34,35,2
LAG015,2024-04,Male,35-49,26,1
LAG015,2024-04,M,50+,12,0
LAG015,2024-05,female,<15,21,0
LAG015,2024-05,Female,15-24,51,1
LAG015,2024-05,Female,25-34,57,2
LAG015,2024-05,F,35-49,42,2
LAG015,2024-05,Female,50+,22,0
LAG015,2024-05,Male,<15,16,0
LAG015,2024-05,Male,15-24,N/A,0
LAG015,2024-05,Male,25-34,38,1
LAG015,2024-05,Male,35-49,33,1
LAG015,2024-05,Male,50+,13,0
LAG015,2024-06,Female,<15,18,0
LAG015,2024-06,female,15-24,51,1
LAG015,2024-06,f,25-34,57,3
LAG015,2024-06,Female,35-49,38,2
LAG015,2024-06,Female,50+,22,0
LAG015,2024-06,Male,<15,14,0
LAG015,2024-06,Male,15 - 24,36,1
LAG015,2024-06,M,25-34,37,2
LAG015,2024-06,Male,35-49,32,1
LAG015,2024-06,Male,50+,16,0
LAG015,2024-07,Female,<15,14,0
LAG015,2024-07,Female,15-24,44,1
LAG015,2024-07,F,25-34,50,2
LAG015,2024-07,Female,35-49,30,1
LAG015,2024-07,Female,50+,15,0
LAG015,2024-07,Male,0-14,10,0
LAG015,2024-07,Male,15-24,30,0
LAG015,2024-07,Male,25-34,36,2
LAG015,2024-07,Male,35-49,21,1
LAG015,2024-07,Male,50+,12,0
LAG015,2024-08,Female,<15,16,0
LAG015,2024-08,Female,15-24,46,0
LAG015,2024-08,Female,25-34,53,1
LAG015,2024-08,Female,35-49,37,1
LAG015,2024-08,Female,50+,14,0
LAG015,2024-08,Male,<15,13,0
LAG015,2024-08,Male,15-24,35,0
LAG015,2024-08,Male,25-34,33,0
LAG015,2024-08,Male,35-49,26,0
LAG015,2024-08,Male,50+,12,0
LAG015,2024-09,Female,<15,8,0
LAG015,2024-09,Female,15-24,29,0
LAG015,2024-09,Female,25-34,32,1
LAG015,2024-09,Female,35-49,23,0
LAG015,2024-09,Female,50+,8,0
LAG015,2024-09,Male,<15,6,0
LAG015,2024-09,Male,15-24,21,0
LAG015,2024-09,Male,25-34,23,0
LAG015,2024-09,Male,35-49,17,0
LAG015,2024-09,Male,50+,6,0
LAG015,2024-10,Female,<15,11,0
LAG015,2024-10,Female,15-24,36,1
LAG015,2024-10,Female,25-34,35,3
LAG015,2024-10,F,35-49,28,2
LAG015,2024-10,Female,50 and above,12,0
LAG015,2024-10,Male,<15,9,0
LAG015,2024-10,Male,15-24,22,0
LAG015,2024-10,Male,25-34,29,2
LAG015,2024-10,Male,35-49,19,1
LAG015,2024-10,Male,50+,10,0
LAG015,2024-11,F,<15,13,0
LAG015,2024-11,Female,15 - 24,43,1
LAG015,2024-11,Female,25-34,51,2
LAG015,2024-11,F,35-49,32,1
LAG015,2024-11,Female,50+,14,0
LAG015,2024-11,Male,<15,13,0
LAG015,2024-11,Male,15-24,28,0
LAG015,2024-11,Male,25-34,31,1
LAG015,2024-11,male,35-49,28,1
LAG015,2024-11,Male,50+,10,0
LAG015,2024-12,Female,<15,17,0
LAG015,2024-12,Female,15-24,52,1
LAG015,2024-12,Female,25-34,51,2
LAG015,2024-12,Female,35-49,39,1
LAG015,2024-12,female,50+,20,0
LAG015,2024-12,Male,<15,12,0
LAG015,2024-12,M,15 - 24,39,0
LAG015,2024-12,M,25-34,41,1
LAG015,2024-12,M,35-49,26,1
LAG015,2024-12,Male,50+,11,0
FCT001,2024-01,Female,<15,50,0
FCT001,2024-01,Female,15-24,139,1
FCT001,2024-01,female,25-34,142,2
FCT001,2024-01,F,35-49,84,1
FCT001,2024-01,Female,50+,41,0
FCT001,2024-01,Male,<15,33,0
FCT001,2024-01,Male,15-24,95,0
FCT001,2024-01,Male,25-34,87,1
FCT001,2024-01,male,35-49,79,1
FCT001,2024-01,Male,50+,35,0
FCT001,2024-02,Female,0-14,66,0
FCT001,2024-02,Female,15-24,186,2
FCT001,2024-02,Female,25-34,198,4
FCT001,2024-02,Female,35-49,113,2
FCT001,2024-02,Female,50+,51,0
FCT001,2024-02,Male,<15,44,0
FCT001,2024-02,Male,15-24,140,1
FCT001,2024-02,Male,25-34,122,2
FCT001,2024-02,Male,35-49,91,2
FCT001,2024-02,Male,50+,46,0
FCT001,2024-03,Female,<15,65,0
FCT001,2024-03,Female,15-24,192,1
FCT001,2024-03,F,25-34,199,3
FCT001,2024-03,Female,35-49,143,2
FCT001,2024-03,Female,50+,78,0
FCT001,2024-03,Male,<15,51,0
FCT001,2024-03,Male,15-24,126,0
FCT001,2024-03,Male,25-34,150,2
FCT001,2024-03,Male,35-49,117,1
FCT001,2024-03,Male,50+,45,0
FCT001,2024-04,Female,<15,57,0
FCT001,2024-04,F,15-24,178,0
FCT001,2024-04,Female,25-34,182,1
FCT001,2024-04,Female,35-49,112,1
FCT001,2024-04,Female,50+,55,0
FCT001,2024-04,M,<15,43,0
FCT001,2024-04,Male,15-24,123,0
FCT001,2024-04,Male,25-34,131,1
FCT001,2024-04,Male,35-49,84,0
FCT001,2024-04,Male,50+,41,0
FCT001,2024-05,Female,<15,58,0
FCT001,2024-05,Female,15-24,199,1
FCT001,2024-05,Female,25-34,209,3
FCT001,2024-05,female,35-49,138,2
FCT001,2024-05,Female,50+,64,0
FCT001,2024-05,Male,<15,51,0
FCT001,2024-05,Male,15-24,148,1
FCT001,2024-05,Male,25-34,141,2
FCT001,2024-05,Male,35-49,98,1
FCT001,2024-05,Male,50+,45,0
FCT001,2024-06,Female,<15,49,0
FCT001,2024-06,Female,15-24,152,N/A
FCT001,2024-06,Female,25-34,147,1
FCT001,2024-06,Female,35-49,120,1
FCT001,2024-06,Female,50+,45,0
FCT001,2024-06,Male,<15,34,0
FCT001,2024-06,Male,15-24,109,0
FCT001,2024-06,Male,25-34,112,1
FCT001,2024-06,Male,35-49,83,0
FCT001,2024-06,Male,50+,32,0
FCT001,2024-07,Female,<15,75,0
FCT001,2024-07,Female,15-24,239,1
FCT001,2024-07,Female,25-34,218,2
FCT001,2024-07,F,35-49,163,1
FCT001,2024-07,Female,50+,70,0
FCT001,2024-07,Male,<15,53,0
FCT001,2024-07,Male,15-24,149,0
FCT001,2024-07,Male,25-34,159,1
FCT001,2024-07,Male,35-49,137,1
FCT001,2024-07,male,50+,55,0
FCT001,2024-08,Female,<15,60,0
FCT001,2024-08,Female,15-24,182,0
FCT001,2024-08,Female,25-34,159,0
FCT001,2024-08,Female,35-49,142,0
FCT001,2024-08,F,50+,56,
FCT001,2024-08,Male,<15,41,0
FCT001,2024-08,Male,15-24,117,0
FCT001,2024-08,Male,25-34,139,0
FCT001,2024-08,Male,35-49,94,0
FCT001,2024-08,Male,50+,42,0
FCT001,2024-09,Female,<15,55,0
FCT001,2024-09,Female,15-24,183,2
FCT001,2024-09,Female,25-34,184,4
FCT001,2024-09,Female,35-49,158,3
FCT001,2024-09,Female,50+,68,0
FCT001,2024-09,Male,<15,42,0
FCT001,2024-09,Male,15-24,130,1
FCT001,2024-09,Male,25-34,139,3
FCT001,2024-09,M,35-49,117,2
FCT001,2024-09,Male,50+,43,0
FCT001,2024-10,Female,<15,60,0
FCT001,2024-10,Female,15-24,153,0
FCT001,2024-10,Female,25-34,182,1
FCT001,2024-10,Female,35-49,143,1
FCT001,2024-10,F,50+,61,0
FCT001,2024-10,male,<15,48,0
FCT001,2024-10,Male,15-24,111,0
FCT001,2024-10,Male,25-34,123,1
FCT001,2024-10,male,35-49,108,1
FCT001,2024-10,Male,50+,44,0
FCT001,2024-11,Female,<15,53,0
FCT001,2024-11,Female,15-24,147,1
FCT001,2024-11,F,25-34,165,2
FCT001,2024-11,Female,35-49,123,1
FCT001,2024-11,Female,50+,53,0
FCT001,2024-11,Male,<15,34,0
FCT001,2024-11,Male,15-24,99,0
FCT001,2024-11,Male,25-34,126,1
FCT001,2024-11,Male,35-49,92,1
FCT001,2024-11,Male,50+,39,0
FCT001,2024-12,F,<15,37,0
FCT001,2024-12,Female,15-24,112,0
FCT001,2024-12,F,25-34,118,1
FCT001,2024-12,F,35-49,83,1
FCT001,2024-12,Female,50+,37,0
FCT001,2024-12,Male,<15,28,0
FCT001,2024-12,Male,15-24,78,0
FCT001,2024-12,Male,25-34,90,1
FCT001,2024-12,Male,35-49,57,0
FCT001,2024-12,Male,50+,28,0
FCT002,2024-01,Female,<15,5,0
FCT002,2024-01,Female,15-24,18,0
FCT002,2024-01,Female,25-34,15,0
FCT002,2024-01,Female,35-49,12,0
FCT002,2024-01,Female,50+,6,0
FCT002,2024-01,Male,<15,3,0
FCT002,2024-01,Male,15-24,12,0
FCT002,2024-01,Male,25-34,12,0
FCT002,2024-01,Male,35-49,10,0
FCT002,2024-01,Male,50+,4,0
FCT002,2024-02,Female,0-14,6,0
FCT002,2024-02,Female,15-24,18,0
FCT002,2024-02,F,25-34,20,0
FCT002,2024-02,Female,35-49,15,0
FCT002,2024-02,Female,50+,7,0
FCT002,2024-02,Male,<15,4,0
FCT002,2024-02,Male,15-24,14,0
FCT002,2024-02,Male,25-34,13,0
FCT002,2024-02,Male,35-49,12,0
FCT002,2024-02,male,50+,4,0
FCT002,2024-03,Female,<15,4,0
FCT002,2024-03,Female,15-24,17,0
FCT002,2024-03,Female,25-34,18,0
FCT002,2024-03,F,35-49,14,0
FCT002,2024-03,Female,50+,5,0
FCT002,2024-03,M,<15,4,0
FCT002,2024-03,Male,15-24,11,0
FCT002,2024-03,M,25-34,13,0
FCT002,2024-03,Male,35-49,10,0
FCT002,2024-03,Male,50+,4,0
FCT002,2024-04,Female,0-14,8,0
FCT002,2024-04,Female,15-24,22,1
FCT002,2024-04,Female,25-34,23,2
FCT002,2024-04,Female,35-49,18,1
FCT002,2024-04,Female,50+,8,0
FCT002,2024-04,M,<15,6,0
FCT002,2024-04,Male,15-24,17,0
FCT002,2024-04,Male,25-34,16,1
FCT002,2024-04,Male,35-49,12,1
FCT002,2024-04,Male,50+,6,0
FCT002,2024-05,Female,0-14,11,0
FCT002,2024-05,Female,15-24,25,0
FCT002,2024-05,F,25-34,25,0
FCT002,2024-05,Female,35-49,22,0
FCT002,2024-05,F,50+,11,0
FCT002,2024-05,Male,<15,6,0
FCT002,2024-05,Male,15-24,19,0
FCT002,2024-05,M,25-34,19,0
FCT002,2024-05,Male,35-49,15,0
FCT002,2024-05,Male,50+,7,0
FCT002,2024-06,Female,<15,,0
FCT002,2024-06,Female,15-24,30,0
FCT002,2024-06,Female,25-34,26,1
FCT002,2024-06,Female,35-49,20,0
FCT002,2024-06,Female,50+,8,0
FCT002,2024-06,Male,<15,6,0
FCT002,2024-06,Male,15-24,18,0
FCT002,2024-06,Male,25-34,21,0
FCT002,2024-06,Male,35-49,16,0
FCT002,2024-06,Male,50+,6,0
FCT002,2024-07,Female,0-14,6,0
FCT002,2024-07,Female,15-24,19,0
FCT002,2024-07,Female,25-34,24,0
FCT002,2024-07,Female,35-49,15,0
FCT002,2024-07,Female,50+,6,0
FCT002,2024-07,Male,<15,4,0
FCT002,2024-07,Male,15-24,14,0
FCT002,2024-07,M,25-34,14,0
FCT002,2024-07,Male,35-49,12,0
FCT002,2024-07,Male,50+,5,0
FCT002,2024-08,F,<15,8,0
FCT002,2024-08,female,15-24,24,0
FCT002,2024-08,Female,25-34,24,1
FCT002,2024-08,female,35-49,17,0
FCT002,2024-08,f,50+,7,0
FCT002,2024-08,Male,<15,6,0
FCT002,2024-08,M,15-24,14,0
FCT002,2024-08,Male,25-34,19,0
FCT002,2024-08,M,35-49,13,0
FCT002,2024-08,Male,50+,5,0
FCT002,2024-09,F,<15,7,0
FCT002,2024-09,F,15-24,24,1
FCT002,2024-09,Female,25-34,24,2
FCT002,2024-09,Female,35-49,17,1
FCT002,2024-09,F,50+,9,0
FCT002,2024-09,Male,<15,6,0
FCT002,2024-09,male,15 - 24,18,0
FCT002,2024-09,Male,25-34,19,1
FCT002,2024-09,M,35-49,12,1
FCT002,2024-09,Male,50+,5,0
FCT002,2024-10,female,<15,4,0
FCT002,2024-10,female,15-24,14,0
FCT002,2024-10,Female,25-34,16,1
FCT002,2024-10,Female,35-49,11,1
FCT002,2024-10,Female,50+,4,0
FCT002,2024-10,Male,<15,3,0
FCT002,2024-10,Male,15-24,10,0
FCT002,2024-10,M,25-34,11,1
FCT002,2024-10,Male,35-49,8,0
FCT002,2024-10,Male,50+,3,0
FCT002,2024-11,Female,<15,8,0
FCT002,2024-11,Female,15 - 24,19,0
FCT002,2024-11,Female,25-34,22,1
FCT002,2024-11,Female,35-49,19,1
FCT002,2024-11,Female,50+,8,0
FCT002,2024-11,Male,<15,5,0
FCT002,2024-11,Male,15-24,15,0
FCT002,2024-11,M,25-34,17,1
FCT002,2024-11,Male,35-49,11,0
FCT002,2024-11,Male,50+,6,0
FCT002,2024-12,Female,<15,6,0
FCT002,2024-12,Female,15-24,16,0
FCT002,2024-12,Female,25-34,16,1
FCT002,2024-12,Female,35-49,14,1
FCT002,2024-12,Female,50+,4,0
FCT002,2024-12,Male,0-14,4,0
FCT002,2024-12,Male,15-24,13,0
FCT002,2024-12,M,25-34,10,1
FCT002,2024-12,male,35-49,8,0
FCT002,2024-12,Male,50+,4,0
FCT003,2024-01,Female,<15,30,0
FCT003,2024-01,Female,15-24,92,1
FCT003,2024-01,Female,25-34,82,2
FCT003,2024-01,Female,35-49,66,2
FCT003,2024-01,Female,50 and above,26,0
FCT003,2024-01,Male,0-14,21,0
FCT003,2024-01,Male,15-24,60,0
FCT003,2024-01,Male,25-34,68,2
FCT003,2024-01,Male,35-49,46,1
FCT003,2024-01,Male,50+,19,0
FCT003,2024-02,F,<15,25,0
FCT003,2024-02,Female,15-24,82,1
FCT003,2024-02,Female,25-34,91,3
FCT003,2024-02,Female,35-49,59,2
FCT003,2024-02,Female,50+,28,0
FCT003,2024-02,M,<15,19,0
FCT003,2024-02,Male,15-24,55,1
FCT003,2024-02,Male,25-34,62,2
FCT003,2024-02,M,35-49,49,1
FCT003,2024-02,Male,50+,20,0
FCT003,2024-03,Female,<15,50,0
FCT003,2024-03,F,15-24,112,1
FCT003,2024-03,female,25-34,121,2
FCT003,2024-03,Female,35-49,99,2
FCT003,2024-03,Female,50+,48,0
FCT003,2024-03,M,<15,34,0
FCT003,2024-03,Male,15 - 24,77,0
FCT003,2024-03,Male,25-34,101,2
FCT003,2024-03,Male,35-49,70,1
FCT003,2024-03,Male,50+,29,0
FCT003,2024-04,Female,<15,40,0
FCT003,2024-04,Female,15-24,99,2
FCT003,2024-04,Female,25-34,125,5
FCT003,2024-04,Female,35-49,82,3
FCT003,2024-04,F,50+,37,0
FCT003,2024-04,Male,<15,29,0
FCT003,2024-04,male,15-24,79,1
FCT003,2024-04,Male,25-34,77,3
FCT003,2024-04,Male,35-49,67,2
FCT003,2024-04,Male,50+,25,0
FCT003,2024-05,Female,<15,42,0
FCT003,2024-05,Female,15-24,119,1
FCT003,2024-05,Female,25-34,117,3
FCT003,2024-05,Female,35-49,86,2
FCT003,2024-05,Female,50+,49,0
FCT003,2024-05,Male,<15,31,0
FCT003,2024-05,Male,15-24,85,1
FCT003,2024-05,Male,25-34,89,2
FCT003,2024-05,Male,35-49,60,2
FCT003,2024-05,Male,50+,32,0
FCT003,2024-06,Female,<15,39,0
FCT003,2024-06,F,15-24,111,2
FCT003,2024-06,female,25-34,126,4
FCT003,2024-06,Female,35-49,97,3
FCT003,2024-06,F,50+,38,0
FCT003,2024-06,male,<15,33,0
FCT003,2024-06,Male,15-24,80,1
FCT003,2024-06,Male,25-34,94,3
FCT003,2024-06,M,35-49,58,2
FCT003,2024-06,Male,50+,33,0
FCT003,2024-07,F,<15,42,0
FCT003,2024-07,Female,15-24,136,3
FCT003,2024-07,Female,25-34,125,5
FCT003,2024-07,female,35-49,91,4
FCT003,2024-07,Female,50+,46,1
FCT003,2024-07,Male,<15,29,0
FCT003,2024-07,Male,15-24,84,1
FCT003,2024-07,Male,25-34,106,4
FCT003,2024-07,M,35-49,64,2
FCT003,2024-07,Male,50+,34,0
FCT003,2024-08,Female,<15,33,0
FCT003,2024-08,Female,15-24,117,
FCT003,2024-08,Female,25-34,121,2
FCT003,2024-08,Female,35-49,87,1
FCT003,2024-08,Female,50+,33,0
FCT003,2024-08,M,<15,30,0
FCT003,2024-08,Male,15-24,83,0
FCT003,2024-08,Male,25-34,78,1
FCT003,2024-08,Male,35-49,60,1
FCT003,2024-08,Male,50+,32,0
FCT003,2024-09,female,0-14,37,0
FCT003,2024-09,Female,15-24,87,1
FCT003,2024-09,Female,25-34,112,4
FCT003,2024-09,Female,35-49,65,2
FCT003,2024-09,Female,50+,30,0
FCT003,2024-09,Male,<15,22,0
FCT003,2024-09,Male,15-24,64,1
FCT003,2024-09,Male,25-34,81,3
FCT003,2024-09,Male,35-49,48,2
FCT003,2024-09,Male,50+,23,0
FCT003,2024-10,Female,<15,25,0
FCT003,2024-10,F,15-24,69,0
FCT003,2024-10,Female,25-34,86,2
FCT003,2024-10,Female,35-49,59,1
FCT003,2024-10,F,50+,30,0
FCT003,2024-10,Male,<15,21,0
FCT003,2024-10,Male,15-24,50,0
FCT003,2024-10,Male,25-34,60,1
FCT003,2024-10,Male,35-49,45,1
FCT003,2024-10,Male,50+,18,0
FCT003,2024-11,Female,<15,38,0
FCT003,2024-11,F,15-24,116,1
FCT003,2024-11,Female,25-34,108,2
FCT003,2024-11,Female,35-49,98,2
FCT003,2024-11,F,50+,37,0
FCT003,2024-11,Male,<15,26,0
FCT003,2024-11,Male,15-24,73,0
FCT003,2024-11,Male,25-34,98,2
FCT003,2024-11,Male,35-49,63,1
FCT003,2024-11,Male,50+,29,0
FCT003,2024-12,Female,<15,34,0
FCT003,2024-12,Female,15-24,107,1
FCT003,2024-12,Female,25-34,99,3
FCT003,2024-12,Female,35-49,88,3
FCT003,2024-12,F,50+,36,0
FCT003,2024-12,Male,<15,27,0
FCT003,2024-12,Male,15-24,75,1
FCT003,2024-12,Male,25-34,80,2
FCT003,2024-12,Male,35-49,55,1
FCT003,2024-12,Male,50+,25,0
FCT004,2024-01,Female,<15,18,0
FCT004,2024-01,Female,15-24,58,2
FCT004,2024-01,Female,25-34,58,4
FCT004,2024-01,Female,35-49,44,3
FCT004,2024-01,Female,50 and above,17,0
FCT004,2024-01,Male,<15,16,0
FCT004,2024-01,Male,15-24,37,1
FCT004,2024-01,Male,25-34,39,2
FCT004,2024-01,Male,35-49,34,2
FCT004,2024-01,Male,50+,15,0
FCT004,2024-02,Female,<15,26,0
FCT004,2024-02,Female,15-24,60,1
FCT004,2024-02,Female,25-34,60,2
FCT004,2024-02,Female,35-49,53,2
FCT004,2024-02,Female,50+,23,0
FCT004,2024-02,Male,<15,17,0
FCT004,2024-02,Male,15-24,41,0
FCT004,2024-02,M,25-34,46,2
FCT004,2024-02,Male,35-49,40,1
FCT004,2024-02,Male,50+,17,0
FCT004,2024-03,F,<15,22,0
FCT004,2024-03,Female,15-24,60,1
FCT004,2024-03,Female,25-34,68,4
FCT004,2024-03,Female,35-49,54,3
FCT004,2024-03,Female,50+,28,0
FCT004,2024-03,Male,<15,18,0
FCT004,2024-03,M,15-24,48,1
FCT004,2024-03,Male,25-34,50,3
FCT004,2024-03,M,35-49,36,-
FCT004,2024-03,Male,50+,16,0
FCT004,2024-04,Female,<15,26,0
FCT004,2024-04,Female,15-24,66,2
FCT004,2024-04,Female,25-34,69,4
FCT004,2024-04,Female,35-49,45,3
FCT004,2024-04,Female,50+,25,0
FCT004,2024-04,Male,<15,18,0
FCT004,2024-04,Male,15-24,41,1
FCT004,2024-04,Male,25-34,56,3
FCT004,2024-04,Male,35-49,36,2
FCT004,2024-04,Male,50+,14,0
FCT004,2024-05,Female,<15,24,0
FCT004,2024-05,Female,15-24,67,1
FCT004,2024-05,Female,25-34,68,2
FCT004,2024-05,F,35-49,53,2
FCT004,2024-05,Female,50+,21,0
FCT004,2024-05,Male,<15,15,0
FCT004,2024-05,M,15-24,54,1
FCT004,2024-05,Male,25-34,45,1
FCT004,2024-05,Male,35-49,36,1
FCT004,2024-05,M,50+,17,0
FCT004,2024-06,Female,<15,24,0
FCT004,2024-06,Female,15-24,67,1
FCT004,2024-06,Female,25-34,57,3
FCT004,2024-06,Female,35-49,42,2
FCT004,2024-06,Female,50+,23,0
FCT004,2024-06,Male,<15,14,0
FCT004,2024-06,Male,15-24,48,1
FCT004,2024-06,Male,25-34,47,2
FCT004,2024-06,male,35-49,29,1
FCT004,2024-06,M,50+,16,0
FCT004,2024-07,F,<15,23,0
FCT004,2024-07,Female,15-24,73,2
FCT004,2024-07,Female,25-34,71,5
FCT004,2024-07,Female,35-49,57,4
FCT004,2024-07,Female,50+,30,1
FCT004,2024-07,Male,<15,18,0
FCT004,2024-07,Male,15-24,54,2
FCT004,2024-07,Male,25-34,57,4
FCT004,2024-07,Male,35-49,39,3
FCT004,2024-07,Male,50+,15,
FCT004,2024-08,Female,<15,26,0
FCT004,2024-08,Female,15-24,N/A,1
FCT004,2024-08,F,25-34,80,3
FCT004,2024-08,Female,35-49,47,2
FCT004,2024-08,F,50+,24,0
FCT004,2024-08,Male,<15,19,0
FCT004,2024-08,Male,15-24,53,1
FCT004,2024-08,Male,25-34,50,2
FCT004,2024-08,Male,35-49,41,1
FCT004,2024-08,Male,50+,18,0
FCT004,2024-09,Female,<15,18,0
FCT004,2024-09,Female,15-24,57,2
FCT004,2024-09,Female,25-34,62,4
FCT004,2024-09,Female,35-49,47,3
FCT004,2024-09,Female,50+,20,0
FCT004,2024-09,Male,<15,14,0
FCT004,2024-09,Male,15-24,42,1
FCT004,2024-09,Male,25-34,42,3
FCT004,2024-09,Male,35-49,33,2
FCT004,2024-09,Male,50+,16,0
FCT004,2024-10,Female,<15,18,0
FCT004,2024-10,Female,15 - 24,46,2
FCT004,2024-10,Female,25-34,56,5
FCT004,2024-10,F,35-49,44,3
FCT004,2024-10,Female,50+,16,0
FCT004,2024-10,Male,<15,14,0
FCT004,2024-10,Male,15-24,35,1
FCT004,2024-10,Male,25-34,39,3
FCT004,2024-10,Male,35-49,31,2
FCT004,2024-10,Male,50 and above,12,0
FCT004,2024-11,Female,<15,15,0
FCT004,2024-11,Female,15-24,45,1
FCT004,2024-11,Female,25-34,47,2
FCT004,2024-11,F,35-49,38,1
FCT004,2024-11,female,50+,16,0
FCT004,2024-11,Male,0-14,10,0
FCT004,2024-11,male,15-24,31,0
FCT004,2024-11,Male,25-34,38,1
FCT004,2024-11,M,35-49,27,1
FCT004,2024-11,Male,50+,10,0
FCT004,2024-12,Female,<15,17,0
FCT004,2024-12,Female,15-24,51,1
FCT004,2024-12,Female,25-34,61,3
FCT004,2024-12,F,35-49,35,2
FCT004,2024-12,F,50+,18,0
FCT004,2024-12,Male,0-14,15,0
FCT004,2024-12,M,15-24,34,0
FCT004,2024-12,Male,25-34,36,2
FCT004,2024-12,Male,35-49,31,1
FCT004,2024-12,Male,50 and above,15,0
FCT005,2024-01,Female,<15,21,0
FCT005,2024-01,Female,15-24,64,1
FCT005,2024-01,Female,25-34,81,2
FCT005,2024-01,Female,35-49,51,1
FCT005,2024-01,F,50+,26,0
FCT005,2024-01,M,<15,15,0
FCT005,2024-01,Male,15-24,52,0
FCT005,2024-01,Male,25-34,45,N/A
FCT005,2024-01,M,35-49,43,-
FCT005,2024-01,M,50+,19,0
FCT005,2024-02,female,<15,35,0
FCT005,2024-02,Female,15-24,86,2
FCT005,2024-02,Female,25-34,116,6
FCT005,2024-02,Female,35-49,66,3
FCT005,2024-02,Female,50+,36,0
FCT005,2024-02,Male,<15,24,0
FCT005,2024-02,Male,15-24,71,1
FCT005,2024-02,Male,25-34,65,3
FCT005,2024-02,Male,35-49,58,3
FCT005,2024-02,Male,50+,26,0
FCT005,2024-03,F,<15,33,0
FCT005,2024-03,F,15-24,95,1
FCT005,2024-03,Female,25-34,94,2
FCT005,2024-03,Female,35-49,73,1
FCT005,2024-03,F,50+,30,0
FCT005,2024-03,M,<15,23,0
FCT005,2024-03,M,15-24,68,0
FCT005,2024-03,Male,25-34,63,1
FCT005,2024-03,male,35-49,61,1
FCT005,2024-03,Male,50+,21,0
FCT005,2024-04,Female,<15,27,0
FCT005,2024-04,Female,15-24,92,1
FCT005,2024-04,Female,25-34,100,2
FCT005,2024-04,Female,35-49,61,1
FCT005,2024-04,F,50+,31,0
FCT005,2024-04,Male,<15,28,0
FCT005,2024-04,Male,15-24,59,0
FCT005,2024-04,Male,25-34,64,1
FCT005,2024-04,Male,35-49,51,1
FCT005,2024-04,Male,50 and above,23,0
FCT005,2024-05,Female,<15,28,0
FCT005,2024-05,Female,15-24,75,1
FCT005,2024-05,Female,25-34,82,2
FCT005,2024-05,Female,35-49,58,1
FCT005,2024-05,Female,50+,25,0
FCT005,2024-05,Male,<15,19,0
FCT005,2024-05,m,15-24,54,0
FCT005,2024-05,Male,25-34,55,1
FCT005,2024-05,M,35-49,45,1
FCT005,2024-05,M,50+,20,0
FCT005,2024-06,Female,<15,40,0
FCT005,2024-06,Female,15 - 24,114,1
FCT005,2024-06,Female,25-34,117,3
FCT005,2024-06,Female,35-49,79,2
FCT005,2024-06,F,50+,35,0
FCT005,2024-06,Male,<15,27,0
FCT005,2024-06,Male,15-24,72,1
FCT005,2024-06,M,25-34,90,2
FCT005,2024-06,Male,35-49,62,1
FCT005,2024-06,M,50+,27,0
FCT005,2024-07,Female,<15,44,0
FCT005,2024-07,female,15-24,102,0
FCT005,2024-07,Female,25-34,112,1
FCT005,2024-07,Female,35-49,88,1
FCT005,2024-07,Female,50+,35,0
FCT005,2024-07,Male,<15,24,0
FCT005,2024-07,Male,15-24,78,0
FCT005,2024-07,Male,25-34,82,1
FCT005,2024-07,Male,35-49,63,1
FCT005,2024-07,Male,50+,29,0
FCT005,2024-08,Female,<15,25,0
FCT005,2024-08,Female,15-24,95,1
FCT005,2024-08,Female,25-34,95,3
FCT005,2024-08,Female,35-49,59,2
FCT005,2024-08,Female,50 and above,25,0
FCT005,2024-08,Male,<15,23,0
FCT005,2024-08,Male,15-24,63,1
FCT005,2024-08,Male,25-34,71,2
FCT005,2024-08,Male,35-49,41,1
FCT005,2024-08,Male,50+,19,0
FCT005,2024-09,Female,<15,28,0
FCT005,2024-09,female,15-24,84,0
FCT005,2024-09,Female,25-34,92,1
FCT005,2024-09,Female,35-49,60,0
FCT005,2024-09,Female,50+,24,0
FCT005,2024-09,Male,<15,23,0
FCT005,2024-09,Male,15-24,54,0
FCT005,2024-09,Male,25-34,65,0
FCT005,2024-09,Male,35-49,46,0
FCT005,2024-09,Male,50+,20,0
FCT005,2024-10,Female,<15,26,0
FCT005,2024-10,Female,15-24,89,1
FCT005,2024-10,Female,25-34,85,3
FCT005,2024-10,Female,35-49,62,2
FCT005,2024-10,Female,50+,30,0
FCT005,2024-10,Male,<15,20,0
FCT005,2024-10,Male,15-24,61,1
FCT005,2024-10,Male,25-34,67,2
FCT005,2024-10,Male,35-49,43,1
FCT005,2024-10,male,50+,19,0
FCT005,2024-11,Female,<15,27,0
FCT005,2024-11,Female,15-24,82,1
FCT005,2024-11,Female,25-34,85,2
FCT005,2024-11,Female,35-49,53,1
FCT005,2024-11,Female,50+,31,0
FCT005,2024-11,M,<15,20,0
FCT005,2024-11,Male,15 - 24,50,0
FCT005,2024-11,Male,25-34,60,2
FCT005,2024-11,Male,35-49,48,1
FCT005,2024-11,Male,50+,22,0
FCT005,2024-12,F,<15,31,0
FCT005,2024-12,Female,15-24,90,1
FCT005,2024-12,Female,25-34,82,2
FCT005,2024-12,Female,35-49,65,2
FCT005,2024-12,F,50+,27,0
FCT005,2024-12,Male,<15,23,0
FCT005,2024-12,Male,15-24,65,1
FCT005,2024-12,male,25-34,65,2
FCT005,2024-12,Male,35-49,40,1
FCT005,2024-12,Male,50+,20,0
FCT006,2024-01,Female,<15,42,0
FCT006,2024-01,Female,15-24,N/A,1
FCT006,2024-01,f,25-34,99,2
FCT006,2024-01,F,35-49,82,2
FCT006,2024-01,female,50+,35,0
FCT006,2024-01,Male,<15,29,0
FCT006,2024-01,Male,15-24,80,1
FCT006,2024-01,M,25-34,75,2
FCT006,2024-01,Male,35-49,51,1
FCT006,2024-01,Male,50+,30,0
FCT006,2024-02,Female,<15,42,0
FCT006,2024-02,Female,15 - 24,124,2
FCT006,2024-02,Female,25-34,134,5
FCT006,2024-02,Female,35-49,116,4
FCT006,2024-02,Female,50+,48,0
FCT006,2024-02,Male,<15,32,0
FCT006,2024-02,Male,15-24,102,2
FCT006,2024-02,Male,25-34,94,3
FCT006,2024-02,Male,35-49,70,2
FCT006,2024-02,Male,50+,36,0
FCT006,2024-03,Female,<15,54,1
FCT006,2024-03,Female,15-24,131,3
FCT006,2024-03,Female,25-34,136,7
FCT006,2024-03,Female,35-49,103,6
FCT006,2024-03,Female,50+,46,1
FCT006,2024-03,Male,<15,39,1
FCT006,2024-03,Male,15-24,91,2
FCT006,2024-03,Male,25-34,100,5
FCT006,2024-03,M,35-49,77,4
FCT006,2024-03,M,50+,33,0
FCT006,2024-04,Female,<15,57,0
FCT006,2024-04,Female,15 - 24,140,1
FCT006,2024-04,Female,25-34,170,4
FCT006,2024-04,Female,35-49,115,2
FCT006,2024-04,Female,50 and above,51,0
FCT006,2024-04,Male,<15,42,0
FCT006,2024-04,Male,15-24,109,1
FCT006,2024-04,Male,25-34,121,3
FCT006,2024-04,Male,35-49,75,1
FCT006,2024-04,Male,50+,38,0
FCT006,2024-05,Female,<15,52,1
FCT006,2024-05,Female,15-24,141,3
FCT006,2024-05,Female,25-34,178,8
FCT006,2024-05,Female,35-49,108,5
FCT006,2024-05,female,50+,55,1
FCT006,2024-05,Male,<15,38,0
FCT006,2024-05,Male,15-24,94,2
FCT006,2024-05,Male,25-34,115,5
FCT006,2024-05,Male,35-49,96,4
FCT006,2024-05,Male,50+,44,1
FCT006,2024-06,Female,<15,71,1
FCT006,2024-06,Female,15-24,190,4
FCT006,2024-06,Female,25-34,194,9
FCT006,2024-06,Female,35-49,157,7
FCT006,2024-06,F,50+,68,1
FCT006,2024-06,Male,<15,53,1
FCT006,2024-06,male,15-24,136,3
FCT006,2024-06,Male,25-34,139,6
FCT006,2024-06,Male,35-49,117,5
FCT006,2024-06,Male,50+,48,1
FCT006,2024-07,Female,0-14,60,1
FCT006,2024-07,Female,15-24,164,4
FCT006,2024-07,Female,25-34,201,11
FCT006,2024-07,Female,35-49,117,6
FCT006,2024-07,Female,50+,66,1
FCT006,2024-07,Male,<15,47,1
FCT006,2024-07,Male,15-24,106,2
FCT006,2024-07,M,25-34,139,7
FCT006,2024-07,Male,35-49,100,5
FCT006,2024-07,Male,50+,48,1
FCT006,2024-08,female,<15,58,1
FCT006,2024-08,Female,15-24,205,3
FCT006,2024-08,Female,25-34,207,7
FCT006,2024-08,Female,35-49,135,4
FCT006,2024-08,female,50+,78,1
FCT006,2024-08,M,<15,57,1
FCT006,2024-08,Male,15-24,135,2
FCT006,2024-08,Male,25-34,149,5
FCT006,2024-08,M,35-49,99,3
FCT006,2024-08,Male,50+,55,0
FCT006,2024-09,F,<15,56,0
FCT006,2024-09,Female,15-24,158,2
FCT006,2024-09,Female,25-34,158,5
FCT006,2024-09,Female,35-49,105,3
FCT006,2024-09,Female,50+,55,0
FCT006,2024-09,Male,0-14,37,0
FCT006,2024-09,Male,15-24,119,1
FCT006,2024-09,Male,25-34,116,3
FCT006,2024-09,Male,35-49,76,2
FCT006,2024-09,male,50+,36,0
FCT006,2024-10,Female,<15,42,0
FCT006,2024-10,Female,15-24,107,2
FCT006,2024-10,Female,25-34,124,5
FCT006,2024-10,Female,35-49,82,3
FCT006,2024-10,Female,50+,48,1
FCT006,2024-10,Male,0-14,29,0
FCT006,2024-10,Male,15-24,71,1
FCT006,2024-10,Male,25-34,90,3
FCT006,2024-10,Male,35-49,72,3
FCT006,2024-10,Male,50+,30,0
FCT006,2024-11,Female,<15,58,0
FCT006,2024-11,Female,15-24,151,2
FCT006,2024-11,Female,25-34,194,5
FCT006,2024-11,female,35-49,143,4
FCT006,2024-11,Female,50+,56,0
FCT006,2024-11,Male,0-14,44,0
FCT006,2024-11,Male,15-24,131,1
FCT006,2024-11,male,25-34,140,4
FCT006,2024-11,Male,35-49,85,2
FCT006,2024-11,M,50+,35,0
FCT006,2024-12,Female,<15,45,1
FCT006,2024-12,Female,15-24,118,3
FCT006,2024-12,Female,25-34,145,8
FCT006,2024-12,F,35-49,90,5
FCT006,2024-12,Female,50+,40,1
FCT006,2024-12,Male,<15,26,0
FCT006,2024-12,Male,15-24,92,2
FCT006,2024-12,Male,25-34,106,6
FCT006,2024-12,Male,35-49,64,3
FCT006,2024-12,Male,50+,28,0
FCT007,2024-01,Female,<15,73,0
FCT007,2024-01,Female,15-24,254,3
FCT007,2024-01,Female,25-34,283,7
FCT007,2024-01,Female,35-49,191,5
FCT007,2024-01,Female,50+,79,1
FCT007,2024-01,Male,<15,66,0
FCT007,2024-01,Male,15-24,169,2
FCT007,2024-01,Male,25-34,179,4
FCT007,2024-01,Male,35-49,146,3
FCT007,2024-01,Male,50+,77,-
FCT007,2024-02,Female,<15,165,2
FCT007,2024-02,F,15-24,395,5
FCT007,2024-02,Female,25-34,372,10
FCT007,2024-02,Female,35-49,297,8
FCT007,2024-02,Female,50+,136,1
FCT007,2024-02,Male,<15,102,1
FCT007,2024-02,M,15-24,304,4
FCT007,2024-02,M,25-34,273,7
FCT007,2024-02,Male,35-49,210,5
FCT007,2024-02,Male,50+,99,1
FCT007,2024-03,Female,0-14,116,2
FCT007,2024-03,Female,15-24,341,7
FCT007,2024-03,Female,25-34,341,15
FCT007,2024-03,Female,35-49,236,10
FCT007,2024-03,Female,50+,95,2
FCT007,2024-03,Male,<15,85,1
FCT007,2024-03,M,15-24,208,4
FCT007,2024-03,Male,25-34,272,12
FCT007,2024-03,Male,35-49,177,8
FCT007,2024-03,Male,50+,75,1
FCT007,2024-04,Female,<15,173,3
FCT007,2024-04,Female,15 - 24,513,10
FCT007,2024-04,Female,25-34,531,22
FCT007,2024-04,F,35-49,432,18
FCT007,2024-04,Female,50+,155,3
FCT007,2024-04,Male,<15,120,2
FCT007,2024-04,Male,15-24,405,8
FCT007,2024-04,Male,25-34,363,15
FCT007,2024-04,Male,35-49,308,13
FCT007,2024-04,Male,50+,111,2
FCT007,2024-05,Female,<15,114,1
FCT007,2024-05,F,15-24,343,4
FCT007,2024-05,Female,25-34,350,8
FCT007,2024-05,female,35-49,308,7
FCT007,2024-05,Female,50+,145,1
FCT007,2024-05,Male,<15,80,0
FCT007,2024-05,male,15-24,273,3
FCT007,2024-05,M,25-34,253,6
FCT007,2024-05,Male,35-49,206,5
FCT007,2024-05,Male,50+,100,1
FCT007,2024-06,Female,<15,194,3
FCT007,2024-06,Female,15-24,527,-
FCT007,2024-06,Female,25-34,469,16
FCT007,2024-06,Female,35-49,377,13
FCT007,2024-06,Female,50+,190,3
FCT007,2024-06,M,<15,132,2
FCT007,2024-06,Male,15-24,365,6
FCT007,2024-06,Male,25-34,392,13
FCT007,2024-06,Male,35-49,265,9
FCT007,2024-06,Male,50+,118,2
FCT007,2024-07,female,<15,146,2
FCT007,2024-07,Female,15-24,382,6
FCT007,2024-07,F,25-34,401,13
FCT007,2024-07,Female,35-49,268,9
FCT007,2024-07,Female,50+,155,2
FCT007,2024-07,Male,<15,88,1
FCT007,2024-07,male,15-24,249,4
FCT007,2024-07,M,25-34,307,10
FCT007,2024-07,Male,35-49,227,7
FCT007,2024-07,Male,50+,107,1
FCT007,2024-08,Female,<15,125,2
FCT007,2024-08,Female,15-24,331,5
FCT007,2024-08,Female,25-34,360,12
FCT007,2024-08,Female,35-49,259,9
FCT007,2024-08,Female,50+,123,2
FCT007,2024-08,Male,<15,94,1
FCT007,2024-08,M,15-24,242,4
FCT007,2024-08,Male,25-34,232,8
FCT007,2024-08,Male,35-49,206,7
FCT007,2024-08,Male,50 and above,94,1
FCT007,2024-09,Female,<15,128,2
FCT007,2024-09,Female,15-24,370,6
FCT007,2024-09,Female,25-34,415,14
FCT007,2024-09,female,35-49,260,9
FCT007,2024-09,F,50+,139,2
FCT007,2024-09,Male,0-14,90,1
FCT007,2024-09,Male,15 - 24,267,4
FCT007,2024-09,M,25-34,285,10
FCT007,2024-09,Male,35-49,226,8
FCT007,2024-09,Male,50+,81,1
FCT007,2024-10,Female,<15,111,2
FCT007,2024-10,Female,15-24,311,6
FCT007,2024-10,Female,25-34,352,14
FCT007,2024-10,female,35-49,214,8
FCT007,2024-10,Female,50+,92,1
FCT007,2024-10,Male,<15,83,1
FCT007,2024-10,M,15-24,204,4
FCT007,2024-10,Male,25-34,257,10
FCT007,2024-10,Male,35-49,161,6
FCT007,2024-10,Male,50+,76,1
FCT007,2024-11,Female,<15,121,1
FCT007,2024-11,Female,15-24,340,4
FCT007,2024-11,Female,25-34,330,8
FCT007,2024-11,Female,35-49,253,6
FCT007,2024-11,Female,50+,115,1
FCT007,2024-11,Male,<15,83,1
FCT007,2024-11,Male,15-24,N/A,2
FCT007,2024-11,Male,25-34,247,6
FCT007,2024-11,Male,35-49,179,4
FCT007,2024-11,Male,50+,96,1
FCT007,2024-12,Female,<15,160,2
FCT007,2024-12,Female,15-24,404,7
FCT007,2024-12,Female,25-34,413,15
FCT007,2024-12,Female,35-49,370,13
FCT007,2024-12,F,50+,166,3
FCT007,2024-12,Male,<15,124,2
FCT007,2024-12,male,15-24,275,5
FCT007,2024-12,male,25-34,366,13
FCT007,2024-12,male,35-49,237,8
FCT007,2024-12,Male,50 and above,94,1
FCT008,2024-01,Female,0-14,46,1
FCT008,2024-01,Female,15-24,114,2
FCT008,2024-01,Female,25-34,128,5
FCT008,2024-01,Female,35-49,103,4
FCT008,2024-01,Female,50+,44,0
FCT008,2024-01,Male,<15,26,0
FCT008,2024-01,Male,15-24,98,2
FCT008,2024-01,Male,25-34,89,3
FCT008,2024-01,Male,35-49,73,3
FCT008,2024-01,Male,50+,28,0
FCT008,2024-02,Female,<15,30,0
FCT008,2024-02,Female,15-24,100,2
FCT008,2024-02,Female,25-34,97,3
FCT008,2024-02,female,35-49,79,3
FCT008,2024-02,Female,50+,31,0
FCT008,2024-02,Male,<15,28,0
FCT008,2024-02,Male,15-24,69,1
FCT008,2024-02,Male,25-34,66,2
FCT008,2024-02,Male,35-49,59,2
FCT008,2024-02,Male,50+,22,0
FCT008,2024-03,Female,<15,49,1
FCT008,2024-03,Female,15-24,136,4
FCT008,2024-03,Female,25-34,126,9
FCT008,2024-03,Female,35-49,114,8
FCT008,2024-03,Female,50 and above,42,1
FCT008,2024-03,Male,<15,34,1
FCT008,2024-03,M,15-24,97,3
FCT008,2024-03,Male,25-34,109,7
FCT008,2024-03,Male,35-49,65,4
FCT008,2024-03,Male,50+,33,1
FCT008,2024-04,F,<15,52,1
FCT008,2024-04,Female,15-24,124,4
FCT008,2024-04,F,25-34,159,11
FCT008,2024-04,Female,35-49,114,8
FCT008,2024-04,F,50 and above,52,1
FCT008,2024-04,Male,<15,41,1
FCT008,2024-04,Male,15-24,106,3
FCT008,2024-04,Male,25-34,101,7
FCT008,2024-04,Male,35-49,75,5
FCT008,2024-04,Male,50+,39,1
FCT008,2024-05,Female,<15,47,1
FCT008,2024-05,Female,15-24,152,5
FCT008,2024-05,Female,25-34,182,12
FCT008,2024-05,Female,35-49,118,8
FCT008,2024-05,Female,50+,53,1
FCT008,2024-05,M,0-14,41,1
FCT008,2024-05,Male,15-24,124,4
FCT008,2024-05,Male,25-34,106,7
FCT008,2024-05,M,35-49,91,6
FCT008,2024-05,Male,50 and above,36,1
FCT008,2024-06,Female,0-14,53,1
FCT008,2024-06,Female,15-24,162,6
FCT008,2024-06,Female,25-34,171,12
FCT008,2024-06,Female,35-49,117,8
FCT008,2024-06,female,50+,62,2
FCT008,2024-06,Male,<15,39,1
FCT008,2024-06,Male,15-24,122,4
FCT008,2024-06,Male,25-34,-,8
FCT008,2024-06,M,35-49,89,6
FCT008,2024-06,male,50+,42,1
FCT008,2024-07,Female,<15,59,1
FCT008,2024-07,Female,15-24,157,-
FCT008,2024-07,Female,25-34,177,11
FCT008,2024-07,Female,35-49,114,7
FCT008,2024-07,F,50+,58,1
FCT008,2024-07,Male,<15,41,1
FCT008,2024-07,Male,15-24,107,3
FCT008,2024-07,Male,25-34,123,8
FCT008,2024-07,Male,35-49,99,6
FCT008,2024-07,Male,50+,39,1
FCT008,2024-08,F,<15,67,2
FCT008,2024-08,Female,15-24,163,5
FCT008,2024-08,Female,25-34,196,14
FCT008,2024-08,Female,35-49,136,9
FCT008,2024-08,Female,50+,64,2
FCT008,2024-08,Male,<15,47,1
FCT008,2024-08,M,15-24,111,4
FCT008,2024-08,Male,25-34,142,10
FCT008,2024-08,Male,35-49,103,7
FCT008,2024-08,Male,50+,49,1
FCT008,2024-09,Female,<15,58,1
FCT008,2024-09,Female,15-24,144,4
FCT008,2024-09,F,25-34,152,10
FCT008,2024-09,F,35-49,109,7
FCT008,2024-09,F,50+,45,1
FCT008,2024-09,M,<15,38,1
FCT008,2024-09,Male,15-24,107,3
FCT008,2024-09,Male,25-34,108,7
FCT008,2024-09,Male,35-49,77,5
FCT008,2024-09,Male,50 and above,37,1
FCT008,2024-10,Female,<15,34,1
FCT008,2024-10,F,15-24,104,3
FCT008,2024-10,Female,25-34,120,7
FCT008,2024-10,Female,35-49,82,5
FCT008,2024-10,F,50+,33,-
FCT008,2024-10,Male,<15,29,0
FCT008,2024-10,Male,15-24,79,2
FCT008,2024-10,Male,25-34,82,5
FCT008,2024-10,Male,35-49,52,3
FCT008,2024-10,Male,50 and above,26,0
FCT008,2024-11,Female,<15,33,1
FCT008,2024-11,Female,15-24,97,5
FCT008,2024-11,Female,25-34,103,10
FCT008,2024-11,F,35-49,83,8
FCT008,2024-11,Female,50+,36,1
FCT008,2024-11,Male,<15,23,1
FCT008,2024-11,M,15-24,72,3
FCT008,2024-11,male,25-34,80,8
FCT008,2024-11,Male,35-49,56,5
FCT008,2024-11,Male,50+,24,1
FCT008,2024-12,Female,<15,53,2
FCT008,2024-12,Female,15-24,120,5
FCT008,2024-12,F,25-34,132,11
FCT008,2024-12,Female,35-49,104,-
FCT008,2024-12,Female,50+,50,2
FCT008,2024-12,Male,<15,34,1
FCT008,2024-12,Male,15-24,90,3
FCT008,2024-12,Male,25-34,100,8
FCT008,2024-12,Male,35-49,77,6
FCT008,2024-12,Male,50+,30,1
FCT009,2024-01,female,<15,7,0
FCT009,2024-01,Female,15-24,21,0
FCT009,2024-01,Female,25-34,26,1
FCT009,2024-01,Female,35-49,17,0
FCT009,2024-01,Female,50+,7,0
FCT009,2024-01,Male,<15,6,0
FCT009,2024-01,M,15-24,17,0
FCT009,2024-01,Male,25-34,14,0
FCT009,2024-01,Male,35-49,13,0
FCT009,2024-01,Male,50+,5,0
FCT009,2024-02,Female,<15,8,0
FCT009,2024-02,Female,15-24,22,1
FCT009,2024-02,Female,25-34,21,2
FCT009,2024-02,Female,35-49,16,1
FCT009,2024-02,Female,50 and above,8,0
FCT009,2024-02,Male,<15,6,0
FCT009,2024-02,Male,15-24,14,0
FCT009,2024-02,male,25-34,17,2
FCT009,2024-02,Male,35-49,11,1
FCT009,2024-02,Male,50+,5,0
FCT009,2024-03,Female,<15,8,0
FCT009,2024-03,Female,15-24,25,0
FCT009,2024-03,Female,25-34,27,1
FCT009,2024-03,Female,35-49,20,1
FCT009,2024-03,Female,50 and above,8,0
FCT009,2024-03,Male,<15,7,0
FCT009,2024-03,Male,15-24,16,0
FCT009,2024-03,Male,25-34,18,1
FCT009,2024-03,Male,35-49,16,1
FCT009,2024-03,Male,50+,6,0
FCT009,2024-04,Female,<15,11,0
FCT009,2024-04,Female,15 - 24,31,0
FCT009,2024-04,Female,25-34,33,1
FCT009,2024-04,Female,35-49,25,1
FCT009,2024-04,Female,50+,12,0
FCT009,2024-04,M,<15,7,0
FCT009,2024-04,Male,15-24,22,0
FCT009,2024-04,M,25-34,23,1
FCT009,2024-04,Male,35-49,19,0
FCT009,2024-04,Male,50+,8,0
FCT009,2024-05,Female,<15,8,N/A
FCT009,2024-05,F,15-24,26,0
FCT009,2024-05,Female,25-34,26,1
FCT009,2024-05,Female,35-49,18,1
FCT009,2024-05,Female,50+,10,0
FCT009,2024-05,Male,<15,7,0
FCT009,2024-05,Male,15-24,19,0
FCT009,2024-05,Male,25-34,18,1
FCT009,2024-05,Male,35-49,14,1
FCT009,2024-05,Male,50+,6,0
FCT009,2024-06,Female,<15,13,0
FCT009,2024-06,Female,15-24,38,1
FCT009,2024-06,Female,25-34,34,1
FCT009,2024-06,Female,35-49,28,-
FCT009,2024-06,Female,50+,13,0
FCT009,2024-06,Male,<15,9,0
FCT009,2024-06,Male,15-24,24,0
FCT009,2024-06,Male,25-34,29,1
FCT009,2024-06,Male,35-49,21,1
FCT009,2024-06,Male,50+,8,-
FCT009,2024-07,Female,<15,10,0
FCT009,2024-07,Female,15-24,33,1
FCT009,2024-07,Female,25-34,32,2
FCT009,2024-07,Female,35-49,24,1
FCT009,2024-07,Female,50+,11,0
FCT009,2024-07,Male,<15,9,0
FCT009,2024-07,Male,15-24,22,0
FCT009,2024-07,Male,25-34,21,1
FCT009,2024-07,Male,35-49,18,1
FCT009,2024-07,M,50+,9,0
FCT009,2024-08,Female,<15,8,0
FCT009,2024-08,Female,15-24,27,1
FCT009,2024-08,Female,25-34,35,4
FCT009,2024-08,F,35-49,23,2
FCT009,2024-08,F,50+,10,0
FCT009,2024-08,Male,<15,6,0
FCT009,2024-08,Male,15-24,21,1
FCT009,2024-08,Male,25-34,21,2
FCT009,2024-08,Male,35-49,17,2
FCT009,2024-08,M,50+,8,0
FCT009,2024-09,Female,<15,10,0
FCT009,2024-09,female,15-24,33,1
FCT009,2024-09,Female,25-34,28,2
FCT009,2024-09,Female,35-49,26,-
FCT009,2024-09,Female,50+,11,0
FCT009,2024-09,Male,<15,6,0
FCT009,2024-09,Male,15-24,23,0
FCT009,2024-09,Male,25-34,25,1
FCT009,2024-09,Male,35-49,15,1
FCT009,2024-09,Male,50+,8,0
FCT009,2024-10,Female,<15,7,0
FCT009,2024-10,Female,15-24,23,0
FCT009,2024-10,Female,25-34,25,0
FCT009,2024-10,Female,35-49,17,0
FCT009,2024-10,Female,50+,8,0
FCT009,2024-10,Male,<15,6,0
FCT009,2024-10,Male,15-24,19,0
FCT009,2024-10,Male,25-34,15,0
FCT009,2024-10,Male,35-49,12,0
FCT009,2024-10,Male,50+,5,0
FCT009,2024-11,Female,<15,8,0
FCT009,2024-11,Female,15 - 24,25,1
FCT009,2024-11,Female,25-34,29,2
FCT009,2024-11,female,35-49,16,1
FCT009,2024-11,F,50+,8,0
FCT009,2024-11,M,<15,6,0
FCT009,2024-11,Male,15-24,18,0
FCT009,2024-11,Male,25-34,18,1
FCT009,2024-11,Male,35-49,15,1
FCT009,2024-11,Male,50+,5,0
FCT009,2024-12,Female,<15,5,0
FCT009,2024-12,Female,15-24,19,0
FCT009,2024-12,Female,25-34,22,1
FCT009,2024-12,F,35-49,17,0
FCT009,2024-12,Female,50+,7,0
FCT009,2024-12,Male,<15,4,0
FCT009,2024-12,Male,15-24,13,0
FCT009,2024-12,Male,25-34,16,0
FCT009,2024-12,Male,35-49,12,0
FCT009,2024-12,Male,50+,5,0
FCT010,2024-01,Female,<15,26,0
FCT010,2024-01,Female,15-24,74,1
FCT010,2024-01,Female,25-34,77,2
FCT010,2024-01,F,35-49,58,1
FCT010,2024-01,Female,50+,22,0
FCT010,2024-01,Male,<15,20,0
FCT010,2024-01,Male,15-24,53,0
FCT010,2024-01,M,25-34,52,1
FCT010,2024-01,Male,35-49,44,1
FCT010,2024-01,Male,50+,18,0
FCT010,2024-02,F,<15,36,0
FCT010,2024-02,Female,15-24,82,0
FCT010,2024-02,Female,25-34,93,1
FCT010,2024-02,Female,35-49,77,1
FCT010,2024-02,Female,50+,33,0
FCT010,2024-02,Male,0-14,25,0
FCT010,2024-02,Male,15-24,69,0
FCT010,2024-02,Male,25-34,59,1
FCT010,2024-02,Male,35-49,55,0
FCT010,2024-02,Male,50+,24,0
FCT010,2024-03,Female,<15,28,0
FCT010,2024-03,Female,15-24,98,1
FCT010,2024-03,Female,25-34,103,2
FCT010,2024-03,Female,35-49,78,2
FCT010,2024-03,Female,50+,30,0
FCT010,2024-03,Male,<15,26,0
FCT010,2024-03,Male,15-24,72,0
FCT010,2024-03,Male,25-34,73,N/A
FCT010,2024-03,Male,35-49,49,1
FCT010,2024-03,Male,50+,22,0
FCT010,2024-04,Female,<15,34,0
FCT010,2024-04,Female,15-24,108,1
FCT010,2024-04,Female,25-34,119,3
FCT010,2024-04,Female,35-49,68,1
FCT010,2024-04,Female,50 and above,33,0
FCT010,2024-04,Male,<15,30,0
FCT010,2024-04,Male,15-24,N/A,0
FCT010,2024-04,Male,25-34,82,2
FCT010,2024-04,Male,35-49,55,1
FCT010,2024-04,M,50+,29,0
FCT010,2024-05,F,<15,34,0
FCT010,2024-05,Female,15-24,99,2
FCT010,2024-05,Female,25-34,107,5
FCT010,2024-05,Female,35-49,88,4
FCT010,2024-05,Female,50+,40,0
FCT010,2024-05,Male,<15,27,0
FCT010,2024-05,M,15-24,66,1
FCT010,2024-05,Male,25-34,80,3
FCT010,2024-05,Male,35-49,67,3
FCT010,2024-05,Male,50+,25,0
FCT010,2024-06,Female,<15,44,1
FCT010,2024-06,Female,15-24,124,3
FCT010,2024-06,Female,25-34,108,5
FCT010,2024-06,Female,35-49,81,4
FCT010,2024-06,Female,50+,45,1
FCT010,2024-06,M,<15,32,0
FCT010,2024-06,Male,15-24,84,2
FCT010,2024-06,M,25-34,85,4
FCT010,2024-06,Male,35-49,61,3
FCT010,2024-06,Male,50+,27,0
FCT010,2024-07,Female,<15,31,0
FCT010,2024-07,Female,15-24,100,2
FCT010,2024-07,Female,25-34,127,5
FCT010,2024-07,Female,35-49,81,3
FCT010,2024-07,Female,50+,31,0
FCT010,2024-07,Male,<15,27,0
FCT010,2024-07,Male,15-24,76,1
FCT010,2024-07,M,25-34,76,3
FCT010,2024-07,Male,35-49,64,2
FCT010,2024-07,Male,50+,24,0
FCT010,2024-08,female,<15,33,0
FCT010,2024-08,Female,15-24,90,1
FCT010,2024-08,Female,25-34,90,3
FCT010,2024-08,Female,35-49,74,2
FCT010,2024-08,Female,50+,35,0
FCT010,2024-08,Male,0-14,22,0
FCT010,2024-08,Male,15-24,70,1
FCT010,2024-08,m,25-34,65,2
FCT010,2024-08,Male,35-49,51,1
FCT010,2024-08,Male,50+,25,0
FCT010,2024-09,Female,<15,37,0
FCT010,2024-09,F,15-24,96,1
FCT010,2024-09,F,25-34,106,3
FCT010,2024-09,F,35-49,82,2
FCT010,2024-09,Female,50+,34,0
FCT010,2024-09,Male,<15,27,0
FCT010,2024-09,Male,15 - 24,79,1
FCT010,2024-09,Male,25-34,73,2
FCT010,2024-09,Male,35-49,53,1
FCT010,2024-09,male,50+,25,0
FCT010,2024-10,F,<15,40,0
FCT010,2024-10,Female,15-24,101,1
FCT010,2024-10,Female,25-34,106,3
FCT010,2024-10,Female,35-49,85,2
FCT010,2024-10,Female,50+,33,0
FCT010,2024-10,Male,<15,23,0
FCT010,2024-10,Male,15-24,80,1
FCT010,2024-10,Male,25-34,86,2
FCT010,2024-10,Male,35-49,54,1
FCT010,2024-10,Male,50+,21,0
FCT010,2024-11,Female,<15,32,0
FCT010,2024-11,Female,15-24,80,1
FCT010,2024-11,F,25-34,95,3
FCT010,2024-11,Female,35-49,74,2
FCT010,2024-11,Female,50+,32,0
FCT010,2024-11,M,<15,22,0
FCT010,2024-11,Male,15-24,67,1
FCT010,2024-11,Male,25-34,63,2
FCT010,2024-11,Male,35-49,48,1
FCT010,2024-11,male,50+,26,0
FCT010,2024-12,Female,<15,33,0
FCT010,2024-12,Female,15-24,84,1
FCT010,2024-12,Female,25-34,94,3
FCT010,2024-12,Female,35-49,58,1
FCT010,2024-12,Female,50+,25,0
FCT010,2024-12,Male,<15,23,0
FCT010,2024-12,Male,15-24,64,1
FCT010,2024-12,Male,25-34,60,1
FCT010,2024-12,Male,35-49,46,1
FCT010,2024-12,M,50+,20,0
FCT011,2024-01,Female,<15,20,0
FCT011,2024-01,Female,15-24,55,0
FCT011,2024-01,Female,25-34,64,0
FCT011,2024-01,Female,35-49,46,0
FCT011,2024-01,Female,50+,23,0
FCT011,2024-01,Male,<15,16,0
FCT011,2024-01,Male,15-24,43,0
FCT011,2024-01,Male,25-34,42,N/A
FCT011,2024-01,male,35-49,34,0
FCT011,2024-01,Male,50+,14,0
FCT011,2024-02,Female,<15,20,0
FCT011,2024-02,Female,15-24,62,2
FCT011,2024-02,Female,25-34,62,4
FCT011,2024-02,female,35-49,51,3
FCT011,2024-02,Female,50+,19,0
FCT011,2024-02,M,<15,15,0
FCT011,2024-02,Male,15-24,44,1
FCT011,2024-02,Male,25-34,48,3
FCT011,2024-02,Male,35-49,33,2
FCT011,2024-02,M,50+,15,0
FCT011,2024-03,female,0-14,28,0
FCT011,2024-03,Female,15-24,79,2
FCT011,2024-03,Female,25-34,73,4
FCT011,2024-03,Female,35-49,55,3
FCT011,2024-03,F,50+,29,0
FCT011,2024-03,Male,<15,21,0
FCT011,2024-03,Male,15-24,46,1
FCT011,2024-03,Male,25-34,63,3
FCT011,2024-03,Male,35-49,40,2
FCT011,2024-03,Male,50+,21,0
FCT011,2024-04,Female,<15,28,0
FCT011,2024-04,Female,15-24,64,1
FCT011,2024-04,F,25-34,88,3
FCT011,2024-04,Female,35-49,54,2
FCT011,2024-04,Female,50+,29,0
FCT011,2024-04,Male,<15,19,0
FCT011,2024-04,Male,15-24,56,1
FCT011,2024-04,Male,25-34,53,2
FCT011,2024-04,Male,35-49,45,1
FCT011,2024-04,Male,50+,18,0
FCT011,2024-05,Female,<15,21,0
FCT011,2024-05,F,15 - 24,69,2
FCT011,2024-05,F,25-34,76,5
FCT011,2024-05,Female,35-49,44,3
FCT011,2024-05,Female,50+,24,0
FCT011,2024-05,Male,<15,17,0
FCT011,2024-05,Male,15-24,52,1
FCT011,2024-05,M,25-34,48,3
FCT011,2024-05,Male,35-49,35,2
FCT011,2024-05,Male,50+,17,0
FCT011,2024-06,Female,<15,24,0
FCT011,2024-06,Female,15-24,72,1
FCT011,2024-06,Female,25-34,63,2
FCT011,2024-06,Female,35-49,44,1
FCT011,2024-06,Female,50+,26,0
FCT011,2024-06,Male,<15,18,0
FCT011,2024-06,Male,15-24,51,0
FCT011,2024-06,Male,25-34,46,1
FCT011,2024-06,Male,35-49,36,1
FCT011,2024-06,Male,50+,15,0
FCT011,2024-07,Female,<15,23,0
FCT011,2024-07,Female,15-24,72,1
FCT011,2024-07,Female,25-34,82,2
FCT011,2024-07,Female,35-49,48,1
FCT011,2024-07,Female,50+,23,0
FCT011,2024-07,Male,<15,16,0
FCT011,2024-07,Male,15-24,44,0
FCT011,2024-07,Male,25-34,60,2
FCT011,2024-07,Male,35-49,43,1
FCT011,2024-07,Male,50+,16,0
FCT011,2024-08,Female,<15,25,0
FCT011,2024-08,Female,15-24,65,1
FCT011,2024-08,Female,25-34,74,3
FCT011,2024-08,female,35-49,45,2
FCT011,2024-08,Female,50+,22,0
FCT011,2024-08,Male,<15,14,0
FCT011,2024-08,Male,15-24,N/A,1
FCT011,2024-08,male,25-34,54,2
FCT011,2024-08,male,35-49,39,1
FCT011,2024-08,Male,50+,14,0
FCT011,2024-09,F,<15,24,0
FCT011,2024-09,Female,15-24,76,2
FCT011,2024-09,Female,25-34,78,4
FCT011,2024-09,Female,35-49,57,3
FCT011,2024-09,Female,50+,23,0
FCT011,2024-09,Male,<15,18,0
FCT011,2024-09,Male,15-24,52,1
FCT011,2024-09,M,25-34,63,3
FCT011,2024-09,Male,35-49,36,2
FCT011,2024-09,Male,50+,16,0
FCT011,2024-10,Female,<15,27,0
FCT011,2024-10,Female,15-24,68,2
FCT011,2024-10,Female,25-34,72,5
FCT011,2024-10,Female,35-49,67,4
FCT011,2024-10,F,50+,24,0
FCT011,2024-10,Male,<15,17,0
FCT011,2024-10,Male,15-24,50,1
FCT011,2024-10,Male,25-34,66,4
FCT011,2024-10,Male,35-49,36,2
FCT011,2024-10,Male,50+,18,0
FCT011,2024-11,Female,<15,19,0
FCT011,2024-11,F,15-24,59,0
FCT011,2024-11,Female,25-34,52,1
FCT011,2024-11,F,35-49,37,1
FCT011,2024-11,F,50+,17,0
FCT011,2024-11,Male,<15,14,0
FCT011,2024-11,M,15-24,32,0
FCT011,2024-11,Male,25-34,42,1
FCT011,2024-11,Male,35-49,31,0
FCT011,2024-11,Male,50+,12,0
FCT011,2024-12,Female,<15,16,0
FCT011,2024-12,Female,15-24,45,1
FCT011,2024-12,F,25-34,54,2
FCT011,2024-12,Female,35-49,38,1
FCT011,2024-12,Female,50+,16,0
FCT011,2024-12,Male,<15,13,0
FCT011,2024-12,Male,15-24,34,0
FCT011,2024-12,Male,25-34,37,1
FCT011,2024-12,Male,35-49,26,1
FCT011,2024-12,Male,50+,11,0
FCT012,2024-01,Female,<15,66,1
FCT012,2024-01,Female,15-24,148,4
FCT012,2024-01,Female,25-34,195,10
FCT012,2024-01,Female,35-49,153,8
FCT012,2024-01,Female,50+,54,1
FCT012,2024-01,Male,<15,44,1
FCT012,2024-01,Male,15-24,142,3
FCT012,2024-01,Male,25-34,132,7
FCT012,2024-01,Male,35-49,86,4
FCT012,2024-01,male,50+,41,1
FCT012,2024-02,Female,<15,65,1
FCT012,2024-02,Female,15-24,179,4
FCT012,2024-02,Female,25-34,165,7
FCT012,2024-02,Female,35-49,117,5
FCT012,2024-02,Female,50 and above,54,1
FCT012,2024-02,Male,<15,41,0
FCT012,2024-02,Male,15-24,108,2
FCT012,2024-02,Male,25-34,116,5
FCT012,2024-02,Male,35-49,110,5
FCT012,2024-02,Male,50+,45,1
FCT012,2024-03,Female,<15,63,1
FCT012,2024-03,Female,15-24,207,4
FCT012,2024-03,Female,25-34,215,8
FCT012,2024-03,Female,35-49,129,5
FCT012,2024-03,F,50+,66,1
FCT012,2024-03,Male,<15,52,1
FCT012,2024-03,M,15-24,119,2
FCT012,2024-03,Male,25-34,156,6
FCT012,2024-03,Male,35-49,113,4
FCT012,2024-03,Male,50+,52,1
FCT012,2024-04,Female,<15,59,1
FCT012,2024-04,Female,15-24,150,4
FCT012,2024-04,Female,25-34,194,11
FCT012,2024-04,Female,35-49,134,7
FCT012,2024-04,female,50+,63,1
FCT012,2024-04,Male,<15,37,1
FCT012,2024-04,Male,15-24,140,3
FCT012,2024-04,Male,25-34,122,6
FCT012,2024-04,M,35-49,87,4
FCT012,2024-04,Male,50+,48,1
FCT012,2024-05,Female,<15,66,2
FCT012,2024-05,Female,15-24,203,6
FCT012,2024-05,Female,25-34,196,12
FCT012,2024-05,F,35-49,154,9
FCT012,2024-05,F,50+,54,1
FCT012,2024-05,Male,<15,55,1
FCT012,2024-05,Male,15-24,126,3
FCT012,2024-05,Male,25-34,141,8
FCT012,2024-05,Male,35-49,109,6
FCT012,2024-05,Male,50 and above,57,1
FCT012,2024-06,Female,<15,108,3
FCT012,2024-06,Female,15-24,230,6
FCT012,2024-06,Female,25-34,250,14
FCT012,2024-06,Female,35-49,212,12
FCT012,2024-06,Female,50+,104,2
FCT012,2024-06,Male,<15,62,1
FCT012,2024-06,Male,15-24,172,4
FCT012,2024-06,Male,25-34,193,10
FCT012,2024-06,M,35-49,166,9
FCT012,2024-06,M,50+,61,1
FCT012,2024-07,Female,<15,59,1
FCT012,2024-07,Female,15-24,191,6
FCT012,2024-07,Female,25-34,160,10
FCT012,2024-07,female,35-49,152,9
FCT012,2024-07,Female,50+,63,2
FCT012,2024-07,M,0-14,50,1
FCT012,2024-07,Male,15-24,109,3
FCT012,2024-07,Male,25-34,151,9
FCT012,2024-07,Male,35-49,102,6
FCT012,2024-07,Male,50+,39,1
FCT012,2024-08,Female,<15,55,1
FCT012,2024-08,Female,15-24,161,3
FCT012,2024-08,Female,25-34,198,9
FCT012,2024-08,Female,35-49,117,5
FCT012,2024-08,Female,50+,53,1
FCT012,2024-08,Male,<15,47,1
FCT012,2024-08,Male,15-24,105,2
FCT012,2024-08,Male,25-34,132,6
FCT012,2024-08,Male,35-49,98,4
FCT012,2024-08,Male,50+,40,0
FCT012,2024-09,Female,<15,76,2
FCT012,2024-09,Female,15-24,174,5
FCT012,2024-09,Female,25-34,221,13
FCT012,2024-09,Female,35-49,156,9
FCT012,2024-09,Female,50+,65,2
FCT012,2024-09,Male,<15,42,1
FCT012,2024-09,Male,15-24,153,4
FCT012,2024-09,Male,25-34,146,9
FCT012,2024-09,Male,35-49,111,7
FCT012,2024-09,Male,50+,49,1
FCT012,2024-10,Female,<15,45,1
FCT012,2024-10,f,15-24,126,2
FCT012,2024-10,Female,25-34,153,7
FCT012,2024-10,Female,35-49,100,4
FCT012,2024-10,Female,50 and above,44,1
FCT012,2024-10,Male,0-14,32,0
FCT012,2024-10,Male,15-24,87,2
FCT012,2024-10,M,25-34,100,4
FCT012,2024-10,M,35-49,83,3
FCT012,2024-10,Male,50+,37,0
FCT012,2024-11,Female,<15,53,1
FCT012,2024-11,Female,15-24,172,5
FCT012,2024-11,Female,25-34,189,11
FCT012,2024-11,Female,35-49,119,7
FCT012,2024-11,Female,50+,65,2
FCT012,2024-11,Male,0-14,42,1
FCT012,2024-11,Male,15-24,117,3
FCT012,2024-11,Male,25-34,141,8
FCT012,2024-11,Male,35-49,88,5
FCT012,2024-11,Male,50+,46,1
FCT012,2024-12,F,<15,91,2
FCT012,2024-12,F,15-24,223,6
FCT012,2024-12,Female,25-34,231,13
FCT012,2024-12,female,35-49,172,9
FCT012,2024-12,Female,50+,80,2
FCT012,2024-12,Male,<15,47,1
FCT012,2024-12,Male,15-24,171,4
FCT012,2024-12,Male,25-34,190,10
FCT012,2024-12,Male,35-49,111,6
FCT012,2024-12,M,50+,58,1
FCT013,2024-01,Female,<15,53,0
FCT013,2024-01,Female,15 - 24,117,0
FCT013,2024-01,Female,25-34,144,2
FCT013,2024-01,Female,35-49,96,1
FCT013,2024-01,Female,50+,44,0
FCT013,2024-01,male,0-14,37,0
FCT013,2024-01,Male,15-24,85,0
FCT013,2024-01,Male,25-34,101,1
FCT013,2024-01,male,35-49,67,1
FCT013,2024-01,Male,50+,38,0
FCT013,2024-02,Female,<15,53,0
FCT013,2024-02,Female,15-24,159,0
FCT013,2024-02,Female,25-34,174,0
FCT013,2024-02,Female,35-49,132,0
FCT013,2024-02,Female,50+,55,0
FCT013,2024-02,Male,<15,40,0
FCT013,2024-02,Male,15-24,125,0
FCT013,2024-02,Male,25-34,117,0
FCT013,2024-02,Male,35-49,95,0
FCT013,2024-02,Male,50 and above,38,0
FCT013,2024-03,Female,<15,66,0
FCT013,2024-03,Female,15-24,167,1
FCT013,2024-03,Female,25-34,158,3
FCT013,2024-03,Female,35-49,117,2
FCT013,2024-03,F,50+,61,0
FCT013,2024-03,M,<15,36,0
FCT013,2024-03,Male,15-24,120,1
FCT013,2024-03,M,25-34,,2
FCT013,2024-03,Male,35-49,90,2
FCT013,2024-03,Male,50+,40,0
FCT013,2024-04,Female,<15,59,0
FCT013,2024-04,Female,15-24,191,1
FCT013,2024-04,f,25-34,199,3
FCT013,2024-04,F,35-49,133,2
FCT013,2024-04,Female,50+,73,0
FCT013,2024-04,Male,<15,50,0
FCT013,2024-04,Male,15-24,130,1
FCT013,2024-04,M,25-34,140,2
FCT013,2024-04,Male,35-49,108,1
FCT013,2024-04,Male,50+,45,0
FCT013,2024-05,Female,0-14,85,0
FCT013,2024-05,Female,15-24,230,2
FCT013,2024-05,female,25-34,234,4
FCT013,2024-05,Female,35-49,184,3
FCT013,2024-05,Female,50+,67,0
FCT013,2024-05,Male,<15,51,0
FCT013,2024-05,Male,15 - 24,159,1
FCT013,2024-05,Male,25-34,203,3
FCT013,2024-05,Male,35-49,116,2
FCT013,2024-05,Male,50+,51,0
FCT013,2024-06,Female,<15,83,0
FCT013,2024-06,Female,15-24,217,2
FCT013,2024-06,Female,25-34,231,4
FCT013,2024-06,Female,35-49,189,3
FCT013,2024-06,F,50+,76,0
FCT013,2024-06,Male,<15,58,0
FCT013,2024-06,Male,15-24,165,1
FCT013,2024-06,Male,25-34,161,3
FCT013,2024-06,Male,35-49,132,2
FCT013,2024-06,Male,50+,60,0
FCT013,2024-07,Female,<15,70,0
FCT013,2024-07,F,15-24,194,2
FCT013,2024-07,Female,25-34,209,4
FCT013,2024-07,Female,35-49,158,3
FCT013,2024-07,F,50+,60,0
FCT013,2024-07,Male,<15,46,0
FCT013,2024-07,Male,15-24,151,1
FCT013,2024-07,Male,25-34,137,2
FCT013,2024-07,Male,35-49,116,2
FCT013,2024-07,M,50 and above,50,0
FCT013,2024-08,F,<15,70,0
FCT013,2024-08,Female,15 - 24,166,1
FCT013,2024-08,female,25-34,206,2
FCT013,2024-08,Female,35-49,152,N/A
FCT013,2024-08,Female,50+,57,0
FCT013,2024-08,M,<15,50,0
FCT013,2024-08,male,15-24,131,0
FCT013,2024-08,M,25-34,124,1
FCT013,2024-08,Male,35-49,117,1
FCT013,2024-08,Male,50+,49,0
FCT013,2024-09,Female,<15,43,0
FCT013,2024-09,Female,15-24,148,0
FCT013,2024-09,female,25-34,146,0
FCT013,2024-09,Female,35-49,110,0
FCT013,2024-09,Female,50+,45,0
FCT013,2024-09,Male,<15,43,0
FCT013,2024-09,Male,15 - 24,96,0
FCT013,2024-09,Male,25-34,102,0
FCT013,2024-09,Male,35-49,77,0
FCT013,2024-09,Male,50+,37,0
FCT013,2024-10,female,<15,49,0
FCT013,2024-10,Female,15-24,172,2
FCT013,2024-10,Female,25-34,165,-
FCT013,2024-10,Female,35-49,103,2
FCT013,2024-10,Female,50+,60,0
FCT013,2024-10,Male,<15,33,0
FCT013,2024-10,Male,15-24,109,1
FCT013,2024-10,Male,25-34,115,2
FCT013,2024-10,M,35-49,98,2
FCT013,2024-10,Male,50+,42,0
FCT013,2024-11,Female,<15,67,0
FCT013,2024-11,F,15-24,214,1
FCT013,2024-11,f,25-34,266,3
FCT013,2024-11,Female,35-49,160,2
FCT013,2024-11,Female,50+,75,0
FCT013,2024-11,Male,<15,65,0
FCT013,2024-11,male,15-24,166,1
FCT013,2024-11,Male,25-34,157,2
FCT013,2024-11,Male,35-49,114,1
FCT013,2024-11,male,50+,63,0
FCT013,2024-12,Female,<15,59,0
FCT013,2024-12,Female,15-24,146,1
FCT013,2024-12,Female,25-34,186,2
FCT013,2024-12,Female,35-49,120,1
FCT013,2024-12,F,50+,50,0
FCT013,2024-12,M,<15,43,0
FCT013,2024-12,Male,15-24,105,0
FCT013,2024-12,Male,25-34,123,1
FCT013,2024-12,Male,35-49,94,1
FCT013,2024-12,Male,50+,41,0
FCT014,2024-01,Female,<15,64,1
FCT014,2024-01,Female,15-24,169,3
FCT014,2024-01,Female,25-34,154,6
FCT014,2024-01,Female,35-49,113,4
FCT014,2024-01,Female,50+,60,1
FCT014,2024-01,Male,<15,45,0
FCT014,2024-01,Male,15-24,119,2
FCT014,2024-01,Male,25-34,118,4
FCT014,2024-01,Male,35-49,80,3
FCT014,2024-01,Male,50+,42,0
FCT014,2024-02,Female,<15,43,1
FCT014,2024-02,F,15-24,148,4
FCT014,2024-02,Female,25-34,144,8
FCT014,2024-02,Female,35-49,104,6
FCT014,2024-02,Female,50+,52,1
FCT014,2024-02,Male,<15,31,0
FCT014,2024-02,Male,15-24,101,2
FCT014,2024-02,Male,25-34,113,6
FCT014,2024-02,Male,35-49,74,4
FCT014,2024-02,Male,50+,36,1
FCT014,2024-03,Female,<15,61,1
FCT014,2024-03,Female,15-24,175,5
FCT014,2024-03,F,25-34,191,11
FCT014,2024-03,Female,35-49,156,9
FCT014,2024-03,Female,50+,67,2
FCT014,2024-03,Male,<15,46,1
FCT014,2024-03,Male,15-24,125,3
FCT014,2024-03,Male,25-34,,8
FCT014,2024-03,Male,35-49,112,6
FCT014,2024-03,Male,50+,53,1
FCT014,2024-04,Female,0-14,76,1
FCT014,2024-04,Female,15-24,195,4
FCT014,2024-04,Female,25-34,226,9
FCT014,2024-04,Female,35-49,158,6
FCT014,2024-04,Female,50+,76,1
FCT014,2024-04,Male,<15,49,1
FCT014,2024-04,Male,15-24,161,3
FCT014,2024-04,Male,25-34,153,6
FCT014,2024-04,Male,35-49,115,4
FCT014,2024-04,Male,50+,50,1
FCT014,2024-05,F,<15,62,1
FCT014,2024-05,Female,15-24,144,3
FCT014,2024-05,Female,25-34,192,8
FCT014,2024-05,Female,35-49,136,6
FCT014,2024-05,female,50+,53,1
FCT014,2024-05,Male,<15,40,0
FCT014,2024-05,Male,15-24,112,2
FCT014,2024-05,Male,25-34,149,6
FCT014,2024-05,Male,35-49,85,3
FCT014,2024-05,Male,50+,39,0
FCT014,2024-06,Female,<15,59,1
FCT014,2024-06,Female,15-24,208,5
FCT014,2024-06,Female,25-34,210,11
FCT014,2024-06,Female,35-49,164,9
FCT014,2024-06,Female,50+,61,1
FCT014,2024-06,Male,<15,60,1
FCT014,2024-06,Male,15-24,130,3
FCT014,2024-06,Male,25-34,146,8
FCT014,2024-06,Male,35-49,119,6
FCT014,2024-06,Male,50+,52,1
FCT014,2024-07,Female,<15,68,1
FCT014,2024-07,Female,15-24,215,4
FCT014,2024-07,Female,25-34,-,9
FCT014,2024-07,Female,35-49,141,6
FCT014,2024-07,Female,50+,63,1
FCT014,2024-07,Male,<15,58,1
FCT014,2024-07,Male,15-24,128,2
FCT014,2024-07,Male,25-34,162,7
FCT014,2024-07,male,35-49,-,4
FCT014,2024-07,Male,50 and above,55,1
FCT014,2024-08,Female,<15,86,2
FCT014,2024-08,Female,15-24,196,4
FCT014,2024-08,Female,25-34,238,11
FCT014,2024-08,Female,35-49,164,8
FCT014,2024-08,Female,50+,78,1
FCT014,2024-08,M,<15,61,1
FCT014,2024-08,M,15-24,166,4
FCT014,2024-08,Male,25-34,149,7
FCT014,2024-08,Male,35-49,127,6
FCT014,2024-08,Male,50+,49,1
FCT014,2024-09,Female,<15,78,2
FCT014,2024-09,Female,15-24,212,5
FCT014,2024-09,Female,25-34,247,12
FCT014,2024-09,Female,35-49,153,7
FCT014,2024-09,Female,50+,65,1
FCT014,2024-09,Male,<15,59,1
FCT014,2024-09,Male,15-24,143,3
FCT014,2024-09,Male,25-34,180,9
FCT014,2024-09,Male,35-49,114,5
FCT014,2024-09,Male,50 and above,50,1
FCT014,2024-10,female,<15,69,2
FCT014,2024-10,Female,15-24,200,7
FCT014,2024-10,Female,25-34,243,18
FCT014,2024-10,F,35-49,158,
FCT014,2024-10,Female,50+,63,2
FCT014,2024-10,Male,<15,49,1
FCT014,2024-10,Male,15-24,149,5
FCT014,2024-10,Male,25-34,166,12
FCT014,2024-10,Male,35-49,116,8
FCT014,2024-10,Male,50+,50,1
FCT014,2024-11,F,<15,46,1
FCT014,2024-11,Female,15-24,153,5
FCT014,2024-11,Female,25-34,165,10
FCT014,2024-11,Female,35-49,115,7
FCT014,2024-11,Female,50+,57,1
FCT014,2024-11,Male,<15,34,1
FCT014,2024-11,Male,15-24,119,3
FCT014,2024-11,M,25-34,123,8
FCT014,2024-11,Male,35-49,74,4
FCT014,2024-11,Male,50+,37,1
FCT014,2024-12,Female,<15,55,1
FCT014,2024-12,Female,15-24,136,4
FCT014,2024-12,Female,25-34,161,11
FCT014,2024-12,F,35-49,119,8
FCT014,2024-12,Female,50+,53,1
FCT014,2024-12,Male,<15,40,1
FCT014,2024-12,Male,15-24,100,3
FCT014,2024-12,Male,25-34,111,7
FCT014,2024-12,Male,35-49,91,6
FCT014,2024-12,Male,50+,36,1
FCT015,2024-01,Female,<15,5,0
FCT015,2024-01,Female,15-24,16,0
FCT015,2024-01,Female,25-34,15,0
FCT015,2024-01,Female,35-49,11,0
FCT015,2024-01,Female,50+,5,0
FCT015,2024-01,Male,<15,3,0
FCT015,2024-01,male,15-24,9,0
FCT015,2024-01,Male,25-34,12,0
FCT015,2024-01,Male,35-49,9,0
FCT015,2024-01,Male,50+,4,0
FCT015,2024-02,Female,<15,7,0
FCT015,2024-02,Female,15-24,17,0
FCT015,2024-02,Female,25-34,19,0
FCT015,2024-02,female,35-49,14,0
FCT015,2024-02,Female,50 and above,6,0
FCT015,2024-02,Male,<15,4,0
FCT015,2024-02,Male,15-24,13,0
FCT015,2024-02,M,25-34,13,0
FCT015,2024-02,Male,35-49,10,0
FCT015,2024-02,Male,50+,4,0
FCT015,2024-03,Female,<15,7,0
FCT015,2024-03,Female,15-24,19,0
FCT015,2024-03,Female,25-34,23,1
FCT015,2024-03,Female,35-49,19,0
FCT015,2024-03,Female,50+,8,0
FCT015,2024-03,Male,<15,5,0
FCT015,2024-03,Male,15-24,14,0
FCT015,2024-03,Male,25-34,17,0
FCT015,2024-03,Male,35-49,13,0
FCT015,2024-03,Male,50+,5,0
FCT015,2024-04,Female,<15,9,0
FCT015,2024-04,Female,15-24,21,0
FCT015,2024-04,F,25-34,27,1
FCT015,2024-04,female,35-49,15,1
FCT015,2024-04,Female,50+,8,0
FCT015,2024-04,Male,<15,6,0
FCT015,2024-04,Male,15-24,16,0
FCT015,2024-04,male,25-34,19,1
FCT015,2024-04,Male,35-49,11,0
FCT015,2024-04,male,50+,5,0
FCT015,2024-05,Female,<15,8,0
FCT015,2024-05,Female,15-24,22,1
FCT015,2024-05,Female,25-34,27,2
FCT015,2024-05,Female,35-49,19,1
FCT015,2024-05,Female,50+,9,0
FCT015,2024-05,Male,<15,6,0
FCT015,2024-05,Male,15-24,19,0
FCT015,2024-05,Male,25-34,17,1
FCT015,2024-05,Male,35-49,13,1
FCT015,2024-05,Male,50 and above,6,0
FCT015,2024-06,Female,<15,7,0
FCT015,2024-06,Female,15-24,21,0
FCT015,2024-06,Female,25-34,19,1
FCT015,2024-06,F,35-49,15,0
FCT015,2024-06,F,50+,6,0
FCT015,2024-06,Male,<15,4,0
FCT015,2024-06,M,15-24,13,0
FCT015,2024-06,Male,25-34,16,0
FCT015,2024-06,Male,35-49,12,0
FCT015,2024-06,Male,50+,4,0
FCT015,2024-07,female,<15,8,0
FCT015,2024-07,Female,15-24,23,1
FCT015,2024-07,Female,25-34,29,3
FCT015,2024-07,Female,35-49,23,2
FCT015,2024-07,F,50+,10,0
FCT015,2024-07,Male,<15,7,0
FCT015,2024-07,Male,15-24,20,1
FCT015,2024-07,Male,25-34,18,1
FCT015,2024-07,Male,35-49,16,1
FCT015,2024-07,Male,50+,6,0
FCT015,2024-08,F,<15,7,0
FCT015,2024-08,Female,15-24,22,0
FCT015,2024-08,Female,25-34,19,1
FCT015,2024-08,Female,35-49,17,1
FCT015,2024-08,F,50+,6,0
FCT015,2024-08,M,<15,5,0
FCT015,2024-08,Male,15 - 24,15,0
FCT015,2024-08,Male,25-34,15,1
FCT015,2024-08,Male,35-49,12,0
FCT015,2024-08,Male,50+,4,0
FCT015,2024-09,Female,<15,6,0
FCT015,2024-09,Female,15-24,17,0
FCT015,2024-09,Female,25-34,16,1
FCT015,2024-09,Female,35-49,15,0
FCT015,2024-09,Female,50+,6,0
FCT015,2024-09,Male,<15,4,0
FCT015,2024-09,Male,15-24,11,0
FCT015,2024-09,Male,25-34,15,0
FCT015,2024-09,Male,35-49,10,0
FCT015,2024-09,M,50+,3,0
FCT015,2024-10,Female,<15,6,0
FCT015,2024-10,Female,15-24,19,0
FCT015,2024-10,Female,25-34,20,0
FCT015,2024-10,Female,35-49,14,0
FCT015,2024-10,Female,50+,6,0
FCT015,2024-10,Male,<15,5,0
FCT015,2024-10,Male,15-24,12,0
FCT015,2024-10,Male,25-34,14,0
FCT015,2024-10,Male,35-49,10,0
FCT015,2024-10,Male,50+,5,0
FCT015,2024-11,Female,<15,7,0
FCT015,2024-11,Female,15-24,16,0
FCT015,2024-11,F,25-34,23,0
FCT015,2024-11,Female,35-49,14,0
FCT015,2024-11,Female,50 and above,7,0
FCT015,2024-11,M,<15,5,0
FCT015,2024-11,M,15-24,15,0
FCT015,2024-11,Male,25-34,14,0
FCT015,2024-11,Male,35-49,9,0
FCT015,2024-11,Male,50+,5,0
FCT015,2024-12,Female,<15,7,0
FCT015,2024-12,Female,15 - 24,16,0
FCT015,2024-12,female,25-34,17,0
FCT015,2024-12,Female,35-49,16,0
FCT015,2024-12,Female,50+,7,0
FCT015,2024-12,Male,<15,4,0
FCT015,2024-12,Male,15-24,12,0
FCT015,2024-12,Male,25-34,14,0
FCT015,2024-12,Male,35-49,11,0
FCT015,2024-12,Male,50+,4,0
KAD001,2024-01,Female,<15,10,0
KAD001,2024-01,F,15-24,28,0
KAD001,2024-01,Female,25-34,26,0
KAD001,2024-01,Female,35-49,20,0
KAD001,2024-01,Female,50 and above,9,0
KAD001,2024-01,Male,0-14,6,0
KAD001,2024-01,Male,15-24,16,0
KAD001,2024-01,M,25-34,21,0
KAD001,2024-01,Male,35-49,16,0
KAD001,2024-01,Male,50+,7,0
KAD001,2024-02,Female,<15,9,0
KAD001,2024-02,Female,15-24,27,1
KAD001,2024-02,Female,25-34,26,2
KAD001,2024-02,Female,35-49,22,1
KAD001,2024-02,Female,50+,8,0
KAD001,2024-02,Male,<15,7,0
KAD001,2024-02,Male,15-24,18,0
KAD001,2024-02,Male,25-34,18,1
KAD001,2024-02,Male,35-49,17,1
KAD001,2024-02,M,50+,7,0
KAD001,2024-03,female,0-14,11,0
KAD001,2024-03,Female,15-24,29,1
KAD001,2024-03,Female,25-34,32,2
KAD001,2024-03,Female,35-49,27,2
KAD001,2024-03,Female,50+,12,0
KAD001,2024-03,Male,<15,9,0
KAD001,2024-03,Male,15-24,23,0
KAD001,2024-03,M,25-34,22,1
KAD001,2024-03,Male,35-49,17,1
KAD001,2024-03,Male,50+,8,0
KAD001,2024-04,Female,<15,15,0
KAD001,2024-04,Female,15-24,33,1
KAD001,2024-04,Female,25-34,46,2
KAD001,2024-04,Female,35-49,28,1
KAD001,2024-04,Female,50+,15,0
KAD001,2024-04,Male,<15,10,0
KAD001,2024-04,Male,15-24,28,0
KAD001,2024-04,M,25-34,30,1
KAD001,2024-04,Male,35-49,20,1
KAD001,2024-04,Male,50+,11,0
KAD001,2024-05,Female,<15,14,0
KAD001,2024-05,Female,15-24,31,1
KAD001,2024-05,Female,25-34,43,3
KAD001,2024-05,Female,35-49,28,2
KAD001,2024-05,Female,50+,11,0
KAD001,2024-05,Male,<15,8,0
KAD001,2024-05,Male,15-24,29,1
KAD001,2024-05,Male,25-34,25,1
KAD001,2024-05,Male,35-49,20,1
KAD001,2024-05,Male,50+,10,0
KAD001,2024-06,Female,<15,15,0
KAD001,2024-06,Female,15-24,33,0
KAD001,2024-06,Female,25-34,47,2
KAD001,2024-06,Female,35-49,30,1
KAD001,2024-06,Female,50+,14,0
KAD001,2024-06,Male,<15,10,0
KAD001,2024-06,M,15-24,N/A,0
KAD001,2024-06,Male,25-34,30,1
KAD001,2024-06,Male,35-49,22,1
KAD001,2024-06,Male,50+,9,0
KAD001,2024-07,Female,<15,14,0
KAD001,2024-07,Female,15-24,42,1
KAD001,2024-07,Female,25-34,50,2
KAD001,2024-07,Female,35-49,32,1
KAD001,2024-07,Female,50+,14,0
KAD001,2024-07,Male,0-14,10,0
KAD001,2024-07,Male,15-24,30,0
KAD001,2024-07,Male,25-34,36,1
KAD001,2024-07,Male,35-49,24,1
KAD001,2024-07,Male,50+,9,0
KAD001,2024-08,Female,<15,12,0
KAD001,2024-08,Female,15-24,31,1
KAD001,2024-08,Female,25-34,32,2
KAD001,2024-08,Female,35-49,27,2
KAD001,2024-08,Female,50+,13,0
KAD001,2024-08,Male,<15,8,0
KAD001,2024-08,Male,15-24,21,0
KAD001,2024-08,M,25-34,28,2
KAD001,2024-08,Male,35-49,17,1
KAD001,2024-08,M,50+,7,0
KAD001,2024-09,Female,0-14,13,0
KAD001,2024-09,Female,15-24,41,1
KAD001,2024-09,Female,25-34,34,2
KAD001,2024-09,Female,35-49,25,1
KAD001,2024-09,Female,50+,12,0
KAD001,2024-09,M,<15,10,0
KAD001,2024-09,Male,15-24,22,0
KAD001,2024-09,Male,25-34,30,2
KAD001,2024-09,Male,35-49,21,1
KAD001,2024-09,Male,50+,8,0
KAD001,2024-10,Female,<15,12,0
KAD001,2024-10,Female,15-24,37,1
KAD001,2024-10,Female,25-34,37,2
KAD001,2024-10,Female,35-49,31,2
KAD001,2024-10,Female,50+,15,0
KAD001,2024-10,M,<15,10,0
KAD001,2024-10,Male,15-24,24,0
KAD001,2024-10,Male,25-34,31,2
KAD001,2024-10,M,35-49,19,1
KAD001,2024-10,Male,50+,10,0
KAD001,2024-11,Female,0-14,9,0
KAD001,2024-11,Female,15-24,31,0
KAD001,2024-11,Female,25-34,28,1
KAD001,2024-11,Female,35-49,25,1
KAD001,2024-11,Female,50+,11,0
KAD001,2024-11,Male,<15,7,0
KAD001,2024-11,Male,15-24,22,0
KAD001,2024-11,Male,25-34,21,1
KAD001,2024-11,Male,35-49,18,0
KAD001,2024-11,male,50+,7,0
KAD001,2024-12,Female,<15,10,0
KAD001,2024-12,Female,15-24,29,1
KAD001,2024-12,F,25-34,31,2
KAD001,2024-12,Female,35-49,27,2
KAD001,2024-12,Female,50+,11,0
KAD001,2024-12,Male,<15,8,0
KAD001,2024-12,Male,15-24,21,0
KAD001,2024-12,Male,25-34,24,1
KAD001,2024-12,Male,35-49,17,1
KAD001,2024-12,Male,50 and above,8,0
KAD002,2024-01,F,<15,65,0
KAD002,2024-01,Female,15-24,226,1
KAD002,2024-01,Female,25-34,241,3
KAD002,2024-01,Female,35-49,169,2
KAD002,2024-01,F,50+,70,0
KAD002,2024-01,Male,<15,58,0
KAD002,2024-01,Male,15 - 24,161,1
KAD002,2024-01,Male,25-34,160,2
KAD002,2024-01,Male,35-49,128,1
KAD002,2024-01,Male,50+,51,0
KAD002,2024-02,Female,<15,87,0
KAD002,2024-02,female,15 - 24,236,1
KAD002,2024-02,Female,25-34,319,4
KAD002,2024-02,Female,35-49,214,2
KAD002,2024-02,F,50+,91,0
KAD002,2024-02,Male,<15,77,0
KAD002,2024-02,Male,15-24,211,1
KAD002,2024-02,Male,25-34,177,2
KAD002,2024-02,Male,35-49,151,1
KAD002,2024-02,Male,50+,68,0
KAD002,2024-03,Female,<15,97,0
KAD002,2024-03,Female,15-24,271,2
KAD002,2024-03,Female,25-34,322,4
KAD002,2024-03,Female,35-49,209,3
KAD002,2024-03,Female,50+,99,0
KAD002,2024-03,Male,<15,70,0
KAD002,2024-03,Male,15-24,193,1
KAD002,2024-03,Male,25-34,217,3
KAD002,2024-03,Male,35-49,170,2
KAD002,2024-03,Male,50+,72,0
KAD002,2024-04,Female,<15,84,0
KAD002,2024-04,Female,15-24,241,2
KAD002,2024-04,F,25-34,269,5
KAD002,2024-04,Female,35-49,194,3
KAD002,2024-04,Female,50+,108,1
KAD002,2024-04,M,<15,70,0
KAD002,2024-04,Male,15-24,174,1
KAD002,2024-04,Male,25-34,210,3
KAD002,2024-04,Male,35-49,126,2
KAD002,2024-04,Male,50+,70,0
KAD002,2024-05,Female,<15,100,0
KAD002,2024-05,Female,15-24,350,2
KAD002,2024-05,Female,25-34,301,5
KAD002,2024-05,Female,35-49,275,4
KAD002,2024-05,Female,50+,134,1
KAD002,2024-05,Male,<15,92,0
KAD002,2024-05,Male,15-24,268,2
KAD002,2024-05,Male,25-34,219,3
KAD002,2024-05,Male,35-49,180,3
KAD002,2024-05,M,50+,N/A,0
KAD002,2024-06,Female,<15,114,0
KAD002,2024-06,F,15-24,399,2
KAD002,2024-06,Female,25-34,337,4
KAD002,2024-06,Female,35-49,273,3
KAD002,2024-06,Female,50+,125,0
KAD002,2024-06,Male,<15,78,0
KAD002,2024-06,Male,15-24,264,1
KAD002,2024-06,Male,25-34,295,3
KAD002,2024-06,Male,35-49,175,2
KAD002,2024-06,Male,50 and above,90,0
KAD002,2024-07,Female,<15,114,1
KAD002,2024-07,Female,15-24,348,3
KAD002,2024-07,Female,25-34,293,5
KAD002,2024-07,f,35-49,270,4
KAD002,2024-07,Female,50+,104,0
KAD002,2024-07,Male,0-14,84,0
KAD002,2024-07,male,15-24,230,2
KAD002,2024-07,Male,25-34,265,4
KAD002,2024-07,M,35-49,161,2
KAD002,2024-07,Male,50+,77,0
KAD002,2024-08,Female,<15,109,0
KAD002,2024-08,Female,15-24,312,2
KAD002,2024-08,Female,25-34,354,5
KAD002,2024-08,Female,35-49,270,4
KAD002,2024-08,Female,50+,116,0
KAD002,2024-08,Male,<15,84,0
KAD002,2024-08,Male,15-24,241,1
KAD002,2024-08,Male,25-34,260,4
KAD002,2024-08,Male,35-49,177,2
KAD002,2024-08,Male,50+,78,0
KAD002,2024-09,Female,0-14,83,0
KAD002,2024-09,Female,15-24,247,1
KAD002,2024-09,Female,25-34,262,2
KAD002,2024-09,Female,35-49,207,2
KAD002,2024-09,Female,50+,89,0
KAD002,2024-09,Male,<15,62,0
KAD002,2024-09,Male,15-24,189,0
KAD002,2024-09,Male,25-34,180,1
KAD002,2024-09,Male,35-49,147,1
KAD002,2024-09,Male,50+,64,0
KAD002,2024-10,Female,<15,78,0
KAD002,2024-10,Female,15-24,188,1
KAD002,2024-10,F,25-34,221,3
KAD002,2024-10,Female,35-49,163,2
KAD002,2024-10,Female,50 and above,69,0
KAD002,2024-10,Male,<15,57,0
KAD002,2024-10,M,15-24,151,1
KAD002,2024-10,Male,25-34,143,2
KAD002,2024-10,Male,35-49,114,1
KAD002,2024-10,Male,50+,53,0
KAD002,2024-11,Female,<15,113,0
KAD002,2024-11,Female,15-24,294,2
KAD002,2024-11,Female,25-34,386,6
KAD002,2024-11,Female,35-49,218,3
KAD002,2024-11,F,50+,125,1
KAD002,2024-11,Male,<15,85,0
KAD002,2024-11,Male,15-24,215,1
KAD002,2024-11,Male,25-34,249,4
KAD002,2024-11,Male,35-49,190,3
KAD002,2024-11,Male,50+,84,0
KAD002,2024-12,Female,<15,91,0
KAD002,2024-12,Female,15 - 24,284,3
KAD002,2024-12,Female,25-34,318,6
KAD002,2024-12,Female,35-49,204,4
KAD002,2024-12,Female,50+,99,1
KAD002,2024-12,M,<15,73,0
KAD002,2024-12,Male,15-24,228,2
KAD002,2024-12,Male,25-34,212,4
KAD002,2024-12,Male,35-49,146,-
KAD002,2024-12,Male,50+,62,0
KAD003,2024-01,Female,0-14,59,1
KAD003,2024-01,Female,15-24,158,5
KAD003,2024-01,F,25-34,154,10
KAD003,2024-01,Female,35-49,114,7
KAD003,2024-01,Female,50+,49,1
KAD003,2024-01,M,<15,40,1
KAD003,2024-01,Male,15-24,114,3
KAD003,2024-01,M,25-34,112,7
KAD003,2024-01,Male,35-49,85,5
KAD003,2024-01,Male,50+,36,1
KAD003,2024-02,F,<15,56,1
KAD003,2024-02,F,15-24,169,5
KAD003,2024-02,Female,25-34,168,10
KAD003,2024-02,Female,35-49,135,8
KAD003,2024-02,Female,50+,61,1
KAD003,2024-02,Male,<15,41,1
KAD003,2024-02,Male,15-24,109,3
KAD003,2024-02,Male,25-34,134,8
KAD003,2024-02,Male,35-49,98,6
KAD003,2024-02,Male,50+,43,1
KAD003,2024-03,Female,<15,63,1
KAD003,2024-03,Female,15-24,178,5
KAD003,2024-03,Female,25-34,169,9
KAD003,2024-03,Female,35-49,135,7
KAD003,2024-03,Female,50+,63,1
KAD003,2024-03,Male,<15,48,1
KAD003,2024-03,M,15-24,132,3
KAD003,2024-03,Male,25-34,130,7
KAD003,2024-03,Male,35-49,85,4
KAD003,2024-03,Male,50+,46,1
KAD003,2024-04,Female,<15,71,2
KAD003,2024-04,F,15-24,185,5
KAD003,2024-04,Female,25-34,244,14
KAD003,2024-04,Female,35-49,150,8
KAD003,2024-04,Female,50+,71,2
KAD003,2024-04,Male,<15,54,1
KAD003,2024-04,Male,15-24,154,4
KAD003,2024-04,M,25-34,163,9
KAD003,2024-04,Male,35-49,97,5
KAD003,2024-04,Male,50 and above,53,1
KAD003,2024-05,Female,0-14,83,2
KAD003,2024-05,Female,15-24,232,6
KAD003,2024-05,Female,25-34,244,N/A
KAD003,2024-05,Female,35-49,197,10
KAD003,2024-05,Female,50+,90,2
KAD003,2024-05,Male,<15,65,1
KAD003,2024-05,Male,15-24,162,4
KAD003,2024-05,Male,25-34,186,9
KAD003,2024-05,Male,35-49,134,7
KAD003,2024-05,Male,50+,66,1
KAD003,2024-06,Female,<15,107,3
KAD003,2024-06,Female,15-24,275,10
KAD003,2024-06,Female,25-34,284,21
KAD003,2024-06,Female,35-49,182,13
KAD003,2024-06,Female,50+,105,3
KAD003,2024-06,Male,<15,73,2
KAD003,2024-06,Male,15-24,185,6
KAD003,2024-06,Male,25-34,201,14
KAD003,2024-06,Male,35-49,164,12
KAD003,2024-06,Male,50+,66,2
KAD003,2024-07,Female,<15,98,3
KAD003,2024-07,Female,15-24,238,8
KAD003,2024-07,Female,25-34,286,19
KAD003,2024-07,Female,35-49,209,14
KAD003,2024-07,Female,50+,92,3
KAD003,2024-07,Male,<15,71,2
KAD003,2024-07,Male,15-24,185,6
KAD003,2024-07,Male,25-34,204,14
KAD003,2024-07,Male,35-49,148,10
KAD003,2024-07,M,50+,60,2
KAD003,2024-08,Female,<15,90,3
KAD003,2024-08,Female,15-24,249,8
KAD003,2024-08,Female,25-34,270,17
KAD003,2024-08,Female,35-49,174,11
KAD003,2024-08,Female,50+,70,2
KAD003,2024-08,Male,<15,62,2
KAD003,2024-08,Male,15-24,182,6
KAD003,2024-08,Male,25-34,163,10
KAD003,2024-08,Male,35-49,148,9
KAD003,2024-08,Male,50+,63,2
KAD003,2024-09,F,<15,91,3
KAD003,2024-09,Female,15-24,258,9
KAD003,2024-09,Female,25-34,265,20
KAD003,2024-09,Female,35-49,213,16
KAD003,2024-09,Female,50+,96,3
KAD003,2024-09,Male,<15,81,3
KAD003,2024-09,male,15-24,172,6
KAD003,2024-09,Male,25-34,187,14
KAD003,2024-09,Male,35-49,150,11
KAD003,2024-09,Male,50+,78,3
KAD003,2024-10,Female,<15,61,2
KAD003,2024-10,Female,15-24,168,7
KAD003,2024-10,Female,25-34,164,14
KAD003,2024-10,Female,35-49,110,10
KAD003,2024-10,Female,50+,50,2
KAD003,2024-10,Male,<15,40,1
KAD003,2024-10,Male,15-24,120,5
KAD003,2024-10,Male,25-34,129,11
KAD003,2024-10,Male,35-49,76,6
KAD003,2024-10,Male,50+,35,1
KAD003,2024-11,Female,<15,60,1
KAD003,2024-11,Female,15-24,184,
KAD003,2024-11,Female,25-34,197,9
KAD003,2024-11,Female,35-49,117,5
KAD003,2024-11,Female,50+,60,1
KAD003,2024-11,Male,<15,47,1
KAD003,2024-11,Male,15-24,135,3
KAD003,2024-11,Male,25-34,138,6
KAD003,2024-11,Male,35-49,87,4
KAD003,2024-11,Male,50+,39,0
KAD003,2024-12,Female,<15,74,2
KAD003,2024-12,Female,15-24,215,7
KAD003,2024-12,Female,25-34,211,15
KAD003,2024-12,Female,35-49,144,10
KAD003,2024-12,Female,50+,58,2
KAD003,2024-12,Male,<15,51,1
KAD003,2024-12,Male,15-24,149,5
KAD003,2024-12,Male,25-34,166,11
KAD003,2024-12,M,35-49,96,6
KAD003,2024-12,Male,50+,47,1
KAD004,2024-01,Female,<15,153,4
KAD004,2024-01,F,15-24,470,12
KAD004,2024-01,Female,25-34,506,27
KAD004,2024-01,Female,35-49,366,19
KAD004,2024-01,Female,50+,183,4
KAD004,2024-01,Male,<15,115,3
KAD004,2024-01,Male,15-24,354,9
KAD004,2024-01,Male,25-34,353,19
KAD004,2024-01,Male,35-49,278,15
KAD004,2024-01,Male,50+,114,3
KAD004,2024-02,Female,<15,152,4
KAD004,2024-02,Female,15-24,399,11
KAD004,2024-02,Female,25-34,463,25
KAD004,2024-02,F,35-49,357,19
KAD004,2024-02,f,50+,158,4
KAD004,2024-02,Male,<15,119,3
KAD004,2024-02,Male,15-24,339,9
KAD004,2024-02,Male,25-34,301,16
KAD004,2024-02,male,35-49,235,13
KAD004,2024-02,Male,50+,112,3
KAD004,2024-03,Female,<15,171,7
KAD004,2024-03,Female,15-24,501,21
KAD004,2024-03,Female,25-34,528,-
KAD004,2024-03,Female,35-49,439,37
KAD004,2024-03,Female,50+,200,8
KAD004,2024-03,Male,<15,142,6
KAD004,2024-03,M,15-24,372,15
KAD004,2024-03,Male,25-34,361,30
KAD004,2024-03,Male,35-49,328,28
KAD004,2024-03,Male,50+,129,5
KAD004,2024-04,Female,<15,172,6
KAD004,2024-04,Female,15-24,427,15
KAD004,2024-04,Female,25-34,518,37
KAD004,2024-04,Female,35-49,415,29
KAD004,2024-04,Female,50+,179,6
KAD004,2024-04,Male,0-14,134,4
KAD004,2024-04,Male,15-24,386,13
KAD004,2024-04,Male,25-34,351,25
KAD004,2024-04,Male,35-49,250,17
KAD004,2024-04,Male,50+,118,4
KAD004,2024-05,Female,<15,200,8
KAD004,2024-05,F,15-24,621,26
KAD004,2024-05,female,25-34,708,61
KAD004,2024-05,Female,35-49,545,47
KAD004,2024-05,Female,50+,221,9
KAD004,2024-05,Male,<15,183,7
KAD004,2024-05,Male,15-24,457,19
KAD004,2024-05,Male,25-34,499,43
KAD004,2024-05,Male,35-49,374,32
KAD004,2024-05,Male,50+,148,6
KAD004,2024-06,Female,<15,180,7
KAD004,2024-06,Female,15-24,550,24
KAD004,2024-06,Female,25-34,552,48
KAD004,2024-06,Female,35-49,428,37
KAD004,2024-06,Female,50+,182,8
KAD004,2024-06,Male,<15,122,5
KAD004,2024-06,M,15-24,375,16
KAD004,2024-06,Male,25-34,416,36
KAD004,2024-06,Male,35-49,312,27
KAD004,2024-06,Male,50+,145,6
KAD004,2024-07,Female,<15,224,10
KAD004,2024-07,Female,15-24,566,26
KAD004,2024-07,Female,25-34,646,60
KAD004,2024-07,female,35-49,572,53
KAD004,2024-07,Female,50+,198,9
KAD004,2024-07,Male,<15,156,7
KAD004,2024-07,Male,15-24,388,18
KAD004,2024-07,M,25-34,516,48
KAD004,2024-07,M,35-49,383,35
KAD004,2024-07,Male,50 and above,153,7
KAD004,2024-08,Female,<15,209,8
KAD004,2024-08,Female,15-24,489,19
KAD004,2024-08,Female,25-34,596,48
KAD004,2024-08,Female,35-49,349,28
KAD004,2024-08,Female,50+,204,8
KAD004,2024-08,Male,<15,118,4
KAD004,2024-08,Male,15-24,406,16
KAD004,2024-08,M,25-34,385,31
KAD004,2024-08,Male,35-49,295,24
KAD004,2024-08,Male,50+,131,5
KAD004,2024-09,female,<15,173,7
KAD004,2024-09,Female,15-24,621,25
KAD004,2024-09,Female,25-34,521,42
KAD004,2024-09,F,35-49,460,37
KAD004,2024-09,Female,50+,185,7
KAD004,2024-09,Male,<15,149,6
KAD004,2024-09,Male,15-24,437,17
KAD004,2024-09,Male,25-34,405,32
KAD004,2024-09,Male,35-49,298,24
KAD004,2024-09,Male,50+,130,5
KAD004,2024-10,Female,<15,155,5
KAD004,2024-10,female,15-24,496,16
KAD004,2024-10,Female,25-34,543,36
KAD004,2024-10,female,35-49,420,28
KAD004,2024-10,Female,50+,144,4
KAD004,2024-10,Male,<15,127,4
KAD004,2024-10,Male,15-24,385,12
KAD004,2024-10,Male,25-34,369,24
KAD004,2024-10,Male,35-49,257,17
KAD004,2024-10,male,50+,136,4
KAD004,2024-11,Female,<15,139,5
KAD004,2024-11,Female,15-24,421,15
KAD004,2024-11,Female,25-34,489,36
KAD004,2024-11,female,35-49,355,26
KAD004,2024-11,Female,50+,171,6
KAD004,2024-11,Male,0-14,102,3
KAD004,2024-11,Male,15-24,292,10
KAD004,2024-11,Male,25-34,371,27
KAD004,2024-11,M,35-49,249,18
KAD004,2024-11,male,50+,125,4
KAD004,2024-12,Female,<15,148,4
KAD004,2024-12,Female,15-24,419,13
KAD004,2024-12,Female,25-34,415,27
KAD004,2024-12,Female,35-49,325,21
KAD004,2024-12,F,50+,172,5
KAD004,2024-12,M,<15,96,3
KAD004,2024-12,Male,15-24,276,9
KAD004,2024-12,Male,25-34,337,22
KAD004,2024-12,Male,35-49,258,16
KAD004,2024-12,Male,50+,104,3
KAD005,2024-01,Female,<15,31,0
KAD005,2024-01,Female,15-24,99,1
KAD005,2024-01,Female,25-34,98,2
KAD005,2024-01,Female,35-49,81,1
KAD005,2024-01,F,50+,35,0
KAD005,2024-01,Male,<15,26,0
KAD005,2024-01,M,15-24,75,0
KAD005,2024-01,male,25-34,70,1
KAD005,2024-01,Male,35-49,52,1
KAD005,2024-01,Male,50+,25,0
KAD005,2024-02,Female,<15,24,0
KAD005,2024-02,Female,15-24,85,0
KAD005,2024-02,Female,25-34,77,1
KAD005,2024-02,Female,35-49,70,1
KAD005,2024-02,f,50+,29,0
KAD005,2024-02,Male,<15,22,0
KAD005,2024-02,Male,15-24,49,0
KAD005,2024-02,Male,25-34,64,1
KAD005,2024-02,Male,35-49,51,0
KAD005,2024-02,M,50+,20,0
KAD005,2024-03,F,<15,34,0
KAD005,2024-03,F,15-24,94,0
KAD005,2024-03,Female,25-34,108,1
KAD005,2024-03,Female,35-49,68,0
KAD005,2024-03,Female,50+,33,0
KAD005,2024-03,Male,<15,24,0
KAD005,2024-03,Male,15-24,68,0
KAD005,2024-03,male,25-34,72,0
KAD005,2024-03,Male,35-49,52,0
KAD005,2024-03,Male,50+,26,0
KAD005,2024-04,Female,<15,36,0
KAD005,2024-04,Female,15-24,93,1
KAD005,2024-04,F,25-34,101,3
KAD005,2024-04,Female,35-49,77,2
KAD005,2024-04,Female,50+,39,0
KAD005,2024-04,M,<15,26,0
KAD005,2024-04,Male,15-24,61,1
KAD005,2024-04,male,25-34,84,2
KAD005,2024-04,Male,35-49,56,1
KAD005,2024-04,Male,50+,24,0
KAD005,2024-05,Female,<15,37,0
KAD005,2024-05,Female,15-24,-,0
KAD005,2024-05,Female,25-34,133,1
KAD005,2024-05,Female,35-49,98,1
KAD005,2024-05,Female,50+,48,0
KAD005,2024-05,Male,<15,28,0
KAD005,2024-05,Male,15-24,94,0
KAD005,2024-05,Male,25-34,96,1
KAD005,2024-05,Male,35-49,71,1
KAD005,2024-05,M,50+,35,0
KAD005,2024-06,Female,<15,50,0
KAD005,2024-06,Female,15-24,125,1
KAD005,2024-06,Female,25-34,165,3
KAD005,2024-06,Female,35-49,117,2
KAD005,2024-06,Female,50+,53,0
KAD005,2024-06,Male,0-14,36,0
KAD005,2024-06,Male,15 - 24,97,1
KAD005,2024-06,Male,25-34,101,2
KAD005,2024-06,male,35-49,92,2
KAD005,2024-06,male,50+,43,0
KAD005,2024-07,Female,<15,44,0
KAD005,2024-07,Female,15-24,111,1
KAD005,2024-07,Female,25-34,136,3
KAD005,2024-07,Female,35-49,92,2
KAD005,2024-07,Female,50+,36,0
KAD005,2024-07,Male,0-14,28,0
KAD005,2024-07,Male,15-24,92,1
KAD005,2024-07,male,25-34,87,2
KAD005,2024-07,Male,35-49,62,1
KAD005,2024-07,Male,50+,34,0
KAD005,2024-08,Female,<15,43,0
KAD005,2024-08,F,15-24,126,2
KAD005,2024-08,Female,25-34,143,4
KAD005,2024-08,Female,35-49,100,3
KAD005,2024-08,Female,50+,50,0
KAD005,2024-08,Male,<15,36,0
KAD005,2024-08,Male,15-24,93,1
KAD005,2024-08,Male,25-34,104,3
KAD005,2024-08,Male,35-49,66,2
KAD005,2024-08,Male,50 and above,35,0
KAD005,2024-09,Female,<15,36,0
KAD005,2024-09,F,15-24,127,1
KAD005,2024-09,Female,25-34,107,1
KAD005,2024-09,Female,35-49,88,1
KAD005,2024-09,Female,50+,38,0
KAD005,2024-09,Male,<15,26,0
KAD005,2024-09,Male,15 - 24,80,0
KAD005,2024-09,M,25-34,88,1
KAD005,2024-09,Male,35-49,60,1
KAD005,2024-09,Male,50+,33,0
KAD005,2024-10,Female,<15,36,0
KAD005,2024-10,F,15-24,125,1
KAD005,2024-10,Female,25-34,112,2
KAD005,2024-10,Female,35-49,89,2
KAD005,2024-10,Female,50+,40,0
KAD005,2024-10,Male,<15,33,0
KAD005,2024-10,M,15-24,70,0
KAD005,2024-10,M,25-34,95,2
KAD005,2024-10,Male,35-49,58,1
KAD005,2024-10,Male,50+,33,0
KAD005,2024-11,Female,<15,29,0
KAD005,2024-11,F,15-24,91,1
KAD005,2024-11,Female,25-34,89,2
KAD005,2024-11,Female,35-49,70,2
KAD005,2024-11,Female,50+,28,0
KAD005,2024-11,Male,<15,21,0
KAD005,2024-11,Male,15-24,66,1
KAD005,2024-11,Male,25-34,69,2
KAD005,2024-11,Male,35-49,46,1
KAD005,2024-11,Male,50+,20,0
KAD005,2024-12,F,<15,37,0
KAD005,2024-12,Female,15-24,86,1
KAD005,2024-12,F,25-34,116,2
KAD005,2024-12,Female,35-49,85,2
KAD005,2024-12,Female,50+,35,0
KAD005,2024-12,male,<15,26,0
KAD005,2024-12,Male,15-24,79,0
KAD005,2024-12,male,25-34,67,1
KAD005,2024-12,Male,35-49,61,1
KAD005,2024-12,Male,50+,26,0
KAD006,2024-01,Female,0-14,84,0
KAD006,2024-01,Female,15-24,277,1
KAD006,2024-01,Female,25-34,231,2
KAD006,2024-01,Female,35-49,212,2
KAD006,2024-01,Female,50+,87,0
KAD006,2024-01,Male,<15,61,0
KAD006,2024-01,Male,15-24,172,1
KAD006,2024-01,Male,25-34,189,2
KAD006,2024-01,Male,35-49,150,1
KAD006,2024-01,Male,50+,72,0
KAD006,2024-02,Female,<15,122,1
KAD006,2024-02,Female,15-24,342,3
KAD006,2024-02,Female,25-34,341,6
KAD006,2024-02,Female,35-49,215,4
KAD006,2024-02,F,50 and above,119,1
KAD006,2024-02,Male,<15,86,0
KAD006,2024-02,Male,15-24,236,2
KAD006,2024-02,Male,25-34,226,4
KAD006,2024-02,Male,35-49,190,3
KAD006,2024-02,Male,50+,87,0
KAD006,2024-03,Female,<15,129,0
KAD006,2024-03,Female,15-24,335,2
KAD006,2024-03,Female,25-34,311,4
KAD006,2024-03,Female,35-49,256,3
KAD006,2024-03,Female,50+,121,0
KAD006,2024-03,Male,<15,74,0
KAD006,2024-03,Male,15-24,239,1
KAD006,2024-03,Male,25-34,243,3
KAD006,2024-03,Male,35-49,191,2
KAD006,2024-03,Male,50+,87,0
KAD006,2024-04,F,<15,138,2
KAD006,2024-04,Female,15-24,359,5
KAD006,2024-04,Female,25-34,372,10
KAD006,2024-04,female,35-49,291,8
KAD006,2024-04,Female,50+,140,2
KAD006,2024-04,M,<15,89,1
KAD006,2024-04,M,15-24,267,3
KAD006,2024-04,Male,25-34,272,7
KAD006,2024-04,Male,35-49,212,6
KAD006,2024-04,Male,50+,101,1
KAD006,2024-05,Female,<15,144,2
KAD006,2024-05,Female,15-24,391,5
KAD006,2024-05,Female,25-34,492,14
KAD006,2024-05,F,35-49,298,8
KAD006,2024-05,F,50+,127,1
KAD006,2024-05,Male,<15,91,1
KAD006,2024-05,Male,15-24,321,4
KAD006,2024-05,Male,25-34,291,N/A
KAD006,2024-05,Male,35-49,235,6
KAD006,2024-05,Male,50+,112,1
KAD006,2024-06,Female,<15,123,1
KAD006,2024-06,Female,15-24,428,3
KAD006,2024-06,Female,25-34,419,7
KAD006,2024-06,Female,35-49,292,5
KAD006,2024-06,Female,50+,136,1
KAD006,2024-06,male,<15,106,0
KAD006,2024-06,Male,15-24,287,2
KAD006,2024-06,Male,25-34,312,5
KAD006,2024-06,M,35-49,198,3
KAD006,2024-06,Male,50+,108,0
KAD006,2024-07,Female,<15,132,1
KAD006,2024-07,female,15-24,354,3
KAD006,2024-07,Female,25-34,358,7
KAD006,2024-07,F,35-49,323,7
KAD006,2024-07,Female,50+,138,1
KAD006,2024-07,Male,<15,107,1
KAD006,2024-07,M,15-24,238,2
KAD006,2024-07,Male,25-34,307,6
KAD006,2024-07,Male,35-49,212,4
KAD006,2024-07,Male,50+,82,0
KAD006,2024-08,Female,<15,131,1
KAD006,2024-08,f,15-24,344,3
KAD006,2024-08,Female,25-34,415,9
KAD006,2024-08,Female,35-49,347,8
KAD006,2024-08,F,50+,137,1
KAD006,2024-08,male,<15,105,1
KAD006,2024-08,Male,15-24,269,3
KAD006,2024-08,Male,25-34,299,6
KAD006,2024-08,Male,35-49,218,5
KAD006,2024-08,Male,50+,103,1
KAD006,2024-09,Female,<15,111,1
KAD006,2024-09,Female,15-24,316,3
KAD006,2024-09,Female,25-34,300,7
KAD006,2024-09,Female,35-49,251,6
KAD006,2024-09,Female,50+,108,1
KAD006,2024-09,M,<15,81,1
KAD006,2024-09,Male,15-24,N/A,2
KAD006,2024-09,Male,25-34,242,5
KAD006,2024-09,Male,35-49,182,4
KAD006,2024-09,Male,50+,73,0
KAD006,2024-10,female,<15,126,1
KAD006,2024-10,Female,15-24,327,3
KAD006,2024-10,Female,25-34,321,6
KAD006,2024-10,F,35-49,261,5
KAD006,2024-10,Female,50+,129,1
KAD006,2024-10,Male,<15,85,0
KAD006,2024-10,Male,15-24,223,2
KAD006,2024-10,Male,25-34,247,5
KAD006,2024-10,Male,35-49,204,4
KAD006,2024-10,Male,50+,82,0
KAD006,2024-11,Female,0-14,101,0
KAD006,2024-11,F,15-24,338,2
KAD006,2024-11,Female,25-34,388,6
KAD006,2024-11,Female,35-49,247,4
KAD006,2024-11,Female,50+,128,1
KAD006,2024-11,Male,<15,90,0
KAD006,2024-11,Male,15-24,256,2
KAD006,2024-11,Male,25-34,250,4
KAD006,2024-11,Male,35-49,197,3
KAD006,2024-11,Male,50+,76,0
KAD006,2024-12,Female,<15,95,1
KAD006,2024-12,Female,15-24,268,3
KAD006,2024-12,Female,25-34,325,7
KAD006,2024-12,Female,35-49,236,5
KAD006,2024-12,Female,50 and above,114,1
KAD006,2024-12,M,<15,84,1
KAD006,2024-12,Male,15-24,200,2
KAD006,2024-12,Male,25-34,216,5
KAD006,2024-12,Male,35-49,182,4
KAD006,2024-12,Male,50+,69,0
KAD007,2024-01,Female,<15,11,0
KAD007,2024-01,Female,15-24,38,1
KAD007,2024-01,Female,25-34,32,2
KAD007,2024-01,Female,35-49,27,1
KAD007,2024-01,Female,50+,13,0
KAD007,2024-01,Male,<15,10,0
KAD007,2024-01,Male,15 - 24,25,0
KAD007,2024-01,Male,25-34,25,1
KAD007,2024-01,Male,35-49,19,1
KAD007,2024-01,Male,50+,9,0
KAD007,2024-02,Female,0-14,15,0
KAD007,2024-02,female,15-24,45,1
KAD007,2024-02,F,25-34,41,2
KAD007,2024-02,female,35-49,39,2
KAD007,2024-02,Female,50+,16,0
KAD007,2024-02,Male,<15,12,0
KAD007,2024-02,Male,15-24,30,0
KAD007,2024-02,Male,25-34,32,1
KAD007,2024-02,Male,35-49,26,1
KAD007,2024-02,Male,50+,12,0
KAD007,2024-03,Female,<15,15,0
KAD007,2024-03,Female,15-24,49,1
KAD007,2024-03,Female,25-34,51,3
KAD007,2024-03,Female,35-49,37,2
KAD007,2024-03,Female,50+,14,0
KAD007,2024-03,M,<15,12,0
KAD007,2024-03,Male,15-24,39,1
KAD007,2024-03,male,25-34,32,2
KAD007,2024-03,Male,35-49,24,1
KAD007,2024-03,Male,50+,12,0
KAD007,2024-04,Female,<15,15,0
KAD007,2024-04,Female,15-24,42,1
KAD007,2024-04,Female,25-34,48,4
KAD007,2024-04,Female,35-49,33,2
KAD007,2024-04,Female,50+,17,0
KAD007,2024-04,Male,<15,12,0
KAD007,2024-04,Male,15-24,28,1
KAD007,2024-04,Male,25-34,34,3
KAD007,2024-04,Male,35-49,27,2
KAD007,2024-04,Male,50+,11,0
KAD007,2024-05,Female,<15,17,0
KAD007,2024-05,Female,15-24,51,1
KAD007,2024-05,female,25-34,58,4
KAD007,2024-05,Female,35-49,46,3
KAD007,2024-05,Female,50+,16,0
KAD007,2024-05,Male,<15,15,0
KAD007,2024-05,Male,15-24,37,1
KAD007,2024-05,Male,25-34,41,3
KAD007,2024-05,Male,35-49,27,1
KAD007,2024-05,Male,50+,15,0
KAD007,2024-06,Female,<15,19,0
KAD007,2024-06,Female,15-24,49,1
KAD007,2024-06,Female,25-34,45,3
KAD007,2024-06,Female,35-49,39,2
KAD007,2024-06,Female,50+,15,0
KAD007,2024-06,Male,<15,11,0
KAD007,2024-06,Male,15-24,-,1
KAD007,2024-06,Male,25-34,39,2
KAD007,2024-06,Male,35-49,30,2
KAD007,2024-06,M,50+,11,0
KAD007,2024-07,F,<15,15,0
KAD007,2024-07,Female,15-24,47,1
KAD007,2024-07,Female,25-34,51,2
KAD007,2024-07,female,35-49,38,1
KAD007,2024-07,f,50+,16,0
KAD007,2024-07,Male,<15,10,0
KAD007,2024-07,Male,15-24,32,0
KAD007,2024-07,Male,25-34,38,1
KAD007,2024-07,Male,35-49,29,1
KAD007,2024-07,M,50+,12,0
KAD007,2024-08,Female,<15,16,0
KAD007,2024-08,female,15-24,49,1
KAD007,2024-08,Female,25-34,43,3
KAD007,2024-08,Female,35-49,40,3
KAD007,2024-08,Female,50+,16,0
KAD007,2024-08,Male,<15,10,0
KAD007,2024-08,Male,15-24,35,1
KAD007,2024-08,Male,25-34,38,2
KAD007,2024-08,Male,35-49,24,1
KAD007,2024-08,Male,50 and above,12,0
KAD007,2024-09,Female,<15,12,0
KAD007,2024-09,Female,15-24,29,1
KAD007,2024-09,Female,25-34,33,2
KAD007,2024-09,Female,35-49,23,1
KAD007,2024-09,Female,50+,12,0
KAD007,2024-09,Male,<15,7,0
KAD007,2024-09,Male,15-24,19,0
KAD007,2024-09,Male,25-34,25,1
KAD007,2024-09,Male,35-49,19,1
KAD007,2024-09,Male,50+,8,0
KAD007,2024-10,Female,<15,17,0
KAD007,2024-10,Female,15-24,55,2
KAD007,2024-10,Female,25-34,56,4
KAD007,2024-10,Female,35-49,36,2
KAD007,2024-10,F,50+,17,0
KAD007,2024-10,Male,<15,12,0
KAD007,2024-10,Male,15-24,42,1
KAD007,2024-10,Male,25-34,39,2
KAD007,2024-10,M,35-49,25,1
KAD007,2024-10,Male,50+,12,0
KAD007,2024-11,Female,<15,13,0
KAD007,2024-11,Female,15 - 24,39,1
KAD007,2024-11,Female,25-34,48,2
KAD007,2024-11,Female,35-49,34,2
KAD007,2024-11,Female,50+,13,0
KAD007,2024-11,Male,<15,11,0
KAD007,2024-11,Male,15-24,31,0
KAD007,2024-11,Male,25-34,27,1
KAD007,2024-11,Male,35-49,26,1
KAD007,2024-11,Male,50+,11,0
KAD007,2024-12,Female,<15,14,0
KAD007,2024-12,Female,15-24,33,1
KAD007,2024-12,Female,25-34,38,2
KAD007,2024-12,Female,35-49,27,1
KAD007,2024-12,Female,50+,11,0
KAD007,2024-12,Male,<15,10,0
KAD007,2024-12,Male,15-24,27,0
KAD007,2024-12,Male,25-34,24,1
KAD007,2024-12,Male,35-49,20,1
KAD007,2024-12,Male,50+,7,0
KAD008,2024-01,Female,<15,20,0
KAD008,2024-01,Female,15-24,58,1
KAD008,2024-01,Female,25-34,60,2
KAD008,2024-01,Female,35-49,50,2
KAD008,2024-01,Female,50+,23,0
KAD008,2024-01,Male,<15,15,0
KAD008,2024-01,Male,15-24,41,0
KAD008,2024-01,Male,25-34,45,1
KAD008,2024-01,Male,35-49,36,1
KAD008,2024-01,Male,50+,16,0
KAD008,2024-02,Female,<15,21,0
KAD008,2024-02,Female,15-24,60,1
KAD008,2024-02,Female,25-34,75,3
KAD008,2024-02,Female,35-49,43,1
KAD008,2024-02,F,50+,22,0
KAD008,2024-02,Male,<15,17,0
KAD008,2024-02,Male,15-24,45,1
KAD008,2024-02,male,25-34,50,2
KAD008,2024-02,male,35-49,32,1
KAD008,2024-02,M,50+,14,0
KAD008,2024-03,Female,<15,24,0
KAD008,2024-03,Female,15-24,56,1
KAD008,2024-03,Female,25-34,73,3
KAD008,2024-03,female,35-49,47,2
KAD008,2024-03,Female,50+,25,0
KAD008,2024-03,Male,<15,14,0
KAD008,2024-03,Male,15-24,48,1
KAD008,2024-03,Male,25-34,49,2
KAD008,2024-03,Male,35-49,33,1
KAD008,2024-03,Male,50+,18,0
KAD008,2024-04,Female,<15,24,0
KAD008,2024-04,Female,15-24,68,
KAD008,2024-04,Female,25-34,82,2
KAD008,2024-04,Female,35-49,63,1
KAD008,2024-04,Female,50+,28,0
KAD008,2024-04,Male,<15,17,0
KAD008,2024-04,M,15-24,51,0
KAD008,2024-04,M,25-34,61,1
KAD008,2024-04,Male,35-49,46,1
KAD008,2024-04,Male,50+,17,0
KAD008,2024-05,Female,<15,18,0
KAD008,2024-05,Female,15 - 24,57,1
KAD008,2024-05,Female,25-34,62,3
KAD008,2024-05,female,35-49,43,2
KAD008,2024-05,Female,50+,18,0
KAD008,2024-05,Male,<15,15,0
KAD008,2024-05,Male,15 - 24,38,0
KAD008,2024-05,male,25-34,42,2
KAD008,2024-05,Male,35-49,33,1
KAD008,2024-05,Male,50+,16,0
KAD008,2024-06,Female,<15,19,0
KAD008,2024-06,Female,15-24,69,1
KAD008,2024-06,Female,25-34,68,3
KAD008,2024-06,Female,35-49,56,2
KAD008,2024-06,F,50+,23,0
KAD008,2024-06,Male,<15,16,0
KAD008,2024-06,male,15-24,50,1
KAD008,2024-06,Male,25-34,55,2
KAD008,2024-06,Male,35-49,33,1
KAD008,2024-06,Male,50+,15,0
KAD008,2024-07,Female,<15,22,0
KAD008,2024-07,F,15-24,56,2
KAD008,2024-07,Female,25-34,72,5
KAD008,2024-07,Female,35-49,52,3
KAD008,2024-07,Female,50+,24,0
KAD008,2024-07,Male,<15,15,0
KAD008,2024-07,Male,15-24,44,1
KAD008,2024-07,M,25-34,50,3
KAD008,2024-07,Male,35-49,34,2
KAD008,2024-07,male,50+,19,0
KAD008,2024-08,Female,<15,22,0
KAD008,2024-08,Female,15-24,57,2
KAD008,2024-08,Female,25-34,61,4
KAD008,2024-08,Female,35-49,59,4
KAD008,2024-08,Female,50+,26,0
KAD008,2024-08,Male,<15,15,0
KAD008,2024-08,Male,15-24,45,1
KAD008,2024-08,Male,25-34,49,3
KAD008,2024-08,Male,35-49,36,2
KAD008,2024-08,Male,50+,18,0
KAD008,2024-09,female,<15,24,0
KAD008,2024-09,Female,15-24,63,1
KAD008,2024-09,Female,25-34,76,4
KAD008,2024-09,Female,35-49,49,3
KAD008,2024-09,Female,50+,20,0
KAD008,2024-09,Male,<15,14,0
KAD008,2024-09,Male,15-24,51,1
KAD008,2024-09,Male,25-34,44,2
KAD008,2024-09,Male,35-49,41,2
KAD008,2024-09,Male,50+,17,0
KAD008,2024-10,Female,<15,15,0
KAD008,2024-10,Female,15-24,50,1
KAD008,2024-10,Female,25-34,59,2
KAD008,2024-10,Female,35-49,34,1
KAD008,2024-10,Female,50+,20,0
KAD008,2024-10,Male,<15,12,0
KAD008,2024-10,Male,15-24,43,0
KAD008,2024-10,Male,25-34,36,1
KAD008,2024-10,Male,35-49,25,1
KAD008,2024-10,Male,50+,12,0
KAD008,2024-11,Female,<15,16,0
KAD008,2024-11,F,15-24,36,1
KAD008,2024-11,Female,25-34,44,3
KAD008,2024-11,Female,35-49,34,2
KAD008,2024-11,Female,50+,16,0
KAD008,2024-11,M,<15,11,0
KAD008,2024-11,Male,15-24,27,0
KAD008,2024-11,Male,25-34,33,2
KAD008,2024-11,Male,35-49,24,1
KAD008,2024-11,Male,50+,11,0
KAD008,2024-12,Female,<15,16,0
KAD008,2024-12,Female,15-24,53,1
KAD008,2024-12,Female,25-34,56,2
KAD008,2024-12,Female,35-49,45,1
KAD008,2024-12,Female,50+,18,0
KAD008,2024-12,Male,0-14,15,0
KAD008,2024-12,Male,15-24,36,0
KAD008,2024-12,Male,25-34,46,1
KAD008,2024-12,Male,35-49,25,0
KAD008,2024-12,Male,50+,13,0
KAD009,2024-01,Female,<15,28,0
KAD009,2024-01,Female,15-24,89,2
KAD009,2024-01,F,25-34,84,5
KAD009,2024-01,female,35-49,59,3
KAD009,2024-01,Female,50+,33,1
KAD009,2024-01,Male,<15,22,0
KAD009,2024-01,Male,15-24,64,1
KAD009,2024-01,Male,25-34,61,3
KAD009,2024-01,Male,35-49,43,2
KAD009,2024-01,Male,50+,21,0
KAD009,2024-02,Female,<15,N/A,0
KAD009,2024-02,Female,15-24,93,2
KAD009,2024-02,female,25-34,79,4
KAD009,2024-02,Female,35-49,70,3
KAD009,2024-02,Female,50+,29,0
KAD009,2024-02,Male,<15,22,0
KAD009,2024-02,Male,15-24,60,1
KAD009,2024-02,Male,25-34,65,3
KAD009,2024-02,Male,35-49,48,2
KAD009,2024-02,Male,50+,22,0
KAD009,2024-03,Female,<15,25,0
KAD009,2024-03,Female,15-24,65,1
KAD009,2024-03,Female,25-34,80,4
KAD009,2024-03,Female,35-49,68,3
KAD009,2024-03,Female,50+,24,0
KAD009,2024-03,Male,<15,17,0
KAD009,2024-03,M,15-24,49,1
KAD009,2024-03,Male,25-34,62,3
KAD009,2024-03,Male,35-49,46,2
KAD009,2024-03,Male,50+,16,0
KAD009,2024-04,Female,<15,31,1
KAD009,2024-04,Female,15-24,76,2
KAD009,2024-04,Female,25-34,98,7
KAD009,2024-04,Female,35-49,55,4
KAD009,2024-04,Female,50+,25,0
KAD009,2024-04,Male,<15,18,0
KAD009,2024-04,Male,15-24,58,2
KAD009,2024-04,Male,25-34,68,5
KAD009,2024-04,Male,35-49,43,3
KAD009,2024-04,Male,50+,20,0
KAD009,2024-05,Female,<15,35,1
KAD009,2024-05,Female,15-24,111,4
KAD009,2024-05,Female,25-34,116,10
KAD009,2024-05,Female,35-49,85,7
KAD009,2024-05,Female,50+,33,1
KAD009,2024-05,Male,<15,25,1
KAD009,2024-05,Male,15-24,85,3
KAD009,2024-05,Male,25-34,85,7
KAD009,2024-05,Male,35-49,55,4
KAD009,2024-05,Male,50+,26,1
KAD009,2024-06,Female,<15,34,1
KAD009,2024-06,Female,15-24,117,3
KAD009,2024-06,F,25-34,128,8
KAD009,2024-06,F,35-49,93,5
KAD009,2024-06,female,50+,41,1
KAD009,2024-06,male,<15,27,
KAD009,2024-06,Male,15-24,90,2
KAD009,2024-06,Male,25-34,93,5
KAD009,2024-06,M,35-49,62,3
KAD009,2024-06,Male,50+,27,0
KAD009,2024-07,Female,<15,38,1
KAD009,2024-07,Female,15-24,99,3
KAD009,2024-07,Female,25-34,96,6
KAD009,2024-07,Female,35-49,89,6
KAD009,2024-07,Female,50+,37,1
KAD009,2024-07,Male,<15,31,1
KAD009,2024-07,Male,15-24,72,2
KAD009,2024-07,Male,25-34,74,5
KAD009,2024-07,Male,35-49,54,3
KAD009,2024-07,Male,50+,28,0
KAD009,2024-08,Female,0-14,40,1
KAD009,2024-08,F,15-24,112,3
KAD009,2024-08,Female,25-34,115,8
KAD009,2024-08,Female,35-49,91,6
KAD009,2024-08,Female,50+,35,1
KAD009,2024-08,Male,<15,32,1
KAD009,2024-08,Male,15-24,87,3
KAD009,2024-08,Male,25-34,74,5
KAD009,2024-08,Male,35-49,62,4
KAD009,2024-08,Male,50+,28,0
KAD009,2024-09,Female,<15,30,0
KAD009,2024-09,Female,15-24,85,2
KAD009,2024-09,Female,25-34,N/A,4
KAD009,2024-09,Female,35-49,78,3
KAD009,2024-09,Female,50+,36,0
KAD009,2024-09,Male,<15,19,0
KAD009,2024-09,Male,15-24,68,1
KAD009,2024-09,Male,25-34,69,3
KAD009,2024-09,M,35-49,51,2
KAD009,2024-09,Male,50+,23,0
KAD009,2024-10,Female,<15,36,0
KAD009,2024-10,F,15-24,111,2
KAD009,2024-10,Female,25-34,105,5
KAD009,2024-10,Female,35-49,70,3
KAD009,2024-10,Female,50+,33,0
KAD009,2024-10,Male,<15,27,0
KAD009,2024-10,Male,15 - 24,71,1
KAD009,2024-10,Male,25-34,72,3
KAD009,2024-10,Male,35-49,57,3
KAD009,2024-10,Male,50+,29,0
KAD009,2024-11,F,<15,28,0
KAD009,2024-11,Female,15-24,86,1
KAD009,2024-11,Female,25-34,88,3
KAD009,2024-11,Female,35-49,75,2
KAD009,2024-11,F,50+,33,0
KAD009,2024-11,Male,<15,25,0
KAD009,2024-11,Male,15-24,66,1
KAD009,2024-11,Male,25-34,64,2
KAD009,2024-11,Male,35-49,45,1
KAD009,2024-11,M,50+,23,0
KAD009,2024-12,Female,<15,26,1
KAD009,2024-12,Female,15-24,78,3
KAD009,2024-12,F,25-34,84,7
KAD009,2024-12,f,35-49,57,5
KAD009,2024-12,F,50+,24,1
KAD009,2024-12,M,<15,20,0
KAD009,2024-12,Male,15-24,52,2
KAD009,2024-12,M,25-34,59,5
KAD009,2024-12,Male,35-49,42,3
KAD009,2024-12,M,50+,21,0
KAD010,2024-01,Female,<15,12,0
KAD010,2024-01,Female,15-24,40,1
KAD010,2024-01,Female,25-34,36,2
KAD010,2024-01,Female,35-49,26,2
KAD010,2024-01,Female,50+,12,0
KAD010,2024-01,Male,<15,9,0
KAD010,2024-01,Male,15 - 24,24,0
KAD010,2024-01,Male,25-34,28,2
KAD010,2024-01,Male,35-49,20,1
KAD010,2024-01,Male,50+,10,0
KAD010,2024-02,Female,<15,12,0
KAD010,2024-02,Female,15-24,34,1
KAD010,2024-02,Female,25-34,35,2
KAD010,2024-02,Female,35-49,26,1
KAD010,2024-02,Female,50+,12,0
KAD010,2024-02,Male,<15,10,0
KAD010,2024-02,Male,15-24,24,0
KAD010,2024-02,Male,25-34,25,1
KAD010,2024-02,Male,35-49,18,1
KAD010,2024-02,Male,50 and above,9,0
KAD010,2024-03,Female,<15,16,0
KAD010,2024-03,Female,15-24,40,0
KAD010,2024-03,Female,25-34,46,1
KAD010,2024-03,Female,35-49,40,1
KAD010,2024-03,f,50+,16,0
KAD010,2024-03,Male,<15,11,0
KAD010,2024-03,Male,15-24,33,0
KAD010,2024-03,Male,25-34,34,1
KAD010,2024-03,male,35-49,25,0
KAD010,2024-03,Male,50+,10,0
KAD010,2024-04,f,<15,15,0
KAD010,2024-04,Female,15-24,42,1
KAD010,2024-04,F,25-34,43,3
KAD010,2024-04,Female,35-49,34,2
KAD010,2024-04,Female,50+,15,0
KAD010,2024-04,Male,<15,12,0
KAD010,2024-04,M,15-24,30,1
KAD010,2024-04,Male,25-34,30,2
KAD010,2024-04,m,35-49,23,1
KAD010,2024-04,M,50+,12,0
KAD010,2024-05,Female,<15,17,0
KAD010,2024-05,Female,15 - 24,44,1
KAD010,2024-05,Female,25-34,61,3
KAD010,2024-05,Female,35-49,38,1
KAD010,2024-05,Female,50+,16,0
KAD010,2024-05,Male,<15,14,0
KAD010,2024-05,Male,15-24,39,0
KAD010,2024-05,Male,25-34,36,1
KAD010,2024-05,Male,35-49,27,1
KAD010,2024-05,Male,50+,12,0
KAD010,2024-06,Female,<15,24,0
KAD010,2024-06,Female,15-24,64,2
KAD010,2024-06,Female,25-34,55,4
KAD010,2024-06,F,35-49,48,3
KAD010,2024-06,Female,50 and above,24,0
KAD010,2024-06,Male,<15,14,0
KAD010,2024-06,Male,15 - 24,45,1
KAD010,2024-06,Male,25-34,49,3
KAD010,2024-06,Male,35-49,31,2
KAD010,2024-06,Male,50+,15,0
KAD010,2024-07,Female,<15,20,0
KAD010,2024-07,Female,15-24,60,1
KAD010,2024-07,Female,25-34,61,3
KAD010,2024-07,female,35-49,46,2
KAD010,2024-07,Female,50+,22,0
KAD010,2024-07,Male,<15,13,0
KAD010,2024-07,M,15-24,38,1
KAD010,2024-07,Male,25-34,44,2
KAD010,2024-07,Male,35-49,36,2
KAD010,2024-07,Male,50+,18,0
KAD010,2024-08,Female,<15,19,0
KAD010,2024-08,Female,15-24,52,1
KAD010,2024-08,Female,25-34,55,2
KAD010,2024-08,Female,35-49,-,2
KAD010,2024-08,Female,50+,20,0
KAD010,2024-08,Male,<15,13,0
KAD010,2024-08,Male,15-24,45,1
KAD010,2024-08,Male,25-34,39,2
KAD010,2024-08,male,35-49,33,1
KAD010,2024-08,Male,50+,13,0
KAD010,2024-09,Female,<15,15,0
KAD010,2024-09,Female,15-24,45,1
KAD010,2024-09,Female,25-34,53,4
KAD010,2024-09,F,35-49,37,2
KAD010,2024-09,Female,50+,14,0
KAD010,2024-09,Male,<15,11,0
KAD010,2024-09,Male,15-24,36,1
KAD010,2024-09,Male,25-34,38,2
KAD010,2024-09,Male,35-49,24,1
KAD010,2024-09,Male,50+,10,0
KAD010,2024-10,Female,<15,13,0
KAD010,2024-10,Female,15-24,41,1
KAD010,2024-10,Female,25-34,44,3
KAD010,2024-10,Female,35-49,33,2
KAD010,2024-10,Female,50+,13,0
KAD010,2024-10,male,0-14,9,0
KAD010,2024-10,Male,15-24,29,1
KAD010,2024-10,Male,25-34,32,2
KAD010,2024-10,Male,35-49,24,1
KAD010,2024-10,Male,50+,9,0
KAD010,2024-11,Female,<15,13,0
KAD010,2024-11,F,15-24,31,0
KAD010,2024-11,Female,25-34,39,2
KAD010,2024-11,Female,35-49,26,1
KAD010,2024-11,Female,50+,11,0
KAD010,2024-11,Male,<15,8,0
KAD010,2024-11,M,15-24,21,0
KAD010,2024-11,Male,25-34,28,1
KAD010,2024-11,Male,35-49,19,1
KAD010,2024-11,Male,50 and above,9,0
KAD010,2024-12,female,<15,11,0
KAD010,2024-12,Female,15-24,39,1
KAD010,2024-12,F,25-34,41,2
KAD010,2024-12,Female,35-49,27,1
KAD010,2024-12,Female,50+,14,0
KAD010,2024-12,Male,<15,9,0
KAD010,2024-12,M,15-24,27,0
KAD010,2024-12,Male,25-34,28,1
KAD010,2024-12,Male,35-49,21,1
KAD010,2024-12,Male,50+,10,0
KAD011,2024-01,Female,<15,17,0
KAD011,2024-01,Female,15-24,45,1
KAD011,2024-01,Female,25-34,47,3
KAD011,2024-01,Female,35-49,32,2
KAD011,2024-01,Female,50+,18,0
KAD011,2024-01,M,<15,13,0
KAD011,2024-01,Male,15-24,31,1
KAD011,2024-01,Male,25-34,31,2
KAD011,2024-01,Male,35-49,27,1
KAD011,2024-01,Male,50+,12,0
KAD011,2024-02,F,<15,15,0
KAD011,2024-02,Female,15-24,38,0
KAD011,2024-02,Female,25-34,43,1
KAD011,2024-02,Female,35-49,32,1
KAD011,2024-02,Female,50+,14,0
KAD011,2024-02,Male,0-14,9,0
KAD011,2024-02,Male,15-24,28,0
KAD011,2024-02,Male,25-34,30,1
KAD011,2024-02,Male,35-49,25,N/A
KAD011,2024-02,Male,50+,10,0
KAD011,2024-03,Female,<15,14,0
KAD011,2024-03,female,15-24,42,1
KAD011,2024-03,Female,25-34,41,3
KAD011,2024-03,Female,35-49,34,2
KAD011,2024-03,Female,50+,16,0
KAD011,2024-03,Male,<15,11,0
KAD011,2024-03,Male,15-24,27,1
KAD011,2024-03,Male,25-34,30,2
KAD011,2024-03,Male,35-49,26,2
KAD011,2024-03,Male,50+,11,0
KAD011,2024-04,Female,<15,15,0
KAD011,2024-04,Female,15-24,38,0
KAD011,2024-04,female,25-34,48,1
KAD011,2024-04,Female,35-49,32,1
KAD011,2024-04,Female,50+,16,0
KAD011,2024-04,Male,<15,,0
KAD011,2024-04,Male,15-24,30,0
KAD011,2024-04,Male,25-34,31,1
KAD011,2024-04,Male,35-49,27,1
KAD011,2024-04,Male,50+,10,0
KAD011,2024-05,Female,<15,16,0
KAD011,2024-05,Female,15-24,37,0
KAD011,2024-05,Female,25-34,49,1
KAD011,2024-05,Female,35-49,29,0
KAD011,2024-05,Female,50+,15,
KAD011,2024-05,Male,<15,9,0
KAD011,2024-05,Male,15-24,27,0
KAD011,2024-05,male,25-34,29,0
KAD011,2024-05,Male,35-49,27,0
KAD011,2024-05,Male,50+,12,0
KAD011,2024-06,Female,<15,13,0
KAD011,2024-06,Female,15-24,34,0
KAD011,2024-06,Female,25-34,41,1
KAD011,2024-06,Female,35-49,31,1
KAD011,2024-06,Female,50+,14,0
KAD011,2024-06,Male,<15,8,0
KAD011,2024-06,Male,15-24,28,0
KAD011,2024-06,male,25-34,30,1
KAD011,2024-06,Male,35-49,21,0
KAD011,2024-06,Male,50+,9,0
KAD011,2024-07,Female,<15,17,0
KAD011,2024-07,Female,15-24,52,1
KAD011,2024-07,Female,25-34,59,3
KAD011,2024-07,Female,35-49,38,1
KAD011,2024-07,Female,50+,22,0
KAD011,2024-07,Male,<15,14,0
KAD011,2024-07,M,15-24,39,1
KAD011,2024-07,Male,25-34,43,2
KAD011,2024-07,M,35-49,28,1
KAD011,2024-07,Male,50+,12,0
KAD011,2024-08,Female,<15,11,0
KAD011,2024-08,Female,15-24,38,1
KAD011,2024-08,Female,25-34,39,2
KAD011,2024-08,Female,35-49,24,1
KAD011,2024-08,F,50+,11,0
KAD011,2024-08,Male,<15,8,0
KAD011,2024-08,M,15-24,27,0
KAD011,2024-08,Male,25-34,26,1
KAD011,2024-08,Male,35-49,19,1
KAD011,2024-08,Male,50+,8,0
KAD011,2024-09,Female,<15,16,
KAD011,2024-09,Female,15-24,39,0
KAD011,2024-09,Female,25-34,42,1
KAD011,2024-09,f,35-49,33,0
KAD011,2024-09,Female,50+,17,0
KAD011,2024-09,Male,<15,11,0
KAD011,2024-09,Male,15-24,29,0
KAD011,2024-09,Male,25-34,32,0
KAD011,2024-09,Male,35-49,23,0
KAD011,2024-09,M,50+,9,0
KAD011,2024-10,Female,<15,14,0
KAD011,2024-10,Female,15-24,41,1
KAD011,2024-10,Female,25-34,48,2
KAD011,2024-10,female,35-49,34,1
KAD011,2024-10,Female,50+,15,0
KAD011,2024-10,Male,<15,10,0
KAD011,2024-10,Male,15-24,31,0
KAD011,2024-10,Male,25-34,37,2
KAD011,2024-10,Male,35-49,22,1
KAD011,2024-10,Male,50+,9,0
KAD011,2024-11,Female,<15,13,0
KAD011,2024-11,Female,15-24,39,0
KAD011,2024-11,F,25-34,38,1
KAD011,2024-11,Female,35-49,29,1
KAD011,2024-11,female,50+,15,0
KAD011,2024-11,Male,<15,10,0
KAD011,2024-11,Male,15-24,27,0
KAD011,2024-11,M,25-34,31,1
KAD011,2024-11,Male,35-49,20,0
KAD011,2024-11,Male,50+,9,0
KAD011,2024-12,Female,<15,14,0
KAD011,2024-12,Female,15 - 24,46,0
KAD011,2024-12,Female,25-34,45,1
KAD011,2024-12,Female,35-49,32,1
KAD011,2024-12,Female,50+,16,0
KAD011,2024-12,M,<15,11,0
KAD011,2024-12,Male,15-24,31,0
KAD011,2024-12,Male,25-34,33,1
KAD011,2024-12,Male,35-49,25,1
KAD011,2024-12,Male,50+,10,0
KAD012,2024-01,Female,<15,29,0
KAD012,2024-01,Female,15-24,61,0
KAD012,2024-01,Female,25-34,85,1
KAD012,2024-01,F,35-49,59,0
KAD012,2024-01,Female,50+,22,0
KAD012,2024-01,male,<15,17,0
KAD012,2024-01,Male,15-24,54,0
KAD012,2024-01,Male,25-34,49,0
KAD012,2024-01,Male,35-49,46,0
KAD012,2024-01,Male,50+,18,0
KAD012,2024-02,Female,<15,18,0
KAD012,2024-02,Female,15-24,52,0
KAD012,2024-02,Female,25-34,65,1
KAD012,2024-02,Female,35-49,43,0
KAD012,2024-02,Female,50+,17,0
KAD012,2024-02,Male,<15,14,0
KAD012,2024-02,Male,15-24,40,0
KAD012,2024-02,Male,25-34,41,0
KAD012,2024-02,Male,35-49,33,0
KAD012,2024-02,Male,50+,13,0
KAD012,2024-03,Female,<15,32,0
KAD012,2024-03,Female,15-24,93,0
KAD012,2024-03,Female,25-34,100,1
KAD012,2024-03,Female,35-49,71,1
KAD012,2024-03,Female,50+,37,0
KAD012,2024-03,Male,<15,27,0
KAD012,2024-03,Male,15-24,61,0
KAD012,2024-03,Male,25-34,73,1
KAD012,2024-03,Male,35-49,58,1
KAD012,2024-03,Male,50+,23,0
KAD012,2024-04,female,<15,32,0
KAD012,2024-04,Female,15-24,86,1
KAD012,2024-04,Female,25-34,88,2
KAD012,2024-04,Female,35-49,81,2
KAD012,2024-04,Female,50+,29,0
KAD012,2024-04,Male,<15,24,0
KAD012,2024-04,Male,15-24,67,0
KAD012,2024-04,Male,25-34,69,1
KAD012,2024-04,M,35-49,43,1
KAD012,2024-04,M,50+,24,0
KAD012,2024-05,Female,<15,27,0
KAD012,2024-05,female,15-24,87,1
KAD012,2024-05,Female,25-34,100,2
KAD012,2024-05,Female,35-49,69,1
KAD012,2024-05,Female,50+,33,0
KAD012,2024-05,Male,<15,25,0
KAD012,2024-05,Male,15-24,59,0
KAD012,2024-05,M,25-34,68,1
KAD012,2024-05,M,35-49,55,1
KAD012,2024-05,Male,50+,22,0
KAD012,2024-06,Female,<15,32,0
KAD012,2024-06,Female,15-24,94,1
KAD012,2024-06,Female,25-34,101,3
KAD012,2024-06,Female,35-49,68,2
KAD012,2024-06,Female,50+,26,0
KAD012,2024-06,M,<15,25,0
KAD012,2024-06,Male,15 - 24,58,1
KAD012,2024-06,Male,25-34,72,2
KAD012,2024-06,Male,35-49,51,1
KAD012,2024-06,Male,50 and above,25,0
KAD012,2024-07,Female,<15,30,0
KAD012,2024-07,Female,15-24,81,0
KAD012,2024-07,Female,25-34,86,1
KAD012,2024-07,Female,35-49,56,0
KAD012,2024-07,F,50+,27,0
KAD012,2024-07,Male,<15,19,0
KAD012,2024-07,Male,15-24,56,0
KAD012,2024-07,M,25-34,64,1
KAD012,2024-07,M,35-49,44,0
KAD012,2024-07,Male,50 and above,18,0
KAD012,2024-08,Female,<15,29,0
KAD012,2024-08,F,15-24,96,1
KAD012,2024-08,Female,25-34,100,3
KAD012,2024-08,F,35-49,64,2
KAD012,2024-08,F,50+,25,0
KAD012,2024-08,Male,<15,22,0
KAD012,2024-08,Male,15-24,55,0
KAD012,2024-08,Male,25-34,70,2
KAD012,2024-08,Male,35-49,55,1
KAD012,2024-08,Male,50+,24,0
KAD012,2024-09,Female,<15,36,0
KAD012,2024-09,Female,15-24,88,
KAD012,2024-09,Female,25-34,95,3
KAD012,2024-09,Female,35-49,67,2
KAD012,2024-09,female,50+,32,0
KAD012,2024-09,Male,<15,24,0
KAD012,2024-09,Male,15-24,69,1
KAD012,2024-09,M,25-34,65,2
KAD012,2024-09,M,35-49,51,1
KAD012,2024-09,Male,50 and above,20,0
KAD012,2024-10,female,<15,22,0
KAD012,2024-10,Female,15-24,65,0
KAD012,2024-10,Female,25-34,65,1
KAD012,2024-10,Female,35-49,49,1
KAD012,2024-10,Female,50+,27,0
KAD012,2024-10,Male,<15,16,0
KAD012,2024-10,Male,15-24,46,0
KAD012,2024-10,Male,25-34,49,1
KAD012,2024-10,Male,35-49,39,1
KAD012,2024-10,M,50+,15,0
KAD012,2024-11,Female,<15,33,0
KAD012,2024-11,Female,15-24,81,0
KAD012,2024-11,Female,25-34,100,1
KAD012,2024-11,Female,35-49,73,0
KAD012,2024-11,Female,50+,26,0
KAD012,2024-11,Male,<15,22,0
KAD012,2024-11,Male,15-24,66,0
KAD012,2024-11,Male,25-34,69,0
KAD012,2024-11,Male,35-49,50,0
KAD012,2024-11,Male,50+,20,0
KAD012,2024-12,Female,0-14,23,0
KAD012,2024-12,Female,15-24,73,0
KAD012,2024-12,Female,25-34,75,1
KAD012,2024-12,Female,35-49,50,0
KAD012,2024-12,Female,50+,23,0
KAD012,2024-12,Male,<15,18,0
KAD012,2024-12,Male,15-24,53,0
KAD012,2024-12,Male,25-34,48,0
KAD012,2024-12,Male,35-49,37,0
KAD012,2024-12,M,50+,20,0
KAD013,2024-01,F,<15,103,3
KAD013,2024-01,Female,15-24,289,10
KAD013,2024-01,Female,25-34,372,27
KAD013,2024-01,Female,35-49,238,17
KAD013,2024-01,Female,50 and above,128,4
KAD013,2024-01,Male,<15,88,3
KAD013,2024-01,M,15-24,255,9
KAD013,2024-01,Male,25-34,221,16
KAD013,2024-01,Male,35-49,179,13
KAD013,2024-01,Male,50+,75,2
KAD013,2024-02,F,<15,128,2
KAD013,2024-02,Female,15-24,389,8
KAD013,2024-02,female,25-34,429,18
KAD013,2024-02,Female,35-49,316,13
KAD013,2024-02,Female,50+,110,2
KAD013,2024-02,Male,<15,87,1
KAD013,2024-02,Male,15-24,271,5
KAD013,2024-02,Male,25-34,309,13
KAD013,2024-02,Male,35-49,227,9
KAD013,2024-02,Male,50+,98,2
KAD013,2024-03,F,<15,151,3
KAD013,2024-03,Female,15-24,416,9
KAD013,2024-03,Female,25-34,384,17
KAD013,2024-03,Female,35-49,276,12
KAD013,2024-03,Female,50+,132,3
KAD013,2024-03,Male,<15,91,2
KAD013,2024-03,Male,15-24,268,6
KAD013,2024-03,Male,25-34,312,14
KAD013,2024-03,Male,35-49,205,9
KAD013,2024-03,Male,50+,109,2
KAD013,2024-04,Female,<15,162,4
KAD013,2024-04,Female,15-24,440,13
KAD013,2024-04,Female,25-34,471,-
KAD013,2024-04,F,35-49,296,17
KAD013,2024-04,Female,50 and above,172,5
KAD013,2024-04,Male,<15,128,3
KAD013,2024-04,Male,15-24,299,8
KAD013,2024-04,Male,25-34,316,18
KAD013,2024-04,Male,35-49,269,16
KAD013,2024-04,M,50+,104,3
KAD013,2024-05,Female,<15,136,4
KAD013,2024-05,F,15-24,427,15
KAD013,2024-05,Female,25-34,419,30
KAD013,2024-05,Female,35-49,337,24
KAD013,2024-05,F,50+,154,5
KAD013,2024-05,Male,<15,114,4
KAD013,2024-05,Male,15-24,275,10
KAD013,2024-05,Male,25-34,358,26
KAD013,2024-05,Male,35-49,213,15
KAD013,2024-05,Male,50+,105,3
KAD013,2024-06,Female,0-14,151,4
KAD013,2024-06,F,15-24,458,14
KAD013,2024-06,Female,25-34,471,29
KAD013,2024-06,Female,35-49,355,22
KAD013,2024-06,Female,50+,161,5
KAD013,2024-06,Male,<15,119,3
KAD013,2024-06,Male,15-24,277,8
KAD013,2024-06,Male,25-34,357,22
KAD013,2024-06,Male,35-49,280,17
KAD013,2024-06,Male,50+,121,3
KAD013,2024-07,Female,<15,134,3
KAD013,2024-07,Female,15-24,494,11
KAD013,2024-07,Female,25-34,531,25
KAD013,2024-07,Female,35-49,332,15
KAD013,2024-07,F,50+,172,4
KAD013,2024-07,Male,<15,106,2
KAD013,2024-07,male,15-24,360,8
KAD013,2024-07,Male,25-34,381,18
KAD013,2024-07,M,35-49,250,11
KAD013,2024-07,Male,50+,107,2
KAD013,2024-08,Female,<15,130,4
KAD013,2024-08,Female,15 - 24,400,12
KAD013,2024-08,Female,25-34,397,25
KAD013,2024-08,Female,35-49,295,18
KAD013,2024-08,Female,50+,149,4
KAD013,2024-08,Male,<15,83,2
KAD013,2024-08,Male,15-24,296,9
KAD013,2024-08,male,25-34,322,20
KAD013,2024-08,Male,35-49,200,12
KAD013,2024-08,M,50+,92,2
KAD013,2024-09,Female,<15,152,4
KAD013,2024-09,Female,15-24,354,9
KAD013,2024-09,Female,25-34,466,26
KAD013,2024-09,Female,35-49,292,16
KAD013,2024-09,Female,50+,158,4
KAD013,2024-09,Male,<15,95,2
KAD013,2024-09,Male,15-24,274,7
KAD013,2024-09,Male,25-34,350,19
KAD013,2024-09,M,35-49,214,12
KAD013,2024-09,m,50+,96,2
KAD013,2024-10,Female,<15,159,4
KAD013,2024-10,Female,15-24,384,9
KAD013,2024-10,female,25-34,487,24
KAD013,2024-10,Female,35-49,329,16
KAD013,2024-10,F,50 and above,123,3
KAD013,2024-10,Male,<15,104,2
KAD013,2024-10,Male,15-24,300,7
KAD013,2024-10,Male,25-34,331,16
KAD013,2024-10,Male,35-49,230,11
KAD013,2024-10,Male,50+,107,2
KAD013,2024-11,Female,<15,101,2
KAD013,2024-11,Female,15-24,285,8
KAD013,2024-11,Female,25-34,342,19
KAD013,2024-11,Female,35-49,199,11
KAD013,2024-11,Female,50+,105,2
KAD013,2024-11,Male,<15,66,1
KAD013,2024-11,Male,15-24,215,6
KAD013,2024-11,Male,25-34,244,13
KAD013,2024-11,Male,35-49,141,7
KAD013,2024-11,Male,50+,81,2
KAD013,2024-12,Female,<15,112,2
KAD013,2024-12,Female,15-24,320,8
KAD013,2024-12,Female,25-34,301,15
KAD013,2024-12,Female,35-49,276,14
KAD013,2024-12,F,50+,102,2
KAD013,2024-12,Male,<15,87,2
KAD013,2024-12,Male,15-24,207,5
KAD013,2024-12,M,25-34,245,12
KAD013,2024-12,Male,35-49,179,9
KAD013,2024-12,Male,50+,86,2
KAD014,2024-01,Female,<15,13,0
KAD014,2024-01,Female,15-24,33,0
KAD014,2024-01,Female,25-34,38,1
KAD014,2024-01,Female,35-49,,0
KAD014,2024-01,Female,50+,11,0
KAD014,2024-01,Male,<15,9,0
KAD014,2024-01,Male,15-24,26,0
KAD014,2024-01,Male,25-34,29,0
KAD014,2024-01,Male,35-49,18,0
KAD014,2024-01,Male,50+,8,0
KAD014,2024-02,Female,<15,13,0
KAD014,2024-02,Female,15-24,30,0
KAD014,2024-02,Female,25-34,44,2
KAD014,2024-02,Female,35-49,26,1
KAD014,2024-02,Female,50+,12,0
KAD014,2024-02,Male,<15,10,0
KAD014,2024-02,male,15-24,20,0
KAD014,2024-02,Male,25-34,30,1
KAD014,2024-02,Male,35-49,20,1
KAD014,2024-02,Male,50+,9,0
KAD014,2024-03,Female,<15,11,0
KAD014,2024-03,Female,15-24,37,1
KAD014,2024-03,Female,25-34,36,2
KAD014,2024-03,F,35-49,26,1
KAD014,2024-03,Female,50+,13,0
KAD014,2024-03,M,<15,10,0
KAD014,2024-03,Male,15-24,23,0
KAD014,2024-03,M,25-34,29,1
KAD014,2024-03,M,35-49,18,1
KAD014,2024-03,Male,50+,9,0
KAD014,2024-04,Female,<15,14,0
KAD014,2024-04,Female,15 - 24,35,0
KAD014,2024-04,Female,25-34,44,1
KAD014,2024-04,female,35-49,32,0
KAD014,2024-04,Female,50+,11,0
KAD014,2024-04,Male,<15,10,0
KAD014,2024-04,Male,15-24,27,0
KAD014,2024-04,Male,25-34,30,0
KAD014,2024-04,Male,35-49,22,0
KAD014,2024-04,Male,50+,8,0
KAD014,2024-05,Female,<15,15,0
KAD014,2024-05,Female,15-24,38,1
KAD014,2024-05,Female,25-34,43,2
KAD014,2024-05,Female,35-49,37,2
KAD014,2024-05,Female,50+,15,0
KAD014,2024-05,Male,<15,10,0
KAD014,2024-05,Male,15-24,32,0
KAD014,2024-05,Male,25-34,30,1
KAD014,2024-05,Male,35-49,N/A,1
KAD014,2024-05,Male,50+,12,0
KAD014,2024-06,Female,<15,19,0
KAD014,2024-06,Female,15-24,47,0
KAD014,2024-06,Female,25-34,56,1
KAD014,2024-06,Female,35-49,46,1
KAD014,2024-06,Female,50+,18,0
KAD014,2024-06,Male,<15,12,0
KAD014,2024-06,Male,15-24,34,0
KAD014,2024-06,Male,25-34,41,1
KAD014,2024-06,Male,35-49,35,1
KAD014,2024-06,Male,50+,12,0
KAD014,2024-07,F,<15,15,0
KAD014,2024-07,F,15-24,38,0
KAD014,2024-07,Female,25-34,51,1
KAD014,2024-07,Female,35-49,37,0
KAD014,2024-07,F,50+,13,0
KAD014,2024-07,Male,<15,11,0
KAD014,2024-07,Male,15-24,29,0
KAD014,2024-07,M,25-34,35,0
KAD014,2024-07,Male,35-49,24,0
KAD014,2024-07,Male,50+,11,0
KAD014,2024-08,Female,<15,16,0
KAD014,2024-08,Female,15-24,52,1
KAD014,2024-08,Female,25-34,47,2
KAD014,2024-08,Female,35-49,36,1
KAD014,2024-08,Female,50+,20,0
KAD014,2024-08,Male,<15,13,0
KAD014,2024-08,Male,15-24,36,0
KAD014,2024-08,Male,25-34,37,1
KAD014,2024-08,Male,35-49,28,1
KAD014,2024-08,Male,50+,10,0
KAD014,2024-09,Female,<15,16,0
KAD014,2024-09,Female,15-24,47,1
KAD014,2024-09,Female,25-34,51,2
KAD014,2024-09,Female,35-49,35,1
KAD014,2024-09,female,50+,14,0
KAD014,2024-09,M,<15,12,0
KAD014,2024-09,Male,15-24,35,0
KAD014,2024-09,Male,25-34,37,2
KAD014,2024-09,Male,35-49,22,1
KAD014,2024-09,male,50+,11,0
KAD014,2024-10,F,<15,11,0
KAD014,2024-10,Female,15-24,36,0
KAD014,2024-10,Female,25-34,42,1
KAD014,2024-10,Female,35-49,30,0
KAD014,2024-10,female,50+,13,0
KAD014,2024-10,Male,<15,9,0
KAD014,2024-10,Male,15-24,32,0
KAD014,2024-10,Male,25-34,26,0
KAD014,2024-10,Male,35-49,20,0
KAD014,2024-10,Male,50+,9,0
KAD014,2024-11,Female,<15,13,0
KAD014,2024-11,Female,15-24,31,1
KAD014,2024-11,Female,25-34,30,2
KAD014,2024-11,Female,35-49,23,2
KAD014,2024-11,female,50+,10,0
KAD014,2024-11,Male,<15,6,0
KAD014,2024-11,Male,15-24,22,1
KAD014,2024-11,Male,25-34,26,2
KAD014,2024-11,Male,35-49,15,1
KAD014,2024-11,Male,50+,8,N/A
KAD014,2024-12,Female,<15,14,0
KAD014,2024-12,Female,15-24,41,0
KAD014,2024-12,Female,25-34,44,1
KAD014,2024-12,Female,35-49,26,0
KAD014,2024-12,Female,50+,12,0
KAD014,2024-12,Male,<15,10,0
KAD014,2024-12,Male,15-24,29,0
KAD014,2024-12,male,25-34,27,0
KAD014,2024-12,Male,35-49,23,0
KAD014,2024-12,Male,50+,8,0
KAD015,2024-01,Female,<15,14,0
KAD015,2024-01,Female,15 - 24,43,0
KAD015,2024-01,F,25-34,43,1
KAD015,2024-01,f,35-49,36,0
KAD015,2024-01,F,50+,13,0
KAD015,2024-01,Male,<15,11,0
KAD015,2024-01,Male,15-24,31,0
KAD015,2024-01,Male,25-34,32,0
KAD015,2024-01,Male,35-49,25,0
KAD015,2024-01,Male,50+,,0
KAD015,2024-02,Female,<15,21,0
KAD015,2024-02,female,15-24,50,0
KAD015,2024-02,Female,25-34,61,2
KAD015,2024-02,F,35-49,44,1
KAD015,2024-02,Female,50+,20,0
KAD015,2024-02,Male,<15,14,0
KAD015,2024-02,Male,15-24,37,0
KAD015,2024-02,Male,25-34,45,1
KAD015,2024-02,male,35-49,32,1
KAD015,2024-02,Male,50+,13,0
KAD015,2024-03,Female,<15,22,0
KAD015,2024-03,F,15-24,60,1
KAD015,2024-03,Female,25-34,67,2
KAD015,2024-03,Female,35-49,46,1
KAD015,2024-03,Female,50+,26,0
KAD015,2024-03,Male,<15,17,0
KAD015,2024-03,Male,15-24,47,0
KAD015,2024-03,Male,25-34,42,1
KAD015,2024-03,Male,35-49,37,1
KAD015,2024-03,Male,50+,16,0
KAD015,2024-04,Female,<15,24,0
KAD015,2024-04,Female,15-24,68,0
KAD015,2024-04,Female,25-34,69,1
KAD015,2024-04,Female,35-49,53,1
KAD015,2024-04,Female,50+,24,0
KAD015,2024-04,Male,<15,16,0
KAD015,2024-04,Male,15-24,49,0
KAD015,2024-04,Male,25-34,49,1
KAD015,2024-04,Male,35-49,40,0
KAD015,2024-04,Male,50+,18,0
KAD015,2024-05,Female,<15,21,0
KAD015,2024-05,Female,15-24,54,1
KAD015,2024-05,F,25-34,68,2
KAD015,2024-05,Female,35-49,43,1
KAD015,2024-05,F,50+,20,0
KAD015,2024-05,Male,<15,16,0
KAD015,2024-05,Male,15-24,43,0
KAD015,2024-05,M,25-34,45,1
KAD015,2024-05,Male,35-49,31,1
KAD015,2024-05,Male,50+,16,0
KAD015,2024-06,F,<15,24,0
KAD015,2024-06,F,15-24,58,0
KAD015,2024-06,Female,25-34,70,1
KAD015,2024-06,Female,35-49,60,1
KAD015,2024-06,F,50+,26,0
KAD015,2024-06,Male,<15,15,0
KAD015,2024-06,M,15-24,49,0
KAD015,2024-06,Male,25-34,55,1
KAD015,2024-06,Male,35-49,37,1
KAD015,2024-06,Male,50+,16,0
KAD015,2024-07,Female,<15,23,0
KAD015,2024-07,Female,15-24,54,0
KAD015,2024-07,Female,25-34,60,0
KAD015,2024-07,Female,35-49,51,0
KAD015,2024-07,Female,50+,23,0
KAD015,2024-07,Male,<15,13,0
KAD015,2024-07,Male,15-24,44,0
KAD015,2024-07,M,25-34,45,0
KAD015,2024-07,Male,35-49,36,0
KAD015,2024-07,Male,50+,14,0
KAD015,2024-08,Female,<15,22,0
KAD015,2024-08,Female,15 - 24,77,1
KAD015,2024-08,Female,25-34,77,2
KAD015,2024-08,female,35-49,46,1
KAD015,2024-08,Female,50+,27,0
KAD015,2024-08,Male,<15,18,0
KAD015,2024-08,Male,15-24,53,0
KAD015,2024-08,Male,25-34,56,2
KAD015,2024-08,Male,35-49,36,1
KAD015,2024-08,Male,50+,16,0
KAD015,2024-09,Female,<15,18,0
KAD015,2024-09,Female,15 - 24,49,0
KAD015,2024-09,Female,25-34,63,1
KAD015,2024-09,Female,35-49,38,1
KAD015,2024-09,Female,50+,18,0
KAD015,2024-09,Male,<15,14,0
KAD015,2024-09,Male,15-24,41,0
KAD015,2024-09,M,25-34,40,1
KAD015,2024-09,Male,35-49,26,0
KAD015,2024-09,Male,50+,14,0
KAD015,2024-10,Female,<15,20,0
KAD015,2024-10,Female,15-24,60,0
KAD015,2024-10,Female,25-34,57,0
KAD015,2024-10,F,35-49,41,0
KAD015,2024-10,Female,50+,20,0
KAD015,2024-10,Male,<15,16,0
KAD015,2024-10,Male,15-24,37,0
KAD015,2024-10,Male,25-34,40,0
KAD015,2024-10,M,35-49,36,0
KAD015,2024-10,Male,50+,14,0
KAD015,2024-11,Female,<15,14,0
KAD015,2024-11,Female,15-24,38,0
KAD015,2024-11,Female,25-34,44,0
KAD015,2024-11,Female,35-49,32,0
KAD015,2024-11,Female,50+,15,0
KAD015,2024-11,Male,<15,10,0
KAD015,2024-11,Male,15-24,34,0
KAD015,2024-11,Male,25-34,29,0
KAD015,2024-11,Male,35-49,21,0
KAD015,2024-11,Male,50+,10,0
KAD015,2024-12,Female,<15,14,0
KAD015,2024-12,Female,15-24,40,0
KAD015,2024-12,Female,25-34,36,1
KAD015,2024-12,Female,35-49,25,0
KAD015,2024-12,Female,50+,14,-
KAD015,2024-12,Male,<15,8,0
KAD015,2024-12,Male,15-24,27,0
KAD015,2024-12,M,25-34,27,0
KAD015,2024-12,Male,35-49,20,0
KAD015,2024-12,Male,50+,10,0
CRS001,2024-01,Female,<15,12,0
CRS001,2024-01,Female,15-24,32,1
CRS001,2024-01,F,25-34,38,3
CRS001,2024-01,Female,35-49,24,2
CRS001,2024-01,Female,50+,10,0
CRS001,2024-01,Male,<15,7,0
CRS001,2024-01,male,15-24,25,1
CRS001,2024-01,male,25-34,24,2
CRS001,2024-01,Male,35-49,17,1
CRS001,2024-01,Male,50+,9,0
CRS001,2024-02,Female,<15,11,0
CRS001,2024-02,F,15-24,26,1
CRS001,2024-02,Female,25-34,29,2
CRS001,2024-02,Female,35-49,26,2
CRS001,2024-02,F,50+,9,0
CRS001,2024-02,Male,<15,8,0
CRS001,2024-02,Male,15-24,20,0
CRS001,2024-02,Male,25-34,21,1
CRS001,2024-02,Male,35-49,15,1
CRS001,2024-02,Male,50+,7,0
CRS001,2024-03,Female,<15,,0
CRS001,2024-03,Female,15-24,45,1
CRS001,2024-03,Female,25-34,36,2
CRS001,2024-03,Female,35-49,33,2
CRS001,2024-03,Female,50+,12,0
CRS001,2024-03,Male,<15,11,0
CRS001,2024-03,Male,15-24,29,0
CRS001,2024-03,Male,25-34,,1
CRS001,2024-03,Male,35-49,22,1
CRS001,2024-03,Male,50+,9,0
CRS001,2024-04,Female,<15,13,0
CRS001,2024-04,Female,15-24,40,1
CRS001,2024-04,Female,25-34,38,2
CRS001,2024-04,Female,35-49,26,1
CRS001,2024-04,F,50+,14,0
CRS001,2024-04,Male,<15,9,0
CRS001,2024-04,Male,15-24,25,0
CRS001,2024-04,M,25-34,30,1
CRS001,2024-04,Male,35-49,21,1
CRS001,2024-04,Male,50+,10,0
CRS001,2024-05,F,0-14,14,0
CRS001,2024-05,F,15-24,51,1
CRS001,2024-05,F,25-34,45,3
CRS001,2024-05,Female,35-49,39,2
CRS001,2024-05,Female,50+,18,
CRS001,2024-05,Male,<15,12,0
CRS001,2024-05,Male,15-24,36,1
CRS001,2024-05,Male,25-34,31,2
CRS001,2024-05,Male,35-49,30,2
CRS001,2024-05,Male,50+,11,0
CRS001,2024-06,Female,<15,12,0
CRS001,2024-06,Female,15-24,38,1
CRS001,2024-06,female,25-34,43,3
CRS001,2024-06,Female,35-49,27,2
CRS001,2024-06,Female,50+,13,0
CRS001,2024-06,M,<15,9,0
CRS001,2024-06,Male,15-24,31,1
CRS001,2024-06,Male,25-34,26,1
CRS001,2024-06,Male,35-49,20,1
CRS001,2024-06,male,50+,10,0
CRS001,2024-07,Female,<15,12,0
CRS001,2024-07,Female,15-24,34,0
CRS001,2024-07,F,25-34,41,1
CRS001,2024-07,Female,35-49,28,0
CRS001,2024-07,Female,50+,12,0
CRS001,2024-07,Male,<15,10,0
CRS001,2024-07,Male,15-24,26,0
CRS001,2024-07,male,25-34,28,0
CRS001,2024-07,Male,35-49,21,0
CRS001,2024-07,male,50+,7,0
CRS001,2024-08,Female,<15,13,0
CRS001,2024-08,Female,15-24,32,0
CRS001,2024-08,F,25-34,44,2
CRS001,2024-08,Female,35-49,27,1
CRS001,2024-08,Female,50+,14,0
CRS001,2024-08,male,<15,11,0
CRS001,2024-08,Male,15-24,26,0
CRS001,2024-08,M,25-34,26,1
CRS001,2024-08,Male,35-49,21,1
CRS001,2024-08,Male,50+,8,0
CRS001,2024-09,Female,0-14,14,0
CRS001,2024-09,Female,15 - 24,42,1
CRS001,2024-09,Female,25-34,42,3
CRS001,2024-09,Female,35-49,25,1
CRS001,2024-09,Female,50+,13,0
CRS001,2024-09,Male,<15,8,0
CRS001,2024-09,Male,15-24,26,1
CRS001,2024-09,Male,25-34,31,2
CRS001,2024-09,Male,35-49,22,1
CRS001,2024-09,Male,50+,11,0
CRS001,2024-10,Female,<15,12,0
CRS001,2024-10,Female,15-24,36,0
CRS001,2024-10,Female,25-34,34,0
CRS001,2024-10,Female,35-49,27,0
CRS001,2024-10,Female,50+,10,0
CRS001,2024-10,Male,<15,9,0
CRS001,2024-10,M,15-24,24,0
CRS001,2024-10,Male,25-34,28,0
CRS001,2024-10,Male,35-49,16,0
CRS001,2024-10,Male,50+,9,0
CRS001,2024-11,Female,<15,19,0
CRS001,2024-11,Female,15-24,50,1
CRS001,2024-11,Female,25-34,49,3
CRS001,2024-11,Female,35-49,34,2
CRS001,2024-11,female,50+,17,0
CRS001,2024-11,Male,<15,11,0
CRS001,2024-11,Male,15-24,33,1
CRS001,2024-11,Male,25-34,37,2
CRS001,2024-11,Male,35-49,28,1
CRS001,2024-11,male,50+,13,0
CRS001,2024-12,Female,<15,10,0
CRS001,2024-12,Female,15-24,32,0
CRS001,2024-12,Female,25-34,38,1
CRS001,2024-12,Female,35-49,24,1
CRS001,2024-12,F,50+,12,0
CRS001,2024-12,M,<15,8,0
CRS001,2024-12,Male,15-24,21,0
CRS001,2024-12,Male,25-34,25,1
CRS001,2024-12,Male,35-49,22,0
CRS001,2024-12,Male,50+,8,0
CRS002,2024-01,F,<15,6,0
CRS002,2024-01,Female,15-24,18,0
CRS002,2024-01,Female,25-34,19,0
CRS002,2024-01,F,35-49,16,0
CRS002,2024-01,Female,50+,6,0
CRS002,2024-01,Male,<15,4,0
CRS002,2024-01,Male,15-24,13,0
CRS002,2024-01,M,25-34,14,0
CRS002,2024-01,Male,35-49,11,0
CRS002,2024-01,Male,50 and above,4,0
CRS002,2024-02,Female,<15,10,0
CRS002,2024-02,Female,15-24,24,1
CRS002,2024-02,Female,25-34,28,2
CRS002,2024-02,Female,35-49,22,2
CRS002,2024-02,Female,50+,9,0
CRS002,2024-02,Male,<15,5,0
CRS002,2024-02,M,15-24,20,0
CRS002,2024-02,Male,25-34,18,1
CRS002,2024-02,Male,35-49,16,1
CRS002,2024-02,Male,50+,6,0
CRS002,2024-03,f,<15,11,0
CRS002,2024-03,Female,15-24,32,1
CRS002,2024-03,Female,25-34,37,2
CRS002,2024-03,Female,35-49,24,1
CRS002,2024-03,female,50+,12,0
CRS002,2024-03,Male,<15,9,0
CRS002,2024-03,Male,15 - 24,20,0
CRS002,2024-03,Male,25-34,28,2
CRS002,2024-03,Male,35-49,18,1
CRS002,2024-03,M,50+,7,0
CRS002,2024-04,female,<15,9,0
CRS002,2024-04,Female,15-24,24,0
CRS002,2024-04,Female,25-34,24,1
CRS002,2024-04,Female,35-49,22,1
CRS002,2024-04,Female,50+,10,0
CRS002,2024-04,Male,<15,7,0
CRS002,2024-04,M,15-24,20,0
CRS002,2024-04,Male,25-34,17,1
CRS002,2024-04,Male,35-49,15,1
CRS002,2024-04,Male,50+,6,0
CRS002,2024-05,F,<15,9,0
CRS002,2024-05,Female,15-24,34,1
CRS002,2024-05,Female,25-34,28,1
CRS002,2024-05,Female,35-49,25,1
CRS002,2024-05,Female,50+,10,0
CRS002,2024-05,Male,<15,7,0
CRS002,2024-05,Male,15-24,22,0
CRS002,2024-05,M,25-34,21,1
CRS002,2024-05,Male,35-49,18,1
CRS002,2024-05,Male,50+,7,0
CRS002,2024-06,Female,<15,15,0
CRS002,2024-06,female,15-24,36,0
CRS002,2024-06,Female,25-34,42,1
CRS002,2024-06,Female,35-49,32,1
CRS002,2024-06,female,50+,13,0
CRS002,2024-06,Male,0-14,11,0
CRS002,2024-06,M,15-24,29,0
CRS002,2024-06,Male,25-34,27,1
CRS002,2024-06,Male,35-49,24,1
CRS002,2024-06,Male,50+,9,0
CRS002,2024-07,female,<15,12,0
CRS002,2024-07,F,15-24,43,0
CRS002,2024-07,Female,25-34,36,1
CRS002,2024-07,Female,35-49,25,1
CRS002,2024-07,Female,50+,15,0
CRS002,2024-07,Male,<15,11,0
CRS002,2024-07,Male,15-24,26,0
CRS002,2024-07,M,25-34,27,1
CRS002,2024-07,Male,35-49,23,0
CRS002,2024-07,M,50+,9,0
CRS002,2024-08,Female,<15,12,0
CRS002,2024-08,female,15-24,28,0
CRS002,2024-08,Female,25-34,28,1
CRS002,2024-08,Female,35-49,20,0
CRS002,2024-08,F,50+,11,0
CRS002,2024-08,Male,<15,7,0
CRS002,2024-08,Male,15-24,18,0
CRS002,2024-08,Male,25-34,24,1
CRS002,2024-08,Male,35-49,14,0
CRS002,2024-08,Male,50+,7,0
CRS002,2024-09,Female,<15,10,0
CRS002,2024-09,Female,15-24,24,0
CRS002,2024-09,Female,25-34,31,1
CRS002,2024-09,Female,35-49,20,0
CRS002,2024-09,Female,50+,9,0
CRS002,2024-09,male,0-14,7,0
CRS002,2024-09,Male,15-24,21,0
CRS002,2024-09,Male,25-34,18,0
CRS002,2024-09,Male,35-49,15,0
CRS002,2024-09,Male,50+,6,0
CRS002,2024-10,Female,<15,9,0
CRS002,2024-10,Female,15-24,24,0
CRS002,2024-10,Female,25-34,27,1
CRS002,2024-10,Female,35-49,22,1
CRS002,2024-10,Female,50+,9,0
CRS002,2024-10,Male,<15,5,0
CRS002,2024-10,Male,15-24,16,0
CRS002,2024-10,M,25-34,20,0
CRS002,2024-10,Male,35-49,17,0
CRS002,2024-10,Male,50 and above,6,0
CRS002,2024-11,Female,<15,7,0
CRS002,2024-11,Female,15-24,17,0
CRS002,2024-11,Female,25-34,20,0
CRS002,2024-11,Female,35-49,17,0
CRS002,2024-11,female,50+,8,0
CRS002,2024-11,Male,<15,5,0
CRS002,2024-11,Male,15-24,16,0
CRS002,2024-11,Male,25-34,15,0
CRS002,2024-11,Male,35-49,10,0
CRS002,2024-11,Male,50+,4,0
CRS002,2024-12,Female,<15,8,0
CRS002,2024-12,Female,15-24,26,0
CRS002,2024-12,Female,25-34,29,1
CRS002,2024-12,Female,35-49,20,1
CRS002,2024-12,Female,50+,9,0
CRS002,2024-12,Male,<15,7,0
CRS002,2024-12,Male,15-24,17,0
CRS002,2024-12,Male,25-34,22,1
CRS002,2024-12,Male,35-49,15,0
CRS002,2024-12,Male,50+,6,0
CRS003,2024-01,Female,<15,76,1
CRS003,2024-01,Female,15-24,213,5
CRS003,2024-01,Female,25-34,269,13
CRS003,2024-01,F,35-49,185,9
CRS003,2024-01,Female,50+,95,2
CRS003,2024-01,Male,<15,69,1
CRS003,2024-01,Male,15-24,171,4
CRS003,2024-01,Male,25-34,155,7
CRS003,2024-01,Male,35-49,151,7
CRS003,2024-01,Male,50+,61,1
CRS003,2024-02,Female,<15,95,2
CRS003,2024-02,F,15-24,278,6
CRS003,2024-02,Female,25-34,304,14
CRS003,2024-02,female,35-49,213,10
CRS003,2024-02,Female,50+,110,2
CRS003,2024-02,Male,<15,69,1
CRS003,2024-02,Male,15 - 24,205,4
CRS003,2024-02,Male,25-34,213,10
CRS003,2024-02,Male,35-49,173,8
CRS003,2024-02,Male,50+,63,1
CRS003,2024-03,F,<15,101,2
CRS003,2024-03,F,15-24,276,6
CRS003,2024-03,Female,25-34,290,13
CRS003,2024-03,Female,35-49,193,9
CRS003,2024-03,Female,50+,106,2
CRS003,2024-03,Male,0-14,68,1
CRS003,2024-03,Male,15-24,181,4
CRS003,2024-03,Male,25-34,229,10
CRS003,2024-03,M,35-49,156,7
CRS003,2024-03,M,50+,65,1
CRS003,2024-04,female,<15,107,2
CRS003,2024-04,Female,15-24,276,6
CRS003,2024-04,Female,25-34,257,11
CRS003,2024-04,Female,35-49,218,10
CRS003,2024-04,Female,50+,107,2
CRS003,2024-04,Male,<15,83,1
CRS003,2024-04,male,15-24,181,4
CRS003,2024-04,Male,25-34,193,8
CRS003,2024-04,Male,35-49,175,8
CRS003,2024-04,Male,50+,64,1
CRS003,2024-05,F,<15,79,1
CRS003,2024-05,F,15-24,258,5
CRS003,2024-05,Female,25-34,282,12
CRS003,2024-05,F,35-49,189,8
CRS003,2024-05,Female,50+,85,1
CRS003,2024-05,Male,<15,75,1
CRS003,2024-05,Male,15-24,184,4
CRS003,2024-05,Male,25-34,181,8
CRS003,2024-05,Male,35-49,137,6
CRS003,2024-05,Male,50 and above,68,1
CRS003,2024-06,Female,<15,128,2
CRS003,2024-06,Female,15-24,333,7
CRS003,2024-06,Female,25-34,304,13
CRS003,2024-06,Female,35-49,237,10
CRS003,2024-06,Female,50 and above,124,2
CRS003,2024-06,Male,<15,83,1
CRS003,2024-06,Male,15-24,204,4
CRS003,2024-06,Male,25-34,271,12
CRS003,2024-06,Male,35-49,167,7
CRS003,2024-06,Male,50+,89,1
CRS003,2024-07,Female,<15,123,1
CRS003,2024-07,Female,15 - 24,309,4
CRS003,2024-07,F,25-34,408,12
CRS003,2024-07,Female,35-49,272,8
CRS003,2024-07,Female,50+,114,1
CRS003,2024-07,Male,<15,98,1
CRS003,2024-07,Male,15-24,286,4
CRS003,2024-07,Male,25-34,235,7
CRS003,2024-07,M,35-49,188,5
CRS003,2024-07,M,50+,80,1
CRS003,2024-08,Female,<15,98,3
CRS003,2024-08,Female,15-24,253,7
CRS003,2024-08,Female,25-34,324,19
CRS003,2024-08,Female,35-49,252,15
CRS003,2024-08,Female,50+,114,3
CRS003,2024-08,M,<15,82,2
CRS003,2024-08,Male,15-24,199,6
CRS003,2024-08,M,25-34,236,14
CRS003,2024-08,Male,35-49,172,10
CRS003,2024-08,Male,50+,64,1
CRS003,2024-09,F,<15,99,1
CRS003,2024-09,Female,15-24,286,5
CRS003,2024-09,Female,25-34,312,12
CRS003,2024-09,F,35-49,217,8
CRS003,2024-09,Female,50+,97,1
CRS003,2024-09,Male,<15,63,1
CRS003,2024-09,Male,15-24,208,4
CRS003,2024-09,Male,25-34,234,9
CRS003,2024-09,Male,35-49,157,6
CRS003,2024-09,Male,50+,69,1
CRS003,2024-10,Female,<15,113,2
CRS003,2024-10,Female,15-24,270,6
CRS003,2024-10,F,25-34,361,16
CRS003,2024-10,Female,35-49,217,10
CRS003,2024-10,Female,50+,106,2
CRS003,2024-10,M,0-14,75,1
CRS003,2024-10,Male,15-24,208,4
CRS003,2024-10,Male,25-34,226,10
CRS003,2024-10,Male,35-49,189,8
CRS003,2024-10,Male,50+,74,1
CRS003,2024-11,Female,<15,88,2
CRS003,2024-11,female,15-24,294,9
CRS003,2024-11,F,25-34,323,21
CRS003,2024-11,Female,35-49,194,12
CRS003,2024-11,Female,50+,83,2
CRS003,2024-11,M,<15,77,2
CRS003,2024-11,Male,15-24,212,6
CRS003,2024-11,M,25-34,230,15
CRS003,2024-11,Male,35-49,133,8
CRS003,2024-11,M,50+,59,1
CRS003,2024-12,F,<15,75,1
CRS003,2024-12,female,15-24,229,5
CRS003,2024-12,Female,25-34,217,10
CRS003,2024-12,female,35-49,169,8
CRS003,2024-12,Female,50+,76,1
CRS003,2024-12,Male,<15,55,1
CRS003,2024-12,Male,15-24,170,4
CRS003,2024-12,M,25-34,153,7
CRS003,2024-12,Male,35-49,121,6
CRS003,2024-12,Male,50+,54,1
CRS004,2024-01,Female,<15,6,0
CRS004,2024-01,Female,15-24,20,0
CRS004,2024-01,Female,25-34,21,0
CRS004,2024-01,F,35-49,17,0
CRS004,2024-01,Female,50+,6,0
CRS004,2024-01,Male,<15,4,0
CRS004,2024-01,Male,15-24,16,0
CRS004,2024-01,Male,25-34,14,0
CRS004,2024-01,Male,35-49,11,0
CRS004,2024-01,Male,50+,5,0
CRS004,2024-02,Female,<15,13,0
CRS004,2024-02,Female,15-24,35,0
CRS004,2024-02,F,25-34,42,1
CRS004,2024-02,Female,35-49,26,0
CRS004,2024-02,Female,50+,11,0
CRS004,2024-02,Male,<15,9,0
CRS004,2024-02,Male,15-24,29,0
CRS004,2024-02,Male,25-34,28,0
CRS004,2024-02,Male,35-49,17,0
CRS004,2024-02,Male,50+,8,0
CRS004,2024-03,F,<15,15,0
CRS004,2024-03,Female,15-24,45,0
CRS004,2024-03,Female,25-34,39,N/A
CRS004,2024-03,Female,35-49,37,0
CRS004,2024-03,Female,50+,13,0
CRS004,2024-03,Male,<15,11,0
CRS004,2024-03,male,15-24,27,0
CRS004,2024-03,Male,25-34,32,0
CRS004,2024-03,Male,35-49,25,0
CRS004,2024-03,Male,50+,12,0
CRS004,2024-04,Female,0-14,15,0
CRS004,2024-04,female,15-24,38,1
CRS004,2024-04,Female,25-34,42,2
CRS004,2024-04,Female,35-49,28,1
CRS004,2024-04,Female,50+,15,0
CRS004,2024-04,Male,<15,9,0
CRS004,2024-04,Male,15-24,27,0
CRS004,2024-04,Male,25-34,31,1
CRS004,2024-04,Male,35-49,22,1
CRS004,2024-04,Male,50+,9,0
CRS004,2024-05,Female,<15,15,0
CRS004,2024-05,female,15-24,42,0
CRS004,2024-05,Female,25-34,48,1
CRS004,2024-05,Female,35-49,33,1
CRS004,2024-05,Female,50+,18,0
CRS004,2024-05,Male,<15,12,0
CRS004,2024-05,Male,15-24,27,0
CRS004,2024-05,Male,25-34,34,1
CRS004,2024-05,male,35-49,28,0
CRS004,2024-05,Male,50+,12,0
CRS004,2024-06,Female,<15,19,0
CRS004,2024-06,Female,15-24,45,0
CRS004,2024-06,Female,25-34,55,2
CRS004,2024-06,Female,35-49,34,1
CRS004,2024-06,F,50+,19,0
CRS004,2024-06,Male,<15,12,0
CRS004,2024-06,Male,15-24,33,0
CRS004,2024-06,Male,25-34,36,1
CRS004,2024-06,Male,35-49,30,1
CRS004,2024-06,Male,50+,11,0
CRS004,2024-07,Female,<15,13,0
CRS004,2024-07,Female,15-24,43,0
CRS004,2024-07,female,25-34,48,2
CRS004,2024-07,Female,35-49,29,1
CRS004,2024-07,Female,50+,16,0
CRS004,2024-07,Male,0-14,10,0
CRS004,2024-07,Male,15-24,29,0
CRS004,2024-07,Male,25-34,33,1
CRS004,2024-07,Male,35-49,25,1
CRS004,2024-07,Male,50+,10,0
CRS004,2024-08,Female,<15,13,0
CRS004,2024-08,Female,15-24,38,0
CRS004,2024-08,Female,25-34,44,1
CRS004,2024-08,Female,35-49,24,1
CRS004,2024-08,Female,50+,14,0
CRS004,2024-08,Male,<15,8,0
CRS004,2024-08,Male,15-24,24,0
CRS004,2024-08,Male,25-34,31,1
CRS004,2024-08,M,35-49,23,0
CRS004,2024-08,Male,50+,10,-
CRS004,2024-09,female,<15,16,0
CRS004,2024-09,Female,15-24,41,1
CRS004,2024-09,Female,25-34,44,2
CRS004,2024-09,Female,35-49,35,1
CRS004,2024-09,Female,50 and above,14,0
CRS004,2024-09,Male,<15,10,0
CRS004,2024-09,Male,15 - 24,29,0
CRS004,2024-09,Male,25-34,33,1
CRS004,2024-09,Male,35-49,23,1
CRS004,2024-09,Male,50+,13,0
CRS004,2024-10,Female,<15,16,0
CRS004,2024-10,Female,15-24,47,0
CRS004,2024-10,Female,25-34,45,0
CRS004,2024-10,Female,35-49,30,0
CRS004,2024-10,Female,50+,14,0
CRS004,2024-10,Male,<15,10,0
CRS004,2024-10,M,15-24,36,0
CRS004,2024-10,Male,25-34,32,0
CRS004,2024-10,Male,35-49,23,0
CRS004,2024-10,Male,50+,9,0
CRS004,2024-11,Female,<15,13,0
CRS004,2024-11,Female,15 - 24,35,0
CRS004,2024-11,Female,25-34,32,1
CRS004,2024-11,female,35-49,30,1
CRS004,2024-11,Female,50+,13,0
CRS004,2024-11,Male,<15,9,0
CRS004,2024-11,Male,15-24,22,0
CRS004,2024-11,Male,25-34,29,1
CRS004,2024-11,M,35-49,18,0
CRS004,2024-11,Male,50+,9,0
CRS004,2024-12,Female,<15,8,0
CRS004,2024-12,Female,15-24,22,0
CRS004,2024-12,Female,25-34,31,1
CRS004,2024-12,Female,35-49,18,1
CRS004,2024-12,Female,50+,8,0
CRS004,2024-12,Male,<15,5,0
CRS004,2024-12,Male,15-24,20,0
CRS004,2024-12,Male,25-34,19,1
CRS004,2024-12,Male,35-49,12,0
CRS004,2024-12,Male,50+,6,0
CRS005,2024-01,Female,<15,49,1
CRS005,2024-01,Female,15-24,117,3
CRS005,2024-01,Female,25-34,168,8
CRS005,2024-01,Female,35-49,106,5
CRS005,2024-01,female,50+,51,1
CRS005,2024-01,male,<15,39,0
CRS005,2024-01,M,15-24,101,2
CRS005,2024-01,M,25-34,101,5
CRS005,2024-01,Male,35-49,82,4
CRS005,2024-01,Male,50+,31,0
CRS005,2024-02,Female,0-14,46,0
CRS005,2024-02,F,15-24,120,2
CRS005,2024-02,Female,25-34,117,4
CRS005,2024-02,Female,35-49,91,3
CRS005,2024-02,Female,50+,40,0
CRS005,2024-02,Male,<15,31,0
CRS005,2024-02,Male,15-24,83,1
CRS005,2024-02,Male,25-34,91,3
CRS005,2024-02,Male,35-49,65,2
CRS005,2024-02,Male,50+,29,0
CRS005,2024-03,Female,<15,46,0
CRS005,2024-03,Female,15 - 24,157,3
CRS005,2024-03,Female,25-34,160,6
CRS005,2024-03,F,35-49,129,4
CRS005,2024-03,Female,50+,56,1
CRS005,2024-03,M,<15,46,0
CRS005,2024-03,M,15-24,120,2
CRS005,2024-03,M,25-34,107,4
CRS005,2024-03,Male,35-49,87,3
CRS005,2024-03,Male,50+,36,0
CRS005,2024-04,Female,<15,60,1
CRS005,2024-04,Female,15-24,157,4
CRS005,2024-04,Female,25-34,196,11
CRS005,2024-04,Female,35-49,136,7
CRS005,2024-04,Female,50+,55,1
CRS005,2024-04,Male,<15,43,1
CRS005,2024-04,Male,15-24,129,3
CRS005,2024-04,Male,25-34,118,6
CRS005,2024-04,Male,35-49,102,5
CRS005,2024-04,Male,50+,45,1
CRS005,2024-05,Female,<15,77,2
CRS005,2024-05,Female,15-24,213,5
CRS005,2024-05,Female,25-34,215,11
CRS005,2024-05,Female,35-49,144,7
CRS005,2024-05,F,50+,70,1
CRS005,2024-05,Male,<15,55,1
CRS005,2024-05,Male,15-24,159,4
CRS005,2024-05,Male,25-34,145,7
CRS005,2024-05,M,35-49,106,5
CRS005,2024-05,Male,50+,56,1
CRS005,2024-06,Female,<15,69,1
CRS005,2024-06,female,15-24,191,4
CRS005,2024-06,Female,25-34,242,11
CRS005,2024-06,Female,35-49,184,8
CRS005,2024-06,Female,50+,86,2
CRS005,2024-06,Male,<15,55,1
CRS005,2024-06,Male,15-24,147,3
CRS005,2024-06,Male,25-34,194,9
CRS005,2024-06,Male,35-49,112,5
CRS005,2024-06,Male,50+,51,1
CRS005,2024-07,Female,<15,70,1
CRS005,2024-07,Female,15-24,233,4
CRS005,2024-07,Female,25-34,253,10
CRS005,2024-07,Female,35-49,148,6
CRS005,2024-07,F,50+,70,1
CRS005,2024-07,Male,<15,48,1
CRS005,2024-07,Male,15-24,163,3
CRS005,2024-07,Male,25-34,185,7
CRS005,2024-07,Male,35-49,,4
CRS005,2024-07,Male,50+,49,1
CRS005,2024-08,Female,<15,65,1
CRS005,2024-08,Female,15-24,202,5
CRS005,2024-08,Female,25-34,233,12
CRS005,2024-08,Female,35-49,142,7
CRS005,2024-08,Female,50+,69,1
CRS005,2024-08,Male,<15,48,1
CRS005,2024-08,Male,15-24,141,3
CRS005,2024-08,Male,25-34,168,9
CRS005,2024-08,Male,35-49,104,5
CRS005,2024-08,Male,50+,52,1
CRS005,2024-09,Female,<15,88,2
CRS005,2024-09,Female,15-24,233,6
CRS005,2024-09,Female,25-34,241,12
CRS005,2024-09,Female,35-49,179,9
CRS005,2024-09,Female,50+,87,2
CRS005,2024-09,Male,<15,64,1
CRS005,2024-09,Male,15-24,173,4
CRS005,2024-09,Male,25-34,173,9
CRS005,2024-09,M,35-49,129,6
CRS005,2024-09,M,50+,58,1
CRS005,2024-10,Female,<15,52,1
CRS005,2024-10,Female,15-24,135,3
CRS005,2024-10,Female,25-34,191,11
CRS005,2024-10,Female,35-49,138,7
CRS005,2024-10,female,50+,48,1
CRS005,2024-10,Male,<15,45,1
CRS005,2024-10,Male,15-24,123,3
CRS005,2024-10,Male,25-34,,6
CRS005,2024-10,Male,35-49,81,4
CRS005,2024-10,Male,50+,42,1
CRS005,2024-11,Female,<15,46,1
CRS005,2024-11,Female,15-24,165,4
CRS005,2024-11,Female,25-34,169,8
CRS005,2024-11,Female,35-49,106,5
CRS005,2024-11,Female,50+,53,1
CRS005,2024-11,Male,<15,37,0
CRS005,2024-11,M,15-24,111,2
CRS005,2024-11,Male,25-34,114,5
CRS005,2024-11,male,35-49,86,4
CRS005,2024-11,Male,50+,42,1
CRS005,2024-12,Female,<15,51,1
CRS005,2024-12,Female,15-24,169,4
CRS005,2024-12,F,25-34,153,8
CRS005,2024-12,Female,35-49,134,7
CRS005,2024-12,female,50+,63,1
CRS005,2024-12,M,<15,36,1
CRS005,2024-12,Male,15-24,119,3
CRS005,2024-12,Male,25-34,-,7
CRS005,2024-12,M,35-49,93,5
CRS005,2024-12,Male,50+,34,0
CRS006,2024-01,Female,0-14,24,0
CRS006,2024-01,Female,15-24,69,1
CRS006,2024-01,Female,25-34,75,2
CRS006,2024-01,Female,35-49,54,2
CRS006,2024-01,Female,50+,25,0
CRS006,2024-01,Male,<15,18,0
CRS006,2024-01,Male,15-24,50,0
CRS006,2024-01,Male,25-34,51,1
CRS006,2024-01,Male,35-49,39,1
CRS006,2024-01,Male,50+,21,0
CRS006,2024-02,Female,<15,30,0
CRS006,2024-02,Female,15-24,85,2
CRS006,2024-02,Female,25-34,76,4
CRS006,2024-02,Female,35-49,61,3
CRS006,2024-02,Female,50+,27,0
CRS006,2024-02,Male,0-14,19,0
CRS006,2024-02,Male,15-24,56,1
CRS006,2024-02,Male,25-34,60,3
CRS006,2024-02,Male,35-49,50,3
CRS006,2024-02,Male,50+,17,0
CRS006,2024-03,Female,<15,26,0
CRS006,2024-03,F,15-24,74,2
CRS006,2024-03,Female,25-34,73,5
CRS006,2024-03,Female,35-49,51,3
CRS006,2024-03,Female,50+,25,0
CRS006,2024-03,Male,<15,15,0
CRS006,2024-03,Male,15-24,54,2
CRS006,2024-03,male,25-34,56,4
CRS006,2024-03,Male,35-49,37,2
CRS006,2024-03,m,50+,18,0
CRS006,2024-04,Female,<15,37,0
CRS006,2024-04,Female,15 - 24,117,2
CRS006,2024-04,Female,25-34,98,4
CRS006,2024-04,Female,35-49,83,4
CRS006,2024-04,Female,50+,38,0
CRS006,2024-04,Male,<15,29,0
CRS006,2024-04,Male,15-24,79,1
CRS006,2024-04,Male,25-34,86,4
CRS006,2024-04,Male,35-49,53,2
CRS006,2024-04,Male,50+,23,0
CRS006,2024-05,Female,<15,45,1
CRS006,2024-05,Female,15-24,103,3
CRS006,2024-05,Female,25-34,113,8
CRS006,2024-05,Female,35-49,84,6
CRS006,2024-05,Female,50+,43,1
CRS006,2024-05,Male,<15,29,1
CRS006,2024-05,Male,15-24,81,3
CRS006,2024-05,Male,25-34,85,6
CRS006,2024-05,Male,35-49,58,4
CRS006,2024-05,Male,50+,28,1
CRS006,2024-06,Female,<15,39,1
CRS006,2024-06,Female,15-24,88,2
CRS006,2024-06,Female,25-34,96,6
CRS006,2024-06,Female,35-49,90,5
CRS006,2024-06,Female,50+,35,1
CRS006,2024-06,Male,<15,25,0
CRS006,2024-06,Male,15-24,76,2
CRS006,2024-06,Male,25-34,69,4
CRS006,2024-06,Male,35-49,51,3
CRS006,2024-06,male,50+,29,0
CRS006,2024-07,F,<15,44,1
CRS006,2024-07,female,15-24,118,3
CRS006,2024-07,Female,25-34,131,8
CRS006,2024-07,F,35-49,100,6
CRS006,2024-07,F,50+,38,1
CRS006,2024-07,Male,<15,31,1
CRS006,2024-07,Male,15-24,85,2
CRS006,2024-07,Male,25-34,105,6
CRS006,2024-07,Male,35-49,61,3
CRS006,2024-07,Male,50+,30,0
CRS006,2024-08,Female,<15,30,0
CRS006,2024-08,Female,15 - 24,82,2
CRS006,2024-08,Female,25-34,99,4
CRS006,2024-08,Female,35-49,70,3
CRS006,2024-08,F,50+,31,0
CRS006,2024-08,Male,<15,20,0
CRS006,2024-08,Male,15-24,64,1
CRS006,2024-08,M,25-34,72,3
CRS006,2024-08,Male,35-49,49,2
CRS006,2024-08,Male,50+,20,0
CRS006,2024-09,Female,<15,26,0
CRS006,2024-09,Female,15-24,88,2
CRS006,2024-09,F,25-34,77,4
CRS006,2024-09,Female,35-49,72,4
CRS006,2024-09,Female,50+,28,0
CRS006,2024-09,Male,<15,,0
CRS006,2024-09,Male,15-24,58,1
CRS006,2024-09,M,25-34,57,3
CRS006,2024-09,Male,35-49,56,3
CRS006,2024-09,male,50+,20,0
CRS006,2024-10,Female,0-14,28,0
CRS006,2024-10,Female,15-24,82,2
CRS006,2024-10,Female,25-34,88,4
CRS006,2024-10,Female,35-49,52,2
CRS006,2024-10,Female,50+,22,0
CRS006,2024-10,Male,<15,22,0
CRS006,2024-10,Male,15 - 24,52,1
CRS006,2024-10,Male,25-34,53,3
CRS006,2024-10,Male,35-49,46,2
CRS006,2024-10,Male,50+,23,0
CRS006,2024-11,F,<15,33,0
CRS006,2024-11,Female,15-24,94,1
CRS006,2024-11,female,25-34,94,3
CRS006,2024-11,Female,35-49,64,2
CRS006,2024-11,Female,50+,33,0
CRS006,2024-11,Male,<15,22,0
CRS006,2024-11,Male,15 - 24,66,1
CRS006,2024-11,male,25-34,63,2
CRS006,2024-11,Male,35-49,56,2
CRS006,2024-11,Male,50+,23,0
CRS006,2024-12,Female,<15,30,0
CRS006,2024-12,Female,15-24,91,2
CRS006,2024-12,Female,25-34,91,4
CRS006,2024-12,Female,35-49,77,3
CRS006,2024-12,female,50+,37,0
CRS006,2024-12,Male,<15,26,0
CRS006,2024-12,Male,15-24,60,1
CRS006,2024-12,Male,25-34,73,3
CRS006,2024-12,Male,35-49,51,2
CRS006,2024-12,Male,50+,26,0
CRS007,2024-01,Female,<15,5,0
CRS007,2024-01,female,15-24,16,0
CRS007,2024-01,Female,25-34,16,0
CRS007,2024-01,F,35-49,12,0
CRS007,2024-01,Female,50+,6,0
CRS007,2024-01,Male,0-14,3,0
CRS007,2024-01,Male,15-24,10,0
CRS007,2024-01,Male,25-34,12,0
CRS007,2024-01,male,35-49,9,0
CRS007,2024-01,M,50+,4,0
CRS007,2024-02,Female,<15,5,0
CRS007,2024-02,Female,15-24,18,0
CRS007,2024-02,Female,25-34,20,0
CRS007,2024-02,Female,35-49,N/A,0
CRS007,2024-02,Female,50+,6,0
CRS007,2024-02,Male,<15,4,0
CRS007,2024-02,Male,15-24,12,0
CRS007,2024-02,Male,25-34,13,0
CRS007,2024-02,Male,35-49,11,0
CRS007,2024-02,Male,50+,3,0
CRS007,2024-03,Female,<15,8,0
CRS007,2024-03,Female,15-24,23,0
CRS007,2024-03,Female,25-34,27,1
CRS007,2024-03,Female,35-49,22,0
CRS007,2024-03,Female,50+,10,-
CRS007,2024-03,Male,<15,5,0
CRS007,2024-03,Male,15-24,20,0
CRS007,2024-03,Male,25-34,17,0
CRS007,2024-03,Male,35-49,16,0
CRS007,2024-03,M,50+,7,0
CRS007,2024-04,Female,<15,5,0
CRS007,2024-04,Female,15 - 24,16,0
CRS007,2024-04,F,25-34,20,0
CRS007,2024-04,Female,35-49,12,0
CRS007,2024-04,Female,50+,5,0
CRS007,2024-04,Male,<15,3,0
CRS007,2024-04,Male,15-24,11,0
CRS007,2024-04,Male,25-34,13,0
CRS007,2024-04,male,35-49,10,0
CRS007,2024-04,Male,50+,4,0
CRS007,2024-05,F,<15,8,0
CRS007,2024-05,Female,15-24,23,0
CRS007,2024-05,Female,25-34,24,1
CRS007,2024-05,Female,35-49,19,0
CRS007,2024-05,F,50+,7,0
CRS007,2024-05,Male,<15,6,0
CRS007,2024-05,M,15-24,15,0
CRS007,2024-05,Male,25-34,17,0
CRS007,2024-05,Male,35-49,13,0
CRS007,2024-05,male,50+,7,0
CRS007,2024-06,Female,<15,9,0
CRS007,2024-06,Female,15-24,20,0
CRS007,2024-06,Female,25-34,25,0
CRS007,2024-06,Female,35-49,17,0
CRS007,2024-06,Female,50+,7,0
CRS007,2024-06,Male,<15,5,0
CRS007,2024-06,Male,15-24,15,0
CRS007,2024-06,Male,25-34,19,0
CRS007,2024-06,Male,35-49,12,0
CRS007,2024-06,Male,50+,5,0
CRS007,2024-07,F,<15,10,0
CRS007,2024-07,Female,15-24,30,0
CRS007,2024-07,Female,25-34,26,0
CRS007,2024-07,F,35-49,18,0
CRS007,2024-07,Female,50+,8,0
CRS007,2024-07,Male,<15,7,0
CRS007,2024-07,Male,15-24,18,0
CRS007,2024-07,Male,25-34,17,0
CRS007,2024-07,Male,35-49,16,0
CRS007,2024-07,Male,50+,7,0
CRS007,2024-08,Female,<15,6,0
CRS007,2024-08,Female,15-24,21,0
CRS007,2024-08,F,25-34,20,0
CRS007,2024-08,Female,35-49,17,0
CRS007,2024-08,Female,50 and above,7,0
CRS007,2024-08,Male,<15,5,0
CRS007,2024-08,male,15-24,13,0
CRS007,2024-08,Male,25-34,17,0
CRS007,2024-08,Male,35-49,12,0
CRS007,2024-08,M,50 and above,4,0
CRS007,2024-09,F,<15,8,-
CRS007,2024-09,Female,15-24,23,0
CRS007,2024-09,Female,25-34,25,1
CRS007,2024-09,F,35-49,20,1
CRS007,2024-09,Female,50+,9,0
CRS007,2024-09,Male,<15,7,0
CRS007,2024-09,M,15-24,16,0
CRS007,2024-09,male,25-34,20,1
CRS007,2024-09,Male,35-49,12,0
CRS007,2024-09,Male,50+,5,0
CRS007,2024-10,Female,<15,7,0
CRS007,2024-10,Female,15-24,24,0
CRS007,2024-10,Female,25-34,23,1
CRS007,2024-10,Female,35-49,16,1
CRS007,2024-10,female,50+,7,0
CRS007,2024-10,M,0-14,6,0
CRS007,2024-10,Male,15-24,15,0
CRS007,2024-10,Male,25-34,17,1
CRS007,2024-10,male,35-49,12,0
CRS007,2024-10,Male,50+,6,0
CRS007,2024-11,F,<15,8,0
CRS007,2024-11,F,15-24,22,0
CRS007,2024-11,F,25-34,23,0
CRS007,2024-11,Female,35-49,14,0
CRS007,2024-11,Female,50+,7,0
CRS007,2024-11,Male,<15,6,0
CRS007,2024-11,Male,15-24,14,0
CRS007,2024-11,Male,25-34,16,0
CRS007,2024-11,male,35-49,12,0
CRS007,2024-11,Male,50+,6,0
CRS007,2024-12,f,<15,7,0
CRS007,2024-12,Female,15 - 24,19,0
CRS007,2024-12,Female,25-34,20,0
CRS007,2024-12,F,35-49,13,0
CRS007,2024-12,Female,50+,6,0
CRS007,2024-12,Male,<15,5,0
CRS007,2024-12,Male,15-24,13,0
CRS007,2024-12,Male,25-34,14,0
CRS007,2024-12,Male,35-49,10,0
CRS007,2024-12,Male,50+,5,0
CRS008,2024-01,Female,<15,29,0
CRS008,2024-01,Female,15-24,93,1
CRS008,2024-01,Female,25-34,85,1
CRS008,2024-01,Female,35-49,63,1
CRS008,2024-01,F,50+,25,0
CRS008,2024-01,M,<15,19,0
CRS008,2024-01,Male,15-24,53,0
CRS008,2024-01,Male,25-34,67,1
CRS008,2024-01,Male,35-49,53,1
CRS008,2024-01,male,50+,21,0
CRS008,2024-02,Female,<15,42,1
CRS008,2024-02,Female,15-24,106,3
CRS008,2024-02,Female,25-34,114,8
CRS008,2024-02,Female,35-49,77,5
CRS008,2024-02,Female,50+,33,1
CRS008,2024-02,M,<15,25,0
CRS008,2024-02,Male,15-24,80,2
CRS008,2024-02,Male,25-34,78,5
CRS008,2024-02,M,35-49,62,4
CRS008,2024-02,Male,50+,23,0
CRS008,2024-03,Female,0-14,45,1
CRS008,2024-03,Female,15-24,122,5
CRS008,2024-03,Female,25-34,108,9
CRS008,2024-03,Female,35-49,83,6
CRS008,2024-03,Female,50+,40,1
CRS008,2024-03,M,<15,28,1
CRS008,2024-03,Male,15-24,91,3
CRS008,2024-03,Male,25-34,86,7
CRS008,2024-03,Male,35-49,57,4
CRS008,2024-03,M,50+,25,1
CRS008,2024-04,Female,<15,42,0
CRS008,2024-04,Female,15-24,130,2
CRS008,2024-04,F,25-34,105,4
CRS008,2024-04,Female,35-49,94,3
CRS008,2024-04,F,50+,44,0
CRS008,2024-04,Male,<15,30,0
CRS008,2024-04,M,15-24,89,1
CRS008,2024-04,Male,25-34,95,3
CRS008,2024-04,Male,35-49,62,2
CRS008,2024-04,Male,50+,24,0
CRS008,2024-05,Female,<15,43,1
CRS008,2024-05,Female,15-24,99,3
CRS008,2024-05,Female,25-34,121,8
CRS008,2024-05,F,35-49,72,5
CRS008,2024-05,Female,50+,43,1
CRS008,2024-05,Male,<15,26,0
CRS008,2024-05,Male,15-24,81,2
CRS008,2024-05,Male,25-34,81,5
CRS008,2024-05,male,35-49,59,4
CRS008,2024-05,M,50+,26,0
CRS008,2024-06,Female,<15,46,1
CRS008,2024-06,Female,15-24,136,4
CRS008,2024-06,Female,25-34,150,10
CRS008,2024-06,Female,35-49,93,6
CRS008,2024-06,Female,50+,45,1
CRS008,2024-06,M,0-14,34,1
CRS008,2024-06,Male,15-24,98,3
CRS008,2024-06,Male,25-34,101,6
CRS008,2024-06,Male,35-49,71,N/A
CRS008,2024-06,M,50+,35,1
CRS008,2024-07,Female,<15,33,0
CRS008,2024-07,Female,15-24,110,2
CRS008,2024-07,Female,25-34,125,6
CRS008,2024-07,Female,35-49,83,4
CRS008,2024-07,Female,50 and above,41,1
CRS008,2024-07,Male,<15,30,0
CRS008,2024-07,Male,15-24,84,2
CRS008,2024-07,Male,25-34,85,4
CRS008,2024-07,Male,35-49,60,3
CRS008,2024-07,Male,50+,25,0
CRS008,2024-08,Female,<15,45,1
CRS008,2024-08,Female,15-24,106,4
CRS008,2024-08,Female,25-34,118,8
CRS008,2024-08,Female,35-49,95,7
CRS008,2024-08,female,50+,41,1
CRS008,2024-08,Male,<15,28,1
CRS008,2024-08,Male,15-24,76,2
CRS008,2024-08,Male,25-34,91,6
CRS008,2024-08,M,35-49,61,4
CRS008,2024-08,Male,50+,36,1
CRS008,2024-09,Female,<15,27,0
CRS008,2024-09,Female,15-24,78,2
CRS008,2024-09,Female,25-34,110,5
CRS008,2024-09,Female,35-49,73,3
CRS008,2024-09,Female,50+,32,0
CRS008,2024-09,Male,<15,22,0
CRS008,2024-09,Male,15-24,58,1
CRS008,2024-09,Male,25-34,69,3
CRS008,2024-09,Male,35-49,57,3
CRS008,2024-09,Male,50+,24,0
CRS008,2024-10,Female,<15,32,1
CRS008,2024-10,Female,15-24,99,3
CRS008,2024-10,Female,25-34,124,8
CRS008,2024-10,Female,35-49,70,4
CRS008,2024-10,Female,50+,38,1
CRS008,2024-10,Male,<15,31,1
CRS008,2024-10,Male,15-24,68,2
CRS008,2024-10,Male,25-34,75,5
CRS008,2024-10,M,35-49,56,3
CRS008,2024-10,male,50 and above,-,1
CRS008,2024-11,Female,<15,35,1
CRS008,2024-11,F,15-24,110,3
CRS008,2024-11,Female,25-34,114,7
CRS008,2024-11,Female,35-49,76,5
CRS008,2024-11,Female,50+,35,1
CRS008,2024-11,Male,0-14,28,0
CRS008,2024-11,Male,15-24,69,2
CRS008,2024-11,Male,25-34,80,5
CRS008,2024-11,Male,35-49,67,4
CRS008,2024-11,Male,50+,25,0
CRS008,2024-12,Female,<15,35,1
CRS008,2024-12,Female,15-24,106,3
CRS008,2024-12,Female,25-34,93,5
CRS008,2024-12,Female,35-49,65,4
CRS008,2024-12,Female,50+,39,1
CRS008,2024-12,male,<15,,0
CRS008,2024-12,Male,15-24,76,2
CRS008,2024-12,Male,25-34,66,4
CRS008,2024-12,M,35-49,53,3
CRS008,2024-12,M,50+,-,0
CRS009,2024-01,Female,<15,28,0
CRS009,2024-01,Female,15-24,90,1
CRS009,2024-01,Female,25-34,108,4
CRS009,2024-01,Female,35-49,79,3
CRS009,2024-01,Female,50+,34,0
CRS009,2024-01,Male,<15,28,0
CRS009,2024-01,Male,15-24,64,1
CRS009,2024-01,Male,25-34,82,3
CRS009,2024-01,Male,35-49,48,2
CRS009,2024-01,Male,50+,22,0
CRS009,2024-02,Female,<15,25,0
CRS009,2024-02,Female,15-24,78,1
CRS009,2024-02,Female,25-34,84,2
CRS009,2024-02,Female,35-49,61,1
CRS009,2024-02,Female,50+,26,0
CRS009,2024-02,Male,<15,19,0
CRS009,2024-02,Male,15-24,57,0
CRS009,2024-02,M,25-34,59,1
CRS009,2024-02,Male,35-49,43,1
CRS009,2024-02,Male,50+,19,0
CRS009,2024-03,Female,<15,27,0
CRS009,2024-03,f,15-24,77,2
CRS009,2024-03,Female,25-34,83,5
CRS009,2024-03,F,35-49,51,3
CRS009,2024-03,Female,50+,27,0
CRS009,2024-03,Male,<15,16,0
CRS009,2024-03,Male,15-24,49,1
CRS009,2024-03,M,25-34,66,4
CRS009,2024-03,Male,35-49,44,2
CRS009,2024-03,Male,50+,17,0
CRS009,2024-04,Female,<15,26,1
CRS009,2024-04,Female,15-24,66,2
CRS009,2024-04,Female,25-34,80,6
CRS009,2024-04,Female,35-49,67,5
CRS009,2024-04,Female,50+,28,1
CRS009,2024-04,Male,<15,22,0
CRS009,2024-04,Male,15-24,48,1
CRS009,2024-04,M,25-34,54,4
CRS009,2024-04,Male,35-49,,3
CRS009,2024-04,Male,50+,18,0
CRS009,2024-05,Female,0-14,38,0
CRS009,2024-05,Female,15 - 24,108,2
CRS009,2024-05,Female,25-34,109,4
CRS009,2024-05,Female,35-49,63,2
CRS009,2024-05,Female,50+,30,0
CRS009,2024-05,M,<15,29,0
CRS009,2024-05,Male,15-24,71,1
CRS009,2024-05,Male,25-34,71,2
CRS009,2024-05,M,35-49,57,2
CRS009,2024-05,Male,50+,23,0
CRS009,2024-06,Female,<15,45,1
CRS009,2024-06,Female,15-24,103,2
CRS009,2024-06,Female,25-34,117,5
CRS009,2024-06,Female,35-49,101,4
CRS009,2024-06,Female,50+,49,1
CRS009,2024-06,Male,<15,34,0
CRS009,2024-06,Male,15-24,84,1
CRS009,2024-06,Male,25-34,84,3
CRS009,2024-06,M,35-49,64,2
CRS009,2024-06,male,50+,33,0
CRS009,2024-07,Female,<15,37,0
CRS009,2024-07,Female,15 - 24,109,2
CRS009,2024-07,Female,25-34,120,5
CRS009,2024-07,Female,35-49,76,3
CRS009,2024-07,Female,50+,45,0
CRS009,2024-07,Male,<15,34,0
CRS009,2024-07,Male,15-24,78,1
CRS009,2024-07,Male,25-34,81,3
CRS009,2024-07,M,35-49,57,2
CRS009,2024-07,M,50+,30,0
CRS009,2024-08,female,0-14,38,0
CRS009,2024-08,Female,15-24,104,2
CRS009,2024-08,Female,25-34,109,4
CRS009,2024-08,Female,35-49,81,3
CRS009,2024-08,female,50 and above,36,0
CRS009,2024-08,Male,<15,27,0
CRS009,2024-08,M,15-24,82,1
CRS009,2024-08,Male,25-34,76,3
CRS009,2024-08,Male,35-49,58,2
CRS009,2024-08,Male,50+,22,0
CRS009,2024-09,Female,<15,29,0
CRS009,2024-09,female,15-24,90,1
CRS009,2024-09,F,25-34,98,4
CRS009,2024-09,Female,35-49,61,2
CRS009,2024-09,Female,50+,31,0
CRS009,2024-09,Male,<15,25,0
CRS009,2024-09,M,15-24,58,1
CRS009,2024-09,Male,25-34,62,2
CRS009,2024-09,Male,35-49,53,2
CRS009,2024-09,Male,50 and above,25,0
CRS009,2024-10,Female,<15,33,0
CRS009,2024-10,Female,15-24,108,0
CRS009,2024-10,F,25-34,94,1
CRS009,2024-10,Female,35-49,86,1
CRS009,2024-10,female,50+,30,0
CRS009,2024-10,Male,<15,22,0
CRS009,2024-10,male,15-24,69,0
CRS009,2024-10,Male,25-34,80,1
CRS009,2024-10,Male,35-49,57,0
CRS009,2024-10,Male,50+,25,0
CRS009,2024-11,Female,<15,30,0
CRS009,2024-11,Female,15-24,92,1
CRS009,2024-11,Female,25-34,88,3
CRS009,2024-11,Female,35-49,56,2
CRS009,2024-11,Female,50+,29,0
CRS009,2024-11,Male,<15,22,0
CRS009,2024-11,male,15-24,59,1
CRS009,2024-11,Male,25-34,62,2
CRS009,2024-11,Male,35-49,45,1
CRS009,2024-11,male,50+,23,0
CRS009,2024-12,F,<15,29,0
CRS009,2024-12,Female,15 - 24,72,1
CRS009,2024-12,Female,25-34,83,3
CRS009,2024-12,Female,35-49,61,2
CRS009,2024-12,Female,50+,25,0
CRS009,2024-12,Male,<15,21,0
CRS009,2024-12,Male,15-24,51,1
CRS009,2024-12,Male,25-34,63,2
CRS009,2024-12,Male,35-49,42,1
CRS009,2024-12,Male,50+,18,0
CRS010,2024-01,Female,<15,3,0
CRS010,2024-01,F,15-24,10,0
CRS010,2024-01,Female,25-34,11,0
CRS010,2024-01,Female,35-49,7,0
CRS010,2024-01,Female,50+,3,0
CRS010,2024-01,Male,<15,2,0
CRS010,2024-01,Male,15 - 24,6,0
CRS010,2024-01,Male,25-34,8,0
CRS010,2024-01,M,35-49,6,0
CRS010,2024-01,Male,50+,2,0
CRS010,2024-02,Female,<15,5,0
CRS010,2024-02,F,15-24,14,0
CRS010,2024-02,Female,25-34,16,0
CRS010,2024-02,Female,35-49,10,0
CRS010,2024-02,Female,50+,4,0
CRS010,2024-02,M,<15,3,0
CRS010,2024-02,Male,15-24,10,0
CRS010,2024-02,Male,25-34,10,0
CRS010,2024-02,M,35-49,7,0
CRS010,2024-02,Male,50+,3,0
CRS010,2024-03,F,<15,4,0
CRS010,2024-03,Female,15-24,12,0
CRS010,2024-03,Female,25-34,10,0
CRS010,2024-03,Female,35-49,8,0
CRS010,2024-03,Female,50+,3,0
CRS010,2024-03,Male,<15,2,0
CRS010,2024-03,Male,15-24,7,0
CRS010,2024-03,Male,25-34,9,0
CRS010,2024-03,Male,35-49,6,0
CRS010,2024-03,Male,50+,2,0
CRS010,2024-04,Female,<15,4,0
CRS010,2024-04,Female,15-24,11,0
CRS010,2024-04,Female,25-34,11,0
CRS010,2024-04,Female,35-49,9,0
CRS010,2024-04,female,50+,4,0
CRS010,2024-04,Male,<15,3,0
CRS010,2024-04,Male,15-24,7,0
CRS010,2024-04,Male,25-34,9,0
CRS010,2024-04,Male,35-49,7,0
CRS010,2024-04,male,50 and above,2,0
CRS010,2024-05,F,<15,4,0
CRS010,2024-05,Female,15-24,16,0
CRS010,2024-05,Female,25-34,16,0
CRS010,2024-05,F,35-49,11,0
CRS010,2024-05,Female,50+,4,0
CRS010,2024-05,Male,<15,3,0
CRS010,2024-05,Male,15-24,10,0
CRS010,2024-05,Male,25-34,11,0
CRS010,2024-05,Male,35-49,9,0
CRS010,2024-05,Male,50 and above,4,0
CRS010,2024-06,F,<15,5,0
CRS010,2024-06,Female,15-24,17,0
CRS010,2024-06,Female,25-34,17,0
CRS010,2024-06,Female,35-49,12,0
CRS010,2024-06,Female,50+,5,0
CRS010,2024-06,Male,<15,4,0
CRS010,2024-06,Male,15-24,11,0
CRS010,2024-06,Male,25-34,12,0
CRS010,2024-06,M,35-49,9,0
CRS010,2024-06,Male,50+,4,0
CRS010,2024-07,F,<15,5,0
CRS010,2024-07,Female,15 - 24,13,0
CRS010,2024-07,Female,25-34,18,0
CRS010,2024-07,female,35-49,12,0
CRS010,2024-07,Female,50+,5,0
CRS010,2024-07,Male,<15,4,0
CRS010,2024-07,Male,15-24,11,0
CRS010,2024-07,Male,25-34,12,0
CRS010,2024-07,Male,35-49,8,0
CRS010,2024-07,Male,50+,4,0
CRS010,2024-08,Female,<15,5,0
CRS010,2024-08,Female,15-24,17,0
CRS010,2024-08,Female,25-34,18,0
CRS010,2024-08,Female,35-49,14,0
CRS010,2024-08,F,50 and above,5,0
CRS010,2024-08,Male,<15,4,0
CRS010,2024-08,Male,15-24,13,0
CRS010,2024-08,Male,25-34,13,0
CRS010,2024-08,Male,35-49,9,0
CRS010,2024-08,Male,50+,3,0
CRS010,2024-09,Female,<15,3,0
CRS010,2024-09,Female,15-24,13,0
CRS010,2024-09,Female,25-34,12,0
CRS010,2024-09,Female,35-49,10,0
CRS010,2024-09,Female,50+,4,0
CRS010,2024-09,Male,<15,3,0
CRS010,2024-09,Male,15-24,8,0
CRS010,2024-09,Male,25-34,10,0
CRS010,2024-09,Male,35-49,7,0
CRS010,2024-09,Male,50+,2,0
CRS010,2024-10,Female,<15,5,0
CRS010,2024-10,Female,15-24,12,0
CRS010,2024-10,Female,25-34,13,0
CRS010,2024-10,Female,35-49,9,0
CRS010,2024-10,Female,50+,5,0
CRS010,2024-10,Male,<15,3,0
CRS010,2024-10,M,15-24,10,0
CRS010,2024-10,Male,25-34,9,0
CRS010,2024-10,Male,35-49,6,0
CRS010,2024-10,male,50+,3,0
CRS010,2024-11,Female,<15,3,0
CRS010,2024-11,Female,15-24,9,0
CRS010,2024-11,Female,25-34,13,0
CRS010,2024-11,Female,35-49,8,0
CRS010,2024-11,Female,50+,4,0
CRS010,2024-11,Male,<15,2,0
CRS010,2024-11,M,15-24,7,0
CRS010,2024-11,Male,25-34,9,0
CRS010,2024-11,Male,35-49,6,0
CRS010,2024-11,Male,50+,2,0
CRS010,2024-12,F,<15,3,0
CRS010,2024-12,Female,15-24,12,0
CRS010,2024-12,Female,25-34,11,0
CRS010,2024-12,Female,35-49,8,0
CRS010,2024-12,Female,50+,3,0
CRS010,2024-12,Male,<15,2,0
CRS010,2024-12,Male,15-24,9,0
CRS010,2024-12,Male,25-34,8,0
CRS010,2024-12,Male,35-49,5,0
CRS010,2024-12,Male,50+,2,0
CRS011,2024-01,Female,<15,14,0
CRS011,2024-01,Female,15-24,47,0
CRS011,2024-01,Female,25-34,39,0
CRS011,2024-01,Female,35-49,35,0
CRS011,2024-01,Female,50+,16,0
CRS011,2024-01,Male,<15,12,0
CRS011,2024-01,male,15-24,34,0
CRS011,2024-01,Male,25-34,32,0
CRS011,2024-01,Male,35-49,21,0
CRS011,2024-01,Male,50+,11,0
CRS011,2024-02,Female,<15,25,0
CRS011,2024-02,Female,15-24,69,1
CRS011,2024-02,Female,25-34,73,2
CRS011,2024-02,Female,35-49,51,1
CRS011,2024-02,Female,50+,22,0
CRS011,2024-02,Male,<15,17,0
CRS011,2024-02,Male,15-24,49,0
CRS011,2024-02,Male,25-34,51,1
CRS011,2024-02,Male,35-49,40,1
CRS011,2024-02,Male,50+,17,0
CRS011,2024-03,Female,<15,21,0
CRS011,2024-03,Female,15-24,56,0
CRS011,2024-03,Female,25-34,65,1
CRS011,2024-03,F,35-49,44,0
CRS011,2024-03,Female,50+,22,0
CRS011,2024-03,Male,<15,15,0
CRS011,2024-03,Male,15-24,40,0
CRS011,2024-03,Male,25-34,46,0
CRS011,2024-03,Male,35-49,35,0
CRS011,2024-03,M,50+,14,0
CRS011,2024-04,Female,<15,22,0
CRS011,2024-04,Female,15-24,63,1
CRS011,2024-04,Female,25-34,68,2
CRS011,2024-04,F,35-49,50,1
CRS011,2024-04,F,50+,24,0
CRS011,2024-04,Male,<15,14,0
CRS011,2024-04,Male,15-24,51,0
CRS011,2024-04,Male,25-34,50,1
CRS011,2024-04,Male,35-49,35,1
CRS011,2024-04,Male,50+,14,0
CRS011,2024-05,Female,<15,21,0
CRS011,2024-05,Female,15-24,68,0
CRS011,2024-05,Female,25-34,75,2
CRS011,2024-05,Female,35-49,46,1
CRS011,2024-05,Female,50+,25,0
CRS011,2024-05,Male,<15,19,0
CRS011,2024-05,Male,15-24,44,0
CRS011,2024-05,Male,25-34,56,1
CRS011,2024-05,Male,35-49,34,0
CRS011,2024-05,Male,50+,18,0
CRS011,2024-06,Female,<15,29,0
CRS011,2024-06,Female,15-24,72,0
CRS011,2024-06,Female,25-34,88,2
CRS011,2024-06,Female,35-49,58,1
CRS011,2024-06,Female,50+,24,0
CRS011,2024-06,Male,<15,20,0
CRS011,2024-06,Male,15-24,53,0
CRS011,2024-06,Male,25-34,63,1
CRS011,2024-06,Male,35-49,41,0
CRS011,2024-06,Male,50+,19,0
CRS011,2024-07,Female,<15,25,0
CRS011,2024-07,Female,15-24,65,0
CRS011,2024-07,Female,25-34,67,1
CRS011,2024-07,Female,35-49,57,1
CRS011,2024-07,Female,50 and above,24,0
CRS011,2024-07,Male,<15,18,0
CRS011,2024-07,Male,15-24,47,0
CRS011,2024-07,Male,25-34,52,1
CRS011,2024-07,Male,35-49,37,0
CRS011,2024-07,Male,50 and above,18,0
CRS011,2024-08,Female,<15,21,0
CRS011,2024-08,Female,15-24,64,1
CRS011,2024-08,Female,25-34,72,2
CRS011,2024-08,Female,35-49,53,2
CRS011,2024-08,Female,50+,27,0
CRS011,2024-08,Male,<15,15,0
CRS011,2024-08,Male,15-24,51,1
CRS011,2024-08,Male,25-34,47,1
CRS011,2024-08,M,35-49,40,1
CRS011,2024-08,Male,50+,18,0
CRS011,2024-09,Female,<15,18,0
CRS011,2024-09,Female,15-24,48,0
CRS011,2024-09,female,25-34,52,0
CRS011,2024-09,F,35-49,36,0
CRS011,2024-09,Female,50+,21,0
CRS011,2024-09,Male,0-14,12,0
CRS011,2024-09,Male,15-24,,0
CRS011,2024-09,Male,25-34,36,0
CRS011,2024-09,M,35-49,28,0
CRS011,2024-09,Male,50+,11,0
CRS011,2024-10,Female,<15,16,0
CRS011,2024-10,female,15 - 24,54,0
CRS011,2024-10,Female,25-34,64,1
CRS011,2024-10,Female,35-49,47,1
CRS011,2024-10,Female,50+,21,0
CRS011,2024-10,Male,<15,14,0
CRS011,2024-10,M,15-24,40,0
CRS011,2024-10,Male,25-34,45,1
CRS011,2024-10,Male,35-49,32,0
CRS011,2024-10,M,50+,15,0
CRS011,2024-11,Female,<15,13,0
CRS011,2024-11,Female,15 - 24,43,1
CRS011,2024-11,Female,25-34,44,2
CRS011,2024-11,Female,35-49,34,1
CRS011,2024-11,Female,50+,13,0
CRS011,2024-11,M,<15,11,0
CRS011,2024-11,Male,15-24,34,0
CRS011,2024-11,Male,25-34,31,1
CRS011,2024-11,Male,35-49,21,1
CRS011,2024-11,Male,50+,10,0
CRS011,2024-12,Female,<15,22,0
CRS011,2024-12,Female,15-24,57,0
CRS011,2024-12,Female,25-34,72,1
CRS011,2024-12,Female,35-49,51,1
CRS011,2024-12,Female,50+,23,0
CRS011,2024-12,Male,<15,18,0
CRS011,2024-12,Male,15-24,47,0
CRS011,2024-12,Male,25-34,44,1
CRS011,2024-12,Male,35-49,37,0
CRS011,2024-12,Male,50 and above,16,0
CRS012,2024-01,Female,<15,25,0
CRS012,2024-01,Female,15-24,70,0
CRS012,2024-01,Female,25-34,85,1
CRS012,2024-01,Female,35-49,68,1
CRS012,2024-01,Female,50+,29,0
CRS012,2024-01,Male,<15,19,0
CRS012,2024-01,Male,15-24,51,0
CRS012,2024-01,Male,25-34,59,1
CRS012,2024-01,Male,35-49,51,1
CRS012,2024-01,M,50+,19,0
CRS012,2024-02,Female,<15,26,0
CRS012,2024-02,Female,15-24,79,1
CRS012,2024-02,F,25-34,68,2
CRS012,2024-02,Female,35-49,47,1
CRS012,2024-02,Female,50+,22,0
CRS012,2024-02,Male,<15,20,0
CRS012,2024-02,male,15-24,52,0
CRS012,2024-02,Male,25-34,46,1
CRS012,2024-02,Male,35-49,39,1
CRS012,2024-02,Male,50+,19,0
CRS012,2024-03,Female,<15,34,0
CRS012,2024-03,Female,15-24,72,0
CRS012,2024-03,Female,25-34,77,1
CRS012,2024-03,Female,35-49,68,1
CRS012,2024-03,Female,50 and above,29,0
CRS012,2024-03,Male,<15,17,0
CRS012,2024-03,Male,15-24,57,0
CRS012,2024-03,Male,25-34,62,1
CRS012,2024-03,Male,35-49,46,0
CRS012,2024-03,Male,50+,18,0
CRS012,2024-04,Female,<15,22,0
CRS012,2024-04,Female,15-24,68,0
CRS012,2024-04,Female,25-34,64,1
CRS012,2024-04,Female,35-49,61,1
CRS012,2024-04,Female,50+,24,0
CRS012,2024-04,Male,<15,15,0
CRS012,2024-04,Male,15-24,51,0
CRS012,2024-04,Male,25-34,54,1
CRS012,2024-04,Male,35-49,33,0
CRS012,2024-04,M,50+,19,0
CRS012,2024-05,Female,<15,40,0
CRS012,2024-05,Female,15-24,93,1
CRS012,2024-05,Female,25-34,110,-
CRS012,2024-05,Female,35-49,84,3
CRS012,2024-05,Female,50+,39,0
CRS012,2024-05,Male,0-14,31,0
CRS012,2024-05,Male,15-24,71,1
CRS012,2024-05,Male,25-34,78,3
CRS012,2024-05,Male,35-49,59,2
CRS012,2024-05,Male,50+,26,0
CRS012,2024-06,Female,<15,20,0
CRS012,2024-06,Female,15-24,67,0
CRS012,2024-06,Female,25-34,82,1
CRS012,2024-06,Female,35-49,58,1
CRS012,2024-06,Female,50+,22,0
CRS012,2024-06,Male,<15,15,0
CRS012,2024-06,M,15-24,55,0
CRS012,2024-06,Male,25-34,57,1
CRS012,2024-06,Male,35-49,37,0
CRS012,2024-06,Male,50+,17,0
CRS012,2024-07,Female,<15,43,0
CRS012,2024-07,F,15-24,97,0
CRS012,2024-07,female,25-34,123,1
CRS012,2024-07,Female,35-49,N/A,0
CRS012,2024-07,Female,50+,42,0
CRS012,2024-07,Male,<15,30,0
CRS012,2024-07,Male,15-24,85,0
CRS012,2024-07,Male,25-34,78,0
CRS012,2024-07,Male,35-49,65,0
CRS012,2024-07,M,50+,31,0
CRS012,2024-08,female,<15,36,0
CRS012,2024-08,Female,15 - 24,99,N/A
CRS012,2024-08,F,25-34,102,1
CRS012,2024-08,Female,35-49,78,1
CRS012,2024-08,Female,50+,36,0
CRS012,2024-08,Male,<15,24,0
CRS012,2024-08,Male,15-24,73,0
CRS012,2024-08,Male,25-34,69,1
CRS012,2024-08,Male,35-49,60,1
CRS012,2024-08,male,50+,27,0
CRS012,2024-09,Female,<15,24,0
CRS012,2024-09,Female,15-24,62,0
CRS012,2024-09,Female,25-34,81,1
CRS012,2024-09,Female,35-49,57,0
CRS012,2024-09,Female,50+,24,0
CRS012,2024-09,Male,<15,18,0
CRS012,2024-09,Male,15-24,52,0
CRS012,2024-09,Male,25-34,47,0
CRS012,2024-09,Male,35-49,41,0
CRS012,2024-09,Male,50+,20,0
CRS012,2024-10,Female,<15,22,0
CRS012,2024-10,Female,15-24,83,0
CRS012,2024-10,Female,25-34,74,1
CRS012,2024-10,Female,35-49,63,0
CRS012,2024-10,Female,50+,24,0
CRS012,2024-10,Male,<15,18,0
CRS012,2024-10,male,15-24,47,0
CRS012,2024-10,Male,25-34,67,1
CRS012,2024-10,Male,35-49,43,0
CRS012,2024-10,Male,50+,17,0
CRS012,2024-11,Female,<15,21,0
CRS012,2024-11,Female,15-24,57,0
CRS012,2024-11,Female,25-34,63,1
CRS012,2024-11,Female,35-49,45,0
CRS012,2024-11,Female,50+,21,0
CRS012,2024-11,Male,<15,12,0
CRS012,2024-11,Male,15-24,43,0
CRS012,2024-11,Male,25-34,44,0
CRS012,2024-11,M,35-49,35,0
CRS012,2024-11,m,50+,15,0
CRS012,2024-12,Female,<15,25,0
CRS012,2024-12,Female,15-24,65,1
CRS012,2024-12,Female,25-34,75,2
CRS012,2024-12,Female,35-49,48,1
CRS012,2024-12,F,50+,24,0
CRS012,2024-12,Male,<15,15,0
CRS012,2024-12,Male,15-24,47,0
CRS012,2024-12,Male,25-34,51,1
CRS012,2024-12,Male,35-49,39,1
CRS012,2024-12,Male,50 and above,19,0
CRS013,2024-01,Female,<15,12,0
CRS013,2024-01,Female,15-24,33,0
CRS013,2024-01,F,25-34,41,1
CRS013,2024-01,Female,35-49,26,0
CRS013,2024-01,Female,50+,13,0
CRS013,2024-01,Male,<15,9,0
CRS013,2024-01,Male,15-24,27,0
CRS013,2024-01,Male,25-34,30,0
CRS013,2024-01,Male,35-49,17,0
CRS013,2024-01,Male,50+,7,0
CRS013,2024-02,Female,<15,10,0
CRS013,2024-02,Female,15-24,28,0
CRS013,2024-02,Female,25-34,35,0
CRS013,2024-02,female,35-49,27,0
CRS013,2024-02,Female,50+,12,0
CRS013,2024-02,Male,0-14,8,0
CRS013,2024-02,Male,15-24,21,0
CRS013,2024-02,Male,25-34,26,0
CRS013,2024-02,Male,35-49,16,0
CRS013,2024-02,Male,50+,8,0
CRS013,2024-03,Female,<15,11,0
CRS013,2024-03,Female,15-24,32,0
CRS013,2024-03,Female,25-34,40,1
CRS013,2024-03,Female,35-49,27,0
CRS013,2024-03,Female,50+,14,0
CRS013,2024-03,Male,<15,8,0
CRS013,2024-03,Male,15-24,23,0
CRS013,2024-03,Male,25-34,27,0
CRS013,2024-03,Male,35-49,23,0
CRS013,2024-03,Male,50+,9,0
CRS013,2024-04,Female,<15,15,0
CRS013,2024-04,F,15-24,41,0
CRS013,2024-04,Female,25-34,44,1
CRS013,2024-04,Female,35-49,26,0
CRS013,2024-04,F,50+,12,0
CRS013,2024-04,Male,<15,9,0
CRS013,2024-04,Male,15-24,30,0
CRS013,2024-04,Male,25-34,31,0
CRS013,2024-04,Male,35-49,20,0
CRS013,2024-04,Male,50+,10,0
CRS013,2024-05,female,<15,17,0
CRS013,2024-05,Female,15-24,39,0
CRS013,2024-05,Female,25-34,44,1
CRS013,2024-05,Female,35-49,31,1
CRS013,2024-05,Female,50+,14,0
CRS013,2024-05,Male,<15,10,0
CRS013,2024-05,Male,15 - 24,30,0
CRS013,2024-05,Male,25-34,31,1
CRS013,2024-05,Male,35-49,N/A,0
CRS013,2024-05,Male,50 and above,11,0
CRS013,2024-06,Female,<15,16,0
CRS013,2024-06,F,15-24,48,0
CRS013,2024-06,Female,25-34,52,1
CRS013,2024-06,Female,35-49,37,0
CRS013,2024-06,Female,50 and above,15,0
CRS013,2024-06,Male,<15,12,0
CRS013,2024-06,Male,15-24,33,0
CRS013,2024-06,Male,25-34,39,0
CRS013,2024-06,Male,35-49,26,0
CRS013,2024-06,Male,50+,12,0
CRS013,2024-07,Female,<15,15,0
CRS013,2024-07,Female,15-24,50,0
CRS013,2024-07,Female,25-34,47,1
CRS013,2024-07,Female,35-49,37,1
CRS013,2024-07,Female,50+,14,0
CRS013,2024-07,Male,<15,11,0
CRS013,2024-07,M,15-24,37,0
CRS013,2024-07,Male,25-34,34,1
CRS013,2024-07,Male,35-49,23,0
CRS013,2024-07,M,50+,13,0
CRS013,2024-08,Female,<15,16,0
CRS013,2024-08,Female,15-24,46,0
CRS013,2024-08,Female,25-34,52,0
CRS013,2024-08,Female,35-49,36,0
CRS013,2024-08,Female,50+,16,0
CRS013,2024-08,male,<15,13,0
CRS013,2024-08,M,15-24,33,-
CRS013,2024-08,Male,25-34,33,0
CRS013,2024-08,Male,35-49,27,0
CRS013,2024-08,Male,50+,14,0
CRS013,2024-09,Female,<15,14,0
CRS013,2024-09,Female,15-24,38,0
CRS013,2024-09,Female,25-34,50,1
CRS013,2024-09,Female,35-49,40,0
CRS013,2024-09,F,50+,16,0
CRS013,2024-09,Male,<15,10,0
CRS013,2024-09,Male,15-24,29,0
CRS013,2024-09,Male,25-34,39,0
CRS013,2024-09,Male,35-49,24,0
CRS013,2024-09,M,50+,11,0
CRS013,2024-10,Female,<15,14,0
CRS013,2024-10,Female,15-24,33,0
CRS013,2024-10,Female,25-34,38,1
CRS013,2024-10,Female,35-49,33,0
CRS013,2024-10,Female,50+,15,0
CRS013,2024-10,Male,<15,8,0
CRS013,2024-10,Male,15-24,31,0
CRS013,2024-10,Male,25-34,31,0
CRS013,2024-10,Male,35-49,18,0
CRS013,2024-10,Male,50+,8,0
CRS013,2024-11,F,0-14,12,0
CRS013,2024-11,Female,15-24,34,0
CRS013,2024-11,Female,25-34,35,0
CRS013,2024-11,Female,35-49,25,0
CRS013,2024-11,F,50+,10,0
CRS013,2024-11,Male,<15,7,0
CRS013,2024-11,Male,15-24,25,0
CRS013,2024-11,Male,25-34,23,0
CRS013,2024-11,Male,35-49,21,0
CRS013,2024-11,Male,50+,7,0
CRS013,2024-12,female,<15,12,0
CRS013,2024-12,F,15-24,33,0
CRS013,2024-12,Female,25-34,36,1
CRS013,2024-12,Female,35-49,29,0
CRS013,2024-12,Female,50+,10,0
CRS013,2024-12,M,<15,8,0
CRS013,2024-12,Male,15-24,25,0
CRS013,2024-12,M,25-34,25,0
CRS013,2024-12,Male,35-49,20,0
CRS013,2024-12,Male,50+,9,0
CRS014,2024-01,Female,<15,21,0
CRS014,2024-01,Female,15-24,52,0
CRS014,2024-01,Female,25-34,51,1
CRS014,2024-01,F,35-49,40,0
CRS014,2024-01,Female,50+,18,0
CRS014,2024-01,Male,<15,11,0
CRS014,2024-01,male,15 - 24,35,0
CRS014,2024-01,Male,25-34,40,0
CRS014,2024-01,Male,35-49,30,0
CRS014,2024-01,Male,50+,13,0
CRS014,2024-02,F,<15,22,0
CRS014,2024-02,Female,15-24,51,0
CRS014,2024-02,Female,25-34,61,2
CRS014,2024-02,Female,35-49,38,1
CRS014,2024-02,Female,50+,22,0
CRS014,2024-02,Male,<15,12,0
CRS014,2024-02,male,15-24,39,0
CRS014,2024-02,Male,25-34,46,1
CRS014,2024-02,Male,35-49,30,0
CRS014,2024-02,Male,50+,13,0
CRS014,2024-03,Female,<15,22,0
CRS014,2024-03,Female,15-24,59,0
CRS014,2024-03,F,25-34,80,1
CRS014,2024-03,Female,35-49,50,0
CRS014,2024-03,Female,50+,27,0
CRS014,2024-03,Male,<15,19,0
CRS014,2024-03,Male,15-24,55,0
CRS014,2024-03,Male,25-34,46,0
CRS014,2024-03,Male,35-49,34,0
CRS014,2024-03,M,50+,17,0
CRS014,2024-04,Female,<15,26,0
CRS014,2024-04,Female,15-24,65,1
CRS014,2024-04,Female,25-34,84,2
CRS014,2024-04,Female,35-49,48,1
CRS014,2024-04,Female,50+,27,0
CRS014,2024-04,Male,<15,17,0
CRS014,2024-04,Male,15-24,51,0
CRS014,2024-04,M,25-34,53,1
CRS014,2024-04,Male,35-49,43,1
CRS014,2024-04,Male,50+,15,0
CRS014,2024-05,Female,0-14,21,0
CRS014,2024-05,Female,15-24,60,1
CRS014,2024-05,Female,25-34,62,3
CRS014,2024-05,Female,35-49,57,3
CRS014,2024-05,F,50+,26,-
CRS014,2024-05,Male,<15,15,0
CRS014,2024-05,M,15-24,48,1
CRS014,2024-05,Male,25-34,47,2
CRS014,2024-05,Male,35-49,36,1
CRS014,2024-05,Male,50+,16,0
CRS014,2024-06,Female,<15,22,0
CRS014,2024-06,Female,15-24,63,0
CRS014,2024-06,Female,25-34,64,1
CRS014,2024-06,Female,35-49,44,0
CRS014,2024-06,Female,50+,22,0
CRS014,2024-06,Male,<15,16,0
CRS014,2024-06,Male,15-24,44,0
CRS014,2024-06,Male,25-34,48,1
CRS014,2024-06,Male,35-49,35,0
CRS014,2024-06,Male,50+,12,0
CRS014,2024-07,Female,<15,30,0
CRS014,2024-07,Female,15-24,93,0
CRS014,2024-07,Female,25-34,83,1
CRS014,2024-07,Female,35-49,67,1
CRS014,2024-07,Female,50+,30,0
CRS014,2024-07,Male,<15,22,0
CRS014,2024-07,Male,15-24,60,0
CRS014,2024-07,Male,25-34,66,1
CRS014,2024-07,Male,35-49,52,0
CRS014,2024-07,Male,50+,19,0
CRS014,2024-08,Female,0-14,20,0
CRS014,2024-08,Female,15-24,69,0
CRS014,2024-08,female,25-34,69,1
CRS014,2024-08,F,35-49,45,0
CRS014,2024-08,Female,50+,21,0
CRS014,2024-08,Male,<15,16,0
CRS014,2024-08,Male,15-24,46,0
CRS014,2024-08,Male,25-34,50,0
CRS014,2024-08,M,35-49,33,0
CRS014,2024-08,Male,50+,16,0
CRS014,2024-09,Female,<15,28,0
CRS014,2024-09,Female,15-24,74,1
CRS014,2024-09,Female,25-34,74,2
CRS014,2024-09,Female,35-49,56,1
CRS014,2024-09,Female,50+,31,0
CRS014,2024-09,M,<15,22,0
CRS014,2024-09,Male,15-24,48,0
CRS014,2024-09,Male,25-34,52,1
CRS014,2024-09,Male,35-49,47,1
CRS014,2024-09,Male,50+,20,0
CRS014,2024-10,Female,<15,20,0
CRS014,2024-10,Female,15-24,45,0
CRS014,2024-10,F,25-34,54,1
CRS014,2024-10,Female,35-49,34,0
CRS014,2024-10,Female,50+,19,0
CRS014,2024-10,Male,<15,11,0
CRS014,2024-10,Male,15-24,34,0
CRS014,2024-10,Male,25-34,39,1
CRS014,2024-10,M,35-49,26,0
CRS014,2024-10,Male,50+,13,0
CRS014,2024-11,Female,<15,19,0
CRS014,2024-11,Female,15-24,49,0
CRS014,2024-11,Female,25-34,55,1
CRS014,2024-11,Female,35-49,36,0
CRS014,2024-11,Female,50+,21,0
CRS014,2024-11,Male,<15,13,0
CRS014,2024-11,Male,15-24,34,0
CRS014,2024-11,Male,25-34,40,1
CRS014,2024-11,Male,35-49,29,0
CRS014,2024-11,Male,50+,13,0
CRS014,2024-12,Female,<15,20,0
CRS014,2024-12,Female,15-24,67,0
CRS014,2024-12,Female,25-34,63,1
CRS014,2024-12,Female,35-49,52,1
CRS014,2024-12,Female,50+,20,0
CRS014,2024-12,Male,<15,14,0
CRS014,2024-12,Male,15-24,39,0
CRS014,2024-12,M,25-34,53,1
CRS014,2024-12,M,35-49,40,0
CRS014,2024-12,male,50+,14,0
CRS015,2024-01,Female,<15,3,0
CRS015,2024-01,Female,15 - 24,8,0
CRS015,2024-01,F,25-34,9,0
CRS015,2024-01,Female,35-49,5,0
CRS015,2024-01,Female,50+,3,0
CRS015,2024-01,Male,<15,2,0
CRS015,2024-01,male,15 - 24,5,0
CRS015,2024-01,Male,25-34,6,0
CRS015,2024-01,Male,35-49,4,0
CRS015,2024-01,Male,50+,2,0
CRS015,2024-02,Female,<15,4,0
CRS015,2024-02,Female,15-24,16,
CRS015,2024-02,Female,25-34,15,0
CRS015,2024-02,Female,35-49,11,0
CRS015,2024-02,Female,50+,5,0
CRS015,2024-02,Male,<15,4,0
CRS015,2024-02,Male,15-24,10,0
CRS015,2024-02,Male,25-34,11,0
CRS015,2024-02,Male,35-49,8,0
CRS015,2024-02,Male,50+,4,0
CRS015,2024-03,Female,<15,5,0
CRS015,2024-03,Female,15-24,13,0
CRS015,2024-03,F,25-34,-,1
CRS015,2024-03,Female,35-49,10,0
CRS015,2024-03,Female,50+,4,0
CRS015,2024-03,Male,<15,4,0
CRS015,2024-03,Male,15-24,9,0
CRS015,2024-03,Male,25-34,12,0
CRS015,2024-03,Male,35-49,7,0
CRS015,2024-03,Male,50+,3,0
CRS015,2024-04,Female,<15,4,0
CRS015,2024-04,Female,15-24,12,0
CRS015,2024-04,F,25-34,13,0
CRS015,2024-04,Female,35-49,11,0
CRS015,2024-04,Female,50+,4,0
CRS015,2024-04,Male,0-14,3,0
CRS015,2024-04,Male,15-24,9,0
CRS015,2024-04,M,25-34,9,0
CRS015,2024-04,male,35-49,7,0
CRS015,2024-04,Male,50+,3,0
CRS015,2024-05,female,<15,5,0
CRS015,2024-05,f,15-24,18,0
CRS015,2024-05,Female,25-34,18,0
CRS015,2024-05,Female,35-49,13,0
CRS015,2024-05,Female,50+,6,0
CRS015,2024-05,Male,<15,5,0
CRS015,2024-05,Male,15-24,12,0
CRS015,2024-05,M,25-34,13,0
CRS015,2024-05,Male,35-49,8,0
CRS015,2024-05,Male,50+,4,0
CRS015,2024-06,Female,<15,5,0
CRS015,2024-06,Female,15-24,14,0
CRS015,2024-06,Female,25-34,18,0
CRS015,2024-06,Female,35-49,11,-
CRS015,2024-06,F,50+,6,0
CRS015,2024-06,Male,<15,4,0
CRS015,2024-06,Male,15-24,10,0
CRS015,2024-06,Male,25-34,11,0
CRS015,2024-06,Male,35-49,10,0
CRS015,2024-06,Male,50+,4,0
CRS015,2024-07,Female,<15,6,0
CRS015,2024-07,Female,15-24,15,0
CRS015,2024-07,Female,25-34,17,0
CRS015,2024-07,Female,35-49,13,0
CRS015,2024-07,Female,50+,5,0
CRS015,2024-07,Male,<15,4,0
CRS015,2024-07,Male,15-24,12,0
CRS015,2024-07,Male,25-34,12,0
CRS015,2024-07,Male,35-49,8,0
CRS015,2024-07,Male,50+,4,0
CRS015,2024-08,Female,<15,6,0
CRS015,2024-08,Female,15-24,16,0
CRS015,2024-08,Female,25-34,18,0
CRS015,2024-08,Female,35-49,11,0
CRS015,2024-08,F,50+,6,0
CRS015,2024-08,Male,<15,4,0
CRS015,2024-08,Male,15-24,11,0
CRS015,2024-08,M,25-34,12,0
CRS015,2024-08,Male,35-49,10,0
CRS015,2024-08,Male,50+,4,0
CRS015,2024-09,Female,<15,6,0
CRS015,2024-09,Female,15-24,14,0
CRS015,2024-09,Female,25-34,20,0
CRS015,2024-09,Female,35-49,13,0
CRS015,2024-09,Female,50+,6,0
CRS015,2024-09,male,<15,4,0
CRS015,2024-09,Male,15-24,13,0
CRS015,2024-09,Male,25-34,13,0
CRS015,2024-09,Male,35-49,8,0
CRS015,2024-09,Male,50+,3,0
CRS015,2024-10,F,<15,3,0
CRS015,2024-10,F,15-24,10,0
CRS015,2024-10,Female,25-34,11,0
CRS015,2024-10,Female,35-49,7,0
CRS015,2024-10,Female,50+,N/A,0
CRS015,2024-10,Male,<15,2,0
CRS015,2024-10,Male,15-24,7,0
CRS015,2024-10,Male,25-34,7,0
CRS015,2024-10,Male,35-49,4,0
CRS015,2024-10,Male,50+,2,0
CRS015,2024-11,female,<15,5,0
CRS015,2024-11,Female,15-24,12,0
CRS015,2024-11,Female,25-34,16,0
CRS015,2024-11,Female,35-49,11,0
CRS015,2024-11,Female,50+,4,0
CRS015,2024-11,Male,<15,3,0
CRS015,2024-11,Male,15-24,9,0
CRS015,2024-11,Male,25-34,11,0
CRS015,2024-11,M,35-49,8,0
CRS015,2024-11,Male,50 and above,3,0
CRS015,2024-12,Female,<15,5,0
CRS015,2024-12,Female,15-24,14,0
CRS015,2024-12,Female,25-34,15,0
CRS015,2024-12,F,35-49,10,0
CRS015,2024-12,Female,50+,4,0
CRS015,2024-12,Male,<15,4,0
CRS015,2024-12,Male,15-24,9,0
CRS015,2024-12,Male,25-34,11,0
CRS015,2024-12,Male,35-49,8,0
CRS015,2024-12,Male,50+,3,0
NAS001,2024-01,Female,<15,7,0
NAS001,2024-01,F,15-24,20,0
NAS001,2024-01,Female,25-34,20,0
NAS001,2024-01,Female,35-49,15,0
NAS001,2024-01,Female,50+,6,0
NAS001,2024-01,Male,<15,4,0
NAS001,2024-01,Male,15-24,13,0
NAS001,2024-01,Male,25-34,15,0
NAS001,2024-01,M,35-49,12,0
NAS001,2024-01,Male,50+,5,0
NAS001,2024-02,Female,<15,9,0
NAS001,2024-02,F,15-24,27,0
NAS001,2024-02,Female,25-34,26,0
NAS001,2024-02,F,35-49,22,0
NAS001,2024-02,Female,50+,10,0
NAS001,2024-02,Male,<15,7,0
NAS001,2024-02,Male,15-24,20,0
NAS001,2024-02,Male,25-34,21,0
NAS001,2024-02,Male,35-49,13,0
NAS001,2024-02,Male,50+,6,0
NAS001,2024-03,Female,<15,11,0
NAS001,2024-03,Female,15-24,35,0
NAS001,2024-03,Female,25-34,43,0
NAS001,2024-03,Female,35-49,24,0
NAS001,2024-03,F,50+,11,0
NAS001,2024-03,Male,<15,9,0
NAS001,2024-03,Male,15 - 24,23,0
NAS001,2024-03,Male,25-34,26,0
NAS001,2024-03,Male,35-49,20,0
NAS001,2024-03,M,50+,10,0
NAS001,2024-04,Female,<15,13,0
NAS001,2024-04,Female,15-24,34,0
NAS001,2024-04,female,25-34,38,0
NAS001,2024-04,Female,35-49,24,0
NAS001,2024-04,Female,50+,13,0
NAS001,2024-04,M,<15,10,0
NAS001,2024-04,Male,15-24,26,0
NAS001,2024-04,Male,25-34,25,0
NAS001,2024-04,male,35-49,20,0
NAS001,2024-04,Male,50+,8,0
NAS001,2024-05,Female,<15,11,0
NAS001,2024-05,F,15 - 24,29,0
NAS001,2024-05,Female,25-34,30,0
NAS001,2024-05,Female,35-49,25,0
NAS001,2024-05,Female,50+,12,0
NAS001,2024-05,Male,<15,7,0
NAS001,2024-05,Male,15-24,23,0
NAS001,2024-05,Male,25-34,23,0
NAS001,2024-05,Male,35-49,18,0
NAS001,2024-05,Male,50+,6,0
NAS001,2024-06,F,<15,13,0
NAS001,2024-06,Female,15-24,38,0
NAS001,2024-06,Female,25-34,40,0
NAS001,2024-06,Female,35-49,29,0
NAS001,2024-06,Female,50+,12,0
NAS001,2024-06,M,<15,9,0
NAS001,2024-06,Male,15-24,27,0
NAS001,2024-06,Male,25-34,29,0
NAS001,2024-06,Male,35-49,20,0
NAS001,2024-06,Male,50+,10,0
NAS001,2024-07,Female,<15,12,0
NAS001,2024-07,Female,15 - 24,41,0
NAS001,2024-07,Female,25-34,47,0
NAS001,2024-07,Female,35-49,30,0
NAS001,2024-07,Female,50 and above,15,0
NAS001,2024-07,Male,<15,9,0
NAS001,2024-07,M,15-24,32,0
NAS001,2024-07,Male,25-34,27,0
NAS001,2024-07,Male,35-49,26,0
NAS001,2024-07,Male,50+,10,0
NAS001,2024-08,Female,<15,12,0
NAS001,2024-08,Female,15-24,38,0
NAS001,2024-08,Female,25-34,40,0
NAS001,2024-08,Female,35-49,25,0
NAS001,2024-08,Female,50+,12,0
NAS001,2024-08,M,<15,10,0
NAS001,2024-08,Male,15-24,28,0
NAS001,2024-08,Male,25-34,27,0
NAS001,2024-08,Male,35-49,17,0
NAS001,2024-08,Male,50 and above,9,0
NAS001,2024-09,Female,0-14,9,0
NAS001,2024-09,Female,15-24,33,0
NAS001,2024-09,Female,25-34,30,0
NAS001,2024-09,Female,35-49,27,0
NAS001,2024-09,Female,50+,11,0
NAS001,2024-09,Male,<15,7,0
NAS001,2024-09,Male,15-24,20,0
NAS001,2024-09,Male,25-34,27,0
NAS001,2024-09,Male,35-49,18,0
NAS001,2024-09,Male,50+,8,0
NAS001,2024-10,Female,<15,10,0
NAS001,2024-10,F,15-24,25,0
NAS001,2024-10,Female,25-34,31,1
NAS001,2024-10,Female,35-49,25,0
NAS001,2024-10,Female,50+,11,0
NAS001,2024-10,male,<15,7,0
NAS001,2024-10,Male,15-24,19,0
NAS001,2024-10,Male,25-34,22,0
NAS001,2024-10,male,35-49,19,0
NAS001,2024-10,male,50 and above,8,0
NAS001,2024-11,Female,<15,10,0
NAS001,2024-11,Female,15-24,28,0
NAS001,2024-11,f,25-34,28,0
NAS001,2024-11,F,35-49,22,0
NAS001,2024-11,Female,50+,11,0
NAS001,2024-11,Male,<15,6,0
NAS001,2024-11,Male,15-24,21,0
NAS001,2024-11,Male,25-34,22,0
NAS001,2024-11,Male,35-49,17,0
NAS001,2024-11,Male,50+,6,0
NAS001,2024-12,Female,<15,7,0
NAS001,2024-12,Female,15-24,23,0
NAS001,2024-12,Female,25-34,22,0
NAS001,2024-12,Female,35-49,15,0
NAS001,2024-12,Female,50+,9,0
NAS001,2024-12,Male,<15,5,0
NAS001,2024-12,Male,15-24,16,0
NAS001,2024-12,M,25-34,16,0
NAS001,2024-12,Male,35-49,11,0
NAS001,2024-12,M,50+,5,0
NAS002,2024-01,F,<15,26,0
NAS002,2024-01,Female,15-24,68,0
NAS002,2024-01,Female,25-34,84,1
NAS002,2024-01,Female,35-49,57,0
NAS002,2024-01,female,50+,26,0
NAS002,2024-01,Male,0-14,19,0
NAS002,2024-01,Male,15-24,52,0
NAS002,2024-01,Male,25-34,58,0
NAS002,2024-01,Male,35-49,43,0
NAS002,2024-01,Male,50+,17,0
NAS002,2024-02,Female,<15,-,0
NAS002,2024-02,Female,15-24,62,0
NAS002,2024-02,Female,25-34,62,0
NAS002,2024-02,F,35-49,48,0
NAS002,2024-02,Female,50+,26,0
NAS002,2024-02,male,<15,14,0
NAS002,2024-02,Male,15-24,47,0
NAS002,2024-02,Male,25-34,49,0
NAS002,2024-02,Male,35-49,34,0
NAS002,2024-02,Male,50+,13,0
NAS002,2024-03,F,<15,25,0
NAS002,2024-03,female,15-24,66,0
NAS002,2024-03,F,25-34,89,1
NAS002,2024-03,Female,35-49,,0
NAS002,2024-03,Female,50+,24,0
NAS002,2024-03,Male,<15,18,0
NAS002,2024-03,Male,15-24,56,0
NAS002,2024-03,Male,25-34,60,0
NAS002,2024-03,Male,35-49,41,0
NAS002,2024-03,Male,50+,21,0
NAS002,2024-04,Female,<15,29,0
NAS002,2024-04,Female,15-24,74,0
NAS002,2024-04,Female,25-34,91,0
NAS002,2024-04,Female,35-49,60,0
NAS002,2024-04,Female,50+,28,0
NAS002,2024-04,Male,<15,18,0
NAS002,2024-04,m,15-24,53,0
NAS002,2024-04,Male,25-34,64,0
NAS002,2024-04,Male,35-49,47,0
NAS002,2024-04,Male,50+,21,0
NAS002,2024-05,Female,<15,32,0
NAS002,2024-05,Female,15-24,81,0
NAS002,2024-05,Female,25-34,84,1
NAS002,2024-05,Female,35-49,64,1
NAS002,2024-05,female,50+,31,0
NAS002,2024-05,Male,<15,24,0
NAS002,2024-05,Male,15-24,55,0
NAS002,2024-05,Male,25-34,61,1
NAS002,2024-05,male,35-49,48,0
NAS002,2024-05,Male,50+,22,0
NAS002,2024-06,F,<15,28,0
NAS002,2024-06,female,15-24,91,0
NAS002,2024-06,Female,25-34,87,0
NAS002,2024-06,Female,35-49,82,0
NAS002,2024-06,Female,50+,30,0
NAS002,2024-06,Male,<15,23,0
NAS002,2024-06,Male,15-24,56,0
NAS002,2024-06,Male,25-34,73,0
NAS002,2024-06,Male,35-49,53,0
NAS002,2024-06,Male,50+,24,0
NAS002,2024-07,Female,<15,30,0
NAS002,2024-07,Female,15-24,96,0
NAS002,2024-07,Female,25-34,102,0
NAS002,2024-07,F,35-49,78,0
NAS002,2024-07,Female,50+,27,0
NAS002,2024-07,Male,<15,25,0
NAS002,2024-07,Male,15-24,73,0
NAS002,2024-07,Male,25-34,76,0
NAS002,2024-07,Male,35-49,48,0
NAS002,2024-07,Male,50+,19,0
NAS002,2024-08,Female,<15,32,0
NAS002,2024-08,Female,15-24,77,0
NAS002,2024-08,Female,25-34,84,0
NAS002,2024-08,Female,35-49,65,0
NAS002,2024-08,Female,50+,34,0
NAS002,2024-08,Male,<15,19,0
NAS002,2024-08,Male,15-24,53,0
NAS002,2024-08,Male,25-34,70,0
NAS002,2024-08,Male,35-49,48,0
NAS002,2024-08,Male,50+,21,0
NAS002,2024-09,Female,<15,23,0
NAS002,2024-09,Female,15-24,64,0
NAS002,2024-09,F,25-34,76,0
NAS002,2024-09,Female,35-49,55,0
NAS002,2024-09,Female,50+,22,0
NAS002,2024-09,Male,<15,20,0
NAS002,2024-09,Male,15 - 24,46,0
NAS002,2024-09,Male,25-34,47,0
NAS002,2024-09,Male,35-49,44,0
NAS002,2024-09,Male,50+,17,0
NAS002,2024-10,Female,<15,31,0
NAS002,2024-10,Female,15-24,72,0
NAS002,2024-10,Female,25-34,92,0
NAS002,2024-10,female,35-49,63,0
NAS002,2024-10,F,50+,30,0
NAS002,2024-10,Male,<15,17,0
NAS002,2024-10,Male,15-24,62,0
NAS002,2024-10,Male,25-34,61,0
NAS002,2024-10,male,35-49,48,0
NAS002,2024-10,Male,50+,19,0
NAS002,2024-11,Female,<15,19,0
NAS002,2024-11,Female,15 - 24,59,0
NAS002,2024-11,Female,25-34,76,0
NAS002,2024-11,Female,35-49,54,0
NAS002,2024-11,Female,50+,24,0
NAS002,2024-11,Male,<15,15,0
NAS002,2024-11,Male,15-24,46,0
NAS002,2024-11,Male,25-34,55,0
NAS002,2024-11,Male,35-49,35,0
NAS002,2024-11,Male,50+,16,0
NAS002,2024-12,Female,<15,23,0
NAS002,2024-12,Female,15-24,70,0
NAS002,2024-12,Female,25-34,78,1
NAS002,2024-12,Female,35-49,53,0
NAS002,2024-12,female,50+,23,0
NAS002,2024-12,Male,<15,15,0
NAS002,2024-12,Male,15-24,56,0
NAS002,2024-12,Male,25-34,56,0
NAS002,2024-12,Male,35-49,35,0
NAS002,2024-12,Male,50+,17,0
NAS003,2024-01,Female,<15,14,0
NAS003,2024-01,F,15-24,50,0
NAS003,2024-01,Female,25-34,50,1
NAS003,2024-01,Female,35-49,30,0
NAS003,2024-01,Female,50+,15,0
NAS003,2024-01,M,<15,10,0
NAS003,2024-01,Male,15-24,31,0
NAS003,2024-01,Male,25-34,36,0
NAS003,2024-01,Male,35-49,26,0
NAS003,2024-01,Male,50+,12,0
NAS003,2024-02,Female,<15,18,0
NAS003,2024-02,Female,15-24,42,0
NAS003,2024-02,Female,25-34,46,0
NAS003,2024-02,Female,35-49,34,0
NAS003,2024-02,Female,50+,17,0
NAS003,2024-02,Male,<15,10,0
NAS003,2024-02,Male,15-24,34,0
NAS003,2024-02,Male,25-34,36,0
NAS003,2024-02,Male,35-49,23,0
NAS003,2024-02,Male,50+,10,0
NAS003,2024-03,Female,<15,23,0
NAS003,2024-03,F,15-24,54,0
NAS003,2024-03,Female,25-34,56,1
NAS003,2024-03,Female,35-49,50,1
NAS003,2024-03,Female,50+,19,0
NAS003,2024-03,Male,<15,17,0
NAS003,2024-03,Male,15-24,41,0
NAS003,2024-03,Male,25-34,42,-
NAS003,2024-03,Male,35-49,31,0
NAS003,2024-03,Male,50+,13,0
NAS003,2024-04,Female,<15,19,0
NAS003,2024-04,Female,15-24,44,0
NAS003,2024-04,Female,25-34,55,1
NAS003,2024-04,female,35-49,42,0
NAS003,2024-04,Female,50+,15,0
NAS003,2024-04,M,<15,14,0
NAS003,2024-04,Male,15-24,38,0
NAS003,2024-04,Male,25-34,33,0
NAS003,2024-04,Male,35-49,29,0
NAS003,2024-04,Male,50+,14,0
NAS003,2024-05,Female,<15,16,0
NAS003,2024-05,Female,15-24,50,0
NAS003,2024-05,F,25-34,62,1
NAS003,2024-05,Female,35-49,44,1
NAS003,2024-05,Female,50+,21,0
NAS003,2024-05,Male,<15,14,0
NAS003,2024-05,Male,15-24,46,0
NAS003,2024-05,Male,25-34,39,0
NAS003,2024-05,male,35-49,28,0
NAS003,2024-05,Male,50 and above,13,0
NAS003,2024-06,F,0-14,22,0
NAS003,2024-06,Female,15-24,52,0
NAS003,2024-06,Female,25-34,68,2
NAS003,2024-06,Female,35-49,52,1
NAS003,2024-06,female,50+,24,0
NAS003,2024-06,M,<15,16,0
NAS003,2024-06,Male,15 - 24,47,0
NAS003,2024-06,Male,25-34,41,1
NAS003,2024-06,M,35-49,39,1
NAS003,2024-06,Male,50+,13,0
NAS003,2024-07,Female,<15,23,0
NAS003,2024-07,Female,15-24,63,0
NAS003,2024-07,Female,25-34,74,1
NAS003,2024-07,female,35-49,52,1
NAS003,2024-07,Female,50+,23,0
NAS003,2024-07,Male,<15,14,0
NAS003,2024-07,Male,15-24,48,0
NAS003,2024-07,Male,25-34,47,1
NAS003,2024-07,Male,35-49,42,1
NAS003,2024-07,M,50+,17,0
NAS003,2024-08,female,<15,23,0
NAS003,2024-08,Female,15-24,73,0
NAS003,2024-08,Female,25-34,78,N/A
NAS003,2024-08,Female,35-49,47,1
NAS003,2024-08,Female,50+,20,0
NAS003,2024-08,male,<15,18,0
NAS003,2024-08,Male,15-24,42,0
NAS003,2024-08,Male,25-34,60,1
NAS003,2024-08,Male,35-49,37,1
NAS003,2024-08,Male,50+,16,0
NAS003,2024-09,Female,<15,17,0
NAS003,2024-09,Female,15-24,55,0
NAS003,2024-09,Female,25-34,52,0
NAS003,2024-09,Female,35-49,46,0
NAS003,2024-09,Female,50 and above,17,0
NAS003,2024-09,Male,<15,14,0
NAS003,2024-09,Male,15-24,32,0
NAS003,2024-09,Male,25-34,41,0
NAS003,2024-09,Male,35-49,33,0
NAS003,2024-09,Male,50+,15,0
NAS003,2024-10,F,0-14,17,0
NAS003,2024-10,Female,15-24,60,0
NAS003,2024-10,F,25-34,52,1
NAS003,2024-10,Female,35-49,38,0
NAS003,2024-10,Female,50+,17,0
NAS003,2024-10,Male,<15,15,0
NAS003,2024-10,Male,15-24,36,0
NAS003,2024-10,Male,25-34,38,0
NAS003,2024-10,male,35-49,30,0
NAS003,2024-10,Male,50+,13,0
NAS003,2024-11,Female,<15,21,0
NAS003,2024-11,Female,15-24,59,0
NAS003,2024-11,f,25-34,59,0
NAS003,2024-11,Female,35-49,39,0
NAS003,2024-11,F,50+,22,0
NAS003,2024-11,Male,<15,13,0
NAS003,2024-11,Male,15-24,39,0
NAS003,2024-11,Male,25-34,40,0
NAS003,2024-11,Male,35-49,37,0
NAS003,2024-11,Male,50+,16,0
NAS003,2024-12,Female,<15,18,0
NAS003,2024-12,Female,15-24,52,0
NAS003,2024-12,Female,25-34,56,0
NAS003,2024-12,Female,35-49,43,0
NAS003,2024-12,Female,50 and above,20,0
NAS003,2024-12,Male,<15,14,0
NAS003,2024-12,Male,15-24,37,0
NAS003,2024-12,M,25-34,43,0
NAS003,2024-12,Male,35-49,30,0
NAS003,2024-12,Male,50+,13,0
NAS004,2024-01,Female,<15,15,0
NAS004,2024-01,Female,15-24,47,1
NAS004,2024-01,F,25-34,49,2
NAS004,2024-01,Female,35-49,38,2
NAS004,2024-01,Female,50+,15,0
NAS004,2024-01,Male,<15,12,0
NAS004,2024-01,Male,15 - 24,34,1
NAS004,2024-01,Male,25-34,33,1
NAS004,2024-01,Male,35-49,26,1
NAS004,2024-01,Male,50 and above,13,0
NAS004,2024-02,Female,<15,22,0
NAS004,2024-02,Female,15-24,62,2
NAS004,2024-02,Female,25-34,76,5
NAS004,2024-02,Female,35-49,50,3
NAS004,2024-02,F,50+,21,0
NAS004,2024-02,Male,<15,17,0
NAS004,2024-02,Male,15-24,,1
NAS004,2024-02,Male,25-34,52,4
NAS004,2024-02,Male,35-49,40,3
NAS004,2024-02,Male,50 and above,17,0
NAS004,2024-03,Female,<15,17,0
NAS004,2024-03,Female,15-24,46,2
NAS004,2024-03,Female,25-34,45,4
NAS004,2024-03,Female,35-49,33,3
NAS004,2024-03,Female,50+,14,0
NAS004,2024-03,Male,<15,11,0
NAS004,2024-03,Male,15-24,35,1
NAS004,2024-03,Male,25-34,33,3
NAS004,2024-03,Male,35-49,23,2
NAS004,2024-03,Male,50+,10,0
NAS004,2024-04,female,<15,22,0
NAS004,2024-04,Female,15-24,65,1
NAS004,2024-04,Female,25-34,70,3
NAS004,2024-04,Female,35-49,58,2
NAS004,2024-04,Female,50+,22,0
NAS004,2024-04,Male,<15,20,0
NAS004,2024-04,Male,15-24,54,1
NAS004,2024-04,Male,25-34,47,2
NAS004,2024-04,Male,35-49,35,1
NAS004,2024-04,male,50+,15,0
NAS004,2024-05,Female,<15,21,0
NAS004,2024-05,Female,15-24,49,0
NAS004,2024-05,Female,25-34,65,2
NAS004,2024-05,Female,35-49,49,1
NAS004,2024-05,Female,50+,22,0
NAS004,2024-05,M,<15,12,0
NAS004,2024-05,Male,15-24,43,0
NAS004,2024-05,Male,25-34,47,1
NAS004,2024-05,Male,35-49,33,1
NAS004,2024-05,Male,50+,12,0
NAS004,2024-06,Female,<15,23,0
NAS004,2024-06,Female,15-24,68,1
NAS004,2024-06,female,25-34,64,3
NAS004,2024-06,F,35-49,42,2
NAS004,2024-06,Female,50+,22,0
NAS004,2024-06,Male,0-14,17,0
NAS004,2024-06,Male,15-24,45,1
NAS004,2024-06,Male,25-34,45,2
NAS004,2024-06,Male,35-49,33,1
NAS004,2024-06,Male,50+,19,0
NAS004,2024-07,Female,<15,27,0
NAS004,2024-07,Female,15-24,76,2
NAS004,2024-07,Female,25-34,83,4
NAS004,2024-07,female,35-49,54,3
NAS004,2024-07,Female,50+,24,0
NAS004,2024-07,Male,<15,18,0
NAS004,2024-07,Male,15-24,57,1
NAS004,2024-07,Male,25-34,57,3
NAS004,2024-07,Male,35-49,44,2
NAS004,2024-07,Male,50+,16,0
NAS004,2024-08,Female,<15,19,0
NAS004,2024-08,Female,15-24,56,2
NAS004,2024-08,Female,25-34,71,7
NAS004,2024-08,Female,35-49,51,5
NAS004,2024-08,Female,50+,24,1
NAS004,2024-08,Male,<15,16,0
NAS004,2024-08,Male,15-24,43,2
NAS004,2024-08,Male,25-34,47,4
NAS004,2024-08,Male,35-49,38,3
NAS004,2024-08,Male,50+,15,0
NAS004,2024-09,F,<15,19,0
NAS004,2024-09,Female,15-24,59,2
NAS004,2024-09,Female,25-34,65,5
NAS004,2024-09,Female,35-49,53,4
NAS004,2024-09,Female,50+,22,0
NAS004,2024-09,Male,<15,18,0
NAS004,2024-09,Male,15 - 24,42,1
NAS004,2024-09,Male,25-34,52,4
NAS004,2024-09,male,35-49,31,2
NAS004,2024-09,male,50+,16,0
NAS004,2024-10,Female,<15,21,0
NAS004,2024-10,F,15-24,68,0
NAS004,2024-10,Female,25-34,67,1
NAS004,2024-10,Female,35-49,47,1
NAS004,2024-10,Female,50+,19,0
NAS004,2024-10,Male,<15,17,N/A
NAS004,2024-10,Male,15-24,48,0
NAS004,2024-10,M,25-34,44,1
NAS004,2024-10,Male,35-49,37,1
NAS004,2024-10,Male,50+,14,0
NAS004,2024-11,Female,<15,23,1
NAS004,2024-11,Female,15-24,62,2
NAS004,2024-11,Female,25-34,74,6
NAS004,2024-11,Female,35-49,44,4
NAS004,2024-11,Female,50+,20,0
NAS004,2024-11,Male,<15,16,0
NAS004,2024-11,Male,15-24,45,2
NAS004,2024-11,Male,25-34,48,4
NAS004,2024-11,Male,35-49,36,3
NAS004,2024-11,M,50+,16,0
NAS004,2024-12,Female,<15,17,-
NAS004,2024-12,Female,15-24,51,1
NAS004,2024-12,Female,25-34,63,3
NAS004,2024-12,F,35-49,45,2
NAS004,2024-12,Female,50+,19,0
NAS004,2024-12,Male,<15,13,0
NAS004,2024-12,Male,15-24,44,1
NAS004,2024-12,Male,25-34,42,2
NAS004,2024-12,Male,35-49,27,1
NAS004,2024-12,Male,50+,14,0
NAS005,2024-01,Female,<15,70,1
NAS005,2024-01,female,15-24,206,3
NAS005,2024-01,F,25-34,189,6
NAS005,2024-01,F,35-49,163,5
NAS005,2024-01,female,50+,75,1
NAS005,2024-01,Male,<15,58,0
NAS005,2024-01,Male,15-24,131,2
NAS005,2024-01,Male,25-34,154,4
NAS005,2024-01,Male,35-49,106,3
NAS005,2024-01,Male,50+,60,0
NAS005,2024-02,Female,<15,76,1
NAS005,2024-02,Female,15-24,221,4
NAS005,2024-02,female,25-34,245,9
NAS005,2024-02,Female,35-49,203,7
NAS005,2024-02,Female,50+,71,1
NAS005,2024-02,Male,<15,66,1
NAS005,2024-02,Male,15-24,161,2
NAS005,2024-02,Male,25-34,159,5
NAS005,2024-02,Male,35-49,146,5
NAS005,2024-02,Male,50+,59,1
NAS005,2024-03,Female,<15,77,1
NAS005,2024-03,Female,15-24,246,4
NAS005,2024-03,Female,25-34,279,9
NAS005,2024-03,Female,35-49,181,6
NAS005,2024-03,Female,50+,,1
NAS005,2024-03,Male,<15,52,0
NAS005,2024-03,Male,15-24,187,3
NAS005,2024-03,Male,25-34,190,6
NAS005,2024-03,Male,35-49,145,5
NAS005,2024-03,Male,50+,49,0
NAS005,2024-04,Female,<15,80,1
NAS005,2024-04,Female,15-24,286,5
NAS005,2024-04,Female,25-34,292,10
NAS005,2024-04,Female,35-49,212,7
NAS005,2024-04,Female,50+,92,1
NAS005,2024-04,Male,<15,80,1
NAS005,2024-04,Male,15-24,184,3
NAS005,2024-04,Male,25-34,207,7
NAS005,2024-04,Male,35-49,150,5
NAS005,2024-04,M,50+,76,1
NAS005,2024-05,Female,<15,103,1
NAS005,2024-05,Female,15-24,269,4
NAS005,2024-05,Female,25-34,296,9
NAS005,2024-05,f,35-49,197,6
NAS005,2024-05,Female,50+,107,1
NAS005,2024-05,Male,<15,76,1
NAS005,2024-05,Male,15-24,216,3
NAS005,2024-05,Male,25-34,205,6
NAS005,2024-05,M,35-49,142,4
NAS005,2024-05,Male,50+,65,1
NAS005,2024-06,Female,<15,105,1
NAS005,2024-06,Female,15-24,294,3
NAS005,2024-06,Female,25-34,280,6
NAS005,2024-06,Female,35-49,235,5
NAS005,2024-06,Female,50+,119,1
NAS005,2024-06,Male,<15,73,0
NAS005,2024-06,Male,15 - 24,214,2
NAS005,2024-06,Male,25-34,239,5
NAS005,2024-06,Male,35-49,154,3
NAS005,2024-06,Male,50+,66,0
NAS005,2024-07,Female,<15,81,1
NAS005,2024-07,Female,15-24,233,4
NAS005,2024-07,Female,25-34,309,12
NAS005,2024-07,Female,35-49,192,7
NAS005,2024-07,Female,50+,95,1
NAS005,2024-07,Male,<15,65,1
NAS005,2024-07,Male,15-24,173,3
NAS005,2024-07,Male,25-34,212,8
NAS005,2024-07,M,35-49,142,5
NAS005,2024-07,Male,50+,67,1
NAS005,2024-08,Female,<15,75,1
NAS005,2024-08,Female,15-24,215,2
NAS005,2024-08,Female,25-34,302,8
NAS005,2024-08,Female,35-49,201,5
NAS005,2024-08,Female,50+,92,1
NAS005,2024-08,Male,<15,72,
NAS005,2024-08,Male,15-24,165,2
NAS005,2024-08,M,25-34,187,4
NAS005,2024-08,Male,35-49,147,3
NAS005,2024-08,Male,50+,69,0
NAS005,2024-09,Female,<15,73,0
NAS005,2024-09,Female,15-24,218,2
NAS005,2024-09,Female,25-34,177,4
NAS005,2024-09,Female,35-49,156,3
NAS005,2024-09,Female,50+,69,0
NAS005,2024-09,Male,0-14,50,0
NAS005,2024-09,Male,15-24,145,1
NAS005,2024-09,Male,25-34,144,3
NAS005,2024-09,Male,35-49,108,2
NAS005,2024-09,Male,50+,54,0
NAS005,2024-10,Female,<15,57,0
NAS005,2024-10,Female,15-24,161,2
NAS005,2024-10,Female,25-34,169,5
NAS005,2024-10,Female,35-49,146,4
NAS005,2024-10,Female,50+,68,1
NAS005,2024-10,Male,<15,43,0
NAS005,2024-10,Male,15 - 24,129,1
NAS005,2024-10,M,25-34,136,4
NAS005,2024-10,Male,35-49,90,2
NAS005,2024-10,Male,50 and above,35,0
NAS005,2024-11,Female,<15,75,1
NAS005,2024-11,Female,15-24,232,4
NAS005,2024-11,Female,25-34,242,8
NAS005,2024-11,Female,35-49,208,7
NAS005,2024-11,Female,50+,82,1
NAS005,2024-11,male,<15,57,1
NAS005,2024-11,Male,15-24,166,2
NAS005,2024-11,Male,25-34,186,6
NAS005,2024-11,M,35-49,142,4
NAS005,2024-11,Male,50+,55,0
NAS005,2024-12,Female,<15,92,1
NAS005,2024-12,Female,15-24,267,5
NAS005,2024-12,Female,25-34,242,9
NAS005,2024-12,Female,35-49,195,7
NAS005,2024-12,Female,50+,81,1
NAS005,2024-12,Male,<15,65,1
NAS005,2024-12,Male,15-24,158,3
NAS005,2024-12,Male,25-34,206,N/A
NAS005,2024-12,Male,35-49,147,6
NAS005,2024-12,Male,50+,56,1
NAS006,2024-01,Female,<15,14,0
NAS006,2024-01,Female,15-24,35,0
NAS006,2024-01,Female,25-34,44,1
NAS006,2024-01,Female,35-49,32,1
NAS006,2024-01,female,50+,14,0
NAS006,2024-01,Male,<15,9,0
NAS006,2024-01,Male,15-24,-,0
NAS006,2024-01,Male,25-34,28,0
NAS006,2024-01,Male,35-49,25,0
NAS006,2024-01,Male,50+,10,0
NAS006,2024-02,Female,0-14,13,0
NAS006,2024-02,F,15-24,40,1
NAS006,2024-02,Female,25-34,46,2
NAS006,2024-02,Female,35-49,33,2
NAS006,2024-02,Female,50+,13,0
NAS006,2024-02,Male,<15,9,0
NAS006,2024-02,Male,15-24,26,0
NAS006,2024-02,m,25-34,33,2
NAS006,2024-02,Male,35-49,25,1
NAS006,2024-02,Male,50+,N/A,0
NAS006,2024-03,Female,<15,14,0
NAS006,2024-03,Female,15-24,44,1
NAS006,2024-03,F,25-34,46,2
NAS006,2024-03,Female,35-49,32,1
NAS006,2024-03,Female,50+,17,0
NAS006,2024-03,Male,<15,10,0
NAS006,2024-03,male,15-24,31,0
NAS006,2024-03,Male,25-34,35,2
NAS006,2024-03,Male,35-49,25,1
NAS006,2024-03,Male,50+,10,0
NAS006,2024-04,Female,<15,23,0
NAS006,2024-04,F,15-24,61,1
NAS006,2024-04,Female,25-34,57,2
NAS006,2024-04,Female,35-49,47,2
NAS006,2024-04,F,50+,18,0
NAS006,2024-04,Male,<15,16,0
NAS006,2024-04,Male,15-24,45,1
NAS006,2024-04,Male,25-34,42,2
NAS006,2024-04,Male,35-49,29,1
NAS006,2024-04,M,50+,15,0
NAS006,2024-05,F,<15,23,0
NAS006,2024-05,Female,15-24,78,1
NAS006,2024-05,F,25-34,71,2
NAS006,2024-05,Female,35-49,50,1
NAS006,2024-05,Female,50+,23,0
NAS006,2024-05,Male,<15,15,0
NAS006,2024-05,Male,15-24,48,0
NAS006,2024-05,Male,25-34,52,1
NAS006,2024-05,Male,35-49,43,1
NAS006,2024-05,Male,50+,18,0
NAS006,2024-06,Female,<15,19,0
NAS006,2024-06,Female,15 - 24,50,1
NAS006,2024-06,Female,25-34,51,2
NAS006,2024-06,Female,35-49,46,1
NAS006,2024-06,Female,50+,21,0
NAS006,2024-06,male,<15,12,0
NAS006,2024-06,Male,15-24,37,0
NAS006,2024-06,M,25-34,38,1
NAS006,2024-06,Male,35-49,35,1
NAS006,2024-06,Male,50+,13,0
NAS006,2024-07,Female,<15,15,0
NAS006,2024-07,Female,15-24,47,0
NAS006,2024-07,Female,25-34,49,1
NAS006,2024-07,f,35-49,40,1
NAS006,2024-07,Female,50+,16,0
NAS006,2024-07,Male,<15,13,0
NAS006,2024-07,Male,15-24,32,0
NAS006,2024-07,Male,25-34,38,1
NAS006,2024-07,Male,35-49,25,0
NAS006,2024-07,Male,50+,12,0
NAS006,2024-08,Female,<15,17,0
NAS006,2024-08,Female,15-24,44,0
NAS006,2024-08,F,25-34,50,1
NAS006,2024-08,Female,35-49,41,1
NAS006,2024-08,Female,50+,15,0
NAS006,2024-08,Male,<15,13,0
NAS006,2024-08,Male,15-24,30,0
NAS006,2024-08,Male,25-34,36,1
NAS006,2024-08,Male,35-49,28,1
NAS006,2024-08,Male,50+,13,0
NAS006,2024-09,F,0-14,20,0
NAS006,2024-09,Female,15-24,48,1
NAS006,2024-09,Female,25-34,54,3
NAS006,2024-09,Female,35-49,39,2
NAS006,2024-09,Female,50+,21,0
NAS006,2024-09,M,0-14,12,0
NAS006,2024-09,Male,15-24,37,1
NAS006,2024-09,Male,25-34,38,2
NAS006,2024-09,Male,35-49,30,1
NAS006,2024-09,Male,50+,14,0
NAS006,2024-10,female,<15,16,0
NAS006,2024-10,Female,15-24,43,1
NAS006,2024-10,Female,25-34,49,3
NAS006,2024-10,Female,35-49,37,2
NAS006,2024-10,F,50+,17,0
NAS006,2024-10,M,<15,10,0
NAS006,2024-10,Male,15-24,29,1
NAS006,2024-10,Male,25-34,39,2
NAS006,2024-10,Male,35-49,26,1
NAS006,2024-10,Male,50+,13,0
NAS006,2024-11,Female,<15,14,0
NAS006,2024-11,Female,15-24,41,1
NAS006,2024-11,Female,25-34,45,2
NAS006,2024-11,Female,35-49,33,1
NAS006,2024-11,Female,50+,17,0
NAS006,2024-11,Male,<15,11,0
NAS006,2024-11,Male,15-24,35,1
NAS006,2024-11,Male,25-34,29,1
NAS006,2024-11,male,35-49,21,1
NAS006,2024-11,Male,50+,10,0
NAS006,2024-12,Female,<15,15,0
NAS006,2024-12,Female,15-24,49,1
NAS006,2024-12,Female,25-34,45,2
NAS006,2024-12,Female,35-49,32,1
NAS006,2024-12,Female,50+,17,
NAS006,2024-12,Male,<15,11,0
NAS006,2024-12,Male,15-24,29,0
NAS006,2024-12,Male,25-34,38,1
NAS006,2024-12,Male,35-49,26,1
NAS006,2024-12,Male,50+,11,0
NAS007,2024-01,Female,<15,39,0
NAS007,2024-01,Female,15-24,109,0
NAS007,2024-01,Female,25-34,124,0
NAS007,2024-01,Female,35-49,86,0
NAS007,2024-01,Female,50+,41,0
NAS007,2024-01,male,<15,N/A,0
NAS007,2024-01,Male,15 - 24,84,0
NAS007,2024-01,Male,25-34,91,0
NAS007,2024-01,Male,35-49,57,0
NAS007,2024-01,Male,50+,32,0
NAS007,2024-02,Female,<15,44,0
NAS007,2024-02,Female,15-24,103,0
NAS007,2024-02,Female,25-34,113,1
NAS007,2024-02,Female,35-49,85,0
NAS007,2024-02,Female,50+,40,0
NAS007,2024-02,male,<15,25,0
NAS007,2024-02,M,15-24,78,0
NAS007,2024-02,Male,25-34,93,0
NAS007,2024-02,Male,35-49,57,0
NAS007,2024-02,Male,50+,26,0
NAS007,2024-03,Female,0-14,57,0
NAS007,2024-03,F,15-24,140,0
NAS007,2024-03,Female,25-34,148,1
NAS007,2024-03,Female,35-49,117,1
NAS007,2024-03,Female,50+,53,0
NAS007,2024-03,M,<15,39,0
NAS007,2024-03,Male,15-24,99,0
NAS007,2024-03,Male,25-34,116,1
NAS007,2024-03,Male,35-49,85,1
NAS007,2024-03,Male,50+,33,0
NAS007,2024-04,Female,<15,48,0
NAS007,2024-04,Female,15-24,132,0
NAS007,2024-04,Female,25-34,131,1
NAS007,2024-04,Female,35-49,81,1
NAS007,2024-04,Female,50+,47,0
NAS007,2024-04,Male,<15,34,0
NAS007,2024-04,Male,15-24,98,0
NAS007,2024-04,Male,25-34,88,1
NAS007,2024-04,Male,35-49,69,1
NAS007,2024-04,M,50+,28,0
NAS007,2024-05,Female,<15,45,0
NAS007,2024-05,Female,15-24,160,1
NAS007,2024-05,Female,25-34,172,2
NAS007,2024-05,F,35-49,96,1
NAS007,2024-05,Female,50+,46,0
NAS007,2024-05,Male,<15,38,0
NAS007,2024-05,Male,15-24,114,0
NAS007,2024-05,M,25-34,116,1
NAS007,2024-05,Male,35-49,75,1
NAS007,2024-05,Male,50 and above,32,0
NAS007,2024-06,Female,<15,62,0
NAS007,2024-06,Female,15-24,175,0
NAS007,2024-06,Female,25-34,160,1
NAS007,2024-06,Female,35-49,104,0
NAS007,2024-06,Female,50+,59,0
NAS007,2024-06,Male,<15,45,0
NAS007,2024-06,M,15-24,122,0
NAS007,2024-06,M,25-34,108,0
NAS007,2024-06,Male,35-49,89,0
NAS007,2024-06,male,50+,40,0
NAS007,2024-07,Female,<15,53,0
NAS007,2024-07,Female,15-24,149,0
NAS007,2024-07,Female,25-34,176,0
NAS007,2024-07,Female,35-49,117,0
NAS007,2024-07,Female,50+,55,0
NAS007,2024-07,Male,<15,34,0
NAS007,2024-07,Male,15 - 24,105,0
NAS007,2024-07,M,25-34,128,0
NAS007,2024-07,Male,35-49,90,0
NAS007,2024-07,M,50+,41,0
NAS007,2024-08,Female,<15,49,0
NAS007,2024-08,F,15-24,141,0
NAS007,2024-08,Female,25-34,137,1
NAS007,2024-08,Female,35-49,106,0
NAS007,2024-08,Female,50+,52,0
NAS007,2024-08,Male,<15,34,0
NAS007,2024-08,Male,15-24,95,0
NAS007,2024-08,Male,25-34,100,0
NAS007,2024-08,Male,35-49,87,0
NAS007,2024-08,Male,50+,34,0
NAS007,2024-09,F,<15,57,0
NAS007,2024-09,Female,15-24,133,0
NAS007,2024-09,Female,25-34,129,0
NAS007,2024-09,Female,35-49,99,0
NAS007,2024-09,Female,50+,52,0
NAS007,2024-09,Male,<15,33,0
NAS007,2024-09,M,15 - 24,89,0
NAS007,2024-09,Male,25-34,102,0
NAS007,2024-09,Male,35-49,79,0
NAS007,2024-09,Male,50+,36,0
NAS007,2024-10,F,<15,42,0
NAS007,2024-10,Female,15-24,111,0
NAS007,2024-10,Female,25-34,126,1
NAS007,2024-10,Female,35-49,84,0
NAS007,2024-10,Female,50+,39,0
NAS007,2024-10,Male,<15,24,0
NAS007,2024-10,Male,15-24,77,0
NAS007,2024-10,Male,25-34,94,0
NAS007,2024-10,Male,35-49,67,0
NAS007,2024-10,Male,50+,29,0
NAS007,2024-11,Female,<15,40,0
NAS007,2024-11,Female,15-24,124,0
NAS007,2024-11,Female,25-34,135,0
NAS007,2024-11,F,35-49,105,0
NAS007,2024-11,F,50+,40,0
NAS007,2024-11,M,<15,30,0
NAS007,2024-11,M,15-24,102,0
NAS007,2024-11,Male,25-34,86,0
NAS007,2024-11,Male,35-49,69,0
NAS007,2024-11,Male,50+,35,0
NAS007,2024-12,Female,<15,40,0
NAS007,2024-12,Female,15-24,101,0
NAS007,2024-12,Female,25-34,126,1
NAS007,2024-12,Female,35-49,77,0
NAS007,2024-12,Female,50+,44,0
NAS007,2024-12,Male,<15,26,0
NAS007,2024-12,Male,15-24,78,0
NAS007,2024-12,Male,25-34,87,1
NAS007,2024-12,Male,35-49,60,0
NAS007,2024-12,Male,50+,28,0
NAS008,2024-01,Female,<15,4,0
NAS008,2024-01,Female,15-24,16,0
NAS008,2024-01,Female,25-34,16,0
NAS008,2024-01,Female,35-49,11,0
NAS008,2024-01,Female,50+,5,0
NAS008,2024-01,Male,<15,3,0
NAS008,2024-01,Male,15-24,11,0
NAS008,2024-01,Male,25-34,11,0
NAS008,2024-01,Male,35-49,8,0
NAS008,2024-01,Male,50+,3,0
NAS008,2024-02,Female,<15,3,0
NAS008,2024-02,Female,15-24,11,0
NAS008,2024-02,female,25-34,11,0
NAS008,2024-02,Female,35-49,7,0
NAS008,2024-02,Female,50+,3,0
NAS008,2024-02,male,<15,2,0
NAS008,2024-02,M,15-24,6,0
NAS008,2024-02,male,25-34,9,0
NAS008,2024-02,Male,35-49,6,0
NAS008,2024-02,Male,50+,2,0
NAS008,2024-03,Female,<15,4,0
NAS008,2024-03,Female,15-24,14,0
NAS008,2024-03,Female,25-34,14,0
NAS008,2024-03,Female,35-49,9,0
NAS008,2024-03,Female,50+,4,0
NAS008,2024-03,Male,<15,3,0
NAS008,2024-03,Male,15-24,9,0
NAS008,2024-03,Male,25-34,9,0
NAS008,2024-03,Male,35-49,8,0
NAS008,2024-03,Male,50+,3,0
NAS008,2024-04,Female,<15,5,0
NAS008,2024-04,Female,15-24,14,0
NAS008,2024-04,F,25-34,15,0
NAS008,2024-04,Female,35-49,11,N/A
NAS008,2024-04,Female,50+,5,0
NAS008,2024-04,Male,<15,4,0
NAS008,2024-04,Male,15-24,11,0
NAS008,2024-04,Male,25-34,12,0
NAS008,2024-04,M,35-49,7,0
NAS008,2024-04,Male,50+,3,0
NAS008,2024-05,F,<15,6,0
NAS008,2024-05,Female,15-24,16,0
NAS008,2024-05,Female,25-34,16,0
NAS008,2024-05,female,35-49,10,0
NAS008,2024-05,Female,50+,5,0
NAS008,2024-05,Male,<15,3,0
NAS008,2024-05,M,15-24,10,0
NAS008,2024-05,Male,25-34,13,0
NAS008,2024-05,Male,35-49,8,0
NAS008,2024-05,Male,50+,3,0
NAS008,2024-06,Female,<15,5,0
NAS008,2024-06,Female,15-24,14,0
NAS008,2024-06,Female,25-34,13,0
NAS008,2024-06,Female,35-49,9,0
NAS008,2024-06,Female,50+,5,0
NAS008,2024-06,Male,<15,3,0
NAS008,2024-06,Male,15-24,10,0
NAS008,2024-06,Male,25-34,10,0
NAS008,2024-06,Male,35-49,7,0
NAS008,2024-06,Male,50+,3,0
NAS008,2024-07,Female,<15,4,0
NAS008,2024-07,Female,15-24,15,0
NAS008,2024-07,Female,25-34,16,0
NAS008,2024-07,Female,35-49,N/A,0
NAS008,2024-07,Female,50+,5,0
NAS008,2024-07,Male,<15,4,0
NAS008,2024-07,Male,15-24,10,0
NAS008,2024-07,Male,25-34,12,0
NAS008,2024-07,Male,35-49,9,0
NAS008,2024-07,Male,50+,4,0
NAS008,2024-08,Female,<15,4,0
NAS008,2024-08,female,15-24,16,0
NAS008,2024-08,Female,25-34,14,0
NAS008,2024-08,Female,35-49,11,0
NAS008,2024-08,Female,50+,4,0
NAS008,2024-08,Male,<15,4,0
NAS008,2024-08,Male,15-24,11,0
NAS008,2024-08,Male,25-34,10,0
NAS008,2024-08,Male,35-49,7,0
NAS008,2024-08,Male,50+,4,0
NAS008,2024-09,Female,<15,4,0
NAS008,2024-09,female,15-24,15,0
NAS008,2024-09,Female,25-34,14,0
NAS008,2024-09,Female,35-49,10,0
NAS008,2024-09,Female,50+,5,0
NAS008,2024-09,Male,<15,3,0
NAS008,2024-09,Male,15-24,10,0
NAS008,2024-09,Male,25-34,-,0
NAS008,2024-09,M,35-49,7,0
NAS008,2024-09,Male,50 and above,4,0
NAS008,2024-10,Female,<15,3,0
NAS008,2024-10,Female,15-24,11,0
NAS008,2024-10,F,25-34,10,0
NAS008,2024-10,Female,35-49,9,0
NAS008,2024-10,F,50+,3,0
NAS008,2024-10,Male,<15,2,0
NAS008,2024-10,m,15-24,7,0
NAS008,2024-10,Male,25-34,8,0
NAS008,2024-10,Male,35-49,7,0
NAS008,2024-10,male,50+,2,0
NAS008,2024-11,Female,<15,5,0
NAS008,2024-11,Female,15-24,14,0
NAS008,2024-11,Female,25-34,15,0
NAS008,2024-11,Female,35-49,12,0
NAS008,2024-11,Female,50+,4,0
NAS008,2024-11,Male,<15,3,0
NAS008,2024-11,Male,15-24,12,0
NAS008,2024-11,Male,25-34,12,0
NAS008,2024-11,Male,35-49,7,0
NAS008,2024-11,male,50+,3,0
NAS008,2024-12,Female,<15,4,0
NAS008,2024-12,Female,15-24,12,0
NAS008,2024-12,female,25-34,13,0
NAS008,2024-12,F,35-49,10,0
NAS008,2024-12,Female,50+,4,0
NAS008,2024-12,Male,<15,3,0
NAS008,2024-12,Male,15-24,9,0
NAS008,2024-12,Male,25-34,9,0
NAS008,2024-12,M,35-49,7,0
NAS008,2024-12,Male,50+,3,0
NAS009,2024-01,Female,<15,52,0
NAS009,2024-01,Female,15-24,184,0
NAS009,2024-01,Female,25-34,162,0
NAS009,2024-01,F,35-49,134,0
NAS009,2024-01,Female,50+,60,0
NAS009,2024-01,Male,<15,38,0
NAS009,2024-01,Male,15-24,111,0
NAS009,2024-01,Male,25-34,134,0
NAS009,2024-01,Male,35-49,102,0
NAS009,2024-01,Male,50+,44,0
NAS009,2024-02,Female,<15,72,0
NAS009,2024-02,Female,15-24,218,1
NAS009,2024-02,Female,25-34,183,2
NAS009,2024-02,Female,35-49,150,1
NAS009,2024-02,Female,50+,67,0
NAS009,2024-02,Male,<15,55,0
NAS009,2024-02,M,15-24,140,0
NAS009,2024-02,Male,25-34,144,1
NAS009,2024-02,Male,35-49,109,1
NAS009,2024-02,Male,50+,51,0
NAS009,2024-03,F,<15,60,0
NAS009,2024-03,Female,15-24,194,0
NAS009,2024-03,Female,25-34,186,1
NAS009,2024-03,Female,35-49,174,1
NAS009,2024-03,Female,50+,80,0
NAS009,2024-03,Male,<15,45,0
NAS009,2024-03,Male,15-24,143,0
NAS009,2024-03,male,25-34,153,1
NAS009,2024-03,Male,35-49,111,0
NAS009,2024-03,Male,50+,51,0
NAS009,2024-04,Female,<15,73,0
NAS009,2024-04,Female,15-24,220,1
NAS009,2024-04,Female,25-34,191,2
NAS009,2024-04,F,35-49,171,2
NAS009,2024-04,Female,50+,61,0
NAS009,2024-04,Male,<15,56,0
NAS009,2024-04,Male,15-24,149,1
NAS009,2024-04,Male,25-34,138,2
NAS009,2024-04,Male,35-49,117,1
NAS009,2024-04,Male,50+,57,0
NAS009,2024-05,Female,<15,77,0
NAS009,2024-05,Female,15-24,172,1
NAS009,2024-05,Female,25-34,211,2
NAS009,2024-05,Female,35-49,145,1
NAS009,2024-05,Female,50+,80,0
NAS009,2024-05,Male,<15,49,0
NAS009,2024-05,Male,15-24,143,0
NAS009,2024-05,Male,25-34,155,1
NAS009,2024-05,Male,35-49,101,1
NAS009,2024-05,M,50+,47,0
NAS009,2024-06,Female,<15,75,0
NAS009,2024-06,F,15-24,-,1
NAS009,2024-06,Female,25-34,251,2
NAS009,2024-06,Female,35-49,175,1
NAS009,2024-06,F,50+,78,0
NAS009,2024-06,Male,<15,54,0
NAS009,2024-06,Male,15 - 24,160,0
NAS009,2024-06,Male,25-34,191,2
NAS009,2024-06,Male,35-49,143,1
NAS009,2024-06,Male,50+,67,0
NAS009,2024-07,Female,<15,81,0
NAS009,2024-07,Female,15-24,224,1
NAS009,2024-07,Female,25-34,276,2
NAS009,2024-07,Female,35-49,176,1
NAS009,2024-07,Female,50+,71,0
NAS009,2024-07,Male,<15,56,0
NAS009,2024-07,Male,15-24,179,0
NAS009,2024-07,Male,25-34,170,1
NAS009,2024-07,Male,35-49,140,1
NAS009,2024-07,Male,50+,53,0
NAS009,2024-08,Female,<15,89,0
NAS009,2024-08,Female,15-24,242,1
NAS009,2024-08,Female,25-34,245,3
NAS009,2024-08,Female,35-49,-,3
NAS009,2024-08,Female,50+,83,0
NAS009,2024-08,Male,<15,64,0
NAS009,2024-08,Male,15 - 24,179,1
NAS009,2024-08,Male,25-34,174,2
NAS009,2024-08,Male,35-49,140,2
NAS009,2024-08,Male,50+,72,0
NAS009,2024-09,Female,<15,58,0
NAS009,2024-09,Female,15-24,187,1
NAS009,2024-09,Female,25-34,177,2
NAS009,2024-09,F,35-49,134,1
NAS009,2024-09,Female,50+,58,0
NAS009,2024-09,Male,<15,48,0
NAS009,2024-09,Male,15-24,118,0
NAS009,2024-09,Male,25-34,135,1
NAS009,2024-09,Male,35-49,101,1
NAS009,2024-09,M,50+,43,0
NAS009,2024-10,Female,<15,63,0
NAS009,2024-10,Female,15-24,138,0
NAS009,2024-10,Female,25-34,143,1
NAS009,2024-10,Female,35-49,132,1
NAS009,2024-10,Female,50+,53,0
NAS009,2024-10,Male,<15,33,0
NAS009,2024-10,Male,15-24,112,0
NAS009,2024-10,Male,25-34,123,0
NAS009,2024-10,Male,35-49,74,0
NAS009,2024-10,M,50+,40,0
NAS009,2024-11,Female,<15,58,0
NAS009,2024-11,Female,15-24,172,0
NAS009,2024-11,Female,25-34,175,0
NAS009,2024-11,Female,35-49,143,0
NAS009,2024-11,Female,50+,66,0
NAS009,2024-11,Male,<15,N/A,0
NAS009,2024-11,M,15-24,110,0
NAS009,2024-11,Male,25-34,145,0
NAS009,2024-11,Male,35-49,108,0
NAS009,2024-11,M,50+,42,0
NAS009,2024-12,Female,<15,60,0
NAS009,2024-12,Female,15 - 24,169,0
NAS009,2024-12,Female,25-34,193,0
NAS009,2024-12,Female,35-49,141,0
NAS009,2024-12,Female,50+,69,0
NAS009,2024-12,Male,<15,46,0
NAS009,2024-12,male,15-24,133,0
NAS009,2024-12,Male,25-34,134,0
NAS009,2024-12,Male,35-49,106,0
NAS009,2024-12,Male,50+,39,0
NAS010,2024-01,Female,<15,104,3
NAS010,2024-01,Female,15 - 24,321,10
NAS010,2024-01,F,25-34,285,18
NAS010,2024-01,Female,35-49,211,13
NAS010,2024-01,Female,50+,99,3
NAS010,2024-01,Male,<15,66,2
NAS010,2024-01,M,15-24,182,6
NAS010,2024-01,Male,25-34,250,16
NAS010,2024-01,Male,35-49,160,10
NAS010,2024-01,Male,50+,80,2
NAS010,2024-02,Female,<15,120,3
NAS010,2024-02,female,15-24,316,9
NAS010,2024-02,Female,25-34,413,25
NAS010,2024-02,Female,35-49,256,15
NAS010,2024-02,F,50+,111,3
NAS010,2024-02,Male,<15,91,2
NAS010,2024-02,Male,15 - 24,247,7
NAS010,2024-02,M,25-34,262,16
NAS010,2024-02,Male,35-49,199,12
NAS010,2024-02,Male,50+,81,2
NAS010,2024-03,Female,<15,164,5
NAS010,2024-03,Female,15-24,410,14
NAS010,2024-03,Female,25-34,397,28
NAS010,2024-03,Female,35-49,332,23
NAS010,2024-03,Female,50+,156,5
NAS010,2024-03,Male,0-14,103,3
NAS010,2024-03,Male,15-24,334,12
NAS010,2024-03,Male,25-34,292,21
NAS010,2024-03,Male,35-49,215,15
NAS010,2024-03,M,50+,112,4
NAS010,2024-04,f,<15,191,7
NAS010,2024-04,Female,15-24,487,18
NAS010,2024-04,F,25-34,619,47
NAS010,2024-04,Female,35-49,343,26
NAS010,2024-04,Female,50+,160,6
NAS010,2024-04,Male,<15,138,5
NAS010,2024-04,Male,15-24,415,15
NAS010,2024-04,Male,25-34,367,27
NAS010,2024-04,Male,35-49,259,19
NAS010,2024-04,Male,50 and above,123,4
NAS010,2024-05,Female,<15,151,5
NAS010,2024-05,F,15-24,376,12
NAS010,2024-05,Female,25-34,442,29
NAS010,2024-05,Female,35-49,348,23
NAS010,2024-05,Female,50+,174,5
NAS010,2024-05,Male,<15,114,3
NAS010,2024-05,Male,15-24,313,10
NAS010,2024-05,M,25-34,339,22
NAS010,2024-05,Male,35-49,200,13
NAS010,2024-05,Male,50+,114,3
NAS010,2024-06,female,<15,155,4
NAS010,2024-06,F,15-24,464,14
NAS010,2024-06,Female,25-34,518,33
NAS010,2024-06,Female,35-49,353,22
NAS010,2024-06,Female,50+,152,4
NAS010,2024-06,Male,<15,132,4
NAS010,2024-06,Male,15-24,349,11
NAS010,2024-06,Male,25-34,309,19
NAS010,2024-06,Male,35-49,264,16
NAS010,2024-06,Male,50+,134,4
NAS010,2024-07,Female,<15,125,4
NAS010,2024-07,Female,15-24,438,15
NAS010,2024-07,Female,25-34,472,33
NAS010,2024-07,Female,35-49,344,24
NAS010,2024-07,Female,50+,142,5
NAS010,2024-07,Male,<15,109,3
NAS010,2024-07,Male,15 - 24,273,9
NAS010,2024-07,Male,25-34,315,22
NAS010,2024-07,Male,35-49,277,19
NAS010,2024-07,Male,50+,126,4
NAS010,2024-08,F,<15,155,5
NAS010,2024-08,Female,15-24,477,17
NAS010,2024-08,Female,25-34,533,39
NAS010,2024-08,Female,35-49,395,29
NAS010,2024-08,Female,50+,159,5
NAS010,2024-08,Male,<15,127,4
NAS010,2024-08,M,15-24,320,12
NAS010,2024-08,Male,25-34,394,29
NAS010,2024-08,M,35-49,276,20
NAS010,2024-08,male,50+,128,4
NAS010,2024-09,Female,<15,114,3
NAS010,2024-09,Female,15-24,333,9
NAS010,2024-09,Female,25-34,409,24
NAS010,2024-09,Female,35-49,295,17
NAS010,2024-09,Female,50+,129,3
NAS010,2024-09,male,<15,85,2
NAS010,2024-09,Male,15-24,233,6
NAS010,2024-09,Male,25-34,303,17
NAS010,2024-09,Male,35-49,201,11
NAS010,2024-09,Male,50+,103,3
NAS010,2024-10,Female,<15,142,4
NAS010,2024-10,Female,15-24,402,12
NAS010,2024-10,Female,25-34,384,23
NAS010,2024-10,Female,35-49,303,18
NAS010,2024-10,Female,50 and above,123,3
NAS010,2024-10,Male,<15,93,2
NAS010,2024-10,Male,15-24,257,7
NAS010,2024-10,Male,25-34,323,19
NAS010,2024-10,Male,35-49,221,13
NAS010,2024-10,M,50+,85,2
NAS010,2024-11,Female,<15,122,5
NAS010,2024-11,Female,15-24,295,12
NAS010,2024-11,Female,25-34,328,28
NAS010,2024-11,Female,35-49,236,20
NAS010,2024-11,F,50+,122,5
NAS010,2024-11,Male,<15,79,3
NAS010,2024-11,Male,15-24,214,
NAS010,2024-11,Male,25-34,234,20
NAS010,2024-11,Male,35-49,196,17
NAS010,2024-11,Male,50+,75,3
NAS010,2024-12,Female,<15,119,4
NAS010,2024-12,F,15-24,297,11
NAS010,2024-12,Female,25-34,362,28
NAS010,2024-12,female,35-49,241,18
NAS010,2024-12,F,50+,106,4
NAS010,2024-12,Male,<15,83,3
NAS010,2024-12,Male,15-24,204,7
NAS010,2024-12,Male,25-34,268,20
NAS010,2024-12,M,35-49,183,14
NAS010,2024-12,Male,50+,75,2
NAS011,2024-01,Female,<15,51,0
NAS011,2024-01,Female,15-24,140,0
NAS011,2024-01,Female,25-34,142,1
NAS011,2024-01,Female,35-49,121,1
NAS011,2024-01,Female,50+,44,0
NAS011,2024-01,Male,<15,31,0
NAS011,2024-01,male,15-24,99,0
NAS011,2024-01,Male,25-34,112,1
NAS011,2024-01,Male,35-49,80,0
NAS011,2024-01,Male,50+,39,0
NAS011,2024-02,Female,<15,66,0
NAS011,2024-02,Female,15-24,199,0
NAS011,2024-02,Female,25-34,222,1
NAS011,2024-02,Female,35-49,163,1
NAS011,2024-02,Female,50+,65,0
NAS011,2024-02,Male,0-14,60,0
NAS011,2024-02,Male,15-24,140,0
NAS011,2024-02,Male,25-34,153,1
NAS011,2024-02,Male,35-49,102,0
NAS011,2024-02,Male,50+,61,0
NAS011,2024-03,F,<15,74,0
NAS011,2024-03,Female,15-24,185,1
NAS011,2024-03,Female,25-34,187,2
NAS011,2024-03,F,35-49,153,2
NAS011,2024-03,Female,50+,67,0
NAS011,2024-03,Male,<15,44,0
NAS011,2024-03,Male,15-24,134,0
NAS011,2024-03,M,25-34,145,1
NAS011,2024-03,Male,35-49,116,1
NAS011,2024-03,Male,50+,43,0
NAS011,2024-04,Female,<15,81,0
NAS011,2024-04,Female,15-24,251,2
NAS011,2024-04,Female,25-34,212,3
NAS011,2024-04,F,35-49,185,2
NAS011,2024-04,Female,50+,76,0
NAS011,2024-04,Male,<15,58,0
NAS011,2024-04,Male,15-24,174,1
NAS011,2024-04,Male,25-34,176,2
NAS011,2024-04,Male,35-49,118,1
NAS011,2024-04,Male,50+,55,0
NAS011,2024-05,Female,<15,79,0
NAS011,2024-05,Female,15-24,213,1
NAS011,2024-05,Female,25-34,210,3
NAS011,2024-05,Female,35-49,170,2
NAS011,2024-05,Female,50+,73,0
NAS011,2024-05,Male,<15,66,0
NAS011,2024-05,M,15-24,148,1
NAS011,2024-05,M,25-34,164,2
NAS011,2024-05,Male,35-49,111,1
NAS011,2024-05,Male,50+,50,0
NAS011,2024-06,Female,<15,83,0
NAS011,2024-06,Female,15-24,245,1
NAS011,2024-06,F,25-34,244,2
NAS011,2024-06,Female,35-49,179,1
NAS011,2024-06,Female,50+,100,0
NAS011,2024-06,Male,<15,57,0
NAS011,2024-06,M,15-24,168,0
NAS011,2024-06,Male,25-34,190,1
NAS011,2024-06,Male,35-49,135,1
NAS011,2024-06,Male,50+,65,0
NAS011,2024-07,F,<15,101,0
NAS011,2024-07,Female,15-24,220,1
NAS011,2024-07,Female,25-34,301,3
NAS011,2024-07,Female,35-49,221,2
NAS011,2024-07,F,50+,78,0
NAS011,2024-07,Male,<15,58,0
NAS011,2024-07,Male,15-24,179,1
NAS011,2024-07,Male,25-34,206,2
NAS011,2024-07,Male,35-49,149,1
NAS011,2024-07,Male,50+,75,0
NAS011,2024-08,Female,<15,96,0
NAS011,2024-08,Female,15-24,256,1
NAS011,2024-08,Female,25-34,266,3
NAS011,2024-08,Female,35-49,179,2
NAS011,2024-08,Female,50 and above,102,0
NAS011,2024-08,Male,<15,77,0
NAS011,2024-08,M,15-24,171,1
NAS011,2024-08,Male,25-34,196,2
NAS011,2024-08,Male,35-49,129,1
NAS011,2024-08,Male,50+,76,0
NAS011,2024-09,Female,<15,53,0
NAS011,2024-09,Female,15-24,186,1
NAS011,2024-09,Female,25-34,163,2
NAS011,2024-09,F,35-49,141,2
NAS011,2024-09,Female,50+,55,0
NAS011,2024-09,Male,<15,48,0
NAS011,2024-09,Male,15-24,135,1
NAS011,2024-09,Male,25-34,116,1
NAS011,2024-09,Male,35-49,89,1
NAS011,2024-09,M,50+,46,0
NAS011,2024-10,Female,<15,54,0
NAS011,2024-10,Female,15-24,179,0
NAS011,2024-10,Female,25-34,195,2
NAS011,2024-10,Female,35-49,114,1
NAS011,2024-10,Female,50+,63,0
NAS011,2024-10,M,<15,40,0
NAS011,2024-10,Male,15 - 24,135,0
NAS011,2024-10,male,25-34,126,1
NAS011,2024-10,M,35-49,95,1
NAS011,2024-10,Male,50+,42,0
NAS011,2024-11,Female,<15,60,0
NAS011,2024-11,Female,15-24,160,0
NAS011,2024-11,Female,25-34,164,1
NAS011,2024-11,Female,35-49,148,1
NAS011,2024-11,Female,50+,59,0
NAS011,2024-11,male,<15,47,0
NAS011,2024-11,Male,15-24,113,0
NAS011,2024-11,Male,25-34,126,1
NAS011,2024-11,Male,35-49,100,1
NAS011,2024-11,Male,50+,41,0
NAS011,2024-12,female,<15,67,0
NAS011,2024-12,F,15-24,209,1
NAS011,2024-12,Female,25-34,182,3
NAS011,2024-12,Female,35-49,137,2
NAS011,2024-12,F,50+,59,0
NAS011,2024-12,Male,<15,40,0
NAS011,2024-12,Male,15-24,135,1
NAS011,2024-12,Male,25-34,148,2
NAS011,2024-12,Male,35-49,107,1
NAS011,2024-12,Male,50+,45,0
NAS012,2024-01,F,<15,41,0
NAS012,2024-01,Female,15-24,118,1
NAS012,2024-01,F,25-34,124,3
NAS012,2024-01,Female,35-49,108,2
NAS012,2024-01,Female,50 and above,44,0
NAS012,2024-01,Male,<15,36,-
NAS012,2024-01,Male,15-24,84,1
NAS012,2024-01,Male,25-34,93,2
NAS012,2024-01,Male,35-49,68,1
NAS012,2024-01,Male,50+,35,0
NAS012,2024-02,F,<15,38,0
NAS012,2024-02,Female,15-24,125,1
NAS012,2024-02,Female,25-34,127,3
NAS012,2024-02,Female,35-49,98,2
NAS012,2024-02,Female,50+,37,0
NAS012,2024-02,Male,<15,28,0
NAS012,2024-02,Male,15-24,79,1
NAS012,2024-02,Male,25-34,95,2
NAS012,2024-02,M,35-49,73,2
NAS012,2024-02,Male,50+,32,0
NAS012,2024-03,Female,<15,64,1
NAS012,2024-03,Female,15-24,179,3
NAS012,2024-03,Female,25-34,156,5
NAS012,2024-03,Female,35-49,124,4
NAS012,2024-03,Female,50+,63,1
NAS012,2024-03,Male,<15,47,0
NAS012,2024-03,M,15-24,122,2
NAS012,2024-03,Male,25-34,117,4
NAS012,2024-03,Male,35-49,101,3
NAS012,2024-03,Male,50+,37,0
NAS012,2024-04,Female,<15,64,1
NAS012,2024-04,F,15-24,165,2
NAS012,2024-04,Female,25-34,168,6
NAS012,2024-04,F,35-49,138,4
NAS012,2024-04,Female,50+,51,0
NAS012,2024-04,Male,<15,48,0
NAS012,2024-04,Male,15-24,132,2
NAS012,2024-04,Male,25-34,111,3
NAS012,2024-04,Male,35-49,85,3
NAS012,2024-04,Male,50+,48,0
NAS012,2024-05,female,<15,54,1
NAS012,2024-05,F,15-24,151,3
NAS012,2024-05,Female,25-34,182,8
NAS012,2024-05,Female,35-49,138,6
NAS012,2024-05,F,50+,63,1
NAS012,2024-05,Male,0-14,,1
NAS012,2024-05,Male,15-24,123,2
NAS012,2024-05,Male,25-34,130,5
NAS012,2024-05,Male,35-49,90,4
NAS012,2024-05,Male,50+,37,0
NAS012,2024-06,Female,<15,86,1
NAS012,2024-06,f,15-24,204,3
NAS012,2024-06,Female,25-34,226,7
NAS012,2024-06,Female,35-49,158,5
NAS012,2024-06,Female,50+,78,1
NAS012,2024-06,M,<15,45,0
NAS012,2024-06,Male,15-24,163,2
NAS012,2024-06,Male,25-34,164,5
NAS012,2024-06,M,35-49,118,4
NAS012,2024-06,Male,50+,54,0
NAS012,2024-07,Female,<15,54,0
NAS012,2024-07,Female,15 - 24,144,2
NAS012,2024-07,Female,25-34,175,5
NAS012,2024-07,Female,35-49,109,3
NAS012,2024-07,Female,50+,48,0
NAS012,2024-07,M,0-14,35,0
NAS012,2024-07,Male,15-24,110,1
NAS012,2024-07,m,25-34,116,3
NAS012,2024-07,Male,35-49,78,2
NAS012,2024-07,M,50+,44,0
NAS012,2024-08,female,<15,68,0
NAS012,2024-08,Female,15-24,173,1
NAS012,2024-08,Female,25-34,231,3
NAS012,2024-08,Female,35-49,143,2
NAS012,2024-08,Female,50+,60,0
NAS012,2024-08,Male,<15,56,0
NAS012,2024-08,M,15-24,136,1
NAS012,2024-08,Male,25-34,139,2
NAS012,2024-08,Male,35-49,111,1
NAS012,2024-08,Male,50+,46,0
NAS012,2024-09,Female,<15,57,0
NAS012,2024-09,Female,15-24,174,2
NAS012,2024-09,Female,25-34,167,3
NAS012,2024-09,Female,35-49,136,3
NAS012,2024-09,Female,50+,60,0
NAS012,2024-09,Male,<15,38,0
NAS012,2024-09,Male,15-24,132,1
NAS012,2024-09,Male,25-34,123,2
NAS012,2024-09,Male,35-49,95,2
NAS012,2024-09,Male,50+,41,0
NAS012,2024-10,Female,<15,49,0
NAS012,2024-10,Female,15-24,131,1
NAS012,2024-10,Female,25-34,159,4
NAS012,2024-10,Female,35-49,134,3
NAS012,2024-10,Female,50+,62,
NAS012,2024-10,Male,<15,42,0
NAS012,2024-10,Male,15-24,103,1
NAS012,2024-10,Male,25-34,121,3
NAS012,2024-10,Male,35-49,82,2
NAS012,2024-10,Male,50+,39,0
NAS012,2024-11,Female,<15,51,0
NAS012,2024-11,Female,15-24,158,0
NAS012,2024-11,Female,25-34,133,1
NAS012,2024-11,Female,35-49,96,1
NAS012,2024-11,Female,50+,45,0
NAS012,2024-11,Male,<15,34,0
NAS012,2024-11,Male,15-24,93,0
NAS012,2024-11,Male,25-34,111,1
NAS012,2024-11,Male,35-49,81,0
NAS012,2024-11,Male,50+,31,0
NAS012,2024-12,Female,<15,39,0
NAS012,2024-12,Female,15-24,125,1
NAS012,2024-12,Female,25-34,120,3
NAS012,2024-12,Female,35-49,95,2
NAS012,2024-12,Female,50+,47,0
NAS012,2024-12,Male,<15,33,0
NAS012,2024-12,Male,15-24,90,1
NAS012,2024-12,Male,25-34,89,2
NAS012,2024-12,Male,35-49,66,1
NAS012,2024-12,Male,50+,30,0
NAS013,2024-01,Female,<15,29,0
NAS013,2024-01,F,15-24,90,2
NAS013,2024-01,Female,25-34,106,6
NAS013,2024-01,F,35-49,64,4
NAS013,2024-01,Female,50+,32,1
NAS013,2024-01,Male,<15,24,0
NAS013,2024-01,Male,15-24,56,1
NAS013,2024-01,male,25-34,76,5
NAS013,2024-01,Male,35-49,50,3
NAS013,2024-01,Male,50 and above,25,0
NAS013,2024-02,female,<15,32,0
NAS013,2024-02,Female,15-24,99,2
NAS013,2024-02,Female,25-34,90,3
NAS013,2024-02,Female,35-49,68,2
NAS013,2024-02,Female,50+,31,0
NAS013,2024-02,Male,<15,20,0
NAS013,2024-02,Male,15-24,60,1
NAS013,2024-02,Male,25-34,74,3
NAS013,2024-02,Male,35-49,54,2
NAS013,2024-02,Male,50+,23,0
NAS013,2024-03,Female,<15,37,1
NAS013,2024-03,Female,15-24,106,4
NAS013,2024-03,Female,25-34,89,6
NAS013,2024-03,Female,35-49,65,5
NAS013,2024-03,F,50+,33,1
NAS013,2024-03,M,<15,24,0
NAS013,2024-03,M,15-24,66,2
NAS013,2024-03,Male,25-34,67,5
NAS013,2024-03,Male,35-49,60,4
NAS013,2024-03,Male,50+,23,0
NAS013,2024-04,Female,<15,31,0
NAS013,2024-04,Female,15-24,103,3
NAS013,2024-04,Female,25-34,105,6
NAS013,2024-04,Female,35-49,75,4
NAS013,2024-04,Female,50 and above,29,0
NAS013,2024-04,Male,<15,28,0
NAS013,2024-04,Male,15-24,63,1
NAS013,2024-04,Male,25-34,81,4
NAS013,2024-04,M,35-49,53,3
NAS013,2024-04,Male,50+,22,0
NAS013,2024-05,Female,<15,38,1
NAS013,2024-05,Female,15-24,116,4
NAS013,2024-05,Female,25-34,114,8
NAS013,2024-05,Female,35-49,74,5
NAS013,2024-05,Female,50+,37,1
NAS013,2024-05,Male,<15,26,0
NAS013,2024-05,Male,15-24,76,2
NAS013,2024-05,Male,25-34,91,6
NAS013,2024-05,M,35-49,53,3
NAS013,2024-05,Male,50+,27,0
NAS013,2024-06,F,<15,45,1
NAS013,2024-06,Female,15-24,135,4
NAS013,2024-06,Female,25-34,142,10
NAS013,2024-06,Female,35-49,81,5
NAS013,2024-06,F,50+,43,1
NAS013,2024-06,Male,<15,30,1
NAS013,2024-06,Male,15-24,84,2
NAS013,2024-06,Male,25-34,100,7
NAS013,2024-06,Male,35-49,74,5
NAS013,2024-06,Male,50+,34,1
NAS013,2024-07,Female,<15,36,1
NAS013,2024-07,Female,15-24,116,4
NAS013,2024-07,Female,25-34,113,9
NAS013,2024-07,Female,35-49,79,6
NAS013,2024-07,Female,50+,40,1
NAS013,2024-07,Male,0-14,28,1
NAS013,2024-07,Male,15-24,74,2
NAS013,2024-07,Male,25-34,86,6
NAS013,2024-07,Male,35-49,66,5
NAS013,2024-07,Male,50+,22,0
NAS013,2024-08,Female,0-14,41,1
NAS013,2024-08,Female,15-24,109,3
NAS013,2024-08,F,25-34,122,7
NAS013,2024-08,Female,35-49,98,5
NAS013,2024-08,F,50+,44,1
NAS013,2024-08,Male,<15,28,0
NAS013,2024-08,Male,15-24,88,2
NAS013,2024-08,Male,25-34,90,5
NAS013,2024-08,Male,35-49,62,3
NAS013,2024-08,M,50+,31,0
NAS013,2024-09,Female,<15,27,0
NAS013,2024-09,Female,15-24,92,3
NAS013,2024-09,Female,25-34,79,5
NAS013,2024-09,F,35-49,67,4
NAS013,2024-09,Female,50 and above,26,0
NAS013,2024-09,Male,<15,22,0
NAS013,2024-09,Male,15-24,55,2
NAS013,2024-09,Male,25-34,67,4
NAS013,2024-09,Male,35-49,41,2
NAS013,2024-09,Male,50+,24,0
NAS013,2024-10,F,<15,33,1
NAS013,2024-10,Female,15-24,96,4
NAS013,2024-10,Female,25-34,127,10
NAS013,2024-10,Female,35-49,88,7
NAS013,2024-10,Female,50+,32,1
NAS013,2024-10,M,<15,27,1
NAS013,2024-10,Male,15-24,79,3
NAS013,2024-10,Male,25-34,90,7
NAS013,2024-10,Male,35-49,49,4
NAS013,2024-10,male,50+,26,1
NAS013,2024-11,F,<15,36,1
NAS013,2024-11,F,15-24,96,4
NAS013,2024-11,Female,25-34,118,10
NAS013,2024-11,Female,35-49,98,8
NAS013,2024-11,Female,50+,40,1
NAS013,2024-11,Male,0-14,31,1
NAS013,2024-11,Male,15-24,75,3
NAS013,2024-11,Male,25-34,84,7
NAS013,2024-11,Male,35-49,64,5
NAS013,2024-11,Male,50+,27,1
NAS013,2024-12,Female,<15,35,0
NAS013,2024-12,Female,15-24,96,2
NAS013,2024-12,Female,25-34,100,4
NAS013,2024-12,female,35-49,69,2
NAS013,2024-12,Female,50+,29,0
NAS013,2024-12,M,<15,21,0
NAS013,2024-12,Male,15-24,70,1
NAS013,2024-12,Male,25-34,76,3
NAS013,2024-12,M,35-49,46,1
NAS013,2024-12,Male,50+,25,0
NAS014,2024-01,Female,<15,92,1
NAS014,2024-01,female,15-24,328,6
NAS014,2024-01,Female,25-34,313,12
NAS014,2024-01,Female,35-49,199,8
NAS014,2024-01,Female,50+,113,2
NAS014,2024-01,Male,<15,76,1
NAS014,2024-01,Male,15-24,232,4
NAS014,2024-01,Male,25-34,217,8
NAS014,2024-01,Male,35-49,156,6
NAS014,2024-01,Male,50+,,1
NAS014,2024-02,Female,<15,115,2
NAS014,2024-02,Female,15-24,315,7
NAS014,2024-02,Female,25-34,390,19
NAS014,2024-02,Female,35-49,296,14
NAS014,2024-02,Female,50 and above,132,3
NAS014,2024-02,Male,<15,96,2
NAS014,2024-02,Male,15-24,262,6
NAS014,2024-02,Male,25-34,280,14
NAS014,2024-02,Male,35-49,182,9
NAS014,2024-02,Male,50+,83,2
NAS014,2024-03,female,<15,142,3
NAS014,2024-03,Female,15-24,427,9
NAS014,2024-03,Female,25-34,507,23
NAS014,2024-03,female,35-49,394,18
NAS014,2024-03,Female,50+,144,3
NAS014,2024-03,M,<15,114,2
NAS014,2024-03,male,15-24,359,8
NAS014,2024-03,Male,25-34,359,16
NAS014,2024-03,Male,35-49,213,9
NAS014,2024-03,Male,50+,124,2
NAS014,2024-04,F,<15,86,2
NAS014,2024-04,Female,15-24,295,7
NAS014,2024-04,Female,25-34,304,14
NAS014,2024-04,Female,35-49,242,11
NAS014,2024-04,Female,50+,91,2
NAS014,2024-04,Male,<15,73,1
NAS014,2024-04,Male,15-24,233,5
NAS014,2024-04,Male,25-34,197,9
NAS014,2024-04,Male,35-49,157,7
NAS014,2024-04,Male,50+,76,1
NAS014,2024-05,Female,<15,137,2
NAS014,2024-05,Female,15 - 24,339,5
NAS014,2024-05,F,25-34,384,12
NAS014,2024-05,F,35-49,305,10
NAS014,2024-05,Female,50+,139,2
NAS014,2024-05,Male,<15,106,1
NAS014,2024-05,M,15-24,237,3
NAS014,2024-05,Male,25-34,312,10
NAS014,2024-05,Male,35-49,205,6
NAS014,2024-05,M,50 and above,83,1
NAS014,2024-06,Female,<15,142,2
NAS014,2024-06,Female,15-24,323,4
NAS014,2024-06,Female,25-34,393,11
NAS014,2024-06,Female,35-49,321,9
NAS014,2024-06,Female,50 and above,121,1
NAS014,2024-06,Male,<15,88,1
NAS014,2024-06,Male,15-24,284,4
NAS014,2024-06,Male,25-34,246,7
NAS014,2024-06,Male,35-49,224,6
NAS014,2024-06,Male,50+,100,1
NAS014,2024-07,Female,<15,161,3
NAS014,2024-07,F,15-24,499,11
NAS014,2024-07,Female,25-34,N/A,19
NAS014,2024-07,Female,35-49,386,17
NAS014,2024-07,Female,50+,140,3
NAS014,2024-07,Male,<15,126,2
NAS014,2024-07,Male,15-24,340,7
NAS014,2024-07,Male,25-34,356,16
NAS014,2024-07,Male,35-49,245,11
NAS014,2024-07,Male,50+,110,2
NAS014,2024-08,Female,<15,126,3
NAS014,2024-08,Female,15 - 24,390,9
NAS014,2024-08,Female,25-34,360,17
NAS014,2024-08,Female,35-49,326,16
NAS014,2024-08,Female,50+,155,3
NAS014,2024-08,Male,<15,84,2
NAS014,2024-08,Male,15-24,307,7
NAS014,2024-08,Male,25-34,313,15
NAS014,2024-08,Male,35-49,186,9
NAS014,2024-08,Male,50+,92,2
NAS014,2024-09,Female,<15,122,2
NAS014,2024-09,Female,15-24,373,7
NAS014,2024-09,Female,25-34,376,14
NAS014,2024-09,Female,35-49,278,10
NAS014,2024-09,F,50+,119,2
NAS014,2024-09,Male,<15,99,1
NAS014,2024-09,male,15-24,236,4
NAS014,2024-09,Male,25-34,300,11
NAS014,2024-09,Male,35-49,200,7
NAS014,2024-09,Male,50+,82,1
NAS014,2024-10,Female,<15,115,2
NAS014,2024-10,Female,15-24,343,7
NAS014,2024-10,Female,25-34,439,19
NAS014,2024-10,female,35-49,302,13
NAS014,2024-10,F,50+,130,2
NAS014,2024-10,Male,<15,94,2
NAS014,2024-10,Male,15-24,311,7
NAS014,2024-10,Male,25-34,275,12
NAS014,2024-10,Male,35-49,200,9
NAS014,2024-10,Male,50+,82,1
NAS014,2024-11,Female,<15,132,2
NAS014,2024-11,Female,15-24,372,5
NAS014,2024-11,Female,25-34,353,10
NAS014,2024-11,Female,35-49,256,7
NAS014,2024-11,Female,50+,113,1
NAS014,2024-11,M,<15,89,1
NAS014,2024-11,M,15-24,252,3
NAS014,2024-11,Male,25-34,254,7
NAS014,2024-11,Male,35-49,205,6
NAS014,2024-11,Male,50+,87,1
NAS014,2024-12,F,<15,90,1
NAS014,2024-12,Female,15-24,299,6
NAS014,2024-12,F,25-34,303,12
NAS014,2024-12,F,35-49,244,9
NAS014,2024-12,Female,50+,102,2
NAS014,2024-12,M,<15,87,1
NAS014,2024-12,Male,15-24,206,4
NAS014,2024-12,Male,25-34,218,8
NAS014,2024-12,Male,35-49,157,6
NAS014,2024-12,male,50+,83,1
NAS015,2024-01,Female,0-14,30,1
NAS015,2024-01,Female,15-24,102,3
NAS015,2024-01,Female,25-34,104,7
NAS015,2024-01,Female,35-49,83,6
NAS015,2024-01,Female,50+,36,1
NAS015,2024-01,Male,<15,29,1
NAS015,2024-01,M,15-24,62,2
NAS015,2024-01,male,25-34,74,5
NAS015,2024-01,Male,35-49,62,4
NAS015,2024-01,Male,50+,29,1
NAS015,2024-02,Female,<15,55,1
NAS015,2024-02,Female,15-24,156,5
NAS015,2024-02,Female,25-34,152,10
NAS015,2024-02,Female,35-49,104,7
NAS015,2024-02,Female,50+,60,2
NAS015,2024-02,Male,<15,36,1
NAS015,2024-02,Male,15-24,97,3
NAS015,2024-02,Male,25-34,111,7
NAS015,2024-02,Male,35-49,99,6
NAS015,2024-02,Male,50+,38,1
NAS015,2024-03,Female,<15,61,1
NAS015,2024-03,female,15-24,169,4
NAS015,2024-03,Female,25-34,173,8
NAS015,2024-03,F,35-49,150,7
NAS015,2024-03,Female,50+,60,1
NAS015,2024-03,Male,<15,37,0
NAS015,2024-03,Male,15-24,135,3
NAS015,2024-03,Male,25-34,119,5
NAS015,2024-03,Male,35-49,106,5
NAS015,2024-03,Male,50 and above,47,1
NAS015,2024-04,F,<15,64,1
NAS015,2024-04,Female,15-24,227,5
NAS015,2024-04,F,25-34,200,10
NAS015,2024-04,Female,35-49,176,9
NAS015,2024-04,Female,50+,68,1
NAS015,2024-04,Male,<15,46,1
NAS015,2024-04,M,15-24,152,3
NAS015,2024-04,Male,25-34,152,7
NAS015,2024-04,Male,35-49,124,6
NAS015,2024-04,Male,50+,58,1
NAS015,2024-05,Female,<15,79,3
NAS015,2024-05,Female,15-24,215,10
NAS015,2024-05,Female,25-34,290,27
NAS015,2024-05,female,35-49,188,17
NAS015,2024-05,F,50+,79,3
NAS015,2024-05,M,<15,59,2
NAS015,2024-05,Male,15-24,175,8
NAS015,2024-05,Male,25-34,201,18
NAS015,2024-05,Male,35-49,114,10
NAS015,2024-05,Male,50+,66,3
NAS015,2024-06,Female,0-14,76,3
NAS015,2024-06,Female,15-24,191,9
NAS015,2024-06,Female,25-34,235,23
NAS015,2024-06,Female,35-49,144,14
NAS015,2024-06,F,50 and above,74,3
NAS015,2024-06,Male,<15,60,2
NAS015,2024-06,male,15-24,150,7
NAS015,2024-06,Male,25-34,153,15
NAS015,2024-06,Male,35-49,104,10
NAS015,2024-06,Male,50+,53,2
NAS015,2024-07,Female,<15,55,1
NAS015,2024-07,Female,15-24,163,3
NAS015,2024-07,Female,25-34,171,8
NAS015,2024-07,Female,35-49,136,6
NAS015,2024-07,Female,50+,68,1
NAS015,2024-07,Male,0-14,36,0
NAS015,2024-07,Male,15-24,124,2
NAS015,2024-07,Male,25-34,134,6
NAS015,2024-07,Male,35-49,99,4
NAS015,2024-07,Male,50+,36,0
NAS015,2024-08,F,<15,48,1
NAS015,2024-08,Female,15-24,171,5
NAS015,2024-08,Female,25-34,153,9
NAS015,2024-08,Female,35-49,136,8
NAS015,2024-08,Female,50+,57,1
NAS015,2024-08,Male,<15,38,1
NAS015,2024-08,M,15-24,127,4
NAS015,2024-08,Male,25-34,103,6
NAS015,2024-08,Male,35-49,98,6
NAS015,2024-08,Male,50+,43,1
NAS015,2024-09,F,<15,74,3
NAS015,2024-09,Female,15-24,218,9
NAS015,2024-09,Female,25-34,192,17
NAS015,2024-09,F,35-49,163,14
NAS015,2024-09,Female,50+,61,2
NAS015,2024-09,Male,<15,58,2
NAS015,2024-09,Male,15-24,136,6
NAS015,2024-09,Male,25-34,152,13
NAS015,2024-09,Male,35-49,117,10
NAS015,2024-09,Male,50+,50,2
NAS015,2024-10,female,<15,47,1
NAS015,2024-10,Female,15-24,175,6
NAS015,2024-10,Female,25-34,153,11
NAS015,2024-10,Female,35-49,134,10
NAS015,2024-10,Female,50+,52,2
NAS015,2024-10,Male,<15,39,1
NAS015,2024-10,Male,15-24,103,4
NAS015,2024-10,M,25-34,128,9
NAS015,2024-10,Male,35-49,100,7
NAS015,2024-10,Male,50+,36,1
NAS015,2024-11,Female,<15,59,2
NAS015,2024-11,Female,15-24,145,4
NAS015,2024-11,Female,25-34,182,12
NAS015,2024-11,Female,35-49,116,7
NAS015,2024-11,Female,50+,59,2
NAS015,2024-11,Male,<15,39,1
NAS015,2024-11,male,15-24,118,4
NAS015,2024-11,Male,25-34,130,8
NAS015,2024-11,Male,35-49,84,5
NAS015,2024-11,Male,50+,34,1
NAS015,2024-12,Female,<15,83,2
NAS015,2024-12,Female,15-24,204,6
NAS015,2024-12,Female,25-34,210,12
NAS015,2024-12,female,35-49,148,8
NAS015,2024-12,female,50+,71,2
NAS015,2024-12,Male,<15,51,1
NAS015,2024-12,Male,15-24,146,4
NAS015,2024-12,Male,25-34,156,9
NAS015,2024-12,male,35-49,110,6
NAS015,2024-12,Male,50+,54,1
