facility_id,facility_name,state,lga,report_month,year,month,quarter,hts_tst,hts_tst_pos,tx_new,tx_curr,tx_ml,pmtct_stat,pmtct_stat_pos,pmtct_art,tb_screen,tb_pos,vl_eligible,vl_result_received,vl_suppressed,date_submitted,reported_by
FCT012,MISSION HOSPITAL BWARI II,FCT,BWARI,2022-11-30,2022,11,4,952.0,39.0,29.0,,23,300.0,9,8,2237.0,36,2271.0,1624.0,1396.0,2022-12-11,Data Clerk
FCT008,TEACHING HOSPITAL GWAGWALADA II,FCT,GWAGWALADA,2023-04-30,2023,4,2,773.0,40.0,34.0,5094,42,102.0,1,0,2875.0,41,3722.0,2467.0,2342.0,2023-05-11,Data Clerk
NAS006,PRIMARY HEALTH CENTRE LAFIA II,NASARAWA,LAFIA,2024-01-31,2024,1,1,244.0,6.0,5.0,952,11,58.0,1,0,526.0,6,753.0,520.0,476.0,2024-02-18,Data Clerk
LAG004,COMPREHENSIVE HEALTH CENTRE SURULERE,LAGOS,SURULERE,2022-03-31,2022,3,1,440.0,6.0,4.0,630,8,92.0,0,0,375.0,8,451.0,383.0,358.0,2022-04-15,Facility Focal Person
AKS005,COMPREHENSIVE HEALTH CENTRE ORON,AKWA IBOM,ORON,2022-01-31,2022,1,1,76.0,0.0,0.0,1332,12,18.0,1,0,736.0,19,1145.0,685.0,644.0,2022-02-13,Data Clerk
LAG015,MODEL PRIMARY HEALTH CENTRE BADAGRY II,LAGOS,BADAGRY,2022-05-01,2022,5,2,259.0,13.0,11.0,1141,12,49.0,2,1,923.0,26,777.0,523.0,501.0,2022-06-18,M&E Officer
FCT001,MISSION HOSPITAL AMAC,FCT,AMAC,2022-02-28,2022,2,1,881.0,3.0,2.0,1385,15,212.0,2,1,950.0,13,975.0,908.0,814.0,2022-03-16,Data Clerk
FCT009,MODEL PRIMARY HEALTH CENTRE KUJE II,FCT,KUJE,2023-02-28,2023,2,1,119.0,4.0,3.0,442,5,17.0,2,1,256.0,1,331.0,211.0,193.0,2023-03-13,Data Clerk
KAD012,COMPREHENSIVE HEALTH CENTRE KADUNA SOUTH II,KADUNA,KADUNA SOUTH,2022-07-31,2022,7,3,402.0,4.0,3.0,647,8,91.0,0,0,386.0,9,555.0,306.0,293.0,2022-08-11,Facility Focal Person
NAS004,COTTAGE HOSPITAL AKWANGA,NASARAWA,AKWANGA,2023-09-30,2023,9,3,357.0,15.0,13.0,505,4,70.0,2,1,303.0,5,352.0,318.0,306.0,2023-10-13,Facility Focal Person
NAS004,COTTAGE HOSPITAL AKWANGA,NASARAWA,AKWANGA,2024-06-01,2024,6,2,382.0,16.0,15.0,567,3,120.0,2,1,538.0,12,500.0,306.0,284.0,2024-07-21,M&E Officer
NAS011,MISSION HOSPITAL LAFIA II,NASARAWA,LAFIA,2023-02-01,2023,2,1,979.0,7.0,5.0,2673,15,205.0,1,0,2457.0,40,1887.0,1769.0,1555.0,2023-03-13,Facility Focal Person
KAD014,GENERAL HOSPITAL SABON GARI II,KADUNA,SABON GARI,2023-09-30,2023,9,3,236.0,2.0,1.0,2393,39,70.0,2,1,1466.0,37,1814.0,1108.0,975.0,2023-10-16,M&E Officer
RIV014,COTTAGE HOSPITAL OBIO/AKPOR II,RIVERS,OBIO/AKPOR,2023-05-31,2023,5,2,1383.0,10.0,8.0,635,7,320.0,0,0,528.0,8,577.0,402.0,388.0,2023-06-18,M&E Officer
CRS003,SPECIALIST HOSPITAL OGOJA,CROSS RIVER,OGOJA,2022-01-31,2022,1,1,1071.0,42.0,35.0,5623,113,247.0,9,8,5025.0,100,3883.0,2563.0,2119.0,2022-03-01,Data Clerk
BEN012,COTTAGE HOSPITAL VANDEIKYA II,BENUE,VANDEIKYA,2023-02-28,2023,2,1,610.0,2.0,1.0,458,6,95.0,0,0,291.0,7,420.0,247.0,236.0,2023-03-18,Facility Focal Person
FCT007,SPECIALIST HOSPITAL BWARI II,FCT,BWARI,2022-08-31,2022,8,3,1755.0,37.0,33.0,4470,29,198.0,2,1,4084.0,78,3985.0,3089.0,2670.0,2022-09-16,Data Clerk
NAS010,TEACHING HOSPITAL NASARAWA II,NASARAWA,NASARAWA,2024-01-31,2024,1,1,1764.0,83.0,77.0,5265,19,225.0,10,7,4767.0,86,4608.0,2632.0,2328.0,2024-02-11,M&E Officer
AKS008,PRIMARY HEALTH CENTRE UYO II,AKWA IBOM,UYO,2024-12-31,2024,12,4,81.0,2.0,1.0,95,0,17.0,0,0,55.0,1,68.0,45.0,43.0,2025-01-15,Facility Focal Person
LAG005,MISSION HOSPITAL AGEGE,LAGOS,AGEGE,2022-10-31,2022,10,4,1124.0,30.0,24.0,1580,13,220.0,1,0,1493.0,32,1398.0,1300.0,1182.0,2022-11-11,M&E Officer
BEN012,COTTAGE HOSPITAL VANDEIKYA II,BENUE,VANDEIKYA,2024-09-30,2024,9,3,561.0,7.0,5.0,456,9,175.0,0,0,313.0,6,347.0,286.0,259.0,2024-10-18,Facility Focal Person
CRS006,PRIMARY HEALTH CENTRE CALABAR MUNICIPAL II,CROSS RIVER,CALABAR MUNICIPAL,2023-02-28,2023,2,1,527.0,23.0,21.0,1303,13,112.0,2,1,878.0,17,1049.0,650.0,563.0,2023-03-16,Data Clerk
AKS004,COMPREHENSIVE HEALTH CENTRE ETINAN,AKWA IBOM,ETINAN,2022-02-28,2022,2,1,147.0,6.0,5.0,1012,11,17.0,0,0,884.0,18,754.0,606.0,631.0,2022-03-13,M&E Officer
BEN011,MODEL PRIMARY HEALTH CENTRE KATSINA-ALA II,BENUE,KATSINA-ALA,2023-07-31,2023,7,3,267.0,9.0,6.0,346,6,66.0,2,1,249.0,7,292.0,274.0,241.0,2023-08-11,M&E Officer
AKS011,COMPREHENSIVE HEALTH CENTRE ETINAN II,AKWA IBOM,ETINAN,2022-12-01,2022,12,4,109.0,6.0,4.0,3040,3,27.0,3,2,245.0,5,213.0,149.0,133.0,2023-01-21,M&E Officer
CRS009,COMPREHENSIVE HEALTH CENTRE OBUDU II,CROSS RIVER,OBUDU,2023-04-30,2023,4,2,533.0,22.0,17.0,8280,11,127.0,4,3,541.0,9,678.0,411.0,379.0,2023-05-18,M&E Officer
AKS008,PRIMARY HEALTH CENTRE UYO II,AKWA IBOM,UYO,2022-01-31,2022,1,1,77.0,0.0,0.0,83,0,17.0,0,0,72.0,1,57.0,35.0,29.0,2022-02-15,Facility Focal Person
FCT008,TEACHING HOSPITAL GWAGWALADA II,FCT,GWAGWALADA,2022-08-31,2022,8,3,840.0,50.0,46.0,5303,80,221.0,6,5,3927.0,77,4651.0,4053.0,3350.0,2022-09-21,Facility Focal Person
BEN013,MODEL PRIMARY HEALTH CENTRE MAKURDI II,BENUE,MAKURDI,2022-03-31,2022,3,1,490.0,13.0,12.0,304,2,134.0,2,1,173.0,6,211.0,136.0,122.0,2022-04-16,Data Clerk
FCT011,COTTAGE HOSPITAL AMAC II,FCT,AMAC,2023-05-31,2023,5,2,409.0,14.0,13.0,2183,6,116.0,2,1,1868.0,25,2007.0,1647.0,1492.0,2023-06-13,Facility Focal Person
KAD007,MODEL PRIMARY HEALTH CENTRE KADUNA SOUTH II,KADUNA,KADUNA SOUTH,2024-06-30,2024,6,2,293.0,14.0,10.0,,19,70.0,1,0,1007.0,24,1003.0,627.0,578.0,2024-07-16,M&E Officer
CRS015,MODEL PRIMARY HEALTH CENTRE AKAMKPA II,CROSS RIVER,AKAMKPA,2023-09-30,2023,9,3,97.0,0.0,0.0,521,8,26.0,0,0,392.0,6,448.0,352.0,307.0,2023-10-15,Data Clerk
FCT011,COTTAGE HOSPITAL AMAC II,FCT,AMAC,2022-03-31,2022,3,1,308.0,10.0,7.0,2362,23,74.0,3,2,1369.0,21,1959.0,1797.0,1594.0,2022-04-11,M&E Officer
RIV003,COMPREHENSIVE HEALTH CENTRE KHANA,RIVERS,KHANA,2023-02-28,2023,2,1,205.0,11.0,8.0,1026,15,28.0,1,0,968.0,12,895.0,709.0,671.0,2023-03-13,M&E Officer
RIV006,COTTAGE HOSPITAL ELEME,RIVERS,ELEME,2022-01-31,2022,1,1,893.0,49.0,38.0,2262,37,191.0,6,5,2004.0,45,1948.0,1812.0,1508.0,2022-02-11,Facility Focal Person
FCT007,SPECIALIST HOSPITAL BWARI II,FCT,BWARI,2022-03-31,2022,3,1,1552.0,32.0,27.0,4570,47,292.0,3,2,3240.0,59,4159.0,2719.0,2435.0,2022-04-13,M&E Officer
LAG003,TEACHING HOSPITAL BADAGRY,LAGOS,BADAGRY,2024-03-31,2024,3,1,3384.0,3407.0,123.0,6685,106,477.0,9,7,5705.0,92,5388.0,4374.0,4226.0,2024-04-21,Facility Focal Person
NAS007,GENERAL HOSPITAL KARU II,NASARAWA,KARU,2024-04-30,2024,4,2,761.0,8.0,7.0,2110,18,144.0,1,0,1830.0,28,1735.0,1273.0,1113.0,2024-05-11,M&E Officer
CRS014,COMPREHENSIVE HEALTH CENTRE OBUDU II,CROSS RIVER,OBUDU,2024-12-01,2024,12,4,387.0,6.0,4.0,211,0,90.0,0,0,139.0,3,148.0,89.0,,2025-02-15,M&E Officer
LAG011,COTTAGE HOSPITAL AGEGE II,LAGOS,AGEGE,2022-08-31,2022,8,3,681.0,2.0,1.0,1788,14,190.0,4,3,1608.0,22,1273.0,1105.0,1020.0,2022-09-16,Facility Focal Person
KAD010,COTTAGE HOSPITAL CHIKUN II,KADUNA,CHIKUN,2023-08-31,2023,8,3,246.0,9.0,7.0,968,6,52.0,0,0,914.0,21,890.0,631.0,530.0,2023-09-13,Facility Focal Person
FCT011,COTTAGE HOSPITAL AMAC II,FCT,AMAC,2024-04-30,2024,4,2,459.0,13.0,12.0,2050,23,56.0,2,1,1540.0,36,1773.0,1416.0,1291.0,2024-05-11,Facility Focal Person
NAS003,COTTAGE HOSPITAL KEFFI,NASARAWA,KEFFI,2022-05-31,2022,5,2,265.0,1.0,0.0,,14,79.0,0,0,1202.0,24,1374.0,1104.0,1036.0,2022-06-13,Facility Focal Person
BEN015,PRIMARY HEALTH CENTRE OTUKPO II,BENUE,OTUKPO,2024-09-30,2024,9,3,170.0,6.0,4.0,723,9,38.0,0,0,666.0,16,522.0,316.0,289.0,2024-10-13,Facility Focal Person
KAD004,SPECIALIST HOSPITAL SABON GARI,KADUNA,SABON GARI,2023-06-30,2023,6,2,3433.0,134.0,114.0,4666,46,883.0,21,17,3161.0,62,3226.0,2630.0,2403.0,2023-07-13,M&E Officer
RIV002,TEACHING HOSPITAL OBIO/AKPOR,RIVERS,OBIO/AKPOR,2023-12-31,2023,12,4,1558.0,29.0,28.0,4389,58,386.0,5,3,3433.0,60,4072.0,2665.0,2228.0,2024-01-15,M&E Officer
RIV010,TEACHING HOSPITAL AHOADA EAST II,RIVERS,AHOADA EAST,2022-06-30,2022,6,2,756.0,11.0,-27.0,3307,24,174.0,4,3,2272.0,48,3052.0,2439.0,2092.0,2022-07-21,M&E Officer
NAS013,GENERAL HOSPITAL KEFFI II,NASARAWA,KEFFI,2024-01-31,2024,1,1,556.0,26.0,20.0,1647,4,131.0,4,3,1262.0,25,1296.0,1150.0,1020.0,2024-02-15,Data Clerk
LAG099,GENERAL HOSPITAL CHIKUN II,KADUNA,CHIKUN,2024-05-31,2024,5,2,361.0,11.0,10.0,1573,28,89.0,2,1,950.0,20,1235.0,1100.0,1006.0,2024-06-13,Facility Focal Person
NAS010,TEACHING HOSPITAL NASARAWA II,NASARAWA,NASARAWA,2022-12-31,2022,12,4,1729.0,92.0,77.0,4742,42,175.0,7,6,4148.0,71,3930.0,3193.0,2915.0,2023-01-15,Facility Focal Person
CRS003,SPECIALIST HOSPITAL OGOJA,CROSS RIVER,OGOJA,2022-02-28,2022,2,1,998.0,34.0,24.0,5627,20,289.0,3,2,5115.0,95,4289.0,3445.0,2887.0,2022-03-15,Facility Focal Person
RIV014,COTTAGE HOSPITAL OBIO/AKPOR II,RIVERS,OBIO/AKPOR,2024-03-31,2024,3,1,1017.0,7.0,6.0,667,1,223.0,1,0,487.0,10,595.0,484.0,397.0,2024-04-16,M&E Officer
AKS014,PRIMARY HEALTH CENTRE IKONO II,AKWA IBOM,IKONO,2023-07-31,2023,7,3,287.0,17.0,15.0,617,9,54.0,1,0,489.0,9,458.0,314.0,307.0,2023-08-15,M&E Officer
LAG004,COMPREHENSIVE HEALTH CENTRE SURULERE,LAGOS,SURULERE,2023-09-30,2023,9,3,606.0,8.0,6.0,629,2,146.0,2,1,532.0,8,461.0,372.0,340.0,2023-10-13,Data Clerk
CRS001,MODEL PRIMARY HEALTH CENTRE CALABAR MUNICIPAL,CROSS RIVER,CALABAR MUNICIPAL,2024-07-31,2024,7,3,224.0,5.0,3.0,688,9,62.0,5,3,405.0,4,599.0,449.0,397.0,2024-08-18,Data Clerk
CRS014,COMPREHENSIVE HEALTH CENTRE OBUDU II,CROSS RIVER,OBUDU,2023-01-31,2023,1,1,199.0,6.0,4.0,122,1,24.0,0,0,84.0,2,104.0,86.0,81.0,2023-02-16,Facility Focal Person
BEN002,SPECIALIST HOSPITAL GBOKO,BENUE,GBOKO,2024-10-31,2024,10,4,2790.0,64.0,60.0,4434,43,519.0,3,2,3204.0,61,3042.0,2104.0,1797.0,2024-11-29,M&E Officer
KAD007,MODEL PRIMARY HEALTH CENTRE KADUNA SOUTH II,KADUNA,KADUNA SOUTH,2023-09-30,2023,9,3,255.0,10.0,9.0,1132,8,65.0,2,1,780.0,13,796.0,735.0,648.0,2023-10-13,Facility Focal Person
NAS007,GENERAL HOSPITAL KARU II,NASARAWA,KARU,2022-01-31,2022,1,1,323.0,0.0,0.0,2722,51,80.0,0,0,2018.0,34,2439.0,1564.0,1496.0,2022-02-21,Facility Focal Person
NAS007,GENERAL HOSPITAL KARU II,NASARAWA,KARU,2023-11-30,2023,11,4,751.0,3.0,2.0,2196,28,125.0,2,1,1980.0,36,,1525.0,1490.0,2023-12-11,M&E Officer
AKS009,PRIMARY HEALTH CENTRE IKOT EKPENE II,AKWA IBOM,IKOT EKPENE,2022-09-30,2022,9,3,59.0,2.0,1.0,233,1,18.0,0,0,141.0,2,167.0,118.0,108.0,2022-10-18,M&E Officer
CRS009,COMPREHENSIVE HEALTH CENTRE OBUDU II,CROSS RIVER,OBUDU,2022-01-31,2022,1,1,537.0,15.0,11.0,680,2,79.0,1,0,633.0,16,595.0,543.0,,2022-02-15,Data Clerk
AKS001,COMPREHENSIVE HEALTH CENTRE UYO,AKWA IBOM,UYO,2023-06-30,2023,6,2,861.0,9.0,8.0,321,3,141.0,0,0,183.0,7,226.0,131.0,125.0,2023-07-11,M&E Officer
BEN009,PRIMARY HEALTH CENTRE OTUKPO II,BENUE,OTUKPO,2024-11-30,2024,11,4,201.0,2.0,1.0,426,8,49.0,0,0,284.0,4,368.0,330.0,284.0,2024-12-13,Data Clerk
KAD002,TEACHING HOSPITAL KADUNA SOUTH,KADUNA,KADUNA SOUTH,2023-11-30,2023,11,4,1109.0,19.0,16.0,3820,69,291.0,2,1,2341.0,36,3246.0,2916.0,2650.0,2023-12-21,Facility Focal Person
CRS001,MODEL PRIMARY HEALTH CENTRE CALABAR MUNICIPAL,CROSS RIVER,CALABAR MUNICIPAL,2024-08-31,2024,8,3,227.0,9.0,8.0,692,4,45.0,4,3,440.0,4,570.0,483.0,444.0,2024-09-18,Data Clerk
BEN009,PRIMARY HEALTH CENTRE OTUKPO II,BENUE,OTUKPO,2024-05-31,2024,5,2,315.0,2.0,1.0,434,3,83.0,1,0,336.0,7,333.0,197.0,188.0,2024-06-15,Data Clerk
LAG003,TEACHING HOSPITAL BADAGRY,LAGOS,BADAGRY,2022-10-31,2022,10,4,2180.0,90.0,75.0,6262,30,434.0,6,4,5100.0,100,4551.0,3450.0,3119.0,2022-11-13,M&E Officer
CRS012,MODEL PRIMARY HEALTH CENTRE IKOM II,CROSS RIVER,IKOM,2022-04-30,2022,4,2,258.0,4.0,3.0,830,15,39.0,0,0,575.0,9,755.0,648.0,629.0,2022-05-11,Facility Focal Person
FCT004,MODEL PRIMARY HEALTH CENTRE KUJE,FCT,KUJE,2024-03-31,2024,3,1,405.0,18.0,15.0,1262,7,62.0,1,0,920.0,10,1101.0,739.0,774.0,2024-04-18,Facility Focal Person
NAS011,MISSION HOSPITAL LAFIA II,NASARAWA,LAFIA,2022-11-30,2022,11,4,1178.0,12.0,9.0,2702,23,,2,1,2456.0,36,2127.0,1841.0,1593.0,2022-12-18,Facility Focal Person
RIV005,MISSION HOSPITAL DEGEMA,RIVERS,DEGEMA,2022-10-31,2022,10,4,128.0,3.0,2.0,1478,7,39.0,1,0,1090.0,20,1304.0,1082.0,1018.0,2022-11-13,M&E Officer
KAD012,COMPREHENSIVE HEALTH CENTRE KADUNA SOUTH II,KADUNA,KADUNA SOUTH,2022-05-31,2022,5,2,518.0,12.0,8.0,656,12,98.0,2,1,609.0,11,534.0,374.0,306.0,2022-06-18,Data Clerk
BEN002,SPECIALIST HOSPITAL GBOKO,BENUE,GBOKO,2022-02-01,2022,2,1,1540.0,32.0,26.0,5025,17,343.0,5,4,4601.0,77,3669.0,3369.0,2972.0,2022-03-13,M&E Officer
FCT014,GENERAL HOSPITAL KUJE II,FCT,KUJE,2024-01-01,2024,1,1,970.0,29.0,23.0,2510,16,111.0,0,0,1521.0,18,2295.0,1977.0,1785.0,2024-02-11,Data Clerk
NAS014,TEACHING HOSPITAL AKWANGA II,NASARAWA,AKWANGA,2024-10-31,2024,10,4,2297.0,74.0,73.0,5128,27,719.0,13,10,2918.0,56,4266.0,3521.0,3291.0,2024-11-11,Data Clerk
AKS005,COMPREHENSIVE HEALTH CENTRE ORON,AKWA IBOM,ORON,2022-08-31,2022,8,3,132.0,3.0,2.0,1252,20,38.0,0,0,731.0,10,969.0,770.0,681.0,2022-10-16,Data Clerk
FCT011,COTTAGE HOSPITAL AMAC II,FCT,AMAC,2024-06-30,2024,6,2,4000.0,10.0,9.0,2029,13,87.0,2,1,1853.0,25,,1304.0,1093.0,2024-07-16,Facility Focal Person
RIV011,MODEL PRIMARY HEALTH CENTRE DEGEMA II,RIVERS,DEGEMA,2022-10-31,2022,10,4,318.0,9.0,8.0,872,10,82.0,1,0,583.0,11,662.0,467.0,383.0,2022-11-22,Facility Focal Person
CRS014,COMPREHENSIVE HEALTH CENTRE OBUDU II,CROSS RIVER,OBUDU,2024-11-30,2024,11,4,314.0,6.0,5.0,207,2,43.0,1,0,163.0,3,184.0,158.0,141.0,2024-12-21,Facility Focal Person
NAS012,MISSION HOSPITAL KARU II,NASARAWA,KARU,2023-02-28,2023,2,1,672.0,25.0,22.0,1323,23,119.0,2,1,836.0,8,1147.0,708.0,617.0,2023-03-13,Facility Focal Person
FCT006,MISSION HOSPITAL AMAC II,FCT,AMAC,2022-03-31,2022,3,1,708.0,26.0,23.0,2346,9,117.0,2,1,2029.0,39,2027.0,1826.0,1503.0,2022-04-11,Data Clerk
LAG012,PRIMARY HEALTH CENTRE ALIMOSHO II,LAGOS,ALIMOSHO,2022-07-31,2022,7,3,271.0,16.0,11.0,628,3,31.0,2,1,564.0,14,496.0,455.0,439.0,2022-08-11,Facility Focal Person
BEN014,COMPREHENSIVE HEALTH CENTRE GBOKO II,BENUE,GBOKO,2024-12-31,2024,12,4,630.0,8.0,,740,11,138.0,0,0,534.0,11,590.0,416.0,347.0,2025-01-13,Facility Focal Person
CRS007,MODEL PRIMARY HEALTH CENTRE IKOM II,CROSS RIVER,IKOM,2023-02-28,2023,2,1,109.0,6.0,4.0,308,4,33.0,1,0,236.0,6,232.0,133.0,123.0,2023-03-15,Facility Focal Person
CRS009,COMPREHENSIVE HEALTH CENTRE OBUDU II,CROSS RIVER,OBUDU,2023-09-30,2023,9,3,676.0,21.0,16.0,880,10,145.0,0,0,714.0,9,712.0,620.0,580.0,2023-10-15,Facility Focal Person
LAG008,COTTAGE HOSPITAL LAGOS ISLAND II,LAGOS,LAGOS ISLAND,2022-02-28,2022,2,1,111.0,4.0,3.0,896,2,26.0,1,0,818.0,21,661.0,611.0,559.0,2022-03-11,Data Clerk
KAD005,COTTAGE HOSPITAL CHIKUN,KADUNA,CHIKUN,2024-10-31,2024,10,4,696.0,13.0,12.0,409,5,216.0,1,0,330.0,12,342.0,244.0,204.0,2024-11-11,M&E Officer
KAD002,TEACHING HOSPITAL KADUNA SOUTH,KADUNA,KADUNA SOUTH,2024-10-31,2024,10,4,1242.0,14.0,13.0,3517,36,164.0,3,2,3105.0,56,2895.0,2258.0,1880.0,2024-11-15,M&E Officer
FCT005,PRIMARY HEALTH CENTRE ABAJI,FCT,ABAJI,2023-02-28,2023,2,1,403.0,443.0,9.0,508,8,64.0,0,0,349.0,6,468.0,406.0,385.0,2023-03-13,Facility Focal Person
RIV010,TEACHING HOSPITAL AHOADA EAST II,RIVERS,AHOADA EAST,2023-04-30,2023,4,2,807.0,16.0,12.0,3117,63,109.0,2,1,2359.0,43,2895.0,2449.0,2063.0,2023-05-13,Facility Focal Person
NAS011,MISSION HOSPITAL LAFIA II,NASARAWA,LAFIA,2022-04-30,2022,4,2,785.0,10.0,9.0,,30,78.0,0,0,2014.0,41,2501.0,1921.0,1866.0,2022-05-13,Facility Focal Person
NAS003,COTTAGE HOSPITAL KEFFI,NASARAWA,KEFFI,2024-03-01,2024,3,1,351.0,6.0,4.0,1530,17,72.0,96,0,1232.0,19,1156.0,802.0,658.0,2024-04-18,M&E Officer
BEN011,MODEL PRIMARY HEALTH CENTRE KATSINA-ALA II,BENUE,KATSINA-ALA,2023-09-30,2023,9,3,243.0,8.0,7.0,349,5,73.0,2,1,270.0,6,297.0,195.0,168.0,2023-10-11,Facility Focal Person
BEN007,SPECIALIST HOSPITAL MAKURDI II,BENUE,MAKURDI,2023-12-01,2023,12,4,227.0,5.0,4.0,1945,39,56.0,0,0,1276.0,20,1690.0,1297.0,1207.0,2024-01-13,Data Clerk
CRS003,SPECIALIST HOSPITAL OGOJA,CROSS RIVER,OGOJA,2023-01-31,2023,1,1,1182.0,46.0,40.0,5404,28,232.0,8,7,3872.0,76,4105.0,2285.0,2182.0,2023-02-21,M&E Officer
AKS004,COMPREHENSIVE HEALTH CENTRE ETINAN,AKWA IBOM,ETINAN,2023-01-31,2023,1,1,153.0,5.0,4.0,963,2,46.0,2,1,704.0,12,840.0,772.0,654.0,2023-02-11,Facility Focal Person
FCT004,MODEL PRIMARY HEALTH CENTRE KUJE,FCT,KUJE,2024-08-31,2024,8,3,435.0,13.0,11.0,1240,17,90.0,2,1,789.0,15,1067.0,1003.0,876.0,2024-09-18,Facility Focal Person
KAD014,GENERAL HOSPITAL SABON GARI II,KADUNA,SABON GARI,2022-06-30,2022,6,2,197.0,3.0,2.0,2723,47,25.0,3,2,1562.0,27,2285.0,1995.0,1808.0,2022-07-15,M&E Officer
RIV006,COTTAGE HOSPITAL ELEME,RIVERS,ELEME,2024-08-31,2024,8,3,1217.0,83.0,70.0,2873,15,,8,7,2100.0,48,2631.0,2452.0,2366.0,2024-09-18,Facility Focal Person
AKS003,MODEL PRIMARY HEALTH CENTRE EKET,AKWA IBOM,EKET,2023-02-28,2023,2,1,547.0,10.0,9.0,241,4,75.0,0,0,164.0,1,218.0,165.0,140.0,2023-03-24,Facility Focal Person
AKS002,GENERAL HOSPITAL IKOT EKPENE,AKWA IBOM,IKOT EKPENE,2023-04-30,2023,4,2,200.0,5.0,4.0,625,9,20.0,0,0,565.0,11,445.0,418.0,361.0,2023-05-18,Data Clerk
NAS005,MISSION HOSPITAL NASARAWA,NASARAWA,NASARAWA,2023-04-30,2023,4,2,1200.0,27.0,21.0,441,4,307.0,5,4,263.0,5,311.0,276.0,250.0,2023-05-16,Facility Focal Person
BEN011,MODEL PRIMARY HEALTH CENTRE KATSINA-ALA II,BENUE,KATSINA-ALA,2023-01-31,2023,1,1,170.0,3.0,2.0,331,2,45.0,1,0,244.0,7,248.0,217.0,196.0,2023-03-18,M&E Officer
FCT010,MODEL PRIMARY HEALTH CENTRE ABAJI II,FCT,ABAJI,2022-04-30,2022,4,2,506.0,8.0,7.0,268,3,146.0,3,2,182.0,5,226.0,145.0,130.0,2022-05-18,Facility Focal Person
AKS012,COTTAGE HOSPITAL ORON II,AKWA IBOM,ORON,2023-07-31,2023,7,3,1190.0,41.0,36.0,921,12,319.0,8,7,,14,822.0,512.0,486.0,2023-08-16,Facility Focal Person
AKS005,COMPREHENSIVE HEALTH CENTRE ORON,AKWA IBOM,ORON,2024-12-31,2024,12,4,126.0,1.0,0.0,922,15,25.0,0,0,786.0,21,845.0,487.0,446.0,2025-01-18,M&E Officer
LAG009,MISSION HOSPITAL BADAGRY II,LAGOS,BADAGRY,2022-06-30,2022,6,2,349.0,8.0,6.0,2757,35,97.0,0,0,1543.0,16,2151.0,1727.0,1492.0,2022-07-16,Facility Focal Person
LAG015,MODEL PRIMARY HEALTH CENTRE BADAGRY II,LAGOS,BADAGRY,2022-08-31,2022,8,3,222.0,10.0,7.0,1133,8,47.0,1,0,999.0,17,,686.0,607.0,2022-09-21,Data Clerk
LAG005,MISSION HOSPITAL AGEGE,LAGOS,AGEGE,2022-08-31,2022,8,3,1102.0,37.0,32.0,1561,10,325.0,7,6,894.0,22,1360.0,859.0,813.0,2022-09-16,Facility Focal Person
CRS009,COMPREHENSIVE HEALTH CENTRE OBUDU II,CROSS RIVER,OBUDU,2022-09-30,2022,9,3,585.0,27.0,24.0,776,5,77.0,2,1,488.0,12,691.0,636.0,579.0,2022-10-29,M&E Officer
AKS009,PRIMARY HEALTH CENTRE IKOT EKPENE II,AKWA IBOM,IKOT EKPENE,2022-03-31,2022,3,1,69.0,4.0,3.0,244,1,18.0,0,0,152.0,2,179.0,169.0,139.0,2022-04-11,M&E Officer
LAG014,COTTAGE HOSPITAL LAGOS ISLAND II,LAGOS,LAGOS ISLAND,2022-12-01,2022,12,4,604.0,6.0,4.0,1882,7,99.0,0,0,1364.0,22,1472.0,1033.0,958.0,2023-01-15,Facility Focal Person
AKS009,PRIMARY HEALTH CENTRE IKOT EKPENE II,AKWA IBOM,IKOT EKPENE,2024-07-31,2024,7,3,109.0,6.0,-39.0,232,3,27.0,1,0,137.0,2,190.0,145.0,135.0,2024-08-21,Data Clerk
RIV014,COTTAGE HOSPITAL OBIO/AKPOR II,RIVERS,OBIO/AKPOR,2023-06-30,2023,6,2,1064.0,1085.0,,631,10,193.0,2,1,383.0,8,437.0,288.0,265.0,2023-07-11,M&E Officer
LAG014,COTTAGE HOSPITAL LAGOS ISLAND II,LAGOS,LAGOS ISLAND,2024-10-31,2024,10,4,797.0,14.0,13.0,1596,15,169.0,1,0,1119.0,18,1225.0,1077.0,903.0,2024-11-11,Data Clerk
RIV006,COTTAGE HOSPITAL ELEME,RIVERS,ELEME,2022-12-31,2022,12,4,1080.0,60.0,58.0,2536,10,182.0,4,3,1428.0,26,1802.0,1111.0,982.0,2023-01-13,M&E Officer
FCT001,MISSION HOSPITAL AMAC,FCT,AMAC,2023-01-31,2023,1,1,833.0,,5.0,1287,16,158.0,3,2,927.0,18,931.0,543.0,521.0,2023-02-15,Facility Focal Person
NAS014,TEACHING HOSPITAL AKWANGA II,NASARAWA,AKWANGA,2022-11-30,2022,11,4,2062.0,38.0,31.0,4833,12,453.0,5,4,3954.0,76,3681.0,3157.0,2937.0,2023-01-15,M&E Officer
RIV002,TEACHING HOSPITAL OBIO/AKPOR,RIVERS,OBIO/AKPOR,2023-02-01,2023,2,1,1452.0,21.0,18.0,4740,24,220.0,5,4,3561.0,69,4050.0,2764.0,2633.0,2023-03-29,Facility Focal Person
BEN015,PRIMARY HEALTH CENTRE OTUKPO II,BENUE,OTUKPO,2023-11-30,2023,11,4,112.0,7.0,5.0,752,11,18.0,0,0,664.0,7,607.0,403.0,350.0,2023-12-16,M&E Officer
FCT003,SPECIALIST HOSPITAL GWAGWALADA,FCT,GWAGWALADA,2022-01-31,2022,1,1,231.0,2.0,1.0,6713,61,53.0,0,0,5530.0,95,4864.0,4079.0,3723.0,2022-02-18,Data Clerk
NAS006,PRIMARY HEALTH CENTRE LAFIA II,NASARAWA,LAFIA,2022-06-30,2022,6,2,249.0,4.0,3.0,1016,19,59.0,2,1,878.0,20,912.0,794.0,739.0,2022-07-16,Data Clerk
LAG007,PRIMARY HEALTH CENTRE IKORODU II,LAGOS,IKORODU,2023-03-31,2023,3,1,404.0,12.0,9.0,480,1,123.0,4,3,269.0,6,330.0,235.0,194.0,2023-04-11,Facility Focal Person
KAD001,MODEL PRIMARY HEALTH CENTRE KADUNA NORTH,KADUNA,KADUNA NORTH,2023-11-30,2023,11,4,188.0,8.0,7.0,760,2,31.0,2,1,602.0,10,662.0,609.0,577.0,2023-12-13,M&E Officer
FCT005,PRIMARY HEALTH CENTRE ABAJI,FCT,ABAJI,2022-08-31,2022,8,3,526.0,16.0,14.0,507,8,142.0,1,0,447.0,10,395.0,225.0,200.0,2022-09-15,M&E Officer
RIV008,TEACHING HOSPITAL OBIO/AKPOR II,RIVERS,OBIO/AKPOR,2022-11-30,2022,11,4,1380.0,54.0,53.0,3998,14,432.0,10,9,2661.0,42,3333.0,2253.0,1904.0,2022-12-29,M&E Officer
NAS003,COTTAGE HOSPITAL KEFFI,NASARAWA,KEFFI,2023-12-31,2023,12,4,238.0,1.0,0.0,1584,6,46.0,0,0,1366.0,25,1272.0,1177.0,976.0,2024-01-16,M&E Officer
LAG002,SPECIALIST HOSPITAL LAGOS ISLAND,LAGOS,LAGOS ISLAND,2024-09-30,2024,9,3,2252.0,119.0,101.0,6143,63,499.0,15,13,5213.0,83,5620.0,3862.0,3653.0,2024-10-18,Facility Focal Person
NAS009,COTTAGE HOSPITAL AKWANGA II,NASARAWA,AKWANGA,2024-08-31,2024,8,3,1505.0,16.0,13.0,490,3,475.0,3,2,366.0,6,372.0,353.0,325.0,2024-08-18,Data Clerk
LAG005,MISSION HOSPITAL AGEGE,LAGOS,AGEGE,2022-11-30,2022,11,4,840.0,28.0,25.0,1597,8,163.0,2,1,1465.0,25,1143.0,879.0,775.0,2022-12-15,M&E Officer
BEN012,COTTAGE HOSPITAL VANDEIKYA II,BENUE,VANDEIKYA,2022-03-31,2022,3,1,,1.0,0.0,485,3,108.0,0,0,322.0,6,431.0,262.0,243.0,2022-04-15,Data Clerk
NAS010,TEACHING HOSPITAL NASARAWA II,NASARAWA,NASARAWA,2022-06-30,2022,6,2,2471.0,93.0,80.0,4601,13,391.0,5,4,2576.0,41,,1952.0,1725.0,2022-07-11,Facility Focal Person
LAG014,COTTAGE HOSPITAL LAGOS ISLAND II,LAGOS,LAGOS ISLAND,2022-03-01,2022,3,1,599.0,8.0,7.0,,34,71.0,0,0,1258.0,17,1529.0,866.0,806.0,2022-04-13,M&E Officer
CRS013,MISSION HOSPITAL OGOJA II,CROSS RIVER,OGOJA,2023-05-31,2023,5,2,278.0,3.0,2.0,802,5,69.0,1,0,515.0,9,639.0,,364.0,2023-06-18,Data Clerk
LAG099,SPECIALIST HOSPITAL ALIMOSHO,LAGOS,ALIMOSHO,2023-05-31,2023,5,2,1093.0,23.0,22.0,4987,36,229.0,1,0,3326.0,51,3948.0,2653.0,2591.0,2023-06-16,Facility Focal Person
KAD013,SPECIALIST HOSPITAL ZARIA II,KADUNA,ZARIA,2023-03-31,2023,3,1,1677.0,71.0,69.0,2213,37,498.0,14,11,1984.0,33,1707.0,1167.0,1094.0,2023-04-21,M&E Officer
RIV004,MODEL PRIMARY HEALTH CENTRE AHOADA EAST,RIVERS,AHOADA EAST,2023-09-30,2023,9,3,459.0,12.0,10.0,850,13,56.0,0,0,701.0,11,779.0,559.0,490.0,2023-10-11,Facility Focal Person
RIV013,MISSION HOSPITAL PORT HARCOURT II,RIVERS,PORT HARCOURT,2023-07-31,2023,7,3,678.0,18.0,16.0,2171,22,155.0,2,1,1694.0,36,1927.0,1772.0,1519.0,2023-09-15,Facility Focal Person
AKS015,MISSION HOSPITAL UYO II,AKWA IBOM,UYO,2024-03-31,2024,3,1,682.0,34.0,24.0,2435,16,212.0,8,7,1988.0,41,2244.0,1676.0,1501.0,2024-04-15,M&E Officer
AKS009,PRIMARY HEALTH CENTRE IKOT EKPENE II,AKWA IBOM,IKOT EKPENE,2023-09-30,2023,9,3,103.0,4.0,3.0,223,2,11.0,0,0,143.0,1,178.0,160.0,145.0,2023-10-13,Facility Focal Person
AKS008,PRIMARY HEALTH CENTRE UYO II,AKWA IBOM,UYO,2023-11-30,2023,11,4,69.0,1.0,0.0,84,1,10.0,0,0,61.0,2,69.0,57.0,48.0,2023-12-13,Facility Focal Person
RIV014,COTTAGE HOSPITAL OBIO/AKPOR II,RIVERS,OBIO/AKPOR,2024-07-31,2024,7,3,1119.0,2.0,1.0,662,1,116.0,1,0,526.0,12,612.0,367.0,348.0,2024-08-13,Facility Focal Person
BEN003,GENERAL HOSPITAL OTUKPO,BENUE,OTUKPO,2022-11-30,2022,11,4,503.0,18.0,17.0,,27,138.0,1,0,2300.0,50,2308.0,2024.0,1768.0,2022-12-11,Data Clerk
LAG099,MODEL PRIMARY HEALTH CENTRE KADUNA NORTH,KADUNA,KADUNA NORTH,2023-04-30,2023,4,2,251.0,14.0,12.0,771,6,30.0,0,0,662.0,9,666.0,606.0,516.0,2023-05-22,M&E Officer
NAS004,COTTAGE HOSPITAL AKWANGA,NASARAWA,AKWANGA,2023-11-30,2023,11,4,337.0,23.0,21.0,523,7,55.0,1,0,461.0,8,462.0,344.0,325.0,2023-12-15,Facility Focal Person
CRS014,COMPREHENSIVE HEALTH CENTRE OBUDU II,CROSS RIVER,OBUDU,2022-10-31,2022,10,4,314.0,8.0,7.0,112,1,81.0,2,1,101.0,4,,63.0,57.0,2022-11-18,Data Clerk
LAG010,PRIMARY HEALTH CENTRE SURULERE II,LAGOS,SURULERE,2024-04-30,2024,4,2,529.0,16.0,12.0,957,14,99.0,5,4,536.0,5,878.0,571.0,507.0,2024-05-15,Data Clerk
LAG003,TEACHING HOSPITAL BADAGRY,LAGOS,BADAGRY,2024-06-30,2024,6,2,4346.0,142.0,127.0,6774,55,774.0,13,12,6084.0,103,6042.0,4183.0,3649.0,2024-07-29,Data Clerk
NAS005,MISSION HOSPITAL NASARAWA,NASARAWA,NASARAWA,2024-07-31,2024,7,3,1574.0,45.0,35.0,785,4,306.0,5,3,526.0,5,548.0,405.0,364.0,2024-08-13,M&E Officer
NAS007,GENERAL HOSPITAL KARU II,NASARAWA,KARU,2023-07-31,2023,7,3,941.0,13.0,10.0,2249,27,141.0,0,0,1748.0,28,1985.0,1885.0,1829.0,2023-08-21,Data Clerk
FCT015,COMPREHENSIVE HEALTH CENTRE ABAJI II,FCT,ABAJI,2022-10-31,2022,10,4,89.0,6.0,4.0,841,15,20.0,0,0,662.0,15,749.0,442.0,422.0,2022-11-11,M&E Officer
LAG015,MODEL PRIMARY HEALTH CENTRE BADAGRY II,LAGOS,BADAGRY,2022-12-31,2022,12,4,147.0,4.0,2.0,1106,19,33.0,0,0,785.0,17,927.0,534.0,443.0,2023-01-16,Facility Focal Person
BEN012,COTTAGE HOSPITAL VANDEIKYA II,BENUE,VANDEIKYA,2024-08-01,2024,8,3,572.0,615.0,1.0,460,1,127.0,1,0,316.0,6,328.0,286.0,254.0,2024-09-16,M&E Officer
LAG009,MISSION HOSPITAL BADAGRY II,LAGOS,BADAGRY,2022-04-30,2022,4,2,473.0,16.0,15.0,2822,55,104.0,3,2,1973.0,35,2481.0,1582.0,1533.0,2022-05-15,Facility Focal Person
AKS013,MODEL PRIMARY HEALTH CENTRE ABAK II,AKWA IBOM,ABAK,2024-08-31,2024,8,3,453.0,9.0,7.0,680,3,123.0,4,3,432.0,9,539.0,492.0,435.0,2024-09-11,Data Clerk
AKS005,COMPREHENSIVE HEALTH CENTRE ORON,AKWA IBOM,ORON,2024-08-31,2024,8,3,157.0,1.0,0.0,974,5,36.0,1,0,542.0,6,715.0,595.0,495.0,2024-09-11,Data Clerk
CRS009,COMPREHENSIVE HEALTH CENTRE OBUDU II,CROSS RIVER,OBUDU,2024-09-01,2024,9,3,538.0,16.0,12.0,955,15,111.0,4,3,863.0,20,741.0,543.0,519.0,2024-10-15,M&E Officer
CRS011,COMPREHENSIVE HEALTH CENTRE CALABAR MUNICIPAL II,CROSS RIVER,CALABAR MUNICIPAL,2024-04-30,2024,4,2,396.0,9.0,6.0,486,8,80.0,2,1,444.0,9,394.0,335.0,303.0,2024-05-29,Facility Focal Person
CRS010,COMPREHENSIVE HEALTH CENTRE AKAMKPA II,CROSS RIVER,AKAMKPA,2024-03-31,2024,3,1,67.0,0.0,0.0,359,1,13.0,1,0,204.0,3,267.0,175.0,166.0,2024-04-21,Facility Focal Person
BEN008,TEACHING HOSPITAL GBOKO II,BENUE,GBOKO,2022-03-31,2022,3,1,2391.0,47.0,36.0,6279,34,455.0,5,4,4481.0,85,4874.0,,2616.0,2022-04-15,Facility Focal Person
RIV011,MODEL PRIMARY HEALTH CENTRE DEGEMA II,RIVERS,DEGEMA,2023-01-31,2023,1,1,257.0,16.0,15.0,875,12,41.0,0,0,711.0,10,708.0,446.0,382.0,2023-02-11,Data Clerk
FCT001,MISSION HOSPITAL AMAC,FCT,AMAC,2023-03-31,2023,3,1,706.0,6.0,5.0,1280,8,149.0,0,0,991.0,17,1081.0,937.0,854.0,2023-04-15,Facility Focal Person
CRS009,COMPREHENSIVE HEALTH CENTRE OBUDU II,CROSS RIVER,OBUDU,2022-11-30,2022,11,4,455.0,17.0,11.0,797,1,63.0,0,0,722.0,14,609.0,565.0,536.0,2022-12-18,M&E Officer
CRS002,COMPREHENSIVE HEALTH CENTRE IKOM,CROSS RIVER,IKOM,2024-11-30,2024,11,4,123.0,1.0,0.0,279,3,16.0,1,0,216.0,4,229.0,146.0,129.0,2024-12-11,Data Clerk
RIV010,TEACHING HOSPITAL AHOADA EAST II,RIVERS,AHOADA EAST,2023-06-30,2023,6,2,905.0,22.0,20.0,3122,11,121.0,1,0,2644.0,54,2144.0,1656.0,1446.0,2023-07-15,Facility Focal Person
FCT008,TEACHING HOSPITAL GWAGWALADA II,FCT,GWAGWALADA,2024-06-30,2024,6,2,979.0,52.0,42.0,,69,253.0,11,8,3427.0,77,3681.0,3324.0,2780.0,2024-07-18,M&E Officer
CRS003,SPECIALIST HOSPITAL OGOJA,CROSS RIVER,OGOJA,2022-11-30,2022,11,4,1066.0,26.0,18.0,5422,52,304.0,8,6,3682.0,73,4311.0,2650.0,2229.0,2022-12-13,Facility Focal Person
LAG004,COMPREHENSIVE HEALTH CENTRE SURULERE,LAGOS,SURULERE,2023-04-30,2023,4,2,684.0,7.0,5.0,619,4,167.0,1,0,344.0,3,437.0,270.0,237.0,2023-05-18,M&E Officer
KAD008,MODEL PRIMARY HEALTH CENTRE ZARIA II,KADUNA,ZARIA,2022-10-31,2022,10,4,280.0,14.0,10.0,1211,19,37.0,0,0,862.0,18,915.0,782.0,665.0,2022-11-16,Data Clerk
NAS013,GENERAL HOSPITAL KEFFI II,NASARAWA,KEFFI,2022-06-30,2022,6,2,673.0,24.0,18.0,1629,4,158.0,5,4,936.0,16,1153.0,737.0,711.0,2022-07-21,M&E Officer
RIV004,MODEL PRIMARY HEALTH CENTRE AHOADA EAST,RIVERS,AHOADA EAST,2024-06-30,2024,6,2,618.0,19.0,17.0,846,7,157.0,1,0,,9,698.0,589.0,576.0,2024-07-18,M&E Officer
TMP001,MISSION HOSPITAL AMAC,FCT,AMAC,2024-05-31,2024,5,2,1155.0,13.0,12.0,1176,18,239.0,0,0,817.0,10,906.0,714.0,589.0,2024-06-21,M&E Officer
AKS005,COMPREHENSIVE HEALTH CENTRE ORON,AKWA IBOM,ORON,2022-06-30,2022,6,2,149.0,1.0,0.0,1275,19,29.0,0,0,929.0,11,1072.0,1009.0,942.0,2022-07-16,Data Clerk
AKS001,COMPREHENSIVE HEALTH CENTRE UYO,AKWA IBOM,UYO,2024-10-31,2024,10,4,565.0,6.0,5.0,330,0,135.0,1,0,244.0,3,258.0,244.0,228.0,2024-11-15,Data Clerk
TMP001,SPECIALIST HOSPITAL KHANA II,RIVERS,KHANA,2023-06-30,2023,6,2,435.0,30.0,24.0,2384,22,59.0,1,0,2098.0,37,1652.0,1085.0,1026.0,2023-07-15,Facility Focal Person
AKS005,COMPREHENSIVE HEALTH CENTRE ORON,AKWA IBOM,ORON,2023-02-01,2023,2,1,115.0,1.0,0.0,1167,21,29.0,0,0,950.0,18,917.0,848.0,739.0,2023-03-11,Facility Focal Person
CRS003,SPECIALIST HOSPITAL OGOJA,CROSS RIVER,OGOJA,2024-03-31,2024,3,1,1671.0,56.0,45.0,5180,35,175.0,2,1,4288.0,83,4350.0,3302.0,2723.0,2024-04-18,Facility Focal Person
FCT003,SPECIALIST HOSPITAL GWAGWALADA,FCT,GWAGWALADA,2024-07-31,2024,7,3,763.0,25.0,24.0,5090,45,80.0,2,1,3852.0,71,3762.0,2662.0,2280.0,2024-08-15,Data Clerk
NAS015,SPECIALIST HOSPITAL NASARAWA II,NASARAWA,NASARAWA,2024-11-30,2024,11,4,971.0,47.0,40.0,3397,61,292.0,9,7,2135.0,34,2789.0,2336.0,2283.0,2024-12-11,M&E Officer
NAS999,PRIMARY HEALTH CENTRE OTUKPO II,BENUE,OTUKPO,2024-06-30,2024,6,2,359.0,5.0,3.0,430,7,99.0,2,1,274.0,6,373.0,275.0,262.0,2024-07-13,M&E Officer
LAG005,MISSION HOSPITAL AGEGE,LAGOS,AGEGE,2024-06-30,2024,6,2,1398.0,28.0,19.0,1794,20,166.0,1,0,1455.0,18,1420.0,1055.0,926.0,2024-07-16,M&E Officer
CRS006,PRIMARY HEALTH CENTRE CALABAR MUNICIPAL II,CROSS RIVER,CALABAR MUNICIPAL,2023-04-30,2023,4,2,578.0,18.0,13.0,1310,16,176.0,2,1,1104.0,19,902.0,,553.0,2023-05-29,M&E Officer
AKS011,COMPREHENSIVE HEALTH CENTRE ETINAN II,AKWA IBOM,ETINAN,2023-05-31,2023,5,2,123.0,6.0,4.0,3140,2,22.0,0,0,241.0,5,245.0,169.0,161.0,2023-06-21,Data Clerk
AKS012,COTTAGE HOSPITAL ORON II,AKWA IBOM,ORON,2024-10-31,2024,10,4,1148.0,57.0,45.0,1356,13,275.0,3,2,1051.0,14,1000.0,557.0,459.0,2024-11-11,Facility Focal Person
AKS001,COMPREHENSIVE HEALTH CENTRE UYO,AKWA IBOM,UYO,2023-08-31,2023,8,3,689.0,6.0,5.0,324,4,101.0,3,2,192.0,4,271.0,219.0,210.0,2023-09-13,Facility Focal Person
LAG010,PRIMARY HEALTH CENTRE SURULERE II,LAGOS,SURULERE,2023-06-30,2023,6,2,505.0,20.0,,957,3,121.0,0,0,776.0,14,734.0,476.0,461.0,2023-07-18,Data Clerk
LAG004,COMPREHENSIVE HEALTH CENTRE SURULERE,LAGOS,SURULERE,2023-10-31,2023,10,4,407.0,11.0,10.0,637,2,55.0,0,0,355.0,5,570.0,484.0,430.0,2023-11-18,M&E Officer
CRS007,MODEL PRIMARY HEALTH CENTRE IKOM II,CROSS RIVER,IKOM,2022-04-30,2022,4,2,98.0,4.0,3.0,313,5,11.0,1,0,285.0,6,282.0,244.0,226.0,2022-05-16,Facility Focal Person
TMP001,MISSION HOSPITAL DEGEMA,RIVERS,DEGEMA,2023-10-31,2023,10,4,145.0,,2.0,,11,37.0,0,0,898.0,21,1006.0,836.0,782.0,2023-11-13,Facility Focal Person
AKS013,MODEL PRIMARY HEALTH CENTRE ABAK II,AKWA IBOM,ABAK,2022-12-31,2022,12,4,268.0,9.0,7.0,565,5,50.0,1,0,532.0,13,417.0,303.0,271.0,2023-01-11,Data Clerk
KAD008,MODEL PRIMARY HEALTH CENTRE ZARIA II,KADUNA,ZARIA,2022-08-31,2022,8,3,333.0,16.0,14.0,1219,24,62.0,1,0,700.0,7,931.0,782.0,708.0,2022-09-13,Facility Focal Person
CRS014,COMPREHENSIVE HEALTH CENTRE OBUDU II,CROSS RIVER,OBUDU,2023-08-31,2023,8,3,347.0,3.0,2.0,149,1,79.0,1,0,88.0,0,116.0,83.0,68.0,2023-09-16,Data Clerk
RIV003,COMPREHENSIVE HEALTH CENTRE KHANA,RIVERS,KHANA,2023-03-31,2023,3,1,293.0,11.0,9.0,1032,3,56.0,3,2,969.0,17,854.0,520.0,449.0,2023-04-16,Facility Focal Person
NAS005,MISSION HOSPITAL NASARAWA,NASARAWA,NASARAWA,2022-01-31,2022,1,1,917.0,22.0,20.0,171,1,203.0,1,0,128.0,4,128.0,91.0,79.0,2022-03-01,Data Clerk
NAS002,COTTAGE HOSPITAL KARU,NASARAWA,KARU,2023-10-31,2023,10,4,469.0,7.0,6.0,308,2,143.0,1,0,262.0,3,212.0,118.0,114.0,2023-11-16,M&E Officer
RIV014,COTTAGE HOSPITAL OBIO/AKPOR II,RIVERS,OBIO/AKPOR,2023-10-31,2023,10,4,846.0,12.0,11.0,662,2,87.0,2,1,627.0,13,550.0,434.0,404.0,2023-11-13,Facility Focal Person
NAS012,MISSION HOSPITAL KARU II,NASARAWA,KARU,2023-07-31,2023,7,3,946.0,28.0,27.0,,22,289.0,7,5,831.0,23,930.0,541.0,495.0,2023-08-18,Data Clerk
CRS011,COMPREHENSIVE HEALTH CENTRE CALABAR MUNICIPAL II,CROSS RIVER,CALABAR MUNICIPAL,2022-07-31,2022,7,3,410.0,11.0,8.0,454,4,60.0,2,1,312.0,6,419.0,275.0,264.0,2022-08-21,M&E Officer
NAS014,TEACHING HOSPITAL AKWANGA II,NASARAWA,AKWANGA,2023-07-31,2023,7,3,2626.0,66.0,59.0,4877,36,588.0,3,2,2864.0,43,4079.0,2443.0,2077.0,2023-08-13,Facility Focal Person
BEN004,GENERAL HOSPITAL OKPOKWU,BENUE,OKPOKWU,2024-10-31,2024,10,4,888.0,,8.0,423,6,272.0,0,0,375.0,11,355.0,228.0,190.0,2024-11-21,M&E Officer
BEN010,MODEL PRIMARY HEALTH CENTRE OKPOKWU II,BENUE,OKPOKWU,2023-01-31,2023,1,1,245.0,2.0,1.0,777,5,54.0,0,0,695.0,15,557.0,333.0,317.0,2023-02-11,Facility Focal Person
AKS002,GENERAL HOSPITAL IKOT EKPENE,AKWA IBOM,IKOT EKPENE,2024-11-30,2024,11,4,217.0,3.0,2.0,528,6,23.0,0,0,467.0,4,410.0,,,2024-12-21,Facility Focal Person
RIV014,COTTAGE HOSPITAL OBIO/AKPOR II,RIVERS,OBIO/AKPOR,2023-01-31,2023,1,1,812.0,14.0,12.0,627,11,228.0,1,0,590.0,12,532.0,455.0,394.0,2023-02-15,Facility Focal Person
RIV007,PRIMARY HEALTH CENTRE PORT HARCOURT II,RIVERS,PORT HARCOURT,2024-08-31,2024,8,3,479.0,4.0,3.0,599,7,143.0,1,0,412.0,7,504.0,332.0,303.0,2024-09-11,Facility Focal Person
RIV008,TEACHING HOSPITAL OBIO/AKPOR II,RIVERS,OBIO/AKPOR,2023-04-30,2023,4,2,1499.0,61.0,45.0,4064,39,325.0,9,8,3853.0,69,3086.0,2835.0,2557.0,2023-05-15,Data Clerk
FCT007,SPECIALIST HOSPITAL BWARI II,FCT,BWARI,2023-06-01,2023,6,2,2536.0,37.0,26.0,,68,490.0,6,4,,80,3941.0,3494.0,3198.0,2023-07-13,M&E Officer
CRS002,COMPREHENSIVE HEALTH CENTRE IKOM,CROSS RIVER,IKOM,2022-07-31,2022,7,3,163.0,9.0,7.0,173,1,43.0,0,0,156.0,0,132.0,96.0,88.0,2022-08-15,M&E Officer
RIV009,MISSION HOSPITAL KHANA II,RIVERS,KHANA,2022-04-30,2022,4,2,376.0,2.0,1.0,867,3,100.0,0,0,732.0,15,672.0,548.0,486.0,2022-05-18,Facility Focal Person
KAD014,GENERAL HOSPITAL SABON GARI II,KADUNA,SABON GARI,2024-08-31,2024,8,3,3000.0,10.0,8.0,2152,18,76.0,2,1,1752.0,26,1783.0,1669.0,1414.0,2024-10-16,Facility Focal Person
NAS001,MODEL PRIMARY HEALTH CENTRE LAFIA,NASARAWA,LAFIA,2022-02-28,2022,2,1,138.0,2.0,1.0,506,5,18.0,0,0,430.0,9,367.0,280.0,257.0,2022-03-13,Facility Focal Person
BEN011,MODEL PRIMARY HEALTH CENTRE KATSINA-ALA II,BENUE,KATSINA-ALA,2022-09-30,2022,9,3,218.0,15.0,13.0,324,5,37.0,1,0,284.0,3,226.0,198.0,186.0,2022-10-13,Data Clerk
LAG014,COTTAGE HOSPITAL LAGOS ISLAND II,LAGOS,LAGOS ISLAND,2023-06-30,2023,6,2,662.0,9.0,6.0,1800,12,190.0,2,1,1190.0,21,1282.0,1139.0,1087.0,2023-07-11,Data Clerk
CRS006,PRIMARY HEALTH CENTRE CALABAR MUNICIPAL II,CROSS RIVER,CALABAR MUNICIPAL,2022-12-31,2022,12,4,431.0,19.0,13.0,1290,18,99.0,2,1,1180.0,20,1009.0,610.0,547.0,2023-01-18,Data Clerk
BEN009,PRIMARY HEALTH CENTRE OTUKPO II,BENUE,OTUKPO,2022-03-31,2022,3,1,199.0,3.0,2.0,481,7,42.0,1,0,398.0,4,418.0,309.0,257.0,2022-04-11,Data Clerk
NAS010,TEACHING HOSPITAL NASARAWA II,NASARAWA,NASARAWA,2024-10-31,2024,10,4,2338.0,100.0,85.0,5802,15,418.0,11,9,3397.0,64,4927.0,3497.0,3065.0,2024-11-13,Facility Focal Person
CRS014,COMPREHENSIVE HEALTH CENTRE OBUDU II,CROSS RIVER,OBUDU,2022-08-31,2022,8,3,330.0,1.0,0.0,103,0,40.0,0,0,75.0,0,71.0,47.0,45.0,2022-09-16,Facility Focal Person
CRS014,COMPREHENSIVE HEALTH CENTRE OBUDU II,CROSS RIVER,OBUDU,2024-10-31,2024,10,4,301.0,6.0,4.0,204,3,65.0,1,0,181.0,3,154.0,90.0,77.0,2024-11-15,M&E Officer
KAD011,PRIMARY HEALTH CENTRE KADUNA NORTH II,KADUNA,KADUNA NORTH,2022-12-01,2022,12,4,170.0,5.0,4.0,562,5,52.0,3,2,376.0,13,419.0,303.0,266.0,2023-01-29,Data Clerk
LAG013,SPECIALIST HOSPITAL IKORODU II,LAGOS,IKORODU,2024-02-29,2024,2,1,2312.0,115.0,85.0,6203,66,248.0,5,4,3564.0,68,4908.0,3472.0,2972.0,2024-03-15,Data Clerk
LAG005,MISSION HOSPITAL AGEGE,LAGOS,AGEGE,2023-12-31,2023,12,4,1012.0,28.0,25.0,1763,4,187.0,1,0,1154.0,24,1333.0,1002.0,945.0,2024-01-18,Facility Focal Person
BEN008,TEACHING HOSPITAL GBOKO II,BENUE,GBOKO,2023-01-31,2023,1,1,2365.0,64.0,63.0,6202,12,356.0,7,6,5048.0,88,4360.0,3149.0,2758.0,2023-02-21,M&E Officer
LAG001,PRIMARY HEALTH CENTRE IKORODU,LAGOS,IKORODU,2022-03-31,2022,3,1,460.0,2.0,1.0,185,0,126.0,1,0,168.0,4,140.0,128.0,124.0,2022-04-11,Facility Focal Person
BEN010,MODEL PRIMARY HEALTH CENTRE OKPOKWU II,BENUE,OKPOKWU,2022-12-31,2022,12,4,211.0,4.0,3.0,781,11,44.0,0,0,487.0,4,620.0,498.0,417.0,2023-01-16,M&E Officer
AKS014,PRIMARY HEALTH CENTRE IKONO II,AKWA IBOM,IKONO,2024-06-30,2024,6,2,279.0,10.0,7.0,609,3,34.0,1,0,419.0,6,418.0,265.0,253.0,2024-07-18,Data Clerk
LAG004,COMPREHENSIVE HEALTH CENTRE SURULERE,LAGOS,SURULERE,2023-11-30,2023,11,4,384.0,5.0,4.0,629,12,60.0,2,1,551.0,8,489.0,287.0,258.0,2023-12-13,Facility Focal Person
AKS012,COTTAGE HOSPITAL ORON II,AKWA IBOM,ORON,2023-03-31,2023,3,1,863.0,38.0,37.0,787,9,175.0,3,2,643.0,6,706.0,615.0,547.0,2023-04-11,Facility Focal Person
CRS003,SPECIALIST HOSPITAL OGOJA,CROSS RIVER,OGOJA,2024-07-31,2024,7,3,2120.0,45.0,37.0,5097,41,561.0,10,9,4059.0,65,3858.0,2533.0,2259.0,2024-08-21,Facility Focal Person
BEN014,COMPREHENSIVE HEALTH CENTRE GBOKO II,BENUE,GBOKO,2022-02-01,2022,2,1,322.0,5.0,4.0,908,4,46.0,0,0,809.0,20,763.0,455.0,435.0,2022-03-11,Facility Focal Person
BEN006,PRIMARY HEALTH CENTRE VANDEIKYA,BENUE,VANDEIKYA,2023-05-31,2023,5,2,228.0,9.0,8.0,339,3,58.0,2,1,258.0,6,278.0,258.0,212.0,2023-06-18,Facility Focal Person
NAS010,TEACHING HOSPITAL NASARAWA II,NASARAWA,NASARAWA,2023-03-01,2023,3,1,2009.0,70.0,63.0,,28,384.0,11,8,3492.0,58,4307.0,3905.0,3477.0,2023-04-18,M&E Officer
AKS009,PRIMARY HEALTH CENTRE IKOT EKPENE II,AKWA IBOM,IKOT EKPENE,2022-11-30,2022,11,4,76.0,2.0,1.0,229,4,19.0,0,0,191.0,3,200.0,158.0,129.0,2022-12-21,Data Clerk
FCT015,COMPREHENSIVE HEALTH CENTRE ABAJI II,FCT,ABAJI,2022-03-31,2022,3,1,116.0,4.0,3.0,884,10,13.0,0,0,631.0,9,698.0,649.0,540.0,2022-04-16,Data Clerk
FCT010,MODEL PRIMARY HEALTH CENTRE ABAJI II,FCT,ABAJI,2023-08-31,2023,8,3,503.0,15.0,13.0,387,4,87.0,2,1,304.0,4,270.0,207.0,197.0,2023-09-21,Facility Focal Person
RIV009,MISSION HOSPITAL KHANA II,RIVERS,KHANA,2022-11-30,2022,11,4,350.0,3.0,2.0,829,2,79.0,1,0,708.0,12,638.0,497.0,452.0,2022-12-13,Data Clerk
CRS015,MODEL PRIMARY HEALTH CENTRE AKAMKPA II,CROSS RIVER,AKAMKPA,2024-02-29,2024,2,1,93.0,2.0,1.0,504,1,19.0,0,0,462.0,7,362.0,275.0,241.0,2024-03-16,M&E Officer
XXX999,COMPREHENSIVE HEALTH CENTRE KHANA,RIVERS,KHANA,2024-07-31,2024,7,3,410.0,26.0,25.0,1081,20,51.0,1,0,952.0,24,788.0,730.0,630.0,2024-08-21,Data Clerk
AKS004,COMPREHENSIVE HEALTH CENTRE ETINAN,AKWA IBOM,ETINAN,2024-03-31,2024,3,1,277.0,17.0,15.0,946,12,50.0,1,0,608.0,8,707.0,601.0,524.0,2024-04-11,Facility Focal Person
RIV012,PRIMARY HEALTH CENTRE ELEME II,RIVERS,ELEME,2023-02-28,2023,2,1,458.0,20.0,15.0,923,2,125.0,4,3,605.0,16,819.0,503.0,435.0,2023-03-13,M&E Officer
BEN009,PRIMARY HEALTH CENTRE OTUKPO II,BENUE,OTUKPO,2022-07-31,2022,7,3,245.0,4.0,3.0,478,1,69.0,2,1,324.0,3,331.0,282.0,270.0,2022-08-29,Facility Focal Person
AKS009,PRIMARY HEALTH CENTRE IKOT EKPENE II,AKWA IBOM,IKOT EKPENE,2024-04-30,2024,4,2,83.0,4.0,3.0,225,3,20.0,2,1,139.0,1,158.0,125.0,109.0,2024-05-11,Facility Focal Person
LAG002,SPECIALIST HOSPITAL LAGOS ISLAND,LAGOS,LAGOS ISLAND,2023-12-31,2023,12,4,1934.0,86.0,65.0,,15,496.0,5,3,5518.0,95,5089.0,4507.0,4371.0,2024-02-15,Facility Focal Person
FCT014,GENERAL HOSPITAL KUJE II,FCT,KUJE,2022-05-31,2022,5,2,1149.0,28.0,25.0,2485,43,300.0,9,8,1771.0,34,1848.0,1648.0,1397.0,2022-06-13,M&E Officer
RIV005,MISSION HOSPITAL DEGEMA,RIVERS,DEGEMA,2022-08-01,2022,8,3,149.0,,4.0,1484,18,30.0,1,0,1117.0,18,1115.0,668.0,554.0,2022-09-16,Data Clerk
NAS002,COTTAGE HOSPITAL KARU,NASARAWA,KARU,2022-10-31,2022,10,4,381.0,4.0,2.0,311,5,109.0,0,0,277.0,4,244.0,144.0,122.0,2022-11-11,Data Clerk
LAG005,MISSION HOSPITAL AGEGE,LAGOS,AGEGE,2023-06-30,2023,6,2,1647.0,49.0,44.0,1651,15,500.0,6,4,1051.0,16,1216.0,845.0,781.0,2023-07-13,Data Clerk
LAG014,COTTAGE HOSPITAL LAGOS ISLAND II,LAGOS,LAGOS ISLAND,2022-09-01,2022,9,3,647.0,12.0,9.0,1923,37,141.0,0,0,1444.0,29,1348.0,1000.0,911.0,2022-10-18,Facility Focal Person
CRS005,TEACHING HOSPITAL AKAMKPA,CROSS RIVER,AKAMKPA,2022-04-30,2022,4,2,908.0,26.0,24.0,4604,84,146.0,3,2,2763.0,60,3176.0,2885.0,2503.0,2022-05-16,M&E Officer
NAS008,COMPREHENSIVE HEALTH CENTRE KEFFI II,NASARAWA,KEFFI,2024-04-30,2024,4,2,93.0,1.0,0.0,775,3,29.0,0,0,627.0,10,603.0,380.0,325.0,2024-05-13,Facility Focal Person
FCT006,MISSION HOSPITAL AMAC II,FCT,AMAC,2022-06-30,2022,6,2,627.0,18.0,14.0,2319,45,70.0,0,0,1513.0,24,1848.0,1735.0,1455.0,2022-07-13,M&E Officer
RIV008,TEACHING HOSPITAL OBIO/AKPOR II,RIVERS,OBIO/AKPOR,2022-09-30,2022,9,3,1521.0,73.0,60.0,4000,29,391.0,14,10,3251.0,50,2825.0,2110.0,2041.0,2022-10-13,Data Clerk
CRS004,COMPREHENSIVE HEALTH CENTRE OBUDU,CROSS RIVER,OBUDU,2024-11-30,2024,11,4,215.0,7.0,6.0,463,7,31.0,1,0,423.0,9,411.0,387.0,322.0,2024-12-29,Facility Focal Person
KAD013,SPECIALIST HOSPITAL ZARIA II,KADUNA,ZARIA,2022-09-30,2022,9,3,2218.0,76.0,65.0,1882,30,436.0,13,12,1461.0,28,1493.0,978.0,939.0,2022-10-16,Facility Focal Person
RIV010,TEACHING HOSPITAL AHOADA EAST II,RIVERS,AHOADA EAST,2022-08-31,2022,8,3,877.0,12.0,10.0,3238,43,246.0,0,0,2295.0,34,2572.0,1934.0,1681.0,2022-09-16,M&E Officer
AKS002,GENERAL HOSPITAL IKOT EKPENE,AKWA IBOM,IKOT EKPENE,2024-02-29,2024,2,1,272.0,0.0,0.0,581,1,28.0,1,0,,3,467.0,421.0,378.0,2024-03-13,Facility Focal Person
NAS011,MISSION HOSPITAL LAFIA II,NASARAWA,LAFIA,2023-12-31,2023,12,4,1032.0,11.0,8.0,2473,39,196.0,2,1,2159.0,37,1716.0,1202.0,1096.0,2024-01-21,Data Clerk
FCT009,MODEL PRIMARY HEALTH CENTRE KUJE II,FCT,KUJE,2023-04-30,2023,4,2,158.0,12.0,10.0,457,4,37.0,2,1,315.0,3,377.0,295.0,246.0,2023-05-16,Data Clerk
NAS002,COTTAGE HOSPITAL KARU,NASARAWA,KARU,2023-05-31,2023,5,2,511.0,4.0,2.0,303,4,103.0,1,0,279.0,2,267.0,233.0,215.0,2023-06-18,M&E Officer
KAD006,SPECIALIST HOSPITAL KADUNA NORTH II,KADUNA,KADUNA NORTH,2023-07-31,2023,7,3,2240.0,30.0,26.0,1659,8,318.0,2,1,1570.0,28,1520.0,,1171.0,2023-08-15,Facility Focal Person
LAG015,MODEL PRIMARY HEALTH CENTRE BADAGRY II,LAGOS,BADAGRY,2022-02-28,2022,2,1,207.0,11.0,9.0,1142,21,31.0,3,2,982.0,12,883.0,735.0,663.0,2022-03-18,Facility Focal Person
RIV002,TEACHING HOSPITAL OBIO/AKPOR,RIVERS,OBIO/AKPOR,2023-09-30,2023,9,3,1944.0,34.0,28.0,4498,87,443.0,11,8,3774.0,63,3575.0,2801.0,2531.0,2023-10-13,Facility Focal Person
AKS003,MODEL PRIMARY HEALTH CENTRE EKET,AKWA IBOM,EKET,2024-01-31,2024,1,1,501.0,5.0,4.0,383,6,134.0,1,0,284.0,5,288.0,207.0,181.0,2024-02-16,M&E Officer
AKS004,COMPREHENSIVE HEALTH CENTRE ETINAN,AKWA IBOM,ETINAN,2024-08-31,2024,8,3,239.0,,5.0,937,18,67.0,1,0,572.0,9,813.0,610.0,551.0,2024-09-18,Facility Focal Person
NAS004,COTTAGE HOSPITAL AKWANGA,NASARAWA,AKWANGA,2022-09-01,2022,9,3,295.0,8.0,6.0,449,5,89.0,4,3,273.0,4,349.0,299.0,273.0,2022-10-15,Facility Focal Person
CRS004,COMPREHENSIVE HEALTH CENTRE OBUDU,CROSS RIVER,OBUDU,2022-04-30,2022,4,2,203.0,4.0,3.0,465,1,32.0,1,0,277.0,5,326.0,214.0,189.0,2022-05-29,Facility Focal Person
RIV009,MISSION HOSPITAL KHANA II,RIVERS,KHANA,2024-11-30,2024,11,4,446.0,7.0,6.0,762,3,89.0,0,0,507.0,8,644.0,469.0,389.0,2024-12-18,Data Clerk
NAS009,COTTAGE HOSPITAL AKWANGA II,NASARAWA,AKWANGA,2024-11-30,2024,11,4,1065.0,2.0,1.0,485,5,316.0,1,0,414.0,10,357.0,332.0,280.0,2024-12-11,Facility Focal Person
LAG013,SPECIALIST HOSPITAL IKORODU II,LAGOS,IKORODU,2024-12-31,2024,12,4,2501.0,118.0,99.0,6392,67,793.0,24,18,5106.0,92,5706.0,4031.0,3348.0,2025-01-16,Facility Focal Person
KAD003,MISSION HOSPITAL ZARIA,KADUNA,ZARIA,2023-02-28,2023,2,1,1168.0,66.0,50.0,2641,30,351.0,9,7,2415.0,45,2377.0,1888.0,1708.0,2023-03-16,Facility Focal Person
KAD014,GENERAL HOSPITAL SABON GARI II,KADUNA,SABON GARI,2023-01-31,2023,1,1,164.0,2.0,1.0,2575,15,34.0,0,0,2050.0,34,1834.0,1351.0,1115.0,2023-02-11,Data Clerk
LAG010,PRIMARY HEALTH CENTRE SURULERE II,LAGOS,SURULERE,2024-11-30,2024,11,4,377.0,17.0,16.0,1007,7,87.0,2,1,743.0,19,715.0,651.0,573.0,2024-12-18,Facility Focal Person
RIV006,COTTAGE HOSPITAL ELEME,RIVERS,ELEME,2022-02-28,2022,2,1,1032.0,46.0,36.0,2260,38,166.0,8,6,1978.0,35,1768.0,1498.0,1389.0,2022-03-16,M&E Officer
CRS009,COMPREHENSIVE HEALTH CENTRE OBUDU II,CROSS RIVER,OBUDU,2024-04-01,2024,4,2,465.0,26.0,22.0,922,10,69.0,3,2,792.0,9,663.0,431.0,420.0,2024-05-29,Data Clerk
KAD014,GENERAL HOSPITAL SABON GARI II,KADUNA,SABON GARI,2023-08-31,2023,8,3,241.0,10.0,9.0,2431,44,50.0,1,0,1922.0,30,1689.0,947.0,843.0,2023-09-18,M&E Officer
BEN001,MISSION HOSPITAL MAKURDI,BENUE,MAKURDI,2024-12-31,2024,12,4,1118.0,10.0,9.0,,30,323.0,2,1,1072.0,15,1286.0,743.0,692.0,2025-01-13,Data Clerk
RIV002,TEACHING HOSPITAL OBIO/AKPOR,RIVERS,OBIO/AKPOR,2023-07-31,2023,7,3,2114.0,30.0,25.0,4590,72,627.0,6,4,2754.0,52,3601.0,3400.0,2941.0,2023-08-13,M&E Officer
NAS004,COTTAGE HOSPITAL AKWANGA,NASARAWA,AKWANGA,2024-04-30,2024,4,2,413.0,14.0,11.0,556,2,41.0,0,0,487.0,7,503.0,293.0,249.0,2024-06-15,Facility Focal Person
AKS005,COMPREHENSIVE HEALTH CENTRE ORON,AKWA IBOM,ORON,2022-07-31,2022,7,3,137.0,2.0,1.0,1270,6,17.0,0,0,856.0,15,1021.0,717.0,678.0,2022-08-16,M&E Officer
KAD004,SPECIALIST HOSPITAL SABON GARI,KADUNA,SABON GARI,2023-12-31,2023,12,4,2261.0,91.0,69.0,4831,25,723.0,20,17,2995.0,50,4199.0,2451.0,2371.0,2024-01-11,Data Clerk
LAG009,MISSION HOSPITAL BADAGRY II,LAGOS,BADAGRY,2024-11-30,2024,11,4,,6.0,5.0,,9,110.0,1,0,2063.0,38,1625.0,1376.0,1254.0,2024-12-15,M&E Officer
LAG012,PRIMARY HEALTH CENTRE ALIMOSHO II,LAGOS,ALIMOSHO,2023-08-31,2023,8,3,,3.0,2.0,638,7,78.0,1,0,468.0,6,493.0,346.0,332.0,2023-09-13,Facility Focal Person
AKS009,PRIMARY HEALTH CENTRE IKOT EKPENE II,AKWA IBOM,IKOT EKPENE,2022-10-31,2022,10,4,60.0,1.0,0.0,232,1,17.0,1,0,138.0,7,169.0,135.0,116.0,2022-11-15,Data Clerk
NAS001,MODEL PRIMARY HEALTH CENTRE LAFIA,NASARAWA,LAFIA,2023-09-30,2023,9,3,199.0,1.0,0.0,428,7,56.0,0,0,383.0,5,353.0,315.0,290.0,2023-10-13,Facility Focal Person
KAD002,TEACHING HOSPITAL KADUNA SOUTH,KADUNA,KADUNA SOUTH,2024-09-01,2024,9,3,,11.0,10.0,3540,53,486.0,2,1,,32,3220.0,2813.0,2670.0,2024-10-13,Facility Focal Person
NAS005,MISSION HOSPITAL NASARAWA,NASARAWA,NASARAWA,2024-08-31,2024,8,3,1530.0,29.0,23.0,795,13,288.0,2,1,742.0,9,640.0,533.0,506.0,2024-10-16,Data Clerk
AKS007,TEACHING HOSPITAL IKONO,AKWA IBOM,IKONO,2023-12-31,2023,12,4,680.0,5.0,3.0,5524,109,,0,0,4807.0,83,3831.0,2847.0,2705.0,2024-01-13,Data Clerk
KAD005,COTTAGE HOSPITAL CHIKUN,KADUNA,CHIKUN,2023-04-01,2023,4,2,509.0,8.0,6.0,315,2,106.0,1,0,209.0,3,256.0,192.0,169.0,2023-05-15,Data Clerk
AKS012,COTTAGE HOSPITAL ORON II,AKWA IBOM,ORON,2023-08-31,2023,8,3,1155.0,42.0,36.0,939,18,185.0,4,3,823.0,14,776.0,615.0,569.0,2023-09-11,M&E Officer
RIV002,TEACHING HOSPITAL OBIO/AKPOR,RIVERS,OBIO/AKPOR,2023-11-30,2023,11,4,1485.0,28.0,23.0,4419,88,183.0,3,2,2509.0,54,3912.0,3445.0,2943.0,2024-01-15,Data Clerk
AKS011,COMPREHENSIVE HEALTH CENTRE ETINAN II,AKWA IBOM,ETINAN,2024-04-30,2024,4,2,121.0,14.0,11.0,338,1,19.0,1,0,295.0,5,238.0,144.0,130.0,2024-05-15,Data Clerk
RIV004,MODEL PRIMARY HEALTH CENTRE AHOADA EAST,RIVERS,AHOADA EAST,2024-12-01,2024,12,4,455.0,12.0,11.0,856,8,100.0,2,1,510.0,5,600.0,342.0,295.0,2025-01-15,M&E Officer
KAD001,MODEL PRIMARY HEALTH CENTRE KADUNA NORTH,KADUNA,KADUNA NORTH,2022-01-31,2022,1,1,150.0,8.0,7.0,811,2,18.0,0,0,455.0,11,720.0,607.0,531.0,2022-02-13,Facility Focal Person
RIV011,MODEL PRIMARY HEALTH CENTRE DEGEMA II,RIVERS,DEGEMA,2022-08-31,2022,8,3,271.0,19.0,14.0,874,6,79.0,1,0,503.0,8,643.0,370.0,338.0,2022-09-15,M&E Officer
NAS013,GENERAL HOSPITAL KEFFI II,NASARAWA,KEFFI,2024-10-31,2024,10,4,652.0,40.0,30.0,1684,32,79.0,6,5,1244.0,24,1203.0,1075.0,1016.0,2024-11-18,Data Clerk
LAG001,PRIMARY HEALTH CENTRE IKORODU,LAGOS,IKORODU,2022-06-30,2022,6,2,530.0,11.0,,211,2,128.0,1,0,159.0,3,189.0,118.0,99.0,2022-07-21,M&E Officer
LAG006,SPECIALIST HOSPITAL ALIMOSHO,LAGOS,ALIMOSHO,2024-01-31,2024,1,1,685.0,9.0,8.0,4638,56,105.0,0,0,3700.0,80,3528.0,2699.0,,2024-02-29,M&E Officer
LAG004,COMPREHENSIVE HEALTH CENTRE SURULERE,LAGOS,SURULERE,2023-12-31,2023,12,4,548.0,7.0,5.0,623,11,103.0,3,2,465.0,10,511.0,338.0,285.0,2024-01-21,Data Clerk
FCT009,MODEL PRIMARY HEALTH CENTRE KUJE II,FCT,KUJE,2023-09-30,2023,9,3,132.0,8.0,7.0,465,5,35.0,3,2,280.0,7,408.0,384.0,352.0,2023-10-13,Facility Focal Person
NAS005,MISSION HOSPITAL NASARAWA,NASARAWA,NASARAWA,2022-09-30,2022,9,3,1214.0,25.0,21.0,324,0,339.0,3,2,297.0,5,222.0,143.0,128.0,2022-10-13,Facility Focal Person
AKS015,MISSION HOSPITAL UYO II,AKWA IBOM,UYO,2024-11-30,2024,11,4,879.0,36.0,31.0,,14,188.0,191,4,2125.0,28,2197.0,1437.0,1324.0,2024-12-16,M&E Officer
KAD010,COTTAGE HOSPITAL CHIKUN II,KADUNA,CHIKUN,2022-04-30,2022,4,2,244.0,13.0,12.0,946,7,28.0,0,0,858.0,17,655.0,472.0,455.0,2022-05-18,Data Clerk
CRS012,MODEL PRIMARY HEALTH CENTRE IKOM II,CROSS RIVER,IKOM,2022-01-31,2022,1,1,287.0,4.0,3.0,850,3,69.0,0,0,591.0,11,772.0,654.0,627.0,2022-02-11,M&E Officer
CRS007,MODEL PRIMARY HEALTH CENTRE IKOM II,CROSS RIVER,IKOM,2022-08-31,2022,8,3,110.0,3.0,2.0,315,1,12.0,0,0,239.0,1,249.0,,173.0,2022-09-16,Data Clerk
NAS002,COTTAGE HOSPITAL KARU,NASARAWA,KARU,2024-08-01,2024,8,3,508.0,1.0,0.0,291,5,159.0,1,0,161.0,2,225.0,209.0,189.0,2024-09-11,M&E Officer
FCT005,PRIMARY HEALTH CENTRE ABAJI,FCT,ABAJI,2023-09-30,2023,9,3,477.0,12.0,9.0,538,5,137.0,2,1,311.0,5,455.0,278.0,251.0,2023-10-13,M&E Officer
AKS013,MODEL PRIMARY HEALTH CENTRE ABAK II,AKWA IBOM,ABAK,2022-01-31,2022,1,1,292.0,12.0,11.0,493,9,68.0,0,0,440.0,7,401.0,333.0,311.0,2022-02-16,Facility Focal Person
FCT014,GENERAL HOSPITAL KUJE II,FCT,KUJE,2023-03-31,2023,3,1,1063.0,61.0,53.0,,26,333.0,6,5,2272.0,40,1759.0,1113.0,934.0,2023-04-13,Data Clerk
RIV002,TEACHING HOSPITAL OBIO/AKPOR,RIVERS,OBIO/AKPOR,2022-09-30,2022,9,3,2180.0,47.0,41.0,,82,472.0,4,3,3715.0,69,4220.0,3580.0,3110.0,2022-10-11,Facility Focal Person
FCT012,MISSION HOSPITAL BWARI II,FCT,BWARI,2023-12-31,2023,12,4,766.0,20.0,17.0,2858,9,176.0,2,1,2580.0,52,2095.0,1225.0,1153.0,2024-01-29,Data Clerk
KAD014,GENERAL HOSPITAL SABON GARI II,KADUNA,SABON GARI,2022-02-28,2022,2,1,,7.0,5.0,2848,43,,2,1,2128.0,32,2310.0,1744.0,1463.0,2022-03-15,Data Clerk
NAS012,MISSION HOSPITAL KARU II,NASARAWA,KARU,2022-05-31,2022,5,2,842.0,17.0,14.0,1331,22,138.0,4,3,1072.0,16,1011.0,762.0,716.0,2022-06-16,Facility Focal Person
KAD007,MODEL PRIMARY HEALTH CENTRE KADUNA SOUTH II,KADUNA,KADUNA SOUTH,2023-11-30,2023,11,4,239.0,5.0,4.0,1128,9,45.0,1,0,790.0,16,,665.0,647.0,2023-12-16,M&E Officer
LAG012,PRIMARY HEALTH CENTRE ALIMOSHO II,LAGOS,ALIMOSHO,2022-03-31,2022,3,1,226.0,10.0,9.0,604,2,36.0,1,0,518.0,11,417.0,264.0,223.0,2022-04-15,Facility Focal Person
CRS007,MODEL PRIMARY HEALTH CENTRE IKOM II,CROSS RIVER,IKOM,2023-03-31,2023,3,1,120.0,1.0,0.0,303,5,36.0,1,0,173.0,3,216.0,147.0,133.0,2023-04-21,M&E Officer
AKS002,GENERAL HOSPITAL IKOT EKPENE,AKWA IBOM,IKOT EKPENE,2024-10-31,2024,10,4,257.0,3.0,2.0,532,2,57.0,0,0,362.0,7,484.0,444.0,422.0,2024-11-18,M&E Officer
CRS001,MODEL PRIMARY HEALTH CENTRE CALABAR MUNICIPAL,CROSS RIVER,CALABAR MUNICIPAL,2024-01-31,2024,1,1,203.0,12.0,10.0,689,5,58.0,2,1,597.0,14,480.0,312.0,296.0,2024-02-13,Facility Focal Person
BEN002,SPECIALIST HOSPITAL GBOKO,BENUE,GBOKO,2023-02-28,2023,2,1,2502.0,39.0,35.0,4616,89,755.0,7,6,2964.0,56,3264.0,2748.0,2542.0,2023-03-16,Data Clerk
BEN012,COTTAGE HOSPITAL VANDEIKYA II,BENUE,VANDEIKYA,2024-03-31,2024,3,1,512.0,3.0,2.0,455,7,77.0,0,0,412.0,9,326.0,292.0,272.0,2024-04-15,M&E Officer
FCT011,COTTAGE HOSPITAL AMAC II,FCT,AMAC,2022-04-01,2022,4,2,324.0,22.0,20.0,2343,39,65.0,4,3,1777.0,32,2159.0,1834.0,1527.0,2022-05-13,M&E Officer
RIV004,MODEL PRIMARY HEALTH CENTRE AHOADA EAST,RIVERS,AHOADA EAST,2023-11-30,2023,11,4,412.0,12.0,,851,11,80.0,0,0,519.0,12,668.0,397.0,368.0,2023-12-29,Facility Focal Person
RIV001,MODEL PRIMARY HEALTH CENTRE PORT HARCOURT,RIVERS,PORT HARCOURT,2022-12-31,2022,12,4,99.0,1.0,0.0,1035,21,20.0,0,0,838.0,18,730.0,592.0,492.0,2023-01-13,M&E Officer
BEN003,GENERAL HOSPITAL OTUKPO,BENUE,OTUKPO,2024-11-30,2024,11,4,573.0,24.0,21.0,2294,20,64.0,2,1,2051.0,52,2006.0,1301.0,1222.0,2024-12-29,Facility Focal Person
AKS005,COMPREHENSIVE HEALTH CENTRE ORON,AKWA IBOM,ORON,2023-11-30,2023,11,4,123.0,1.0,0.0,1069,13,23.0,0,0,858.0,14,750.0,444.0,433.0,2023-12-16,M&E Officer
BEN001,MISSION HOSPITAL MAKURDI,BENUE,MAKURDI,2023-12-31,2023,12,4,806.0,4.0,3.0,1808,24,118.0,0,0,1091.0,25,1639.0,934.0,839.0,2024-01-18,M&E Officer
RIV009,MISSION HOSPITAL KHANA II,RIVERS,KHANA,2024-05-31,2024,5,2,544.0,6.0,,775,5,171.0,3,2,,10,639.0,414.0,404.0,2024-06-21,Data Clerk
RIV008,TEACHING HOSPITAL OBIO/AKPOR II,RIVERS,OBIO/AKPOR,2023-07-31,2023,7,3,1599.0,84.0,76.0,4050,76,367.0,8,6,3383.0,60,3264.0,2768.0,2315.0,2023-08-21,Facility Focal Person
FCT009,MODEL PRIMARY HEALTH CENTRE KUJE II,FCT,KUJE,2022-10-31,2022,10,4,137.0,,6.0,445,4,35.0,2,1,255.0,5,318.0,216.0,,2022-11-21,M&E Officer
FCT014,GENERAL HOSPITAL KUJE II,FCT,KUJE,2022-04-30,2022,4,2,1194.0,40.0,34.0,2503,39,275.0,7,6,1555.0,31,1875.0,1163.0,1040.0,2022-05-15,Data Clerk
RIV011,MODEL PRIMARY HEALTH CENTRE DEGEMA II,RIVERS,DEGEMA,2023-04-30,2023,4,2,387.0,13.0,9.0,880,5,85.0,2,1,597.0,9,642.0,560.0,464.0,2023-05-15,M&E Officer
NAS005,MISSION HOSPITAL NASARAWA,NASARAWA,NASARAWA,2024-12-31,2024,12,4,1514.0,44.0,42.0,866,16,266.0,1,0,805.0,10,741.0,462.0,427.0,2025-01-29,Data Clerk
AKS003,MODEL PRIMARY HEALTH CENTRE EKET,AKWA IBOM,EKET,2022-09-30,2022,9,3,545.0,19.0,16.0,209,0,100.0,1,0,160.0,2,169.0,104.0,98.0,2022-10-21,Data Clerk
BEN002,SPECIALIST HOSPITAL GBOKO,BENUE,GBOKO,2022-01-31,2022,1,1,1974.0,15.0,10.0,5016,100,542.0,2,1,3058.0,52,3467.0,2739.0,2415.0,2022-02-18,Data Clerk
FCT004,MODEL PRIMARY HEALTH CENTRE KUJE,FCT,KUJE,2023-04-30,2023,4,2,336.0,16.0,15.0,1301,22,75.0,0,0,1130.0,25,1081.0,600.0,551.0,2023-05-16,Facility Focal Person
NAS006,PRIMARY HEALTH CENTRE LAFIA II,NASARAWA,LAFIA,2022-08-01,2022,8,3,281.0,12.0,9.0,1009,4,29.0,1,0,778.0,16,814.0,667.0,566.0,2022-09-13,M&E Officer
BEN008,TEACHING HOSPITAL GBOKO II,BENUE,GBOKO,2023-12-31,2023,12,4,1785.0,47.0,45.0,6301,102,257.0,2,1,4214.0,67,4696.0,3125.0,2615.0,2024-01-16,M&E Officer
FCT006,MISSION HOSPITAL AMAC II,FCT,AMAC,2024-10-31,2024,10,4,700.0,21.0,18.0,2124,32,75.0,1,0,1255.0,21,1616.0,1490.0,1239.0,2024-11-18,Facility Focal Person
LAG010,PRIMARY HEALTH CENTRE SURULERE II,LAGOS,SURULERE,2022-06-30,2022,6,2,,16.0,13.0,914,9,63.0,2,1,,6,642.0,383.0,368.0,2022-07-16,M&E Officer
NAS009,COTTAGE HOSPITAL AKWANGA II,NASARAWA,AKWANGA,2024-02-29,2024,2,1,1195.0,11.0,9.0,474,7,361.0,1,0,429.0,5,372.0,304.0,276.0,2024-03-18,M&E Officer
BEN009,PRIMARY HEALTH CENTRE OTUKPO II,BENUE,OTUKPO,2022-11-30,2022,11,4,212.0,7.0,6.0,475,5,57.0,1,0,264.0,7,418.0,230.0,220.0,2022-12-21,M&E Officer
AKS005,COMPREHENSIVE HEALTH CENTRE ORON,AKWA IBOM,ORON,2022-09-30,2022,9,3,127.0,0.0,-4.0,1240,12,27.0,0,0,1123.0,22,1113.0,687.0,649.0,2022-10-13,Facility Focal Person
NAS005,MISSION HOSPITAL NASARAWA,NASARAWA,NASARAWA,2022-12-31,2022,12,4,1279.0,23.0,16.0,374,6,171.0,2,1,311.0,5,316.0,286.0,271.0,2023-01-11,Data Clerk
KAD003,MISSION HOSPITAL ZARIA,KADUNA,ZARIA,2024-05-01,2024,5,2,1464.0,55.0,51.0,2855,26,442.0,11,10,2288.0,41,2230.0,1667.0,1388.0,2024-06-21,Data Clerk
BEN013,MODEL PRIMARY HEALTH CENTRE MAKURDI II,BENUE,MAKURDI,2024-03-31,2024,3,1,643.0,29.0,25.0,732,13,103.0,3,2,673.0,10,555.0,485.0,413.0,2024-04-18,M&E Officer
BEN015,PRIMARY HEALTH CENTRE OTUKPO II,BENUE,OTUKPO,2024-03-01,2024,3,1,180.0,3.0,2.0,743,1,52.0,0,0,453.0,8,616.0,560.0,489.0,2024-04-11,M&E Officer
CRS005,TEACHING HOSPITAL AKAMKPA,CROSS RIVER,AKAMKPA,2022-10-31,2022,10,4,751.0,27.0,21.0,4471,62,82.0,3,2,3601.0,49,4135.0,3649.0,3498.0,2022-11-13,M&E Officer
LAG012,PRIMARY HEALTH CENTRE ALIMOSHO II,LAGOS,ALIMOSHO,2022-04-01,2022,4,2,198.0,6.0,5.0,606,3,58.0,1,0,392.0,16,505.0,407.0,335.0,2022-05-11,Data Clerk
AKS013,MODEL PRIMARY HEALTH CENTRE ABAK II,AKWA IBOM,ABAK,2024-02-01,2024,2,1,382.0,16.0,13.0,639,8,116.0,2,1,458.0,6,582.0,437.0,418.0,2024-03-15,Facility Focal Person
AKS001,COMPREHENSIVE HEALTH CENTRE UYO,AKWA IBOM,UYO,2022-09-30,2022,9,3,536.0,4.0,3.0,318,0,60.0,0,0,207.0,2,257.0,220.0,191.0,2022-10-18,Data Clerk
LAG013,SPECIALIST HOSPITAL IKORODU II,LAGOS,IKORODU,2023-10-01,2023,10,4,1857.0,95.0,91.0,6095,48,401.0,18,16,4917.0,87,5464.0,4177.0,3630.0,2023-11-15,M&E Officer
KAD002,TEACHING HOSPITAL KADUNA SOUTH,KADUNA,KADUNA SOUTH,2023-10-01,2023,10,4,1213.0,14.0,10.0,,30,267.0,1,0,3112.0,55,3555.0,3312.0,3111.0,2023-11-13,M&E Officer
RIV014,COTTAGE HOSPITAL OBIO/AKPOR II,RIVERS,OBIO/AKPOR,2024-11-30,2024,11,4,1053.0,12.0,10.0,662,6,299.0,2,1,553.0,13,480.0,264.0,254.0,2024-12-11,Facility Focal Person
BEN012,COTTAGE HOSPITAL VANDEIKYA II,BENUE,VANDEIKYA,2024-12-31,2024,12,4,510.0,5.0,4.0,452,1,118.0,1,0,264.0,2,391.0,363.0,331.0,2025-01-11,M&E Officer
BEN003,GENERAL HOSPITAL OTUKPO,BENUE,OTUKPO,2022-07-31,2022,7,3,680.0,30.0,24.0,2562,50,110.0,3,2,1495.0,19,2196.0,1696.0,1631.0,2022-08-15,Facility Focal Person
RIV012,PRIMARY HEALTH CENTRE ELEME II,RIVERS,ELEME,2024-10-31,2024,10,4,485.0,21.0,20.0,1043,11,147.0,2,1,608.0,9,895.0,553.0,527.0,2024-11-11,M&E Officer
NAS003,COTTAGE HOSPITAL KEFFI,NASARAWA,KEFFI,2023-07-31,2023,7,3,322.0,5.0,3.0,1635,15,83.0,2,1,1547.0,26,1384.0,1181.0,1128.0,2023-08-21,M&E Officer
KAD015,GENERAL HOSPITAL CHIKUN II,KADUNA,CHIKUN,2024-06-30,2024,6,2,416.0,8.0,6.0,1558,21,71.0,2,1,1239.0,19,1090.0,956.0,898.0,2024-07-13,Data Clerk
NAS006,PRIMARY HEALTH CENTRE LAFIA II,NASARAWA,LAFIA,2023-12-31,2023,12,4,226.0,7.0,6.0,958,9,22.0,0,0,620.0,9,857.0,716.0,683.0,2024-01-15,Facility Focal Person
AKS006,PRIMARY HEALTH CENTRE ABAK,AKWA IBOM,ABAK,2024-07-31,2024,7,3,662.0,15.0,13.0,493,5,134.0,4,3,429.0,9,415.0,315.0,297.0,2024-08-16,M&E Officer
AKS009,PRIMARY HEALTH CENTRE IKOT EKPENE II,AKWA IBOM,IKOT EKPENE,2023-10-31,2023,10,4,,6.0,4.0,225,2,17.0,0,0,197.0,2,189.0,148.0,130.0,2023-11-13,Data Clerk
FCT005,PRIMARY HEALTH CENTRE ABAJI,FCT,ABAJI,2022-11-01,2022,11,4,277.0,6.0,4.0,506,7,51.0,2,1,297.0,6,402.0,,336.0,2022-12-11,Facility Focal Person
XXX999,MISSION HOSPITAL KHANA II,RIVERS,KHANA,2022-06-30,2022,6,2,425.0,6.0,5.0,851,9,127.0,1,0,724.0,12,617.0,483.0,397.0,2022-07-16,M&E Officer
KAD006,SPECIALIST HOSPITAL KADUNA NORTH II,KADUNA,KADUNA NORTH,2022-01-31,2022,1,1,1665.0,26.0,22.0,1492,27,462.0,4,3,1020.0,16,1074.0,862.0,749.0,2022-02-18,M&E Officer
BEN010,MODEL PRIMARY HEALTH CENTRE OKPOKWU II,BENUE,OKPOKWU,2022-08-31,2022,8,3,298.0,3.0,2.0,822,14,,0,0,517.0,11,628.0,493.0,,2022-09-13,Data Clerk
LAG099,COTTAGE HOSPITAL GWAGWALADA II,FCT,GWAGWALADA,2024-06-30,2024,6,2,1377.0,19.0,,1257,3,231.0,0,0,914.0,20,931.0,878.0,769.0,2024-07-13,Data Clerk
NAS999,MISSION HOSPITAL NASARAWA,NASARAWA,NASARAWA,2023-10-31,2023,10,4,1080.0,,20.0,579,5,321.0,4,3,386.0,5,531.0,,408.0,2023-12-16,Facility Focal Person
AKS006,PRIMARY HEALTH CENTRE ABAK,AKWA IBOM,ABAK,2022-05-31,2022,5,2,590.0,24.0,21.0,250,3,155.0,2,1,158.0,1,216.0,200.0,172.0,2022-06-11,Facility Focal Person
NAS011,MISSION HOSPITAL LAFIA II,NASARAWA,LAFIA,2022-08-01,2022,8,3,1299.0,16.0,15.0,2723,8,194.0,0,0,1844.0,30,2241.0,1795.0,1490.0,2022-09-29,M&E Officer
LAG014,COTTAGE HOSPITAL LAGOS ISLAND II,LAGOS,LAGOS ISLAND,2023-04-30,2023,4,2,666.0,11.0,8.0,1830,35,156.0,1,0,1087.0,18,1697.0,1277.0,1169.0,2023-05-16,M&E Officer
NAS014,TEACHING HOSPITAL AKWANGA II,NASARAWA,AKWANGA,2024-04-30,2024,4,2,1758.0,61.0,43.0,5051,24,273.0,2,1,2924.0,38,3776.0,3163.0,2989.0,2024-05-13,Data Clerk
KAD004,SPECIALIST HOSPITAL SABON GARI,KADUNA,SABON GARI,2024-08-31,2024,8,3,3187.0,186.0,135.0,5716,58,648.0,22,20,4724.0,90,4564.0,3873.0,3795.0,2024-09-11,Data Clerk
KAD009,MODEL PRIMARY HEALTH CENTRE SABON GARI II,KADUNA,SABON GARI,2022-06-30,2022,6,2,643.0,37.0,29.0,705,6,197.0,4,3,588.0,12,608.0,334.0,304.0,2022-07-11,Data Clerk
BEN001,MISSION HOSPITAL MAKURDI,BENUE,MAKURDI,2023-11-30,2023,11,4,987.0,12.0,10.0,1829,10,150.0,0,0,1410.0,27,1650.0,1059.0,885.0,2023-12-13,M&E Officer
AKS009,PRIMARY HEALTH CENTRE IKOT EKPENE II,AKWA IBOM,IKOT EKPENE,2023-06-30,2023,6,2,95.0,4.0,3.0,224,3,18.0,0,0,188.0,1,184.0,147.0,135.0,2023-07-13,Facility Focal Person
KAD007,MODEL PRIMARY HEALTH CENTRE KADUNA SOUTH II,KADUNA,KADUNA SOUTH,2022-04-30,2022,4,2,219.0,7.0,6.0,1122,20,50.0,0,0,736.0,11,1010.0,772.0,650.0,2022-05-29,Facility Focal Person
RIV014,COTTAGE HOSPITAL OBIO/AKPOR II,RIVERS,OBIO/AKPOR,2024-01-31,2024,1,1,1061.0,11.0,9.0,664,10,261.0,1,0,571.0,15,565.0,362.0,313.0,2024-02-29,M&E Officer
RIV006,COTTAGE HOSPITAL ELEME,RIVERS,ELEME,2024-01-31,2024,1,1,940.0,58.0,57.0,2695,36,231.0,11,8,2487.0,42,2418.0,1814.0,1729.0,2024-02-11,Facility Focal Person
AKS007,TEACHING HOSPITAL IKONO,AKWA IBOM,IKONO,2023-11-30,2023,11,4,794.0,9.0,7.0,5630,106,178.0,4,3,,69,4356.0,2964.0,2770.0,2023-12-18,M&E Officer
NAS015,SPECIALIST HOSPITAL NASARAWA II,NASARAWA,NASARAWA,2024-10-01,2024,10,4,973.0,54.0,53.0,3418,24,198.0,10,7,1898.0,37,2713.0,2292.0,2020.0,2024-11-29,Facility Focal Person
FCT003,SPECIALIST HOSPITAL GWAGWALADA,FCT,GWAGWALADA,2024-01-31,2024,1,1,515.0,12.0,9.0,5307,101,62.0,1,0,4309.0,4376,3747.0,3095.0,2593.0,2024-02-11,Facility Focal Person
RIV001,MODEL PRIMARY HEALTH CENTRE PORT HARCOURT,RIVERS,PORT HARCOURT,2023-10-01,2023,10,4,81.0,1.0,0.0,921,17,15.0,0,0,518.0,6,718.0,497.0,422.0,2023-11-15,Data Clerk
CRS008,COTTAGE HOSPITAL OGOJA II,CROSS RIVER,OGOJA,2022-01-31,2022,1,1,345.0,21.0,18.0,2420,46,86.0,2,1,1506.0,46,2176.0,1507.0,1329.0,2022-02-16,M&E Officer
BEN015,PRIMARY HEALTH CENTRE OTUKPO II,BENUE,OTUKPO,2023-04-01,2023,4,2,186.0,8.0,6.0,805,8,35.0,2,1,563.0,4,554.0,394.0,384.0,2023-05-16,M&E Officer
CRS014,COMPREHENSIVE HEALTH CENTRE OBUDU II,CROSS RIVER,OBUDU,2023-07-31,2023,7,3,390.0,7.0,5.0,148,1,73.0,0,0,110.0,2,105.0,87.0,71.0,2023-08-11,M&E Officer
AKS006,PRIMARY HEALTH CENTRE ABAK,AKWA IBOM,ABAK,2024-08-31,2024,8,3,606.0,18.0,13.0,499,7,181.0,0,0,399.0,10,439.0,377.0,319.0,2024-09-11,Data Clerk
FCT011,COTTAGE HOSPITAL AMAC II,FCT,AMAC,2023-07-31,2023,7,3,412.0,9.0,8.0,2151,16,106.0,4,3,1831.0,38,1842.0,1501.0,1415.0,2023-08-18,Data Clerk
AKS003,MODEL PRIMARY HEALTH CENTRE EKET,AKWA IBOM,EKET,2023-01-31,2023,1,1,504.0,9.0,8.0,236,1,107.0,6,4,156.0,1,165.0,100.0,93.0,2023-02-16,Data Clerk
KAD001,MODEL PRIMARY HEALTH CENTRE KADUNA NORTH,KADUNA,KADUNA NORTH,2023-08-31,2023,8,3,202.0,5.0,4.0,761,9,63.0,0,0,646.0,9,530.0,477.0,434.0,2023-08-20,Data Clerk
KAD009,MODEL PRIMARY HEALTH CENTRE SABON GARI II,KADUNA,SABON GARI,2023-09-30,2023,9,3,561.0,33.0,31.0,875,4,80.0,2,1,616.0,7,709.0,499.0,451.0,2023-10-13,Facility Focal Person
BEN007,SPECIALIST HOSPITAL MAKURDI II,BENUE,MAKURDI,2024-08-31,2024,8,3,359.0,6.0,,1800,28,79.0,0,0,1446.0,28,1236.0,1108.0,968.0,2024-09-15,M&E Officer
CRS015,MODEL PRIMARY HEALTH CENTRE AKAMKPA II,CROSS RIVER,AKAMKPA,2022-05-31,2022,5,2,65.0,3.0,2.0,614,11,13.0,0,0,420.0,8,566.0,492.0,462.0,2022-06-21,M&E Officer
NAS015,SPECIALIST HOSPITAL NASARAWA II,NASARAWA,NASARAWA,2023-06-30,2023,6,2,1144.0,55.0,41.0,3183,47,291.0,8,7,2392.0,43,2484.0,1850.0,1565.0,2023-07-21,Facility Focal Person
KAD004,SPECIALIST HOSPITAL SABON GARI,KADUNA,SABON GARI,2024-06-30,2024,6,2,3267.0,205.0,184.0,5492,16,789.0,31,26,4694.0,94,4497.0,3479.0,3023.0,2024-07-11,Data Clerk
RIV007,PRIMARY HEALTH CENTRE PORT HARCOURT II,RIVERS,PORT HARCOURT,2022-09-30,2022,9,3,402.0,0.0,0.0,701,6,47.0,0,0,400.0,9,482.0,282.0,255.0,2022-10-29,Data Clerk
BEN001,MISSION HOSPITAL MAKURDI,BENUE,MAKURDI,2023-03-31,2023,3,1,1008.0,5.0,3.0,1949,7,215.0,0,0,1502.0,31,1417.0,1148.0,948.0,2023-04-11,M&E Officer
CRS011,COMPREHENSIVE HEALTH CENTRE CALABAR MUNICIPAL II,CROSS RIVER,CALABAR MUNICIPAL,2023-11-30,2023,11,4,289.0,7.0,5.0,481,9,51.0,0,0,330.0,5,331.0,302.0,262.0,2023-12-11,M&E Officer
RIV008,TEACHING HOSPITAL OBIO/AKPOR II,RIVERS,OBIO/AKPOR,2024-02-29,2024,2,1,1812.0,57.0,49.0,4108,77,323.0,6,5,3616.0,69,3690.0,2277.0,1909.0,2024-03-15,Data Clerk
CRS013,MISSION HOSPITAL OGOJA II,CROSS RIVER,OGOJA,2023-08-31,2023,8,3,232.0,4.0,2.0,790,11,62.0,0,0,523.0,6,707.0,586.0,565.0,2023-09-11,M&E Officer
BEN004,GENERAL HOSPITAL OKPOKWU,BENUE,OKPOKWU,2023-05-31,2023,5,2,1208.0,5.0,4.0,384,1,306.0,3,2,260.0,7,300.0,174.0,156.0,2023-06-11,M&E Officer
LAG004,COMPREHENSIVE HEALTH CENTRE SURULERE,LAGOS,SURULERE,2022-07-01,2022,7,3,430.0,5.0,4.0,630,3,96.0,1,0,594.0,9,557.0,454.0,411.0,2022-08-15,Facility Focal Person
NAS999,PRIMARY HEALTH CENTRE IKORODU,LAGOS,IKORODU,2024-04-30,2024,4,2,646.0,693.0,18.0,373,1,201.0,1,0,284.0,9,278.0,155.0,130.0,2024-05-21,Facility Focal Person
FCT013,COTTAGE HOSPITAL GWAGWALADA II,FCT,GWAGWALADA,2022-07-01,2022,7,3,955.0,12.0,11.0,1422,5,176.0,2,1,1309.0,23,1300.0,1223.0,1115.0,2022-08-11,Facility Focal Person
CRS011,COMPREHENSIVE HEALTH CENTRE CALABAR MUNICIPAL II,CROSS RIVER,CALABAR MUNICIPAL,2022-02-28,2022,2,1,249.0,2.0,1.0,455,5,36.0,0,0,263.0,4,362.0,250.0,239.0,2022-03-13,M&E Officer
AKS014,PRIMARY HEALTH CENTRE IKONO II,AKWA IBOM,IKONO,2022-11-30,2022,11,4,242.0,7.0,6.0,597,10,28.0,0,0,413.0,6,548.0,335.0,323.0,2022-12-21,Facility Focal Person
AKS013,MODEL PRIMARY HEALTH CENTRE ABAK II,AKWA IBOM,ABAK,2022-07-31,2022,7,3,472.0,17.0,12.0,534,7,88.0,3,2,380.0,10,441.0,255.0,214.0,2022-08-11,Facility Focal Person
RIV008,TEACHING HOSPITAL OBIO/AKPOR II,RIVERS,OBIO/AKPOR,2022-07-31,2022,7,3,1955.0,48.0,38.0,,61,447.0,7,6,2584.0,44,3254.0,2364.0,1946.0,2022-08-11,Facility Focal Person
LAG014,COTTAGE HOSPITAL LAGOS ISLAND II,LAGOS,LAGOS ISLAND,2022-02-28,2022,2,1,693.0,17.0,16.0,2086,32,117.0,0,0,1371.0,20,1886.0,,1393.0,2022-03-13,Facility Focal Person
LAG015,MODEL PRIMARY HEALTH CENTRE BADAGRY II,LAGOS,BADAGRY,2022-06-30,2022,6,2,291.0,13.0,11.0,1139,13,46.0,4,3,981.0,18,1026.0,942.0,784.0,2022-07-16,Facility Focal Person
KAD011,PRIMARY HEALTH CENTRE KADUNA NORTH II,KADUNA,KADUNA NORTH,2024-02-29,2024,2,1,249.0,7.0,5.0,576,4,69.0,4,3,492.0,5,396.0,331.0,277.0,2024-03-13,Facility Focal Person
AKS015,MISSION HOSPITAL UYO II,AKWA IBOM,UYO,2022-02-28,2022,2,1,538.0,20.0,14.0,2435,46,112.0,1,0,1434.0,37,1766.0,1080.0,956.0,2022-03-29,Facility Focal Person
CRS012,MODEL PRIMARY HEALTH CENTRE IKOM II,CROSS RIVER,IKOM,2024-07-31,2024,7,3,693.0,5.0,3.0,764,5,156.0,1,0,607.0,12,639.0,460.0,435.0,2024-08-11,Data Clerk
KAD004,SPECIALIST HOSPITAL SABON GARI,KADUNA,SABON GARI,2023-08-31,2023,8,3,3524.0,141.0,119.0,4754,76,817.0,24,21,3613.0,52,4373.0,3520.0,3223.0,2023-09-11,Data Clerk
XXX999,COMPREHENSIVE HEALTH CENTRE UYO,AKWA IBOM,UYO,2023-12-31,2023,12,4,515.0,7.0,6.0,326,0,120.0,0,0,269.0,3,222.0,183.0,173.0,2024-01-11,Facility Focal Person
KAD015,GENERAL HOSPITAL CHIKUN II,KADUNA,CHIKUN,2022-03-31,2022,3,1,326.0,9.0,6.0,1961,9,79.0,3,2,1292.0,22,1650.0,924.0,774.0,2022-04-21,Data Clerk
AKS006,PRIMARY HEALTH CENTRE ABAK,AKWA IBOM,ABAK,2022-09-30,2022,9,3,539.0,16.0,11.0,295,4,105.0,1,0,265.0,7,270.0,179.0,168.0,2022-10-13,Data Clerk
KAD001,MODEL PRIMARY HEALTH CENTRE KADUNA NORTH,KADUNA,KADUNA NORTH,2023-09-30,2023,9,3,203.0,8.0,7.0,762,6,29.0,0,0,512.0,10,649.0,392.0,376.0,2023-10-24,Data Clerk
BEN005,MODEL PRIMARY HEALTH CENTRE KATSINA-ALA,BENUE,KATSINA-ALA,2022-02-28,2022,2,1,399.0,8.0,6.0,409,3,48.0,2,1,230.0,1,339.0,317.0,293.0,2022-03-15,M&E Officer
AKS008,PRIMARY HEALTH CENTRE UYO II,AKWA IBOM,UYO,2024-04-30,2024,4,2,119.0,2.0,1.0,87,1,12.0,0,0,61.0,1,63.0,46.0,43.0,2024-05-16,Data Clerk
AKS011,COMPREHENSIVE HEALTH CENTRE ETINAN II,AKWA IBOM,ETINAN,2022-07-01,2022,7,3,93.0,2.0,1.0,291,3,21.0,2,1,208.0,3,263.0,249.0,208.0,2022-08-16,Data Clerk
CRS001,MODEL PRIMARY HEALTH CENTRE CALABAR MUNICIPAL,CROSS RIVER,CALABAR MUNICIPAL,2022-08-31,2022,8,3,177.0,13.0,10.0,664,12,47.0,1,0,427.0,6,601.0,482.0,458.0,2022-09-13,Data Clerk
CRS013,MISSION HOSPITAL OGOJA II,CROSS RIVER,OGOJA,2024-04-30,2024,4,2,244.0,4.0,3.0,764,2,52.0,0,0,474.0,3,632.0,406.0,364.0,2024-05-29,Facility Focal Person
AKS008,PRIMARY HEALTH CENTRE UYO II,AKWA IBOM,UYO,2023-07-31,2023,7,3,152.0,1.0,0.0,87,1,28.0,1,0,82.0,1,80.0,73.0,68.0,2023-08-11,Facility Focal Person
AKS014,PRIMARY HEALTH CENTRE IKONO II,AKWA IBOM,IKONO,2022-01-31,2022,1,1,148.0,4.0,3.0,604,7,38.0,0,0,471.0,9,458.0,319.0,278.0,2022-02-13,Data Clerk
CRS006,PRIMARY HEALTH CENTRE CALABAR MUNICIPAL II,CROSS RIVER,CALABAR MUNICIPAL,2023-03-01,2023,3,1,498.0,23.0,18.0,1313,8,130.0,3,2,728.0,8,912.0,502.0,431.0,2023-04-13,Facility Focal Person
FCT009,MODEL PRIMARY HEALTH CENTRE KUJE II,FCT,KUJE,2022-09-30,2022,9,3,116.0,3.0,2.0,443,1,13.0,0,0,259.0,6,342.0,268.0,246.0,2022-10-15,M&E Officer
AKS002,GENERAL HOSPITAL IKOT EKPENE,AKWA IBOM,IKOT EKPENE,2022-10-31,2022,10,4,236.0,1.0,0.0,654,2,28.0,0,0,562.0,11,586.0,327.0,315.0,2022-11-18,Data Clerk
CRS006,PRIMARY HEALTH CENTRE CALABAR MUNICIPAL II,CROSS RIVER,CALABAR MUNICIPAL,2024-02-01,2024,2,1,485.0,21.0,16.0,1355,14,82.0,2,1,849.0,10,1023.0,654.0,590.0,2024-03-13,Data Clerk
LAG005,MISSION HOSPITAL AGEGE,LAGOS,AGEGE,2022-01-31,2022,1,1,837.0,18.0,15.0,1454,25,226.0,9,6,1143.0,25,1201.0,1127.0,1049.0,2022-02-16,Data Clerk
BEN007,SPECIALIST HOSPITAL MAKURDI II,BENUE,MAKURDI,2023-06-30,2023,6,2,349.0,9.0,7.0,2103,8,80.0,0,0,1241.0,28,1625.0,1072.0,990.0,2023-07-13,M&E Officer
LAG009,MISSION HOSPITAL BADAGRY II,LAGOS,BADAGRY,2022-09-30,2022,9,3,325.0,18.0,14.0,2674,30,35.0,1,0,1696.0,28,2197.0,2066.0,1862.0,2022-10-16,Data Clerk
AKS014,PRIMARY HEALTH CENTRE IKONO II,AKWA IBOM,IKONO,2022-04-30,2022,4,2,210.0,1.0,0.0,597,5,56.0,2,1,433.0,9,510.0,471.0,410.0,2022-05-16,Facility Focal Person
RIV005,MISSION HOSPITAL DEGEMA,RIVERS,DEGEMA,2024-06-30,2024,6,2,220.0,6.0,5.0,1297,5,46.0,0,0,1003.0,22,1147.0,802.0,682.0,2024-07-13,Data Clerk
AKS013,MODEL PRIMARY HEALTH CENTRE ABAK II,AKWA IBOM,ABAK,2024-06-30,2024,6,2,484.0,15.0,14.0,667,5,52.0,0,0,,14,520.0,431.0,415.0,2024-07-21,Data Clerk
FCT005,PRIMARY HEALTH CENTRE ABAJI,FCT,ABAJI,2022-03-31,2022,3,1,430.0,16.0,13.0,472,5,102.0,1,0,367.0,9,382.0,330.0,301.0,2022-04-18,M&E Officer
LAG011,COTTAGE HOSPITAL AGEGE II,LAGOS,AGEGE,2022-11-30,2022,11,4,412.0,2.0,1.0,1746,33,102.0,1,0,1018.0,16,1219.0,703.0,598.0,2022-12-13,Data Clerk
BEN013,MODEL PRIMARY HEALTH CENTRE MAKURDI II,BENUE,MAKURDI,2024-12-31,2024,12,4,542.0,22.0,21.0,885,6,154.0,1,0,647.0,10,702.0,565.0,466.0,2025-01-18,Facility Focal Person
FCT010,MODEL PRIMARY HEALTH CENTRE ABAJI II,FCT,ABAJI,2023-10-31,2023,10,4,505.0,14.0,11.0,409,4,88.0,0,0,,1,356.0,201.0,182.0,2023-11-29,Data Clerk
FCT014,GENERAL HOSPITAL KUJE II,FCT,KUJE,2022-08-31,2022,8,3,888.0,36.0,35.0,2499,5,107.0,6,5,2118.0,38,2126.0,1699.0,1549.0,2022-09-29,Data Clerk
CRS007,MODEL PRIMARY HEALTH CENTRE IKOM II,CROSS RIVER,IKOM,2022-06-30,2022,6,2,115.0,2.0,1.0,313,2,26.0,1,0,269.0,11,215.0,182.0,163.0,2022-07-18,Data Clerk
FCT003,SPECIALIST HOSPITAL GWAGWALADA,FCT,GWAGWALADA,2023-12-31,2023,12,4,483.0,12.0,11.0,5399,68,116.0,2,1,3071.0,51,3868.0,3091.0,2687.0,2024-01-13,Data Clerk
BEN005,MODEL PRIMARY HEALTH CENTRE KATSINA-ALA,BENUE,KATSINA-ALA,2023-11-30,2023,11,4,593.0,10.0,9.0,534,10,178.0,4,3,464.0,6,475.0,393.0,373.0,2023-12-13,Data Clerk
FCT006,MISSION HOSPITAL AMAC II,FCT,AMAC,2023-07-31,2023,7,3,950.0,22.0,15.0,2202,10,149.0,5,4,1733.0,31,1949.0,1118.0,999.0,2023-08-16,Data Clerk
AKS004,COMPREHENSIVE HEALTH CENTRE ETINAN,AKWA IBOM,ETINAN,2024-01-31,2024,1,1,230.0,4.0,3.0,947,10,33.0,1,0,717.0,7,804.0,469.0,411.0,2024-02-11,M&E Officer
LAG015,MODEL PRIMARY HEALTH CENTRE BADAGRY II,LAGOS,BADAGRY,2023-04-30,2023,4,2,274.0,12.0,10.0,1080,14,73.0,1,0,785.0,12,746.0,454.0,401.0,2023-05-16,Facility Focal Person
KAD013,SPECIALIST HOSPITAL ZARIA II,KADUNA,ZARIA,2024-07-31,2024,7,3,2873.0,98.0,80.0,3088,17,752.0,14,10,2559.0,43,2157.0,1893.0,1754.0,2024-08-29,M&E Officer
RIV010,TEACHING HOSPITAL AHOADA EAST II,RIVERS,AHOADA EAST,2023-02-28,2023,2,1,619.0,17.0,16.0,3179,32,127.0,0,0,2057.0,46,2455.0,1855.0,1543.0,2023-03-16,Data Clerk
BEN005,MODEL PRIMARY HEALTH CENTRE KATSINA-ALA,BENUE,KATSINA-ALA,2022-08-31,2022,8,3,559.0,14.0,12.0,442,4,178.0,1,0,417.0,7,323.0,271.0,254.0,2022-10-16,Data Clerk
KAD004,SPECIALIST HOSPITAL SABON GARI,KADUNA,SABON GARI,2024-01-31,2024,1,1,2898.0,112.0,109.0,4906,34,692.0,17,15,4058.0,85,4300.0,3915.0,3550.0,2024-02-18,Facility Focal Person
BEN014,COMPREHENSIVE HEALTH CENTRE GBOKO II,BENUE,GBOKO,2024-11-30,2024,11,4,529.0,7.0,6.0,744,11,143.0,0,0,618.0,10,510.0,420.0,393.0,2024-12-16,M&E Officer
RIV015,SPECIALIST HOSPITAL KHANA II,RIVERS,KHANA,2024-06-30,2024,6,2,521.0,25.0,18.0,2232,28,140.0,6,5,1791.0,39,2044.0,1368.0,1253.0,2024-07-11,Facility Focal Person
BEN003,GENERAL HOSPITAL OTUKPO,BENUE,OTUKPO,2024-03-31,2024,3,1,478.0,9.0,7.0,2374,44,63.0,2,1,2041.0,30,2025.0,1251.0,1103.0,2024-04-18,Facility Focal Person
KAD015,GENERAL HOSPITAL CHIKUN II,KADUNA,CHIKUN,2024-03-31,2024,3,1,386.0,11.0,8.0,,8,63.0,1,0,1226.0,15,1445.0,816.0,750.0,2024-04-18,Facility Focal Person
NAS013,GENERAL HOSPITAL KEFFI II,NASARAWA,KEFFI,2024-09-30,2024,9,3,504.0,26.0,21.0,1686,9,158.0,6,5,936.0,16,1398.0,1122.0,1086.0,2024-10-18,Data Clerk
NAS004,COTTAGE HOSPITAL AKWANGA,NASARAWA,AKWANGA,2022-05-31,2022,5,2,374.0,14.0,,436,4,76.0,0,0,302.0,7,323.0,193.0,183.0,2022-06-13,Data Clerk
NAS013,GENERAL HOSPITAL KEFFI II,NASARAWA,KEFFI,2022-12-31,2022,12,4,449.0,24.0,22.0,1641,9,103.0,6,5,1499.0,24,1424.0,954.0,847.0,2023-01-29,Facility Focal Person
BEN003,GENERAL HOSPITAL OTUKPO,BENUE,OTUKPO,2023-11-30,2023,11,4,482.0,12.0,9.0,2421,23,128.0,0,0,1679.0,21,2205.0,1287.0,1188.0,2023-12-13,Facility Focal Person
BEN012,COTTAGE HOSPITAL VANDEIKYA II,BENUE,VANDEIKYA,2023-04-30,2023,4,2,550.0,2.0,1.0,454,2,173.0,1,0,404.0,10,358.0,297.0,270.0,2023-05-18,M&E Officer
NAS008,COMPREHENSIVE HEALTH CENTRE KEFFI II,NASARAWA,KEFFI,2022-07-31,2022,7,3,,1.0,0.0,952,6,7.0,0,0,797.0,15,777.0,535.0,443.0,2022-08-18,Data Clerk
FCT005,PRIMARY HEALTH CENTRE ABAJI,FCT,ABAJI,2023-01-31,2023,1,1,346.0,6.0,4.0,507,3,51.0,0,0,447.0,11,448.0,400.0,368.0,2023-03-01,Facility Focal Person
NAS009,COTTAGE HOSPITAL AKWANGA II,NASARAWA,AKWANGA,2024-10-31,2024,10,4,916.0,5.0,4.0,489,5,230.0,1,0,274.0,5,385.0,290.0,257.0,2024-11-15,Data Clerk
AKS006,PRIMARY HEALTH CENTRE ABAK,AKWA IBOM,ABAK,2023-05-31,2023,5,2,425.0,9.0,8.0,354,2,89.0,3,2,291.0,5,266.0,229.0,188.0,2023-06-11,M&E Officer
NAS004,COTTAGE HOSPITAL AKWANGA,NASARAWA,AKWANGA,2024-08-31,2024,8,3,384.0,27.0,22.0,592,7,94.0,2,1,428.0,3,459.0,402.0,374.0,2024-09-11,Data Clerk
AKS007,TEACHING HOSPITAL IKONO,AKWA IBOM,IKONO,2022-05-31,2022,5,2,995.0,10.0,9.0,,111,200.0,1,0,3835.0,73,5559.0,3860.0,3351.0,2022-06-21,Data Clerk
BEN014,COMPREHENSIVE HEALTH CENTRE GBOKO II,BENUE,GBOKO,2022-08-31,2022,8,3,400.0,17.0,15.0,878,16,66.0,0,0,827.0,24,668.0,523.0,431.0,2022-09-16,Facility Focal Person
FCT011,COTTAGE HOSPITAL AMAC II,FCT,AMAC,2024-08-31,2024,8,3,401.0,13.0,11.0,1992,24,79.0,2,1,1710.0,29,1509.0,1146.0,1093.0,2024-10-16,M&E Officer
BEN010,MODEL PRIMARY HEALTH CENTRE OKPOKWU II,BENUE,OKPOKWU,2024-11-30,2024,11,4,338.0,6.0,5.0,701,7,63.0,0,0,586.0,6,551.0,439.0,371.0,2024-12-18,Facility Focal Person
FCT004,MODEL PRIMARY HEALTH CENTRE KUJE,FCT,KUJE,2023-07-31,2023,7,3,403.0,14.0,12.0,,15,114.0,3,2,800.0,21,1110.0,684.0,577.0,2023-08-13,Facility Focal Person
LAG004,COMPREHENSIVE HEALTH CENTRE SURULERE,LAGOS,SURULERE,2022-04-30,2022,4,2,407.0,8.0,7.0,631,6,103.0,4,3,568.0,12,507.0,427.0,353.0,2022-05-29,Facility Focal Person
AKS006,PRIMARY HEALTH CENTRE ABAK,AKWA IBOM,ABAK,2023-01-31,2023,1,1,288.0,7.0,5.0,327,3,32.0,2,1,303.0,7,274.0,253.0,220.0,2023-02-15,Facility Focal Person
RIV007,PRIMARY HEALTH CENTRE PORT HARCOURT II,RIVERS,PORT HARCOURT,2024-04-30,2024,4,2,519.0,4.0,3.0,615,10,152.0,0,0,368.0,9,535.0,448.0,405.0,2024-05-11,Facility Focal Person
KAD005,COTTAGE HOSPITAL CHIKUN,KADUNA,CHIKUN,2022-07-31,2022,7,3,497.0,6.0,5.0,287,3,131.0,3,2,245.0,2,261.0,213.0,186.0,2022-08-11,Facility Focal Person
NAS009,COTTAGE HOSPITAL AKWANGA II,NASARAWA,AKWANGA,2023-10-31,2023,10,4,1045.0,3.0,2.0,483,5,297.0,1,0,410.0,5,375.0,250.0,215.0,2023-11-18,Facility Focal Person
BEN003,GENERAL HOSPITAL OTUKPO,BENUE,OTUKPO,2022-10-31,2022,10,4,459.0,18.0,17.0,2531,7,130.0,2,1,2036.0,46,1748.0,1071.0,966.0,2022-11-16,Facility Focal Person
CRS013,MISSION HOSPITAL OGOJA II,CROSS RIVER,OGOJA,2023-07-31,2023,7,3,204.0,4.0,3.0,799,1,40.0,0,0,547.0,1,713.0,566.0,484.0,2023-08-29,Data Clerk
AKS009,PRIMARY HEALTH CENTRE IKOT EKPENE II,AKWA IBOM,IKOT EKPENE,2024-03-01,2024,3,1,80.0,4.0,3.0,225,2,23.0,0,0,153.0,2,159.0,89.0,83.0,2024-04-21,Data Clerk
LAG014,COTTAGE HOSPITAL LAGOS ISLAND II,LAGOS,LAGOS ISLAND,2024-07-31,2024,7,3,857.0,14.0,13.0,1629,23,211.0,1,0,1379.0,30,1145.0,952.0,923.0,2024-08-11,M&E Officer
RIV015,SPECIALIST HOSPITAL KHANA II,RIVERS,KHANA,2022-09-01,2022,9,3,295.0,,9.0,2415,26,49.0,0,0,2149.0,39,2015.0,1239.0,1184.0,2022-10-15,M&E Officer
NAS004,COTTAGE HOSPITAL AKWANGA,NASARAWA,AKWANGA,2022-08-31,2022,8,3,289.0,12.0,10.0,448,4,54.0,0,0,275.0,8,334.0,225.0,198.0,2022-09-13,M&E Officer
KAD010,COTTAGE HOSPITAL CHIKUN II,KADUNA,CHIKUN,2022-10-31,2022,10,4,197.0,6.0,4.0,950,2,37.0,0,0,646.0,11,666.0,445.0,394.0,2022-11-13,Data Clerk
KAD014,GENERAL HOSPITAL SABON GARI II,KADUNA,SABON GARI,2023-06-30,2023,6,2,218.0,5.0,4.0,2470,37,67.0,0,0,2063.0,44,2113.0,,1569.0,2023-07-16,Facility Focal Person
RIV006,COTTAGE HOSPITAL ELEME,RIVERS,ELEME,2024-12-31,2024,12,4,960.0,43.0,33.0,2930,20,295.0,11,10,2659.0,45,2473.0,1744.0,1578.0,2025-01-13,M&E Officer
BEN012,COTTAGE HOSPITAL VANDEIKYA II,BENUE,VANDEIKYA,2023-05-31,2023,5,2,645.0,7.0,6.0,457,3,124.0,0,0,294.0,4,388.0,301.0,280.0,2023-06-11,M&E Officer
FCT006,MISSION HOSPITAL AMAC II,FCT,AMAC,2024-08-31,2024,8,3,1183.0,30.0,21.0,2131,24,155.0,1,0,1758.0,29,1643.0,1043.0,912.0,2024-09-18,Facility Focal Person
FCT005,PRIMARY HEALTH CENTRE ABAJI,FCT,ABAJI,2023-07-31,2023,7,3,628.0,13.0,9.0,533,3,66.0,0,0,,8,451.0,365.0,332.0,2023-08-16,Data Clerk
LAG005,MISSION HOSPITAL AGEGE,LAGOS,AGEGE,2023-04-30,2023,4,2,999.0,29.0,28.0,1611,9,161.0,1,0,1104.0,19,1373.0,795.0,767.0,2023-05-13,M&E Officer
FCT012,MISSION HOSPITAL BWARI II,FCT,BWARI,2024-11-30,2024,11,4,1037.0,46.0,35.0,2926,7,159.0,5,3,1765.0,32,,2062.0,2014.0,2024-12-16,Data Clerk
FCT003,SPECIALIST HOSPITAL GWAGWALADA,FCT,GWAGWALADA,2024-08-31,2024,8,3,678.0,11.0,9.0,5007,92,181.0,4,3,3556.0,65,4543.0,3685.0,3219.0,2024-09-29,M&E Officer
LAG007,PRIMARY HEALTH CENTRE IKORODU II,LAGOS,IKORODU,2022-11-30,2022,11,4,341.0,21.0,18.0,474,6,64.0,0,0,293.0,3,385.0,261.0,248.0,2022-12-16,M&E Officer
AKS006,PRIMARY HEALTH CENTRE ABAK,AKWA IBOM,ABAK,2022-01-31,2022,1,1,297.0,16.0,12.0,201,2,74.0,1,0,190.0,3,141.0,133.0,124.0,2022-02-16,Facility Focal Person
KAD015,GENERAL HOSPITAL CHIKUN II,KADUNA,CHIKUN,2024-01-31,2024,1,1,263.0,322.0,4.0,1606,26,39.0,1,0,1493.0,31,1174.0,1081.0,977.0,2024-02-21,Facility Focal Person
NAS011,MISSION HOSPITAL LAFIA II,NASARAWA,LAFIA,2024-10-31,2024,10,4,1048.0,8.0,5.0,2385,23,131.0,0,0,1937.0,26,1975.0,1663.0,1439.0,2024-11-13,Facility Focal Person
BEN003,GENERAL HOSPITAL OTUKPO,BENUE,OTUKPO,2024-06-30,2024,6,2,532.0,19.0,18.0,2341,43,162.0,5,4,1350.0,26,2144.0,1946.0,,2024-07-13,Facility Focal Person
FCT013,COTTAGE HOSPITAL GWAGWALADA II,FCT,GWAGWALADA,2023-01-31,2023,1,1,608.0,4.0,3.0,1363,8,132.0,1,0,1196.0,21,1043.0,942.0,901.0,2023-02-16,Facility Focal Person
RIV001,MODEL PRIMARY HEALTH CENTRE PORT HARCOURT,RIVERS,PORT HARCOURT,2023-04-30,2023,4,2,106.0,1.0,,994,3,22.0,0,0,843.0,10,875.0,584.0,529.0,2023-05-18,Facility Focal Person
KAD008,MODEL PRIMARY HEALTH CENTRE ZARIA II,KADUNA,ZARIA,2024-06-30,2024,6,2,412.0,14.0,11.0,1162,5,63.0,1,0,740.0,15,837.0,779.0,673.0,2024-07-13,M&E Officer
AKS006,PRIMARY HEALTH CENTRE ABAK,AKWA IBOM,ABAK,2024-02-29,2024,2,1,589.0,20.0,16.0,438,8,122.0,2,1,369.0,5,327.0,250.0,232.0,2024-03-29,M&E Officer
CRS001,MODEL PRIMARY HEALTH CENTRE CALABAR MUNICIPAL,CROSS RIVER,CALABAR MUNICIPAL,2022-05-31,2022,5,2,222.0,10.0,9.0,667,10,47.0,2,1,575.0,12,502.0,283.0,267.0,2022-06-11,Data Clerk
NAS002,COTTAGE HOSPITAL KARU,NASARAWA,KARU,2024-04-30,2024,4,2,490.0,1.0,0.0,300,2,91.0,0,0,276.0,7,229.0,156.0,139.0,2024-05-16,Facility Focal Person
RIV015,SPECIALIST HOSPITAL KHANA II,RIVERS,KHANA,2023-01-31,2023,1,1,337.0,11.0,8.0,2394,5,60.0,0,0,1851.0,44,1762.0,1123.0,1074.0,2023-02-15,Facility Focal Person
FCT007,SPECIALIST HOSPITAL BWARI II,FCT,BWARI,2024-09-30,2024,9,3,2266.0,58.0,42.0,4290,13,337.0,2,1,3973.0,67,3104.0,1918.0,1824.0,2024-10-13,M&E Officer
NAS013,GENERAL HOSPITAL KEFFI II,NASARAWA,KEFFI,2022-05-31,2022,5,2,606.0,28.0,21.0,1615,10,144.0,7,6,1461.0,30,1385.0,1230.0,1165.0,2022-06-16,Data Clerk
LAG010,PRIMARY HEALTH CENTRE SURULERE II,LAGOS,SURULERE,2024-03-31,2024,3,1,481.0,13.0,10.0,959,16,128.0,3,2,775.0,13,809.0,583.0,528.0,2024-04-11,M&E Officer
AKS003,MODEL PRIMARY HEALTH CENTRE EKET,AKWA IBOM,EKET,2023-10-31,2023,10,4,469.0,16.0,15.0,367,1,91.0,2,1,281.0,5,324.0,251.0,212.0,2023-11-13,Facility Focal Person
XXX999,MISSION HOSPITAL BWARI II,FCT,BWARI,2024-12-31,2024,12,4,1378.0,56.0,49.0,2946,29,152.0,6,5,2179.0,42,2596.0,2150.0,1897.0,2025-01-16,Data Clerk
BEN004,GENERAL HOSPITAL OKPOKWU,BENUE,OKPOKWU,2023-11-30,2023,11,4,884.0,3.0,2.0,390,1,176.0,1,0,226.0,6,300.0,245.0,223.0,2023-12-16,Facility Focal Person
LAG099,MODEL PRIMARY HEALTH CENTRE KATSINA-ALA II,BENUE,KATSINA-ALA,2023-04-30,2023,4,2,255.0,6.0,5.0,332,5,26.0,0,0,186.0,1,287.0,267.0,230.0,2023-05-13,Facility Focal Person
BEN006,PRIMARY HEALTH CENTRE VANDEIKYA,BENUE,VANDEIKYA,2022-03-01,2022,3,1,150.0,5.0,4.0,305,2,43.0,0,0,209.0,6,218.0,131.0,125.0,2022-04-15,M&E Officer
CRS001,MODEL PRIMARY HEALTH CENTRE CALABAR MUNICIPAL,CROSS RIVER,CALABAR MUNICIPAL,2022-12-31,2022,12,4,182.0,4.0,3.0,664,13,38.0,0,0,433.0,5,596.0,510.0,448.0,2023-01-11,Facility Focal Person
RIV012,PRIMARY HEALTH CENTRE ELEME II,RIVERS,ELEME,2022-02-28,2022,2,1,387.0,12.0,10.0,844,8,79.0,2,1,474.0,9,586.0,461.0,393.0,2022-03-16,M&E Officer
NAS005,MISSION HOSPITAL NASARAWA,NASARAWA,NASARAWA,2022-02-28,2022,2,1,908.0,14.0,11.0,179,3,263.0,4,3,140.0,1,158.0,102.0,89.0,2022-03-16,Facility Focal Person
BEN006,PRIMARY HEALTH CENTRE VANDEIKYA,BENUE,VANDEIKYA,2024-10-31,2024,10,4,220.0,4.0,3.0,374,4,27.0,3,2,310.0,7,305.0,221.0,197.0,2024-11-16,Data Clerk
BEN015,PRIMARY HEALTH CENTRE OTUKPO II,BENUE,OTUKPO,2022-07-31,2022,7,3,1440.0,3.0,2.0,853,-12,18.0,0,0,764.0,9,733.0,605.0,526.0,2022-08-16,M&E Officer
LAG005,MISSION HOSPITAL AGEGE,LAGOS,AGEGE,2023-07-31,2023,7,3,1218.0,29.0,26.0,,8,257.0,3,2,1116.0,16,1368.0,1209.0,1116.0,2023-08-11,Facility Focal Person
FCT003,SPECIALIST HOSPITAL GWAGWALADA,FCT,GWAGWALADA,2022-06-30,2022,6,2,578.0,10.0,8.0,6434,31,120.0,2,1,4992.0,101,5971.0,4186.0,3715.0,2022-07-11,M&E Officer
RIV001,MODEL PRIMARY HEALTH CENTRE PORT HARCOURT,RIVERS,PORT HARCOURT,2022-05-31,2022,5,2,134.0,0.0,0.0,1128,21,33.0,1,0,952.0,17,906.0,849.0,740.0,2022-06-13,M&E Officer
RIV002,TEACHING HOSPITAL OBIO/AKPOR,RIVERS,OBIO/AKPOR,2024-03-31,2024,3,1,1600.0,42.0,32.0,4271,51,422.0,3,2,2558.0,48,2998.0,1773.0,1732.0,2024-04-16,Data Clerk
RIV011,MODEL PRIMARY HEALTH CENTRE DEGEMA II,RIVERS,DEGEMA,2022-12-31,2022,12,4,309.0,358.0,10.0,872,9,80.0,2,1,499.0,13,667.0,427.0,411.0,2023-01-11,Facility Focal Person
LAG007,PRIMARY HEALTH CENTRE IKORODU II,LAGOS,IKORODU,2024-05-31,2024,5,2,616.0,20.0,16.0,613,1,161.0,2,1,352.0,4,475.0,410.0,368.0,2024-06-11,Data Clerk
RIV006,COTTAGE HOSPITAL ELEME,RIVERS,ELEME,2023-03-31,2023,3,1,886.0,44.0,34.0,2531,28,194.0,5,3,2167.0,43,1950.0,1737.0,1576.0,2023-04-18,M&E Officer
LAG002,SPECIALIST HOSPITAL LAGOS ISLAND,LAGOS,LAGOS ISLAND,2022-06-30,2022,6,2,2227.0,115.0,110.0,5717,24,489.0,15,14,4098.0,70,4883.0,4487.0,4348.0,2022-07-18,Facility Focal Person
RIV012,PRIMARY HEALTH CENTRE ELEME II,RIVERS,ELEME,2024-05-31,2024,5,2,699.0,28.0,20.0,1032,4,178.0,2,1,836.0,11,746.0,514.0,483.0,2024-06-15,Data Clerk
NAS011,MISSION HOSPITAL LAFIA II,NASARAWA,LAFIA,2023-03-31,2023,3,1,1276.0,14.0,11.0,2666,18,224.0,4,3,2507.0,35,1879.0,1721.0,1626.0,2023-04-13,M&E Officer
RIV007,PRIMARY HEALTH CENTRE PORT HARCOURT II,RIVERS,PORT HARCOURT,2024-11-30,2024,11,4,531.0,5.0,3.0,590,8,125.0,0,0,341.0,3,436.0,394.0,342.0,2024-12-18,M&E Officer
KAD006,SPECIALIST HOSPITAL KADUNA NORTH II,KADUNA,KADUNA NORTH,2023-12-31,2023,12,4,1493.0,12.0,10.0,1658,29,342.0,3,2,1462.0,23,1283.0,953.0,855.0,2024-01-16,M&E Officer
FCT012,MISSION HOSPITAL BWARI II,FCT,BWARI,2022-08-31,2022,8,3,1027.0,45.0,40.0,2709,8,158.0,3,2,1751.0,35,2009.0,1421.0,1279.0,2022-09-11,Data Clerk
CRS002,COMPREHENSIVE HEALTH CENTRE IKOM,CROSS RIVER,IKOM,2024-03-31,2024,3,1,204.0,11.0,10.0,261,4,25.0,2,1,215.0,1,236.0,204.0,199.0,2024-04-18,M&E Officer
AKS008,PRIMARY HEALTH CENTRE UYO II,AKWA IBOM,UYO,2022-03-01,2022,3,1,76.0,0.0,0.0,83,1,9.0,0,0,63.0,1,65.0,51.0,42.0,2022-04-21,Data Clerk
NAS006,PRIMARY HEALTH CENTRE LAFIA II,NASARAWA,LAFIA,2023-03-01,2023,3,1,186.0,,3.0,958,16,31.0,0,0,543.0,7,,584.0,565.0,2023-04-15,Facility Focal Person
AKS015,MISSION HOSPITAL UYO II,AKWA IBOM,UYO,2022-08-31,2022,8,3,722.0,25.0,21.0,2485,36,197.0,3,2,2324.0,48,1749.0,1650.0,1366.0,2022-09-18,Data Clerk
BEN002,SPECIALIST HOSPITAL GBOKO,BENUE,GBOKO,2022-11-30,2022,11,4,2006.0,34.0,24.0,4771,43,385.0,5,4,,68,3498.0,2229.0,1986.0,2022-12-29,M&E Officer
CRS004,COMPREHENSIVE HEALTH CENTRE OBUDU,CROSS RIVER,OBUDU,2023-03-31,2023,3,1,212.0,4.0,2.0,453,4,55.0,1,0,289.0,6,345.0,216.0,188.0,2023-04-13,Facility Focal Person
RIV008,TEACHING HOSPITAL OBIO/AKPOR II,RIVERS,OBIO/AKPOR,2022-03-31,2022,3,1,1379.0,53.0,42.0,3948,52,402.0,7,6,2643.0,32,3617.0,2745.0,2332.0,2022-04-15,Facility Focal Person
LAG001,PRIMARY HEALTH CENTRE IKORODU,LAGOS,IKORODU,2024-02-29,2024,2,1,452.0,10.0,8.0,350,3,119.0,2,1,266.0,3,281.0,184.0,151.0,2024-03-16,Data Clerk
FCT014,GENERAL HOSPITAL KUJE II,FCT,KUJE,2022-10-31,2022,10,4,687.0,34.0,25.0,2497,6,195.0,5,4,1744.0,34,1913.0,1474.0,1264.0,2022-11-29,M&E Officer
RIV013,MISSION HOSPITAL PORT HARCOURT II,RIVERS,PORT HARCOURT,2022-07-31,2022,7,3,641.0,18.0,16.0,2271,24,202.0,2,1,1310.0,26,1829.0,1654.0,1498.0,2022-08-13,Facility Focal Person
KAD008,MODEL PRIMARY HEALTH CENTRE ZARIA II,KADUNA,ZARIA,2024-07-31,2024,7,3,393.0,20.0,19.0,1161,20,66.0,3,2,855.0,14,885.0,554.0,460.0,2024-08-13,M&E Officer
NAS014,TEACHING HOSPITAL AKWANGA II,NASARAWA,AKWANGA,2022-01-31,2022,1,1,1320.0,54.0,53.0,4667,64,407.0,5,4,3716.0,80,3301.0,2803.0,2442.0,2022-02-18,M&E Officer
AKS012,COTTAGE HOSPITAL ORON II,AKWA IBOM,ORON,2024-07-31,2024,7,3,1241.0,46.0,37.0,1233,4,145.0,4,3,960.0,21,1075.0,726.0,602.0,2024-08-15,Data Clerk
AKS014,PRIMARY HEALTH CENTRE IKONO II,AKWA IBOM,IKONO,2024-03-31,2024,3,1,224.0,4.0,2.0,612,11,57.0,1,0,447.0,11,501.0,358.0,303.0,2024-04-11,M&E Officer
NAS999,GENERAL HOSPITAL EKET II,AKWA IBOM,EKET,2024-04-30,2024,4,2,607.0,17.0,12.0,1604,8,74.0,1,0,1443.0,22,1176.0,1014.0,864.0,2024-06-15,Data Clerk
CRS014,COMPREHENSIVE HEALTH CENTRE OBUDU II,CROSS RIVER,OBUDU,2023-05-31,2023,5,2,295.0,5.0,3.0,139,1,,1,0,118.0,2,114.0,68.0,58.0,2023-06-13,Data Clerk
KAD006,SPECIALIST HOSPITAL KADUNA NORTH II,KADUNA,KADUNA NORTH,2023-06-30,2023,6,2,2419.0,,28.0,1641,5,414.0,2,1,1284.0,22,1234.0,1111.0,952.0,2023-07-16,Data Clerk
RIV003,COMPREHENSIVE HEALTH CENTRE KHANA,RIVERS,KHANA,2022-10-31,2022,10,4,215.0,7.0,6.0,1050,10,33.0,0,0,743.0,13,721.0,661.0,584.0,2022-11-15,Facility Focal Person
NAS005,MISSION HOSPITAL NASARAWA,NASARAWA,NASARAWA,2024-04-30,2024,4,2,1664.0,43.0,39.0,715,13,216.0,1,0,564.0,10,545.0,341.0,317.0,2024-05-13,Facility Focal Person
RIV014,COTTAGE HOSPITAL OBIO/AKPOR II,RIVERS,OBIO/AKPOR,2023-03-31,2023,3,1,966.0,6.0,5.0,628,6,145.0,1,0,467.0,10,489.0,382.0,333.0,2023-04-15,Data Clerk
BEN010,MODEL PRIMARY HEALTH CENTRE OKPOKWU II,BENUE,OKPOKWU,2023-02-01,2023,2,1,376.0,4.0,3.0,766,14,105.0,1,0,474.0,12,656.0,545.0,478.0,2023-03-11,Facility Focal Person
CRS010,COMPREHENSIVE HEALTH CENTRE AKAMKPA II,CROSS RIVER,AKAMKPA,2022-06-30,2022,6,2,58.0,1.0,0.0,426,4,9.0,0,0,298.0,3,390.0,276.0,269.0,2022-07-16,Facility Focal Person
BEN001,MISSION HOSPITAL MAKURDI,BENUE,MAKURDI,2022-11-30,2022,11,4,840.0,4.0,3.0,1975,32,101.0,1,0,1282.0,33,1528.0,1358.0,,2022-12-21,Facility Focal Person
RIV015,SPECIALIST HOSPITAL KHANA II,RIVERS,KHANA,2022-04-30,2022,4,2,387.0,,13.0,2461,33,83.0,2,1,1598.0,29,2251.0,1534.0,1304.0,2022-05-15,M&E Officer
BEN012,COTTAGE HOSPITAL VANDEIKYA II,BENUE,VANDEIKYA,2022-11-30,2022,11,4,573.0,5.0,4.0,466,5,57.0,1,0,350.0,5,363.0,209.0,191.0,2022-12-21,Data Clerk
LAG004,COMPREHENSIVE HEALTH CENTRE SURULERE,LAGOS,SURULERE,2023-03-31,2023,3,1,417.0,2.0,1.0,618,5,49.0,0,0,529.0,9,486.0,414.0,349.0,2023-04-15,M&E Officer
NAS006,PRIMARY HEALTH CENTRE LAFIA II,NASARAWA,LAFIA,2023-11-01,2023,11,4,323.0,14.0,13.0,961,15,81.0,1,0,827.0,12,698.0,575.0,653.0,2023-12-13,Facility Focal Person
RIV011,MODEL PRIMARY HEALTH CENTRE DEGEMA II,RIVERS,DEGEMA,2022-04-30,2022,4,2,301.0,11.0,7.0,869,5,42.0,0,0,646.0,9,767.0,620.0,594.0,2022-05-11,Data Clerk
NAS999,TEACHING HOSPITAL OBIO/AKPOR II,RIVERS,OBIO/AKPOR,2023-09-01,2023,9,3,1792.0,84.0,72.0,4084,56,523.0,13,12,3036.0,48,3236.0,2711.0,2570.0,2023-10-11,Facility Focal Person
CRS009,COMPREHENSIVE HEALTH CENTRE OBUDU II,CROSS RIVER,OBUDU,2023-08-31,2023,8,3,596.0,23.0,19.0,874,6,130.0,3,2,542.0,8,748.0,680.0,606.0,2023-09-15,Data Clerk
TMP001,COMPREHENSIVE HEALTH CENTRE GBOKO II,BENUE,GBOKO,2024-02-01,2024,2,1,,3.0,2.0,759,12,118.0,0,0,471.0,12,538.0,421.0,359.0,2024-03-11,Data Clerk
RIV013,MISSION HOSPITAL PORT HARCOURT II,RIVERS,PORT HARCOURT,2024-06-30,2024,6,2,751.0,16.0,12.0,2114,18,203.0,7,6,1721.0,32,1870.0,1271.0,1205.0,2024-07-21,Facility Focal Person
NAS008,COMPREHENSIVE HEALTH CENTRE KEFFI II,NASARAWA,KEFFI,2023-08-31,2023,8,3,92.0,1.0,0.0,831,3,10.0,0,0,783.0,19,732.0,556.0,543.0,2023-09-13,Data Clerk
RIV015,SPECIALIST HOSPITAL KHANA II,RIVERS,KHANA,2022-08-31,2022,8,3,431.0,25.0,21.0,2432,10,69.0,2,1,1347.0,20,1853.0,1163.0,1073.0,2022-09-16,Data Clerk
BEN003,GENERAL HOSPITAL OTUKPO,BENUE,OTUKPO,2022-12-31,2022,12,4,513.0,15.0,13.0,2498,36,132.0,2,1,1560.0,37,2063.0,1272.0,1198.0,2023-01-13,Facility Focal Person
XXX999,PRIMARY HEALTH CENTRE IKORODU,LAGOS,IKORODU,2023-07-31,2023,7,3,638.0,16.0,13.0,302,1,128.0,1,0,173.0,3,249.0,231.0,214.0,2023-08-11,M&E Officer
LAG011,COTTAGE HOSPITAL AGEGE II,LAGOS,AGEGE,2023-04-30,2023,4,2,726.0,7.0,6.0,1711,28,224.0,3,2,1495.0,23,1494.0,1079.0,906.0,2023-05-21,M&E Officer
KAD012,COMPREHENSIVE HEALTH CENTRE KADUNA SOUTH II,KADUNA,KADUNA SOUTH,2023-11-30,2023,11,4,395.0,6.0,5.0,630,7,126.0,1,0,575.0,10,572.0,352.0,341.0,2023-12-29,Data Clerk
FCT002,GENERAL HOSPITAL BWARI,FCT,BWARI,2023-12-31,2023,12,4,99.0,6.0,5.0,585,6,22.0,0,0,467.0,11,505.0,378.0,328.0,2024-01-11,Data Clerk
KAD009,MODEL PRIMARY HEALTH CENTRE SABON GARI II,KADUNA,SABON GARI,2022-09-01,2022,9,3,627.0,29.0,27.0,738,13,111.0,1,0,679.0,12,658.0,508.0,442.0,2022-10-13,Facility Focal Person
RIV008,TEACHING HOSPITAL OBIO/AKPOR II,RIVERS,OBIO/AKPOR,2023-08-31,2023,8,3,1742.0,89.0,80.0,4068,62,208.0,7,6,3602.0,51,2794.0,2643.0,2494.0,2023-09-18,Facility Focal Person
KAD013,SPECIALIST HOSPITAL ZARIA II,KADUNA,ZARIA,2022-04-30,2022,4,2,2338.0,2410.0,107.0,1527,19,357.0,10,8,1129.0,24,1153.0,829.0,755.0,2022-05-21,Facility Focal Person
CRS001,MODEL PRIMARY HEALTH CENTRE CALABAR MUNICIPAL,CROSS RIVER,CALABAR MUNICIPAL,2022-09-30,2022,9,3,205.0,6.0,5.0,663,6,33.0,0,0,556.0,14,491.0,437.0,374.0,2022-10-18,M&E Officer
AKS010,GENERAL HOSPITAL EKET II,AKWA IBOM,EKET,2022-09-30,2022,9,3,428.0,17.0,13.0,1771,23,117.0,1,0,1596.0,31,1260.0,835.0,,2022-10-11,Facility Focal Person
RIV007,PRIMARY HEALTH CENTRE PORT HARCOURT II,RIVERS,PORT HARCOURT,2023-09-01,2023,9,3,391.0,2.0,1.0,657,2,88.0,1,0,582.0,12,522.0,487.0,443.0,2023-10-18,Facility Focal Person
BEN014,COMPREHENSIVE HEALTH CENTRE GBOKO II,BENUE,GBOKO,2022-07-31,2022,7,3,447.0,2.0,1.0,879,8,94.0,0,0,690.0,10,666.0,626.0,577.0,2022-08-11,M&E Officer
RIV005,MISSION HOSPITAL DEGEMA,RIVERS,DEGEMA,2024-11-30,2024,11,4,166.0,5.0,4.0,1264,6,22.0,0,0,956.0,26,896.0,579.0,533.0,2024-12-18,Data Clerk
LAG012,PRIMARY HEALTH CENTRE ALIMOSHO II,LAGOS,ALIMOSHO,2023-06-30,2023,6,2,353.0,22.0,18.0,644,9,57.0,2,1,432.0,483,525.0,422.0,349.0,2023-07-13,M&E Officer
LAG014,COTTAGE HOSPITAL LAGOS ISLAND II,LAGOS,LAGOS ISLAND,2024-04-01,2024,4,2,672.0,7.0,5.0,1668,18,191.0,1,0,1238.0,19,1307.0,741.0,667.0,2024-05-16,Facility Focal Person
RIV014,COTTAGE HOSPITAL OBIO/AKPOR II,RIVERS,OBIO/AKPOR,2024-10-31,2024,10,4,1096.0,16.0,13.0,658,12,248.0,3,2,506.0,9,576.0,531.0,453.0,2024-11-18,Data Clerk
BEN004,GENERAL HOSPITAL OKPOKWU,BENUE,OKPOKWU,2024-11-30,2024,11,4,904.0,7.0,6.0,427,2,162.0,0,0,393.0,6,332.0,218.0,191.0,2024-12-16,M&E Officer
CRS013,MISSION HOSPITAL OGOJA II,CROSS RIVER,OGOJA,2024-01-31,2024,1,1,218.0,4.0,2.0,761,4,62.0,0,0,471.0,13,565.0,499.0,431.0,2024-02-21,Data Clerk
BEN006,PRIMARY HEALTH CENTRE VANDEIKYA,BENUE,VANDEIKYA,2024-09-30,2024,9,3,228.0,16.0,12.0,375,6,25.0,1,0,238.0,4,325.0,232.0,223.0,2024-10-16,M&E Officer
BEN003,GENERAL HOSPITAL OTUKPO,BENUE,OTUKPO,2023-01-31,2023,1,1,570.0,20.0,15.0,2496,17,101.0,3,2,2272.0,41,2256.0,2058.0,1856.0,2023-02-13,Data Clerk
CRS013,MISSION HOSPITAL OGOJA II,CROSS RIVER,OGOJA,2024-07-31,2024,7,3,287.0,6.0,5.0,741,10,86.0,2,1,494.0,6,625.0,564.0,510.0,2024-08-11,M&E Officer
RIV006,COTTAGE HOSPITAL ELEME,RIVERS,ELEME,2024-03-01,2024,3,1,1417.0,41.0,33.0,2709,48,231.0,5,4,1868.0,40,1915.0,1375.0,1279.0,2024-04-15,Data Clerk
FCT008,TEACHING HOSPITAL GWAGWALADA II,FCT,GWAGWALADA,2023-03-31,2023,3,1,715.0,22.0,18.0,5102,99,159.0,0,0,4809.0,97,3551.0,2270.0,2056.0,2023-04-16,M&E Officer
NAS012,MISSION HOSPITAL KARU II,NASARAWA,KARU,2024-09-30,2024,9,3,1027.0,17.0,13.0,1380,19,199.0,5,4,879.0,9,1154.0,681.0,663.0,2024-10-11,Facility Focal Person
LAG012,PRIMARY HEALTH CENTRE ALIMOSHO II,LAGOS,ALIMOSHO,2024-07-31,2024,7,3,382.0,18.0,-15.0,668,8,82.0,1,0,597.0,7,597.0,474.0,445.0,2024-08-16,Facility Focal Person
RIV008,TEACHING HOSPITAL OBIO/AKPOR II,RIVERS,OBIO/AKPOR,2022-12-31,2022,12,4,921.0,36.0,26.0,3995,29,293.0,5,4,3106.0,56,3283.0,3061.0,2823.0,2023-01-16,M&E Officer
NAS008,COMPREHENSIVE HEALTH CENTRE KEFFI II,NASARAWA,KEFFI,2024-08-31,2024,8,3,91.0,0.0,0.0,741,7,16.0,0,0,603.0,14,507.0,373.0,306.0,2024-09-18,M&E Officer
KAD011,PRIMARY HEALTH CENTRE KADUNA NORTH II,KADUNA,KADUNA NORTH,2022-06-30,2022,6,2,226.0,12.0,11.0,550,1,50.0,6,5,308.0,9,423.0,252.0,245.0,2022-07-16,Data Clerk
KAD004,SPECIALIST HOSPITAL SABON GARI,KADUNA,SABON GARI,2022-01-31,2022,1,1,2281.0,115.0,109.0,3532,56,412.0,15,14,2297.0,32,2762.0,2291.0,2123.0,2022-02-16,Facility Focal Person
KAD001,MODEL PRIMARY HEALTH CENTRE KADUNA NORTH,KADUNA,KADUNA NORTH,2023-09-30,2023,9,3,193.0,8.0,7.0,762,6,29.0,0,0,512.0,10,649.0,392.0,376.0,2023-10-15,Data Clerk
RIV010,TEACHING HOSPITAL AHOADA EAST II,RIVERS,AHOADA EAST,2024-10-31,2024,10,4,807.0,19.0,14.0,2848,29,221.0,4,3,2128.0,49,2534.0,1585.0,1393.0,2024-11-16,Data Clerk
AKS001,COMPREHENSIVE HEALTH CENTRE UYO,AKWA IBOM,UYO,2023-03-31,2023,3,1,743.0,3.0,2.0,304,5,143.0,1,0,213.0,7,249.0,137.0,119.0,2023-04-13,Data Clerk
FCT012,MISSION HOSPITAL BWARI II,FCT,BWARI,2023-09-30,2023,9,3,1286.0,45.0,44.0,2840,50,166.0,3,2,2108.0,41,2168.0,1645.0,1543.0,2023-10-21,M&E Officer
RIV009,MISSION HOSPITAL KHANA II,RIVERS,KHANA,2023-03-31,2023,3,1,299.0,5.0,4.0,815,6,46.0,0,0,740.0,10,620.0,560.0,478.0,2023-04-16,Facility Focal Person
BEN008,TEACHING HOSPITAL GBOKO II,BENUE,GBOKO,2024-10-31,2024,10,4,1929.0,39.0,35.0,6140,119,275.0,1,0,3988.0,87,5498.0,3900.0,3499.0,2024-12-16,Data Clerk
FCT014,GENERAL HOSPITAL KUJE II,FCT,KUJE,2023-12-31,2023,12,4,680.0,15.0,12.0,2503,5,124.0,1,0,1593.0,34,1803.0,1544.0,1445.0,2024-01-16,M&E Officer
TMP001,COMPREHENSIVE HEALTH CENTRE ETINAN II,AKWA IBOM,ETINAN,2022-01-31,2022,1,1,77.0,3.0,2.0,282,5,15.0,2,1,226.0,2,249.0,208.0,175.0,2022-02-15,M&E Officer
BEN007,SPECIALIST HOSPITAL MAKURDI II,BENUE,MAKURDI,2024-07-31,2024,7,3,405.0,9.0,6.0,,27,75.0,1,0,1286.0,14,1538.0,1028.0,980.0,2024-08-29,Facility Focal Person
NAS010,TEACHING HOSPITAL NASARAWA II,NASARAWA,NASARAWA,2023-06-30,2023,6,2,2946.0,157.0,112.0,4989,13,734.0,25,24,3645.0,67,3505.0,2918.0,2844.0,2023-07-16,M&E Officer
FCT009,MODEL PRIMARY HEALTH CENTRE KUJE II,FCT,KUJE,2024-08-31,2024,8,3,181.0,15.0,13.0,488,4,27.0,0,0,322.0,5,439.0,,271.0,2024-09-15,Facility Focal Person
RIV010,TEACHING HOSPITAL AHOADA EAST II,RIVERS,AHOADA EAST,2024-01-31,2024,1,1,838.0,20.0,,2995,59,105.0,2,1,1844.0,28,2640.0,1606.0,1348.0,2024-02-13,M&E Officer
CRS010,COMPREHENSIVE HEALTH CENTRE AKAMKPA II,CROSS RIVER,AKAMKPA,2023-08-31,2023,8,3,84.0,0.0,0.0,379,5,19.0,0,0,216.0,6,264.0,151.0,129.0,2023-09-11,Facility Focal Person
FCT005,PRIMARY HEALTH CENTRE ABAJI,FCT,ABAJI,2024-06-30,2024,6,2,669.0,14.0,13.0,566,9,180.0,2,1,423.0,11,441.0,256.0,239.0,2024-07-29,M&E Officer
RIV001,MODEL PRIMARY HEALTH CENTRE PORT HARCOURT,RIVERS,PORT HARCOURT,2024-05-31,2024,5,2,146.0,1.0,0.0,846,13,33.0,0,0,716.0,7,753.0,420.0,369.0,2024-06-21,Data Clerk
CRS003,SPECIALIST HOSPITAL OGOJA,CROSS RIVER,OGOJA,2024-09-30,2024,9,3,1746.0,48.0,36.0,5056,58,506.0,6,4,4563.0,89,4117.0,2693.0,2433.0,2024-10-16,Data Clerk
BEN011,MODEL PRIMARY HEALTH CENTRE KATSINA-ALA II,BENUE,KATSINA-ALA,2022-02-28,2022,2,1,149.0,5.0,4.0,299,3,29.0,0,0,236.0,4,257.0,188.0,157.0,2022-03-18,Facility Focal Person
LAG001,PRIMARY HEALTH CENTRE IKORODU,LAGOS,IKORODU,2022-05-31,2022,5,2,504.0,9.0,7.0,204,2,,4,3,190.0,1,187.0,153.0,129.0,2022-06-15,Facility Focal Person
KAD006,SPECIALIST HOSPITAL KADUNA NORTH II,KADUNA,KADUNA NORTH,2024-03-31,2024,3,1,1991.0,21.0,20.0,1672,14,525.0,2,1,1498.0,32,1342.0,1265.0,1057.0,2024-04-11,M&E Officer
RIV014,COTTAGE HOSPITAL OBIO/AKPOR II,RIVERS,OBIO/AKPOR,2022-03-31,2022,3,1,1058.0,9.0,6.0,612,3,228.0,1,0,490.0,10,527.0,335.0,281.0,2022-04-18,M&E Officer
AKS014,PRIMARY HEALTH CENTRE IKONO II,AKWA IBOM,IKONO,2023-11-30,2023,11,4,244.0,8.0,7.0,619,4,27.0,0,0,554.0,3,573.0,395.0,354.0,2023-12-29,Facility Focal Person
BEN010,MODEL PRIMARY HEALTH CENTRE OKPOKWU II,BENUE,OKPOKWU,2022-07-31,2022,7,3,409.0,6.0,5.0,834,9,41.0,0,0,718.0,16,599.0,338.0,308.0,2022-08-15,M&E Officer
RIV015,SPECIALIST HOSPITAL KHANA II,RIVERS,KHANA,2024-04-30,2024,4,2,431.0,23.0,17.0,2259,34,90.0,3,2,1401.0,17,1909.0,1507.0,1380.0,2024-05-13,M&E Officer
CRS008,COTTAGE HOSPITAL OGOJA II,CROSS RIVER,OGOJA,2022-07-31,2022,7,3,590.0,31.0,27.0,2359,5,80.0,3,2,1977.0,28,1677.0,1046.0,869.0,2022-09-15,Data Clerk
LAG006,SPECIALIST HOSPITAL ALIMOSHO,LAGOS,ALIMOSHO,2022-08-31,2022,8,3,876.0,26.0,23.0,5380,32,158.0,2,1,3659.0,75,4475.0,3507.0,2991.0,2022-09-13,M&E Officer
KAD007,MODEL PRIMARY HEALTH CENTRE KADUNA SOUTH II,KADUNA,KADUNA SOUTH,2023-01-31,2023,1,1,,10.0,7.0,1125,9,19.0,2,1,870.0,13,809.0,704.0,578.0,2023-02-18,Facility Focal Person
KAD007,MODEL PRIMARY HEALTH CENTRE KADUNA SOUTH II,KADUNA,KADUNA SOUTH,2023-04-30,2023,4,2,288.0,6.0,5.0,1123,7,58.0,4,3,743.0,14,777.0,541.0,499.0,2023-05-13,M&E Officer
FCT008,TEACHING HOSPITAL GWAGWALADA II,FCT,GWAGWALADA,2023-01-31,2023,1,1,678.0,31.0,27.0,5179,19,173.0,7,5,3253.0,65,4113.0,3807.0,3135.0,2023-02-16,M&E Officer
AKS015,MISSION HOSPITAL UYO II,AKWA IBOM,UYO,2022-03-31,2022,3,1,625.0,39.0,30.0,2449,16,165.0,4,3,2177.0,41,2041.0,1750.0,1613.0,2022-04-18,Data Clerk
AKS011,COMPREHENSIVE HEALTH CENTRE ETINAN II,AKWA IBOM,ETINAN,2024-10-31,2024,10,4,101.0,2.0,1.0,334,6,28.0,2,1,309.0,7,254.0,197.0,189.0,2024-11-18,M&E Officer
FCT006,MISSION HOSPITAL AMAC II,FCT,AMAC,2022-02-28,2022,2,1,643.0,,22.0,2332,39,172.0,0,0,2095.0,39,2107.0,1701.0,1415.0,2022-03-11,Facility Focal Person
LAG014,COTTAGE HOSPITAL LAGOS ISLAND II,LAGOS,LAGOS ISLAND,2024-08-31,2024,8,3,795.0,11.0,8.0,1623,14,178.0,2,1,1049.0,12,1253.0,1138.0,961.0,2024-09-21,Facility Focal Person
CRS001,MODEL PRIMARY HEALTH CENTRE CALABAR MUNICIPAL,CROSS RIVER,CALABAR MUNICIPAL,2022-06-30,2022,6,2,196.0,10.0,9.0,671,5,40.0,3,2,454.0,8,529.0,453.0,420.0,2022-07-13,Data Clerk
FCT015,COMPREHENSIVE HEALTH CENTRE ABAJI II,FCT,ABAJI,2023-05-31,2023,5,2,148.0,9.0,7.0,784,11,33.0,1,0,433.0,9,545.0,497.0,430.0,2023-06-15,M&E Officer
NAS007,GENERAL HOSPITAL KARU II,NASARAWA,KARU,2023-10-31,2023,10,4,659.0,5.0,4.0,2222,27,172.0,0,0,1589.0,26,1975.0,1231.0,1079.0,2023-11-11,M&E Officer
FCT005,PRIMARY HEALTH CENTRE ABAJI,FCT,ABAJI,2024-07-31,2024,7,3,662.0,8.0,7.0,571,2,114.0,3,2,382.0,7,421.0,316.0,268.0,2024-08-16,M&E Officer
KAD006,SPECIALIST HOSPITAL KADUNA NORTH II,KADUNA,KADUNA NORTH,2022-05-31,2022,5,2,1794.0,29.0,25.0,,28,509.0,4,3,1215.0,25,1326.0,1202.0,994.0,2022-06-11,Data Clerk
BEN013,MODEL PRIMARY HEALTH CENTRE MAKURDI II,BENUE,MAKURDI,2022-05-31,2022,5,2,624.0,24.0,18.0,344,3,70.0,0,0,216.0,4,278.0,261.0,316.0,2022-06-11,Data Clerk
BEN013,MODEL PRIMARY HEALTH CENTRE MAKURDI II,BENUE,MAKURDI,2024-01-31,2024,1,1,658.0,31.0,22.0,693,9,79.0,4,3,466.0,4,602.0,517.0,460.0,2024-02-11,M&E Officer
FCT009,MODEL PRIMARY HEALTH CENTRE KUJE II,FCT,KUJE,2023-03-31,2023,3,1,187.0,13.0,10.0,451,1,41.0,2,1,312.0,8,389.0,308.0,274.0,2023-04-13,M&E Officer
CRS014,COMPREHENSIVE HEALTH CENTRE OBUDU II,CROSS RIVER,OBUDU,2022-05-31,2022,5,2,339.0,13.0,11.0,95,1,83.0,1,0,70.0,1,88.0,81.0,74.0,2022-06-11,M&E Officer
CRS004,COMPREHENSIVE HEALTH CENTRE OBUDU,CROSS RIVER,OBUDU,2022-07-31,2022,7,3,203.0,5.0,3.0,468,2,47.0,0,0,344.0,4,396.0,277.0,266.0,2022-08-11,M&E Officer
NAS008,COMPREHENSIVE HEALTH CENTRE KEFFI II,NASARAWA,KEFFI,2022-03-31,2022,3,1,60.0,1.0,0.0,981,18,7.0,0,0,665.0,14,748.0,462.0,380.0,2022-04-16,M&E Officer
KAD002,TEACHING HOSPITAL KADUNA SOUTH,KADUNA,KADUNA SOUTH,2023-09-01,2023,9,3,1549.0,17.0,16.0,3893,57,263.0,1,0,2208.0,46,3089.0,2593.0,2194.0,2023-10-16,M&E Officer
AKS013,MODEL PRIMARY HEALTH CENTRE ABAK II,AKWA IBOM,ABAK,2022-02-28,2022,2,1,284.0,8.0,7.0,495,5,69.0,4,3,416.0,7,452.0,400.0,361.0,2022-03-11,Facility Focal Person
KAD003,MISSION HOSPITAL ZARIA,KADUNA,ZARIA,2024-01-31,2024,1,1,926.0,44.0,32.0,2786,35,195.0,3,2,1636.0,25,2305.0,2059.0,1895.0,2024-02-15,Data Clerk
NAS001,MODEL PRIMARY HEALTH CENTRE LAFIA,NASARAWA,LAFIA,2024-10-31,2024,10,4,182.0,5.0,4.0,389,3,20.0,0,0,239.0,0,290.0,239.0,217.0,2024-11-15,M&E Officer
FCT005,PRIMARY HEALTH CENTRE ABAJI,FCT,ABAJI,2022-02-28,2022,2,1,431.0,6.0,5.0,464,9,59.0,1,0,284.0,7,370.0,324.0,275.0,2022-03-29,Facility Focal Person
FCT012,MISSION HOSPITAL BWARI II,FCT,BWARI,2023-04-30,2023,4,2,999.0,61.0,45.0,2783,13,265.0,8,7,2610.0,49,2388.0,1813.0,1752.0,2023-05-11,Facility Focal Person
BEN003,GENERAL HOSPITAL OTUKPO,BENUE,OTUKPO,2024-08-31,2024,8,3,758.0,26.0,23.0,2322,35,178.0,5,4,1822.0,28,1866.0,1310.0,1115.0,2024-09-15,Facility Focal Person
BEN008,TEACHING HOSPITAL GBOKO II,BENUE,GBOKO,2023-11-30,2023,11,4,2366.0,78.0,60.0,6358,22,458.0,6,5,3914.0,78,4770.0,4468.0,3673.0,2023-12-13,Facility Focal Person
KAD001,MODEL PRIMARY HEALTH CENTRE KADUNA NORTH,KADUNA,KADUNA NORTH,2024-07-31,2024,7,3,267.0,10.0,8.0,745,4,57.0,3,2,633.0,13,508.0,282.0,247.0,2024-08-16,Facility Focal Person
BEN005,MODEL PRIMARY HEALTH CENTRE KATSINA-ALA,BENUE,KATSINA-ALA,2022-05-31,2022,5,2,467.0,10.0,9.0,424,3,128.0,1,0,248.0,3,305.0,206.0,182.0,2022-06-13,Data Clerk
BEN001,MISSION HOSPITAL MAKURDI,BENUE,MAKURDI,2022-05-31,2022,5,2,1019.0,7.0,5.0,2092,18,293.0,0,0,1486.0,30,1683.0,1222.0,1169.0,2022-07-16,Facility Focal Person
CRS008,COTTAGE HOSPITAL OGOJA II,CROSS RIVER,OGOJA,2023-03-31,2023,3,1,651.0,18.0,16.0,2208,36,190.0,6,5,1267.0,20,1951.0,1584.0,1428.0,2023-04-18,Facility Focal Person
RIV009,MISSION HOSPITAL KHANA II,RIVERS,KHANA,2022-02-28,2022,2,1,369.0,1.0,0.0,880,11,58.0,0,0,680.0,8,728.0,519.0,446.0,2022-03-16,Data Clerk
CRS005,TEACHING HOSPITAL AKAMKPA,CROSS RIVER,AKAMKPA,2024-06-30,2024,6,2,1336.0,45.0,37.0,4131,67,183.0,2,1,2564.0,34,3281.0,1817.0,1584.0,2024-07-18,Facility Focal Person
KAD004,SPECIALIST HOSPITAL SABON GARI,KADUNA,SABON GARI,2022-07-31,2022,7,3,2758.0,136.0,108.0,3963,52,685.0,20,16,3318.0,70,3152.0,2322.0,2088.0,2022-08-15,Facility Focal Person
CRS002,COMPREHENSIVE HEALTH CENTRE IKOM,CROSS RIVER,IKOM,2022-06-30,2022,6,2,167.0,3.0,2.0,167,2,21.0,1,0,103.0,2,139.0,78.0,72.0,2022-07-11,Facility Focal Person
FCT005,PRIMARY HEALTH CENTRE ABAJI,FCT,ABAJI,2022-10-31,2022,10,4,401.0,10.0,7.0,509,9,106.0,1,0,384.0,5,417.0,353.0,307.0,2022-11-15,Data Clerk
NAS012,MISSION HOSPITAL KARU II,NASARAWA,KARU,2022-04-30,2022,4,2,778.0,16.0,14.0,1339,26,188.0,2,1,1215.0,31,1045.0,657.0,551.0,2022-05-18,Facility Focal Person
BEN011,MODEL PRIMARY HEALTH CENTRE KATSINA-ALA II,BENUE,KATSINA-ALA,2023-08-31,2023,8,3,230.0,7.0,5.0,347,4,59.0,1,0,291.0,8,297.0,264.0,,2023-09-15,Data Clerk
CRS003,SPECIALIST HOSPITAL OGOJA,CROSS RIVER,OGOJA,2023-02-28,2023,2,1,1521.0,43.0,41.0,5358,87,305.0,6,5,3046.0,78,4666.0,3227.0,,2023-03-11,Facility Focal Person
RIV003,COMPREHENSIVE HEALTH CENTRE KHANA,RIVERS,KHANA,2024-08-31,2024,8,3,405.0,22.0,18.0,1096,3,86.0,3,2,1003.0,18,758.0,525.0,469.0,2024-09-15,Data Clerk
NAS002,COTTAGE HOSPITAL KARU,NASARAWA,KARU,2022-12-31,2022,12,4,377.0,2.0,1.0,312,1,55.0,2,1,277.0,1,249.0,182.0,152.0,2023-01-16,Data Clerk
KAD014,GENERAL HOSPITAL SABON GARI II,KADUNA,SABON GARI,2024-09-30,2024,9,3,285.0,11.0,7.0,2145,14,36.0,0,0,1969.0,44,1758.0,1593.0,1333.0,2024-10-13,M&E Officer
KAD015,GENERAL HOSPITAL CHIKUN II,KADUNA,CHIKUN,2023-06-30,2023,6,2,335.0,15.0,11.0,1706,13,70.0,0,0,1116.0,15,,995.0,947.0,2023-07-16,Facility Focal Person
RIV009,MISSION HOSPITAL KHANA II,RIVERS,KHANA,2023-04-30,2023,4,2,525.0,6.0,5.0,812,8,,0,0,716.0,8,628.0,417.0,403.0,2023-05-13,Data Clerk
BEN011,MODEL PRIMARY HEALTH CENTRE KATSINA-ALA II,BENUE,KATSINA-ALA,2024-09-01,2024,9,3,301.0,10.0,9.0,400,2,78.0,2,1,277.0,1,354.0,291.0,281.0,2024-10-29,Facility Focal Person
CRS006,PRIMARY HEALTH CENTRE CALABAR MUNICIPAL II,CROSS RIVER,CALABAR MUNICIPAL,2022-11-30,2022,11,4,460.0,19.0,18.0,1295,17,137.0,1,0,901.0,16,1014.0,599.0,517.0,2022-12-21,M&E Officer
AKS010,GENERAL HOSPITAL EKET II,AKWA IBOM,EKET,2022-07-31,2022,7,3,458.0,13.0,11.0,1788,25,105.0,1,0,1493.0,29,1511.0,1241.0,1074.0,2022-08-13,Facility Focal Person
FCT003,SPECIALIST HOSPITAL GWAGWALADA,FCT,GWAGWALADA,2023-06-01,2023,6,2,561.0,11.0,8.0,5722,84,176.0,2,1,4816.0,84,4219.0,3564.0,2950.0,2023-07-11,Facility Focal Person
LAG099,PRIMARY HEALTH CENTRE OTUKPO II,BENUE,OTUKPO,2024-10-01,2024,10,4,286.0,,4.0,433,8,75.0,2,1,364.0,7,334.0,285.0,273.0,2024-11-11,Data Clerk
KAD001,MODEL PRIMARY HEALTH CENTRE KADUNA NORTH,KADUNA,KADUNA NORTH,2022-05-31,2022,5,2,174.0,6.0,5.0,783,15,42.0,0,0,589.0,10,722.0,638.0,612.0,2022-06-15,Data Clerk
CRS007,MODEL PRIMARY HEALTH CENTRE IKOM II,CROSS RIVER,IKOM,2023-04-01,2023,4,2,145.0,6.0,5.0,308,0,39.0,2,1,259.0,7,262.0,160.0,134.0,2023-05-13,Facility Focal Person
LAG002,SPECIALIST HOSPITAL LAGOS ISLAND,LAGOS,LAGOS ISLAND,2023-03-31,2023,3,1,1973.0,116.0,86.0,5797,115,358.0,19,18,3987.0,71,4010.0,2705.0,2386.0,2023-04-16,Data Clerk
NAS001,MODEL PRIMARY HEALTH CENTRE LAFIA,NASARAWA,LAFIA,2022-05-31,2022,5,2,172.0,3.0,2.0,492,8,32.0,0,0,290.0,2,342.0,241.0,230.0,2022-06-18,Data Clerk
BEN008,TEACHING HOSPITAL GBOKO II,BENUE,GBOKO,2022-11-30,2022,11,4,1864.0,48.0,42.0,6209,75,523.0,4,3,5438.0,92,4731.0,2989.0,2526.0,2022-12-15,Facility Focal Person
FCT004,MODEL PRIMARY HEALTH CENTRE KUJE,FCT,KUJE,2022-06-30,2022,6,2,441.0,10.0,7.0,1341,14,128.0,2,1,1087.0,22,1184.0,1042.0,1061.0,2022-07-18,Facility Focal Person
LAG003,TEACHING HOSPITAL BADAGRY,LAGOS,BADAGRY,2022-11-30,2022,11,4,,121.0,91.0,6318,35,598.0,17,15,5073.0,93,4890.0,2987.0,2843.0,2022-12-13,Facility Focal Person
FCT012,MISSION HOSPITAL BWARI II,FCT,BWARI,2022-01-31,2022,1,1,760.0,37.0,29.0,2644,38,178.0,6,5,2169.0,27,2363.0,1812.0,1645.0,2022-02-18,Facility Focal Person
NAS008,COMPREHENSIVE HEALTH CENTRE KEFFI II,NASARAWA,KEFFI,2022-09-30,2022,9,3,84.0,5.0,4.0,932,9,24.0,0,0,824.0,13,687.0,549.0,461.0,2022-10-13,M&E Officer
RIV015,SPECIALIST HOSPITAL KHANA II,RIVERS,KHANA,2024-07-31,2024,7,3,486.0,21.0,20.0,2212,40,89.0,2,1,1434.0,19,1661.0,1108.0,1046.0,2024-08-16,Data Clerk
AKS015,MISSION HOSPITAL UYO II,AKWA IBOM,UYO,2023-03-01,2023,3,1,637.0,32.0,22.0,2470,29,142.0,1,0,1533.0,28,1701.0,1078.0,949.0,2023-04-15,M&E Officer
KAD012,COMPREHENSIVE HEALTH CENTRE KADUNA SOUTH II,KADUNA,KADUNA SOUTH,2024-03-31,2024,3,1,579.0,8.0,5.0,629,7,71.0,3,2,438.0,13,576.0,,437.0,2024-04-21,Data Clerk
AKS001,COMPREHENSIVE HEALTH CENTRE UYO,AKWA IBOM,UYO,2024-09-30,2024,9,3,710.0,3.0,2.0,325,0,143.0,0,0,245.0,4,299.0,220.0,208.0,2024-10-11,Facility Focal Person
FCT004,MODEL PRIMARY HEALTH CENTRE KUJE,FCT,KUJE,2024-10-01,2024,10,4,315.0,20.0,15.0,1257,3,77.0,4,3,993.0,16,1112.0,950.0,846.0,2024-11-18,Data Clerk
FCT012,MISSION HOSPITAL BWARI II,FCT,BWARI,2022-10-31,2022,10,4,939.0,35.0,28.0,2715,31,271.0,7,6,2403.0,48,2348.0,1985.0,1885.0,2022-11-11,M&E Officer
NAS008,COMPREHENSIVE HEALTH CENTRE KEFFI II,NASARAWA,KEFFI,2024-11-30,2024,11,4,92.0,1.0,0.0,718,6,22.0,0,0,478.0,13,550.0,360.0,336.0,2024-12-16,Data Clerk
NAS013,GENERAL HOSPITAL KEFFI II,NASARAWA,KEFFI,2022-07-31,2022,7,3,528.0,30.0,21.0,1634,16,69.0,1,0,1435.0,24,1260.0,773.0,732.0,2022-08-15,Facility Focal Person
CRS010,COMPREHENSIVE HEALTH CENTRE AKAMKPA II,CROSS RIVER,AKAMKPA,2024-09-30,2024,9,3,77.0,3.0,2.0,336,2,9.0,0,0,242.0,6,301.0,275.0,248.0,2024-10-15,M&E Officer
KAD008,MODEL PRIMARY HEALTH CENTRE ZARIA II,KADUNA,ZARIA,2022-07-31,2022,7,3,311.0,12.0,8.0,1229,7,89.0,2,1,844.0,17,961.0,585.0,503.0,2022-08-13,Data Clerk
KAD010,COTTAGE HOSPITAL CHIKUN II,KADUNA,CHIKUN,2022-02-01,2022,2,1,157.0,11.0,10.0,937,12,49.0,2,1,623.0,15,644.0,436.0,416.0,2022-03-13,Data Clerk
BEN001,MISSION HOSPITAL MAKURDI,BENUE,MAKURDI,2022-10-31,2022,10,4,878.0,,3.0,2004,19,96.0,1,0,1592.0,33,1453.0,1064.0,1033.0,2022-11-25,M&E Officer
LAG010,PRIMARY HEALTH CENTRE SURULERE II,LAGOS,SURULERE,2024-08-31,2024,8,3,670.0,16.0,14.0,986,12,77.0,1,0,647.0,11,685.0,411.0,343.0,2024-09-15,M&E Officer
RIV013,MISSION HOSPITAL PORT HARCOURT II,RIVERS,PORT HARCOURT,2024-04-30,2024,4,2,985.0,25.0,22.0,2121,37,168.0,3,2,1651.0,20,1589.0,1324.0,1158.0,2024-05-29,M&E Officer
FCT012,MISSION HOSPITAL BWARI II,FCT,BWARI,2023-01-01,2023,1,1,931.0,54.0,49.0,2752,31,211.0,2,1,2174.0,34,2368.0,1515.0,1439.0,2023-02-15,Data Clerk
NAS013,GENERAL HOSPITAL KEFFI II,NASARAWA,KEFFI,2022-04-30,2022,4,2,546.0,25.0,20.0,1604,25,70.0,2,1,941.0,19,1279.0,1179.0,1132.0,2022-05-16,Data Clerk
LAG009,MISSION HOSPITAL BADAGRY II,LAGOS,BADAGRY,2022-07-31,2022,7,3,478.0,8.0,6.0,2737,26,50.0,0,0,2587.0,45,2143.0,1268.0,1114.0,2022-08-18,Data Clerk
KAD010,COTTAGE HOSPITAL CHIKUN II,KADUNA,CHIKUN,2024-03-31,2024,3,1,,7.0,5.0,956,13,63.0,1,0,564.0,14,733.0,553.0,527.0,2024-04-18,Data Clerk
AKS007,TEACHING HOSPITAL IKONO,AKWA IBOM,IKONO,2023-02-28,2023,2,1,1101.0,9.0,7.0,6217,66,169.0,1,0,4377.0,74,5120.0,2928.0,2783.0,2023-03-11,Data Clerk
KAD004,SPECIALIST HOSPITAL SABON GARI,KADUNA,SABON GARI,2022-09-30,2022,9,3,1904.0,99.0,92.0,4074,41,542.0,11,8,2660.0,49,3145.0,2921.0,2672.0,2022-10-16,Data Clerk
LAG008,COTTAGE HOSPITAL LAGOS ISLAND II,LAGOS,LAGOS ISLAND,2023-12-31,2023,12,4,83.0,1.0,0.0,759,3,25.0,0,0,423.0,7,553.0,438.0,396.0,2024-01-15,Facility Focal Person
AKS012,COTTAGE HOSPITAL ORON II,AKWA IBOM,ORON,2023-01-31,2023,1,1,,33.0,31.0,746,13,,7,5,650.0,12,571.0,410.0,371.0,2023-02-16,M&E Officer
AKS005,COMPREHENSIVE HEALTH CENTRE ORON,AKWA IBOM,ORON,2024-03-01,2024,3,1,,2.0,1.0,1021,13,50.0,0,0,717.0,14,704.0,470.0,442.0,2024-04-15,M&E Officer
LAG006,SPECIALIST HOSPITAL ALIMOSHO,LAGOS,ALIMOSHO,2023-07-31,2023,7,3,859.0,12.0,11.0,4896,33,208.0,2,1,3320.0,66,3718.0,2191.0,2052.0,2023-08-15,Data Clerk
LAG006,SPECIALIST HOSPITAL ALIMOSHO,LAGOS,ALIMOSHO,2023-08-31,2023,8,3,933.0,22.0,16.0,4822,90,209.0,0,0,3880.0,78,4173.0,3545.0,3095.0,2023-09-18,M&E Officer
KAD011,PRIMARY HEALTH CENTRE KADUNA NORTH II,KADUNA,KADUNA NORTH,2024-06-30,2024,6,2,233.0,7.0,5.0,578,9,33.0,0,0,407.0,9,496.0,422.0,363.0,2024-07-21,Facility Focal Person
LAG011,COTTAGE HOSPITAL AGEGE II,LAGOS,AGEGE,2023-01-31,2023,1,1,456.0,10.0,7.0,1729,17,105.0,2,1,1376.0,25,1582.0,1134.0,1051.0,2023-02-18,M&E Officer
CRS011,COMPREHENSIVE HEALTH CENTRE CALABAR MUNICIPAL II,CROSS RIVER,CALABAR MUNICIPAL,2022-09-30,2022,9,3,275.0,4.0,3.0,450,7,74.0,1,0,397.0,10,417.0,363.0,349.0,2022-10-15,M&E Officer
BEN002,SPECIALIST HOSPITAL GBOKO,BENUE,GBOKO,2024-07-31,2024,7,3,3710.0,81.0,71.0,,50,645.0,11,9,3920.0,76,3714.0,2662.0,2561.0,2024-08-11,Facility Focal Person
BEN001,MISSION HOSPITAL MAKURDI,BENUE,MAKURDI,2024-04-01,2024,4,2,1022.0,6.0,5.0,1770,9,326.0,1,0,1426.0,29,1598.0,1364.0,1230.0,2024-05-21,Data Clerk
FCT001,MISSION HOSPITAL AMAC,FCT,AMAC,2024-07-31,2024,7,3,1323.0,11.0,10.0,1178,9,298.0,0,0,796.0,16,916.0,738.0,612.0,2024-08-13,Data Clerk
FCT012,MISSION HOSPITAL BWARI II,FCT,BWARI,2024-01-31,2024,1,1,1067.0,41.0,39.0,2865,32,169.0,5,4,1649.0,31,1966.0,1533.0,1260.0,2024-02-15,Facility Focal Person
TMP001,COTTAGE HOSPITAL OBIO/AKPOR II,RIVERS,OBIO/AKPOR,2022-11-30,2022,11,4,984.0,8.0,-13.0,623,9,281.0,2,1,349.0,9,530.0,297.0,273.0,2022-12-13,Data Clerk
RIV004,MODEL PRIMARY HEALTH CENTRE AHOADA EAST,RIVERS,AHOADA EAST,2024-05-31,2024,5,2,510.0,17.0,16.0,836,14,121.0,3,2,668.0,12,755.0,693.0,584.0,2024-06-11,Facility Focal Person
CRS013,MISSION HOSPITAL OGOJA II,CROSS RIVER,OGOJA,2022-02-28,2022,2,1,163.0,0.0,0.0,912,18,42.0,0,0,534.0,11,682.0,476.0,404.0,2022-03-11,M&E Officer
FCT014,GENERAL HOSPITAL KUJE II,FCT,KUJE,2024-08-31,2024,8,3,1320.0,47.0,36.0,,24,372.0,7,5,1644.0,23,2049.0,1939.0,1805.0,2024-09-11,M&E Officer
NAS010,TEACHING HOSPITAL NASARAWA II,NASARAWA,NASARAWA,2022-08-31,2022,8,3,2474.0,119.0,104.0,4717,10,661.0,13,11,3917.0,65,3817.0,3265.0,2842.0,2022-09-13,Facility Focal Person
RIV015,SPECIALIST HOSPITAL KHANA II,RIVERS,KHANA,2022-12-01,2022,12,4,354.0,18.0,14.0,,14,64.0,1,0,1724.0,33,1783.0,1413.0,1159.0,2023-01-11,M&E Officer
AKS002,GENERAL HOSPITAL IKOT EKPENE,AKWA IBOM,IKOT EKPENE,2022-08-31,2022,8,3,297.0,6.0,4.0,667,11,60.0,0,0,498.0,10,486.0,365.0,313.0,2022-09-29,Facility Focal Person
TMP001,GENERAL HOSPITAL OKPOKWU,BENUE,OKPOKWU,2024-09-30,2024,9,3,1124.0,11.0,10.0,421,5,355.0,5,4,324.0,9,292.0,239.0,202.0,2024-10-11,Data Clerk
XXX999,TEACHING HOSPITAL GWAGWALADA II,FCT,GWAGWALADA,2023-10-31,2023,10,4,633.0,30.0,,4928,15,142.0,6,5,4092.0,80,4568.0,2513.0,2265.0,2023-11-21,Data Clerk
KAD003,MISSION HOSPITAL ZARIA,KADUNA,ZARIA,2024-10-31,2024,10,4,9570.0,62.0,56.0,3081,15,261.0,10,8,2676.0,45,2733.0,1569.0,1520.0,2024-11-16,Facility Focal Person
CRS006,PRIMARY HEALTH CENTRE CALABAR MUNICIPAL II,CROSS RIVER,CALABAR MUNICIPAL,2022-04-30,2022,4,2,583.0,24.0,23.0,1279,3,103.0,1,0,734.0,16,951.0,620.0,574.0,2022-05-13,M&E Officer
KAD002,TEACHING HOSPITAL KADUNA SOUTH,KADUNA,KADUNA SOUTH,2023-06-30,2023,6,2,1802.0,27.0,21.0,3978,67,439.0,1,0,2304.0,44,2855.0,1740.0,1597.0,2023-07-16,M&E Officer
CRS003,SPECIALIST HOSPITAL OGOJA,CROSS RIVER,OGOJA,2024-04-30,2024,4,2,1666.0,55.0,,5156,77,254.0,4,3,3982.0,69,4215.0,3616.0,3225.0,2024-05-21,Data Clerk
NAS011,MISSION HOSPITAL LAFIA II,NASARAWA,LAFIA,2022-05-31,2022,5,2,1340.0,10.0,9.0,,16,167.0,0,0,2506.0,28,2410.0,2183.0,2054.0,2022-06-13,Data Clerk
NAS009,COTTAGE HOSPITAL AKWANGA II,NASARAWA,AKWANGA,2022-09-30,2022,9,3,1164.0,6.0,5.0,479,1,287.0,1,0,305.0,5,346.0,250.0,216.0,2022-10-11,Facility Focal Person
LAG009,MISSION HOSPITAL BADAGRY II,LAGOS,BADAGRY,2023-06-30,2023,6,2,584.0,14.0,12.0,2507,47,60.0,2,1,2229.0,31,1976.0,1726.0,1605.0,2023-07-16,Facility Focal Person
AKS007,TEACHING HOSPITAL IKONO,AKWA IBOM,IKONO,2024-12-31,2024,12,4,1029.0,25.0,24.0,4996,56,174.0,1,0,3660.0,61,4428.0,4054.0,3668.0,2025-01-11,Data Clerk
CRS011,COMPREHENSIVE HEALTH CENTRE CALABAR MUNICIPAL II,CROSS RIVER,CALABAR MUNICIPAL,2024-11-30,2024,11,4,259.0,9.0,8.0,504,5,32.0,0,0,414.0,9,374.0,228.0,216.0,2024-12-21,M&E Officer
XXX999,PRIMARY HEALTH CENTRE IKORODU,LAGOS,IKORODU,2022-12-31,2022,12,4,379.0,6.0,4.0,248,2,116.0,4,3,227.0,0,179.0,108.0,97.0,2023-01-18,Data Clerk
NAS001,MODEL PRIMARY HEALTH CENTRE LAFIA,NASARAWA,LAFIA,2023-12-31,2023,12,4,176.0,2.0,1.0,420,1,28.0,0,0,321.0,5,319.0,260.0,251.0,2024-01-16,Facility Focal Person
BEN005,MODEL PRIMARY HEALTH CENTRE KATSINA-ALA,BENUE,KATSINA-ALA,2024-12-01,2024,12,4,440.0,,13.0,593,7,74.0,1,0,517.0,10,452.0,303.0,,2025-01-29,M&E Officer
KAD015,GENERAL HOSPITAL CHIKUN II,KADUNA,CHIKUN,2023-02-28,2023,2,1,354.0,2.0,1.0,1753,8,102.0,1,0,1321.0,26,1490.0,1300.0,1157.0,2023-03-21,Data Clerk
KAD008,MODEL PRIMARY HEALTH CENTRE ZARIA II,KADUNA,ZARIA,2022-01-31,2022,1,1,155.0,7.0,6.0,1264,12,24.0,2,1,733.0,10,1160.0,700.0,619.0,2022-02-15,Facility Focal Person
LAG007,PRIMARY HEALTH CENTRE IKORODU II,LAGOS,IKORODU,2022-06-30,2022,6,2,463.0,16.0,13.0,428,4,105.0,0,0,289.0,3,315.0,183.0,168.0,2022-07-16,Facility Focal Person
AKS010,GENERAL HOSPITAL EKET II,AKWA IBOM,EKET,2022-02-28,2022,2,1,576.0,15.0,13.0,1837,5,156.0,0,0,1730.0,40,1285.0,1039.0,969.0,2022-03-13,Facility Focal Person
BEN013,MODEL PRIMARY HEALTH CENTRE MAKURDI II,BENUE,MAKURDI,2024-06-30,2024,6,2,736.0,45.0,40.0,793,10,172.0,3,2,747.0,14,652.0,537.0,482.0,2024-07-18,Facility Focal Person
KAD003,MISSION HOSPITAL ZARIA,KADUNA,ZARIA,2023-08-31,2023,8,3,1291.0,79.0,61.0,2747,21,304.0,9,6,2551.0,37,1996.0,1454.0,1327.0,2023-09-11,Facility Focal Person
NAS999,MISSION HOSPITAL BWARI II,FCT,BWARI,2024-05-31,2024,5,2,1166.0,51.0,41.0,,32,276.0,13,10,2703.0,44,2563.0,1874.0,1625.0,2024-06-21,M&E Officer
FCT002,GENERAL HOSPITAL BWARI,FCT,BWARI,2023-05-31,2023,5,2,103.0,5.0,3.0,587,9,22.0,0,0,540.0,9,509.0,420.0,358.0,2023-06-13,Data Clerk
BEN006,PRIMARY HEALTH CENTRE VANDEIKYA,BENUE,VANDEIKYA,2022-06-30,2022,6,2,147.0,2.0,1.0,314,2,28.0,1,0,254.0,2,243.0,216.0,199.0,2022-07-21,Facility Focal Person
RIV010,TEACHING HOSPITAL AHOADA EAST II,RIVERS,AHOADA EAST,2024-02-29,2024,2,1,558.0,16.0,13.0,3002,6,171.0,8,6,2575.0,43,2424.0,2012.0,1906.0,2024-03-16,Data Clerk
CRS002,COMPREHENSIVE HEALTH CENTRE IKOM,CROSS RIVER,IKOM,2023-01-01,2023,1,1,123.0,8.0,6.0,197,1,32.0,0,0,121.0,4,161.0,131.0,125.0,2023-02-16,Facility Focal Person
RIV003,COMPREHENSIVE HEALTH CENTRE KHANA,RIVERS,KHANA,2022-09-30,2022,9,3,224.0,15.0,14.0,1054,17,51.0,0,0,599.0,9,845.0,498.0,461.0,2022-10-11,Facility Focal Person
CRS015,MODEL PRIMARY HEALTH CENTRE AKAMKPA II,CROSS RIVER,AKAMKPA,2024-11-30,2024,11,4,88.0,2.0,1.0,472,3,12.0,0,0,389.0,10,380.0,232.0,217.0,2024-12-13,M&E Officer
KAD011,PRIMARY HEALTH CENTRE KADUNA NORTH II,KADUNA,KADUNA NORTH,2024-05-31,2024,5,2,254.0,5.0,4.0,582,9,61.0,0,0,388.0,6,405.0,379.0,333.0,2024-06-21,Data Clerk
FCT012,MISSION HOSPITAL BWARI II,FCT,BWARI,2023-11-30,2023,11,4,867.0,43.0,42.0,2850,34,242.0,4,3,2113.0,41,,2035.0,1767.0,2023-12-21,Facility Focal Person
NAS012,MISSION HOSPITAL KARU II,NASARAWA,KARU,2024-11-30,2024,11,4,839.0,7.0,6.0,1358,20,180.0,3,2,786.0,16,1049.0,671.0,580.0,2024-12-29,Data Clerk
BEN010,MODEL PRIMARY HEALTH CENTRE OKPOKWU II,BENUE,OKPOKWU,2024-03-31,2024,3,1,368.0,8.0,7.0,721,8,44.0,0,0,469.0,10,623.0,503.0,487.0,2024-04-21,Facility Focal Person
RIV010,TEACHING HOSPITAL AHOADA EAST II,RIVERS,AHOADA EAST,2024-06-30,2024,6,2,1098.0,30.0,21.0,2945,24,259.0,5,4,2420.0,38,,1587.0,1370.0,2024-07-13,M&E Officer
CRS006,PRIMARY HEALTH CENTRE CALABAR MUNICIPAL II,CROSS RIVER,CALABAR MUNICIPAL,2024-06-30,2024,6,2,603.0,27.0,25.0,1409,7,124.0,4,3,1021.0,21,1063.0,647.0,578.0,2024-06-07,Data Clerk
AKS003,MODEL PRIMARY HEALTH CENTRE EKET,AKWA IBOM,EKET,2024-04-30,2024,4,2,784.0,15.0,13.0,417,2,163.0,2,1,283.0,4,340.0,207.0,193.0,2024-05-11,M&E Officer
KAD006,SPECIALIST HOSPITAL KADUNA NORTH II,KADUNA,KADUNA NORTH,2022-09-30,2022,9,3,2181.0,25.0,20.0,1596,12,397.0,2,1,1026.0,15,1458.0,899.0,769.0,2022-10-21,Data Clerk
NAS012,MISSION HOSPITAL KARU II,NASARAWA,KARU,2022-07-31,2022,7,3,739.0,19.0,14.0,1348,4,183.0,3,2,1108.0,20,1082.0,981.0,894.0,2022-08-11,Facility Focal Person
FCT013,COTTAGE HOSPITAL GWAGWALADA II,FCT,GWAGWALADA,2023-10-31,2023,10,4,806.0,7.0,5.0,,14,196.0,1,0,835.0,15,891.0,685.0,634.0,2023-11-21,M&E Officer
KAD009,MODEL PRIMARY HEALTH CENTRE SABON GARI II,KADUNA,SABON GARI,2023-07-31,2023,7,3,624.0,36.0,25.0,833,13,67.0,2,1,656.0,14,749.0,456.0,376.0,2023-08-29,Facility Focal Person
LAG008,COTTAGE HOSPITAL LAGOS ISLAND II,LAGOS,LAGOS ISLAND,2024-07-01,2024,7,3,155.0,4.0,3.0,720,4,23.0,0,0,436.0,9,612.0,380.0,347.0,2024-08-18,M&E Officer
BEN008,TEACHING HOSPITAL GBOKO II,BENUE,GBOKO,2023-06-01,2023,6,2,3715.0,,124.0,6274,22,815.0,15,12,4448.0,86,5516.0,4560.0,3896.0,2023-07-29,Facility Focal Person
NAS999,MODEL PRIMARY HEALTH CENTRE AHOADA EAST,RIVERS,AHOADA EAST,2022-10-31,2022,10,4,402.0,13.0,12.0,861,15,89.0,1,0,727.0,17,763.0,547.0,500.0,2022-11-13,Facility Focal Person
AKS014,PRIMARY HEALTH CENTRE IKONO II,AKWA IBOM,IKONO,2024-04-30,2024,4,2,242.0,4.0,3.0,609,6,62.0,0,0,370.0,5,,267.0,257.0,2024-05-15,Data Clerk
NAS015,SPECIALIST HOSPITAL NASARAWA II,NASARAWA,NASARAWA,2023-08-31,2023,8,3,-35.0,59.0,57.0,3214,8,388.0,11,10,2922.0,53,2460.0,2106.0,1990.0,2023-09-15,M&E Officer
LAG014,COTTAGE HOSPITAL LAGOS ISLAND II,LAGOS,LAGOS ISLAND,2022-08-31,2022,8,3,752.0,,6.0,1951,37,192.0,2,1,1670.0,41,1775.0,1104.0,1042.0,2022-09-15,Data Clerk
LAG009,MISSION HOSPITAL BADAGRY II,LAGOS,BADAGRY,2023-04-30,2023,4,2,482.0,11.0,9.0,2535,32,143.0,0,0,1570.0,22,1996.0,1106.0,1018.0,2023-05-16,Facility Focal Person
KAD008,MODEL PRIMARY HEALTH CENTRE ZARIA II,KADUNA,ZARIA,2022-04-30,2022,4,2,345.0,14.0,13.0,1237,16,81.0,3,2,1091.0,14,848.0,631.0,532.0,2022-05-29,M&E Officer
NAS009,COTTAGE HOSPITAL AKWANGA II,NASARAWA,AKWANGA,2023-03-31,2023,3,1,1081.0,8.0,5.0,476,7,303.0,2,1,396.0,1,392.0,317.0,278.0,2023-04-18,Facility Focal Person
AKS014,PRIMARY HEALTH CENTRE IKONO II,AKWA IBOM,IKONO,2024-10-31,2024,10,4,218.0,13.0,11.0,615,7,39.0,1,0,461.0,5,567.0,384.0,332.0,2024-11-16,Facility Focal Person
LAG012,PRIMARY HEALTH CENTRE ALIMOSHO II,LAGOS,ALIMOSHO,2023-02-28,2023,2,1,255.0,7.0,6.0,631,8,63.0,2,1,411.0,10,585.0,487.0,473.0,2023-03-13,Facility Focal Person
NAS009,COTTAGE HOSPITAL AKWANGA II,NASARAWA,AKWANGA,2023-05-01,2023,5,2,969.0,8.0,7.0,473,7,173.0,0,0,294.0,6,426.0,383.0,358.0,2023-06-11,M&E Officer
CRS013,MISSION HOSPITAL OGOJA II,CROSS RIVER,OGOJA,2022-08-31,2022,8,3,209.0,3.0,2.0,865,15,61.0,2,1,699.0,6,590.0,367.0,315.0,2022-09-13,M&E Officer
KAD013,SPECIALIST HOSPITAL ZARIA II,KADUNA,ZARIA,2023-01-31,2023,1,1,2046.0,130.0,103.0,,23,307.0,11,9,1587.0,28,1804.0,1219.0,1157.0,2023-02-13,Data Clerk
LAG006,SPECIALIST HOSPITAL ALIMOSHO,LAGOS,ALIMOSHO,2023-11-30,2023,11,4,562.0,11.0,10.0,,56,142.0,3,2,4294.0,66,3255.0,2546.0,2442.0,2023-12-15,Facility Focal Person
KAD002,TEACHING HOSPITAL KADUNA SOUTH,KADUNA,KADUNA SOUTH,2022-11-30,2022,11,4,808.0,7.0,6.0,4283,25,174.0,2,1,2860.0,50,3471.0,2350.0,2058.0,2022-12-13,M&E Officer
RIV002,TEACHING HOSPITAL OBIO/AKPOR,RIVERS,OBIO/AKPOR,2024-06-30,2024,6,2,2154.0,31.0,28.0,4219,69,259.0,7,6,2442.0,53,3735.0,2077.0,1779.0,2024-07-16,M&E Officer
RIV015,SPECIALIST HOSPITAL KHANA II,RIVERS,KHANA,2024-08-31,2024,8,3,441.0,19.0,17.0,2189,40,97.0,4,3,1953.0,44,1666.0,1491.0,1296.0,2024-09-18,Data Clerk
CRS014,COMPREHENSIVE HEALTH CENTRE OBUDU II,CROSS RIVER,OBUDU,2024-04-30,2024,4,2,433.0,10.0,9.0,181,3,77.0,1,0,130.0,2,156.0,133.0,119.0,2024-05-13,Data Clerk
CRS006,PRIMARY HEALTH CENTRE CALABAR MUNICIPAL II,CROSS RIVER,CALABAR MUNICIPAL,2022-06-30,2022,6,2,656.0,30.0,,,16,204.0,5,4,780.0,14,873.0,486.0,453.0,2022-07-18,M&E Officer
LAG003,TEACHING HOSPITAL BADAGRY,LAGOS,BADAGRY,2023-04-30,2023,4,2,2872.0,116.0,97.0,6480,117,897.0,27,20,3661.0,64,4756.0,3076.0,2625.0,2023-05-16,Facility Focal Person
KAD003,MISSION HOSPITAL ZARIA,KADUNA,ZARIA,2022-08-31,2022,8,3,1200.0,75.0,64.0,2575,37,137.0,3,2,1487.0,15,2035.0,1419.0,1333.0,2022-09-15,Data Clerk
BEN014,COMPREHENSIVE HEALTH CENTRE GBOKO II,BENUE,GBOKO,2023-02-28,2023,2,1,452.0,1.0,0.0,842,6,96.0,0,0,519.0,6,679.0,581.0,541.0,2023-03-13,M&E Officer
LAG015,MODEL PRIMARY HEALTH CENTRE BADAGRY II,LAGOS,BADAGRY,2024-03-31,2024,3,1,,13.0,12.0,1082,11,50.0,1,0,778.0,18,952.0,669.0,639.0,2024-04-11,M&E Officer
BEN003,GENERAL HOSPITAL OTUKPO,BENUE,OTUKPO,2023-10-31,2023,10,4,641.0,20.0,14.0,2435,31,80.0,0,0,1990.0,30,1774.0,1494.0,1326.0,2023-11-18,M&E Officer
AKS005,COMPREHENSIVE HEALTH CENTRE ORON,AKWA IBOM,ORON,2024-07-31,2024,7,3,141.0,3.0,2.0,979,8,20.0,0,0,692.0,16,762.0,510.0,494.0,2024-08-13,Data Clerk
CRS003,SPECIALIST HOSPITAL OGOJA,CROSS RIVER,OGOJA,2024-11-30,2024,11,4,1697.0,79.0,55.0,5032,78,422.0,9,7,4332.0,93,4254.0,2901.0,2687.0,2024-12-13,Data Clerk
FCT012,MISSION HOSPITAL BWARI II,FCT,BWARI,2023-07-31,2023,7,3,1212.0,57.0,52.0,2804,21,313.0,7,6,1682.0,35,2592.0,1913.0,1797.0,2023-08-11,Data Clerk
AKS007,TEACHING HOSPITAL IKONO,AKWA IBOM,IKONO,2022-02-28,2022,2,1,873.0,12.0,10.0,6866,17,191.0,0,0,4980.0,89,6206.0,4625.0,4432.0,2022-03-16,M&E Officer
CRS008,COTTAGE HOSPITAL OGOJA II,CROSS RIVER,OGOJA,2024-08-31,2024,8,3,704.0,38.0,31.0,2141,26,158.0,6,4,1627.0,24,1656.0,1272.0,1135.0,2024-09-16,M&E Officer
LAG099,COTTAGE HOSPITAL GWAGWALADA II,FCT,GWAGWALADA,2023-07-31,2023,7,3,1105.0,14.0,13.0,1324,11,350.0,2,1,998.0,17,1173.0,784.0,705.0,2023-08-13,Facility Focal Person
NAS015,SPECIALIST HOSPITAL NASARAWA II,NASARAWA,NASARAWA,2023-11-30,2023,11,4,960.0,45.0,37.0,3222,48,154.0,6,5,2194.0,31,2295.0,1857.0,1653.0,2023-12-18,Data Clerk
BEN001,MISSION HOSPITAL MAKURDI,BENUE,MAKURDI,2024-11-30,2024,11,4,838.0,7.0,6.0,1650,30,128.0,1,0,1490.0,27,1129.0,1015.0,884.0,2024-12-16,Data Clerk
CRS007,MODEL PRIMARY HEALTH CENTRE IKOM II,CROSS RIVER,IKOM,2024-04-30,2024,4,2,106.0,2.0,1.0,307,3,16.0,0,0,232.0,2,221.0,146.0,124.0,2024-05-16,Facility Focal Person
RIV001,MODEL PRIMARY HEALTH CENTRE PORT HARCOURT,RIVERS,PORT HARCOURT,2024-04-30,2024,4,2,133.0,0.0,0.0,859,16,17.0,0,0,597.0,7,763.0,715.0,678.0,2024-05-29,M&E Officer
LAG011,COTTAGE HOSPITAL AGEGE II,LAGOS,AGEGE,2024-06-30,2024,6,2,815.0,13.0,12.0,1581,20,98.0,4,3,1284.0,25,1159.0,942.0,871.0,2024-07-11,Facility Focal Person
NAS015,SPECIALIST HOSPITAL NASARAWA II,NASARAWA,NASARAWA,2023-10-31,2023,10,4,806.0,46.0,34.0,3233,14,188.0,5,4,2413.0,51,2401.0,,1527.0,2023-11-21,M&E Officer
BEN013,MODEL PRIMARY HEALTH CENTRE MAKURDI II,BENUE,MAKURDI,2024-02-29,2024,2,1,679.0,35.0,29.0,720,2,163.0,6,5,598.0,13,553.0,309.0,276.0,2024-03-21,Data Clerk
NAS009,COTTAGE HOSPITAL AKWANGA II,NASARAWA,AKWANGA,2023-12-01,2023,12,4,985.0,5.0,3.0,477,8,102.0,0,0,345.0,2,441.0,,320.0,2024-01-18,M&E Officer
NAS007,GENERAL HOSPITAL KARU II,NASARAWA,KARU,2022-11-30,2022,11,4,657.0,2.0,1.0,2428,32,63.0,0,0,1583.0,29,1884.0,1073.0,903.0,2022-12-30,M&E Officer
FCT007,SPECIALIST HOSPITAL BWARI II,FCT,BWARI,2023-07-31,2023,7,3,2426.0,56.0,48.0,4316,78,373.0,5,4,3816.0,58,3339.0,2510.0,2254.0,2023-08-21,Data Clerk
KAD011,PRIMARY HEALTH CENTRE KADUNA NORTH II,KADUNA,KADUNA NORTH,2024-09-30,2024,9,3,257.0,5.0,3.0,582,11,,1,0,462.0,9,523.0,335.0,306.0,2024-10-15,Data Clerk
CRS002,COMPREHENSIVE HEALTH CENTRE IKOM,CROSS RIVER,IKOM,2024-01-31,2024,1,1,116.0,4.0,3.0,246,4,26.0,1,0,178.0,3,170.0,161.0,157.0,2024-02-13,M&E Officer
NAS012,MISSION HOSPITAL KARU II,NASARAWA,KARU,2022-08-31,2022,8,3,651.0,20.0,14.0,1347,15,143.0,4,3,883.0,13,1170.0,741.0,635.0,2022-09-18,Data Clerk
NAS014,TEACHING HOSPITAL AKWANGA II,NASARAWA,AKWANGA,2022-10-31,2022,10,4,1881.0,74.0,73.0,4814,95,204.0,3,2,3854.0,74,4202.0,3416.0,3287.0,2022-11-13,M&E Officer
FCT013,COTTAGE HOSPITAL GWAGWALADA II,FCT,GWAGWALADA,2024-09-30,2024,9,3,851.0,2.0,1.0,1259,9,164.0,1,0,1141.0,13,981.0,547.0,494.0,2024-10-11,M&E Officer
RIV003,COMPREHENSIVE HEALTH CENTRE KHANA,RIVERS,KHANA,2022-07-31,2022,7,3,267.0,10.0,8.0,1063,9,44.0,1,0,690.0,18,976.0,566.0,533.0,2022-08-18,M&E Officer
RIV002,TEACHING HOSPITAL OBIO/AKPOR,RIVERS,OBIO/AKPOR,2022-01-31,2022,1,1,971.0,19.0,13.0,4996,24,269.0,2,1,4704.0,90,4438.0,3141.0,2772.0,2022-02-16,Facility Focal Person
LAG011,COTTAGE HOSPITAL AGEGE II,LAGOS,AGEGE,2024-05-01,2024,5,2,626.0,13.0,10.0,1589,30,177.0,4,3,1236.0,29,1215.0,711.0,628.0,2024-06-11,M&E Officer
RIV004,MODEL PRIMARY HEALTH CENTRE AHOADA EAST,RIVERS,AHOADA EAST,2022-03-31,2022,3,1,388.0,10.0,9.0,878,9,115.0,0,0,593.0,6,647.0,488.0,473.0,2022-04-21,Facility Focal Person
CRS015,MODEL PRIMARY HEALTH CENTRE AKAMKPA II,CROSS RIVER,AKAMKPA,2023-12-31,2023,12,4,62.0,2.0,1.0,505,3,6.0,0,0,425.0,4,461.0,363.0,354.0,2024-01-21,Facility Focal Person
AKS005,COMPREHENSIVE HEALTH CENTRE ORON,AKWA IBOM,ORON,2023-01-31,2023,1,1,111.0,2.0,1.0,1188,5,13.0,0,0,919.0,25,1072.0,686.0,635.0,2023-02-15,Facility Focal Person
BEN007,SPECIALIST HOSPITAL MAKURDI II,BENUE,MAKURDI,2022-08-31,2022,8,3,301.0,8.0,6.0,2280,6,95.0,1,0,1578.0,24,1864.0,1521.0,1333.0,2022-09-15,M&E Officer
LAG014,COTTAGE HOSPITAL LAGOS ISLAND II,LAGOS,LAGOS ISLAND,2022-07-31,2022,7,3,670.0,12.0,10.0,1982,20,198.0,4,3,1527.0,21,1496.0,1007.0,893.0,2022-08-11,Facility Focal Person
CRS002,COMPREHENSIVE HEALTH CENTRE IKOM,CROSS RIVER,IKOM,2022-12-31,2022,12,4,132.0,10.0,7.0,192,2,31.0,0,0,163.0,1,146.0,116.0,96.0,2023-01-21,Data Clerk
LAG014,COTTAGE HOSPITAL LAGOS ISLAND II,LAGOS,LAGOS ISLAND,2023-12-31,2023,12,4,674.0,3.0,2.0,1725,4,118.0,1,0,992.0,22,1522.0,1390.0,1349.0,2024-02-15,Facility Focal Person
LAG099,GENERAL HOSPITAL KARU II,NASARAWA,KARU,2022-10-31,2022,10,4,579.0,4.0,3.0,2459,38,148.0,1,0,1459.0,21,1887.0,1160.0,1060.0,2022-11-18,M&E Officer
LAG004,COMPREHENSIVE HEALTH CENTRE SURULERE,LAGOS,SURULERE,2024-02-29,2024,2,1,493.0,8.0,5.0,621,5,71.0,0,0,444.0,9,550.0,365.0,309.0,2024-03-18,Data Clerk
AKS009,PRIMARY HEALTH CENTRE IKOT EKPENE II,AKWA IBOM,IKOT EKPENE,2022-06-30,2022,6,2,95.0,4.0,3.0,237,3,21.0,0,0,141.0,2,218.0,137.0,113.0,2022-07-15,M&E Officer
LAG012,PRIMARY HEALTH CENTRE ALIMOSHO II,LAGOS,ALIMOSHO,2023-05-31,2023,5,2,177.0,5.0,4.0,635,11,20.0,2,1,481.0,8,466.0,319.0,304.0,2023-06-16,Facility Focal Person
AKS003,MODEL PRIMARY HEALTH CENTRE EKET,AKWA IBOM,EKET,2023-12-31,2023,12,4,568.0,17.0,14.0,385,6,112.0,3,2,359.0,6,270.0,197.0,180.0,2024-01-13,Facility Focal Person
NAS002,COTTAGE HOSPITAL KARU,NASARAWA,KARU,2023-04-30,2023,4,2,429.0,1.0,0.0,305,4,109.0,0,0,287.0,6,,223.0,200.0,2023-05-16,Facility Focal Person
BEN013,MODEL PRIMARY HEALTH CENTRE MAKURDI II,BENUE,MAKURDI,2022-06-30,2022,6,2,717.0,39.0,30.0,373,1,191.0,4,3,308.0,4,345.0,258.0,235.0,2022-08-15,M&E Officer
AKS007,TEACHING HOSPITAL IKONO,AKWA IBOM,IKONO,2024-01-31,2024,1,1,1140.0,12.0,11.0,5481,54,159.0,0,0,4844.0,84,3834.0,3374.0,2875.0,2024-02-21,M&E Officer
LAG013,SPECIALIST HOSPITAL IKORODU II,LAGOS,IKORODU,2024-09-30,2024,9,3,2452.0,98.0,76.0,6324,62,467.0,7,5,4557.0,84,,2586.0,2272.0,2024-10-29,M&E Officer
FCT013,COTTAGE HOSPITAL GWAGWALADA II,FCT,GWAGWALADA,2023-11-30,2023,11,4,829.0,6.0,5.0,1291,14,188.0,0,0,815.0,15,1170.0,965.0,798.0,2023-12-16,Facility Focal Person
BEN013,MODEL PRIMARY HEALTH CENTRE MAKURDI II,BENUE,MAKURDI,2022-02-01,2022,2,1,475.0,14.0,10.0,294,4,148.0,0,0,183.0,2,258.0,213.0,207.0,2022-03-15,Data Clerk
FCT011,COTTAGE HOSPITAL AMAC II,FCT,AMAC,2022-11-01,2022,11,4,246.0,15.0,14.0,,30,27.0,1,0,1830.0,29,1816.0,1283.0,1159.0,2022-12-15,M&E Officer
LAG013,SPECIALIST HOSPITAL IKORODU II,LAGOS,IKORODU,2022-10-01,2022,10,4,1373.0,46.0,44.0,6087,34,209.0,5,4,4832.0,85,4465.0,3859.0,3469.0,2022-11-15,Data Clerk
NAS006,PRIMARY HEALTH CENTRE LAFIA II,NASARAWA,LAFIA,2024-03-31,2024,3,1,270.0,11.0,9.0,943,14,53.0,0,0,876.0,12,839.0,587.0,560.0,2024-04-18,Data Clerk
AKS010,GENERAL HOSPITAL EKET II,AKWA IBOM,EKET,2024-06-30,2024,6,2,586.0,19.0,14.0,1592,11,100.0,0,0,1028.0,14,1206.0,940.0,786.0,2024-07-18,Facility Focal Person
RIV007,PRIMARY HEALTH CENTRE PORT HARCOURT II,RIVERS,PORT HARCOURT,2022-04-30,2022,4,2,436.0,1.0,0.0,717,3,109.0,0,0,549.0,11,561.0,316.0,261.0,2022-05-11,Facility Focal Person
CRS008,COTTAGE HOSPITAL OGOJA II,CROSS RIVER,OGOJA,2024-06-30,2024,6,2,814.0,39.0,31.0,2143,42,117.0,1,0,1763.0,34,1697.0,1461.0,1408.0,2024-07-11,M&E Officer
CRS005,TEACHING HOSPITAL AKAMKPA,CROSS RIVER,AKAMKPA,2024-02-29,2024,2,1,718.0,18.0,15.0,4171,50,95.0,4,3,3474.0,65,3636.0,,2199.0,2024-03-21,Data Clerk
CRS003,SPECIALIST HOSPITAL OGOJA,CROSS RIVER,OGOJA,2022-06-30,2022,6,2,1726.0,58.0,41.0,5560,55,409.0,9,7,3429.0,59,3979.0,3282.0,2871.0,2022-07-11,Facility Focal Person
XXX999,MODEL PRIMARY HEALTH CENTRE ABAK II,AKWA IBOM,ABAK,2024-10-31,2024,10,4,-20.0,,11.0,709,1,61.0,1,0,642.0,14,629.0,543.0,486.0,2024-11-13,Facility Focal Person
FCT006,MISSION HOSPITAL AMAC II,FCT,AMAC,2024-02-29,2024,2,1,802.0,23.0,16.0,,14,87.0,0,0,1691.0,41,1702.0,984.0,883.0,2024-03-29,Data Clerk
KAD013,SPECIALIST HOSPITAL ZARIA II,KADUNA,ZARIA,2022-01-31,2022,1,1,15700.0,74.0,62.0,1392,20,159.0,3,2,1138.0,19,1131.0,645.0,597.0,2022-02-21,M&E Officer
KAD010,COTTAGE HOSPITAL CHIKUN II,KADUNA,CHIKUN,2024-05-31,2024,5,2,309.0,11.0,8.0,956,15,85.0,1,0,598.0,15,745.0,674.0,622.0,2024-06-16,M&E Officer
BEN015,PRIMARY HEALTH CENTRE OTUKPO II,BENUE,OTUKPO,2022-10-31,2022,10,4,1140.0,3.0,2.0,846,12,36.0,0,0,661.0,13,602.0,468.0,395.0,2022-11-11,M&E Officer
BEN002,SPECIALIST HOSPITAL GBOKO,BENUE,GBOKO,2023-01-31,2023,1,1,2204.0,38.0,36.0,4670,77,438.0,4,3,3761.0,72,3274.0,2215.0,2046.0,2023-02-11,Data Clerk
NAS013,GENERAL HOSPITAL KEFFI II,NASARAWA,KEFFI,2023-02-28,2023,2,1,542.0,22.0,20.0,1634,29,111.0,1,0,1086.0,14,1376.0,1295.0,1081.0,2023-03-15,M&E Officer
AKS001,COMPREHENSIVE HEALTH CENTRE UYO,AKWA IBOM,UYO,2024-06-30,2024,6,2,673.0,3.0,2.0,321,2,185.0,0,0,259.0,5,230.0,149.0,123.0,2024-08-15,Data Clerk
BEN010,MODEL PRIMARY HEALTH CENTRE OKPOKWU II,BENUE,OKPOKWU,2024-06-30,2024,6,2,481.0,11.0,8.0,709,9,117.0,3,2,462.0,4,563.0,458.0,438.0,2024-07-29,M&E Officer
CRS004,COMPREHENSIVE HEALTH CENTRE OBUDU,CROSS RIVER,OBUDU,2023-05-31,2023,5,2,267.0,10.0,8.0,459,1,79.0,1,0,282.0,6,314.0,191.0,173.0,2023-06-13,Facility Focal Person
RIV009,MISSION HOSPITAL KHANA II,RIVERS,KHANA,2024-06-30,2024,6,2,584.0,12.0,8.0,775,8,109.0,0,0,499.0,8,632.0,419.0,354.0,2024-07-13,Facility Focal Person
NAS003,COTTAGE HOSPITAL KEFFI,NASARAWA,KEFFI,2022-12-31,2022,12,4,,3.0,2.0,1739,18,21.0,0,0,1324.0,24,1230.0,716.0,653.0,2023-01-16,M&E Officer
AKS005,COMPREHENSIVE HEALTH CENTRE ORON,AKWA IBOM,ORON,2024-10-31,2024,10,4,136.0,3.0,2.0,946,19,35.0,0,0,529.0,9,749.0,660.0,625.0,2024-11-11,Data Clerk
KAD002,TEACHING HOSPITAL KADUNA SOUTH,KADUNA,KADUNA SOUTH,2022-10-31,2022,10,4,1168.0,16.0,15.0,4302,53,140.0,2,1,3682.0,64,3142.0,2448.0,2032.0,2022-11-22,Data Clerk
LAG008,COTTAGE HOSPITAL LAGOS ISLAND II,LAGOS,LAGOS ISLAND,2022-09-30,2022,9,3,135.0,5.0,3.0,851,11,19.0,1,0,545.0,8,633.0,510.0,460.0,2022-10-13,Data Clerk
FCT003,SPECIALIST HOSPITAL GWAGWALADA,FCT,GWAGWALADA,2022-09-30,2022,9,3,505.0,6.0,5.0,6358,16,152.0,0,0,4789.0,71,4756.0,3992.0,3543.0,2022-10-11,Facility Focal Person
TMP001,GENERAL HOSPITAL SABON GARI II,KADUNA,SABON GARI,2024-05-31,2024,5,2,260.0,11.0,8.0,2219,37,29.0,0,0,1446.0,31,2044.0,1579.0,1461.0,2024-06-13,Data Clerk
RIV012,PRIMARY HEALTH CENTRE ELEME II,RIVERS,ELEME,2024-01-01,2024,1,1,527.0,13.0,9.0,995,3,130.0,3,2,793.0,12,750.0,492.0,415.0,2024-02-11,Data Clerk
NAS999,GENERAL HOSPITAL OTUKPO,BENUE,OTUKPO,2024-12-31,2024,12,4,524.0,24.0,21.0,2311,4,80.0,0,0,1643.0,22,1922.0,1512.0,,2025-01-11,M&E Officer
FCT015,COMPREHENSIVE HEALTH CENTRE ABAJI II,FCT,ABAJI,2023-06-30,2023,6,2,118.0,3.0,2.0,784,2,32.0,2,1,738.0,14,625.0,384.0,360.0,2023-07-21,Data Clerk
CRS001,MODEL PRIMARY HEALTH CENTRE CALABAR MUNICIPAL,CROSS RIVER,CALABAR MUNICIPAL,2023-08-31,2023,8,3,221.0,16.0,13.0,690,1,50.0,2,1,602.0,14,494.0,418.0,357.0,2023-09-16,M&E Officer
AKS003,MODEL PRIMARY HEALTH CENTRE EKET,AKWA IBOM,EKET,2022-02-28,2022,2,1,433.0,6.0,4.0,130,2,133.0,1,0,96.0,1,112.0,76.0,73.0,2022-03-15,Facility Focal Person
AKS013,MODEL PRIMARY HEALTH CENTRE ABAK II,AKWA IBOM,ABAK,2023-02-28,2023,2,1,481.0,16.0,13.0,576,1,119.0,1,0,401.0,5,534.0,502.0,414.0,2023-03-18,Data Clerk
BEN010,MODEL PRIMARY HEALTH CENTRE OKPOKWU II,BENUE,OKPOKWU,2024-04-30,2024,4,2,484.0,3.0,2.0,710,13,91.0,0,0,481.0,9,644.0,431.0,392.0,2024-05-13,M&E Officer
BEN002,SPECIALIST HOSPITAL GBOKO,BENUE,GBOKO,2022-08-31,2022,8,3,2137.0,40.0,28.0,4881,62,609.0,6,5,4075.0,88,4373.0,3620.0,3423.0,2022-09-13,Facility Focal Person
LAG014,COTTAGE HOSPITAL LAGOS ISLAND II,LAGOS,LAGOS ISLAND,2023-08-31,2023,8,3,835.0,14.0,11.0,1791,14,112.0,1,0,1506.0,32,1458.0,1372.0,1296.0,2023-09-21,Data Clerk
LAG005,MISSION HOSPITAL AGEGE,LAGOS,AGEGE,2023-08-31,2023,8,3,1126.0,35.0,32.0,1696,5,,7,5,1501.0,34,1240.0,1075.0,976.0,2023-09-15,Facility Focal Person
AKS001,COMPREHENSIVE HEALTH CENTRE UYO,AKWA IBOM,UYO,2024-07-01,2024,7,3,733.0,8.0,6.0,323,4,78.0,0,0,194.0,4,227.0,,164.0,2024-09-15,Data Clerk
CRS010,COMPREHENSIVE HEALTH CENTRE AKAMKPA II,CROSS RIVER,AKAMKPA,2024-12-31,2024,12,4,,2.0,1.0,331,2,8.0,0,0,220.0,4,263.0,237.0,215.0,2025-01-15,Facility Focal Person
BEN007,SPECIALIST HOSPITAL MAKURDI II,BENUE,MAKURDI,2024-06-30,2024,6,2,348.0,5.0,3.0,1844,4,105.0,0,0,1164.0,21,1636.0,1102.0,938.0,2024-07-13,Facility Focal Person
KAD012,COMPREHENSIVE HEALTH CENTRE KADUNA SOUTH II,KADUNA,KADUNA SOUTH,2023-02-28,2023,2,1,375.0,6.0,4.0,641,10,68.0,1,0,381.0,5,486.0,356.0,296.0,2023-03-15,M&E Officer
RIV015,SPECIALIST HOSPITAL KHANA II,RIVERS,KHANA,2022-01-31,2022,1,1,293.0,20.0,15.0,2512,21,65.0,2,1,1384.0,30,2255.0,1845.0,1584.0,2022-02-11,M&E Officer
AKS002,GENERAL HOSPITAL IKOT EKPENE,AKWA IBOM,IKOT EKPENE,2023-05-31,2023,5,2,296.0,5.0,4.0,622,7,91.0,1,0,517.0,13,561.0,315.0,270.0,2023-06-13,M&E Officer
AKS012,COTTAGE HOSPITAL ORON II,AKWA IBOM,ORON,2022-07-31,2022,7,3,881.0,42.0,35.0,511,2,,1,0,447.0,6,466.0,345.0,312.0,2022-08-29,M&E Officer
FCT003,SPECIALIST HOSPITAL GWAGWALADA,FCT,GWAGWALADA,2023-11-30,2023,11,4,483.0,12.0,8.0,5456,69,112.0,2,1,3449.0,48,4797.0,3939.0,3502.0,2023-12-16,Data Clerk
LAG010,PRIMARY HEALTH CENTRE SURULERE II,LAGOS,SURULERE,2023-11-30,2023,11,4,467.0,12.0,11.0,955,11,73.0,0,0,789.0,12,741.0,597.0,531.0,2023-12-13,Data Clerk
AKS013,MODEL PRIMARY HEALTH CENTRE ABAK II,AKWA IBOM,ABAK,2022-05-31,2022,5,2,514.0,21.0,17.0,522,5,153.0,5,4,433.0,11,435.0,252.0,236.0,2022-06-15,M&E Officer
BEN010,MODEL PRIMARY HEALTH CENTRE OKPOKWU II,BENUE,OKPOKWU,2023-08-31,2023,8,3,340.0,2.0,1.0,744,4,74.0,2,1,612.0,3,544.0,469.0,458.0,2023-09-21,Data Clerk
NAS011,MISSION HOSPITAL LAFIA II,NASARAWA,LAFIA,2024-08-31,2024,8,3,1555.0,15.0,14.0,2405,10,237.0,1,0,1341.0,28,1875.0,1579.0,1385.0,2024-09-21,Facility Focal Person
CRS004,COMPREHENSIVE HEALTH CENTRE OBUDU,CROSS RIVER,OBUDU,2024-01-01,2024,1,1,123.0,0.0,0.0,455,1,,0,0,332.0,7,313.0,213.0,205.0,2024-02-15,Facility Focal Person
CRS004,COMPREHENSIVE HEALTH CENTRE OBUDU,CROSS RIVER,OBUDU,2023-08-31,2023,8,3,210.0,3.0,2.0,459,6,31.0,1,0,315.0,4,366.0,265.0,233.0,2023-09-16,M&E Officer
RIV001,MODEL PRIMARY HEALTH CENTRE PORT HARCOURT,RIVERS,PORT HARCOURT,2024-01-31,2024,1,1,51.0,1.0,0.0,894,4,10.0,0,0,559.0,633,733.0,413.0,381.0,2024-02-18,Facility Focal Person
LAG005,MISSION HOSPITAL AGEGE,LAGOS,AGEGE,2022-06-30,2022,6,2,1107.0,,32.0,1531,3,177.0,5,4,884.0,18,1408.0,1069.0,970.0,2022-07-21,Facility Focal Person
NAS004,COTTAGE HOSPITAL AKWANGA,NASARAWA,AKWANGA,2022-04-30,2022,4,2,269.0,11.0,7.0,428,2,85.0,1,0,378.0,7,295.0,249.0,220.0,2022-05-16,M&E Officer
FCT006,MISSION HOSPITAL AMAC II,FCT,AMAC,2022-11-30,2022,11,4,545.0,21.0,20.0,2289,35,121.0,3,2,1794.0,27,1954.0,1236.0,1210.0,2023-01-15,M&E Officer
AKS001,COMPREHENSIVE HEALTH CENTRE UYO,AKWA IBOM,UYO,2024-03-31,2024,3,1,576.0,6.0,4.0,322,3,,2,1,266.0,9,256.0,188.0,167.0,2024-04-18,Data Clerk
BEN012,COTTAGE HOSPITAL VANDEIKYA II,BENUE,VANDEIKYA,2022-05-31,2022,5,2,512.0,5.0,4.0,480,4,76.0,1,0,374.0,4,389.0,309.0,266.0,2022-06-16,M&E Officer
BEN015,PRIMARY HEALTH CENTRE OTUKPO II,BENUE,OTUKPO,2023-02-01,2023,2,1,94.0,3.0,2.0,816,15,25.0,0,0,574.0,7,670.0,466.0,443.0,2023-03-13,M&E Officer
AKS006,PRIMARY HEALTH CENTRE ABAK,AKWA IBOM,ABAK,2024-11-30,2024,11,4,431.0,17.0,12.0,520,5,44.0,0,0,351.0,4,360.0,264.0,257.0,2024-12-21,M&E Officer
AKS013,MODEL PRIMARY HEALTH CENTRE ABAK II,AKWA IBOM,ABAK,2023-07-31,2023,7,3,448.0,19.0,16.0,610,2,46.0,1,0,560.0,2,534.0,506.0,429.0,2023-08-21,Facility Focal Person
FCT009,MODEL PRIMARY HEALTH CENTRE KUJE II,FCT,KUJE,2023-05-31,2023,5,2,198.0,9.0,6.0,457,6,39.0,1,0,431.0,9,414.0,255.0,247.0,2023-06-15,Facility Focal Person
LAG003,TEACHING HOSPITAL BADAGRY,LAGOS,BADAGRY,2023-06-30,2023,6,2,3303.0,126.0,107.0,6575,33,943.0,17,16,3700.0,68,4931.0,3443.0,3336.0,2023-07-18,Facility Focal Person
FCT001,MISSION HOSPITAL AMAC,FCT,AMAC,2023-07-31,2023,7,3,1199.0,12.0,11.0,1270,11,246.0,0,0,902.0,14,1069.0,783.0,660.0,2023-08-11,Facility Focal Person
FCT011,COTTAGE HOSPITAL AMAC II,FCT,AMAC,2022-05-31,2022,5,2,360.0,15.0,12.0,2340,15,79.0,2,1,1557.0,27,1816.0,1618.0,1415.0,2022-06-13,Data Clerk
AKS006,PRIMARY HEALTH CENTRE ABAK,AKWA IBOM,ABAK,2022-04-30,2022,4,2,414.0,11.0,10.0,232,1,72.0,0,0,206.0,3,160.0,148.0,136.0,2022-05-11,M&E Officer
KAD014,GENERAL HOSPITAL SABON GARI II,KADUNA,SABON GARI,2022-01-31,2022,1,1,202.0,9.0,,2886,12,56.0,2,1,2679.0,58,2195.0,1440.0,1320.0,2022-02-11,M&E Officer
KAD006,SPECIALIST HOSPITAL KADUNA NORTH II,KADUNA,KADUNA NORTH,2023-02-01,2023,2,1,,24.0,23.0,1611,14,510.0,4,3,1150.0,19,1288.0,957.0,898.0,2023-03-13,Data Clerk
BEN003,GENERAL HOSPITAL OTUKPO,BENUE,OTUKPO,2022-06-30,2022,6,2,628.0,26.0,20.0,2588,24,122.0,5,4,2225.0,50,2403.0,2158.0,1897.0,2022-07-16,Data Clerk
AKS009,PRIMARY HEALTH CENTRE IKOT EKPENE II,AKWA IBOM,IKOT EKPENE,2024-10-31,2024,10,4,102.0,4.0,3.0,235,1,23.0,1,0,145.0,2,200.0,122.0,117.0,2024-11-29,Facility Focal Person
CRS012,MODEL PRIMARY HEALTH CENTRE IKOM II,CROSS RIVER,IKOM,2023-09-30,2023,9,3,455.0,3.0,2.0,775,14,143.0,1,0,671.0,14,531.0,345.0,317.0,2023-10-13,Facility Focal Person
KAD007,MODEL PRIMARY HEALTH CENTRE KADUNA SOUTH II,KADUNA,KADUNA SOUTH,2023-02-28,2023,2,1,188.0,11.0,8.0,1126,7,22.0,1,0,915.0,16,904.0,584.0,487.0,2023-03-13,Data Clerk
RIV004,MODEL PRIMARY HEALTH CENTRE AHOADA EAST,RIVERS,AHOADA EAST,2022-08-31,2022,8,3,345.0,6.0,5.0,874,4,71.0,1,0,721.0,18,687.0,564.0,533.0,2022-09-11,Data Clerk
RIV012,PRIMARY HEALTH CENTRE ELEME II,RIVERS,ELEME,2024-02-29,2024,2,1,504.0,19.0,16.0,1005,6,159.0,1,0,726.0,17,743.0,550.0,531.0,2024-03-13,Facility Focal Person
NAS015,SPECIALIST HOSPITAL NASARAWA II,NASARAWA,NASARAWA,2024-04-30,2024,4,2,1270.0,47.0,41.0,3262,32,224.0,9,8,2098.0,44,2516.0,1559.0,1356.0,2024-05-18,Data Clerk
LAG003,TEACHING HOSPITAL BADAGRY,LAGOS,BADAGRY,2023-03-01,2023,3,1,2968.0,149.0,138.0,6500,33,,19,14,3647.0,51,5804.0,4707.0,4182.0,2023-04-15,Data Clerk
KAD010,COTTAGE HOSPITAL CHIKUN II,KADUNA,CHIKUN,2023-07-31,2023,7,3,308.0,17.0,16.0,967,7,31.0,1,0,822.0,21,804.0,604.0,551.0,2023-08-16,M&E Officer
KAD009,MODEL PRIMARY HEALTH CENTRE SABON GARI II,KADUNA,SABON GARI,2024-06-30,2024,6,2,716.0,32.0,28.0,944,12,97.0,4,3,693.0,10,665.0,414.0,361.0,2024-07-13,M&E Officer
CRS013,MISSION HOSPITAL OGOJA II,CROSS RIVER,OGOJA,2024-09-01,2024,9,3,275.0,4.0,,734,9,70.0,0,0,457.0,12,566.0,388.0,353.0,2024-10-21,Facility Focal Person
NAS999,MISSION HOSPITAL UYO II,AKWA IBOM,UYO,2023-12-31,2023,12,4,798.0,36.0,29.0,2441,48,112.0,3,2,1459.0,25,2050.0,1558.0,1426.0,2024-01-29,Data Clerk
BEN004,GENERAL HOSPITAL OKPOKWU,BENUE,OKPOKWU,2022-05-31,2022,5,2,1147.0,9.0,8.0,368,2,272.0,1,0,243.0,5,283.0,,231.0,2022-07-16,M&E Officer
AKS004,COMPREHENSIVE HEALTH CENTRE ETINAN,AKWA IBOM,ETINAN,2023-03-31,2023,3,1,234.0,8.0,7.0,968,4,59.0,1,0,726.0,10,816.0,649.0,598.0,2023-04-18,M&E Officer
CRS003,SPECIALIST HOSPITAL OGOJA,CROSS RIVER,OGOJA,2024-06-30,2024,6,2,1945.0,62.0,46.0,5101,77,537.0,8,6,4325.0,67,4671.0,3864.0,3305.0,2024-07-11,M&E Officer
FCT007,SPECIALIST HOSPITAL BWARI II,FCT,BWARI,2022-07-31,2022,7,3,2077.0,56.0,55.0,4466,82,600.0,4,3,3785.0,68,3045.0,2422.0,2259.0,2022-08-13,M&E Officer
AKS002,GENERAL HOSPITAL IKOT EKPENE,AKWA IBOM,IKOT EKPENE,2022-09-30,2022,9,3,210.0,2.0,1.0,656,12,34.0,0,0,399.0,7,600.0,537.0,521.0,2022-10-15,Data Clerk
AKS009,PRIMARY HEALTH CENTRE IKOT EKPENE II,AKWA IBOM,IKOT EKPENE,2022-02-01,2022,2,1,69.0,,3.0,242,0,9.0,0,0,176.0,2,186.0,129.0,110.0,2022-03-15,M&E Officer
FCT010,MODEL PRIMARY HEALTH CENTRE ABAJI II,FCT,ABAJI,2023-07-31,2023,7,3,539.0,9.0,8.0,378,4,109.0,2,1,341.0,10,300.0,193.0,176.0,2023-09-15,M&E Officer
KAD010,COTTAGE HOSPITAL CHIKUN II,KADUNA,CHIKUN,2022-09-01,2022,9,3,224.0,12.0,8.0,948,7,59.0,2,1,881.0,13,727.0,558.0,468.0,2022-10-15,M&E Officer
LAG005,MISSION HOSPITAL AGEGE,LAGOS,AGEGE,2024-03-31,2024,3,1,1367.0,41.0,30.0,1785,3,436.0,7,5,1003.0,14,1230.0,1029.0,980.0,2024-04-18,Facility Focal Person
BEN004,GENERAL HOSPITAL OKPOKWU,BENUE,OKPOKWU,2022-01-01,2022,1,1,575.0,4.0,3.0,351,5,109.0,0,0,276.0,4,325.0,258.0,242.0,2022-02-15,Facility Focal Person
AKS010,GENERAL HOSPITAL EKET II,AKWA IBOM,EKET,2024-07-31,2024,7,3,760.0,8.0,7.0,1574,25,134.0,1,0,1384.0,32,1412.0,947.0,919.0,2024-08-15,M&E Officer
LAG006,SPECIALIST HOSPITAL ALIMOSHO,LAGOS,ALIMOSHO,2023-01-31,2023,1,1,652.0,14.0,13.0,5126,35,205.0,3,2,3935.0,81,3838.0,2873.0,2679.0,2023-02-15,Data Clerk
NAS006,PRIMARY HEALTH CENTRE LAFIA II,NASARAWA,LAFIA,2022-03-01,2022,3,1,195.0,11.0,8.0,1041,6,59.0,3,2,608.0,13,892.0,636.0,579.0,2022-04-11,Data Clerk
BEN015,PRIMARY HEALTH CENTRE OTUKPO II,BENUE,OTUKPO,2023-09-30,2023,9,3,139.0,2.0,1.0,766,10,41.0,1,0,676.0,10,566.0,529.0,504.0,2023-10-11,M&E Officer
LAG014,COTTAGE HOSPITAL LAGOS ISLAND II,LAGOS,LAGOS ISLAND,2023-03-01,2023,3,1,701.0,6.0,5.0,1857,14,75.0,1,0,1713.0,25,1441.0,1199.0,1141.0,2023-04-13,M&E Officer
FCT004,MODEL PRIMARY HEALTH CENTRE KUJE,FCT,KUJE,2023-08-31,2023,8,3,348.0,19.0,16.0,1302,15,39.0,0,0,1068.0,12,985.0,800.0,689.0,2023-09-18,M&E Officer
NAS003,COTTAGE HOSPITAL KEFFI,NASARAWA,KEFFI,2024-05-31,2024,5,2,337.0,6.0,4.0,1490,23,62.0,0,0,920.0,18,1364.0,863.0,791.0,2024-06-11,Data Clerk
NAS999,SPECIALIST HOSPITAL MAKURDI II,BENUE,MAKURDI,2022-02-01,2022,2,1,253.0,5.0,4.0,2386,45,78.0,1,0,1667.0,41,1924.0,1298.0,1170.0,2022-03-18,M&E Officer
AKS015,MISSION HOSPITAL UYO II,AKWA IBOM,UYO,2024-07-31,2024,7,3,841.0,25.0,22.0,2422,17,106.0,2,1,1451.0,30,1665.0,1480.0,1331.0,2024-08-11,M&E Officer
NAS015,SPECIALIST HOSPITAL NASARAWA II,NASARAWA,NASARAWA,2024-09-30,2024,9,3,1224.0,79.0,67.0,3389,25,248.0,12,9,2604.0,52,3001.0,2209.0,1901.0,2024-10-13,M&E Officer
LAG013,SPECIALIST HOSPITAL IKORODU II,LAGOS,IKORODU,2023-08-31,2023,8,3,2388.0,115.0,109.0,6071,97,493.0,17,15,5123.0,84,4918.0,4025.0,3905.0,2023-09-15,M&E Officer
BEN013,MODEL PRIMARY HEALTH CENTRE MAKURDI II,BENUE,MAKURDI,2024-05-31,2024,5,2,638.0,30.0,24.0,763,6,156.0,2,1,699.0,12,530.0,397.0,387.0,2024-06-15,M&E Officer
LAG099,MISSION HOSPITAL AMAC,FCT,AMAC,2023-12-01,2023,12,4,832.0,12.0,9.0,1216,23,249.0,0,0,838.0,18,932.0,657.0,622.0,2024-01-21,M&E Officer
KAD005,COTTAGE HOSPITAL CHIKUN,KADUNA,CHIKUN,2024-02-29,2024,2,1,495.0,6.0,4.0,364,7,85.0,2,1,219.0,3,284.0,187.0,162.0,2024-03-13,Facility Focal Person
AKS008,PRIMARY HEALTH CENTRE UYO II,AKWA IBOM,UYO,2022-05-31,2022,5,2,71.0,0.0,0.0,83,0,9.0,0,0,66.0,0,74.0,64.0,60.0,2022-06-13,M&E Officer
CRS004,COMPREHENSIVE HEALTH CENTRE OBUDU,CROSS RIVER,OBUDU,2024-03-31,2024,3,1,261.0,3.0,2.0,451,5,77.0,0,0,279.0,6,330.0,270.0,226.0,2024-04-21,M&E Officer
LAG015,MODEL PRIMARY HEALTH CENTRE BADAGRY II,LAGOS,BADAGRY,2024-05-31,2024,5,2,337.0,12.0,9.0,1078,15,60.0,0,0,886.0,22,870.0,495.0,473.0,2024-06-16,M&E Officer
LAG014,COTTAGE HOSPITAL LAGOS ISLAND II,LAGOS,LAGOS ISLAND,2023-01-31,2023,1,1,526.0,16.0,12.0,1886,8,105.0,1,0,1165.0,22,1732.0,960.0,907.0,2023-02-21,Data Clerk
BEN015,PRIMARY HEALTH CENTRE OTUKPO II,BENUE,OTUKPO,2024-07-31,2024,7,3,212.0,4.0,3.0,736,14,45.0,0,0,536.0,10,680.0,426.0,379.0,2024-08-18,Data Clerk
FCT013,COTTAGE HOSPITAL GWAGWALADA II,FCT,GWAGWALADA,2023-08-31,2023,8,3,973.0,7.0,5.0,,8,226.0,0,0,938.0,22,1174.0,712.0,600.0,2023-09-13,Data Clerk
RIV003,COMPREHENSIVE HEALTH CENTRE KHANA,RIVERS,KHANA,2024-12-01,2024,12,4,352.0,15.0,14.0,1075,19,109.0,4,3,645.0,10,984.0,800.0,661.0,2025-01-11,Data Clerk
BEN012,COTTAGE HOSPITAL VANDEIKYA II,BENUE,VANDEIKYA,2024-02-29,2024,2,1,614.0,6.0,4.0,460,2,86.0,0,0,426.0,8,327.0,250.0,208.0,2024-03-13,M&E Officer
FCT004,MODEL PRIMARY HEALTH CENTRE KUJE,FCT,KUJE,2023-01-31,2023,1,1,225.0,14.0,12.0,1305,11,47.0,2,1,1162.0,14,1000.0,937.0,813.0,2023-02-18,Facility Focal Person
NAS010,TEACHING HOSPITAL NASARAWA II,NASARAWA,NASARAWA,2022-09-30,2022,9,3,2246.0,77.0,55.0,4701,71,,9,8,3060.0,50,4028.0,3640.0,3078.0,2022-10-18,M&E Officer
BEN012,COTTAGE HOSPITAL VANDEIKYA II,BENUE,VANDEIKYA,2024-06-30,2024,6,2,794.0,9.0,8.0,462,3,214.0,0,0,316.0,5,372.0,268.0,228.0,2024-07-15,Facility Focal Person
CRS012,MODEL PRIMARY HEALTH CENTRE IKOM II,CROSS RIVER,IKOM,2024-03-31,2024,3,1,485.0,7.0,6.0,761,11,101.0,2,1,587.0,7,678.0,610.0,518.0,2024-04-21,Data Clerk
CRS005,TEACHING HOSPITAL AKAMKPA,CROSS RIVER,AKAMKPA,2024-04-30,2024,4,2,1048.0,42.0,40.0,4175,33,233.0,4,3,3398.0,69,3364.0,2295.0,2189.0,2024-05-11,Data Clerk
CRS006,PRIMARY HEALTH CENTRE CALABAR MUNICIPAL II,CROSS RIVER,CALABAR MUNICIPAL,2023-08-31,2023,8,3,444.0,9.0,8.0,1349,5,47.0,0,0,918.0,26,1068.0,971.0,905.0,2023-09-13,M&E Officer
AKS009,PRIMARY HEALTH CENTRE IKOT EKPENE II,AKWA IBOM,IKOT EKPENE,2022-04-30,2022,4,2,80.0,1.0,0.0,240,4,13.0,0,0,181.0,4,205.0,131.0,119.0,2022-05-13,Facility Focal Person
XXX999,PRIMARY HEALTH CENTRE ALIMOSHO II,LAGOS,ALIMOSHO,2023-11-30,2023,11,4,172.0,5.0,4.0,643,7,35.0,1,0,537.0,13,480.0,315.0,273.0,2023-12-11,M&E Officer
BEN005,MODEL PRIMARY HEALTH CENTRE KATSINA-ALA,BENUE,KATSINA-ALA,2023-02-28,2023,2,1,431.0,16.0,13.0,476,3,96.0,3,2,446.0,7,400.0,321.0,301.0,2023-03-11,M&E Officer
LAG006,SPECIALIST HOSPITAL ALIMOSHO,LAGOS,ALIMOSHO,2024-10-31,2024,10,4,905.0,15.0,,4439,57,237.0,5,3,3129.0,66,3389.0,3188.0,2863.0,2024-11-15,Facility Focal Person
FCT006,MISSION HOSPITAL AMAC II,FCT,AMAC,2023-10-31,2023,10,4,867.0,26.0,24.0,2188,20,106.0,4,3,1619.0,27,1907.0,1468.0,1262.0,2023-11-13,Data Clerk
KAD003,MISSION HOSPITAL ZARIA,KADUNA,ZARIA,2024-07-31,2024,7,3,1596.0,79.0,67.0,2958,7,368.0,7,5,2669.0,53,2313.0,2106.0,1875.0,2024-08-16,M&E Officer
LAG007,PRIMARY HEALTH CENTRE IKORODU II,LAGOS,IKORODU,2024-07-31,2024,7,3,460.0,23.0,21.0,631,6,114.0,2,1,454.0,7,524.0,422.0,353.0,2024-08-13,M&E Officer
FCT009,MODEL PRIMARY HEALTH CENTRE KUJE II,FCT,KUJE,2022-08-31,2022,8,3,151.0,6.0,5.0,442,4,36.0,1,0,321.0,7,357.0,207.0,180.0,2022-10-16,M&E Officer
AKS008,PRIMARY HEALTH CENTRE UYO II,AKWA IBOM,UYO,2022-12-31,2022,12,4,76.0,2.0,1.0,86,1,22.0,1,0,74.0,0,73.0,64.0,55.0,2023-01-11,M&E Officer
FCT015,COMPREHENSIVE HEALTH CENTRE ABAJI II,FCT,ABAJI,2023-07-31,2023,7,3,126.0,6.0,4.0,775,13,16.0,3,2,478.0,5,598.0,333.0,287.0,2023-08-16,M&E Officer
NAS999,GENERAL HOSPITAL OKPOKWU,BENUE,OKPOKWU,2022-02-28,2022,2,1,804.0,6.0,5.0,355,1,160.0,0,0,,6,307.0,203.0,176.0,2022-03-18,Data Clerk
CRS003,SPECIALIST HOSPITAL OGOJA,CROSS RIVER,OGOJA,2022-07-31,2022,7,3,1327.0,58.0,52.0,5532,80,162.0,2,1,3896.0,66,4035.0,3826.0,3160.0,2022-08-21,Data Clerk
FCT006,MISSION HOSPITAL AMAC II,FCT,AMAC,2022-10-31,2022,10,4,682.0,19.0,14.0,2304,27,130.0,3,2,2095.0,42,1892.0,1797.0,1503.0,2022-11-16,M&E Officer
RIV006,COTTAGE HOSPITAL ELEME,RIVERS,ELEME,2023-02-28,2023,2,1,863.0,44.0,41.0,2525,32,113.0,6,5,1909.0,40,1800.0,1697.0,1662.0,2023-03-13,Data Clerk
AKS002,GENERAL HOSPITAL IKOT EKPENE,AKWA IBOM,IKOT EKPENE,2023-09-30,2023,9,3,300.0,2.0,1.0,601,9,60.0,2,1,446.0,6,554.0,412.0,392.0,2023-10-18,Data Clerk
FCT013,COTTAGE HOSPITAL GWAGWALADA II,FCT,GWAGWALADA,2024-08-31,2024,8,3,1126.0,10.0,8.0,1267,3,195.0,0,0,1065.0,17,862.0,625.0,545.0,2024-09-13,M&E Officer
FCT015,COMPREHENSIVE HEALTH CENTRE ABAJI II,FCT,ABAJI,2024-08-31,2024,8,3,127.0,6.0,4.0,753,2,29.0,1,0,648.0,9,554.0,461.0,,2024-09-13,Data Clerk
FCT005,PRIMARY HEALTH CENTRE ABAJI,FCT,ABAJI,2023-12-31,2023,12,4,471.0,7.0,6.0,535,8,143.0,6,5,490.0,10,442.0,314.0,258.0,2024-02-15,Data Clerk
FCT004,MODEL PRIMARY HEALTH CENTRE KUJE,FCT,KUJE,2022-05-31,2022,5,2,323.0,18.0,15.0,1348,17,45.0,1,0,1129.0,23,1212.0,1080.0,1016.0,2022-06-16,Data Clerk
RIV004,MODEL PRIMARY HEALTH CENTRE AHOADA EAST,RIVERS,AHOADA EAST,2024-09-30,2024,9,3,399.0,12.0,8.0,855,2,66.0,1,0,540.0,10,616.0,530.0,474.0,2024-10-13,M&E Officer
BEN005,MODEL PRIMARY HEALTH CENTRE KATSINA-ALA,BENUE,KATSINA-ALA,2022-12-31,2022,12,4,432.0,15.0,14.0,462,7,,1,0,296.0,2,424.0,335.0,314.0,2023-01-18,Facility Focal Person
AKS006,PRIMARY HEALTH CENTRE ABAK,AKWA IBOM,ABAK,2023-12-31,2023,12,4,516.0,17.0,15.0,419,1,114.0,0,0,,5,296.0,198.0,254.0,2024-01-15,M&E Officer
LAG005,MISSION HOSPITAL AGEGE,LAGOS,AGEGE,2024-01-31,2024,1,1,1207.0,34.0,23.0,1770,16,221.0,4,3,1357.0,22,1634.0,1512.0,1369.0,2024-02-21,Facility Focal Person
NAS999,PRIMARY HEALTH CENTRE LAFIA II,NASARAWA,LAFIA,2023-07-31,2023,7,3,342.0,3.0,2.0,968,6,38.0,0,0,,6,838.0,504.0,467.0,2023-08-11,Data Clerk
BEN007,SPECIALIST HOSPITAL MAKURDI II,BENUE,MAKURDI,2022-01-01,2022,1,1,196.0,3.0,2.0,2427,10,47.0,1,0,1451.0,28,1946.0,1104.0,1007.0,2022-02-11,Data Clerk
RIV008,TEACHING HOSPITAL OBIO/AKPOR II,RIVERS,OBIO/AKPOR,2023-06-30,2023,6,2,1915.0,71.0,63.0,4050,35,345.0,8,6,2266.0,35,3139.0,2293.0,1945.0,2023-07-16,Data Clerk
BEN015,PRIMARY HEALTH CENTRE OTUKPO II,BENUE,OTUKPO,2024-06-30,2024,6,2,203.0,9.0,7.0,747,10,40.0,2,1,526.0,8,,380.0,350.0,2024-07-13,Facility Focal Person
LAG004,COMPREHENSIVE HEALTH CENTRE SURULERE,LAGOS,SURULERE,2024-04-01,2024,4,2,512.0,8.0,6.0,615,5,57.0,0,0,351.0,7,509.0,420.0,357.0,2024-05-15,M&E Officer
NAS011,MISSION HOSPITAL LAFIA II,NASARAWA,LAFIA,2022-12-31,2022,12,4,934.0,10.0,8.0,2688,22,213.0,2,1,1571.0,28,2095.0,1954.0,1688.0,2023-01-21,Facility Focal Person
RIV004,MODEL PRIMARY HEALTH CENTRE AHOADA EAST,RIVERS,AHOADA EAST,2024-11-30,2024,11,4,405.0,11.0,7.0,853,15,57.0,1,0,698.0,11,727.0,579.0,644.0,2024-12-11,Facility Focal Person
NAS011,MISSION HOSPITAL LAFIA II,NASARAWA,LAFIA,2023-07-01,2023,7,3,1356.0,19.0,13.0,2601,5,383.0,4,3,1695.0,30,,1456.0,1411.0,2023-08-16,M&E Officer
KAD001,MODEL PRIMARY HEALTH CENTRE KADUNA NORTH,KADUNA,KADUNA NORTH,2024-09-30,2024,9,3,221.0,11.0,9.0,741,14,39.0,1,0,466.0,6,672.0,474.0,461.0,2024-10-11,Data Clerk
FCT008,TEACHING HOSPITAL GWAGWALADA II,FCT,GWAGWALADA,2024-08-31,2024,8,3,1083.0,56.0,53.0,4744,51,338.0,6,5,3996.0,66,4019.0,,2223.0,2024-09-15,Data Clerk
BEN006,PRIMARY HEALTH CENTRE VANDEIKYA,BENUE,VANDEIKYA,2022-05-31,2022,5,2,228.0,10.0,9.0,315,3,72.0,3,2,283.0,4,238.0,134.0,113.0,2022-06-16,M&E Officer
AKS004,COMPREHENSIVE HEALTH CENTRE ETINAN,AKWA IBOM,ETINAN,2022-06-30,2022,6,2,191.0,9.0,7.0,988,9,,0,0,583.0,9,798.0,718.0,676.0,2022-07-11,M&E Officer
KAD004,SPECIALIST HOSPITAL SABON GARI,KADUNA,SABON GARI,2024-03-31,2024,3,1,3176.0,194.0,139.0,,24,526.0,18,17,2788.0,43,3485.0,2389.0,2144.0,2024-04-15,Data Clerk
AKS008,PRIMARY HEALTH CENTRE UYO II,AKWA IBOM,UYO,2024-11-30,2024,11,4,86.0,1.0,0.0,94,0,15.0,0,0,88.0,3,65.0,39.0,37.0,2024-12-11,M&E Officer
BEN004,GENERAL HOSPITAL OKPOKWU,BENUE,OKPOKWU,2024-05-31,2024,5,2,1131.0,4.0,3.0,405,3,295.0,1,0,316.0,3,308.0,256.0,222.0,2024-06-15,M&E Officer
BEN006,PRIMARY HEALTH CENTRE VANDEIKYA,BENUE,VANDEIKYA,2023-01-31,2023,1,1,242.0,12.0,9.0,330,4,34.0,3,2,264.0,6,272.0,242.0,232.0,2023-02-18,M&E Officer
BEN007,SPECIALIST HOSPITAL MAKURDI II,BENUE,MAKURDI,2022-11-30,2022,11,4,238.0,7.0,6.0,2195,35,56.0,1,0,2072.0,20,1690.0,1540.0,1355.0,2022-12-13,Data Clerk
AKS001,COMPREHENSIVE HEALTH CENTRE UYO,AKWA IBOM,UYO,2023-01-31,2023,1,1,547.0,3.0,2.0,307,6,156.0,0,0,,3,262.0,225.0,203.0,2023-02-11,Facility Focal Person
NAS002,COTTAGE HOSPITAL KARU,NASARAWA,KARU,2024-05-31,2024,5,2,508.0,7.0,5.0,301,4,77.0,0,0,231.0,3,257.0,170.0,141.0,2024-06-29,M&E Officer
KAD006,SPECIALIST HOSPITAL KADUNA NORTH II,KADUNA,KADUNA NORTH,2022-12-31,2022,12,4,1565.0,33.0,27.0,1590,23,194.0,259,2,890.0,18,1256.0,727.0,701.0,2022-12-10,Facility Focal Person
AKS009,PRIMARY HEALTH CENTRE IKOT EKPENE II,AKWA IBOM,IKOT EKPENE,2024-11-30,2024,11,4,93.0,3.0,2.0,235,2,21.0,0,0,192.0,5,216.0,153.0,125.0,2024-12-13,M&E Officer
RIV008,TEACHING HOSPITAL OBIO/AKPOR II,RIVERS,OBIO/AKPOR,2023-02-28,2023,2,1,1389.0,45.0,43.0,,48,305.0,5,4,3508.0,61,2962.0,2575.0,2206.0,2023-03-13,M&E Officer
KAD010,COTTAGE HOSPITAL CHIKUN II,KADUNA,CHIKUN,2022-06-30,2022,6,2,243.0,12.0,8.0,951,11,39.0,1,0,718.0,11,801.0,695.0,654.0,2022-07-21,Facility Focal Person
RIV014,COTTAGE HOSPITAL OBIO/AKPOR II,RIVERS,OBIO/AKPOR,2023-08-31,2023,8,3,1211.0,15.0,12.0,648,3,301.0,2,1,491.0,10,463.0,335.0,306.0,2023-09-21,Data Clerk
CRS004,COMPREHENSIVE HEALTH CENTRE OBUDU,CROSS RIVER,OBUDU,2022-06-30,2022,6,2,247.0,8.0,7.0,467,6,49.0,2,1,402.0,5,338.0,193.0,184.0,2022-07-15,Data Clerk
BEN011,MODEL PRIMARY HEALTH CENTRE KATSINA-ALA II,BENUE,KATSINA-ALA,2022-01-31,2022,1,1,,7.0,6.0,298,5,50.0,1,0,173.0,4,222.0,169.0,139.0,2022-02-13,Data Clerk
RIV006,COTTAGE HOSPITAL ELEME,RIVERS,ELEME,2023-05-31,2023,5,2,1122.0,39.0,37.0,2497,48,272.0,4,3,1977.0,37,1729.0,1415.0,1176.0,2023-06-15,Facility Focal Person
BEN001,MISSION HOSPITAL MAKURDI,BENUE,MAKURDI,2024-03-01,2024,3,1,997.0,6.0,5.0,1774,5,280.0,2,1,1229.0,16,1618.0,1163.0,976.0,2024-04-18,M&E Officer
CRS009,COMPREHENSIVE HEALTH CENTRE OBUDU II,CROSS RIVER,OBUDU,2023-01-31,2023,1,1,479.0,22.0,15.0,821,4,109.0,1,0,505.0,12,562.0,309.0,255.0,2023-02-18,Data Clerk
KAD013,SPECIALIST HOSPITAL ZARIA II,KADUNA,ZARIA,2024-06-30,2024,6,2,2755.0,122.0,105.0,3025,31,332.0,10,8,2530.0,49,2561.0,2043.0,1894.0,2024-07-15,Data Clerk
LAG099,TEACHING HOSPITAL BADAGRY,LAGOS,BADAGRY,2024-07-01,2024,7,3,4195.0,172.0,152.0,6866,60,1332.0,40,35,6094.0,87,6041.0,4930.0,4117.0,2024-08-29,M&E Officer
FCT001,MISSION HOSPITAL AMAC,FCT,AMAC,2023-09-30,2023,9,3,911.0,10.0,8.0,1251,10,130.0,1,0,866.0,11,1048.0,625.0,601.0,2023-10-16,Data Clerk
FCT013,COTTAGE HOSPITAL GWAGWALADA II,FCT,GWAGWALADA,2022-09-30,2022,9,3,928.0,10.0,8.0,1389,24,292.0,1,0,1210.0,24,983.0,628.0,611.0,2022-10-11,Data Clerk
LAG009,MISSION HOSPITAL BADAGRY II,LAGOS,BADAGRY,2022-01-31,2022,1,1,300.0,7.0,6.0,2887,28,48.0,0,0,2513.0,51,2196.0,1275.0,1217.0,2022-02-13,M&E Officer
CRS013,MISSION HOSPITAL OGOJA II,CROSS RIVER,OGOJA,2024-05-31,2024,5,2,254.0,308.0,5.0,755,14,73.0,1,0,620.0,11,691.0,584.0,555.0,2024-06-11,Facility Focal Person
CRS009,COMPREHENSIVE HEALTH CENTRE OBUDU II,CROSS RIVER,OBUDU,2023-02-28,2023,2,1,343.0,12.0,9.0,817,13,96.0,1,0,682.0,8,,427.0,354.0,2023-03-21,Data Clerk
LAG001,PRIMARY HEALTH CENTRE IKORODU,LAGOS,IKORODU,2024-08-31,2024,8,3,507.0,8.0,6.0,403,5,98.0,0,0,379.0,8,352.0,315.0,282.0,2024-09-29,Data Clerk
RIV015,SPECIALIST HOSPITAL KHANA II,RIVERS,KHANA,2024-01-31,2024,1,1,433.0,22.0,18.0,2311,16,83.0,3,2,2034.0,39,1738.0,1468.0,1326.0,2024-02-11,Facility Focal Person
BEN006,PRIMARY HEALTH CENTRE VANDEIKYA,BENUE,VANDEIKYA,2023-08-31,2023,8,3,213.0,1.0,0.0,337,5,51.0,1,0,290.0,8,258.0,207.0,175.0,2023-09-20,M&E Officer
CRS005,TEACHING HOSPITAL AKAMKPA,CROSS RIVER,AKAMKPA,2023-11-01,2023,11,4,753.0,31.0,22.0,4245,27,97.0,5,4,2717.0,41,3499.0,2815.0,2641.0,2023-12-21,M&E Officer
KAD008,MODEL PRIMARY HEALTH CENTRE ZARIA II,KADUNA,ZARIA,2023-05-31,2023,5,2,415.0,11.0,8.0,,17,69.0,1,0,966.0,19,1001.0,707.0,594.0,2023-06-13,Data Clerk
FCT015,COMPREHENSIVE HEALTH CENTRE ABAJI II,FCT,ABAJI,2022-04-30,2022,4,2,113.0,7.0,6.0,879,11,21.0,38,0,515.0,11,784.0,,622.0,2022-05-29,M&E Officer
CRS014,COMPREHENSIVE HEALTH CENTRE OBUDU II,CROSS RIVER,OBUDU,2024-06-30,2024,6,2,374.0,6.0,4.0,191,2,95.0,1,0,159.0,3,171.0,143.0,124.0,2024-07-13,M&E Officer
CRS007,MODEL PRIMARY HEALTH CENTRE IKOM II,CROSS RIVER,IKOM,2023-06-01,2023,6,2,120.0,2.0,1.0,300,3,36.0,0,0,274.0,2,231.0,209.0,196.0,2023-07-18,Facility Focal Person
KAD011,PRIMARY HEALTH CENTRE KADUNA NORTH II,KADUNA,KADUNA NORTH,2023-02-28,2023,2,1,218.0,6.0,4.0,555,5,36.0,0,0,330.0,5,421.0,252.0,211.0,2023-03-16,Data Clerk
NAS015,SPECIALIST HOSPITAL NASARAWA II,NASARAWA,NASARAWA,2023-04-01,2023,4,2,1037.0,62.0,50.0,3168,63,267.0,13,10,1794.0,34,2921.0,2418.0,1991.0,2023-05-11,M&E Officer
KAD013,SPECIALIST HOSPITAL ZARIA II,KADUNA,ZARIA,2022-03-31,2022,3,1,1365.0,48.0,34.0,1439,22,175.0,6,5,1280.0,26,1082.0,689.0,627.0,2022-04-15,Data Clerk
CRS005,TEACHING HOSPITAL AKAMKPA,CROSS RIVER,AKAMKPA,2022-06-30,2022,6,2,1177.0,46.0,39.0,4586,22,313.0,6,5,2578.0,49,3605.0,2865.0,2362.0,2022-07-18,Facility Focal Person
RIV005,MISSION HOSPITAL DEGEMA,RIVERS,DEGEMA,2022-07-31,2022,7,3,164.0,7.0,5.0,1498,8,27.0,1,0,1181.0,21,1057.0,615.0,595.0,2022-08-16,M&E Officer
BEN007,SPECIALIST HOSPITAL MAKURDI II,BENUE,MAKURDI,2022-04-30,2022,4,2,280.0,2.0,,2348,9,42.0,0,0,2107.0,40,2026.0,1288.0,1228.0,2022-05-29,Facility Focal Person
NAS002,COTTAGE HOSPITAL KARU,NASARAWA,KARU,2023-07-31,2023,7,3,618.0,7.0,5.0,305,4,159.0,1,0,181.0,5,264.0,201.0,170.0,2023-08-13,M&E Officer
CRS015,MODEL PRIMARY HEALTH CENTRE AKAMKPA II,CROSS RIVER,AKAMKPA,2023-05-01,2023,5,2,89.0,1.0,0.0,546,1,12.0,0,0,497.0,5,481.0,410.0,356.0,2023-06-21,Facility Focal Person
NAS014,TEACHING HOSPITAL AKWANGA II,NASARAWA,AKWANGA,2023-04-01,2023,4,2,,62.0,60.0,4804,43,313.0,5,3,3369.0,58,3889.0,3128.0,2944.0,2023-05-15,Facility Focal Person
BEN015,PRIMARY HEALTH CENTRE OTUKPO II,BENUE,OTUKPO,2022-11-30,2022,11,4,144.0,2.0,1.0,843,4,28.0,1,0,550.0,12,575.0,359.0,349.0,2022-12-11,Data Clerk
LAG010,PRIMARY HEALTH CENTRE SURULERE II,LAGOS,SURULERE,2024-09-30,2024,9,3,518.0,13.0,10.0,994,2,112.0,2,1,790.0,7,806.0,568.0,491.0,2024-10-11,M&E Officer
FCT004,MODEL PRIMARY HEALTH CENTRE KUJE,FCT,KUJE,2024-06-30,2024,6,2,371.0,14.0,9.0,,22,103.0,2,1,758.0,19,1022.0,870.0,838.0,2024-07-16,M&E Officer
NAS014,TEACHING HOSPITAL AKWANGA II,NASARAWA,AKWANGA,2023-02-28,2023,2,1,2554.0,2625.0,57.0,4750,82,435.0,6,5,3722.0,65,3324.0,1921.0,1589.0,2023-03-16,M&E Officer
CRS011,COMPREHENSIVE HEALTH CENTRE CALABAR MUNICIPAL II,CROSS RIVER,CALABAR MUNICIPAL,2023-12-31,2023,12,4,248.0,4.0,3.0,481,3,64.0,0,0,332.0,3,361.0,232.0,214.0,2024-01-21,Facility Focal Person
KAD006,SPECIALIST HOSPITAL KADUNA NORTH II,KADUNA,KADUNA NORTH,2024-04-30,2024,4,2,2244.0,47.0,44.0,1687,29,464.0,4,3,1434.0,18,1564.0,1309.0,1195.0,2024-05-21,Data Clerk
KAD005,COTTAGE HOSPITAL CHIKUN,KADUNA,CHIKUN,2023-09-30,2023,9,3,606.0,16.0,14.0,355,2,75.0,0,0,258.0,3,278.0,240.0,233.0,2023-10-11,M&E Officer
XXX999,COTTAGE HOSPITAL ORON II,AKWA IBOM,ORON,2023-09-30,2023,9,3,1078.0,55.0,39.0,975,3,282.0,7,5,784.0,12,864.0,713.0,671.0,2023-10-11,Data Clerk
NAS002,COTTAGE HOSPITAL KARU,NASARAWA,KARU,2022-05-31,2022,5,2,463.0,9.0,7.0,317,3,65.0,0,0,259.0,4,242.0,165.0,147.0,2022-06-11,M&E Officer
BEN002,SPECIALIST HOSPITAL GBOKO,BENUE,GBOKO,2024-05-31,2024,5,2,3188.0,59.0,46.0,4373,81,966.0,8,7,3107.0,61,3901.0,3224.0,3017.0,2024-06-11,M&E Officer
AKS007,TEACHING HOSPITAL IKONO,AKWA IBOM,IKONO,2022-12-31,2022,12,4,922.0,10.0,8.0,6292,49,165.0,1,0,5546.0,102,4498.0,4262.0,4155.0,2023-01-21,M&E Officer
NAS012,MISSION HOSPITAL KARU II,NASARAWA,KARU,2023-11-30,2023,11,4,898.0,23.0,16.0,1355,3,96.0,1,0,836.0,15,1204.0,846.0,699.0,2023-12-11,M&E Officer
BEN012,COTTAGE HOSPITAL VANDEIKYA II,BENUE,VANDEIKYA,2022-12-31,2022,12,4,451.0,4.0,3.0,461,8,102.0,0,0,362.0,7,329.0,305.0,289.0,2023-01-13,M&E Officer
BEN015,PRIMARY HEALTH CENTRE OTUKPO II,BENUE,OTUKPO,2022-09-30,2022,9,3,154.0,7.0,5.0,856,2,,4,3,497.0,8,793.0,436.0,388.0,2022-10-13,Data Clerk
LAG002,SPECIALIST HOSPITAL LAGOS ISLAND,LAGOS,LAGOS ISLAND,2024-07-01,2024,7,3,2649.0,151.0,123.0,6068,115,838.0,28,25,4035.0,62,4917.0,3496.0,3334.0,2024-08-13,M&E Officer
BEN010,MODEL PRIMARY HEALTH CENTRE OKPOKWU II,BENUE,OKPOKWU,2022-03-31,2022,3,1,269.0,1.0,0.0,851,13,69.0,0,0,726.0,14,592.0,411.0,382.0,2022-04-16,Facility Focal Person
CRS015,MODEL PRIMARY HEALTH CENTRE AKAMKPA II,CROSS RIVER,AKAMKPA,2023-08-31,2023,8,3,76.0,1.0,0.0,529,5,24.0,0,0,403.0,5,476.0,271.0,264.0,2023-09-15,Data Clerk
RIV004,MODEL PRIMARY HEALTH CENTRE AHOADA EAST,RIVERS,AHOADA EAST,2023-06-30,2023,6,2,418.0,,10.0,849,13,98.0,0,0,744.0,11,640.0,549.0,495.0,2023-08-15,Data Clerk
KAD011,PRIMARY HEALTH CENTRE KADUNA NORTH II,KADUNA,KADUNA NORTH,2023-07-31,2023,7,3,298.0,6.0,5.0,563,6,30.0,0,0,359.0,2,513.0,468.0,457.0,2023-08-13,Data Clerk
CRS001,MODEL PRIMARY HEALTH CENTRE CALABAR MUNICIPAL,CROSS RIVER,CALABAR MUNICIPAL,2022-07-31,2022,7,3,185.0,11.0,8.0,666,13,38.0,4,3,448.0,11,455.0,270.0,252.0,2022-08-11,Data Clerk
RIV014,COTTAGE HOSPITAL OBIO/AKPOR II,RIVERS,OBIO/AKPOR,2022-10-31,2022,10,4,847.0,12.0,11.0,625,5,263.0,3,2,412.0,11,504.0,472.0,446.0,2022-11-21,Data Clerk
CRS011,COMPREHENSIVE HEALTH CENTRE CALABAR MUNICIPAL II,CROSS RIVER,CALABAR MUNICIPAL,2024-08-01,2024,8,3,415.0,12.0,,501,5,103.0,0,0,349.0,6,379.0,243.0,211.0,2024-09-21,M&E Officer
BEN006,PRIMARY HEALTH CENTRE VANDEIKYA,BENUE,VANDEIKYA,2022-08-31,2022,8,3,,9.0,6.0,319,1,41.0,2,1,229.0,3,227.0,159.0,130.0,2022-09-16,Facility Focal Person
BEN009,PRIMARY HEALTH CENTRE OTUKPO II,BENUE,OTUKPO,2024-04-30,2024,4,2,331.0,5.0,3.0,436,7,60.0,0,0,258.0,2,336.0,308.0,279.0,2024-05-13,Facility Focal Person
BEN001,MISSION HOSPITAL MAKURDI,BENUE,MAKURDI,2024-05-31,2024,5,2,,6.0,5.0,1769,6,215.0,0,0,1512.0,24,1302.0,1083.0,955.0,2024-07-16,M&E Officer
KAD010,COTTAGE HOSPITAL CHIKUN II,KADUNA,CHIKUN,2022-07-31,2022,7,3,263.0,10.0,7.0,947,11,44.0,0,0,831.0,10,691.0,514.0,450.0,2022-08-13,M&E Officer
AKS008,PRIMARY HEALTH CENTRE UYO II,AKWA IBOM,UYO,2023-03-31,2023,3,1,88.0,1.0,0.0,85,1,19.0,0,0,52.0,0,74.0,42.0,39.0,2023-04-18,Data Clerk
AKS002,GENERAL HOSPITAL IKOT EKPENE,AKWA IBOM,IKOT EKPENE,2024-04-30,2024,4,2,295.0,1.0,0.0,564,10,35.0,0,0,338.0,8,510.0,335.0,299.0,2024-05-15,M&E Officer
FCT002,GENERAL HOSPITAL BWARI,FCT,BWARI,2024-11-30,2024,11,4,135.0,6.0,4.0,565,10,34.0,0,0,533.0,13,422.0,283.0,268.0,2024-12-13,Data Clerk
BEN010,MODEL PRIMARY HEALTH CENTRE OKPOKWU II,BENUE,OKPOKWU,2024-09-30,2024,9,3,434.0,8.0,7.0,699,9,105.0,0,0,,18,487.0,444.0,422.0,2024-10-16,Data Clerk
FCT001,MISSION HOSPITAL AMAC,FCT,AMAC,2022-12-31,2022,12,4,818.0,13.0,12.0,1298,24,165.0,0,0,1068.0,20,1172.0,877.0,768.0,2023-01-11,M&E Officer
FCT007,SPECIALIST HOSPITAL BWARI II,FCT,BWARI,2024-06-30,2024,6,2,3034.0,76.0,75.0,4274,14,927.0,13,11,3396.0,62,3713.0,2096.0,1976.0,2024-07-15,Facility Focal Person
BEN003,GENERAL HOSPITAL OTUKPO,BENUE,OTUKPO,2024-05-31,2024,5,2,883.0,33.0,32.0,2366,42,102.0,0,0,1804.0,49,1971.0,1217.0,1006.0,2024-06-11,Facility Focal Person
FCT015,COMPREHENSIVE HEALTH CENTRE ABAJI II,FCT,ABAJI,2022-07-31,2022,7,3,136.0,5.0,4.0,859,7,41.0,1,0,781.0,12,704.0,536.0,510.0,2022-08-15,Facility Focal Person
FCT014,GENERAL HOSPITAL KUJE II,FCT,KUJE,2023-01-31,2023,1,1,663.0,24.0,20.0,2461,36,75.0,5,3,2012.0,25,1810.0,1680.0,1486.0,2023-02-13,Data Clerk
KAD010,COTTAGE HOSPITAL CHIKUN II,KADUNA,CHIKUN,2023-11-30,2023,11,4,209.0,13.0,10.0,960,18,40.0,2,1,710.0,10,740.0,527.0,493.0,2023-12-11,M&E Officer
CRS006,PRIMARY HEALTH CENTRE CALABAR MUNICIPAL II,CROSS RIVER,CALABAR MUNICIPAL,2023-05-31,2023,5,2,651.0,23.0,22.0,1329,3,129.0,2,1,741.0,10,1073.0,990.0,926.0,2023-06-21,Data Clerk
LAG099,MODEL PRIMARY HEALTH CENTRE EKET,AKWA IBOM,EKET,2024-08-31,2024,8,3,731.0,16.0,12.0,457,8,224.0,4,3,360.0,5,324.0,274.0,229.0,2024-09-13,Data Clerk
AKS015,MISSION HOSPITAL UYO II,AKWA IBOM,UYO,2022-05-31,2022,5,2,657.0,31.0,29.0,2486,18,202.0,5,4,2351.0,35,2272.0,2023.0,1963.0,2022-06-21,Facility Focal Person
FCT006,MISSION HOSPITAL AMAC II,FCT,AMAC,2023-04-30,2023,4,2,827.0,23.0,17.0,2217,34,215.0,1,0,1558.0,32,2021.0,1739.0,1620.0,2023-04-18,Facility Focal Person
BEN003,GENERAL HOSPITAL OTUKPO,BENUE,OTUKPO,2024-04-01,2024,4,2,716.0,26.0,22.0,2376,20,,2,1,1737.0,35,1985.0,1688.0,1469.0,2024-05-18,M&E Officer
RIV015,SPECIALIST HOSPITAL KHANA II,RIVERS,KHANA,2023-02-01,2023,2,1,384.0,22.0,15.0,2387,22,38.0,1,0,2076.0,33,1794.0,1491.0,1445.0,2023-03-18,Facility Focal Person
RIV010,TEACHING HOSPITAL AHOADA EAST II,RIVERS,AHOADA EAST,2022-02-28,2022,2,1,551.0,12.0,11.0,3398,9,94.0,1,0,3208.0,61,2539.0,1803.0,1695.0,2022-03-13,Data Clerk
RIV011,MODEL PRIMARY HEALTH CENTRE DEGEMA II,RIVERS,DEGEMA,2022-09-30,2022,9,3,317.0,12.0,8.0,874,8,95.0,4,3,571.0,13,668.0,516.0,498.0,2022-10-16,Facility Focal Person
NAS015,SPECIALIST HOSPITAL NASARAWA II,NASARAWA,NASARAWA,2024-01-31,2024,1,1,616.0,33.0,31.0,3217,63,91.0,3,2,2972.0,49,2301.0,1795.0,1503.0,2024-02-11,M&E Officer
LAG008,COTTAGE HOSPITAL LAGOS ISLAND II,LAGOS,LAGOS ISLAND,2024-05-01,2024,5,2,152.0,3.0,2.0,721,8,22.0,0,0,640.0,8,496.0,273.0,266.0,2024-06-16,Data Clerk
AKS010,GENERAL HOSPITAL EKET II,AKWA IBOM,EKET,2024-11-30,2024,11,4,670.0,9.0,7.0,1580,5,118.0,1,0,931.0,13,1255.0,1179.0,1037.0,2024-12-11,M&E Officer
CRS005,TEACHING HOSPITAL AKAMKPA,CROSS RIVER,AKAMKPA,2022-05-31,2022,5,2,880.0,41.0,29.0,4569,64,89.0,1,0,3092.0,49,3519.0,2881.0,2461.0,2022-06-16,Data Clerk
AKS009,PRIMARY HEALTH CENTRE IKOT EKPENE II,AKWA IBOM,IKOT EKPENE,2022-12-31,2022,12,4,68.0,1.0,0.0,226,3,20.0,0,0,132.0,2,182.0,129.0,108.0,2023-01-15,M&E Officer
RIV013,MISSION HOSPITAL PORT HARCOURT II,RIVERS,PORT HARCOURT,2024-08-31,2024,8,3,825.0,24.0,21.0,2125,5,254.0,6,4,2011.0,50,1864.0,1640.0,1366.0,2024-09-21,M&E Officer
BEN012,COTTAGE HOSPITAL VANDEIKYA II,BENUE,VANDEIKYA,2024-07-31,2024,7,3,613.0,7.0,5.0,460,7,162.0,0,0,296.0,0,427.0,297.0,256.0,2024-08-29,Facility Focal Person
LAG003,TEACHING HOSPITAL BADAGRY,LAGOS,BADAGRY,2024-10-31,2024,10,4,3381.0,129.0,,7013,46,837.0,32,31,6548.0,109,5201.0,3128.0,3044.0,2024-11-11,M&E Officer
CRS012,MODEL PRIMARY HEALTH CENTRE IKOM II,CROSS RIVER,IKOM,2022-07-31,2022,7,3,519.0,4.0,3.0,821,6,161.0,0,0,651.0,15,719.0,546.0,470.0,2022-08-18,Facility Focal Person
RIV007,PRIMARY HEALTH CENTRE PORT HARCOURT II,RIVERS,PORT HARCOURT,2022-06-01,2022,6,2,563.0,5.0,3.0,711,5,140.0,0,0,465.0,16,573.0,350.0,287.0,2022-07-18,M&E Officer
LAG014,COTTAGE HOSPITAL LAGOS ISLAND II,LAGOS,LAGOS ISLAND,2024-03-31,2024,3,1,734.0,10.0,7.0,1681,12,144.0,0,0,1147.0,23,1212.0,833.0,701.0,2024-04-21,M&E Officer
BEN007,SPECIALIST HOSPITAL MAKURDI II,BENUE,MAKURDI,2023-10-31,2023,10,4,246.0,1.0,0.0,2016,26,45.0,1,0,1626.0,24,1871.0,1458.0,1320.0,2023-11-15,Facility Focal Person
BEN006,PRIMARY HEALTH CENTRE VANDEIKYA,BENUE,VANDEIKYA,2022-02-28,2022,2,1,192.0,2.0,1.0,303,3,27.0,0,0,210.0,3,277.0,247.0,234.0,2022-03-13,M&E Officer
FCT011,COTTAGE HOSPITAL AMAC II,FCT,AMAC,2022-10-31,2022,10,4,366.0,17.0,16.0,2237,39,78.0,2,1,1252.0,14,2058.0,1409.0,1202.0,2022-11-13,Data Clerk
KAD008,MODEL PRIMARY HEALTH CENTRE ZARIA II,KADUNA,ZARIA,2023-03-31,2023,3,1,463.0,14.0,13.0,1207,6,67.0,0,0,945.0,20,859.0,523.0,443.0,2023-04-16,Data Clerk
CRS012,MODEL PRIMARY HEALTH CENTRE IKOM II,CROSS RIVER,IKOM,2024-01-31,2024,1,1,479.0,7.0,5.0,766,12,104.0,2,1,545.0,13,676.0,595.0,546.0,2024-02-15,Data Clerk
BEN015,PRIMARY HEALTH CENTRE OTUKPO II,BENUE,OTUKPO,2022-01-31,2022,1,1,95.0,4.0,3.0,894,15,30.0,2,1,593.0,10,665.0,620.0,552.0,2022-02-16,Facility Focal Person
NAS015,SPECIALIST HOSPITAL NASARAWA II,NASARAWA,NASARAWA,2023-03-31,2023,3,1,867.0,31.0,23.0,3181,35,88.0,1,0,1967.0,27,2193.0,1979.0,1839.0,2023-04-13,Data Clerk
FCT015,COMPREHENSIVE HEALTH CENTRE ABAJI II,FCT,ABAJI,2024-11-30,2024,11,4,120.0,2.0,1.0,741,1,36.0,1,0,578.0,9,664.0,378.0,319.0,2024-12-29,Facility Focal Person
AKS004,COMPREHENSIVE HEALTH CENTRE ETINAN,AKWA IBOM,ETINAN,2022-01-31,2022,1,1,152.0,2.0,1.0,1018,18,16.0,0,0,770.0,12,853.0,572.0,554.0,2022-03-01,Data Clerk
LAG001,PRIMARY HEALTH CENTRE IKORODU,LAGOS,IKORODU,2022-08-31,2022,8,3,499.0,11.0,10.0,225,1,72.0,1,0,139.0,4,199.0,187.0,168.0,2022-09-16,Data Clerk
BEN003,GENERAL HOSPITAL OTUKPO,BENUE,OTUKPO,2023-12-31,2023,12,4,630.0,23.0,18.0,2399,40,118.0,2,1,2091.0,33,2187.0,1547.0,1431.0,2024-01-21,M&E Officer
AKS002,GENERAL HOSPITAL IKOT EKPENE,AKWA IBOM,IKOT EKPENE,2023-11-30,2023,11,4,231.0,5.0,3.0,592,7,60.0,0,0,439.0,8,430.0,340.0,294.0,2023-12-16,M&E Officer
AKS003,MODEL PRIMARY HEALTH CENTRE EKET,AKWA IBOM,EKET,2022-05-31,2022,5,2,292.0,11.0,10.0,161,2,,1,0,128.0,1,121.0,72.0,60.0,2022-06-15,Facility Focal Person
CRS011,COMPREHENSIVE HEALTH CENTRE CALABAR MUNICIPAL II,CROSS RIVER,CALABAR MUNICIPAL,2022-12-31,2022,12,4,270.0,6.0,5.0,457,7,75.0,0,0,348.0,8,311.0,284.0,246.0,2023-01-16,M&E Officer
AKS011,COMPREHENSIVE HEALTH CENTRE ETINAN II,AKWA IBOM,ETINAN,2022-09-30,2022,9,3,103.0,4.0,3.0,298,1,12.0,1,0,218.0,2,237.0,139.0,121.0,2022-10-15,Data Clerk
FCT011,COTTAGE HOSPITAL AMAC II,FCT,AMAC,2024-11-30,2024,11,4,320.0,7.0,-32.0,1967,7,,1,0,1634.0,32,1441.0,904.0,798.0,2024-12-29,M&E Officer
RIV007,PRIMARY HEALTH CENTRE PORT HARCOURT II,RIVERS,PORT HARCOURT,2024-06-30,2024,6,2,555.0,2.0,1.0,607,8,72.0,1,0,381.0,5,465.0,406.0,341.0,2024-07-18,M&E Officer
BEN008,TEACHING HOSPITAL GBOKO II,BENUE,GBOKO,2022-07-31,2022,7,3,2202.0,67.0,57.0,6224,76,366.0,3,2,4935.0,86,4289.0,3317.0,2922.0,2022-08-21,Facility Focal Person
BEN006,PRIMARY HEALTH CENTRE VANDEIKYA,BENUE,VANDEIKYA,2022-09-01,2022,9,3,188.0,8.0,,322,4,49.0,4,3,194.0,2,230.0,207.0,201.0,2022-10-15,Facility Focal Person
BEN008,TEACHING HOSPITAL GBOKO II,BENUE,GBOKO,2024-05-31,2024,5,2,3091.0,75.0,63.0,6258,88,353.0,3,2,4385.0,94,4780.0,3390.0,3241.0,2024-06-18,Facility Focal Person
KAD003,MISSION HOSPITAL ZARIA,KADUNA,ZARIA,2022-03-01,2022,3,1,767.0,,14.0,2590,43,186.0,1,0,1999.0,30,2246.0,1995.0,1871.0,2022-04-16,M&E Officer
NAS006,PRIMARY HEALTH CENTRE LAFIA II,NASARAWA,LAFIA,2024-09-30,2024,9,3,318.0,15.0,10.0,931,2,74.0,2,1,655.0,12,703.0,517.0,450.0,2024-10-13,Facility Focal Person
FCT007,SPECIALIST HOSPITAL BWARI II,FCT,BWARI,2024-03-31,2024,3,1,1952.0,64.0,46.0,4124,77,317.0,4,3,3283.0,61,3370.0,1855.0,1533.0,2024-04-16,M&E Officer
CRS013,MISSION HOSPITAL OGOJA II,CROSS RIVER,OGOJA,2022-10-31,2022,10,4,207.0,4.0,3.0,850,7,55.0,2,1,584.0,7,,676.0,723.0,2022-11-29,M&E Officer
LAG015,MODEL PRIMARY HEALTH CENTRE BADAGRY II,LAGOS,BADAGRY,2023-07-01,2023,7,3,285.0,14.0,12.0,1086,6,,3,2,815.0,20,894.0,717.0,678.0,2023-08-11,Facility Focal Person
KAD005,COTTAGE HOSPITAL CHIKUN,KADUNA,CHIKUN,2023-05-31,2023,5,2,654.0,13.0,12.0,325,2,177.0,2,1,183.0,2,274.0,232.0,216.0,2023-06-13,Facility Focal Person
TMP001,MODEL PRIMARY HEALTH CENTRE DEGEMA II,RIVERS,DEGEMA,2022-11-30,2022,11,4,265.0,16.0,15.0,871,16,55.0,3,2,787.0,15,625.0,506.0,495.0,2022-12-18,Facility Focal Person
AKS004,COMPREHENSIVE HEALTH CENTRE ETINAN,AKWA IBOM,ETINAN,2023-05-31,2023,5,2,273.0,7.0,5.0,958,6,28.0,3,2,603.0,9,774.0,519.0,507.0,2023-06-13,Data Clerk
NAS008,COMPREHENSIVE HEALTH CENTRE KEFFI II,NASARAWA,KEFFI,2024-07-31,2024,7,3,96.0,2.0,1.0,748,14,26.0,0,0,707.0,16,538.0,370.0,326.0,2024-08-11,Data Clerk
KAD001,MODEL PRIMARY HEALTH CENTRE KADUNA NORTH,KADUNA,KADUNA NORTH,2022-02-28,2022,2,1,102.0,1.0,0.0,800,11,27.0,0,0,521.0,9,716.0,407.0,366.0,2022-03-11,Data Clerk
NAS015,SPECIALIST HOSPITAL NASARAWA II,NASARAWA,NASARAWA,2024-06-30,2024,6,2,1244.0,87.0,82.0,3341,49,383.0,9,7,2621.0,63,2706.0,1838.0,1642.0,2024-07-11,Data Clerk
NAS001,MODEL PRIMARY HEALTH CENTRE LAFIA,NASARAWA,LAFIA,2024-02-29,2024,2,1,166.0,0.0,0.0,410,5,49.0,0,0,358.0,3,316.0,183.0,161.0,2024-03-13,Data Clerk
LAG007,PRIMARY HEALTH CENTRE IKORODU II,LAGOS,IKORODU,2023-01-01,2023,1,1,294.0,5.0,3.0,471,9,87.0,0,0,433.0,9,344.0,305.0,281.0,2023-02-21,Data Clerk
AKS013,MODEL PRIMARY HEALTH CENTRE ABAK II,AKWA IBOM,ABAK,2022-11-30,2022,11,4,388.0,13.0,11.0,563,11,107.0,2,1,418.0,10,519.0,457.0,380.0,2022-12-16,M&E Officer
NAS012,MISSION HOSPITAL KARU II,NASARAWA,KARU,2023-06-30,2023,6,2,934.0,14.0,10.0,1321,12,138.0,0,0,958.0,8,,1001.0,847.0,2023-07-11,M&E Officer
CRS013,MISSION HOSPITAL OGOJA II,CROSS RIVER,OGOJA,2024-08-31,2024,8,3,290.0,2.0,1.0,740,2,88.0,3,2,702.0,15,566.0,322.0,285.0,2024-09-29,Data Clerk
KAD013,SPECIALIST HOSPITAL ZARIA II,KADUNA,ZARIA,2022-11-30,2022,11,4,2263.0,130.0,129.0,2046,27,408.0,9,7,1129.0,19,1393.0,870.0,791.0,2022-12-11,Data Clerk
BEN001,MISSION HOSPITAL MAKURDI,BENUE,MAKURDI,2024-10-31,2024,10,4,970.0,9.0,8.0,1674,30,236.0,0,0,1521.0,28,1331.0,886.0,795.0,2024-11-21,Facility Focal Person
NAS008,COMPREHENSIVE HEALTH CENTRE KEFFI II,NASARAWA,KEFFI,2024-09-01,2024,9,3,88.0,4.0,3.0,732,12,11.0,0,0,579.0,11,676.0,560.0,538.0,2024-10-15,Facility Focal Person
AKS010,GENERAL HOSPITAL EKET II,AKWA IBOM,EKET,2022-01-31,2022,1,1,498.0,13.0,9.0,1829,17,59.0,1,0,1456.0,24,1317.0,760.0,699.0,2022-02-13,Data Clerk
FCT007,SPECIALIST HOSPITAL BWARI II,FCT,BWARI,2024-12-31,2024,12,4,2613.0,69.0,62.0,4218,73,688.0,8,6,3674.0,79,3376.0,2033.0,1913.0,2025-01-15,Facility Focal Person
BEN004,GENERAL HOSPITAL OKPOKWU,BENUE,OKPOKWU,2024-02-29,2024,2,1,909.0,10.0,9.0,399,1,278.0,4,3,263.0,2,335.0,230.0,215.0,2024-03-18,Data Clerk
BEN004,GENERAL HOSPITAL OKPOKWU,BENUE,OKPOKWU,2023-01-31,2023,1,1,863.0,6.0,4.0,379,1,147.0,1,0,349.0,7,322.0,270.0,264.0,2023-02-15,Facility Focal Person
CRS011,COMPREHENSIVE HEALTH CENTRE CALABAR MUNICIPAL II,CROSS RIVER,CALABAR MUNICIPAL,2024-01-31,2024,1,1,265.0,4.0,3.0,483,1,74.0,1,0,420.0,6,341.0,315.0,272.0,2024-02-11,Facility Focal Person
KAD005,COTTAGE HOSPITAL CHIKUN,KADUNA,CHIKUN,2022-01-31,2022,1,1,387.0,7.0,4.0,265,1,39.0,0,0,244.0,2,229.0,216.0,195.0,2022-02-13,M&E Officer
RIV013,MISSION HOSPITAL PORT HARCOURT II,RIVERS,PORT HARCOURT,2024-11-30,2024,11,4,691.0,14.0,12.0,2100,10,131.0,2,1,1290.0,22,1602.0,990.0,891.0,2024-12-15,M&E Officer
KAD011,PRIMARY HEALTH CENTRE KADUNA NORTH II,KADUNA,KADUNA NORTH,2022-10-31,2022,10,4,149.0,7.0,6.0,556,5,30.0,1,0,515.0,12,414.0,283.0,260.0,2022-11-15,Data Clerk
BEN005,MODEL PRIMARY HEALTH CENTRE KATSINA-ALA,BENUE,KATSINA-ALA,2024-10-31,2024,10,4,419.0,8.0,5.0,579,10,56.0,0,0,476.0,7,407.0,287.0,278.0,2024-11-16,M&E Officer
LAG099,COMPREHENSIVE HEALTH CENTRE KADUNA SOUTH II,KADUNA,KADUNA SOUTH,2023-03-31,2023,3,1,455.0,9.0,8.0,646,3,98.0,0,0,429.0,7,496.0,446.0,432.0,2023-04-15,Facility Focal Person
LAG006,SPECIALIST HOSPITAL ALIMOSHO,LAGOS,ALIMOSHO,2022-05-31,2022,5,2,738.0,13.0,12.0,5474,91,140.0,1,0,3918.0,65,4445.0,2513.0,2090.0,2022-06-15,M&E Officer
AKS001,COMPREHENSIVE HEALTH CENTRE UYO,AKWA IBOM,UYO,2022-07-31,2022,7,3,513.0,3.0,2.0,313,3,155.0,1,0,193.0,2,285.0,261.0,220.0,2022-08-13,Data Clerk
RIV011,MODEL PRIMARY HEALTH CENTRE DEGEMA II,RIVERS,DEGEMA,2024-09-30,2024,9,3,377.0,25.0,20.0,965,3,85.0,2,1,904.0,14,824.0,580.0,517.0,2024-10-18,Data Clerk
AKS013,MODEL PRIMARY HEALTH CENTRE ABAK II,AKWA IBOM,ABAK,2022-08-31,2022,8,3,405.0,17.0,16.0,544,6,91.0,1,0,356.0,4,451.0,350.0,338.0,2022-09-18,Facility Focal Person
BEN012,COTTAGE HOSPITAL VANDEIKYA II,BENUE,VANDEIKYA,2022-06-30,2022,6,2,629.0,5.0,4.0,479,5,73.0,2,1,303.0,5,419.0,382.0,339.0,2022-07-16,Facility Focal Person
LAG009,MISSION HOSPITAL BADAGRY II,LAGOS,BADAGRY,2022-12-31,2022,12,4,395.0,9.0,7.0,2638,24,63.0,0,0,2396.0,38,2270.0,1720.0,1465.0,2023-01-11,Data Clerk
NAS009,COTTAGE HOSPITAL AKWANGA II,NASARAWA,AKWANGA,2024-05-31,2024,5,2,1185.0,10.0,7.0,481,2,360.0,2,1,400.0,5,424.0,367.0,308.0,2024-07-16,Data Clerk
BEN009,PRIMARY HEALTH CENTRE OTUKPO II,BENUE,OTUKPO,2023-03-01,2023,3,1,199.0,1.0,0.0,460,1,28.0,0,0,288.0,5,387.0,351.0,303.0,2023-04-15,Facility Focal Person
CRS011,COMPREHENSIVE HEALTH CENTRE CALABAR MUNICIPAL II,CROSS RIVER,CALABAR MUNICIPAL,2024-12-31,2024,12,4,394.0,7.0,5.0,505,4,94.0,0,0,348.0,6,455.0,420.0,392.0,2025-01-16,Facility Focal Person
CRS012,MODEL PRIMARY HEALTH CENTRE IKOM II,CROSS RIVER,IKOM,2024-05-31,2024,5,2,635.0,19.0,14.0,768,10,197.0,4,3,,16,646.0,565.0,528.0,2024-06-29,Data Clerk
LAG010,PRIMARY HEALTH CENTRE SURULERE II,LAGOS,SURULERE,2024-10-31,2024,10,4,511.0,13.0,10.0,998,6,162.0,1,0,840.0,17,892.0,640.0,612.0,2024-11-29,Data Clerk
NAS015,SPECIALIST HOSPITAL NASARAWA II,NASARAWA,NASARAWA,2022-05-31,2022,5,2,1107.0,60.0,59.0,3107,52,118.0,3,2,2019.0,32,2399.0,2126.0,1799.0,2022-06-15,Data Clerk
CRS005,TEACHING HOSPITAL AKAMKPA,CROSS RIVER,AKAMKPA,2024-07-31,2024,7,3,1337.0,40.0,29.0,4097,63,151.0,1,0,2331.0,51,3802.0,3108.0,2574.0,2024-08-16,Facility Focal Person
AKS006,PRIMARY HEALTH CENTRE ABAK,AKWA IBOM,ABAK,2023-03-31,2023,3,1,592.0,20.0,16.0,342,5,149.0,1,0,281.0,5,270.0,156.0,132.0,2023-04-13,Data Clerk
NAS004,COTTAGE HOSPITAL AKWANGA,NASARAWA,AKWANGA,2024-01-31,2024,1,1,288.0,12.0,8.0,529,4,88.0,0,0,412.0,4,401.0,366.0,303.0,2024-02-18,Data Clerk
NAS015,SPECIALIST HOSPITAL NASARAWA II,NASARAWA,NASARAWA,2023-05-31,2023,5,2,1251.0,52.0,44.0,3189,23,168.0,12,11,2555.0,46,2571.0,1727.0,1613.0,2023-06-13,M&E Officer
FCT006,MISSION HOSPITAL AMAC II,FCT,AMAC,2023-12-01,2023,12,4,666.0,20.0,15.0,2166,43,204.0,4,3,1618.0,33,1896.0,1166.0,1017.0,2024-01-21,Data Clerk
NAS002,COTTAGE HOSPITAL KARU,NASARAWA,KARU,2024-02-29,2024,2,1,,0.0,0.0,303,1,42.0,0,0,223.0,5,263.0,188.0,160.0,2024-03-13,Facility Focal Person
BEN003,GENERAL HOSPITAL OTUKPO,BENUE,OTUKPO,2023-07-31,2023,7,3,460.0,9.0,8.0,2458,12,112.0,6,4,1401.0,24,2256.0,1256.0,1189.0,2023-08-13,Data Clerk
BEN002,SPECIALIST HOSPITAL GBOKO,BENUE,GBOKO,2023-03-31,2023,3,1,2067.0,27.0,22.0,4554,84,461.0,6,5,3390.0,57,3285.0,1909.0,1718.0,2023-04-29,Data Clerk
BEN012,COTTAGE HOSPITAL VANDEIKYA II,BENUE,VANDEIKYA,2024-10-31,2024,10,4,590.0,3.0,2.0,453,5,82.0,0,0,277.0,2,328.0,246.0,201.0,2024-11-15,M&E Officer
LAG009,MISSION HOSPITAL BADAGRY II,LAGOS,BADAGRY,2022-02-28,2022,2,1,308.0,6.0,5.0,2883,9,78.0,0,0,2614.0,51,2081.0,1711.0,1487.0,2022-03-11,Facility Focal Person
AKS007,TEACHING HOSPITAL IKONO,AKWA IBOM,IKONO,2022-07-31,2022,7,3,1176.0,14.0,11.0,6576,102,149.0,1,0,5308.0,118,5309.0,3188.0,2649.0,2022-08-13,Facility Focal Person
NAS005,MISSION HOSPITAL NASARAWA,NASARAWA,NASARAWA,2023-12-31,2023,12,4,1103.0,21.0,16.0,601,11,117.0,0,0,528.0,10,492.0,288.0,242.0,2024-01-18,M&E Officer
RIV001,MODEL PRIMARY HEALTH CENTRE PORT HARCOURT,RIVERS,PORT HARCOURT,2024-10-31,2024,10,4,113.0,0.0,0.0,789,15,22.0,0,0,501.0,8,600.0,521.0,429.0,2024-11-11,M&E Officer
LAG005,MISSION HOSPITAL AGEGE,LAGOS,AGEGE,2024-05-31,2024,5,2,1171.0,33.0,27.0,1795,34,153.0,4,3,1613.0,25,1621.0,1294.0,1264.0,2024-06-18,Data Clerk
FCT001,MISSION HOSPITAL AMAC,FCT,AMAC,2023-10-31,2023,10,4,960.0,16.0,11.0,,12,235.0,0,0,1137.0,18,1052.0,870.0,843.0,2023-11-29,M&E Officer
AKS012,COTTAGE HOSPITAL ORON II,AKWA IBOM,ORON,2023-11-30,2023,11,4,889.0,44.0,43.0,1041,20,218.0,10,7,693.0,7,958.0,657.0,554.0,2023-12-13,Facility Focal Person
CRS007,MODEL PRIMARY HEALTH CENTRE IKOM II,CROSS RIVER,IKOM,2023-09-30,2023,9,3,111.0,1.0,0.0,299,2,34.0,1,0,256.0,6,211.0,159.0,146.0,2023-10-13,M&E Officer
BEN001,MISSION HOSPITAL MAKURDI,BENUE,MAKURDI,2024-01-31,2024,1,1,1091.0,7.0,5.0,1779,34,,1,0,1618.0,26,1405.0,1269.0,1117.0,2024-02-11,Facility Focal Person
AKS008,PRIMARY HEALTH CENTRE UYO II,AKWA IBOM,UYO,2022-06-30,2022,6,2,117.0,2.0,1.0,83,1,31.0,2,1,70.0,0,75.0,55.0,51.0,2022-07-11,Facility Focal Person
AKS009,PRIMARY HEALTH CENTRE IKOT EKPENE II,AKWA IBOM,IKOT EKPENE,2022-08-31,2022,8,3,64.0,2.0,1.0,233,2,14.0,0,0,193.0,1,197.0,151.0,141.0,2022-09-15,M&E Officer
CRS015,MODEL PRIMARY HEALTH CENTRE AKAMKPA II,CROSS RIVER,AKAMKPA,2022-02-01,2022,2,1,46.0,0.0,0.0,631,7,14.0,0,0,388.0,4,523.0,365.0,328.0,2022-03-18,Data Clerk
KAD001,MODEL PRIMARY HEALTH CENTRE KADUNA NORTH,KADUNA,KADUNA NORTH,2022-09-30,2022,9,3,180.0,10.0,7.0,790,3,35.0,1,0,714.0,16,646.0,516.0,455.0,2022-10-15,M&E Officer
CRS010,COMPREHENSIVE HEALTH CENTRE AKAMKPA II,CROSS RIVER,AKAMKPA,2023-02-28,2023,2,1,53.0,2.0,1.0,401,2,9.0,0,0,363.0,4,281.0,171.0,144.0,2023-04-15,M&E Officer
TMP001,COMPREHENSIVE HEALTH CENTRE CALABAR MUNICIPAL II,CROSS RIVER,CALABAR MUNICIPAL,2023-07-31,2023,7,3,,7.0,6.0,483,9,83.0,1,0,458.0,9,419.0,,304.0,2023-08-16,Facility Focal Person
KAD005,COTTAGE HOSPITAL CHIKUN,KADUNA,CHIKUN,2022-04-30,2022,4,2,486.0,4.0,3.0,278,1,71.0,1,0,227.0,3,214.0,196.0,183.0,2022-05-16,Data Clerk
CRS012,MODEL PRIMARY HEALTH CENTRE IKOM II,CROSS RIVER,IKOM,2023-10-31,2023,10,4,385.0,3.0,2.0,774,3,40.0,0,0,630.0,18,643.0,421.0,409.0,2023-11-13,Facility Focal Person
RIV005,MISSION HOSPITAL DEGEMA,RIVERS,DEGEMA,2024-05-31,2024,5,2,212.0,11.0,8.0,1297,22,53.0,0,0,1152.0,20,1140.0,981.0,839.0,2024-06-16,M&E Officer
LAG002,SPECIALIST HOSPITAL LAGOS ISLAND,LAGOS,LAGOS ISLAND,2023-02-28,2023,2,1,2072.0,120.0,91.0,5826,56,423.0,18,16,3758.0,63,4983.0,3961.0,3564.0,2023-03-18,M&E Officer
LAG008,COTTAGE HOSPITAL LAGOS ISLAND II,LAGOS,LAGOS ISLAND,2024-03-31,2024,3,1,110.0,1.0,0.0,737,1,17.0,0,0,488.0,13,619.0,544.0,481.0,2024-04-16,Facility Focal Person
BEN008,TEACHING HOSPITAL GBOKO II,BENUE,GBOKO,2023-05-01,2023,5,2,2973.0,89.0,87.0,6172,77,503.0,9,7,3995.0,67,5350.0,4742.0,4134.0,2023-06-18,Facility Focal Person
NAS003,COTTAGE HOSPITAL KEFFI,NASARAWA,KEFFI,2024-11-30,2024,11,4,350.0,3.0,2.0,1419,9,107.0,0,0,1187.0,25,1096.0,973.0,884.0,2024-12-21,Facility Focal Person
AKS013,MODEL PRIMARY HEALTH CENTRE ABAK II,AKWA IBOM,ABAK,2023-06-30,2023,6,2,476.0,15.0,11.0,596,8,,0,0,547.0,10,479.0,274.0,247.0,2023-07-15,M&E Officer
LAG003,TEACHING HOSPITAL BADAGRY,LAGOS,BADAGRY,2024-12-31,2024,12,4,2724.0,90.0,78.0,6983,111,701.0,13,11,6143.0,108,4888.0,3331.0,3099.0,2025-01-11,Data Clerk
KAD014,GENERAL HOSPITAL SABON GARI II,KADUNA,SABON GARI,2022-09-30,2022,9,3,164.0,2.0,1.0,2665,30,21.0,0,0,1850.0,35,1853.0,1264.0,1199.0,2022-10-11,M&E Officer
RIV012,PRIMARY HEALTH CENTRE ELEME II,RIVERS,ELEME,2023-11-30,2023,11,4,542.0,22.0,15.0,978,5,154.0,2,1,793.0,13,824.0,521.0,477.0,2023-12-13,Facility Focal Person
LAG004,COMPREHENSIVE HEALTH CENTRE SURULERE,LAGOS,SURULERE,2024-11-30,2024,11,4,459.0,4.0,3.0,605,7,99.0,2,1,361.0,5,540.0,372.0,341.0,2024-12-18,Facility Focal Person
RIV004,MODEL PRIMARY HEALTH CENTRE AHOADA EAST,RIVERS,AHOADA EAST,2022-07-31,2022,7,3,412.0,12.0,9.0,873,10,105.0,1,0,809.0,14,706.0,445.0,387.0,2022-08-18,M&E Officer
LAG007,PRIMARY HEALTH CENTRE IKORODU II,LAGOS,IKORODU,2022-09-30,2022,9,3,515.0,16.0,14.0,4550,8,82.0,1,0,424.0,7,421.0,286.0,253.0,2022-10-13,Facility Focal Person
LAG002,SPECIALIST HOSPITAL LAGOS ISLAND,LAGOS,LAGOS ISLAND,2023-09-30,2023,9,3,2062.0,109.0,80.0,5827,35,334.0,10,7,4722.0,90,4944.0,2753.0,2673.0,2023-10-21,Facility Focal Person
LAG015,MODEL PRIMARY HEALTH CENTRE BADAGRY II,LAGOS,BADAGRY,2024-11-30,2024,11,4,268.0,10.0,8.0,1077,17,42.0,1,0,642.0,14,969.0,762.0,651.0,2024-12-21,Data Clerk
NAS014,TEACHING HOSPITAL AKWANGA II,NASARAWA,AKWANGA,2023-11-30,2023,11,4,1461.0,1465.0,26.0,4919,18,329.0,4,3,3090.0,47,4373.0,2857.0,2429.0,2023-12-16,Facility Focal Person
AKS012,COTTAGE HOSPITAL ORON II,AKWA IBOM,ORON,2023-04-30,2023,4,2,983.0,40.0,37.0,818,6,283.0,8,7,588.0,6,560.0,518.0,439.0,2023-05-15,M&E Officer
BEN011,MODEL PRIMARY HEALTH CENTRE KATSINA-ALA II,BENUE,KATSINA-ALA,2024-02-29,2024,2,1,211.0,7.0,5.0,373,2,45.0,3,2,219.0,3,318.0,187.0,176.0,2024-03-13,M&E Officer
KAD009,MODEL PRIMARY HEALTH CENTRE SABON GARI II,KADUNA,SABON GARI,2024-05-01,2024,5,2,661.0,42.0,35.0,928,14,186.0,6,5,696.0,13,801.0,726.0,601.0,2024-06-13,Data Clerk
CRS004,COMPREHENSIVE HEALTH CENTRE OBUDU,CROSS RIVER,OBUDU,2024-04-30,2024,4,2,242.0,10.0,8.0,453,6,35.0,0,0,325.0,11,374.0,299.0,292.0,2024-05-11,Data Clerk
KAD013,SPECIALIST HOSPITAL ZARIA II,KADUNA,ZARIA,2022-05-31,2022,5,2,2894.0,142.0,138.0,1638,27,885.0,28,26,1049.0,19,1376.0,1152.0,,2022-06-18,M&E Officer
FCT003,SPECIALIST HOSPITAL GWAGWALADA,FCT,GWAGWALADA,2023-01-31,2023,1,1,439.0,17.0,12.0,,115,53.0,4,3,5467.0,108,4307.0,3513.0,3025.0,2023-02-13,Data Clerk
RIV005,MISSION HOSPITAL DEGEMA,RIVERS,DEGEMA,2023-05-31,2023,5,2,197.0,6.0,5.0,1419,7,19.0,1,0,1287.0,28,1309.0,910.0,807.0,2023-06-13,Data Clerk
KAD012,COMPREHENSIVE HEALTH CENTRE KADUNA SOUTH II,KADUNA,KADUNA SOUTH,2023-01-31,2023,1,1,319.0,7.0,5.0,647,4,38.0,0,0,526.0,5,591.0,468.0,386.0,2023-02-18,Data Clerk
AKS012,COTTAGE HOSPITAL ORON II,AKWA IBOM,ORON,2024-11-30,2024,11,4,1155.0,35.0,29.0,,6,121.0,5,4,1236.0,18,983.0,828.0,742.0,2025-01-15,Data Clerk
FCT004,MODEL PRIMARY HEALTH CENTRE KUJE,FCT,KUJE,2024-01-31,2024,1,1,340.0,17.0,12.0,1261,20,108.0,2,1,776.0,11,1140.0,792.0,689.0,2024-02-16,M&E Officer
NAS001,MODEL PRIMARY HEALTH CENTRE LAFIA,NASARAWA,LAFIA,2022-11-01,2022,11,4,169.0,0.0,0.0,469,5,42.0,0,0,434.0,7,402.0,258.0,229.0,2022-12-11,Data Clerk
FCT003,SPECIALIST HOSPITAL GWAGWALADA,FCT,GWAGWALADA,2022-05-31,2022,5,2,607.0,18.0,14.0,6457,125,90.0,1,0,4011.0,75,5742.0,3429.0,3196.0,2022-06-13,Data Clerk
BEN003,GENERAL HOSPITAL OTUKPO,BENUE,OTUKPO,2024-01-31,2024,1,1,454.0,13.0,12.0,,9,122.0,3,2,2264.0,38,1728.0,955.0,811.0,2024-02-21,Data Clerk
LAG009,MISSION HOSPITAL BADAGRY II,LAGOS,BADAGRY,2023-03-01,2023,3,1,499.0,7.0,5.0,2558,44,90.0,0,0,1846.0,30,1995.0,1284.0,1077.0,2023-04-11,Facility Focal Person
BEN006,PRIMARY HEALTH CENTRE VANDEIKYA,BENUE,VANDEIKYA,2024-02-01,2024,2,1,182.0,3.0,-18.0,343,2,38.0,1,0,203.0,4,305.0,232.0,,2024-03-16,M&E Officer
AKS003,MODEL PRIMARY HEALTH CENTRE EKET,AKWA IBOM,EKET,2024-07-01,2024,7,3,955.0,22.0,15.0,453,6,182.0,2,1,401.0,8,418.0,316.0,266.0,2024-08-13,M&E Officer
LAG099,GENERAL HOSPITAL OKPOKWU,BENUE,OKPOKWU,2023-08-31,2023,8,3,1042.0,11.0,8.0,385,7,,0,0,318.0,5,295.0,184.0,158.0,2023-09-29,M&E Officer
BEN014,COMPREHENSIVE HEALTH CENTRE GBOKO II,BENUE,GBOKO,2022-09-30,2022,9,3,442.0,2.0,1.0,870,9,112.0,1,0,645.0,7,713.0,632.0,557.0,2022-10-29,M&E Officer
BEN010,MODEL PRIMARY HEALTH CENTRE OKPOKWU II,BENUE,OKPOKWU,2023-10-31,2023,10,4,346.0,3.0,2.0,734,2,106.0,1,0,517.0,6,512.0,473.0,402.0,2023-11-29,Facility Focal Person
RIV012,PRIMARY HEALTH CENTRE ELEME II,RIVERS,ELEME,2022-09-30,2022,9,3,498.0,14.0,13.0,896,6,114.0,1,0,571.0,9,786.0,623.0,582.0,2022-10-22,Facility Focal Person
LAG015,MODEL PRIMARY HEALTH CENTRE BADAGRY II,LAGOS,BADAGRY,2024-10-31,2024,10,4,216.0,13.0,9.0,,4,59.0,0,0,636.0,10,909.0,577.0,504.0,2024-11-11,Facility Focal Person
FCT012,MISSION HOSPITAL BWARI II,FCT,BWARI,2024-09-30,2024,9,3,1198.0,54.0,38.0,2921,44,276.0,9,8,1967.0,40,2690.0,1936.0,1843.0,2024-10-16,M&E Officer
CRS001,MODEL PRIMARY HEALTH CENTRE CALABAR MUNICIPAL,CROSS RIVER,CALABAR MUNICIPAL,2023-02-28,2023,2,1,210.0,10.0,7.0,663,9,31.0,0,0,405.0,5,524.0,454.0,378.0,2023-03-13,Data Clerk
FCT009,MODEL PRIMARY HEALTH CENTRE KUJE II,FCT,KUJE,2024-11-30,2024,11,4,151.0,10.0,9.0,494,1,22.0,2,1,301.0,8,,296.0,288.0,2024-12-21,Facility Focal Person
KAD015,GENERAL HOSPITAL CHIKUN II,KADUNA,CHIKUN,2023-10-31,2023,10,4,350.0,4.0,2.0,1646,20,40.0,0,0,998.0,14,1205.0,816.0,730.0,2023-11-13,Facility Focal Person
NAS999,GENERAL HOSPITAL KUJE II,FCT,KUJE,2024-06-30,2024,6,2,1215.0,49.0,45.0,2531,28,318.0,5,4,2146.0,56,1974.0,1123.0,1051.0,2024-07-15,Data Clerk
FCT009,MODEL PRIMARY HEALTH CENTRE KUJE II,FCT,KUJE,2023-01-01,2023,1,1,95.0,7.0,6.0,444,2,18.0,0,0,421.0,8,360.0,243.0,227.0,2023-03-01,Facility Focal Person
LAG011,COTTAGE HOSPITAL AGEGE II,LAGOS,AGEGE,2023-05-31,2023,5,2,536.0,9.0,7.0,1701,17,68.0,0,0,1429.0,28,1349.0,1199.0,988.0,2023-06-21,Data Clerk
RIV015,SPECIALIST HOSPITAL KHANA II,RIVERS,KHANA,2023-09-30,2023,9,3,356.0,11.0,10.0,2322,44,77.0,7,6,1758.0,33,2109.0,1599.0,1394.0,2023-10-15,Data Clerk
LAG005,MISSION HOSPITAL AGEGE,LAGOS,AGEGE,2023-09-30,2023,9,3,1320.0,45.0,37.0,1710,23,379.0,10,8,1049.0,18,1563.0,1090.0,1001.0,2023-10-13,Data Clerk
RIV008,TEACHING HOSPITAL OBIO/AKPOR II,RIVERS,OBIO/AKPOR,2024-03-31,2024,3,1,1684.0,66.0,53.0,4097,64,175.0,1,0,3155.0,52,2998.0,2421.0,2271.0,2024-04-11,Data Clerk
NAS004,COTTAGE HOSPITAL AKWANGA,NASARAWA,AKWANGA,2022-11-30,2022,11,4,248.0,7.0,6.0,457,8,30.0,0,0,317.0,8,407.0,,240.0,2022-12-13,Facility Focal Person
FCT008,TEACHING HOSPITAL GWAGWALADA II,FCT,GWAGWALADA,2024-10-31,2024,10,4,647.0,29.0,28.0,4727,77,164.0,3,2,3638.0,70,3431.0,2730.0,2250.0,2024-11-18,Facility Focal Person
RIV008,TEACHING HOSPITAL OBIO/AKPOR II,RIVERS,OBIO/AKPOR,2024-01-31,2024,1,1,1552.0,59.0,56.0,4136,31,321.0,4,3,3738.0,58,3786.0,2814.0,2373.0,2024-02-16,Data Clerk
CRS011,COMPREHENSIVE HEALTH CENTRE CALABAR MUNICIPAL II,CROSS RIVER,CALABAR MUNICIPAL,2022-08-31,2022,8,3,367.0,4.0,3.0,454,3,65.0,0,0,328.0,6,391.0,328.0,307.0,2022-09-15,Data Clerk
AKS011,COMPREHENSIVE HEALTH CENTRE ETINAN II,AKWA IBOM,ETINAN,2023-10-31,2023,10,4,92.0,8.0,6.0,330,4,21.0,1,0,310.0,3,274.0,236.0,213.0,2023-11-13,Data Clerk
CRS011,COMPREHENSIVE HEALTH CENTRE CALABAR MUNICIPAL II,CROSS RIVER,CALABAR MUNICIPAL,2024-07-31,2024,7,3,414.0,6.0,5.0,496,7,78.0,0,0,364.0,5,369.0,335.0,295.0,2024-08-18,M&E Officer
CRS008,COTTAGE HOSPITAL OGOJA II,CROSS RIVER,OGOJA,2024-02-29,2024,2,1,645.0,33.0,24.0,2141,22,89.0,3,2,1769.0,42,1871.0,1481.0,1252.0,2024-03-16,Facility Focal Person
CRS006,PRIMARY HEALTH CENTRE CALABAR MUNICIPAL II,CROSS RIVER,CALABAR MUNICIPAL,2022-02-28,2022,2,1,343.0,16.0,11.0,1237,6,44.0,0,0,761.0,11,870.0,805.0,764.0,2022-03-18,M&E Officer
LAG015,MODEL PRIMARY HEALTH CENTRE BADAGRY II,LAGOS,BADAGRY,2024-01-31,2024,1,1,212.0,16.0,12.0,1088,8,27.0,0,0,996.0,22,990.0,622.0,544.0,2024-02-21,Data Clerk
LAG002,SPECIALIST HOSPITAL LAGOS ISLAND,LAGOS,LAGOS ISLAND,2022-01-31,2022,1,1,1185.0,56.0,53.0,5538,53,315.0,9,8,3806.0,58,4587.0,3427.0,3347.0,2022-02-15,M&E Officer
RIV010,TEACHING HOSPITAL AHOADA EAST II,RIVERS,AHOADA EAST,2022-01-31,2022,1,1,593.0,13.0,12.0,3396,40,158.0,2,1,2480.0,37,2985.0,1825.0,1786.0,2022-02-13,M&E Officer
XXX999,COTTAGE HOSPITAL LAGOS ISLAND II,LAGOS,LAGOS ISLAND,2022-05-31,2022,5,2,109.0,1.0,0.0,872,5,27.0,0,0,771.0,29,791.0,457.0,441.0,2022-06-15,Data Clerk
CRS007,MODEL PRIMARY HEALTH CENTRE IKOM II,CROSS RIVER,IKOM,2022-12-31,2022,12,4,35.0,0.0,0.0,311,5,6.0,0,0,245.0,3,288.0,222.0,188.0,2023-01-16,Facility Focal Person
RIV001,MODEL PRIMARY HEALTH CENTRE PORT HARCOURT,RIVERS,PORT HARCOURT,2023-03-31,2023,3,1,120.0,1.0,0.0,997,7,20.0,0,0,943.0,8,823.0,460.0,400.0,2023-04-13,Facility Focal Person
BEN003,GENERAL HOSPITAL OTUKPO,BENUE,OTUKPO,2022-08-01,2022,8,3,620.0,21.0,15.0,2549,28,124.0,2,1,2376.0,43,1781.0,1242.0,1076.0,2022-09-13,Facility Focal Person
FCT009,MODEL PRIMARY HEALTH CENTRE KUJE II,FCT,KUJE,2023-10-31,2023,10,4,156.0,11.0,10.0,474,1,22.0,0,0,331.0,5,345.0,215.0,192.0,2023-11-18,Data Clerk
LAG001,PRIMARY HEALTH CENTRE IKORODU,LAGOS,IKORODU,2023-05-31,2023,5,2,479.0,13.0,10.0,279,3,68.0,1,0,229.0,1,205.0,192.0,175.0,2023-06-15,Data Clerk
NAS005,MISSION HOSPITAL NASARAWA,NASARAWA,NASARAWA,2024-09-30,2024,9,3,1199.0,21.0,15.0,801,9,268.0,1,0,596.0,13,742.0,422.0,369.0,2024-11-15,M&E Officer
BEN012,COTTAGE HOSPITAL VANDEIKYA II,BENUE,VANDEIKYA,2023-08-31,2023,8,3,662.0,4.0,3.0,459,2,124.0,1,0,402.0,6,353.0,228.0,189.0,2023-09-11,M&E Officer
NAS002,COTTAGE HOSPITAL KARU,NASARAWA,KARU,2023-08-01,2023,8,3,401.0,2.0,1.0,305,1,64.0,1,0,182.0,1,226.0,188.0,163.0,2023-09-13,M&E Officer
RIV006,COTTAGE HOSPITAL ELEME,RIVERS,ELEME,2024-05-31,2024,5,2,1728.0,74.0,65.0,2761,50,522.0,559,15,,28,2408.0,1664.0,1611.0,2024-06-11,Data Clerk
FCT010,MODEL PRIMARY HEALTH CENTRE ABAJI II,FCT,ABAJI,2023-03-01,2023,3,1,592.0,21.0,18.0,346,5,160.0,0,0,304.0,4,278.0,209.0,188.0,2023-04-16,M&E Officer
RIV010,TEACHING HOSPITAL AHOADA EAST II,RIVERS,AHOADA EAST,2022-03-31,2022,3,1,569.0,8.0,7.0,3389,16,168.0,3,2,3203.0,66,2431.0,2120.0,1976.0,2022-04-13,Facility Focal Person
RIV006,COTTAGE HOSPITAL ELEME,RIVERS,ELEME,2024-09-01,2024,9,3,1588.0,89.0,65.0,2904,34,254.0,9,8,2036.0,38,2212.0,2098.0,1753.0,2024-10-18,Facility Focal Person
CRS010,COMPREHENSIVE HEALTH CENTRE AKAMKPA II,CROSS RIVER,AKAMKPA,2023-01-31,2023,1,1,59.0,0.0,0.0,402,3,8.0,0,0,377.0,7,275.0,179.0,170.0,2023-02-15,Facility Focal Person
FCT002,GENERAL HOSPITAL BWARI,FCT,BWARI,2023-10-31,2023,10,4,139.0,4.0,2.0,587,4,28.0,0,0,521.0,13,424.0,339.0,322.0,2023-11-21,Data Clerk
NAS007,GENERAL HOSPITAL KARU II,NASARAWA,KARU,2024-10-01,2024,10,4,697.0,5.0,4.0,1986,37,170.0,0,0,1698.0,38,,1298.0,1130.0,2024-11-11,Data Clerk
NAS005,MISSION HOSPITAL NASARAWA,NASARAWA,NASARAWA,2023-11-30,2023,11,4,1308.0,26.0,19.0,596,2,305.0,3,2,421.0,8,508.0,292.0,271.0,2023-12-18,Data Clerk
RIV006,COTTAGE HOSPITAL ELEME,RIVERS,ELEME,2022-10-31,2022,10,4,1051.0,41.0,40.0,2471,15,151.0,2,1,1484.0,27,2161.0,1478.0,1413.0,2022-11-13,Facility Focal Person
BEN011,MODEL PRIMARY HEALTH CENTRE KATSINA-ALA II,BENUE,KATSINA-ALA,2024-06-30,2024,6,2,267.0,7.0,6.0,389,1,47.0,0,0,352.0,4,336.0,234.0,211.0,2024-07-29,Data Clerk
NAS011,MISSION HOSPITAL LAFIA II,NASARAWA,LAFIA,2022-07-31,2022,7,3,1268.0,11.0,10.0,2716,48,294.0,1,0,,46,1897.0,1492.0,1235.0,2022-08-18,Facility Focal Person
BEN013,MODEL PRIMARY HEALTH CENTRE MAKURDI II,BENUE,MAKURDI,2024-08-31,2024,8,3,611.0,17.0,16.0,819,12,183.0,6,5,735.0,14,705.0,503.0,465.0,2024-09-21,M&E Officer
BEN012,COTTAGE HOSPITAL VANDEIKYA II,BENUE,VANDEIKYA,2024-04-30,2024,4,2,6590.0,8.0,6.0,454,7,187.0,2,1,295.0,4,366.0,337.0,308.0,2024-05-13,Facility Focal Person
BEN001,MISSION HOSPITAL MAKURDI,BENUE,MAKURDI,2024-07-31,2024,7,3,1133.0,14.0,11.0,1739,28,270.0,0,0,1006.0,14,1226.0,1000.0,892.0,2024-08-16,Facility Focal Person
CRS002,COMPREHENSIVE HEALTH CENTRE IKOM,CROSS RIVER,IKOM,2022-11-30,2022,11,4,123.0,8.0,5.0,187,1,37.0,0,0,138.0,0,149.0,118.0,109.0,2022-12-11,M&E Officer
AKS010,GENERAL HOSPITAL EKET II,AKWA IBOM,EKET,2023-11-30,2023,11,4,510.0,4.0,3.0,1618,10,,1,0,1331.0,26,1366.0,943.0,902.0,2023-12-18,Data Clerk
BEN010,MODEL PRIMARY HEALTH CENTRE OKPOKWU II,BENUE,OKPOKWU,2023-06-30,2023,6,2,376.0,5.0,3.0,748,5,112.0,0,0,418.0,8,637.0,474.0,401.0,2023-07-16,M&E Officer
NAS010,TEACHING HOSPITAL NASARAWA II,NASARAWA,NASARAWA,2023-08-31,2023,8,3,2725.0,152.0,134.0,5117,36,865.0,27,20,4726.0,80,3775.0,3346.0,3050.0,2023-09-16,Data Clerk
NAS010,TEACHING HOSPITAL NASARAWA II,NASARAWA,NASARAWA,2024-06-30,2024,6,2,2836.0,129.0,110.0,5578,63,801.0,22,20,4458.0,89,3933.0,3188.0,2843.0,2024-07-13,M&E Officer
RIV002,TEACHING HOSPITAL OBIO/AKPOR,RIVERS,OBIO/AKPOR,2022-03-01,2022,3,1,1520.0,26.0,20.0,4907,77,219.0,2,1,3816.0,71,4445.0,3039.0,2774.0,2022-04-15,M&E Officer
NAS005,MISSION HOSPITAL NASARAWA,NASARAWA,NASARAWA,2022-05-31,2022,5,2,1195.0,36.0,32.0,247,1,264.0,5,4,149.0,1,174.0,98.0,81.0,2022-06-15,Data Clerk
NAS008,COMPREHENSIVE HEALTH CENTRE KEFFI II,NASARAWA,KEFFI,2022-05-31,2022,5,2,74.0,1.0,0.0,968,6,13.0,0,0,535.0,10,892.0,572.0,533.0,2022-06-13,Data Clerk
LAG009,MISSION HOSPITAL BADAGRY II,LAGOS,BADAGRY,2023-11-30,2023,11,4,384.0,4.0,3.0,2379,47,77.0,1,0,1764.0,27,2007.0,1516.0,1301.0,2023-12-13,Facility Focal Person
NAS009,COTTAGE HOSPITAL AKWANGA II,NASARAWA,AKWANGA,2022-07-31,2022,7,3,1059.0,8.0,6.0,470,2,133.0,1,0,277.0,10,420.0,293.0,275.0,2022-08-15,Facility Focal Person
LAG004,COMPREHENSIVE HEALTH CENTRE SURULERE,LAGOS,SURULERE,2023-01-31,2023,1,1,469.0,16.0,12.0,617,12,46.0,0,0,406.0,6,469.0,420.0,395.0,2023-02-13,Facility Focal Person
AKS005,COMPREHENSIVE HEALTH CENTRE ORON,AKWA IBOM,ORON,2024-11-30,2024,11,4,150.0,1.0,0.0,937,9,42.0,1,0,715.0,17,695.0,405.0,346.0,2024-12-13,M&E Officer
NAS002,COTTAGE HOSPITAL KARU,NASARAWA,KARU,2022-03-31,2022,3,1,326.0,3.0,2.0,318,1,58.0,1,0,,6,293.0,239.0,226.0,2022-04-21,M&E Officer
KAD002,TEACHING HOSPITAL KADUNA SOUTH,KADUNA,KADUNA SOUTH,2022-12-31,2022,12,4,1171.0,27.0,21.0,4261,43,321.0,1,0,3429.0,65,2970.0,1802.0,1557.0,2023-01-18,M&E Officer
LAG010,PRIMARY HEALTH CENTRE SURULERE II,LAGOS,SURULERE,2024-01-31,2024,1,1,248.0,3.0,2.0,953,2,33.0,0,0,548.0,15,761.0,536.0,470.0,2024-02-18,Facility Focal Person
FCT013,COTTAGE HOSPITAL GWAGWALADA II,FCT,GWAGWALADA,2022-04-30,2022,4,2,985.0,12.0,10.0,1413,6,99.0,0,0,1135.0,18,1224.0,704.0,629.0,2022-05-13,M&E Officer
RIV002,TEACHING HOSPITAL OBIO/AKPOR,RIVERS,OBIO/AKPOR,2024-05-31,2024,5,2,1853.0,31.0,28.0,4260,32,586.0,6,4,2683.0,41,3210.0,3033.0,2712.0,2024-06-16,M&E Officer
KAD003,MISSION HOSPITAL ZARIA,KADUNA,ZARIA,2022-11-01,2022,11,4,993.0,41.0,31.0,,25,182.0,2,1,2440.0,55,2183.0,1422.0,1170.0,2022-12-21,Facility Focal Person
AKS001,COMPREHENSIVE HEALTH CENTRE UYO,AKWA IBOM,UYO,2024-02-29,2024,2,1,686.0,2.0,1.0,321,3,118.0,0,0,300.0,5,226.0,144.0,137.0,2024-03-29,M&E Officer
RIV004,MODEL PRIMARY HEALTH CENTRE AHOADA EAST,RIVERS,AHOADA EAST,2022-11-30,2022,11,4,349.0,11.0,10.0,856,15,110.0,0,0,686.0,9,611.0,448.0,403.0,2023-01-15,Facility Focal Person
FCT013,COTTAGE HOSPITAL GWAGWALADA II,FCT,GWAGWALADA,2022-11-30,2022,11,4,787.0,7.0,5.0,1371,27,207.0,2,1,1296.0,35,1136.0,850.0,832.0,2022-12-18,Facility Focal Person
BEN011,MODEL PRIMARY HEALTH CENTRE KATSINA-ALA II,BENUE,KATSINA-ALA,2023-10-01,2023,10,4,261.0,10.0,8.0,356,1,58.0,0,0,231.0,3,305.0,,190.0,2023-11-18,M&E Officer
AKS005,COMPREHENSIVE HEALTH CENTRE ORON,AKWA IBOM,ORON,2024-06-30,2024,6,2,137.0,,2.0,985,11,28.0,0,0,776.0,14,828.0,674.0,582.0,2024-07-16,Facility Focal Person
CRS012,MODEL PRIMARY HEALTH CENTRE IKOM II,CROSS RIVER,IKOM,2023-12-31,2023,12,4,395.0,2.0,1.0,773,7,96.0,1,0,540.0,11,625.0,380.0,350.0,2024-01-16,Data Clerk
AKS010,GENERAL HOSPITAL EKET II,AKWA IBOM,EKET,2022-08-01,2022,8,3,512.0,10.0,9.0,1781,16,149.0,4,3,1666.0,24,1483.0,,861.0,2022-09-13,Data Clerk
AKS010,GENERAL HOSPITAL EKET II,AKWA IBOM,EKET,2023-07-31,2023,7,3,,11.0,10.0,1669,24,180.0,6,4,1298.0,24,1489.0,1121.0,1057.0,2023-08-13,Data Clerk
LAG010,PRIMARY HEALTH CENTRE SURULERE II,LAGOS,SURULERE,2023-01-31,2023,1,1,509.0,20.0,17.0,949,8,83.0,1,0,750.0,11,864.0,795.0,668.0,2023-02-16,Facility Focal Person
BEN001,MISSION HOSPITAL MAKURDI,BENUE,MAKURDI,2022-09-30,2022,9,3,1018.0,4.0,3.0,2020,27,227.0,1,0,1788.0,43,1377.0,934.0,864.0,2022-10-13,M&E Officer
AKS014,PRIMARY HEALTH CENTRE IKONO II,AKWA IBOM,IKONO,2022-12-31,2022,12,4,174.0,9.0,7.0,603,1,53.0,1,0,368.0,7,498.0,347.0,294.0,2023-01-13,M&E Officer
RIV006,COTTAGE HOSPITAL ELEME,RIVERS,ELEME,2022-08-31,2022,8,3,1046.0,49.0,42.0,2423,26,140.0,6,5,1568.0,24,1780.0,1162.0,977.0,2022-09-16,M&E Officer
NAS003,COTTAGE HOSPITAL KEFFI,NASARAWA,KEFFI,2024-07-31,2024,7,3,409.0,7.0,6.0,1461,23,122.0,2,1,887.0,13,1192.0,1234.0,766.0,2024-08-21,M&E Officer
RIV013,MISSION HOSPITAL PORT HARCOURT II,RIVERS,PORT HARCOURT,2022-05-31,2022,5,2,667.0,33.0,25.0,2287,37,110.0,4,3,1579.0,20,1950.0,1321.0,1200.0,2022-06-29,Facility Focal Person
BEN006,PRIMARY HEALTH CENTRE VANDEIKYA,BENUE,VANDEIKYA,2023-03-01,2023,3,1,237.0,5.0,3.0,330,6,48.0,2,1,223.0,3,296.0,186.0,167.0,2023-04-11,Facility Focal Person
CRS015,MODEL PRIMARY HEALTH CENTRE AKAMKPA II,CROSS RIVER,AKAMKPA,2022-04-30,2022,4,2,67.0,3.0,2.0,623,6,21.0,0,0,517.0,8,532.0,496.0,447.0,2022-05-15,M&E Officer
CRS009,COMPREHENSIVE HEALTH CENTRE OBUDU II,CROSS RIVER,OBUDU,2024-02-29,2024,2,1,474.0,11.0,10.0,891,16,139.0,3,2,584.0,15,788.0,648.0,575.0,2024-03-13,M&E Officer
CRS001,MODEL PRIMARY HEALTH CENTRE CALABAR MUNICIPAL,CROSS RIVER,CALABAR MUNICIPAL,2023-04-30,2023,4,2,196.0,234.0,6.0,660,8,56.0,1,0,398.0,8,493.0,276.0,246.0,2023-05-18,Facility Focal Person
FCT005,PRIMARY HEALTH CENTRE ABAJI,FCT,ABAJI,2024-02-29,2024,2,1,587.0,23.0,19.0,553,2,136.0,5,4,395.0,7,467.0,317.0,264.0,2024-03-13,M&E Officer
CRS013,MISSION HOSPITAL OGOJA II,CROSS RIVER,OGOJA,2022-01-31,2022,1,1,185.0,7.0,5.0,930,17,46.0,0,0,530.0,10,654.0,515.0,473.0,2022-02-13,Data Clerk
LAG003,TEACHING HOSPITAL BADAGRY,LAGOS,BADAGRY,2024-10-31,2024,10,4,3393.0,129.0,,7013,46,837.0,32,31,6548.0,109,5201.0,3128.0,3044.0,2024-11-20,M&E Officer
BEN011,MODEL PRIMARY HEALTH CENTRE KATSINA-ALA II,BENUE,KATSINA-ALA,2024-08-31,2024,8,3,296.0,9.0,7.0,393,4,86.0,0,0,342.0,8,290.0,210.0,172.0,2024-09-13,Data Clerk
FCT014,GENERAL HOSPITAL KUJE II,FCT,KUJE,2022-07-31,2022,7,3,958.0,31.0,30.0,2469,20,149.0,5,4,1997.0,38,1756.0,1194.0,1067.0,2022-08-13,Facility Focal Person
LAG006,SPECIALIST HOSPITAL ALIMOSHO,LAGOS,ALIMOSHO,2022-12-31,2022,12,4,599.0,11.0,9.0,5148,70,165.0,1,0,3561.0,65,3818.0,2230.0,2110.0,2023-01-13,Facility Focal Person
KAD004,SPECIALIST HOSPITAL SABON GARI,KADUNA,SABON GARI,2023-05-31,2023,5,2,2698.0,123.0,94.0,4598,31,407.0,9,8,3204.0,57,,3139.0,2801.0,2023-06-11,Data Clerk
KAD005,COTTAGE HOSPITAL CHIKUN,KADUNA,CHIKUN,2023-07-31,2023,7,3,620.0,7.0,5.0,331,1,179.0,1,0,276.0,5,301.0,209.0,190.0,2023-08-15,Facility Focal Person
BEN010,MODEL PRIMARY HEALTH CENTRE OKPOKWU II,BENUE,OKPOKWU,2024-01-31,2024,1,1,381.0,13.0,10.0,731,4,56.0,1,0,,8,515.0,469.0,447.0,2024-02-16,Facility Focal Person
FCT010,MODEL PRIMARY HEALTH CENTRE ABAJI II,FCT,ABAJI,2023-04-30,2023,4,2,593.0,13.0,10.0,352,4,93.0,1,0,266.0,5,297.0,181.0,164.0,2023-05-11,Facility Focal Person
BEN006,PRIMARY HEALTH CENTRE VANDEIKYA,BENUE,VANDEIKYA,2023-11-30,2023,11,4,225.0,8.0,6.0,344,4,40.0,0,0,269.0,5,301.0,282.0,246.0,2023-12-13,M&E Officer
NAS010,TEACHING HOSPITAL NASARAWA II,NASARAWA,NASARAWA,2022-05-31,2022,5,2,2161.0,72.0,56.0,4534,57,608.0,12,9,4085.0,68,3324.0,2318.0,2070.0,2022-06-13,M&E Officer
KAD011,PRIMARY HEALTH CENTRE KADUNA NORTH II,KADUNA,KADUNA NORTH,2023-01-01,2023,1,1,177.0,6.0,5.0,556,11,55.0,0,0,326.0,4,476.0,300.0,249.0,2023-02-18,Data Clerk
FCT002,GENERAL HOSPITAL BWARI,FCT,BWARI,2024-03-31,2024,3,1,104.0,2.0,1.0,573,9,22.0,0,0,324.0,2,524.0,454.0,425.0,2024-04-15,M&E Officer
AKS002,GENERAL HOSPITAL IKOT EKPENE,AKWA IBOM,IKOT EKPENE,2024-08-31,2024,8,3,331.0,,0.0,536,7,90.0,1,0,324.0,5,481.0,363.0,315.0,2024-09-18,Data Clerk
LAG006,SPECIALIST HOSPITAL ALIMOSHO,LAGOS,ALIMOSHO,2024-12-31,2024,12,4,936.0,16.0,11.0,4387,45,241.0,0,0,2724.0,49,3561.0,2818.0,2527.0,2025-01-11,Facility Focal Person
AKS007,TEACHING HOSPITAL IKONO,AKWA IBOM,IKONO,2022-06-01,2022,6,2,1140.0,17.0,14.0,6667,29,269.0,4,3,6059.0,114,4965.0,3528.0,3144.0,2022-07-11,Data Clerk
CRS004,COMPREHENSIVE HEALTH CENTRE OBUDU,CROSS RIVER,OBUDU,2022-10-31,2022,10,4,155.0,4.0,3.0,466,8,30.0,0,0,347.0,6,427.0,243.0,225.0,2022-11-13,Facility Focal Person
BEN012,COTTAGE HOSPITAL VANDEIKYA II,BENUE,VANDEIKYA,2023-07-31,2023,7,3,663.0,4.0,,458,4,166.0,0,0,324.0,5,356.0,209.0,195.0,2023-08-18,Facility Focal Person
NAS005,MISSION HOSPITAL NASARAWA,NASARAWA,NASARAWA,2022-06-30,2022,6,2,1051.0,23.0,21.0,264,4,151.0,2,1,175.0,3,180.0,155.0,146.0,2022-07-21,Data Clerk
BEN014,COMPREHENSIVE HEALTH CENTRE GBOKO II,BENUE,GBOKO,2024-05-31,2024,5,2,590.0,5.0,3.0,761,4,151.0,2,1,535.0,9,631.0,415.0,358.0,2024-06-11,Data Clerk
AKS003,MODEL PRIMARY HEALTH CENTRE EKET,AKWA IBOM,EKET,2023-05-31,2023,5,2,705.0,36.0,35.0,306,-31,124.0,1,0,,1,267.0,153.0,137.0,2023-06-18,Facility Focal Person
KAD002,TEACHING HOSPITAL KADUNA SOUTH,KADUNA,KADUNA SOUTH,2024-09-01,2024,9,3,,11.0,10.0,3540,53,486.0,2,1,,32,3220.0,2813.0,2670.0,2024-10-22,Facility Focal Person
FCT002,GENERAL HOSPITAL BWARI,FCT,BWARI,2024-06-30,2024,6,2,167.0,5.0,3.0,568,8,51.0,0,0,476.0,12,397.0,248.0,219.0,2024-07-11,Data Clerk
CRS008,COTTAGE HOSPITAL OGOJA II,CROSS RIVER,OGOJA,2023-07-31,2023,7,3,654.0,24.0,20.0,2178,36,182.0,7,6,1979.0,39,1748.0,1330.0,1163.0,2023-08-20,Facility Focal Person
LAG013,SPECIALIST HOSPITAL IKORODU II,LAGOS,IKORODU,2023-04-30,2023,4,2,2508.0,74.0,55.0,6055,105,631.0,13,11,4219.0,74,4956.0,3009.0,2612.0,2023-05-11,M&E Officer
CRS007,MODEL PRIMARY HEALTH CENTRE IKOM II,CROSS RIVER,IKOM,2023-11-30,2023,11,4,99.0,5.0,4.0,303,0,22.0,1,0,217.0,3,209.0,194.0,178.0,2023-12-21,M&E Officer
CRS005,TEACHING HOSPITAL AKAMKPA,CROSS RIVER,AKAMKPA,2024-12-31,2024,12,4,986.0,39.0,32.0,4107,13,299.0,6,4,2436.0,36,3055.0,1894.0,1653.0,2025-01-21,Facility Focal Person
BEN008,TEACHING HOSPITAL GBOKO II,BENUE,GBOKO,2024-11-30,2024,11,4,2811.0,88.0,69.0,6131,78,766.0,15,14,3856.0,63,4568.0,4205.0,3662.0,2024-12-13,M&E Officer
NAS006,PRIMARY HEALTH CENTRE LAFIA II,NASARAWA,LAFIA,2022-10-31,2022,10,4,161.0,2.0,1.0,990,14,42.0,0,0,630.0,18,779.0,450.0,413.0,2022-11-11,Facility Focal Person
NAS015,SPECIALIST HOSPITAL NASARAWA II,NASARAWA,NASARAWA,2024-07-31,2024,7,3,1027.0,35.0,24.0,3315,50,188.0,4,3,2587.0,52,2354.0,1349.0,1289.0,2024-08-16,Facility Focal Person
FCT006,MISSION HOSPITAL AMAC II,FCT,AMAC,2022-04-30,2022,4,2,1102.0,34.0,30.0,2355,21,248.0,6,5,2065.0,39,1676.0,1390.0,1313.0,2022-05-11,Facility Focal Person
AKS012,COTTAGE HOSPITAL ORON II,AKWA IBOM,ORON,2022-02-01,2022,2,1,965.0,41.0,29.0,376,5,101.0,2,1,338.0,7,258.0,206.0,184.0,2022-03-13,Facility Focal Person
BEN012,COTTAGE HOSPITAL VANDEIKYA II,BENUE,VANDEIKYA,2022-09-30,2022,9,3,516.0,5.0,4.0,466,7,91.0,0,0,361.0,5,425.0,299.0,255.0,2022-10-13,Facility Focal Person
FCT015,COMPREHENSIVE HEALTH CENTRE ABAJI II,FCT,ABAJI,2022-06-30,2022,6,2,126.0,3.0,2.0,862,4,14.0,0,0,686.0,14,662.0,438.0,360.0,2022-07-16,Facility Focal Person
FCT004,MODEL PRIMARY HEALTH CENTRE KUJE,FCT,KUJE,2022-11-30,2022,11,4,345.0,8.0,5.0,1314,14,108.0,4,3,1194.0,18,1167.0,1094.0,1003.0,2022-12-15,Data Clerk
FCT010,MODEL PRIMARY HEALTH CENTRE ABAJI II,FCT,ABAJI,2023-09-30,2023,9,3,573.0,20.0,17.0,402,2,95.0,2,1,353.0,3,312.0,238.0,206.0,2023-10-21,Data Clerk
XXX999,COMPREHENSIVE HEALTH CENTRE IKOM,CROSS RIVER,IKOM,2024-07-01,2024,7,3,231.0,7.0,6.0,278,0,71.0,5,4,261.0,6,250.0,187.0,162.0,2024-08-15,M&E Officer
BEN001,MISSION HOSPITAL MAKURDI,BENUE,MAKURDI,2023-05-31,2023,5,2,1067.0,6.0,5.0,1907,37,253.0,1,0,1554.0,21,1581.0,1332.0,1135.0,2023-06-13,M&E Officer
KAD013,SPECIALIST HOSPITAL ZARIA II,KADUNA,ZARIA,2023-12-01,2023,12,4,1717.0,49.0,42.0,2667,23,430.0,7,6,1912.0,39,1983.0,1173.0,1125.0,2024-01-18,M&E Officer
LAG012,PRIMARY HEALTH CENTRE ALIMOSHO II,LAGOS,ALIMOSHO,2023-01-31,2023,1,1,258.0,11.0,10.0,633,1,55.0,1,0,584.0,14,571.0,338.0,301.0,2023-02-16,Facility Focal Person
RIV013,MISSION HOSPITAL PORT HARCOURT II,RIVERS,PORT HARCOURT,2022-08-31,2022,8,3,696.0,14.0,12.0,2259,24,189.0,3,2,1788.0,38,1781.0,1384.0,1266.0,2022-09-11,Data Clerk
AKS008,PRIMARY HEALTH CENTRE UYO II,AKWA IBOM,UYO,2024-08-31,2024,8,3,117.0,2.0,1.0,93,0,17.0,0,0,69.0,3,64.0,46.0,44.0,2024-09-21,M&E Officer
BEN007,SPECIALIST HOSPITAL MAKURDI II,BENUE,MAKURDI,2022-07-31,2022,7,3,237.0,2.0,1.0,2280,19,31.0,1,0,1726.0,30,2040.0,1337.0,1305.0,2022-08-16,Data Clerk
RIV010,TEACHING HOSPITAL AHOADA EAST II,RIVERS,AHOADA EAST,2024-11-30,2024,11,4,607.0,8.0,6.0,2799,55,161.0,5,4,1898.0,42,2475.0,2339.0,2148.0,2024-12-18,M&E Officer
NAS009,COTTAGE HOSPITAL AKWANGA II,NASARAWA,AKWANGA,2022-02-28,2022,2,1,735.0,7.0,5.0,463,8,,1,0,430.0,7,425.0,303.0,276.0,2022-03-21,M&E Officer
NAS009,COTTAGE HOSPITAL AKWANGA II,NASARAWA,AKWANGA,2024-04-30,2024,4,2,1238.0,13.0,12.0,476,8,265.0,2,1,359.0,6,380.0,325.0,275.0,2024-05-13,Data Clerk
LAG006,SPECIALIST HOSPITAL ALIMOSHO,LAGOS,ALIMOSHO,2024-03-31,2024,3,1,698.0,14.0,11.0,4594,17,194.0,1,0,3773.0,73,3991.0,2346.0,2029.0,2024-04-18,M&E Officer
RIV003,COMPREHENSIVE HEALTH CENTRE KHANA,RIVERS,KHANA,2022-02-28,2022,2,1,289.0,12.0,9.0,1061,2,62.0,2,1,814.0,18,759.0,557.0,,2022-03-29,M&E Officer
CRS004,COMPREHENSIVE HEALTH CENTRE OBUDU,CROSS RIVER,OBUDU,2023-06-01,2023,6,2,295.0,12.0,9.0,461,7,54.0,2,1,264.0,8,332.0,187.0,171.0,2023-07-15,Data Clerk
KAD004,SPECIALIST HOSPITAL SABON GARI,KADUNA,SABON GARI,2022-12-31,2022,12,4,2220.0,102.0,91.0,,52,471.0,20,17,3835.0,65,3896.0,2191.0,2122.0,2023-01-11,Facility Focal Person
LAG010,PRIMARY HEALTH CENTRE SURULERE II,LAGOS,SURULERE,2023-10-01,2023,10,4,474.0,23.0,19.0,955,12,95.0,3,2,787.0,12,706.0,389.0,371.0,2023-11-29,M&E Officer
AKS012,COTTAGE HOSPITAL ORON II,AKWA IBOM,ORON,2024-04-30,2024,4,2,1218.0,73.0,59.0,1160,8,147.0,2,1,665.0,16,999.0,659.0,599.0,2024-05-13,Data Clerk
CRS010,COMPREHENSIVE HEALTH CENTRE AKAMKPA II,CROSS RIVER,AKAMKPA,2023-06-30,2023,6,2,91.0,5.0,4.0,390,3,21.0,1,0,241.0,7,326.0,190.0,175.0,2023-07-16,Data Clerk
KAD012,COMPREHENSIVE HEALTH CENTRE KADUNA SOUTH II,KADUNA,KADUNA SOUTH,2024-08-31,2024,8,3,560.0,13.0,9.0,639,9,117.0,3,2,376.0,8,452.0,254.0,208.0,2024-09-25,Data Clerk
KAD009,MODEL PRIMARY HEALTH CENTRE SABON GARI II,KADUNA,SABON GARI,2022-11-30,2022,11,4,395.0,18.0,,742,14,47.0,3,2,515.0,4,659.0,539.0,464.0,2022-12-21,Facility Focal Person
RIV009,MISSION HOSPITAL KHANA II,RIVERS,KHANA,2022-12-31,2022,12,4,447.0,4.0,3.0,821,11,142.0,1,0,461.0,8,729.0,581.0,520.0,2023-01-15,Facility Focal Person
AKS014,PRIMARY HEALTH CENTRE IKONO II,AKWA IBOM,IKONO,2024-09-30,2024,9,3,231.0,11.0,9.0,611,6,37.0,1,0,471.0,11,563.0,373.0,313.0,2024-10-11,Facility Focal Person
BEN015,PRIMARY HEALTH CENTRE OTUKPO II,BENUE,OTUKPO,2024-12-31,2024,12,4,127.0,4.0,3.0,707,11,22.0,1,0,394.0,8,514.0,415.0,362.0,2025-01-29,Facility Focal Person
BEN014,COMPREHENSIVE HEALTH CENTRE GBOKO II,BENUE,GBOKO,2023-09-30,2023,9,3,574.0,12.0,10.0,802,13,103.0,1,0,631.0,11,581.0,326.0,309.0,2023-10-15,Facility Focal Person
RIV001,MODEL PRIMARY HEALTH CENTRE PORT HARCOURT,RIVERS,PORT HARCOURT,2022-10-31,2022,10,4,105.0,2.0,1.0,1070,5,31.0,0,0,622.0,7,972.0,914.0,760.0,2022-11-16,Facility Focal Person
LAG099,MODEL PRIMARY HEALTH CENTRE PORT HARCOURT,RIVERS,PORT HARCOURT,2023-06-30,2023,6,2,124.0,0.0,0.0,964,16,14.0,1,0,671.0,9,737.0,559.0,458.0,2023-07-15,Facility Focal Person
CRS012,MODEL PRIMARY HEALTH CENTRE IKOM II,CROSS RIVER,IKOM,2023-01-01,2023,1,1,303.0,5.0,4.0,804,11,78.0,1,0,629.0,8,602.0,452.0,441.0,2023-02-16,M&E Officer
CRS009,COMPREHENSIVE HEALTH CENTRE OBUDU II,CROSS RIVER,OBUDU,2023-07-31,2023,7,3,614.0,29.0,24.0,861,5,160.0,2,1,,10,628.0,549.0,520.0,2023-08-15,Facility Focal Person
AKS007,TEACHING HOSPITAL IKONO,AKWA IBOM,IKONO,2022-03-01,2022,3,1,865.0,11.0,10.0,6808,68,188.0,1,0,5002.0,82,6237.0,4670.0,4530.0,2022-04-18,Facility Focal Person
FCT007,SPECIALIST HOSPITAL BWARI II,FCT,BWARI,2022-01-01,2022,1,1,1870.0,44.0,37.0,4592,24,536.0,9,8,4048.0,72,4085.0,3209.0,2778.0,2022-02-21,Facility Focal Person
KAD009,MODEL PRIMARY HEALTH CENTRE SABON GARI II,KADUNA,SABON GARI,2024-04-30,2024,4,2,496.0,27.0,25.0,907,17,98.0,2,1,575.0,11,773.0,702.0,645.0,2024-05-13,M&E Officer
BEN002,SPECIALIST HOSPITAL GBOKO,BENUE,GBOKO,2023-11-01,2023,11,4,2057.0,36.0,26.0,4470,84,313.0,2,1,3973.0,78,3913.0,2489.0,2320.0,2023-12-11,M&E Officer
AKS006,PRIMARY HEALTH CENTRE ABAK,AKWA IBOM,ABAK,2024-06-30,2024,6,2,622.0,20.0,19.0,485,7,80.0,2,1,343.0,12,441.0,358.0,303.0,2024-07-15,M&E Officer
FCT010,MODEL PRIMARY HEALTH CENTRE ABAJI II,FCT,ABAJI,2022-02-28,2022,2,1,326.0,8.0,7.0,256,3,83.0,1,0,173.0,1,237.0,147.0,140.0,2022-03-18,Facility Focal Person
FCT012,MISSION HOSPITAL BWARI II,FCT,BWARI,2022-03-31,2022,3,1,983.0,34.0,27.0,2676,5,262.0,4,3,1752.0,19,2343.0,1827.0,1737.0,2022-04-16,Data Clerk
FCT011,COTTAGE HOSPITAL AMAC II,FCT,AMAC,2023-06-30,2023,6,2,440.0,20.0,16.0,2159,40,120.0,2,1,2041.0,32,1612.0,1293.0,1241.0,2023-07-18,Facility Focal Person
NAS008,COMPREHENSIVE HEALTH CENTRE KEFFI II,NASARAWA,KEFFI,2024-01-31,2024,1,1,93.0,3.0,2.0,796,3,13.0,0,0,586.0,23,656.0,473.0,453.0,2024-02-11,M&E Officer
KAD007,MODEL PRIMARY HEALTH CENTRE KADUNA SOUTH II,KADUNA,KADUNA SOUTH,2022-11-30,2022,11,4,233.0,13.0,9.0,1117,4,36.0,98,1,705.0,8,882.0,517.0,497.0,2022-12-13,Facility Focal Person
KAD015,GENERAL HOSPITAL CHIKUN II,KADUNA,CHIKUN,2023-12-31,2023,12,4,263.0,6.0,4.0,1628,25,57.0,1,0,1306.0,17,1465.0,1251.0,1171.0,2024-01-13,Data Clerk
RIV012,PRIMARY HEALTH CENTRE ELEME II,RIVERS,ELEME,2023-01-31,2023,1,1,567.0,15.0,11.0,910,12,161.0,2,1,704.0,18,837.0,718.0,636.0,2023-02-16,Data Clerk
BEN014,COMPREHENSIVE HEALTH CENTRE GBOKO II,BENUE,GBOKO,2023-08-31,2023,8,3,538.0,10.0,9.0,805,9,145.0,0,0,493.0,8,647.0,554.0,502.0,2023-09-18,M&E Officer
CRS015,MODEL PRIMARY HEALTH CENTRE AKAMKPA II,CROSS RIVER,AKAMKPA,2022-08-31,2022,8,3,80.0,2.0,1.0,589,6,18.0,0,0,448.0,7,544.0,510.0,458.0,2022-09-15,Data Clerk
AKS015,MISSION HOSPITAL UYO II,AKWA IBOM,UYO,2024-05-31,2024,5,2,897.0,38.0,28.0,2426,38,198.0,7,5,1558.0,20,2071.0,1688.0,1388.0,2024-06-16,Facility Focal Person
NAS999,SPECIALIST HOSPITAL BWARI II,FCT,BWARI,2024-12-31,2024,12,4,2613.0,69.0,62.0,4218,73,688.0,8,6,3674.0,79,3376.0,2033.0,1913.0,2025-01-15,Facility Focal Person
KAD010,COTTAGE HOSPITAL CHIKUN II,KADUNA,CHIKUN,2022-08-31,2022,8,3,285.0,11.0,9.0,947,9,70.0,2,1,729.0,14,711.0,624.0,586.0,2022-09-11,Facility Focal Person
LAG009,MISSION HOSPITAL BADAGRY II,LAGOS,BADAGRY,2023-08-31,2023,8,3,483.0,11.0,7.0,2451,40,50.0,0,0,1411.0,34,1743.0,1473.0,1259.0,2023-09-16,Facility Focal Person
NAS012,MISSION HOSPITAL KARU II,NASARAWA,KARU,2022-09-30,2022,9,3,916.0,23.0,21.0,1353,15,229.0,1,0,989.0,16,923.0,633.0,572.0,2022-10-11,Data Clerk
NAS010,TEACHING HOSPITAL NASARAWA II,NASARAWA,NASARAWA,2022-10-31,2022,10,4,1304.0,42.0,36.0,4654,83,142.0,8,7,3895.0,76,4047.0,3783.0,3190.0,2022-11-13,Data Clerk
RIV003,COMPREHENSIVE HEALTH CENTRE KHANA,RIVERS,KHANA,2024-04-30,2024,4,2,406.0,11.0,10.0,1052,15,117.0,4,3,728.0,8,823.0,525.0,,2024-05-21,Facility Focal Person
NAS014,TEACHING HOSPITAL AKWANGA II,NASARAWA,AKWANGA,2024-06-30,2024,6,2,2247.0,46.0,42.0,5098,12,328.0,4,3,4146.0,63,3958.0,3676.0,3537.0,2024-07-11,Data Clerk
CRS015,MODEL PRIMARY HEALTH CENTRE AKAMKPA II,CROSS RIVER,AKAMKPA,2024-04-30,2024,4,2,80.0,0.0,0.0,494,6,18.0,1,0,370.0,4,388.0,324.0,278.0,2024-05-11,M&E Officer
AKS001,COMPREHENSIVE HEALTH CENTRE UYO,AKWA IBOM,UYO,2022-01-31,2022,1,1,483.0,4.0,3.0,314,5,69.0,0,0,202.0,2,,213.0,202.0,2022-02-21,Facility Focal Person
KAD002,TEACHING HOSPITAL KADUNA SOUTH,KADUNA,KADUNA SOUTH,2022-01-31,2022,1,1,709.0,7.0,5.0,4591,89,211.0,2,1,2746.0,41,3925.0,3352.0,2902.0,2022-03-01,M&E Officer
LAG010,PRIMARY HEALTH CENTRE SURULERE II,LAGOS,SURULERE,2023-03-31,2023,3,1,421.0,14.0,-27.0,951,11,116.0,1,0,837.0,13,,524.0,440.0,2023-04-15,Data Clerk
KAD002,TEACHING HOSPITAL KADUNA SOUTH,KADUNA,KADUNA SOUTH,2023-12-31,2023,12,4,1731.0,20.0,19.0,,21,278.0,4,3,3180.0,53,3339.0,2019.0,1660.0,2024-01-11,M&E Officer
LAG002,SPECIALIST HOSPITAL LAGOS ISLAND,LAGOS,LAGOS ISLAND,2022-08-31,2022,8,3,1591.0,91.0,90.0,5763,75,443.0,13,11,3697.0,56,4859.0,3994.0,3446.0,2022-09-11,Facility Focal Person
FCT005,PRIMARY HEALTH CENTRE ABAJI,FCT,ABAJI,2023-08-31,2023,8,3,461.0,,,534,4,89.0,1,0,326.0,10,483.0,369.0,331.0,2023-09-18,Facility Focal Person
AKS007,TEACHING HOSPITAL IKONO,AKWA IBOM,IKONO,2024-08-31,2024,8,3,1186.0,20.0,18.0,5199,93,165.0,2,1,4263.0,74,4533.0,4305.0,3671.0,2024-09-16,Data Clerk
CRS011,COMPREHENSIVE HEALTH CENTRE CALABAR MUNICIPAL II,CROSS RIVER,CALABAR MUNICIPAL,2022-05-31,2022,5,2,344.0,4.0,-2.0,449,4,82.0,1,0,397.0,6,383.0,334.0,274.0,2022-06-18,Facility Focal Person
FCT002,GENERAL HOSPITAL BWARI,FCT,BWARI,2024-08-31,2024,8,3,142.0,5.0,3.0,566,2,36.0,1,0,524.0,12,519.0,292.0,249.0,2024-09-13,Data Clerk
BEN013,MODEL PRIMARY HEALTH CENTRE MAKURDI II,BENUE,MAKURDI,2023-03-31,2023,3,1,572.0,25.0,18.0,508,3,70.0,3,2,424.0,7,404.0,347.0,328.0,2023-04-13,Facility Focal Person
CRS001,MODEL PRIMARY HEALTH CENTRE CALABAR MUNICIPAL,CROSS RIVER,CALABAR MUNICIPAL,2024-12-31,2024,12,4,207.0,,5.0,684,2,29.0,0,0,389.0,4,601.0,431.0,374.0,2025-01-15,M&E Officer
KAD003,MISSION HOSPITAL ZARIA,KADUNA,ZARIA,2023-05-31,2023,5,2,1034.0,,51.0,2676,11,225.0,5,4,1758.0,33,2417.0,1381.0,1280.0,2023-06-29,Facility Focal Person
NAS011,MISSION HOSPITAL LAFIA II,NASARAWA,LAFIA,2024-03-31,2024,3,1,1154.0,11.0,8.0,2426,24,199.0,0,0,1509.0,25,2208.0,,1186.0,2024-04-13,Data Clerk
CRS007,MODEL PRIMARY HEALTH CENTRE IKOM II,CROSS RIVER,IKOM,2022-10-31,2022,10,4,121.0,4.0,3.0,316,3,14.0,0,0,184.0,3,292.0,198.0,165.0,2022-11-18,M&E Officer
CRS004,COMPREHENSIVE HEALTH CENTRE OBUDU,CROSS RIVER,OBUDU,2024-02-29,2024,2,1,222.0,4.0,2.0,454,3,65.0,0,0,378.0,5,369.0,321.0,295.0,2024-03-18,Data Clerk
FCT008,TEACHING HOSPITAL GWAGWALADA II,FCT,GWAGWALADA,2022-06-30,2022,6,2,814.0,52.0,50.0,5373,106,88.0,5,4,4423.0,85,3734.0,2428.0,2119.0,2022-07-11,Facility Focal Person
CRS009,COMPREHENSIVE HEALTH CENTRE OBUDU II,CROSS RIVER,OBUDU,2024-08-31,2024,8,3,640.0,19.0,18.0,958,10,192.0,9,6,783.0,9,713.0,536.0,454.0,2024-09-16,Data Clerk
LAG001,PRIMARY HEALTH CENTRE IKORODU,LAGOS,IKORODU,2024-11-30,2024,11,4,284.0,8.0,5.0,415,5,42.0,0,0,382.0,5,325.0,185.0,169.0,2024-12-21,Data Clerk
LAG008,COTTAGE HOSPITAL LAGOS ISLAND II,LAGOS,LAGOS ISLAND,2022-10-31,2022,10,4,109.0,1.0,0.0,850,1,24.0,0,0,658.0,17,773.0,484.0,401.0,2022-11-11,Facility Focal Person
BEN014,COMPREHENSIVE HEALTH CENTRE GBOKO II,BENUE,GBOKO,2023-10-31,2023,10,4,440.0,5.0,3.0,795,10,119.0,0,0,469.0,11,549.0,352.0,327.0,2023-11-15,M&E Officer
KAD002,TEACHING HOSPITAL KADUNA SOUTH,KADUNA,KADUNA SOUTH,2024-03-31,2024,3,1,1723.0,19.0,,3707,56,460.0,7,6,3494.0,59,3340.0,2159.0,1893.0,2024-04-16,Facility Focal Person
AKS008,PRIMARY HEALTH CENTRE UYO II,AKWA IBOM,UYO,2024-03-31,2024,3,1,106.0,1.0,0.0,87,0,24.0,1,0,66.0,1,69.0,53.0,50.0,2024-04-15,Facility Focal Person
RIV012,PRIMARY HEALTH CENTRE ELEME II,RIVERS,ELEME,2023-05-31,2023,5,2,652.0,27.0,23.0,957,9,106.0,2,1,,11,657.0,502.0,480.0,2023-06-16,Data Clerk
FCT014,GENERAL HOSPITAL KUJE II,FCT,KUJE,2023-05-31,2023,5,2,1210.0,58.0,50.0,2512,40,308.0,8,7,1509.0,37,2318.0,1709.0,1616.0,2023-06-13,Facility Focal Person
NAS999,MISSION HOSPITAL AMAC II,FCT,AMAC,2022-07-31,2022,7,3,892.0,18.0,15.0,2296,38,253.0,2,1,1397.0,23,1891.0,1478.0,1393.0,2022-08-11,Data Clerk
NAS013,GENERAL HOSPITAL KEFFI II,NASARAWA,KEFFI,2022-03-31,2022,3,1,589.0,32.0,-19.0,1609,11,139.0,3,2,1053.0,24,1106.0,786.0,656.0,2022-04-13,Data Clerk
FCT003,SPECIALIST HOSPITAL GWAGWALADA,FCT,GWAGWALADA,2023-08-31,2023,8,3,690.0,20.0,18.0,5608,57,92.0,4,3,3164.0,64,4126.0,2764.0,2681.0,2023-09-16,Data Clerk
NAS009,COTTAGE HOSPITAL AKWANGA II,NASARAWA,AKWANGA,2023-07-31,2023,7,3,1387.0,11.0,9.0,478,5,143.0,1,0,435.0,7,428.0,310.0,279.0,2023-08-15,M&E Officer
KAD009,MODEL PRIMARY HEALTH CENTRE SABON GARI II,KADUNA,SABON GARI,2024-08-31,2024,8,3,681.0,34.0,24.0,976,7,197.0,3,2,884.0,13,812.0,754.0,712.0,2024-09-13,Facility Focal Person
LAG011,COTTAGE HOSPITAL AGEGE II,LAGOS,AGEGE,2023-06-01,2023,6,2,596.0,10.0,8.0,1679,30,184.0,2,1,1481.0,24,1223.0,975.0,919.0,2023-08-15,Facility Focal Person
NAS011,MISSION HOSPITAL LAFIA II,NASARAWA,LAFIA,2024-07-31,2024,7,3,,15.0,13.0,,11,264.0,2,1,1398.0,30,1721.0,1221.0,1194.0,2024-08-13,M&E Officer
KAD002,TEACHING HOSPITAL KADUNA SOUTH,KADUNA,KADUNA SOUTH,2022-10-31,2022,10,4,1129.0,16.0,15.0,4302,53,140.0,2,1,3682.0,64,3142.0,2448.0,2032.0,2022-11-13,Data Clerk
CRS006,PRIMARY HEALTH CENTRE CALABAR MUNICIPAL II,CROSS RIVER,CALABAR MUNICIPAL,2024-01-31,2024,1,1,430.0,12.0,11.0,1353,15,117.0,2,1,1163.0,21,1097.0,745.0,725.0,2024-02-13,Facility Focal Person
NAS999,COMPREHENSIVE HEALTH CENTRE ORON,AKWA IBOM,ORON,2022-12-31,2022,12,4,91.0,2.0,1.0,1192,7,10.0,0,0,903.0,12,947.0,782.0,719.0,2023-01-15,Data Clerk
CRS002,COMPREHENSIVE HEALTH CENTRE IKOM,CROSS RIVER,IKOM,2022-08-31,2022,8,3,121.0,3.0,2.0,175,0,25.0,0,0,145.0,0,149.0,123.0,111.0,2022-09-11,Data Clerk
RIV013,MISSION HOSPITAL PORT HARCOURT II,RIVERS,PORT HARCOURT,2023-02-01,2023,2,1,506.0,15.0,14.0,2159,42,67.0,0,0,1592.0,31,1534.0,849.0,729.0,2023-03-16,M&E Officer
CRS014,COMPREHENSIVE HEALTH CENTRE OBUDU II,CROSS RIVER,OBUDU,2024-08-31,2024,8,3,389.0,5.0,3.0,196,1,116.0,1,0,128.0,1,179.0,148.0,137.0,2024-09-11,M&E Officer
BEN013,MODEL PRIMARY HEALTH CENTRE MAKURDI II,BENUE,MAKURDI,2022-08-31,2022,8,3,625.0,25.0,20.0,416,2,173.0,6,4,234.0,7,326.0,294.0,264.0,2022-09-16,M&E Officer
BEN014,COMPREHENSIVE HEALTH CENTRE GBOKO II,BENUE,GBOKO,2023-03-31,2023,3,1,431.0,5.0,4.0,830,16,91.0,1,0,731.0,18,643.0,591.0,541.0,2023-04-13,Facility Focal Person
RIV013,MISSION HOSPITAL PORT HARCOURT II,RIVERS,PORT HARCOURT,2022-10-31,2022,10,4,384.0,11.0,7.0,2222,34,51.0,0,0,1590.0,23,1698.0,1516.0,1446.0,2022-11-11,M&E Officer
LAG008,COTTAGE HOSPITAL LAGOS ISLAND II,LAGOS,LAGOS ISLAND,2022-04-30,2022,4,2,116.0,1.0,0.0,877,3,32.0,1,0,705.0,16,807.0,559.0,539.0,2022-05-18,Facility Focal Person
LAG001,PRIMARY HEALTH CENTRE IKORODU,LAGOS,IKORODU,2022-11-30,2022,11,4,292.0,12.0,9.0,246,0,82.0,1,0,157.0,2,199.0,132.0,124.0,2022-12-29,M&E Officer
LAG013,SPECIALIST HOSPITAL IKORODU II,LAGOS,IKORODU,2024-06-30,2024,6,2,3317.0,118.0,101.0,6245,96,348.0,4,3,4360.0,80,5129.0,4384.0,4250.0,2024-07-11,Data Clerk
BEN015,PRIMARY HEALTH CENTRE OTUKPO II,BENUE,OTUKPO,2024-08-31,2024,8,3,216.0,7.0,5.0,728,13,46.0,2,1,486.0,8,636.0,390.0,355.0,2024-09-18,Facility Focal Person
LAG007,PRIMARY HEALTH CENTRE IKORODU II,LAGOS,IKORODU,2022-08-31,2022,8,3,410.0,14.0,11.0,449,2,91.0,3,2,294.0,4,392.0,349.0,294.0,2022-09-11,M&E Officer
LAG003,TEACHING HOSPITAL BADAGRY,LAGOS,BADAGRY,2022-07-31,2022,7,3,2665.0,87.0,67.0,6111,82,360.0,10,9,5121.0,94,4981.0,3287.0,2945.0,2022-08-11,Data Clerk
CRS015,MODEL PRIMARY HEALTH CENTRE AKAMKPA II,CROSS RIVER,AKAMKPA,2022-06-01,2022,6,2,78.0,3.0,2.0,604,12,8.0,0,0,346.0,6,438.0,302.0,287.0,2022-07-15,M&E Officer
BEN009,PRIMARY HEALTH CENTRE OTUKPO II,BENUE,OTUKPO,2024-08-31,2024,8,3,327.0,4.0,3.0,432,1,95.0,0,0,333.0,4,382.0,291.0,274.0,2024-09-11,M&E Officer
XXX999,MISSION HOSPITAL NASARAWA,NASARAWA,NASARAWA,2022-04-30,2022,4,2,1289.0,31.0,25.0,216,0,337.0,4,3,196.0,4,151.0,117.0,101.0,2022-05-13,Facility Focal Person
BEN012,COTTAGE HOSPITAL VANDEIKYA II,BENUE,VANDEIKYA,2022-08-31,2022,8,3,613.0,1.0,0.0,469,5,101.0,0,0,390.0,5,323.0,279.0,239.0,2022-09-18,M&E Officer
RIV003,COMPREHENSIVE HEALTH CENTRE KHANA,RIVERS,KHANA,2024-09-30,2024,9,3,302.0,15.0,11.0,1095,12,93.0,1,0,,10,995.0,871.0,792.0,2024-10-15,Facility Focal Person
LAG007,PRIMARY HEALTH CENTRE IKORODU II,LAGOS,IKORODU,2022-04-30,2022,4,2,496.0,13.0,11.0,412,7,105.0,2,1,378.0,9,299.0,219.0,206.0,2022-05-13,M&E Officer
LAG008,COTTAGE HOSPITAL LAGOS ISLAND II,LAGOS,LAGOS ISLAND,2024-06-30,2024,6,2,,5.0,3.0,721,3,37.0,1,0,489.0,10,494.0,284.0,241.0,2024-07-18,Data Clerk
RIV011,MODEL PRIMARY HEALTH CENTRE DEGEMA II,RIVERS,DEGEMA,2024-06-30,2024,6,2,468.0,23.0,20.0,952,3,56.0,2,1,623.0,11,808.0,587.0,498.0,2024-07-29,M&E Officer
FCT014,GENERAL HOSPITAL KUJE II,FCT,KUJE,2024-02-29,2024,2,1,,35.0,31.0,2511,30,191.0,10,7,1806.0,30,1846.0,1460.0,1279.0,2024-03-29,Facility Focal Person
FCT002,GENERAL HOSPITAL BWARI,FCT,BWARI,2022-05-31,2022,5,2,132.0,7.0,4.0,633,10,40.0,0,0,383.0,7,442.0,413.0,346.0,2022-06-29,M&E Officer
KAD006,SPECIALIST HOSPITAL KADUNA NORTH II,KADUNA,KADUNA NORTH,2022-11-30,2022,11,4,1565.0,27.0,-39.0,1586,24,244.0,3,2,1487.0,35,1440.0,817.0,717.0,2022-12-21,Facility Focal Person
AKS007,TEACHING HOSPITAL IKONO,AKWA IBOM,IKONO,2024-07-31,2024,7,3,1163.0,19.0,17.0,5274,64,188.0,2,1,4424.0,75,3914.0,3023.0,2954.0,2024-08-15,Data Clerk
FCT002,GENERAL HOSPITAL BWARI,FCT,BWARI,2022-11-01,2022,11,4,102.0,1.0,0.0,614,6,23.0,2,1,525.0,12,462.0,397.0,381.0,2022-12-15,M&E Officer
RIV011,MODEL PRIMARY HEALTH CENTRE DEGEMA II,RIVERS,DEGEMA,2023-12-31,2023,12,4,349.0,18.0,17.0,907,6,41.0,4,3,828.0,17,686.0,514.0,475.0,2024-01-11,M&E Officer
XXX999,PRIMARY HEALTH CENTRE ABAJI,FCT,ABAJI,2023-03-31,2023,3,1,430.0,9.0,7.0,506,9,70.0,2,1,382.0,11,404.0,351.0,300.0,2023-04-11,Facility Focal Person
BEN003,GENERAL HOSPITAL OTUKPO,BENUE,OTUKPO,2024-10-31,2024,10,4,651.0,29.0,26.0,2293,29,166.0,1,0,1827.0,37,1985.0,1281.0,1141.0,2024-11-13,Data Clerk
AKS008,PRIMARY HEALTH CENTRE UYO II,AKWA IBOM,UYO,2023-05-31,2023,5,2,99.0,3.0,2.0,86,0,18.0,0,0,72.0,0,77.0,65.0,53.0,2023-06-13,Facility Focal Person
RIV004,MODEL PRIMARY HEALTH CENTRE AHOADA EAST,RIVERS,AHOADA EAST,2023-10-31,2023,10,4,457.0,15.0,10.0,851,9,90.0,0,0,545.0,12,648.0,474.0,399.0,2023-11-13,M&E Officer
NAS007,GENERAL HOSPITAL KARU II,NASARAWA,KARU,2024-09-30,2024,9,3,813.0,1.0,0.0,2019,31,197.0,2,1,1128.0,25,1400.0,990.0,879.0,2024-10-15,Facility Focal Person
LAG003,TEACHING HOSPITAL BADAGRY,LAGOS,BADAGRY,2022-04-30,2022,4,2,2661.0,95.0,82.0,6046,102,384.0,7,5,3497.0,59,4309.0,3353.0,2822.0,2022-05-13,Data Clerk
FCT005,PRIMARY HEALTH CENTRE ABAJI,FCT,ABAJI,2024-08-01,2024,8,3,522.0,13.0,10.0,580,1,140.0,1,0,524.0,14,409.0,281.0,243.0,2024-09-18,Data Clerk
BEN011,MODEL PRIMARY HEALTH CENTRE KATSINA-ALA II,BENUE,KATSINA-ALA,2022-03-01,2022,3,1,189.0,6.0,4.0,300,3,50.0,0,0,205.0,3,219.0,163.0,134.0,2022-04-15,Data Clerk
CRS002,COMPREHENSIVE HEALTH CENTRE IKOM,CROSS RIVER,IKOM,2022-02-28,2022,2,1,158.0,8.0,6.0,148,0,31.0,0,0,129.0,3,126.0,81.0,68.0,2022-03-21,M&E Officer
FCT008,TEACHING HOSPITAL GWAGWALADA II,FCT,GWAGWALADA,2024-11-30,2024,11,4,612.0,45.0,42.0,4701,68,133.0,7,5,3871.0,72,3539.0,2657.0,2302.0,2024-12-18,Data Clerk
RIV004,MODEL PRIMARY HEALTH CENTRE AHOADA EAST,RIVERS,AHOADA EAST,2022-01-31,2022,1,1,258.0,7.0,6.0,886,14,57.0,1,0,724.0,14,765.0,438.0,408.0,2022-02-13,M&E Officer
RIV001,MODEL PRIMARY HEALTH CENTRE PORT HARCOURT,RIVERS,PORT HARCOURT,2022-04-01,2022,4,2,104.0,2.0,1.0,1149,22,24.0,0,0,668.0,16,829.0,654.0,610.0,2022-05-13,Data Clerk
KAD014,GENERAL HOSPITAL SABON GARI II,KADUNA,SABON GARI,2024-11-30,2024,11,4,189.0,12.0,11.0,,39,46.0,2,1,1867.0,36,1815.0,1583.0,1510.0,2024-12-13,Data Clerk
TMP001,COTTAGE HOSPITAL OGOJA II,CROSS RIVER,OGOJA,2023-04-30,2023,4,2,698.0,27.0,26.0,2210,24,170.0,4,3,1945.0,36,1942.0,1817.0,1591.0,2023-05-15,M&E Officer
KAD006,SPECIALIST HOSPITAL KADUNA NORTH II,KADUNA,KADUNA NORTH,2023-10-31,2023,10,4,1750.0,24.0,20.0,1683,26,483.0,8,7,1452.0,18,1564.0,1282.0,1103.0,2023-11-16,Data Clerk
AKS008,PRIMARY HEALTH CENTRE UYO II,AKWA IBOM,UYO,2022-08-31,2022,8,3,97.0,2.0,1.0,85,0,11.0,0,0,73.0,0,59.0,42.0,35.0,2022-09-18,Facility Focal Person
FCT015,COMPREHENSIVE HEALTH CENTRE ABAJI II,FCT,ABAJI,2024-03-31,2024,3,1,135.0,5.0,4.0,744,1,16.0,1,0,558.0,10,546.0,392.0,327.0,2024-04-18,Data Clerk
FCT005,PRIMARY HEALTH CENTRE ABAJI,FCT,ABAJI,2024-05-31,2024,5,2,466.0,11.0,8.0,562,3,51.0,1,0,501.0,5,455.0,431.0,367.0,2024-06-29,Facility Focal Person
RIV011,MODEL PRIMARY HEALTH CENTRE DEGEMA II,RIVERS,DEGEMA,2024-04-30,2024,4,2,387.0,16.0,14.0,932,11,58.0,3,2,719.0,10,781.0,588.0,518.0,2024-05-16,Data Clerk
RIV003,COMPREHENSIVE HEALTH CENTRE KHANA,RIVERS,KHANA,2022-01-31,2022,1,1,269.0,16.0,13.0,1054,16,54.0,0,0,960.0,17,759.0,645.0,627.0,2022-02-16,Facility Focal Person
RIV014,COTTAGE HOSPITAL OBIO/AKPOR II,RIVERS,OBIO/AKPOR,2023-04-30,2023,4,2,1109.0,11.0,9.0,634,3,152.0,0,0,397.0,4,434.0,349.0,298.0,2023-05-11,Facility Focal Person
NAS007,GENERAL HOSPITAL KARU II,NASARAWA,KARU,2024-06-30,2024,6,2,968.0,5.0,4.0,2101,5,211.0,2,1,1507.0,23,1765.0,1573.0,1321.0,2024-07-11,M&E Officer
BEN003,GENERAL HOSPITAL OTUKPO,BENUE,OTUKPO,2022-01-31,2022,1,1,426.0,14.0,12.0,2634,10,75.0,3,2,1712.0,36,2264.0,2135.0,1796.0,2022-02-13,Data Clerk
AKS007,TEACHING HOSPITAL IKONO,AKWA IBOM,IKONO,2022-04-30,2022,4,2,544.0,4.0,3.0,6784,27,106.0,1,0,4013.0,81,,4600.0,4334.0,2022-05-13,Facility Focal Person
NAS010,TEACHING HOSPITAL NASARAWA II,NASARAWA,NASARAWA,2024-05-31,2024,5,2,2576.0,123.0,101.0,5531,25,783.0,22,20,4827.0,80,4111.0,3572.0,3330.0,2024-06-21,Facility Focal Person
AKS014,PRIMARY HEALTH CENTRE IKONO II,AKWA IBOM,IKONO,2023-06-30,2023,6,2,254.0,14.0,11.0,611,1,62.0,2,1,554.0,11,523.0,457.0,396.0,2023-07-18,Facility Focal Person
XXX999,TEACHING HOSPITAL KADUNA SOUTH,KADUNA,KADUNA SOUTH,2024-12-31,2024,12,4,1723.0,26.0,22.0,3450,47,398.0,6,5,2558.0,44,3093.0,1941.0,1628.0,2025-01-13,Facility Focal Person
CRS005,TEACHING HOSPITAL AKAMKPA,CROSS RIVER,AKAMKPA,2023-07-31,2023,7,3,1094.0,44.0,40.0,4225,51,294.0,13,12,2868.0,50,3633.0,2918.0,2708.0,2023-08-11,Facility Focal Person
TMP001,PRIMARY HEALTH CENTRE UYO II,AKWA IBOM,UYO,2022-07-31,2022,7,3,95.0,2.0,1.0,84,0,28.0,0,0,59.0,0,65.0,51.0,48.0,2022-08-16,M&E Officer
CRS007,MODEL PRIMARY HEALTH CENTRE IKOM II,CROSS RIVER,IKOM,2022-03-31,2022,3,1,97.0,4.0,3.0,315,2,24.0,0,0,178.0,5,227.0,138.0,117.0,2022-04-15,Data Clerk
AKS011,COMPREHENSIVE HEALTH CENTRE ETINAN II,AKWA IBOM,ETINAN,2024-03-31,2024,3,1,105.0,2.0,1.0,328,4,27.0,0,0,307.0,3,263.0,148.0,136.0,2024-04-15,Data Clerk
RIV009,MISSION HOSPITAL KHANA II,RIVERS,KHANA,2023-08-31,2023,8,3,560.0,10.0,8.0,802,4,65.0,0,0,584.0,8,662.0,620.0,548.0,2023-09-18,Data Clerk
FCT009,MODEL PRIMARY HEALTH CENTRE KUJE II,FCT,KUJE,2023-08-31,2023,8,3,189.0,5.0,3.0,463,4,25.0,1,0,390.0,4,396.0,368.0,352.0,2023-09-13,Data Clerk
CRS005,TEACHING HOSPITAL AKAMKPA,CROSS RIVER,AKAMKPA,2022-12-01,2022,12,4,599.0,22.0,20.0,4361,88,68.0,0,0,3111.0,41,3815.0,2704.0,2376.0,2023-01-15,M&E Officer
CRS006,PRIMARY HEALTH CENTRE CALABAR MUNICIPAL II,CROSS RIVER,CALABAR MUNICIPAL,2022-10-31,2022,10,4,359.0,15.0,12.0,1294,5,88.0,4,3,1039.0,17,881.0,672.0,608.0,2022-11-13,Facility Focal Person
KAD015,GENERAL HOSPITAL CHIKUN II,KADUNA,CHIKUN,2024-07-31,2024,7,3,367.0,4.0,3.0,1555,6,100.0,2,1,1270.0,15,1392.0,800.0,744.0,2024-08-21,Data Clerk
FCT006,MISSION HOSPITAL AMAC II,FCT,AMAC,2022-12-31,2022,12,4,650.0,23.0,,2267,42,102.0,1,0,1685.0,31,1851.0,1384.0,1343.0,2023-01-11,Facility Focal Person
NAS999,MODEL PRIMARY HEALTH CENTRE KATSINA-ALA,BENUE,KATSINA-ALA,2022-10-31,2022,10,4,359.0,5.0,4.0,456,3,107.0,2,1,343.0,6,323.0,222.0,194.0,2022-11-18,Data Clerk
NAS007,GENERAL HOSPITAL KARU II,NASARAWA,KARU,2023-06-30,2023,6,2,745.0,2.0,1.0,2266,6,81.0,0,0,1788.0,23,2061.0,1305.0,1124.0,2023-08-15,Data Clerk
LAG006,SPECIALIST HOSPITAL ALIMOSHO,LAGOS,ALIMOSHO,2024-11-30,2024,11,4,935.0,12.0,10.0,4421,28,132.0,1,0,4049.0,80,3897.0,2710.0,2570.0,2024-12-15,Facility Focal Person
CRS005,TEACHING HOSPITAL AKAMKPA,CROSS RIVER,AKAMKPA,2023-01-31,2023,1,1,972.0,38.0,27.0,4346,42,184.0,2,1,3381.0,66,3589.0,3323.0,3176.0,2023-02-13,Data Clerk
KAD010,COTTAGE HOSPITAL CHIKUN II,KADUNA,CHIKUN,2024-06-30,2024,6,2,373.0,20.0,15.0,969,2,69.0,0,0,877.0,16,794.0,487.0,450.0,2024-07-21,M&E Officer
KAD015,GENERAL HOSPITAL CHIKUN II,KADUNA,CHIKUN,2022-02-28,2022,2,1,351.0,9.0,8.0,1964,24,90.0,2,1,1191.0,23,1542.0,1289.0,1219.0,2022-03-16,Facility Focal Person
BEN001,MISSION HOSPITAL MAKURDI,BENUE,MAKURDI,2023-04-30,2023,4,2,738.0,3.0,2.0,1939,12,221.0,0,0,1380.0,26,1372.0,1149.0,1058.0,2023-05-16,Data Clerk
CRS008,COTTAGE HOSPITAL OGOJA II,CROSS RIVER,OGOJA,2022-08-31,2022,8,3,690.0,26.0,21.0,2366,14,166.0,8,6,1605.0,27,2171.0,1521.0,1263.0,2022-09-13,Data Clerk
LAG012,PRIMARY HEALTH CENTRE ALIMOSHO II,LAGOS,ALIMOSHO,2022-11-01,2022,11,4,204.0,7.0,6.0,623,11,24.0,0,0,585.0,11,548.0,481.0,407.0,2022-12-29,M&E Officer
BEN007,SPECIALIST HOSPITAL MAKURDI II,BENUE,MAKURDI,2024-05-01,2024,5,2,352.0,8.0,7.0,1845,14,57.0,1,0,1405.0,28,1612.0,1407.0,1276.0,2024-06-13,Facility Focal Person
LAG002,SPECIALIST HOSPITAL LAGOS ISLAND,LAGOS,LAGOS ISLAND,2023-07-31,2023,7,3,1716.0,84.0,60.0,5820,112,182.0,5,4,4702.0,87,5124.0,3107.0,2754.0,2023-08-11,M&E Officer
AKS015,MISSION HOSPITAL UYO II,AKWA IBOM,UYO,2022-04-30,2022,4,2,723.0,37.0,34.0,2475,8,108.0,2,1,1908.0,30,2008.0,1291.0,1262.0,2022-05-15,M&E Officer
AKS001,COMPREHENSIVE HEALTH CENTRE UYO,AKWA IBOM,UYO,2022-08-31,2022,8,3,630.0,3.0,2.0,315,0,201.0,1,0,278.0,5,263.0,240.0,220.0,2022-09-11,M&E Officer
NAS999,MISSION HOSPITAL ZARIA,KADUNA,ZARIA,2023-03-31,2023,3,1,1191.0,60.0,52.0,2644,49,256.0,7,6,,45,2289.0,1650.0,1450.0,2023-04-11,Data Clerk
FCT013,COTTAGE HOSPITAL GWAGWALADA II,FCT,GWAGWALADA,2023-06-30,2023,6,2,1398.0,14.0,11.0,1322,12,352.0,3,2,1097.0,12,904.0,561.0,471.0,2023-07-16,M&E Officer
FCT012,MISSION HOSPITAL BWARI II,FCT,BWARI,2023-03-31,2023,3,1,898.0,37.0,29.0,2751,19,162.0,0,0,1834.0,38,2508.0,1746.0,1615.0,2023-04-18,Facility Focal Person
FCT010,MODEL PRIMARY HEALTH CENTRE ABAJI II,FCT,ABAJI,2023-02-28,2023,2,1,326.0,8.0,7.0,333,1,40.0,0,0,239.0,3,261.0,209.0,,2023-03-13,Facility Focal Person
TMP001,COMPREHENSIVE HEALTH CENTRE OBUDU II,CROSS RIVER,OBUDU,2024-01-31,2024,1,1,316.0,5.0,4.0,168,0,58.0,0,0,97.0,1,130.0,77.0,70.0,2024-02-18,Data Clerk
BEN011,MODEL PRIMARY HEALTH CENTRE KATSINA-ALA II,BENUE,KATSINA-ALA,2023-03-31,2023,3,1,213.0,10.0,7.0,332,5,66.0,3,2,278.0,8,229.0,127.0,112.0,2023-04-18,M&E Officer
LAG013,SPECIALIST HOSPITAL IKORODU II,LAGOS,IKORODU,2022-06-30,2022,6,2,2216.0,136.0,126.0,6021,24,396.0,12,11,3987.0,64,5435.0,4928.0,4526.0,2022-07-15,Data Clerk
AKS011,COMPREHENSIVE HEALTH CENTRE ETINAN II,AKWA IBOM,ETINAN,2023-07-31,2023,7,3,140.0,11.0,9.0,323,5,40.0,2,1,249.0,4,292.0,195.0,188.0,2023-08-21,Data Clerk
CRS003,SPECIALIST HOSPITAL OGOJA,CROSS RIVER,OGOJA,2023-10-31,2023,10,4,1136.0,58.0,53.0,5222,78,306.0,10,9,3132.0,58,3718.0,2132.0,1965.0,2023-11-13,Data Clerk
KAD004,SPECIALIST HOSPITAL SABON GARI,KADUNA,SABON GARI,2024-07-01,2024,7,3,3809.0,253.0,191.0,5639,44,782.0,34,30,4532.0,80,3925.0,3720.0,3080.0,2024-08-16,M&E Officer
RIV004,MODEL PRIMARY HEALTH CENTRE AHOADA EAST,RIVERS,AHOADA EAST,2024-07-31,2024,7,3,550.0,16.0,15.0,858,3,106.0,2,1,715.0,11,746.0,561.0,485.0,2024-08-16,Facility Focal Person
RIV007,PRIMARY HEALTH CENTRE PORT HARCOURT II,RIVERS,PORT HARCOURT,2023-06-30,2023,6,2,624.0,6.0,4.0,658,3,125.0,1,0,522.0,6,556.0,448.0,407.0,2023-07-16,M&E Officer
LAG004,COMPREHENSIVE HEALTH CENTRE SURULERE,LAGOS,SURULERE,2022-06-30,2022,6,2,534.0,13.0,9.0,629,5,98.0,0,0,492.0,12,538.0,455.0,432.0,2022-07-11,M&E Officer
RIV014,COTTAGE HOSPITAL OBIO/AKPOR II,RIVERS,OBIO/AKPOR,2022-04-30,2022,4,2,975.0,6.0,4.0,609,7,135.0,2,1,407.0,11,414.0,310.0,281.0,2022-06-15,M&E Officer
LAG014,COTTAGE HOSPITAL LAGOS ISLAND II,LAGOS,LAGOS ISLAND,2023-02-28,2023,2,1,595.0,6.0,4.0,1866,24,76.0,1,0,1706.0,34,,1289.0,1189.0,2023-03-16,Data Clerk
KAD013,SPECIALIST HOSPITAL ZARIA II,KADUNA,ZARIA,2022-06-30,2022,6,2,1882.0,77.0,75.0,1698,15,559.0,11,10,1283.0,24,1526.0,1149.0,1083.0,2022-07-11,Facility Focal Person
CRS002,COMPREHENSIVE HEALTH CENTRE IKOM,CROSS RIVER,IKOM,2022-09-30,2022,9,3,178.0,12.0,9.0,182,2,43.0,4,3,163.0,4,134.0,99.0,88.0,2022-10-16,Data Clerk
LAG099,GENERAL HOSPITAL IKOT EKPENE,AKWA IBOM,IKOT EKPENE,2024-06-30,2024,6,2,384.0,3.0,2.0,550,11,56.0,0,0,512.0,8,452.0,269.0,223.0,2024-07-13,M&E Officer
CRS011,COMPREHENSIVE HEALTH CENTRE CALABAR MUNICIPAL II,CROSS RIVER,CALABAR MUNICIPAL,2024-02-29,2024,2,1,418.0,9.0,7.0,489,1,47.0,0,0,279.0,3,401.0,287.0,250.0,2024-03-21,Facility Focal Person
CRS012,MODEL PRIMARY HEALTH CENTRE IKOM II,CROSS RIVER,IKOM,2024-11-30,2024,11,4,361.0,5.0,4.0,738,14,114.0,0,0,556.0,11,623.0,484.0,435.0,2024-12-18,M&E Officer
CRS013,MISSION HOSPITAL OGOJA II,CROSS RIVER,OGOJA,2022-12-31,2022,12,4,129.0,5.0,3.0,841,13,36.0,1,0,676.0,12,707.0,506.0,477.0,2023-01-13,Facility Focal Person
FCT001,MISSION HOSPITAL AMAC,FCT,AMAC,2024-04-30,2024,4,2,1011.0,7.0,6.0,1182,20,168.0,1,0,1055.0,18,970.0,,636.0,2024-05-11,Facility Focal Person
RIV004,MODEL PRIMARY HEALTH CENTRE AHOADA EAST,RIVERS,AHOADA EAST,2024-08-31,2024,8,3,550.0,9.0,6.0,849,15,102.0,2,1,627.0,16,651.0,437.0,421.0,2024-09-15,M&E Officer
FCT005,PRIMARY HEALTH CENTRE ABAJI,FCT,ABAJI,2023-10-31,2023,10,4,510.0,10.0,8.0,537,9,54.0,121,0,329.0,4,491.0,303.0,252.0,2023-11-16,M&E Officer
LAG099,TEACHING HOSPITAL AKWANGA II,NASARAWA,AKWANGA,2022-02-28,2022,2,1,1172.0,43.0,31.0,4629,69,307.0,6,4,3388.0,60,3173.0,1830.0,1618.0,2022-03-16,M&E Officer
RIV007,PRIMARY HEALTH CENTRE PORT HARCOURT II,RIVERS,PORT HARCOURT,2024-02-29,2024,2,1,433.0,4.0,2.0,628,5,135.0,1,0,487.0,11,449.0,296.0,289.0,2024-03-13,M&E Officer
KAD015,GENERAL HOSPITAL CHIKUN II,KADUNA,CHIKUN,2023-07-31,2023,7,3,432.0,8.0,7.0,1704,9,78.0,3,2,1109.0,17,1545.0,1252.0,1101.0,2023-08-15,Facility Focal Person
RIV003,COMPREHENSIVE HEALTH CENTRE KHANA,RIVERS,KHANA,2023-04-30,2023,4,2,368.0,,13.0,1030,15,49.0,4,3,822.0,13,724.0,523.0,438.0,2023-05-16,Data Clerk
LAG010,PRIMARY HEALTH CENTRE SURULERE II,LAGOS,SURULERE,2024-02-01,2024,2,1,534.0,22.0,18.0,965,6,57.0,1,0,866.0,12,879.0,526.0,448.0,2024-03-15,Data Clerk
LAG006,SPECIALIST HOSPITAL ALIMOSHO,LAGOS,ALIMOSHO,2023-06-30,2023,6,2,1131.0,25.0,17.0,4918,86,230.0,2,1,3889.0,75,3473.0,3086.0,2799.0,2023-07-15,Data Clerk
LAG011,COTTAGE HOSPITAL AGEGE II,LAGOS,AGEGE,2024-03-31,2024,3,1,693.0,15.0,13.0,1609,14,216.0,4,3,1377.0,18,1142.0,729.0,697.0,2024-04-16,M&E Officer
NAS014,TEACHING HOSPITAL AKWANGA II,NASARAWA,AKWANGA,2024-12-31,2024,12,4,1796.0,52.0,39.0,5122,14,488.0,4,3,3016.0,53,4019.0,3039.0,2755.0,2025-01-15,Data Clerk
NAS012,MISSION HOSPITAL KARU II,NASARAWA,KARU,2022-06-30,2022,6,2,809.0,24.0,17.0,1338,10,175.0,5,4,1154.0,23,1195.0,855.0,835.0,2022-07-16,M&E Officer
RIV010,TEACHING HOSPITAL AHOADA EAST II,RIVERS,AHOADA EAST,2023-08-31,2023,8,3,778.0,14.0,12.0,3122,18,231.0,4,3,2838.0,46,2738.0,2061.0,1845.0,2023-09-15,Facility Focal Person
BEN001,MISSION HOSPITAL MAKURDI,BENUE,MAKURDI,2022-12-31,2022,12,4,644.0,2.0,1.0,1961,15,140.0,0,0,1621.0,34,1533.0,1197.0,1134.0,2023-01-21,M&E Officer
AKS011,COMPREHENSIVE HEALTH CENTRE ETINAN II,AKWA IBOM,ETINAN,2023-11-30,2023,11,4,104.0,5.0,3.0,333,0,32.0,1,0,284.0,6,239.0,194.0,160.0,2023-12-15,M&E Officer
LAG004,COMPREHENSIVE HEALTH CENTRE SURULERE,LAGOS,SURULERE,2022-05-31,2022,5,2,506.0,3.0,2.0,625,8,95.0,2,1,431.0,9,434.0,264.0,241.0,2022-06-29,Facility Focal Person
CRS005,TEACHING HOSPITAL AKAMKPA,CROSS RIVER,AKAMKPA,2023-04-30,2023,4,2,748.0,25.0,19.0,4270,70,221.0,2,1,3449.0,51,3936.0,3720.0,3245.0,2023-05-13,Facility Focal Person
LAG009,MISSION HOSPITAL BADAGRY II,LAGOS,BADAGRY,2024-10-31,2024,10,4,505.0,13.0,12.0,2286,32,102.0,1,0,1620.0,31,1826.0,1667.0,1435.0,2024-11-11,M&E Officer
KAD006,SPECIALIST HOSPITAL KADUNA NORTH II,KADUNA,KADUNA NORTH,2024-08-31,2024,8,3,2373.0,39.0,36.0,,7,593.0,9,7,1293.0,26,1450.0,963.0,938.0,2024-09-18,Facility Focal Person
AKS001,COMPREHENSIVE HEALTH CENTRE UYO,AKWA IBOM,UYO,2024-08-31,2024,8,3,807.0,6.0,4.0,323,4,184.0,0,0,233.0,1,261.0,176.0,154.0,2024-09-11,Data Clerk
FCT013,COTTAGE HOSPITAL GWAGWALADA II,FCT,GWAGWALADA,2023-04-30,2023,4,2,877.0,8.0,6.0,1340,13,232.0,0,0,955.0,23,1241.0,691.0,667.0,2023-05-29,M&E Officer
CRS011,COMPREHENSIVE HEALTH CENTRE CALABAR MUNICIPAL II,CROSS RIVER,CALABAR MUNICIPAL,2023-02-28,2023,2,1,302.0,5.0,3.0,459,1,72.0,0,0,429.0,9,315.0,173.0,164.0,2023-03-16,M&E Officer
CRS006,PRIMARY HEALTH CENTRE CALABAR MUNICIPAL II,CROSS RIVER,CALABAR MUNICIPAL,2023-07-01,2023,7,3,648.0,30.0,27.0,1346,20,89.0,2,1,1254.0,31,1200.0,869.0,732.0,2023-08-29,Facility Focal Person
RIV002,TEACHING HOSPITAL OBIO/AKPOR,RIVERS,OBIO/AKPOR,2024-11-30,2024,11,4,1747.0,30.0,22.0,4168,68,552.0,4,3,3700.0,77,3143.0,2051.0,1822.0,2024-12-13,Facility Focal Person
RIV001,MODEL PRIMARY HEALTH CENTRE PORT HARCOURT,RIVERS,PORT HARCOURT,2024-07-31,2024,7,3,128.0,1.0,0.0,819,12,18.0,0,0,507.0,7,752.0,487.0,399.0,2024-08-18,Facility Focal Person
FCT006,MISSION HOSPITAL AMAC II,FCT,AMAC,2024-07-31,2024,7,3,1052.0,41.0,35.0,2134,42,219.0,4,3,1687.0,28,1708.0,1416.0,1255.0,2024-08-15,Data Clerk
AKS010,GENERAL HOSPITAL EKET II,AKWA IBOM,EKET,2023-08-31,2023,8,3,716.0,5.0,4.0,1668,5,125.0,1,0,1339.0,19,1509.0,1166.0,1095.0,2023-09-11,Facility Focal Person
FCT006,MISSION HOSPITAL AMAC II,FCT,AMAC,2022-09-30,2022,9,3,773.0,21.0,17.0,2317,8,220.0,5,4,1742.0,32,,1099.0,1023.0,2022-10-15,Data Clerk
LAG004,COMPREHENSIVE HEALTH CENTRE SURULERE,LAGOS,SURULERE,2022-07-01,2022,7,3,450.0,5.0,4.0,630,3,96.0,1,0,594.0,9,557.0,454.0,411.0,2022-08-24,Facility Focal Person
NAS011,MISSION HOSPITAL LAFIA II,NASARAWA,LAFIA,2022-06-30,2022,6,2,992.0,17.0,13.0,2754,33,233.0,3,2,1672.0,27,2097.0,1896.0,1740.0,2022-07-15,M&E Officer
NAS001,MODEL PRIMARY HEALTH CENTRE LAFIA,NASARAWA,LAFIA,2024-04-01,2024,4,2,216.0,2.0,1.0,403,2,31.0,109,0,366.0,10,363.0,210.0,188.0,2024-05-15,Data Clerk
NAS004,COTTAGE HOSPITAL AKWANGA,NASARAWA,AKWANGA,2023-06-30,2023,6,2,362.0,9.0,8.0,485,1,74.0,0,0,404.0,7,422.0,376.0,354.0,2023-07-18,M&E Officer
LAG099,MODEL PRIMARY HEALTH CENTRE ZARIA II,KADUNA,ZARIA,2024-02-01,2024,2,1,,12.0,,1168,11,78.0,100,1,907.0,16,1005.0,848.0,734.0,2024-04-15,Data Clerk
NAS012,MISSION HOSPITAL KARU II,NASARAWA,KARU,2024-05-31,2024,5,2,1018.0,33.0,26.0,1359,13,196.0,2,1,866.0,7,1079.0,602.0,513.0,2024-06-16,M&E Officer
KAD008,MODEL PRIMARY HEALTH CENTRE ZARIA II,KADUNA,ZARIA,2023-04-30,2023,4,2,342.0,11.0,10.0,1199,18,60.0,2,1,710.0,13,869.0,533.0,450.0,2023-05-18,Facility Focal Person
NAS006,PRIMARY HEALTH CENTRE LAFIA II,NASARAWA,LAFIA,2023-09-30,2023,9,3,351.0,21.0,,971,7,72.0,1,0,615.0,11,683.0,593.0,571.0,2023-10-15,Facility Focal Person
BEN002,SPECIALIST HOSPITAL GBOKO,BENUE,GBOKO,2023-08-31,2023,8,3,2353.0,29.0,26.0,4555,14,610.0,7,6,4124.0,56,3335.0,3117.0,2579.0,2023-09-13,M&E Officer
FCT010,MODEL PRIMARY HEALTH CENTRE ABAJI II,FCT,ABAJI,2024-09-30,2024,9,3,618.0,15.0,12.0,506,6,196.0,2,1,292.0,1,401.0,361.0,338.0,2024-10-11,M&E Officer
BEN014,COMPREHENSIVE HEALTH CENTRE GBOKO II,BENUE,GBOKO,2022-11-30,2022,11,4,383.0,3.0,2.0,851,10,52.0,0,0,617.0,7,714.0,587.0,524.0,2022-12-11,M&E Officer
RIV009,MISSION HOSPITAL KHANA II,RIVERS,KHANA,2023-02-28,2023,2,1,344.0,3.0,2.0,817,5,75.0,0,0,673.0,10,674.0,374.0,339.0,2023-03-13,M&E Officer
KAD009,MODEL PRIMARY HEALTH CENTRE SABON GARI II,KADUNA,SABON GARI,2023-08-01,2023,8,3,508.0,19.0,17.0,848,2,151.0,2,1,730.0,19,671.0,490.0,437.0,2023-09-15,M&E Officer
LAG002,SPECIALIST HOSPITAL LAGOS ISLAND,LAGOS,LAGOS ISLAND,2022-11-30,2022,11,4,1756.0,80.0,72.0,5753,100,255.0,10,8,3765.0,64,4289.0,3828.0,3412.0,2022-12-18,Facility Focal Person
BEN013,MODEL PRIMARY HEALTH CENTRE MAKURDI II,BENUE,MAKURDI,2022-10-31,2022,10,4,506.0,12.0,11.0,432,5,72.0,3,2,359.0,5,371.0,222.0,182.0,2022-11-11,Data Clerk
RIV012,PRIMARY HEALTH CENTRE ELEME II,RIVERS,ELEME,2024-06-30,2024,6,2,682.0,19.0,14.0,1029,17,125.0,0,0,905.0,12,762.0,669.0,,2024-07-15,Facility Focal Person
AKS015,MISSION HOSPITAL UYO II,AKWA IBOM,UYO,2024-01-01,2024,1,1,639.0,28.0,,2432,29,201.0,2,1,1859.0,42,2090.0,,1324.0,2024-02-18,Data Clerk
AKS005,COMPREHENSIVE HEALTH CENTRE ORON,AKWA IBOM,ORON,2024-09-30,2024,9,3,157.0,2.0,1.0,963,12,42.0,0,0,624.0,10,672.0,544.0,483.0,2024-10-13,Facility Focal Person
AKS012,COTTAGE HOSPITAL ORON II,AKWA IBOM,ORON,2024-03-31,2024,3,1,1046.0,30.0,28.0,1109,15,248.0,8,6,900.0,25,933.0,779.0,675.0,2024-05-16,M&E Officer
FCT004,MODEL PRIMARY HEALTH CENTRE KUJE,FCT,KUJE,2024-12-31,2024,12,4,318.0,13.0,9.0,1229,21,61.0,1,0,872.0,15,1104.0,951.0,832.0,2025-01-15,M&E Officer
NAS003,COTTAGE HOSPITAL KEFFI,NASARAWA,KEFFI,2024-09-30,2024,9,3,326.0,4.0,3.0,1425,25,104.0,0,0,850.0,17,1101.0,1021.0,893.0,2024-10-11,M&E Officer
KAD010,COTTAGE HOSPITAL CHIKUN II,KADUNA,CHIKUN,2022-03-31,2022,3,1,231.0,9.0,6.0,941,2,41.0,1,0,872.0,13,697.0,438.0,394.0,2022-04-13,M&E Officer
BEN009,PRIMARY HEALTH CENTRE OTUKPO II,BENUE,OTUKPO,2023-02-28,2023,2,1,268.0,4.0,,461,9,74.0,0,0,407.0,5,353.0,405.0,254.0,2023-03-16,Data Clerk
RIV001,MODEL PRIMARY HEALTH CENTRE PORT HARCOURT,RIVERS,PORT HARCOURT,2024-09-30,2024,9,3,112.0,0.0,0.0,804,5,14.0,0,0,728.0,15,601.0,526.0,465.0,2024-10-16,Data Clerk
KAD002,TEACHING HOSPITAL KADUNA SOUTH,KADUNA,KADUNA SOUTH,2023-07-31,2023,7,3,1972.0,25.0,23.0,3969,32,584.0,3,2,2216.0,53,2812.0,2612.0,2358.0,2023-08-13,Facility Focal Person
AKS009,PRIMARY HEALTH CENTRE IKOT EKPENE II,AKWA IBOM,IKOT EKPENE,2022-01-31,2022,1,1,63.0,2.0,1.0,239,0,,0,0,184.0,3,177.0,119.0,108.0,2022-02-11,M&E Officer
TMP001,COMPREHENSIVE HEALTH CENTRE SURULERE,LAGOS,SURULERE,2023-06-30,2023,6,2,618.0,12.0,10.0,623,1,185.0,1,0,561.0,5,,483.0,468.0,2023-07-15,Data Clerk
CRS006,PRIMARY HEALTH CENTRE CALABAR MUNICIPAL II,CROSS RIVER,CALABAR MUNICIPAL,2024-03-31,2024,3,1,435.0,23.0,19.0,1351,23,63.0,0,0,,18,992.0,845.0,792.0,2024-04-29,Facility Focal Person
CRS009,COMPREHENSIVE HEALTH CENTRE OBUDU II,CROSS RIVER,OBUDU,2024-01-31,2024,1,1,588.0,18.0,15.0,897,16,135.0,3,2,632.0,11,746.0,585.0,560.0,2024-02-29,M&E Officer
FCT001,MISSION HOSPITAL AMAC,FCT,AMAC,2023-05-31,2023,5,2,1179.0,11.0,9.0,1262,21,327.0,0,0,1198.0,25,1150.0,677.0,600.0,2023-06-16,Facility Focal Person
LAG015,MODEL PRIMARY HEALTH CENTRE BADAGRY II,LAGOS,BADAGRY,2022-11-30,2022,11,4,,9.0,6.0,1123,8,30.0,0,0,924.0,13,813.0,,590.0,2022-12-21,M&E Officer
FCT010,MODEL PRIMARY HEALTH CENTRE ABAJI II,FCT,ABAJI,2024-07-31,2024,7,3,643.0,21.0,18.0,495,5,192.0,2,1,387.0,8,449.0,404.0,344.0,2024-08-13,M&E Officer
LAG011,COTTAGE HOSPITAL AGEGE II,LAGOS,AGEGE,2024-12-31,2024,12,4,598.0,8.0,7.0,1534,18,183.0,1,0,1116.0,13,1089.0,704.0,689.0,2025-01-15,Data Clerk
KAD012,COMPREHENSIVE HEALTH CENTRE KADUNA SOUTH II,KADUNA,KADUNA SOUTH,2023-05-31,2023,5,2,465.0,12.0,8.0,646,7,93.0,2,1,582.0,12,547.0,444.0,414.0,2023-06-11,Facility Focal Person
KAD008,MODEL PRIMARY HEALTH CENTRE ZARIA II,KADUNA,ZARIA,2022-05-31,2022,5,2,270.0,12.0,9.0,1224,22,46.0,2,1,1134.0,19,837.0,599.0,541.0,2022-06-13,Facility Focal Person
LAG014,COTTAGE HOSPITAL LAGOS ISLAND II,LAGOS,LAGOS ISLAND,2024-05-31,2024,5,2,865.0,9.0,7.0,1654,21,213.0,2,1,967.0,19,1323.0,1188.0,1006.0,2024-06-11,M&E Officer
FCT003,SPECIALIST HOSPITAL GWAGWALADA,FCT,GWAGWALADA,2024-05-31,2024,5,2,716.0,17.0,14.0,5154,11,149.0,2,1,3646.0,73,3946.0,3741.0,3582.0,2024-06-18,Facility Focal Person
AKS011,COMPREHENSIVE HEALTH CENTRE ETINAN II,AKWA IBOM,ETINAN,2023-12-31,2023,12,4,108.0,4.0,3.0,330,6,21.0,0,0,208.0,2,243.0,155.0,146.0,2024-01-13,Facility Focal Person
CRS014,COMPREHENSIVE HEALTH CENTRE OBUDU II,CROSS RIVER,OBUDU,2022-04-30,2022,4,2,341.0,12.0,9.0,85,1,79.0,3,2,58.0,1,69.0,45.0,41.0,2022-06-15,M&E Officer
AKS011,COMPREHENSIVE HEALTH CENTRE ETINAN II,AKWA IBOM,ETINAN,2022-11-30,2022,11,4,103.0,2.0,1.0,303,0,11.0,0,0,250.0,5,261.0,147.0,137.0,2022-12-16,M&E Officer
KAD011,PRIMARY HEALTH CENTRE KADUNA NORTH II,KADUNA,KADUNA NORTH,2022-02-01,2022,2,1,178.0,7.0,5.0,540,6,40.0,0,0,408.0,4,477.0,391.0,338.0,2022-03-27,Facility Focal Person
FCT003,SPECIALIST HOSPITAL GWAGWALADA,FCT,GWAGWALADA,2022-11-30,2022,11,4,451.0,13.0,10.0,6267,18,119.0,3,2,3540.0,59,5550.0,3469.0,2941.0,2022-12-11,M&E Officer
NAS013,GENERAL HOSPITAL KEFFI II,NASARAWA,KEFFI,2023-04-30,2023,4,2,519.0,25.0,22.0,1616,27,128.0,2,1,1416.0,27,1168.0,685.0,632.0,2023-05-11,Data Clerk
BEN001,MISSION HOSPITAL MAKURDI,BENUE,MAKURDI,2024-02-01,2024,2,1,1000.0,6.0,4.0,1774,9,310.0,3,2,1133.0,22,1366.0,1057.0,976.0,2024-03-16,Data Clerk
FCT011,COTTAGE HOSPITAL AMAC II,FCT,AMAC,2023-08-31,2023,8,3,402.0,15.0,11.0,2150,12,47.0,1,0,1964.0,26,1859.0,1707.0,1415.0,2023-09-21,Facility Focal Person
LAG004,COMPREHENSIVE HEALTH CENTRE SURULERE,LAGOS,SURULERE,2024-05-31,2024,5,2,513.0,9.0,8.0,616,7,70.0,0,0,480.0,10,443.0,402.0,393.0,2024-06-13,Facility Focal Person
KAD011,PRIMARY HEALTH CENTRE KADUNA NORTH II,KADUNA,KADUNA NORTH,2024-07-31,2024,7,3,329.0,12.0,10.0,587,1,95.0,2,1,439.0,14,488.0,454.0,410.0,2024-08-29,Data Clerk
LAG001,PRIMARY HEALTH CENTRE IKORODU,LAGOS,IKORODU,2022-01-31,2022,1,1,314.0,9.0,6.0,176,0,94.0,2,1,121.0,2,120.0,80.0,68.0,2022-02-16,Facility Focal Person
AKS004,COMPREHENSIVE HEALTH CENTRE ETINAN,AKWA IBOM,ETINAN,2024-10-31,2024,10,4,259.0,6.0,5.0,919,14,48.0,1,0,735.0,10,764.0,462.0,382.0,2024-11-11,Facility Focal Person
NAS007,GENERAL HOSPITAL KARU II,NASARAWA,KARU,2024-07-31,2024,7,3,954.0,2.0,1.0,2062,40,197.0,0,0,1936.0,28,1438.0,808.0,714.0,2024-08-13,M&E Officer
AKS014,PRIMARY HEALTH CENTRE IKONO II,AKWA IBOM,IKONO,2023-12-31,2023,12,4,241.0,7.0,5.0,616,8,70.0,2,1,495.0,5,474.0,320.0,304.0,2024-01-11,Data Clerk
LAG013,SPECIALIST HOSPITAL IKORODU II,LAGOS,IKORODU,2023-07-31,2023,7,3,2726.0,86.0,79.0,,52,693.0,13,11,4287.0,71,4468.0,3526.0,2987.0,2023-08-29,Facility Focal Person
AKS006,PRIMARY HEALTH CENTRE ABAK,AKWA IBOM,ABAK,2023-07-01,2023,7,3,522.0,13.0,9.0,369,2,137.0,2,1,290.0,4,301.0,211.0,191.0,2023-08-13,M&E Officer
KAD014,GENERAL HOSPITAL SABON GARI II,KADUNA,SABON GARI,2024-02-29,2024,2,1,219.0,8.0,7.0,2294,40,40.0,0,0,1493.0,23,1795.0,1176.0,1126.0,2024-03-15,M&E Officer
NAS015,SPECIALIST HOSPITAL NASARAWA II,NASARAWA,NASARAWA,2022-08-31,2022,8,3,975.0,44.0,36.0,3127,41,206.0,6,4,2148.0,34,2247.0,1574.0,1406.0,2022-09-11,M&E Officer
BEN003,GENERAL HOSPITAL OTUKPO,BENUE,OTUKPO,2023-08-31,2023,8,3,588.0,26.0,20.0,2458,20,64.0,2,1,2010.0,33,2280.0,1542.0,1509.0,2023-09-16,Facility Focal Person
BEN005,MODEL PRIMARY HEALTH CENTRE KATSINA-ALA,BENUE,KATSINA-ALA,2022-03-31,2022,3,1,569.0,19.0,16.0,419,6,91.0,2,1,396.0,7,382.0,266.0,220.0,2022-04-13,M&E Officer
LAG012,PRIMARY HEALTH CENTRE ALIMOSHO II,LAGOS,ALIMOSHO,2022-12-31,2022,12,4,236.0,11.0,9.0,624,8,55.0,0,0,564.0,6,424.0,234.0,221.0,2023-01-21,Facility Focal Person
BEN010,MODEL PRIMARY HEALTH CENTRE OKPOKWU II,BENUE,OKPOKWU,2023-11-30,2023,11,4,353.0,2.0,1.0,731,4,106.0,0,0,513.0,6,649.0,547.0,493.0,2023-12-13,Data Clerk
CRS009,COMPREHENSIVE HEALTH CENTRE OBUDU II,CROSS RIVER,OBUDU,2022-02-01,2022,2,1,400.0,29.0,21.0,693,8,54.0,0,0,595.0,16,611.0,384.0,357.0,2022-03-16,Facility Focal Person
LAG004,COMPREHENSIVE HEALTH CENTRE SURULERE,LAGOS,SURULERE,2023-05-31,2023,5,2,495.0,9.0,7.0,614,12,53.0,0,0,577.0,10,423.0,361.0,324.0,2023-06-11,Facility Focal Person
NAS003,COTTAGE HOSPITAL KEFFI,NASARAWA,KEFFI,2024-04-30,2024,4,2,308.0,5.0,4.0,1509,25,78.0,0,0,1342.0,20,1335.0,1157.0,1122.0,2024-05-21,Data Clerk
NAS006,PRIMARY HEALTH CENTRE LAFIA II,NASARAWA,LAFIA,2024-11-30,2024,11,4,262.0,11.0,9.0,937,11,30.0,0,0,775.0,12,737.0,519.0,427.0,2024-12-13,Data Clerk
AKS006,PRIMARY HEALTH CENTRE ABAK,AKWA IBOM,ABAK,2023-04-30,2023,4,2,529.0,13.0,9.0,348,3,75.0,0,0,261.0,2,300.0,205.0,174.0,2023-05-18,Facility Focal Person
BEN014,COMPREHENSIVE HEALTH CENTRE GBOKO II,BENUE,GBOKO,2023-01-31,2023,1,1,418.0,2.0,1.0,848,6,129.0,0,0,511.0,8,671.0,562.0,465.0,2023-03-01,Data Clerk
CRS005,TEACHING HOSPITAL AKAMKPA,CROSS RIVER,AKAMKPA,2024-09-30,2024,9,3,1429.0,54.0,,4094,43,238.0,2,1,2813.0,47,2848.0,2265.0,2185.0,2024-10-11,Data Clerk
RIV010,TEACHING HOSPITAL AHOADA EAST II,RIVERS,AHOADA EAST,2022-11-30,2022,11,4,513.0,20.0,19.0,3214,9,113.0,3,2,2369.0,40,2764.0,2449.0,2096.0,2022-12-13,M&E Officer
NAS009,COTTAGE HOSPITAL AKWANGA II,NASARAWA,AKWANGA,2023-04-30,2023,4,2,1256.0,4.0,3.0,473,6,194.0,0,0,404.0,448,391.0,267.0,220.0,2023-05-11,M&E Officer
NAS005,MISSION HOSPITAL NASARAWA,NASARAWA,NASARAWA,2023-05-31,2023,5,2,1514.0,28.0,24.0,464,1,307.0,3,2,300.0,2,343.0,232.0,211.0,2023-06-13,Data Clerk
KAD003,MISSION HOSPITAL ZARIA,KADUNA,ZARIA,2023-01-31,2023,1,1,1078.0,42.0,40.0,2621,31,232.0,6,5,1606.0,32,1968.0,1089.0,995.0,2023-02-13,M&E Officer
RIV009,MISSION HOSPITAL KHANA II,RIVERS,KHANA,2023-01-31,2023,1,1,320.0,2.0,1.0,820,2,85.0,2,1,586.0,11,572.0,511.0,,2023-02-15,Facility Focal Person
FCT007,SPECIALIST HOSPITAL BWARI II,FCT,BWARI,2024-04-30,2024,4,2,3115.0,95.0,85.0,4199,10,628.0,13,10,2901.0,66,3503.0,2684.0,2405.0,2024-05-21,Data Clerk
RIV002,TEACHING HOSPITAL OBIO/AKPOR,RIVERS,OBIO/AKPOR,2022-06-30,2022,6,2,2139.0,55.0,46.0,4872,71,391.0,4,3,3766.0,59,4459.0,3979.0,3310.0,2022-07-29,Data Clerk
CRS010,COMPREHENSIVE HEALTH CENTRE AKAMKPA II,CROSS RIVER,AKAMKPA,2024-10-31,2024,10,4,80.0,2.0,1.0,334,3,21.0,0,0,288.0,3,275.0,187.0,181.0,2024-11-16,Facility Focal Person
FCT011,COTTAGE HOSPITAL AMAC II,FCT,AMAC,2023-09-30,2023,9,3,350.0,8.0,6.0,2134,22,98.0,1,0,1809.0,39,1692.0,1309.0,1230.0,2023-10-11,Data Clerk
CRS005,TEACHING HOSPITAL AKAMKPA,CROSS RIVER,AKAMKPA,2024-01-01,2024,1,1,849.0,,24.0,4206,70,264.0,5,4,2647.0,47,3590.0,3004.0,2702.0,2024-02-15,Data Clerk
RIV011,MODEL PRIMARY HEALTH CENTRE DEGEMA II,RIVERS,DEGEMA,2022-06-30,2022,6,2,373.0,13.0,10.0,875,10,57.0,1,0,519.0,8,612.0,463.0,432.0,2022-07-29,M&E Officer
RIV003,COMPREHENSIVE HEALTH CENTRE KHANA,RIVERS,KHANA,2023-08-01,2023,8,3,348.0,8.0,6.0,1030,10,48.0,3,2,585.0,11,754.0,465.0,436.0,2023-09-29,Data Clerk
FCT008,TEACHING HOSPITAL GWAGWALADA II,FCT,GWAGWALADA,2022-10-31,2022,10,4,583.0,18.0,16.0,5257,74,107.0,2,1,4284.0,79,3624.0,3692.0,2441.0,2022-11-11,Facility Focal Person
BEN015,PRIMARY HEALTH CENTRE OTUKPO II,BENUE,OTUKPO,2023-07-31,2023,7,3,180.0,8.0,7.0,786,10,37.0,1,0,656.0,9,664.0,436.0,411.0,2023-08-13,M&E Officer
AKS005,COMPREHENSIVE HEALTH CENTRE ORON,AKWA IBOM,ORON,2023-07-31,2023,7,3,167.0,2.0,1.0,1097,21,17.0,0,0,821.0,12,755.0,591.0,499.0,2023-08-11,Data Clerk
NAS008,COMPREHENSIVE HEALTH CENTRE KEFFI II,NASARAWA,KEFFI,2024-03-31,2024,3,1,81.0,3.0,2.0,778,12,20.0,0,0,623.0,10,609.0,539.0,496.0,2024-04-15,M&E Officer
LAG012,PRIMARY HEALTH CENTRE ALIMOSHO II,LAGOS,ALIMOSHO,2024-02-29,2024,2,1,272.0,10.0,7.0,649,4,83.0,0,0,,12,569.0,386.0,346.0,2024-04-15,Data Clerk
NAS003,COTTAGE HOSPITAL KEFFI,NASARAWA,KEFFI,2022-09-30,2022,9,3,297.0,4.0,3.0,,26,47.0,0,0,1566.0,26,,1042.0,919.0,2022-10-21,Facility Focal Person
FCT013,COTTAGE HOSPITAL GWAGWALADA II,FCT,GWAGWALADA,2024-12-31,2024,12,4,972.0,10.0,9.0,,17,174.0,1,0,1054.0,15,855.0,605.0,535.0,2025-01-16,Facility Focal Person
RIV003,COMPREHENSIVE HEALTH CENTRE KHANA,RIVERS,KHANA,2022-06-30,2022,6,2,342.0,9.0,,1064,19,109.0,4,3,818.0,15,869.0,755.0,721.0,2022-07-21,Facility Focal Person
NAS011,MISSION HOSPITAL LAFIA II,NASARAWA,LAFIA,2022-10-31,2022,10,4,1081.0,9.0,7.0,2716,14,224.0,3,2,1843.0,31,1870.0,1251.0,1095.0,2022-11-15,Data Clerk
BEN010,MODEL PRIMARY HEALTH CENTRE OKPOKWU II,BENUE,OKPOKWU,2024-08-31,2024,8,3,436.0,6.0,5.0,701,10,128.0,1,0,420.0,2,478.0,289.0,242.0,2024-09-29,Facility Focal Person
RIV011,MODEL PRIMARY HEALTH CENTRE DEGEMA II,RIVERS,DEGEMA,2024-02-29,2024,2,1,403.0,18.0,13.0,914,7,76.0,1,0,824.0,9,657.0,592.0,561.0,2024-03-16,Data Clerk
CRS003,SPECIALIST HOSPITAL OGOJA,CROSS RIVER,OGOJA,2024-05-31,2024,5,2,15430.0,50.0,35.0,5132,59,409.0,12,10,4792.0,74,4226.0,3727.0,3114.0,2024-06-15,M&E Officer
RIV001,MODEL PRIMARY HEALTH CENTRE PORT HARCOURT,RIVERS,PORT HARCOURT,2022-08-31,2022,8,3,121.0,0.0,0.0,1078,14,35.0,1,0,666.0,16,962.0,538.0,501.0,2022-09-18,Facility Focal Person
KAD015,GENERAL HOSPITAL CHIKUN II,KADUNA,CHIKUN,2023-03-31,2023,3,1,384.0,3.0,,1728,27,114.0,1,0,1266.0,24,1252.0,866.0,785.0,2023-04-11,Facility Focal Person
BEN014,COMPREHENSIVE HEALTH CENTRE GBOKO II,BENUE,GBOKO,2023-11-30,2023,11,4,401.0,3.0,2.0,783,14,92.0,1,0,727.0,16,680.0,503.0,468.0,2023-12-21,M&E Officer
BEN015,PRIMARY HEALTH CENTRE OTUKPO II,BENUE,OTUKPO,2023-01-31,2023,1,1,129.0,5.0,4.0,829,16,21.0,1,0,607.0,5,569.0,348.0,305.0,2023-03-18,Facility Focal Person
LAG003,TEACHING HOSPITAL BADAGRY,LAGOS,BADAGRY,2024-09-01,2024,9,3,3167.0,150.0,123.0,6948,40,799.0,25,24,5301.0,101,6043.0,3400.0,3186.0,2024-10-13,M&E Officer
FCT009,MODEL PRIMARY HEALTH CENTRE KUJE II,FCT,KUJE,2024-03-31,2024,3,1,156.0,7.0,6.0,476,3,22.0,1,0,321.0,9,419.0,303.0,289.0,2024-04-15,M&E Officer
LAG007,PRIMARY HEALTH CENTRE IKORODU II,LAGOS,IKORODU,2024-06-30,2024,6,2,513.0,14.0,13.0,616,10,83.0,0,0,464.0,6,434.0,396.0,330.0,2024-07-21,Data Clerk
KAD014,GENERAL HOSPITAL SABON GARI II,KADUNA,SABON GARI,2022-12-31,2022,12,4,174.0,4.0,3.0,2589,15,26.0,1,0,1823.0,36,,1744.0,1590.0,2023-01-11,Facility Focal Person
CRS015,MODEL PRIMARY HEALTH CENTRE AKAMKPA II,CROSS RIVER,AKAMKPA,2022-01-31,2022,1,1,61.0,1.0,0.0,638,5,11.0,0,0,545.0,17,464.0,405.0,337.0,2022-01-19,M&E Officer
RIV002,TEACHING HOSPITAL OBIO/AKPOR,RIVERS,OBIO/AKPOR,2024-12-01,2024,12,4,1571.0,18.0,12.0,4156,24,169.0,2,1,2399.0,36,2992.0,1951.0,1686.0,2025-01-13,Facility Focal Person
BEN008,TEACHING HOSPITAL GBOKO II,BENUE,GBOKO,2022-09-01,2022,9,3,,68.0,55.0,6249,27,576.0,4,3,5719.0,104,4840.0,3568.0,3228.0,2022-10-21,Data Clerk
CRS003,SPECIALIST HOSPITAL OGOJA,CROSS RIVER,OGOJA,2023-12-31,2023,12,4,1565.0,70.0,56.0,5221,71,341.0,5,4,4201.0,94,3652.0,2326.0,2272.0,2024-01-15,M&E Officer
RIV003,COMPREHENSIVE HEALTH CENTRE KHANA,RIVERS,KHANA,2024-05-31,2024,5,2,472.0,18.0,17.0,1065,4,128.0,4,3,930.0,15,909.0,560.0,489.0,2024-06-13,Data Clerk
RIV011,MODEL PRIMARY HEALTH CENTRE DEGEMA II,RIVERS,DEGEMA,2024-07-31,2024,7,3,465.0,19.0,15.0,956,11,63.0,2,1,789.0,15,888.0,637.0,596.0,2024-08-15,M&E Officer
FCT005,PRIMARY HEALTH CENTRE ABAJI,FCT,ABAJI,2024-10-31,2024,10,4,507.0,15.0,12.0,576,11,144.0,1,0,,11,446.0,319.0,268.0,2024-12-16,Data Clerk
CRS003,SPECIALIST HOSPITAL OGOJA,CROSS RIVER,OGOJA,2023-03-31,2023,3,1,1655.0,53.0,52.0,5327,83,287.0,2,1,4812.0,90,4253.0,2572.0,2294.0,2023-04-15,M&E Officer
RIV006,COTTAGE HOSPITAL ELEME,RIVERS,ELEME,2023-11-30,2023,11,4,1181.0,,69.0,2675,10,327.0,9,8,2078.0,33,2406.0,2059.0,1735.0,2023-12-15,Data Clerk
XXX999,COMPREHENSIVE HEALTH CENTRE KHANA,RIVERS,KHANA,2024-02-29,2024,2,1,422.0,21.0,17.0,1066,2,55.0,2,1,639.0,9,746.0,701.0,637.0,2024-03-15,Data Clerk
LAG007,PRIMARY HEALTH CENTRE IKORODU II,LAGOS,IKORODU,2022-02-28,2022,2,1,419.0,8.0,7.0,403,4,93.0,3,2,366.0,4,351.0,259.0,249.0,2022-03-16,Facility Focal Person
KAD002,TEACHING HOSPITAL KADUNA SOUTH,KADUNA,KADUNA SOUTH,2024-02-29,2024,2,1,1635.0,15.0,12.0,3749,43,488.0,5,4,2424.0,39,3081.0,1991.0,1857.0,2024-03-11,Facility Focal Person
CRS006,PRIMARY HEALTH CENTRE CALABAR MUNICIPAL II,CROSS RIVER,CALABAR MUNICIPAL,2024-07-31,2024,7,3,747.0,34.0,33.0,1432,10,136.0,3,2,1226.0,19,1093.0,794.0,672.0,2024-08-21,Data Clerk
KAD001,MODEL PRIMARY HEALTH CENTRE KADUNA NORTH,KADUNA,KADUNA NORTH,2024-06-30,2024,6,2,244.0,8.0,6.0,741,14,39.0,0,0,475.0,10,605.0,473.0,396.0,2024-07-13,M&E Officer
FCT008,TEACHING HOSPITAL GWAGWALADA II,FCT,GWAGWALADA,2023-06-30,2023,6,2,1011.0,42.0,38.0,5014,68,133.0,5,4,3936.0,74,3891.0,2582.0,2246.0,2023-07-21,Facility Focal Person
KAD013,SPECIALIST HOSPITAL ZARIA II,KADUNA,ZARIA,2022-10-31,2022,10,4,2131.0,111.0,88.0,1944,26,537.0,17,13,1656.0,28,1419.0,1263.0,1168.0,2022-11-16,M&E Officer
BEN001,MISSION HOSPITAL MAKURDI,BENUE,MAKURDI,2023-06-30,2023,6,2,1015.0,7.0,5.0,1906,6,165.0,0,0,1129.0,20,1611.0,1352.0,1213.0,2023-07-13,Facility Focal Person
FCT005,PRIMARY HEALTH CENTRE ABAJI,FCT,ABAJI,2022-12-31,2022,12,4,476.0,4.0,3.0,506,3,68.0,1,0,389.0,6,386.0,241.0,225.0,2023-01-21,M&E Officer
AKS002,GENERAL HOSPITAL IKOT EKPENE,AKWA IBOM,IKOT EKPENE,2023-01-01,2023,1,1,226.0,1.0,0.0,633,4,69.0,0,0,492.0,9,458.0,392.0,356.0,2023-02-18,Data Clerk
KAD006,SPECIALIST HOSPITAL KADUNA NORTH II,KADUNA,KADUNA NORTH,2022-04-30,2022,4,2,1592.0,24.0,22.0,1520,5,253.0,1,0,1278.0,24,1198.0,975.0,902.0,2022-05-15,M&E Officer
NAS002,COTTAGE HOSPITAL KARU,NASARAWA,KARU,2022-09-30,2022,9,3,329.0,2.0,1.0,314,1,65.0,1,0,266.0,4,,178.0,172.0,2022-10-11,Data Clerk
RIV011,MODEL PRIMARY HEALTH CENTRE DEGEMA II,RIVERS,DEGEMA,2023-10-31,2023,10,4,318.0,18.0,13.0,887,9,44.0,0,0,833.0,17,,593.0,569.0,2023-11-29,Data Clerk
KAD004,SPECIALIST HOSPITAL SABON GARI,KADUNA,SABON GARI,2023-07-31,2023,7,3,2990.0,152.0,128.0,4711,83,349.0,11,9,2631.0,35,3455.0,2715.0,2378.0,2023-08-18,Facility Focal Person
RIV001,MODEL PRIMARY HEALTH CENTRE PORT HARCOURT,RIVERS,PORT HARCOURT,2022-07-31,2022,7,3,99.0,1.0,0.0,1092,-4,,0,0,677.0,18,976.0,752.0,717.0,2022-08-15,Facility Focal Person
CRS013,MISSION HOSPITAL OGOJA II,CROSS RIVER,OGOJA,2024-12-01,2024,12,4,212.0,5.0,3.0,716,10,21.0,1,0,513.0,5,496.0,361.0,300.0,2025-01-16,M&E Officer
RIV007,PRIMARY HEALTH CENTRE PORT HARCOURT II,RIVERS,PORT HARCOURT,2022-01-01,2022,1,1,314.0,2.0,1.0,743,4,69.0,0,0,634.0,8,598.0,454.0,400.0,2022-02-21,Facility Focal Person
KAD014,GENERAL HOSPITAL SABON GARI II,KADUNA,SABON GARI,2023-07-31,2023,7,3,255.0,9.0,7.0,2466,11,54.0,1,0,1996.0,29,2057.0,1152.0,1121.0,2023-09-15,M&E Officer
KAD004,SPECIALIST HOSPITAL SABON GARI,KADUNA,SABON GARI,2023-10-31,2023,10,4,2355.0,104.0,79.0,4790,74,310.0,9,7,3196.0,60,4384.0,2887.0,2578.0,2023-11-11,M&E Officer
KAD002,TEACHING HOSPITAL KADUNA SOUTH,KADUNA,KADUNA SOUTH,2022-09-30,2022,9,3,1618.0,14.0,11.0,4340,31,330.0,2,1,3407.0,47,3474.0,3127.0,2986.0,2022-10-15,Data Clerk
LAG001,PRIMARY HEALTH CENTRE IKORODU,LAGOS,IKORODU,2024-03-31,2024,3,1,531.0,11.0,8.0,356,2,,1,0,304.0,10,278.0,234.0,,2024-04-29,Data Clerk
KAD002,TEACHING HOSPITAL KADUNA SOUTH,KADUNA,KADUNA SOUTH,2023-08-31,2023,8,3,1735.0,30.0,25.0,3934,60,272.0,4,3,2192.0,35,2679.0,1726.0,1498.0,2023-09-13,M&E Officer
FCT003,SPECIALIST HOSPITAL GWAGWALADA,FCT,GWAGWALADA,2022-02-28,2022,2,1,499.0,7.0,6.0,6673,46,66.0,0,0,5482.0,80,5923.0,4952.0,4828.0,2022-03-18,M&E Officer
NAS012,MISSION HOSPITAL KARU II,NASARAWA,KARU,2023-03-31,2023,3,1,804.0,18.0,17.0,1327,13,141.0,5,4,731.0,13,1085.0,663.0,575.0,2023-04-18,Data Clerk
KAD003,MISSION HOSPITAL ZARIA,KADUNA,ZARIA,2024-03-31,2024,3,1,1052.0,43.0,37.0,2810,41,128.0,6,5,1673.0,39,2124.0,1962.0,1666.0,2024-04-21,Data Clerk
LAG008,COTTAGE HOSPITAL LAGOS ISLAND II,LAGOS,LAGOS ISLAND,2023-07-31,2023,7,3,94.0,0.0,0.0,783,7,20.0,0,0,667.0,13,624.0,352.0,303.0,2023-08-11,Data Clerk
LAG099,COTTAGE HOSPITAL GWAGWALADA II,FCT,GWAGWALADA,2022-01-31,2022,1,1,836.0,,10.0,1435,5,194.0,5,4,1000.0,19,1239.0,903.0,817.0,2022-02-16,Facility Focal Person
RIV009,MISSION HOSPITAL KHANA II,RIVERS,KHANA,2022-09-30,2022,9,3,380.0,4.0,3.0,829,15,111.0,1,0,591.0,14,716.0,550.0,495.0,2022-10-13,M&E Officer
FCT007,SPECIALIST HOSPITAL BWARI II,FCT,BWARI,2023-01-31,2023,1,1,2121.0,57.0,42.0,4274,81,596.0,10,8,2632.0,49,3279.0,2944.0,2776.0,2023-02-13,Facility Focal Person
CRS009,COMPREHENSIVE HEALTH CENTRE OBUDU II,CROSS RIVER,OBUDU,2024-03-31,2024,3,1,462.0,21.0,20.0,910,1,105.0,1,0,538.0,12,668.0,572.0,469.0,2024-04-16,Facility Focal Person
CRS015,MODEL PRIMARY HEALTH CENTRE AKAMKPA II,CROSS RIVER,AKAMKPA,2022-01-31,2022,1,1,97.0,1.0,0.0,638,5,11.0,0,0,545.0,17,464.0,405.0,337.0,2022-01-28,M&E Officer
KAD010,COTTAGE HOSPITAL CHIKUN II,KADUNA,CHIKUN,2022-01-31,2022,1,1,134.0,6.0,4.0,939,13,19.0,2,1,591.0,11,833.0,600.0,573.0,2022-02-18,Data Clerk
LAG007,PRIMARY HEALTH CENTRE IKORODU II,LAGOS,IKORODU,2024-04-30,2024,4,2,498.0,16.0,12.0,598,4,128.0,1,0,452.0,4,509.0,283.0,236.0,2024-05-13,M&E Officer
CRS003,SPECIALIST HOSPITAL OGOJA,CROSS RIVER,OGOJA,2024-01-31,2024,1,1,1451.0,51.0,45.0,5210,56,390.0,9,7,4322.0,91,4504.0,3071.0,2710.0,2024-02-16,Data Clerk
BEN015,PRIMARY HEALTH CENTRE OTUKPO II,BENUE,OTUKPO,2022-03-31,2022,3,1,153.0,2.0,1.0,880,8,20.0,1,0,616.0,10,641.0,396.0,355.0,2022-04-13,Facility Focal Person
NAS014,TEACHING HOSPITAL AKWANGA II,NASARAWA,AKWANGA,2023-05-31,2023,5,2,2451.0,85.0,77.0,4838,43,338.0,3,2,4296.0,73,3772.0,3248.0,2675.0,2023-06-13,Data Clerk
LAG099,SPECIALIST HOSPITAL KHANA II,RIVERS,KHANA,2024-03-31,2024,3,1,533.0,35.0,29.0,22760,40,57.0,1,0,1397.0,30,2044.0,1909.0,1809.0,2024-04-16,Facility Focal Person
NAS014,TEACHING HOSPITAL AKWANGA II,NASARAWA,AKWANGA,2022-09-30,2022,9,3,1694.0,45.0,41.0,4836,18,226.0,3,2,3321.0,58,3640.0,2668.0,2510.0,2022-10-11,M&E Officer
BEN006,PRIMARY HEALTH CENTRE VANDEIKYA,BENUE,VANDEIKYA,2024-04-30,2024,4,2,220.0,5.0,3.0,348,2,38.0,1,0,303.0,8,297.0,196.0,189.0,2024-05-21,Data Clerk
KAD006,SPECIALIST HOSPITAL KADUNA NORTH II,KADUNA,KADUNA NORTH,2024-11-30,2024,11,4,2076.0,24.0,17.0,1778,11,651.0,6,4,1342.0,19,1454.0,1115.0,,2024-12-18,M&E Officer
NAS012,MISSION HOSPITAL KARU II,NASARAWA,KARU,2024-08-31,2024,8,3,1169.0,14.0,13.0,1386,3,164.0,3,2,1070.0,20,1025.0,809.0,710.0,2024-09-11,Data Clerk
CRS002,COMPREHENSIVE HEALTH CENTRE IKOM,CROSS RIVER,IKOM,2022-01-01,2022,1,1,111.0,4.0,2.0,142,0,14.0,0,0,100.0,2,97.0,87.0,80.0,2022-02-16,Data Clerk
CRS011,COMPREHENSIVE HEALTH CENTRE CALABAR MUNICIPAL II,CROSS RIVER,CALABAR MUNICIPAL,2023-06-30,2023,6,2,378.0,7.0,6.0,486,1,80.0,0,0,412.0,7,444.0,401.0,346.0,2023-07-11,Data Clerk
FCT010,MODEL PRIMARY HEALTH CENTRE ABAJI II,FCT,ABAJI,2024-02-29,2024,2,1,557.0,7.0,6.0,437,5,171.0,2,1,317.0,5,331.0,230.0,218.0,2024-03-11,Data Clerk
BEN007,SPECIALIST HOSPITAL MAKURDI II,BENUE,MAKURDI,2024-11-01,2024,11,4,306.0,5.0,3.0,1747,14,58.0,1,0,1012.0,15,1577.0,1485.0,1256.0,2024-12-29,Facility Focal Person
LAG099,COMPREHENSIVE HEALTH CENTRE OBUDU,CROSS RIVER,OBUDU,2022-09-01,2022,9,3,233.0,8.0,7.0,471,5,73.0,2,1,339.0,6,357.0,257.0,223.0,2022-10-16,Data Clerk
CRS013,MISSION HOSPITAL OGOJA II,CROSS RIVER,OGOJA,2023-12-31,2023,12,4,185.0,4.0,3.0,763,8,58.0,0,0,711.0,14,639.0,444.0,394.0,2024-01-13,M&E Officer
CRS007,MODEL PRIMARY HEALTH CENTRE IKOM II,CROSS RIVER,IKOM,2022-11-01,2022,11,4,110.0,8.0,5.0,316,5,12.0,0,0,241.0,5,279.0,184.0,176.0,2022-12-16,M&E Officer
KAD001,MODEL PRIMARY HEALTH CENTRE KADUNA NORTH,KADUNA,KADUNA NORTH,2022-07-31,2022,7,3,163.0,7.0,5.0,782,4,18.0,2,1,621.0,14,685.0,408.0,360.0,2022-08-18,Data Clerk
LAG001,PRIMARY HEALTH CENTRE IKORODU,LAGOS,IKORODU,2024-12-31,2024,12,4,466.0,9.0,8.0,417,6,109.0,0,0,246.0,3,354.0,283.0,260.0,2025-01-21,Facility Focal Person
CRS009,COMPREHENSIVE HEALTH CENTRE OBUDU II,CROSS RIVER,OBUDU,2024-07-31,2024,7,3,670.0,21.0,15.0,950,3,103.0,3,2,785.0,15,766.0,621.0,557.0,2024-08-16,Facility Focal Person
CRS007,MODEL PRIMARY HEALTH CENTRE IKOM II,CROSS RIVER,IKOM,2023-10-31,2023,10,4,121.0,7.0,5.0,299,5,34.0,1,0,194.0,1,237.0,214.0,178.0,2023-11-13,M&E Officer
FCT009,MODEL PRIMARY HEALTH CENTRE KUJE II,FCT,KUJE,2022-07-31,2022,7,3,147.0,7.0,6.0,441,5,46.0,1,0,346.0,9,340.0,322.0,265.0,2022-08-15,Data Clerk
NAS013,GENERAL HOSPITAL KEFFI II,NASARAWA,KEFFI,2023-12-31,2023,12,4,465.0,15.0,11.0,1631,20,102.0,2,1,1005.0,19,1407.0,801.0,768.0,2024-01-11,Facility Focal Person
CRS010,COMPREHENSIVE HEALTH CENTRE AKAMKPA II,CROSS RIVER,AKAMKPA,2023-11-30,2023,11,4,58.0,2.0,1.0,373,3,10.0,0,0,286.0,7,339.0,298.0,253.0,2023-12-16,M&E Officer
LAG007,PRIMARY HEALTH CENTRE IKORODU II,LAGOS,IKORODU,2024-09-30,2024,9,3,430.0,19.0,18.0,645,11,106.0,4,3,458.0,6,443.0,322.0,286.0,2024-10-15,Facility Focal Person
BEN009,PRIMARY HEALTH CENTRE OTUKPO II,BENUE,OTUKPO,2022-10-31,2022,10,4,158.0,4.0,3.0,474,2,25.0,0,0,323.0,13,357.0,272.0,244.0,2022-11-15,Data Clerk
CRS015,MODEL PRIMARY HEALTH CENTRE AKAMKPA II,CROSS RIVER,AKAMKPA,2022-09-30,2022,9,3,66.0,,0.0,587,2,13.0,0,0,465.0,9,515.0,347.0,297.0,2022-10-11,Data Clerk
KAD004,SPECIALIST HOSPITAL SABON GARI,KADUNA,SABON GARI,2024-09-01,2024,9,3,3384.0,196.0,190.0,5833,73,389.0,20,16,5381.0,91,4575.0,2953.0,2477.0,2024-10-15,M&E Officer
LAG005,MISSION HOSPITAL AGEGE,LAGOS,AGEGE,2024-10-31,2024,10,4,1244.0,42.0,36.0,1840,24,264.0,7,6,1067.0,20,1484.0,1108.0,927.0,2024-11-29,Facility Focal Person
RIV010,TEACHING HOSPITAL AHOADA EAST II,RIVERS,AHOADA EAST,2022-04-30,2022,4,2,780.0,11.0,8.0,3374,23,129.0,2,1,2502.0,42,3115.0,1752.0,1706.0,2022-05-15,M&E Officer
RIV011,MODEL PRIMARY HEALTH CENTRE DEGEMA II,RIVERS,DEGEMA,2024-03-31,2024,3,1,406.0,21.0,18.0,929,3,79.0,3,2,861.0,21,725.0,490.0,427.0,2024-04-13,M&E Officer
NAS001,MODEL PRIMARY HEALTH CENTRE LAFIA,NASARAWA,LAFIA,2024-07-31,2024,7,3,255.0,2.0,1.0,395,2,49.0,0,0,287.0,7,349.0,280.0,271.0,2024-08-15,Facility Focal Person
RIV013,MISSION HOSPITAL PORT HARCOURT II,RIVERS,PORT HARCOURT,2024-02-29,2024,2,1,580.0,13.0,11.0,2127,-26,156.0,4,3,1789.0,41,1458.0,1079.0,902.0,2024-03-11,Facility Focal Person
BEN008,TEACHING HOSPITAL GBOKO II,BENUE,GBOKO,2022-10-31,2022,10,4,1595.0,35.0,28.0,6242,35,415.0,8,7,4122.0,64,4480.0,3495.0,3071.0,2022-11-13,Facility Focal Person
CRS011,COMPREHENSIVE HEALTH CENTRE CALABAR MUNICIPAL II,CROSS RIVER,CALABAR MUNICIPAL,2023-05-31,2023,5,2,474.0,12.0,11.0,481,1,121.0,0,0,434.0,8,414.0,258.0,213.0,2023-06-11,Data Clerk
BEN001,MISSION HOSPITAL MAKURDI,BENUE,MAKURDI,2023-08-31,2023,8,3,969.0,8.0,6.0,1864,23,254.0,1,0,1729.0,38,1674.0,1195.0,1137.0,2023-09-18,Data Clerk
BEN002,SPECIALIST HOSPITAL GBOKO,BENUE,GBOKO,2023-05-31,2023,5,2,2520.0,44.0,37.0,4556,14,699.0,8,7,3483.0,53,3431.0,1964.0,1917.0,2023-06-15,Facility Focal Person
LAG010,PRIMARY HEALTH CENTRE SURULERE II,LAGOS,SURULERE,2022-02-28,2022,2,1,316.0,17.0,12.0,900,7,85.0,4,3,534.0,10,649.0,567.0,538.0,2022-03-16,Facility Focal Person
CRS013,MISSION HOSPITAL OGOJA II,CROSS RIVER,OGOJA,2022-07-31,2022,7,3,232.0,1.0,0.0,878,9,60.0,1,0,518.0,10,796.0,555.0,522.0,2022-08-13,M&E Officer
CRS004,COMPREHENSIVE HEALTH CENTRE OBUDU,CROSS RIVER,OBUDU,2023-12-31,2023,12,4,188.0,2.0,1.0,456,5,22.0,0,0,343.0,2,316.0,257.0,247.0,2024-01-21,M&E Officer
FCT002,GENERAL HOSPITAL BWARI,FCT,BWARI,2024-12-31,2024,12,4,99.0,110.0,5.0,562,8,13.0,3,2,363.0,5,395.0,220.0,182.0,2025-01-18,Facility Focal Person
AKS002,GENERAL HOSPITAL IKOT EKPENE,AKWA IBOM,IKOT EKPENE,2023-12-31,2023,12,4,285.0,3.0,2.0,586,8,31.0,0,0,332.0,6,457.0,388.0,367.0,2024-01-15,Data Clerk
TMP001,GENERAL HOSPITAL OKPOKWU,BENUE,OKPOKWU,2023-12-01,2023,12,4,899.0,5.0,4.0,392,2,120.0,1,0,283.0,3,279.0,207.0,186.0,2024-01-29,M&E Officer
FCT009,MODEL PRIMARY HEALTH CENTRE KUJE II,FCT,KUJE,2024-09-30,2024,9,3,190.0,10.0,9.0,491,6,54.0,2,1,352.0,4,364.0,257.0,212.0,2024-10-18,Data Clerk
FCT001,MISSION HOSPITAL AMAC,FCT,AMAC,2022-04-30,2022,4,2,901.0,7.0,5.0,1355,23,251.0,1,0,1082.0,21,1245.0,1018.0,974.0,2022-05-13,Facility Focal Person
LAG015,MODEL PRIMARY HEALTH CENTRE BADAGRY II,LAGOS,BADAGRY,2022-04-30,2022,4,2,226.0,9.0,7.0,1142,12,35.0,0,0,996.0,15,833.0,595.0,532.0,2022-05-18,M&E Officer
LAG012,PRIMARY HEALTH CENTRE ALIMOSHO II,LAGOS,ALIMOSHO,2024-04-30,2024,4,2,276.0,11.0,8.0,654,8,30.0,0,0,510.0,6,581.0,539.0,524.0,2024-05-11,M&E Officer
FCT008,TEACHING HOSPITAL GWAGWALADA II,FCT,GWAGWALADA,2024-01-31,2024,1,1,753.0,24.0,20.0,4847,34,144.0,4,3,4504.0,87,3864.0,2509.0,2290.0,2024-02-21,Data Clerk
RIV007,PRIMARY HEALTH CENTRE PORT HARCOURT II,RIVERS,PORT HARCOURT,2022-10-31,2022,10,4,405.0,3.0,2.0,698,5,120.0,2,1,512.0,10,521.0,405.0,392.0,2022-11-18,M&E Officer
CRS001,MODEL PRIMARY HEALTH CENTRE CALABAR MUNICIPAL,CROSS RIVER,CALABAR MUNICIPAL,2022-11-30,2022,11,4,186.0,12.0,11.0,674,4,31.0,1,0,412.0,12,551.0,309.0,285.0,2022-12-16,Facility Focal Person
KAD010,COTTAGE HOSPITAL CHIKUN II,KADUNA,CHIKUN,2024-07-31,2024,7,3,362.0,15.0,,974,7,111.0,6,5,793.0,14,826.0,641.0,592.0,2024-08-29,M&E Officer
RIV015,SPECIALIST HOSPITAL KHANA II,RIVERS,KHANA,2024-11-01,2024,11,4,495.0,29.0,21.0,2163,25,51.0,1,0,1990.0,34,1951.0,1238.0,1074.0,2024-12-18,Data Clerk
FCT010,MODEL PRIMARY HEALTH CENTRE ABAJI II,FCT,ABAJI,2022-08-31,2022,8,3,377.0,15.0,12.0,304,3,54.0,1,0,239.0,5,275.0,241.0,226.0,2022-09-18,M&E Officer
FCT004,MODEL PRIMARY HEALTH CENTRE KUJE,FCT,KUJE,2023-09-30,2023,9,3,323.0,14.0,13.0,1295,20,94.0,2,1,855.0,14,1004.0,908.0,765.0,2023-10-21,M&E Officer
BEN013,MODEL PRIMARY HEALTH CENTRE MAKURDI II,BENUE,MAKURDI,2024-07-31,2024,7,3,636.0,38.0,35.0,815,13,,2,1,728.0,11,655.0,619.0,573.0,2024-08-11,Data Clerk
FCT009,MODEL PRIMARY HEALTH CENTRE KUJE II,FCT,KUJE,2022-03-31,2022,3,1,172.0,3.0,,441,5,21.0,0,0,341.0,8,317.0,239.0,212.0,2022-04-18,M&E Officer
BEN005,MODEL PRIMARY HEALTH CENTRE KATSINA-ALA,BENUE,KATSINA-ALA,2024-01-31,2024,1,1,399.0,7.0,5.0,534,6,100.0,0,0,492.0,11,461.0,335.0,281.0,2024-02-11,Facility Focal Person
FCT009,MODEL PRIMARY HEALTH CENTRE KUJE II,FCT,KUJE,2024-04-30,2024,4,2,197.0,7.0,5.0,476,5,31.0,1,0,333.0,8,366.0,216.0,186.0,2024-05-21,M&E Officer
RIV002,TEACHING HOSPITAL OBIO/AKPOR,RIVERS,OBIO/AKPOR,2022-07-01,2022,7,3,1538.0,37.0,,,31,464.0,7,6,4371.0,75,3482.0,2656.0,2597.0,2022-08-11,M&E Officer
FCT006,MISSION HOSPITAL AMAC II,FCT,AMAC,2023-01-31,2023,1,1,663.0,17.0,14.0,2262,19,101.0,2,1,1274.0,27,1901.0,1066.0,1029.0,2023-02-11,M&E Officer
LAG007,PRIMARY HEALTH CENTRE IKORODU II,LAGOS,IKORODU,2024-12-31,2024,12,4,463.0,18.0,17.0,654,10,109.0,1,0,456.0,5,451.0,260.0,215.0,2025-01-11,Facility Focal Person
LAG004,COMPREHENSIVE HEALTH CENTRE SURULERE,LAGOS,SURULERE,2022-09-30,2022,9,3,473.0,8.0,6.0,621,11,76.0,0,0,349.0,10,547.0,348.0,332.0,2022-10-13,Facility Focal Person
RIV012,PRIMARY HEALTH CENTRE ELEME II,RIVERS,ELEME,2022-05-31,2022,5,2,562.0,16.0,15.0,853,15,155.0,5,3,809.0,18,679.0,559.0,460.0,2022-06-15,M&E Officer
BEN001,MISSION HOSPITAL MAKURDI,BENUE,MAKURDI,2022-01-31,2022,1,1,643.0,2.0,1.0,2149,15,,0,0,1622.0,27,1480.0,982.0,928.0,2022-02-11,Facility Focal Person
AKS006,PRIMARY HEALTH CENTRE ABAK,AKWA IBOM,ABAK,2022-08-31,2022,8,3,514.0,28.0,20.0,288,1,124.0,3,2,252.0,5,222.0,169.0,140.0,2022-10-16,M&E Officer
RIV012,PRIMARY HEALTH CENTRE ELEME II,RIVERS,ELEME,2022-06-30,2022,6,2,597.0,21.0,19.0,862,10,80.0,3,2,547.0,15,631.0,404.0,383.0,2022-07-15,Facility Focal Person
KAD015,GENERAL HOSPITAL CHIKUN II,KADUNA,CHIKUN,2024-09-30,2024,9,3,324.0,7.0,6.0,1541,20,72.0,0,0,861.0,17,1075.0,984.0,919.0,2024-10-18,M&E Officer
NAS013,GENERAL HOSPITAL KEFFI II,NASARAWA,KEFFI,2023-03-31,2023,3,1,510.0,27.0,19.0,1621,32,130.0,3,2,996.0,17,1172.0,814.0,753.0,2023-04-18,Facility Focal Person
LAG012,PRIMARY HEALTH CENTRE ALIMOSHO II,LAGOS,ALIMOSHO,2024-10-31,2024,10,4,238.0,12.0,10.0,656,12,56.0,4,3,450.0,7,513.0,384.0,348.0,2024-11-16,Facility Focal Person
RIV001,MODEL PRIMARY HEALTH CENTRE PORT HARCOURT,RIVERS,PORT HARCOURT,2023-11-01,2023,11,4,103.0,1.0,0.0,908,13,15.0,0,0,836.0,13,830.0,599.0,546.0,2023-12-18,Data Clerk
LAG015,MODEL PRIMARY HEALTH CENTRE BADAGRY II,LAGOS,BADAGRY,2024-09-30,2024,9,3,178.0,4.0,2.0,1081,5,38.0,1,0,916.0,12,891.0,798.0,714.0,2024-10-21,Data Clerk
NAS009,COTTAGE HOSPITAL AKWANGA II,NASARAWA,AKWANGA,2022-08-31,2022,8,3,1120.0,6.0,5.0,475,0,134.0,0,0,346.0,8,389.0,215.0,190.0,2022-09-15,Data Clerk
FCT004,MODEL PRIMARY HEALTH CENTRE KUJE,FCT,KUJE,2024-11-30,2024,11,4,281.0,,7.0,1241,23,51.0,1,0,1147.0,26,1047.0,972.0,867.0,2024-12-13,Facility Focal Person
AKS007,TEACHING HOSPITAL IKONO,AKWA IBOM,IKONO,2022-11-30,2022,11,4,766.0,6.0,5.0,6333,87,90.0,1,0,4111.0,78,5854.0,4150.0,3746.0,2022-12-13,Facility Focal Person
LAG099,COTTAGE HOSPITAL GWAGWALADA II,FCT,GWAGWALADA,2022-02-28,2022,2,1,903.0,7.0,5.0,1421,19,119.0,0,0,1008.0,18,1272.0,1051.0,930.0,2022-03-11,M&E Officer
AKS015,MISSION HOSPITAL UYO II,AKWA IBOM,UYO,2024-08-31,2024,8,3,813.0,31.0,24.0,2441,5,157.0,6,5,1393.0,25,2240.0,1846.0,1538.0,2024-09-11,Facility Focal Person
LAG004,COMPREHENSIVE HEALTH CENTRE SURULERE,LAGOS,SURULERE,2023-08-31,2023,8,3,588.0,9.0,8.0,625,9,101.0,0,0,555.0,9,507.0,459.0,427.0,2023-09-13,M&E Officer
KAD015,GENERAL HOSPITAL CHIKUN II,KADUNA,CHIKUN,2023-08-31,2023,8,3,403.0,5.0,4.0,1683,25,94.0,0,0,1071.0,23,1501.0,1089.0,972.0,2023-09-29,M&E Officer
BEN010,MODEL PRIMARY HEALTH CENTRE OKPOKWU II,BENUE,OKPOKWU,2022-05-31,2022,5,2,344.0,6.0,4.0,851,1,82.0,3,2,711.0,14,584.0,548.0,453.0,2022-06-16,Facility Focal Person
CRS003,SPECIALIST HOSPITAL OGOJA,CROSS RIVER,OGOJA,2022-05-31,2022,5,2,1555.0,54.0,43.0,5574,22,483.0,10,8,4192.0,62,4900.0,3055.0,2677.0,2022-06-11,M&E Officer
NAS011,MISSION HOSPITAL LAFIA II,NASARAWA,LAFIA,2024-04-30,2024,4,2,1391.0,16.0,11.0,2417,20,150.0,3,2,1635.0,27,2107.0,1970.0,1718.0,2024-05-15,M&E Officer
RIV005,MISSION HOSPITAL DEGEMA,RIVERS,DEGEMA,2023-02-28,2023,2,1,164.0,7.0,5.0,1439,16,40.0,2,1,1140.0,18,1166.0,982.0,878.0,2023-03-15,Data Clerk
BEN002,SPECIALIST HOSPITAL GBOKO,BENUE,GBOKO,2022-09-30,2022,9,3,,32.0,30.0,4816,95,267.0,6,5,3757.0,73,4470.0,3719.0,3201.0,2022-10-16,Data Clerk
LAG009,MISSION HOSPITAL BADAGRY II,LAGOS,BADAGRY,2024-02-29,2024,2,1,314.0,10.0,9.0,2367,5,82.0,1,0,2174.0,37,1695.0,1455.0,1247.0,2024-03-16,Facility Focal Person
FCT001,MISSION HOSPITAL AMAC,FCT,AMAC,2024-12-31,2024,12,4,673.0,8.0,5.0,1151,18,185.0,2,1,832.0,18,1002.0,646.0,614.0,2025-01-11,Data Clerk
FCT004,MODEL PRIMARY HEALTH CENTRE KUJE,FCT,KUJE,2023-10-31,2023,10,4,363.0,13.0,11.0,1294,12,108.0,2,1,952.0,12,1022.0,908.0,798.0,2023-11-16,M&E Officer
RIV002,TEACHING HOSPITAL OBIO/AKPOR,RIVERS,OBIO/AKPOR,2022-11-30,2022,11,4,953.0,15.0,12.0,4729,94,297.0,4,3,3275.0,57,4095.0,3634.0,3083.0,2022-12-15,Facility Focal Person
NAS003,COTTAGE HOSPITAL KEFFI,NASARAWA,KEFFI,2023-02-28,2023,2,1,280.0,6.0,4.0,,32,85.0,0,0,1033.0,21,1410.0,1060.0,994.0,2023-03-13,M&E Officer
BEN010,MODEL PRIMARY HEALTH CENTRE OKPOKWU II,BENUE,OKPOKWU,2022-01-31,2022,1,1,230.0,2.0,1.0,869,15,71.0,4,3,549.0,10,628.0,432.0,373.0,2022-02-15,Data Clerk
NAS006,PRIMARY HEALTH CENTRE LAFIA II,NASARAWA,LAFIA,2023-04-30,2023,4,2,274.0,7.0,5.0,961,2,86.0,1,0,664.0,13,705.0,483.0,401.0,2023-05-11,Facility Focal Person
FCT009,MODEL PRIMARY HEALTH CENTRE KUJE II,FCT,KUJE,2023-07-31,2023,7,3,189.0,11.0,10.0,464,6,52.0,2,1,307.0,4,396.0,299.0,292.0,2023-08-13,M&E Officer
NAS015,SPECIALIST HOSPITAL NASARAWA II,NASARAWA,NASARAWA,2023-07-31,2023,7,3,1264.0,41.0,31.0,3165,49,360.0,7,6,2210.0,36,2649.0,1464.0,1375.0,2023-08-21,Facility Focal Person
RIV014,COTTAGE HOSPITAL OBIO/AKPOR II,RIVERS,OBIO/AKPOR,2024-06-30,2024,6,2,962.0,3.0,2.0,662,11,138.0,1,0,498.0,8,472.0,445.0,405.0,2024-07-16,M&E Officer
AKS006,PRIMARY HEALTH CENTRE ABAK,AKWA IBOM,ABAK,2024-05-31,2024,5,2,502.0,14.0,12.0,473,4,52.0,2,1,420.0,7,393.0,342.0,305.0,2024-06-16,Data Clerk
FCT007,SPECIALIST HOSPITAL BWARI II,FCT,BWARI,2022-06-30,2022,6,2,1643.0,52.0,44.0,4493,66,224.0,2,1,2523.0,31,4053.0,3436.0,3036.0,2022-07-15,Facility Focal Person
RIV001,MODEL PRIMARY HEALTH CENTRE PORT HARCOURT,RIVERS,PORT HARCOURT,2024-02-29,2024,2,1,93.0,1.0,0.0,889,5,10.0,0,0,525.0,7,625.0,430.0,364.0,2024-03-13,Facility Focal Person
AKS009,PRIMARY HEALTH CENTRE IKOT EKPENE II,AKWA IBOM,IKOT EKPENE,2024-02-29,2024,2,1,82.0,3.0,2.0,224,0,25.0,0,0,163.0,2,158.0,109.0,100.0,2024-03-15,M&E Officer
RIV002,TEACHING HOSPITAL OBIO/AKPOR,RIVERS,OBIO/AKPOR,2024-02-29,2024,2,1,1554.0,40.0,28.0,4290,68,463.0,4,3,2727.0,52,3460.0,2096.0,1900.0,2024-03-13,Data Clerk
AKS007,TEACHING HOSPITAL IKONO,AKWA IBOM,IKONO,2023-06-30,2023,6,2,1340.0,20.0,,5976,93,257.0,4,3,5053.0,103,5095.0,4501.0,4226.0,2023-07-15,Data Clerk
FCT014,GENERAL HOSPITAL KUJE II,FCT,KUJE,2023-04-30,2023,4,2,1157.0,43.0,35.0,2502,23,156.0,4,3,1971.0,38,2097.0,1299.0,1228.0,2023-05-21,Facility Focal Person
RIV011,MODEL PRIMARY HEALTH CENTRE DEGEMA II,RIVERS,DEGEMA,2024-08-31,2024,8,3,391.0,11.0,9.0,948,17,93.0,2,1,891.0,15,859.0,711.0,645.0,2024-09-11,Facility Focal Person
NAS003,COTTAGE HOSPITAL KEFFI,NASARAWA,KEFFI,2022-08-31,2022,8,3,295.0,4.0,3.0,1829,25,36.0,0,0,1505.0,30,1265.0,1138.0,1043.0,2022-09-18,Data Clerk
NAS003,COTTAGE HOSPITAL KEFFI,NASARAWA,KEFFI,2023-11-30,2023,11,4,317.0,2.0,1.0,,3,39.0,0,0,898.0,10,1188.0,,722.0,2023-12-16,Data Clerk
FCT006,MISSION HOSPITAL AMAC II,FCT,AMAC,2023-11-30,2023,11,4,941.0,28.0,24.0,2194,18,129.0,0,0,1847.0,42,1863.0,1347.0,1232.0,2023-12-11,M&E Officer
AKS004,COMPREHENSIVE HEALTH CENTRE ETINAN,AKWA IBOM,ETINAN,2022-04-30,2022,4,2,206.0,7.0,6.0,993,18,38.0,2,1,702.0,11,823.0,463.0,396.0,2022-05-21,M&E Officer
KAD004,SPECIALIST HOSPITAL SABON GARI,KADUNA,SABON GARI,2022-04-30,2022,4,2,2917.0,132.0,114.0,3729,23,449.0,19,15,3109.0,61,2824.0,2551.0,2461.0,2022-05-16,M&E Officer
BEN001,MISSION HOSPITAL MAKURDI,BENUE,MAKURDI,2022-10-31,2022,10,4,860.0,,3.0,2004,19,96.0,1,0,1592.0,33,1453.0,1064.0,1033.0,2022-11-16,M&E Officer
CRS002,COMPREHENSIVE HEALTH CENTRE IKOM,CROSS RIVER,IKOM,2023-06-30,2023,6,2,193.0,10.0,8.0,218,0,30.0,0,0,139.0,2,184.0,112.0,103.0,2023-07-15,M&E Officer
KAD005,COTTAGE HOSPITAL CHIKUN,KADUNA,CHIKUN,2022-11-30,2022,11,4,438.0,5.0,4.0,300,1,61.0,0,0,247.0,4,252.0,231.0,209.0,2022-12-13,Data Clerk
AKS007,TEACHING HOSPITAL IKONO,AKWA IBOM,IKONO,2023-03-31,2023,3,1,983.0,10.0,9.0,6179,47,204.0,0,0,4377.0,82,4226.0,3576.0,3147.0,2023-04-18,Facility Focal Person
LAG007,PRIMARY HEALTH CENTRE IKORODU II,LAGOS,IKORODU,2022-01-31,2022,1,1,352.0,14.0,12.0,400,7,103.0,2,1,378.0,1,306.0,196.0,186.0,2022-02-11,M&E Officer
LAG014,COTTAGE HOSPITAL LAGOS ISLAND II,LAGOS,LAGOS ISLAND,2024-11-30,2024,11,4,652.0,12.0,9.0,1596,9,78.0,0,0,1064.0,18,1409.0,1281.0,1151.0,2024-12-13,M&E Officer
LAG011,COTTAGE HOSPITAL AGEGE II,LAGOS,AGEGE,2022-03-31,2022,3,1,600.0,9.0,6.0,1850,8,73.0,1,0,1327.0,26,1689.0,1043.0,1019.0,2022-04-16,Facility Focal Person
AKS014,PRIMARY HEALTH CENTRE IKONO II,AKWA IBOM,IKONO,2022-05-31,2022,5,2,245.0,12.0,10.0,599,8,32.0,0,0,336.0,7,434.0,307.0,291.0,2022-06-15,Data Clerk
LAG009,MISSION HOSPITAL BADAGRY II,LAGOS,BADAGRY,2023-09-30,2023,9,3,402.0,,8.0,2441,18,45.0,1,0,1957.0,37,1723.0,1533.0,1455.0,2023-10-11,Data Clerk
FCT014,GENERAL HOSPITAL KUJE II,FCT,KUJE,2024-09-30,2024,9,3,1307.0,48.0,40.0,2541,26,,3,2,1996.0,32,2273.0,1353.0,1292.0,2024-11-15,Facility Focal Person
FCT015,COMPREHENSIVE HEALTH CENTRE ABAJI II,FCT,ABAJI,2024-05-31,2024,5,2,152.0,10.0,9.0,752,2,16.0,0,0,653.0,13,653.0,618.0,541.0,2024-06-18,Data Clerk
CRS004,COMPREHENSIVE HEALTH CENTRE OBUDU,CROSS RIVER,OBUDU,2024-08-31,2024,8,3,235.0,7.0,5.0,460,1,31.0,0,0,332.0,7,386.0,286.0,243.0,2024-08-11,Data Clerk
BEN002,SPECIALIST HOSPITAL GBOKO,BENUE,GBOKO,2022-12-31,2022,12,4,2205.0,25.0,22.0,4711,82,510.0,4,3,2615.0,44,3299.0,2937.0,2760.0,2023-01-29,M&E Officer
CRS001,MODEL PRIMARY HEALTH CENTRE CALABAR MUNICIPAL,CROSS RIVER,CALABAR MUNICIPAL,2023-06-30,2023,6,2,284.0,11.0,9.0,673,2,44.0,0,0,584.0,8,523.0,374.0,347.0,2023-08-15,Data Clerk
NAS008,COMPREHENSIVE HEALTH CENTRE KEFFI II,NASARAWA,KEFFI,2022-12-31,2022,12,4,60.0,0.0,0.0,903,5,12.0,1,0,614.0,10,698.0,568.0,549.0,2023-01-13,Facility Focal Person
FCT002,GENERAL HOSPITAL BWARI,FCT,BWARI,2022-04-30,2022,4,2,85.0,1.0,0.0,639,10,27.0,1,0,432.0,5,471.0,313.0,293.0,2022-05-13,Data Clerk
CRS012,MODEL PRIMARY HEALTH CENTRE IKOM II,CROSS RIVER,IKOM,2023-07-31,2023,7,3,467.0,8.0,6.0,790,15,138.0,3,2,582.0,7,572.0,408.0,348.0,2023-08-29,Data Clerk
NAS004,COTTAGE HOSPITAL AKWANGA,NASARAWA,AKWANGA,2023-05-31,2023,5,2,404.0,7.0,6.0,478,4,105.0,0,0,278.0,5,336.0,268.0,228.0,2023-07-16,M&E Officer
FCT001,MISSION HOSPITAL AMAC,FCT,AMAC,2022-09-01,2022,9,3,756.0,9.0,8.0,1329,9,145.0,0,0,828.0,13,1205.0,1032.0,996.0,2022-10-21,Facility Focal Person
NAS004,COTTAGE HOSPITAL AKWANGA,NASARAWA,AKWANGA,2022-12-31,2022,12,4,249.0,4.0,3.0,459,1,63.0,3,2,340.0,2,425.0,301.0,266.0,2023-01-13,Facility Focal Person
AKS011,COMPREHENSIVE HEALTH CENTRE ETINAN II,AKWA IBOM,ETINAN,2022-02-28,2022,2,1,82.0,4.0,3.0,284,1,20.0,0,0,239.0,4,222.0,154.0,128.0,2022-03-15,Data Clerk
AKS004,COMPREHENSIVE HEALTH CENTRE ETINAN,AKWA IBOM,ETINAN,2024-04-01,2024,4,2,264.0,8.0,6.0,950,2,47.0,4,3,826.0,18,662.0,562.0,523.0,2024-05-11,M&E Officer
BEN002,SPECIALIST HOSPITAL GBOKO,BENUE,GBOKO,2023-07-31,2023,7,3,2673.0,2720.0,35.0,4543,9,381.0,3,2,2814.0,45,3162.0,2232.0,1934.0,2023-08-21,M&E Officer
FCT008,TEACHING HOSPITAL GWAGWALADA II,FCT,GWAGWALADA,2023-07-31,2023,7,3,797.0,37.0,26.0,5010,30,118.0,3,2,3386.0,54,3596.0,2790.0,2435.0,2023-08-21,Data Clerk
BEN002,SPECIALIST HOSPITAL GBOKO,BENUE,GBOKO,2024-12-31,2024,12,4,2367.0,50.0,35.0,4413,20,722.0,8,7,3929.0,74,3521.0,1945.0,1716.0,2025-01-13,M&E Officer
CRS003,SPECIALIST HOSPITAL OGOJA,CROSS RIVER,OGOJA,2023-12-31,2023,12,4,1593.0,70.0,56.0,5221,71,341.0,5,4,4201.0,94,3652.0,2326.0,2272.0,2024-01-24,M&E Officer
CRS015,MODEL PRIMARY HEALTH CENTRE AKAMKPA II,CROSS RIVER,AKAMKPA,2023-04-30,2023,4,2,67.0,2.0,1.0,547,2,18.0,0,0,345.0,4,493.0,,334.0,2023-05-16,Facility Focal Person
KAD007,MODEL PRIMARY HEALTH CENTRE KADUNA SOUTH II,KADUNA,KADUNA SOUTH,2024-07-31,2024,7,3,293.0,10.0,7.0,,4,63.0,2,1,998.0,17,819.0,454.0,399.0,2024-08-15,M&E Officer
RIV015,SPECIALIST HOSPITAL KHANA II,RIVERS,KHANA,2022-10-31,2022,10,4,379.0,14.0,12.0,2409,18,78.0,2,1,1584.0,32,2132.0,1710.0,1562.0,2022-11-16,M&E Officer
NAS006,PRIMARY HEALTH CENTRE LAFIA II,NASARAWA,LAFIA,2023-05-31,2023,5,2,222.0,8.0,6.0,964,3,30.0,0,0,571.0,11,660.0,398.0,334.0,2023-06-15,Data Clerk
AKS001,COMPREHENSIVE HEALTH CENTRE UYO,AKWA IBOM,UYO,2023-11-30,2023,11,4,471.0,2.0,1.0,320,2,140.0,2,1,293.0,5,260.0,150.0,133.0,2023-12-18,Data Clerk
KAD007,MODEL PRIMARY HEALTH CENTRE KADUNA SOUTH II,KADUNA,KADUNA SOUTH,2024-01-31,2024,1,1,214.0,11.0,10.0,1112,10,21.0,2,1,664.0,15,824.0,575.0,510.0,2024-02-21,Facility Focal Person
LAG002,SPECIALIST HOSPITAL LAGOS ISLAND,LAGOS,LAGOS ISLAND,2022-02-01,2022,2,1,1505.0,61.0,51.0,5517,72,447.0,16,15,4136.0,73,5011.0,4673.0,4223.0,2022-03-29,M&E Officer
LAG012,PRIMARY HEALTH CENTRE ALIMOSHO II,LAGOS,ALIMOSHO,2022-05-31,2022,5,2,249.0,282.0,11.0,613,4,29.0,3,2,356.0,5,493.0,303.0,277.0,2022-06-16,Facility Focal Person
FCT010,MODEL PRIMARY HEALTH CENTRE ABAJI II,FCT,ABAJI,2024-06-30,2024,6,2,696.0,27.0,23.0,482,1,188.0,5,4,437.0,14,412.0,,257.0,2024-07-16,M&E Officer
RIV005,MISSION HOSPITAL DEGEMA,RIVERS,DEGEMA,2022-12-01,2022,12,4,147.0,3.0,2.0,1466,10,43.0,0,0,978.0,18,1247.0,729.0,604.0,2023-01-29,M&E Officer
CRS014,COMPREHENSIVE HEALTH CENTRE OBUDU II,CROSS RIVER,OBUDU,2022-09-30,2022,9,3,322.0,5.0,4.0,106,1,46.0,0,0,71.0,0,73.0,68.0,58.0,2022-10-29,Facility Focal Person
NAS009,COTTAGE HOSPITAL AKWANGA II,NASARAWA,AKWANGA,2023-09-30,2023,9,3,1276.0,9.0,7.0,486,8,192.0,1,0,337.0,2,423.0,245.0,212.0,2023-10-13,Facility Focal Person
AKS012,COTTAGE HOSPITAL ORON II,AKWA IBOM,ORON,2024-01-31,2024,1,1,950.0,52.0,42.0,1088,17,98.0,2,1,773.0,15,926.0,940.0,630.0,2024-02-16,M&E Officer
FCT008,TEACHING HOSPITAL GWAGWALADA II,FCT,GWAGWALADA,2022-02-28,2022,2,1,762.0,32.0,31.0,5528,42,156.0,1,0,4349.0,70,3953.0,3412.0,2881.0,2022-03-11,M&E Officer
FCT015,COMPREHENSIVE HEALTH CENTRE ABAJI II,FCT,ABAJI,2023-09-30,2023,9,3,114.0,5.0,3.0,766,6,24.0,1,0,717.0,11,639.0,430.0,393.0,2023-10-13,Data Clerk
AKS013,MODEL PRIMARY HEALTH CENTRE ABAK II,AKWA IBOM,ABAK,2024-05-31,2024,5,2,304.0,15.0,12.0,658,3,91.0,0,0,539.0,13,465.0,,290.0,2024-06-11,M&E Officer
RIV015,SPECIALIST HOSPITAL KHANA II,RIVERS,KHANA,2023-12-31,2023,12,4,388.0,,20.0,2309,20,84.0,1,0,2090.0,35,2020.0,1882.0,1744.0,2024-01-29,M&E Officer
AKS003,MODEL PRIMARY HEALTH CENTRE EKET,AKWA IBOM,EKET,2023-04-01,2023,4,2,724.0,28.0,19.0,275,3,114.0,1,0,163.0,5,249.0,159.0,151.0,2023-05-11,Facility Focal Person
KAD015,GENERAL HOSPITAL CHIKUN II,KADUNA,CHIKUN,2023-01-31,2023,1,1,325.0,8.0,5.0,1760,19,43.0,0,0,1490.0,19,1362.0,828.0,729.0,2023-02-15,M&E Officer
LAG013,SPECIALIST HOSPITAL IKORODU II,LAGOS,IKORODU,2024-07-31,2024,7,3,2274.0,108.0,101.0,6259,87,615.0,11,10,4785.0,77,5004.0,4012.0,3666.0,2024-08-15,Data Clerk
NAS012,MISSION HOSPITAL KARU II,NASARAWA,KARU,2023-09-30,2023,9,3,1093.0,25.0,19.0,1351,13,255.0,2,1,1016.0,33,1151.0,,929.0,2023-10-18,M&E Officer
FCT001,MISSION HOSPITAL AMAC,FCT,AMAC,2024-06-30,2024,6,2,888.0,7.0,-33.0,1177,5,270.0,4,3,1025.0,23,848.0,708.0,624.0,2024-07-13,M&E Officer
TMP001,PRIMARY HEALTH CENTRE UYO II,AKWA IBOM,UYO,2024-07-31,2024,7,3,113.0,2.0,1.0,92,0,34.0,1,0,71.0,0,70.0,58.0,50.0,2024-08-11,M&E Officer
NAS007,GENERAL HOSPITAL KARU II,NASARAWA,KARU,2023-02-28,2023,2,1,516.0,3.0,2.0,2333,46,140.0,0,0,1656.0,26,1702.0,1220.0,1001.0,2023-03-13,M&E Officer
LAG008,COTTAGE HOSPITAL LAGOS ISLAND II,LAGOS,LAGOS ISLAND,2024-11-30,2024,11,4,139.0,2.0,1.0,712,5,42.0,0,0,636.0,15,489.0,359.0,338.0,2024-12-13,Data Clerk
NAS001,MODEL PRIMARY HEALTH CENTRE LAFIA,NASARAWA,LAFIA,2024-11-30,2024,11,4,175.0,226.0,0.0,382,7,30.0,0,0,233.0,7,352.0,317.0,301.0,2024-12-15,M&E Officer
RIV001,MODEL PRIMARY HEALTH CENTRE PORT HARCOURT,RIVERS,PORT HARCOURT,2022-01-31,2022,1,1,57.0,0.0,0.0,1190,20,7.0,0,0,891.0,8,843.0,538.0,525.0,2022-02-13,M&E Officer
LAG008,COTTAGE HOSPITAL LAGOS ISLAND II,LAGOS,LAGOS ISLAND,2023-01-31,2023,1,1,88.0,3.0,2.0,824,12,27.0,0,0,475.0,9,567.0,452.0,372.0,2023-02-13,Facility Focal Person
CRS010,COMPREHENSIVE HEALTH CENTRE AKAMKPA II,CROSS RIVER,AKAMKPA,2022-05-31,2022,5,2,54.0,0.0,0.0,430,6,16.0,0,0,373.0,4,327.0,298.0,273.0,2022-06-13,M&E Officer
FCT001,MISSION HOSPITAL AMAC,FCT,AMAC,2024-10-31,2024,10,4,1037.0,8.0,7.0,1164,12,307.0,1,0,857.0,19,975.0,756.0,714.0,2024-11-21,M&E Officer
RIV009,MISSION HOSPITAL KHANA II,RIVERS,KHANA,2024-08-31,2024,8,3,592.0,8.0,5.0,768,2,133.0,0,0,492.0,8,569.0,474.0,408.0,2024-09-16,M&E Officer
AKS015,MISSION HOSPITAL UYO II,AKWA IBOM,UYO,2024-06-30,2024,6,2,795.0,28.0,24.0,2417,33,225.0,5,4,1778.0,37,1902.0,1070.0,1014.0,2024-07-11,Facility Focal Person
BEN009,PRIMARY HEALTH CENTRE OTUKPO II,BENUE,OTUKPO,2022-05-31,2022,5,2,260.0,7.0,5.0,479,6,72.0,1,0,367.0,7,391.0,338.0,313.0,2022-06-18,Data Clerk
NAS004,COTTAGE HOSPITAL AKWANGA,NASARAWA,AKWANGA,2022-03-31,2022,3,1,228.0,9.0,6.0,423,3,33.0,0,0,381.0,7,314.0,174.0,168.0,2022-04-11,M&E Officer
NAS005,MISSION HOSPITAL NASARAWA,NASARAWA,NASARAWA,2024-02-29,2024,2,1,1411.0,37.0,34.0,657,4,373.0,8,7,404.0,4,489.0,353.0,341.0,2024-03-13,Facility Focal Person
RIV002,TEACHING HOSPITAL OBIO/AKPOR,RIVERS,OBIO/AKPOR,2023-10-31,2023,10,4,1553.0,24.0,19.0,4484,33,365.0,5,4,4177.0,67,3111.0,2721.0,2524.0,2023-11-13,Data Clerk
NAS013,GENERAL HOSPITAL KEFFI II,NASARAWA,KEFFI,2023-11-30,2023,11,4,518.0,15.0,,1640,16,134.0,2,1,1481.0,35,,747.0,696.0,2023-12-15,Facility Focal Person
NAS001,MODEL PRIMARY HEALTH CENTRE LAFIA,NASARAWA,LAFIA,2023-06-30,2023,6,2,231.0,3.0,2.0,440,6,54.0,1,0,356.0,4,355.0,264.0,221.0,2023-07-29,Data Clerk
KAD013,SPECIALIST HOSPITAL ZARIA II,KADUNA,ZARIA,2023-06-30,2023,6,2,2537.0,123.0,93.0,2415,14,463.0,14,12,1977.0,42,2121.0,1652.0,1598.0,2023-07-21,M&E Officer
CRS004,COMPREHENSIVE HEALTH CENTRE OBUDU,CROSS RIVER,OBUDU,2022-12-01,2022,12,4,161.0,1.0,0.0,456,6,38.0,0,0,428.0,6,314.0,294.0,247.0,2023-01-13,Data Clerk
RIV004,MODEL PRIMARY HEALTH CENTRE AHOADA EAST,RIVERS,AHOADA EAST,2023-03-31,2023,3,1,480.0,8.0,5.0,854,4,128.0,5,4,718.0,13,772.0,481.0,448.0,2023-04-15,Facility Focal Person
FCT013,COTTAGE HOSPITAL GWAGWALADA II,FCT,GWAGWALADA,2023-11-30,2023,11,4,860.0,6.0,5.0,1291,14,188.0,0,0,815.0,15,1170.0,965.0,798.0,2023-12-25,Facility Focal Person
LAG014,COTTAGE HOSPITAL LAGOS ISLAND II,LAGOS,LAGOS ISLAND,2023-09-30,2023,9,3,598.0,11.0,7.0,1771,27,84.0,0,0,1502.0,27,1457.0,1241.0,1174.0,2023-10-21,Facility Focal Person
NAS006,PRIMARY HEALTH CENTRE LAFIA II,NASARAWA,LAFIA,2023-06-30,2023,6,2,327.0,11.0,10.0,972,2,100.0,2,1,610.0,16,858.0,569.0,482.0,2023-07-13,M&E Officer
NAS012,MISSION HOSPITAL KARU II,NASARAWA,KARU,2022-02-28,2022,2,1,876.0,27.0,25.0,1357,9,226.0,4,3,1102.0,15,1253.0,890.0,744.0,2022-03-18,Facility Focal Person
FCT006,MISSION HOSPITAL AMAC II,FCT,AMAC,2024-05-31,2024,5,2,927.0,32.0,27.0,2154,26,252.0,4,3,1898.0,41,1757.0,1392.0,1335.0,2024-06-29,M&E Officer
KAD004,SPECIALIST HOSPITAL SABON GARI,KADUNA,SABON GARI,2024-02-29,2024,2,1,2639.0,105.0,102.0,4937,71,384.0,9,7,2993.0,64,3772.0,2164.0,2110.0,2024-03-13,Data Clerk
FCT007,SPECIALIST HOSPITAL BWARI II,FCT,BWARI,2023-11-30,2023,11,4,2082.0,39.0,37.0,4270,85,606.0,4,3,3096.0,66,3402.0,1904.0,1687.0,2023-12-18,Facility Focal Person
BEN010,MODEL PRIMARY HEALTH CENTRE OKPOKWU II,BENUE,OKPOKWU,2023-09-30,2023,9,3,399.0,2.0,1.0,734,11,80.0,2,1,452.0,10,673.0,383.0,374.0,2023-10-15,Data Clerk
LAG008,COTTAGE HOSPITAL LAGOS ISLAND II,LAGOS,LAGOS ISLAND,2023-06-30,2023,6,2,129.0,1.0,0.0,790,15,39.0,0,0,648.0,13,656.0,611.0,562.0,2023-07-13,Facility Focal Person
BEN014,COMPREHENSIVE HEALTH CENTRE GBOKO II,BENUE,GBOKO,2022-10-31,2022,10,4,387.0,3.0,2.0,859,13,90.0,2,1,616.0,19,667.0,608.0,580.0,2022-11-13,M&E Officer
RIV012,PRIMARY HEALTH CENTRE ELEME II,RIVERS,ELEME,2022-07-31,2022,7,3,658.0,27.0,20.0,874,8,206.0,4,3,824.0,14,773.0,657.0,551.0,2022-08-13,Facility Focal Person
FCT015,COMPREHENSIVE HEALTH CENTRE ABAJI II,FCT,ABAJI,2024-06-30,2024,6,2,123.0,5.0,3.0,749,6,23.0,0,0,509.0,8,652.0,594.0,568.0,2024-08-15,Facility Focal Person
RIV007,PRIMARY HEALTH CENTRE PORT HARCOURT II,RIVERS,PORT HARCOURT,2023-12-31,2023,12,4,368.0,1.0,0.0,642,3,81.0,1,0,500.0,13,443.0,333.0,300.0,2024-01-15,Data Clerk
LAG012,PRIMARY HEALTH CENTRE ALIMOSHO II,LAGOS,ALIMOSHO,2022-08-31,2022,8,3,227.0,6.0,4.0,622,10,42.0,2,1,499.0,13,485.0,279.0,250.0,2022-10-16,Facility Focal Person
FCT014,GENERAL HOSPITAL KUJE II,FCT,KUJE,2023-08-31,2023,8,3,1131.0,53.0,39.0,2517,35,199.0,3,2,2233.0,22,1901.0,1776.0,1643.0,2023-09-13,Facility Focal Person
CRS008,COTTAGE HOSPITAL OGOJA II,CROSS RIVER,OGOJA,2022-09-01,2022,9,3,348.0,16.0,15.0,2338,43,49.0,0,0,1975.0,32,2142.0,1243.0,1126.0,2022-10-15,Facility Focal Person
FCT015,COMPREHENSIVE HEALTH CENTRE ABAJI II,FCT,ABAJI,2023-12-31,2023,12,4,81.0,2.0,1.0,756,6,23.0,0,0,417.0,7,695.0,586.0,544.0,2024-01-16,M&E Officer
LAG099,COTTAGE HOSPITAL CHIKUN II,KADUNA,CHIKUN,2023-03-31,2023,3,1,321.0,12.0,8.0,959,5,47.0,0,0,689.0,13,735.0,458.0,424.0,2023-04-18,Facility Focal Person
AKS004,COMPREHENSIVE HEALTH CENTRE ETINAN,AKWA IBOM,ETINAN,2023-02-28,2023,2,1,233.0,13.0,10.0,965,8,53.0,0,0,542.0,8,744.0,589.0,483.0,2023-03-15,Data Clerk
RIV010,TEACHING HOSPITAL AHOADA EAST II,RIVERS,AHOADA EAST,2023-12-31,2023,12,4,652.0,24.0,20.0,3035,46,160.0,1,0,2851.0,38,2790.0,2240.0,1999.0,2024-01-13,M&E Officer
NAS004,COTTAGE HOSPITAL AKWANGA,NASARAWA,AKWANGA,2024-11-30,2024,11,4,390.0,25.0,19.0,615,9,107.0,1,0,369.0,8,475.0,337.0,312.0,2024-12-13,Data Clerk
RIV005,MISSION HOSPITAL DEGEMA,RIVERS,DEGEMA,2022-02-28,2022,2,1,141.0,4.0,3.0,1543,15,26.0,1,0,1438.0,29,1402.0,1184.0,1126.0,2022-03-15,Data Clerk
CRS014,COMPREHENSIVE HEALTH CENTRE OBUDU II,CROSS RIVER,OBUDU,2023-11-30,2023,11,4,361.0,7.0,5.0,164,1,48.0,1,0,106.0,4,148.0,100.0,94.0,2023-12-29,Facility Focal Person
LAG008,COTTAGE HOSPITAL LAGOS ISLAND II,LAGOS,LAGOS ISLAND,2022-06-30,2022,6,2,118.0,2.0,1.0,871,2,16.0,0,0,532.0,12,690.0,381.0,339.0,2022-07-29,Facility Focal Person
FCT008,TEACHING HOSPITAL GWAGWALADA II,FCT,GWAGWALADA,2022-04-30,2022,4,2,676.0,29.0,24.0,5443,57,77.0,2,1,3662.0,84,4424.0,3873.0,3585.0,2022-05-11,Facility Focal Person
FCT013,COTTAGE HOSPITAL GWAGWALADA II,FCT,GWAGWALADA,2024-03-31,2024,3,1,987.0,16.0,12.0,1259,17,261.0,1,0,901.0,12,1152.0,997.0,827.0,2024-04-21,M&E Officer
AKS012,COTTAGE HOSPITAL ORON II,AKWA IBOM,ORON,2023-06-30,2023,6,2,996.0,51.0,48.0,897,12,101.0,5,4,532.0,9,646.0,395.0,346.0,2023-07-21,Facility Focal Person
RIV007,PRIMARY HEALTH CENTRE PORT HARCOURT II,RIVERS,PORT HARCOURT,2024-10-31,2024,10,4,522.0,5.0,4.0,595,1,88.0,0,0,381.0,3,536.0,377.0,312.0,2024-11-16,M&E Officer
NAS007,GENERAL HOSPITAL KARU II,NASARAWA,KARU,2022-03-31,2022,3,1,701.0,4.0,3.0,2666,45,,2,1,2185.0,35,2088.0,1410.0,1336.0,2022-05-16,Data Clerk
BEN009,PRIMARY HEALTH CENTRE OTUKPO II,BENUE,OTUKPO,2023-08-31,2023,8,3,229.0,6.0,4.0,453,4,51.0,0,0,335.0,6,346.0,280.0,251.0,2023-09-11,M&E Officer
LAG013,SPECIALIST HOSPITAL IKORODU II,LAGOS,IKORODU,2022-12-31,2022,12,4,1966.0,93.0,83.0,6119,26,343.0,12,10,5521.0,105,4885.0,3821.0,3575.0,2023-01-16,Facility Focal Person
LAG014,COTTAGE HOSPITAL LAGOS ISLAND II,LAGOS,LAGOS ISLAND,2022-10-31,2022,10,4,622.0,5.0,4.0,1904,23,72.0,0,0,1089.0,18,1696.0,1359.0,1273.0,2022-11-18,M&E Officer
LAG007,PRIMARY HEALTH CENTRE IKORODU II,LAGOS,IKORODU,2023-07-31,2023,7,3,517.0,22.0,19.0,512,1,157.0,0,0,412.0,7,375.0,327.0,312.0,2023-08-13,M&E Officer
CRS012,MODEL PRIMARY HEALTH CENTRE IKOM II,CROSS RIVER,IKOM,2024-10-31,2024,10,4,463.0,5.0,4.0,748,10,125.0,1,0,664.0,8,557.0,486.0,410.0,2024-11-13,Facility Focal Person
LAG003,TEACHING HOSPITAL BADAGRY,LAGOS,BADAGRY,2022-01-31,2022,1,1,2492.0,115.0,110.0,6069,48,347.0,11,10,3708.0,64,4826.0,3493.0,2925.0,2022-02-21,M&E Officer
NAS012,MISSION HOSPITAL KARU II,NASARAWA,KARU,2023-12-31,2023,12,4,732.0,20.0,16.0,1355,16,117.0,2,1,1283.0,27,1102.0,688.0,635.0,2024-01-11,M&E Officer
BEN010,MODEL PRIMARY HEALTH CENTRE OKPOKWU II,BENUE,OKPOKWU,2024-02-29,2024,2,1,324.0,334.0,4.0,722,13,38.0,0,0,482.0,5,616.0,572.0,531.0,2024-03-15,M&E Officer
FCT012,MISSION HOSPITAL BWARI II,FCT,BWARI,2022-04-01,2022,4,2,911.0,31.0,28.0,2652,52,213.0,3,2,1963.0,28,2415.0,1989.0,1674.0,2022-05-13,Facility Focal Person
AKS008,PRIMARY HEALTH CENTRE UYO II,AKWA IBOM,UYO,2023-09-01,2023,9,3,115.0,2.0,1.0,86,1,16.0,0,0,47.0,2,78.0,52.0,49.0,2023-10-16,Data Clerk
RIV007,PRIMARY HEALTH CENTRE PORT HARCOURT II,RIVERS,PORT HARCOURT,2024-03-31,2024,3,1,542.0,5.0,3.0,622,9,81.0,0,0,417.0,9,531.0,445.0,430.0,2024-04-15,Facility Focal Person
AKS015,MISSION HOSPITAL UYO II,AKWA IBOM,UYO,2023-06-30,2023,6,2,947.0,51.0,47.0,2456,46,103.0,0,0,2072.0,37,1937.0,1116.0,1072.0,2023-07-15,Data Clerk
AKS015,MISSION HOSPITAL UYO II,AKWA IBOM,UYO,2023-07-31,2023,7,3,685.0,31.0,22.0,2447,31,215.0,5,3,1991.0,28,1944.0,1559.0,1374.0,2023-08-15,Data Clerk
FCT002,GENERAL HOSPITAL BWARI,FCT,BWARI,2024-07-31,2024,7,3,123.0,3.0,2.0,565,5,20.0,2,1,447.0,2,444.0,364.0,350.0,2024-09-15,Facility Focal Person
FCT008,TEACHING HOSPITAL GWAGWALADA II,FCT,GWAGWALADA,2022-01-01,2022,1,1,740.0,36.0,27.0,5539,58,141.0,3,2,4625.0,95,5059.0,4571.0,4083.0,2022-02-15,Facility Focal Person
LAG008,COTTAGE HOSPITAL LAGOS ISLAND II,LAGOS,LAGOS ISLAND,2022-07-31,2022,7,3,150.0,5.0,4.0,859,16,42.0,0,0,610.0,10,634.0,475.0,437.0,2022-08-15,Data Clerk
KAD011,PRIMARY HEALTH CENTRE KADUNA NORTH II,KADUNA,KADUNA NORTH,2024-12-31,2024,12,4,269.0,8.0,5.0,589,8,49.0,1,0,378.0,5,522.0,447.0,389.0,2025-01-11,Data Clerk
AKS010,GENERAL HOSPITAL EKET II,AKWA IBOM,EKET,2024-03-31,2024,3,1,674.0,17.0,15.0,1600,22,100.0,1,0,1120.0,16,1192.0,699.0,665.0,2024-04-15,Data Clerk
CRS005,TEACHING HOSPITAL AKAMKPA,CROSS RIVER,AKAMKPA,2023-02-01,2023,2,1,749.0,19.0,17.0,4340,23,210.0,5,3,3895.0,69,,2092.0,1848.0,2023-03-16,Facility Focal Person
CRS011,COMPREHENSIVE HEALTH CENTRE CALABAR MUNICIPAL II,CROSS RIVER,CALABAR MUNICIPAL,2024-10-31,2024,10,4,353.0,6.0,4.0,501,6,111.0,0,0,374.0,9,460.0,385.0,324.0,2024-11-18,Facility Focal Person
CRS014,COMPREHENSIVE HEALTH CENTRE OBUDU II,CROSS RIVER,OBUDU,2022-11-30,2022,11,4,247.0,6.0,5.0,117,0,49.0,0,0,90.0,4,88.0,59.0,52.0,2022-12-16,M&E Officer
FCT002,GENERAL HOSPITAL BWARI,FCT,BWARI,2023-08-01,2023,8,3,141.0,4.0,2.0,586,1,41.0,0,0,502.0,6,422.0,337.0,282.0,2023-09-13,Facility Focal Person
BEN013,MODEL PRIMARY HEALTH CENTRE MAKURDI II,BENUE,MAKURDI,2022-04-30,2022,4,2,605.0,36.0,29.0,329,4,173.0,7,6,213.0,7,229.0,131.0,122.0,2022-05-16,M&E Officer
LAG008,COTTAGE HOSPITAL LAGOS ISLAND II,LAGOS,LAGOS ISLAND,2023-03-31,2023,3,1,138.0,2.0,1.0,812,13,30.0,1,0,511.0,8,579.0,367.0,346.0,2023-04-13,Facility Focal Person
RIV004,MODEL PRIMARY HEALTH CENTRE AHOADA EAST,RIVERS,AHOADA EAST,2022-04-30,2022,4,2,,10.0,9.0,876,11,36.0,1,0,761.0,16,665.0,472.0,456.0,2022-05-11,Facility Focal Person
NAS001,MODEL PRIMARY HEALTH CENTRE LAFIA,NASARAWA,LAFIA,2023-03-31,2023,3,1,175.0,0.0,0.0,454,6,29.0,0,0,411.0,7,374.0,338.0,316.0,2023-04-16,Data Clerk
KAD009,MODEL PRIMARY HEALTH CENTRE SABON GARI II,KADUNA,SABON GARI,2023-12-31,2023,12,4,3670.0,18.0,17.0,893,15,82.0,1,0,702.0,10,702.0,412.0,367.0,2024-01-18,Facility Focal Person
FCT008,TEACHING HOSPITAL GWAGWALADA II,FCT,GWAGWALADA,2022-07-31,2022,7,3,800.0,47.0,44.0,5337,80,217.0,5,4,4131.0,66,4010.0,2752.0,2449.0,2022-08-11,Data Clerk
AKS011,COMPREHENSIVE HEALTH CENTRE ETINAN II,AKWA IBOM,ETINAN,2022-10-31,2022,10,4,112.0,6.0,5.0,302,1,29.0,0,0,197.0,8,218.0,159.0,137.0,2022-11-18,M&E Officer
NAS014,TEACHING HOSPITAL AKWANGA II,NASARAWA,AKWANGA,2023-09-30,2023,9,3,,,55.0,,51,505.0,5,4,3968.0,68,3801.0,2260.0,2033.0,2023-10-18,Facility Focal Person
FCT009,MODEL PRIMARY HEALTH CENTRE KUJE II,FCT,KUJE,2024-06-30,2024,6,2,222.0,9.0,7.0,481,4,49.0,1,0,297.0,2,375.0,277.0,237.0,2024-07-18,Data Clerk
AKS004,COMPREHENSIVE HEALTH CENTRE ETINAN,AKWA IBOM,ETINAN,2022-11-30,2022,11,4,141.0,5.0,4.0,969,13,25.0,0,0,835.0,10,794.0,620.0,574.0,2022-12-15,Data Clerk
KAD010,COTTAGE HOSPITAL CHIKUN II,KADUNA,CHIKUN,2023-01-31,2023,1,1,220.0,8.0,7.0,960,5,63.0,0,0,884.0,19,797.0,573.0,471.0,2023-02-11,Data Clerk
FCT006,MISSION HOSPITAL AMAC II,FCT,AMAC,2024-11-30,2024,11,4,1043.0,22.0,18.0,2117,25,299.0,9,8,1746.0,24,1749.0,1609.0,1331.0,2024-12-29,Data Clerk
AKS005,COMPREHENSIVE HEALTH CENTRE ORON,AKWA IBOM,ORON,2024-01-31,2024,1,1,108.0,0.0,0.0,1045,15,31.0,0,0,967.0,19,799.0,498.0,475.0,2024-02-11,M&E Officer
NAS014,TEACHING HOSPITAL AKWANGA II,NASARAWA,AKWANGA,2024-03-31,2024,3,1,2787.0,91.0,90.0,5032,32,537.0,9,8,2855.0,54,3485.0,2031.0,1792.0,2024-04-13,Facility Focal Person
BEN015,PRIMARY HEALTH CENTRE OTUKPO II,BENUE,OTUKPO,2024-10-31,2024,10,4,137.0,5.0,3.0,713,13,21.0,0,0,486.0,13,507.0,396.0,381.0,2024-11-11,Data Clerk
RIV009,MISSION HOSPITAL KHANA II,RIVERS,KHANA,2022-08-31,2022,8,3,470.0,8.0,7.0,841,8,115.0,0,0,727.0,7,670.0,491.0,439.0,2022-09-15,Facility Focal Person
BEN010,MODEL PRIMARY HEALTH CENTRE OKPOKWU II,BENUE,OKPOKWU,2022-06-30,2022,6,2,421.0,3.0,2.0,838,15,73.0,2,1,659.0,11,625.0,365.0,299.0,2022-07-21,Data Clerk
FCT004,MODEL PRIMARY HEALTH CENTRE KUJE,FCT,KUJE,2023-06-30,2023,6,2,389.0,18.0,15.0,,21,64.0,2,1,723.0,21,976.0,678.0,557.0,2023-07-15,M&E Officer
KAD014,GENERAL HOSPITAL SABON GARI II,KADUNA,SABON GARI,2022-04-30,2022,4,2,194.0,5.0,4.0,2795,14,30.0,0,0,2030.0,37,2118.0,1194.0,1148.0,2022-05-21,M&E Officer
RIV012,PRIMARY HEALTH CENTRE ELEME II,RIVERS,ELEME,2024-03-31,2024,3,1,686.0,20.0,19.0,1011,13,116.0,1,0,793.0,19,836.0,695.0,620.0,2024-04-13,Data Clerk
XXX999,PRIMARY HEALTH CENTRE ELEME II,RIVERS,ELEME,2022-10-31,2022,10,4,,10.0,8.0,901,3,113.0,3,2,817.0,15,744.0,514.0,465.0,2022-11-13,Data Clerk
AKS013,MODEL PRIMARY HEALTH CENTRE ABAK II,AKWA IBOM,ABAK,2024-07-31,2024,7,3,547.0,13.0,11.0,676,2,81.0,1,0,430.0,10,584.0,352.0,300.0,2024-08-18,Facility Focal Person
FCT005,PRIMARY HEALTH CENTRE ABAJI,FCT,ABAJI,2022-04-30,2022,4,2,517.0,15.0,13.0,483,2,156.0,5,4,388.0,10,440.0,400.0,344.0,2022-05-29,M&E Officer
AKS010,GENERAL HOSPITAL EKET II,AKWA IBOM,EKET,2022-05-31,2022,5,2,552.0,12.0,11.0,,15,90.0,131,1,1234.0,23,1263.0,1024.0,946.0,2022-06-16,Facility Focal Person
FCT007,SPECIALIST HOSPITAL BWARI II,FCT,BWARI,2024-07-31,2024,7,3,2335.0,56.0,45.0,4274,45,520.0,5,3,3195.0,50,3432.0,2849.0,2651.0,2024-08-29,M&E Officer
KAD001,MODEL PRIMARY HEALTH CENTRE KADUNA NORTH,KADUNA,KADUNA NORTH,2022-04-30,2022,4,2,184.0,9.0,8.0,793,7,44.0,1,0,589.0,3,655.0,562.0,522.0,2022-05-15,Data Clerk
FCT012,MISSION HOSPITAL BWARI II,FCT,BWARI,2024-04-30,2024,4,2,1038.0,42.0,,2885,40,302.0,4,3,1646.0,29,2108.0,1437.0,1342.0,2024-05-13,Facility Focal Person
FCT004,MODEL PRIMARY HEALTH CENTRE KUJE,FCT,KUJE,2022-03-31,2022,3,1,371.0,18.0,17.0,1353,9,114.0,5,4,,15,929.0,844.0,738.0,2022-04-21,Data Clerk
NAS011,MISSION HOSPITAL LAFIA II,NASARAWA,LAFIA,2022-01-31,2022,1,1,761.0,5.0,4.0,2849,24,116.0,1,0,1740.0,32,2183.0,1254.0,1220.0,2022-03-01,Facility Focal Person
BEN008,TEACHING HOSPITAL GBOKO II,BENUE,GBOKO,2024-09-01,2024,9,3,3255.0,84.0,76.0,,34,367.0,2,1,4267.0,69,5552.0,4126.0,3722.0,2024-10-13,M&E Officer
FCT003,SPECIALIST HOSPITAL GWAGWALADA,FCT,GWAGWALADA,2023-03-01,2023,3,1,485.0,10.0,9.0,5907,90,104.0,0,0,4423.0,88,5065.0,4163.0,3779.0,2023-04-18,Data Clerk
AKS011,COMPREHENSIVE HEALTH CENTRE ETINAN II,AKWA IBOM,ETINAN,2022-08-31,2022,8,3,94.0,6.0,5.0,296,0,29.0,1,0,197.0,4,,192.0,186.0,2022-09-16,M&E Officer
NAS010,TEACHING HOSPITAL NASARAWA II,NASARAWA,NASARAWA,2023-04-30,2023,4,2,2443.0,131.0,101.0,4833,60,580.0,19,18,4588.0,90,3505.0,3000.0,2601.0,2023-05-13,M&E Officer
FCT008,TEACHING HOSPITAL GWAGWALADA II,FCT,GWAGWALADA,2024-05-31,2024,5,2,955.0,47.0,36.0,4736,43,229.0,5,4,4167.0,82,4330.0,3903.0,3442.0,2024-06-21,M&E Officer
CRS005,TEACHING HOSPITAL AKAMKPA,CROSS RIVER,AKAMKPA,2022-08-31,2022,8,3,834.0,38.0,32.0,4524,85,158.0,3,2,4230.0,77,4054.0,2574.0,2307.0,2022-09-15,M&E Officer
CRS011,COMPREHENSIVE HEALTH CENTRE CALABAR MUNICIPAL II,CROSS RIVER,CALABAR MUNICIPAL,2022-10-31,2022,10,4,378.0,10.0,8.0,452,6,50.0,1,0,344.0,8,374.0,281.0,251.0,2022-11-11,Facility Focal Person
FCT002,GENERAL HOSPITAL BWARI,FCT,BWARI,2023-07-31,2023,7,3,137.0,1.0,0.0,585,6,42.0,1,0,417.0,13,416.0,385.0,359.0,2023-08-21,Facility Focal Person
KAD004,SPECIALIST HOSPITAL SABON GARI,KADUNA,SABON GARI,2023-02-28,2023,2,1,1836.0,108.0,106.0,4379,30,456.0,11,9,2596.0,44,3730.0,2941.0,2623.0,2023-03-13,M&E Officer
BEN009,PRIMARY HEALTH CENTRE OTUKPO II,BENUE,OTUKPO,2022-12-31,2022,12,4,216.0,4.0,3.0,471,7,67.0,0,0,297.0,3,355.0,200.0,182.0,2023-01-16,Facility Focal Person
FCT003,SPECIALIST HOSPITAL GWAGWALADA,FCT,GWAGWALADA,2024-09-30,2024,9,3,574.0,17.0,15.0,4923,99,152.0,1,0,3872.0,59,4154.0,3653.0,3225.0,2024-10-13,M&E Officer
RIV007,PRIMARY HEALTH CENTRE PORT HARCOURT II,RIVERS,PORT HARCOURT,2023-05-31,2023,5,2,575.0,7.0,6.0,657,7,135.0,1,0,456.0,6,554.0,391.0,344.0,2023-06-18,Data Clerk
BEN006,PRIMARY HEALTH CENTRE VANDEIKYA,BENUE,VANDEIKYA,2024-05-31,2024,5,2,276.0,9.0,8.0,351,5,82.0,3,2,208.0,3,301.0,185.0,180.0,2024-06-11,Facility Focal Person
KAD010,COTTAGE HOSPITAL CHIKUN II,KADUNA,CHIKUN,2022-05-31,2022,5,2,201.0,12.0,11.0,954,3,44.0,1,0,842.0,10,652.0,528.0,479.0,2022-06-16,Data Clerk
BEN013,MODEL PRIMARY HEALTH CENTRE MAKURDI II,BENUE,MAKURDI,2022-07-31,2022,7,3,565.0,31.0,27.0,398,2,177.0,5,3,289.0,4,326.0,224.0,190.0,2022-08-16,M&E Officer
NAS012,MISSION HOSPITAL KARU II,NASARAWA,KARU,2023-08-31,2023,8,3,1304.0,26.0,25.0,1345,6,343.0,5,4,954.0,20,977.0,602.0,534.0,2023-09-13,Facility Focal Person
NAS007,GENERAL HOSPITAL KARU II,NASARAWA,KARU,2023-12-01,2023,12,4,679.0,8.0,-34.0,2164,37,97.0,0,0,1547.0,24,1891.0,1532.0,1318.0,2024-01-21,Data Clerk
AKS014,PRIMARY HEALTH CENTRE IKONO II,AKWA IBOM,IKONO,2024-07-31,2024,7,3,269.0,15.0,13.0,610,12,71.0,2,1,518.0,13,426.0,314.0,266.0,2024-08-15,Facility Focal Person
BEN010,MODEL PRIMARY HEALTH CENTRE OKPOKWU II,BENUE,OKPOKWU,2023-03-31,2023,3,1,365.0,8.0,6.0,762,10,82.0,1,0,659.0,14,624.0,492.0,460.0,2023-04-29,Facility Focal Person
BEN005,MODEL PRIMARY HEALTH CENTRE KATSINA-ALA,BENUE,KATSINA-ALA,2022-11-30,2022,11,4,442.0,9.0,6.0,455,7,140.0,3,2,261.0,8,329.0,247.0,238.0,2022-12-29,Facility Focal Person
LAG014,COTTAGE HOSPITAL LAGOS ISLAND II,LAGOS,LAGOS ISLAND,2024-12-31,2024,12,4,628.0,8.0,5.0,1596,5,157.0,1,0,1302.0,21,1188.0,757.0,687.0,2025-01-16,Facility Focal Person
AKS013,MODEL PRIMARY HEALTH CENTRE ABAK II,AKWA IBOM,ABAK,2022-04-30,2022,4,2,297.0,7.0,6.0,510,1,45.0,0,0,401.0,6,364.0,244.0,201.0,2022-06-15,Data Clerk
LAG002,SPECIALIST HOSPITAL LAGOS ISLAND,LAGOS,LAGOS ISLAND,2023-11-30,2023,11,4,1995.0,91.0,67.0,5798,88,599.0,7,6,4842.0,81,5374.0,3125.0,2955.0,2023-12-21,M&E Officer
BEN005,MODEL PRIMARY HEALTH CENTRE KATSINA-ALA,BENUE,KATSINA-ALA,2024-08-01,2024,8,3,533.0,13.0,12.0,582,11,111.0,0,0,330.0,7,454.0,371.0,332.0,2024-09-15,Facility Focal Person
AKS011,COMPREHENSIVE HEALTH CENTRE ETINAN II,AKWA IBOM,ETINAN,2022-06-30,2022,6,2,119.0,7.0,5.0,293,2,16.0,1,0,194.0,244,238.0,155.0,141.0,2022-07-15,M&E Officer
FCT014,GENERAL HOSPITAL KUJE II,FCT,KUJE,2022-06-30,2022,6,2,981.0,24.0,16.0,2459,42,218.0,5,4,1471.0,19,1789.0,1357.0,1228.0,2022-07-11,Facility Focal Person
CRS007,MODEL PRIMARY HEALTH CENTRE IKOM II,CROSS RIVER,IKOM,2022-05-31,2022,5,2,111.0,4.0,3.0,314,2,20.0,1,0,289.0,2,229.0,132.0,123.0,2022-06-21,Data Clerk
AKS008,PRIMARY HEALTH CENTRE UYO II,AKWA IBOM,UYO,2024-01-31,2024,1,1,73.0,1.0,0.0,84,0,8.0,0,0,57.0,1,74.0,68.0,61.0,2024-02-16,Facility Focal Person
KAD013,SPECIALIST HOSPITAL ZARIA II,KADUNA,ZARIA,2024-03-31,2024,3,1,2348.0,76.0,66.0,2826,10,551.0,10,9,2090.0,33,2432.0,1693.0,1519.0,2024-04-16,M&E Officer
CRS005,TEACHING HOSPITAL AKAMKPA,CROSS RIVER,AKAMKPA,2023-12-31,2023,12,4,912.0,35.0,34.0,4252,27,284.0,10,7,2461.0,55,3337.0,2223.0,1856.0,2024-01-13,Facility Focal Person
FCT015,COMPREHENSIVE HEALTH CENTRE ABAJI II,FCT,ABAJI,2023-02-01,2023,2,1,67.0,3.0,2.0,808,5,8.0,0,0,640.0,10,658.0,,324.0,2023-03-21,M&E Officer
NAS008,COMPREHENSIVE HEALTH CENTRE KEFFI II,NASARAWA,KEFFI,2023-02-28,2023,2,1,78.0,3.0,2.0,883,12,19.0,0,0,613.0,13,659.0,481.0,435.0,2023-03-13,M&E Officer
BEN012,COTTAGE HOSPITAL VANDEIKYA II,BENUE,VANDEIKYA,2024-11-30,2024,11,4,700.0,5.0,3.0,449,7,73.0,0,0,293.0,5,353.0,194.0,163.0,2024-12-21,Facility Focal Person
TMP001,COTTAGE HOSPITAL ORON II,AKWA IBOM,ORON,2022-12-31,2022,12,4,998.0,49.0,42.0,728,9,155.0,5,4,519.0,9,614.0,454.0,425.0,2023-01-11,M&E Officer
KAD007,MODEL PRIMARY HEALTH CENTRE KADUNA SOUTH II,KADUNA,KADUNA SOUTH,2024-05-31,2024,5,2,327.0,17.0,13.0,1123,13,100.0,3,2,876.0,8,917.0,608.0,591.0,2024-06-11,M&E Officer
LAG001,PRIMARY HEALTH CENTRE IKORODU,LAGOS,IKORODU,2024-05-31,2024,5,2,569.0,18.0,17.0,388,2,103.0,0,0,239.0,6,321.0,266.0,225.0,2024-06-15,M&E Officer
FCT003,SPECIALIST HOSPITAL GWAGWALADA,FCT,GWAGWALADA,2023-10-31,2023,10,4,651.0,19.0,18.0,,96,102.0,1,0,3765.0,80,3822.0,3604.0,3052.0,2023-11-13,M&E Officer
LAG014,COTTAGE HOSPITAL LAGOS ISLAND II,LAGOS,LAGOS ISLAND,2022-05-31,2022,5,2,679.0,3.0,2.0,1998,27,154.0,1,0,1354.0,25,1474.0,839.0,914.0,2022-06-13,Data Clerk
BEN001,MISSION HOSPITAL MAKURDI,BENUE,MAKURDI,2024-09-30,2024,9,3,888.0,2.0,1.0,1696,25,205.0,2,1,1308.0,25,1569.0,880.0,737.0,2024-10-24,Data Clerk
TMP001,MODEL PRIMARY HEALTH CENTRE KADUNA SOUTH II,KADUNA,KADUNA SOUTH,2022-09-30,2022,9,3,194.0,6.0,5.0,1110,7,24.0,0,0,1016.0,20,778.0,539.0,465.0,2022-10-16,M&E Officer
RIV009,MISSION HOSPITAL KHANA II,RIVERS,KHANA,2023-05-31,2023,5,2,384.0,5.0,3.0,809,6,107.0,0,0,768.0,16,640.0,552.0,526.0,2023-07-16,M&E Officer
CRS015,MODEL PRIMARY HEALTH CENTRE AKAMKPA II,CROSS RIVER,AKAMKPA,2023-10-31,2023,10,4,74.0,0.0,0.0,514,7,17.0,0,0,439.0,3,390.0,305.0,288.0,2023-11-18,Facility Focal Person
AKS003,MODEL PRIMARY HEALTH CENTRE EKET,AKWA IBOM,EKET,2024-05-31,2024,5,2,610.0,12.0,11.0,426,2,125.0,2,1,291.0,6,344.0,315.0,262.0,2024-06-15,M&E Officer
AKS003,MODEL PRIMARY HEALTH CENTRE EKET,AKWA IBOM,EKET,2023-03-31,2023,3,1,491.0,24.0,,259,2,130.0,2,1,215.0,4,230.0,158.0,153.0,2023-04-16,Data Clerk
CRS012,MODEL PRIMARY HEALTH CENTRE IKOM II,CROSS RIVER,IKOM,2024-12-01,2024,12,4,413.0,11.0,8.0,732,14,114.0,1,0,419.0,8,562.0,492.0,433.0,2025-01-21,Data Clerk
FCT009,MODEL PRIMARY HEALTH CENTRE KUJE II,FCT,KUJE,2022-04-30,2022,4,2,139.0,3.0,2.0,438,5,24.0,0,0,269.0,4,315.0,219.0,204.0,2022-05-13,Facility Focal Person
XXX999,COTTAGE HOSPITAL AMAC II,FCT,AMAC,2023-01-31,2023,1,1,267.0,16.0,15.0,2192,19,50.0,0,0,1642.0,29,1533.0,1184.0,1107.0,2023-02-16,M&E Officer
FCT002,GENERAL HOSPITAL BWARI,FCT,BWARI,2024-10-31,2024,10,4,90.0,7.0,6.0,571,5,15.0,1,0,416.0,10,521.0,314.0,302.0,2024-11-15,Data Clerk
BEN005,MODEL PRIMARY HEALTH CENTRE KATSINA-ALA,BENUE,KATSINA-ALA,2024-11-30,2024,11,4,661.0,22.0,15.0,587,7,203.0,3,2,415.0,3,455.0,264.0,256.0,2024-12-25,Facility Focal Person
TMP001,GENERAL HOSPITAL OKPOKWU,BENUE,OKPOKWU,2022-09-30,2022,9,3,1010.0,10.0,8.0,375,4,138.0,1,0,298.0,7,273.0,169.0,143.0,2022-10-15,Facility Focal Person
RIV009,MISSION HOSPITAL KHANA II,RIVERS,KHANA,2024-04-30,2024,4,2,589.0,6.0,4.0,776,2,185.0,0,0,649.0,14,715.0,439.0,393.0,2024-05-16,Data Clerk
LAG008,COTTAGE HOSPITAL LAGOS ISLAND II,LAGOS,LAGOS ISLAND,2022-11-30,2022,11,4,124.0,4.0,3.0,842,11,28.0,1,0,482.0,8,635.0,591.0,550.0,2022-12-13,Facility Focal Person
FCT003,SPECIALIST HOSPITAL GWAGWALADA,FCT,GWAGWALADA,2023-05-31,2023,5,2,644.0,17.0,15.0,5798,26,134.0,3,2,3628.0,81,4479.0,2710.0,2540.0,2023-06-15,Facility Focal Person
LAG009,MISSION HOSPITAL BADAGRY II,LAGOS,BADAGRY,2024-09-30,2024,9,3,525.0,15.0,13.0,2306,24,159.0,3,2,,41,,1573.0,1358.0,2024-10-18,Data Clerk
AKS003,MODEL PRIMARY HEALTH CENTRE EKET,AKWA IBOM,EKET,2022-07-31,2022,7,3,540.0,12.0,10.0,176,0,118.0,1,0,142.0,4,148.0,138.0,124.0,2022-08-18,M&E Officer
RIV012,PRIMARY HEALTH CENTRE ELEME II,RIVERS,ELEME,2022-09-30,2022,9,3,457.0,14.0,13.0,896,6,114.0,1,0,571.0,9,786.0,623.0,582.0,2022-10-13,Facility Focal Person
AKS006,PRIMARY HEALTH CENTRE ABAK,AKWA IBOM,ABAK,2023-08-31,2023,8,3,522.0,589.0,10.0,377,2,147.0,2,1,246.0,3,325.0,230.0,212.0,2023-09-29,Data Clerk
CRS008,COTTAGE HOSPITAL OGOJA II,CROSS RIVER,OGOJA,2024-12-31,2024,12,4,,27.0,25.0,2144,7,67.0,0,0,1708.0,35,1650.0,1026.0,848.0,2025-01-15,M&E Officer
NAS006,PRIMARY HEALTH CENTRE LAFIA II,NASARAWA,LAFIA,2024-07-31,2024,7,3,292.0,7.0,5.0,927,11,89.0,1,0,687.0,12,780.0,726.0,598.0,2024-08-18,M&E Officer
RIV008,TEACHING HOSPITAL OBIO/AKPOR II,RIVERS,OBIO/AKPOR,2022-10-31,2022,10,4,1194.0,39.0,34.0,3959,75,169.0,1,0,3618.0,62,3129.0,2121.0,1917.0,2022-11-11,M&E Officer
KAD005,COTTAGE HOSPITAL CHIKUN,KADUNA,CHIKUN,2024-04-30,2024,4,2,602.0,15.0,11.0,371,2,70.0,2,1,235.0,1,326.0,242.0,209.0,2024-05-13,Facility Focal Person
CRS009,COMPREHENSIVE HEALTH CENTRE OBUDU II,CROSS RIVER,OBUDU,2024-10-31,2024,10,4,610.0,7.0,5.0,947,13,158.0,2,1,872.0,22,644.0,437.0,381.0,2024-11-13,Facility Focal Person
FCT007,SPECIALIST HOSPITAL BWARI II,FCT,BWARI,2024-10-31,2024,10,4,1866.0,54.0,43.0,4258,75,531.0,6,4,3501.0,62,3434.0,3006.0,2921.0,2024-11-29,Facility Focal Person
FCT004,MODEL PRIMARY HEALTH CENTRE KUJE,FCT,KUJE,2023-02-28,2023,2,1,387.0,12.0,10.0,1300,15,53.0,1,0,774.0,13,1109.0,897.0,782.0,2023-03-21,M&E Officer
AKS007,TEACHING HOSPITAL IKONO,AKWA IBOM,IKONO,2023-04-30,2023,4,2,1101.0,12.0,8.0,6148,39,222.0,2,1,4557.0,76,4774.0,4198.0,3808.0,2023-05-13,M&E Officer
NAS009,COTTAGE HOSPITAL AKWANGA II,NASARAWA,AKWANGA,2022-06-01,2022,6,2,986.0,5.0,4.0,466,7,178.0,1,0,280.0,3,379.0,291.0,250.0,2022-07-11,Data Clerk
NAS015,SPECIALIST HOSPITAL NASARAWA II,NASARAWA,NASARAWA,2022-06-30,2022,6,2,1314.0,73.0,59.0,3125,41,193.0,10,9,2226.0,34,2796.0,2641.0,2331.0,2022-07-29,M&E Officer
RIV014,COTTAGE HOSPITAL OBIO/AKPOR II,RIVERS,OBIO/AKPOR,2024-02-29,2024,2,1,765.0,10.0,9.0,662,11,78.0,2,1,628.0,11,473.0,442.0,406.0,2024-03-11,Data Clerk
CRS002,COMPREHENSIVE HEALTH CENTRE IKOM,CROSS RIVER,IKOM,2023-02-28,2023,2,1,160.0,5.0,3.0,199,1,39.0,1,0,121.0,2,152.0,123.0,118.0,2023-03-13,Data Clerk
FCT014,GENERAL HOSPITAL KUJE II,FCT,KUJE,2024-07-31,2024,7,3,1217.0,39.0,27.0,2515,43,255.0,6,5,1543.0,22,2272.0,2019.0,1719.0,2024-08-11,M&E Officer
BEN015,PRIMARY HEALTH CENTRE OTUKPO II,BENUE,OTUKPO,2022-04-30,2022,4,2,173.0,4.0,3.0,876,7,42.0,1,0,704.0,12,779.0,716.0,644.0,2022-05-18,Data Clerk
FCT015,COMPREHENSIVE HEALTH CENTRE ABAJI II,FCT,ABAJI,2024-02-29,2024,2,1,112.0,4.0,2.0,741,11,22.0,1,0,525.0,16,525.0,396.0,351.0,2024-03-11,Data Clerk
FCT001,MISSION HOSPITAL AMAC,FCT,AMAC,2024-02-29,2024,2,1,1063.0,17.0,13.0,1204,22,179.0,4,3,725.0,16,1002.0,809.0,719.0,2024-03-13,M&E Officer
FCT010,MODEL PRIMARY HEALTH CENTRE ABAJI II,FCT,ABAJI,2023-05-31,2023,5,2,660.0,18.0,17.0,364,5,103.0,1,0,231.0,7,318.0,228.0,,2023-06-11,Facility Focal Person
AKS012,COTTAGE HOSPITAL ORON II,AKWA IBOM,ORON,2024-05-31,2024,5,2,1233.0,58.0,43.0,1181,22,225.0,4,3,659.0,10,853.0,536.0,439.0,2024-06-16,Facility Focal Person
AKS011,COMPREHENSIVE HEALTH CENTRE ETINAN II,AKWA IBOM,ETINAN,2024-09-30,2024,9,3,132.0,4.0,2.0,339,2,16.0,0,0,290.0,7,284.0,241.0,202.0,2024-10-18,Facility Focal Person
BEN002,SPECIALIST HOSPITAL GBOKO,BENUE,GBOKO,2024-04-30,2024,4,2,2619.0,43.0,34.0,4408,62,488.0,7,5,3274.0,66,4054.0,3260.0,3167.0,2024-05-29,M&E Officer
NAS012,MISSION HOSPITAL KARU II,NASARAWA,KARU,2022-12-31,2022,12,4,835.0,15.0,12.0,1340,18,113.0,0,0,935.0,17,1129.0,826.0,701.0,2023-01-16,Facility Focal Person
AKS006,PRIMARY HEALTH CENTRE ABAK,AKWA IBOM,ABAK,2022-12-31,2022,12,4,472.0,17.0,15.0,325,2,132.0,3,2,201.0,4,271.0,243.0,,2023-01-13,Data Clerk
AKS003,MODEL PRIMARY HEALTH CENTRE EKET,AKWA IBOM,EKET,2024-09-30,2024,9,3,635.0,27.0,21.0,477,1,104.0,0,0,357.0,2,443.0,414.0,394.0,2024-10-29,Facility Focal Person
CRS009,COMPREHENSIVE HEALTH CENTRE OBUDU II,CROSS RIVER,OBUDU,2022-08-31,2022,8,3,592.0,21.0,20.0,757,5,98.0,3,2,626.0,17,524.0,441.0,414.0,2022-09-11,Data Clerk
NAS005,MISSION HOSPITAL NASARAWA,NASARAWA,NASARAWA,2023-01-31,2023,1,1,1335.0,38.0,31.0,400,5,301.0,2,1,247.0,7,289.0,254.0,225.0,2023-02-18,Data Clerk
LAG011,COTTAGE HOSPITAL AGEGE II,LAGOS,AGEGE,2023-08-31,2023,8,3,701.0,8.0,5.0,1668,15,78.0,0,0,1091.0,16,1481.0,838.0,769.0,2023-09-13,Facility Focal Person
FCT004,MODEL PRIMARY HEALTH CENTRE KUJE,FCT,KUJE,2023-12-31,2023,12,4,222.0,11.0,10.0,1269,22,46.0,0,0,991.0,11,1069.0,806.0,710.0,2024-01-29,Facility Focal Person
RIV001,MODEL PRIMARY HEALTH CENTRE PORT HARCOURT,RIVERS,PORT HARCOURT,2023-02-28,2023,2,1,107.0,0.0,0.0,1004,14,22.0,0,0,885.0,19,687.0,454.0,384.0,2023-03-11,Facility Focal Person
NAS003,COTTAGE HOSPITAL KEFFI,NASARAWA,KEFFI,2023-03-31,2023,3,1,265.0,5.0,3.0,1679,17,51.0,0,0,,24,1152.0,881.0,772.0,2023-04-11,Facility Focal Person
LAG010,PRIMARY HEALTH CENTRE SURULERE II,LAGOS,SURULERE,2022-09-30,2022,9,3,565.0,27.0,19.0,942,9,164.0,4,3,780.0,11,677.0,387.0,320.0,2022-10-13,M&E Officer
BEN011,MODEL PRIMARY HEALTH CENTRE KATSINA-ALA II,BENUE,KATSINA-ALA,2023-12-31,2023,12,4,212.0,8.0,6.0,360,4,29.0,0,0,207.0,0,333.0,222.0,196.0,2024-01-16,Facility Focal Person
LAG004,COMPREHENSIVE HEALTH CENTRE SURULERE,LAGOS,SURULERE,2024-09-30,2024,9,3,438.0,,8.0,610,10,72.0,0,0,562.0,18,530.0,469.0,398.0,2024-10-18,Facility Focal Person
KAD012,COMPREHENSIVE HEALTH CENTRE KADUNA SOUTH II,KADUNA,KADUNA SOUTH,2024-11-30,2024,11,4,545.0,5.0,4.0,632,9,143.0,1,0,514.0,7,485.0,368.0,309.0,2024-12-11,Facility Focal Person
FCT014,GENERAL HOSPITAL KUJE II,FCT,KUJE,2024-12-31,2024,12,4,907.0,45.0,32.0,2599,40,234.0,3,2,2010.0,41,2135.0,1209.0,1089.0,2025-01-13,M&E Officer
FCT008,TEACHING HOSPITAL GWAGWALADA II,FCT,GWAGWALADA,2024-09-30,2024,9,3,880.0,43.0,42.0,4776,10,143.0,3,2,4418.0,92,3289.0,3048.0,2555.0,2024-10-18,Facility Focal Person
NAS006,PRIMARY HEALTH CENTRE LAFIA II,NASARAWA,LAFIA,2024-06-30,2024,6,2,327.0,10.0,7.0,933,10,46.0,1,0,812.0,15,864.0,803.0,686.0,2024-07-15,Data Clerk
LAG005,MISSION HOSPITAL AGEGE,LAGOS,AGEGE,2024-04-30,2024,4,2,1239.0,29.0,28.0,1802,11,150.0,3,2,1417.0,24,1559.0,1409.0,1286.0,2024-05-15,Data Clerk
CRS013,MISSION HOSPITAL OGOJA II,CROSS RIVER,OGOJA,2023-03-31,2023,3,1,209.0,3.0,2.0,812,8,35.0,0,0,558.0,9,745.0,417.0,347.0,2023-04-11,Data Clerk
BEN015,PRIMARY HEALTH CENTRE OTUKPO II,BENUE,OTUKPO,2022-08-31,2022,8,3,145.0,2.0,1.0,853,1,15.0,0,0,691.0,9,733.0,616.0,574.0,2022-09-13,Facility Focal Person
CRS006,PRIMARY HEALTH CENTRE CALABAR MUNICIPAL II,CROSS RIVER,CALABAR MUNICIPAL,2023-11-30,2023,11,4,407.0,18.0,13.0,1356,14,81.0,3,2,912.0,16,1071.0,874.0,730.0,2023-12-29,M&E Officer
LAG099,COMPREHENSIVE HEALTH CENTRE SURULERE,LAGOS,SURULERE,2022-08-01,2022,8,3,562.0,7.0,-39.0,626,9,170.0,5,4,374.0,2,506.0,421.0,371.0,2022-09-15,M&E Officer
KAD005,COTTAGE HOSPITAL CHIKUN,KADUNA,CHIKUN,2022-05-31,2022,5,2,620.0,8.0,6.0,281,3,166.0,3,2,188.0,3,218.0,187.0,156.0,2022-06-13,Facility Focal Person
KAD006,SPECIALIST HOSPITAL KADUNA NORTH II,KADUNA,KADUNA NORTH,2024-10-01,2024,10,4,2010.0,,24.0,1772,21,390.0,5,3,1431.0,25,1399.0,1277.0,1221.0,2024-11-18,M&E Officer
KAD006,SPECIALIST HOSPITAL KADUNA NORTH II,KADUNA,KADUNA NORTH,2024-06-30,2024,6,2,2414.0,30.0,29.0,1723,19,525.0,4,3,1470.0,20,1422.0,807.0,739.0,2024-07-11,M&E Officer
CRS005,TEACHING HOSPITAL AKAMKPA,CROSS RIVER,AKAMKPA,2023-08-31,2023,8,3,1069.0,44.0,43.0,4247,21,152.0,5,4,3070.0,51,3573.0,2431.0,2149.0,2023-09-16,M&E Officer
LAG005,MISSION HOSPITAL AGEGE,LAGOS,AGEGE,2024-08-31,2024,8,3,1303.0,50.0,42.0,1827,13,354.0,8,6,1731.0,37,1388.0,1081.0,920.0,2024-09-18,Facility Focal Person
RIV014,COTTAGE HOSPITAL OBIO/AKPOR II,RIVERS,OBIO/AKPOR,2022-09-30,2022,9,3,783.0,4.0,2.0,619,2,125.0,1,0,518.0,11,443.0,413.0,381.0,2022-10-30,M&E Officer
LAG010,PRIMARY HEALTH CENTRE SURULERE II,LAGOS,SURULERE,2022-01-01,2022,1,1,422.0,12.0,11.0,895,16,134.0,2,1,,8,681.0,460.0,390.0,2022-02-13,Facility Focal Person
RIV005,MISSION HOSPITAL DEGEMA,RIVERS,DEGEMA,2023-07-31,2023,7,3,178.0,4.0,3.0,1383,28,26.0,0,0,,14,1037.0,828.0,713.0,2023-08-11,M&E Officer
FCT012,MISSION HOSPITAL BWARI II,FCT,BWARI,2024-08-31,2024,8,3,1012.0,35.0,29.0,2927,20,249.0,4,3,2232.0,40,2408.0,2268.0,2176.0,2024-09-13,M&E Officer
NAS012,MISSION HOSPITAL KARU II,NASARAWA,KARU,2022-10-31,2022,10,4,627.0,14.0,11.0,1346,18,66.0,3,2,922.0,20,1078.0,918.0,806.0,2022-11-11,Facility Focal Person
NAS007,GENERAL HOSPITAL KARU II,NASARAWA,KARU,2024-08-31,2024,8,3,839.0,5.0,4.0,2050,16,92.0,0,0,1506.0,23,1759.0,1070.0,909.0,2024-09-13,M&E Officer
RIV013,MISSION HOSPITAL PORT HARCOURT II,RIVERS,PORT HARCOURT,2023-11-30,2023,11,4,500.0,23.0,17.0,2146,8,108.0,3,2,2033.0,33,1955.0,1498.0,1256.0,2023-12-18,Data Clerk
AKS013,MODEL PRIMARY HEALTH CENTRE ABAK II,AKWA IBOM,ABAK,2024-09-30,2024,9,3,476.0,28.0,22.0,699,3,149.0,0,0,394.0,6,615.0,561.0,480.0,2024-10-18,M&E Officer
KAD003,MISSION HOSPITAL ZARIA,KADUNA,ZARIA,2023-10-01,2023,10,4,1351.0,93.0,75.0,2801,51,169.0,5,4,1733.0,31,2428.0,1423.0,1186.0,2023-11-16,Data Clerk
CRS010,COMPREHENSIVE HEALTH CENTRE AKAMKPA II,CROSS RIVER,AKAMKPA,2022-12-31,2022,12,4,41.0,2.0,1.0,405,2,6.0,0,0,370.0,4,375.0,274.0,240.0,2023-01-21,M&E Officer
NAS002,COTTAGE HOSPITAL KARU,NASARAWA,KARU,2023-09-30,2023,9,3,405.0,3.0,2.0,304,3,98.0,0,0,175.0,3,216.0,154.0,143.0,2023-10-29,M&E Officer
KAD008,MODEL PRIMARY HEALTH CENTRE ZARIA II,KADUNA,ZARIA,2023-11-30,2023,11,4,317.0,8.0,6.0,,22,60.0,0,0,826.0,17,1028.0,776.0,652.0,2023-12-16,M&E Officer
FCT012,MISSION HOSPITAL BWARI II,FCT,BWARI,2024-02-29,2024,2,1,1004.0,33.0,23.0,,11,211.0,4,3,2066.0,36,2018.0,1526.0,1393.0,2024-03-13,Data Clerk
KAD001,MODEL PRIMARY HEALTH CENTRE KADUNA NORTH,KADUNA,KADUNA NORTH,2024-08-31,2024,8,3,202.0,11.0,10.0,746,9,58.0,2,1,443.0,7,644.0,524.0,486.0,2024-09-13,M&E Officer
BEN005,MODEL PRIMARY HEALTH CENTRE KATSINA-ALA,BENUE,KATSINA-ALA,2023-01-31,2023,1,1,483.0,13.0,10.0,466,6,119.0,1,0,265.0,4,324.0,188.0,169.0,2023-03-01,Facility Focal Person
KAD005,COTTAGE HOSPITAL CHIKUN,KADUNA,CHIKUN,2024-12-01,2024,12,4,623.0,11.0,,422,3,156.0,2,1,390.0,13,344.0,220.0,185.0,2025-01-11,Facility Focal Person
KAD004,SPECIALIST HOSPITAL SABON GARI,KADUNA,SABON GARI,2022-02-28,2022,2,1,2328.0,115.0,90.0,3588,34,293.0,7,6,2580.0,43,2664.0,2188.0,1877.0,2022-03-13,Data Clerk
FCT005,PRIMARY HEALTH CENTRE ABAJI,FCT,ABAJI,2022-05-31,2022,5,2,573.0,607.0,11.0,489,5,170.0,2,1,449.0,6,,278.0,229.0,2022-06-15,Data Clerk
AKS006,PRIMARY HEALTH CENTRE ABAK,AKWA IBOM,ABAK,2024-09-30,2024,9,3,466.0,8.0,6.0,504,1,72.0,3,2,376.0,4,427.0,297.0,246.0,2024-10-16,Data Clerk
RIV014,COTTAGE HOSPITAL OBIO/AKPOR II,RIVERS,OBIO/AKPOR,2024-05-01,2024,5,2,1074.0,16.0,11.0,671,5,144.0,1,0,503.0,10,494.0,439.0,401.0,2024-06-16,Facility Focal Person
NAS010,TEACHING HOSPITAL NASARAWA II,NASARAWA,NASARAWA,2023-01-31,2023,1,1,2063.0,88.0,80.0,4740,82,347.0,11,8,4207.0,73,4058.0,2532.0,2396.0,2023-02-15,Facility Focal Person
RIV011,MODEL PRIMARY HEALTH CENTRE DEGEMA II,RIVERS,DEGEMA,2022-01-31,2022,1,1,263.0,11.0,9.0,870,8,60.0,0,0,649.0,14,805.0,462.0,440.0,2022-02-15,Facility Focal Person
BEN011,MODEL PRIMARY HEALTH CENTRE KATSINA-ALA II,BENUE,KATSINA-ALA,2022-11-01,2022,11,4,238.0,12.0,11.0,333,0,72.0,3,2,230.0,5,251.0,172.0,,2022-12-18,Data Clerk
KAD003,MISSION HOSPITAL ZARIA,KADUNA,ZARIA,2024-12-01,2024,12,4,1215.0,62.0,61.0,3105,51,166.0,10,7,2036.0,31,2577.0,2137.0,1876.0,2025-01-11,M&E Officer
LAG007,PRIMARY HEALTH CENTRE IKORODU II,LAGOS,IKORODU,2023-06-30,2023,6,2,524.0,19.0,14.0,494,4,93.0,5,4,372.0,3,401.0,287.0,248.0,2023-07-18,Data Clerk
FCT001,MISSION HOSPITAL AMAC,FCT,AMAC,2023-11-30,2023,11,4,753.0,6.0,4.0,1230,24,200.0,0,0,902.0,12,999.0,716.0,614.0,2023-12-13,Facility Focal Person
FCT002,GENERAL HOSPITAL BWARI,FCT,BWARI,2024-01-31,2024,1,1,101.0,3.0,2.0,581,6,17.0,0,0,512.0,5,438.0,340.0,293.0,2024-02-16,Data Clerk
RIV004,MODEL PRIMARY HEALTH CENTRE AHOADA EAST,RIVERS,AHOADA EAST,2023-01-31,2023,1,1,411.0,9.0,8.0,856,15,79.0,3,2,602.0,10,601.0,436.0,385.0,2023-02-11,Facility Focal Person
BEN015,PRIMARY HEALTH CENTRE OTUKPO II,BENUE,OTUKPO,2024-11-30,2024,11,4,162.0,6.0,4.0,715,2,25.0,2,1,396.0,10,512.0,444.0,386.0,2024-12-15,M&E Officer
RIV006,COTTAGE HOSPITAL ELEME,RIVERS,ELEME,2023-10-31,2023,10,4,1061.0,43.0,40.0,2616,33,244.0,3,2,2146.0,49,1899.0,1668.0,1438.0,2023-11-15,Data Clerk
AKS007,TEACHING HOSPITAL IKONO,AKWA IBOM,IKONO,2024-06-30,2024,6,2,1257.0,15.0,14.0,5321,62,347.0,3,2,4308.0,82,4878.0,2994.0,2533.0,2024-07-11,Data Clerk
CRS013,MISSION HOSPITAL OGOJA II,CROSS RIVER,OGOJA,2024-03-31,2024,3,1,218.0,5.0,4.0,763,2,45.0,1,0,430.0,8,569.0,477.0,405.0,2024-04-15,M&E Officer
LAG004,COMPREHENSIVE HEALTH CENTRE SURULERE,LAGOS,SURULERE,2024-07-31,2024,7,3,656.0,12.0,9.0,617,7,73.0,2,1,396.0,7,484.0,327.0,305.0,2024-08-13,Data Clerk
FCT011,COTTAGE HOSPITAL AMAC II,FCT,AMAC,2023-03-01,2023,3,1,269.0,5.0,4.0,2189,14,53.0,1,0,1966.0,36,1868.0,1200.0,1036.0,2023-04-15,M&E Officer
KAD014,GENERAL HOSPITAL SABON GARI II,KADUNA,SABON GARI,2023-10-31,2023,10,4,181.0,9.0,8.0,2378,23,31.0,1,0,1523.0,30,2066.0,1256.0,1152.0,2023-11-15,Facility Focal Person
BEN004,GENERAL HOSPITAL OKPOKWU,BENUE,OKPOKWU,2023-07-31,2023,7,3,906.0,10.0,9.0,384,7,225.0,2,1,362.0,2,272.0,201.0,170.0,2023-08-11,Facility Focal Person
AKS015,MISSION HOSPITAL UYO II,AKWA IBOM,UYO,2022-06-30,2022,6,2,861.0,46.0,36.0,2480,42,181.0,6,5,1758.0,28,2051.0,1487.0,1378.0,2022-07-13,Data Clerk
FCT011,COTTAGE HOSPITAL AMAC II,FCT,AMAC,2022-02-28,2022,2,1,255.0,8.0,7.0,2378,45,75.0,1,0,1890.0,33,1770.0,1111.0,1011.0,2022-03-11,Facility Focal Person
FCT002,GENERAL HOSPITAL BWARI,FCT,BWARI,2022-06-30,2022,6,2,148.0,,3.0,634,2,38.0,1,0,551.0,10,580.0,513.0,447.0,2022-07-11,M&E Officer
NAS001,MODEL PRIMARY HEALTH CENTRE LAFIA,NASARAWA,LAFIA,2022-06-30,2022,6,2,166.0,0.0,0.0,490,2,47.0,0,0,315.0,6,395.0,341.0,282.0,2022-07-11,Data Clerk
LAG012,PRIMARY HEALTH CENTRE ALIMOSHO II,LAGOS,ALIMOSHO,2024-09-30,2024,9,3,330.0,11.0,9.0,658,12,50.0,2,1,400.0,6,452.0,415.0,386.0,2024-10-11,M&E Officer
RIV007,PRIMARY HEALTH CENTRE PORT HARCOURT II,RIVERS,PORT HARCOURT,2022-12-31,2022,12,4,383.0,2.0,1.0,679,11,41.0,0,0,436.0,5,474.0,303.0,288.0,2023-01-21,Facility Focal Person
NAS015,SPECIALIST HOSPITAL NASARAWA II,NASARAWA,NASARAWA,2024-05-31,2024,5,2,1470.0,99.0,85.0,3308,39,243.0,7,5,2596.0,53,2690.0,2311.0,2130.0,2024-06-29,Data Clerk
NAS002,COTTAGE HOSPITAL KARU,NASARAWA,KARU,2024-07-31,2024,7,3,580.0,4.0,3.0,296,3,182.0,0,0,233.0,4,205.0,191.0,184.0,2024-08-11,Data Clerk
AKS012,COTTAGE HOSPITAL ORON II,AKWA IBOM,ORON,2024-02-01,2024,2,1,870.0,32.0,28.0,1096,20,119.0,124,1,771.0,12,823.0,,621.0,2024-03-13,M&E Officer
AKS004,COMPREHENSIVE HEALTH CENTRE ETINAN,AKWA IBOM,ETINAN,2023-04-01,2023,4,2,230.0,10.0,9.0,959,18,30.0,1,0,600.0,9,730.0,416.0,352.0,2023-05-18,M&E Officer
CRS002,COMPREHENSIVE HEALTH CENTRE IKOM,CROSS RIVER,IKOM,2023-05-31,2023,5,2,200.0,7.0,6.0,210,0,32.0,0,0,143.0,0,187.0,137.0,116.0,2023-06-15,Data Clerk
CRS001,MODEL PRIMARY HEALTH CENTRE CALABAR MUNICIPAL,CROSS RIVER,CALABAR MUNICIPAL,2024-04-30,2024,4,2,232.0,10.0,7.0,697,3,31.0,0,0,496.0,11,635.0,478.0,427.0,2024-05-21,Facility Focal Person
RIV008,TEACHING HOSPITAL OBIO/AKPOR II,RIVERS,OBIO/AKPOR,2024-04-30,2024,4,2,1714.0,62.0,61.0,4090,68,384.0,9,7,2425.0,50,3356.0,2984.0,2536.0,2024-05-21,M&E Officer
BEN010,MODEL PRIMARY HEALTH CENTRE OKPOKWU II,BENUE,OKPOKWU,2022-04-30,2022,4,2,379.0,3.0,2.0,848,5,90.0,0,0,653.0,5,737.0,593.0,506.0,2022-06-15,Facility Focal Person
BEN009,PRIMARY HEALTH CENTRE OTUKPO II,BENUE,OTUKPO,2023-07-31,2023,7,3,305.0,2.0,1.0,453,8,79.0,0,0,414.0,9,311.0,194.0,160.0,2023-08-15,Data Clerk
BEN014,COMPREHENSIVE HEALTH CENTRE GBOKO II,BENUE,GBOKO,2024-08-31,2024,8,3,635.0,8.0,6.0,752,6,193.0,1,0,550.0,14,577.0,541.0,492.0,2024-09-13,M&E Officer
LAG001,PRIMARY HEALTH CENTRE IKORODU,LAGOS,IKORODU,2023-11-30,2023,11,4,384.0,20.0,19.0,337,1,109.0,4,3,196.0,1,264.0,153.0,135.0,2023-12-13,Data Clerk
LAG005,MISSION HOSPITAL AGEGE,LAGOS,AGEGE,2024-12-31,2024,12,4,1120.0,45.0,41.0,1862,17,340.0,2,1,1680.0,25,1708.0,1518.0,1282.0,2025-01-15,Data Clerk
NAS014,TEACHING HOSPITAL AKWANGA II,NASARAWA,AKWANGA,2023-03-31,2023,3,1,1810.0,53.0,52.0,4787,15,462.0,4,3,3513.0,78,3487.0,2944.0,2680.0,2023-04-15,M&E Officer
AKS012,COTTAGE HOSPITAL ORON II,AKWA IBOM,ORON,2022-04-30,2022,4,2,965.0,39.0,33.0,423,5,208.0,6,4,393.0,10,316.0,278.0,260.0,2022-05-13,Data Clerk
CRS008,COTTAGE HOSPITAL OGOJA II,CROSS RIVER,OGOJA,2023-12-31,2023,12,4,553.0,21.0,19.0,2140,39,111.0,138,3,1642.0,25,1547.0,1348.0,,2024-01-13,Facility Focal Person
NAS002,COTTAGE HOSPITAL KARU,NASARAWA,KARU,2022-04-30,2022,4,2,293.0,0.0,0.0,313,5,85.0,0,0,269.0,6,221.0,209.0,175.0,2022-05-11,Facility Focal Person
FCT004,MODEL PRIMARY HEALTH CENTRE KUJE,FCT,KUJE,2022-04-30,2022,4,2,310.0,13.0,9.0,1350,12,82.0,2,1,928.0,19,936.0,686.0,643.0,2022-05-29,M&E Officer
BEN008,TEACHING HOSPITAL GBOKO II,BENUE,GBOKO,2024-01-01,2024,1,1,2519.0,90.0,76.0,6280,97,732.0,9,7,3886.0,75,4301.0,3451.0,2949.0,2024-02-16,M&E Officer
LAG015,MODEL PRIMARY HEALTH CENTRE BADAGRY II,LAGOS,BADAGRY,2024-12-31,2024,12,4,313.0,10.0,9.0,1074,12,70.0,1,0,655.0,14,968.0,746.0,711.0,2025-01-15,Facility Focal Person
NAS006,PRIMARY HEALTH CENTRE LAFIA II,NASARAWA,LAFIA,2022-02-28,2022,2,1,223.0,11.0,9.0,1039,13,55.0,0,0,932.0,17,788.0,,428.0,2022-03-13,Facility Focal Person
RIV013,MISSION HOSPITAL PORT HARCOURT II,RIVERS,PORT HARCOURT,2022-11-30,2022,11,4,582.0,17.0,13.0,2216,19,156.0,6,5,1600.0,34,1839.0,1415.0,1339.0,2022-12-13,M&E Officer
AKS013,MODEL PRIMARY HEALTH CENTRE ABAK II,AKWA IBOM,ABAK,2024-01-31,2024,1,1,351.0,10.0,8.0,634,7,86.0,2,1,385.0,7,459.0,396.0,356.0,2024-02-11,Data Clerk
KAD010,COTTAGE HOSPITAL CHIKUN II,KADUNA,CHIKUN,2023-04-30,2023,4,2,267.0,8.0,7.0,951,15,59.0,1,0,708.0,10,722.0,587.0,538.0,2023-05-11,Data Clerk
CRS009,COMPREHENSIVE HEALTH CENTRE OBUDU II,CROSS RIVER,OBUDU,2023-06-30,2023,6,2,488.0,20.0,14.0,842,2,,1,0,619.0,7,752.0,662.0,574.0,2023-07-21,Facility Focal Person
LAG099,PRIMARY HEALTH CENTRE SURULERE II,LAGOS,SURULERE,2022-11-30,2022,11,4,462.0,18.0,13.0,938,9,111.0,4,3,753.0,18,664.0,535.0,481.0,2022-12-15,Facility Focal Person
CRS009,COMPREHENSIVE HEALTH CENTRE OBUDU II,CROSS RIVER,OBUDU,2022-06-01,2022,6,2,554.0,20.0,17.0,728,5,123.0,2,1,635.0,13,,517.0,424.0,2022-07-13,Facility Focal Person
NAS001,MODEL PRIMARY HEALTH CENTRE LAFIA,NASARAWA,LAFIA,2022-07-31,2022,7,3,239.0,0.0,0.0,483,7,58.0,0,0,300.0,5,331.0,286.0,256.0,2022-09-15,Data Clerk
RIV003,COMPREHENSIVE HEALTH CENTRE KHANA,RIVERS,KHANA,2024-06-30,2024,6,2,448.0,23.0,16.0,1076,5,108.0,1,0,776.0,14,923.0,817.0,730.0,2024-07-13,Data Clerk
LAG010,PRIMARY HEALTH CENTRE SURULERE II,LAGOS,SURULERE,2023-02-28,2023,2,1,415.0,11.0,10.0,952,7,115.0,0,0,661.0,14,839.0,506.0,459.0,2023-03-13,Data Clerk
NAS014,TEACHING HOSPITAL AKWANGA II,NASARAWA,AKWANGA,2024-08-31,2024,8,3,2343.0,83.0,66.0,5101,66,596.0,9,7,4476.0,77,4110.0,2690.0,2374.0,2024-10-16,Facility Focal Person
FCT013,COTTAGE HOSPITAL GWAGWALADA II,FCT,GWAGWALADA,2024-04-30,2024,4,2,1133.0,13.0,9.0,1246,22,222.0,1,0,926.0,16,1156.0,1058.0,1002.0,2024-05-15,Data Clerk
NAS013,GENERAL HOSPITAL KEFFI II,NASARAWA,KEFFI,2022-08-31,2022,8,3,491.0,19.0,16.0,,10,146.0,4,3,1187.0,27,1207.0,1006.0,913.0,2022-09-15,Facility Focal Person
FCT004,MODEL PRIMARY HEALTH CENTRE KUJE,FCT,KUJE,2024-05-31,2024,5,2,406.0,12.0,10.0,1262,20,102.0,6,5,1193.0,13,949.0,822.0,737.0,2024-06-13,Facility Focal Person
LAG008,COTTAGE HOSPITAL LAGOS ISLAND II,LAGOS,LAGOS ISLAND,2023-05-31,2023,5,2,125.0,9.0,7.0,805,13,21.0,0,0,503.0,14,597.0,381.0,361.0,2023-06-16,Facility Focal Person
CRS014,COMPREHENSIVE HEALTH CENTRE OBUDU II,CROSS RIVER,OBUDU,2024-05-31,2024,5,2,394.0,15.0,11.0,189,3,58.0,1,0,163.0,2,132.0,77.0,71.0,2024-06-13,M&E Officer
CRS002,COMPREHENSIVE HEALTH CENTRE IKOM,CROSS RIVER,IKOM,2024-05-31,2024,5,2,187.0,8.0,6.0,269,4,21.0,1,0,178.0,3,196.0,151.0,140.0,2024-06-11,Data Clerk
KAD003,MISSION HOSPITAL ZARIA,KADUNA,ZARIA,2023-09-30,2023,9,3,1005.0,49.0,38.0,2777,8,198.0,3,2,2542.0,38,2024.0,1603.0,1315.0,2023-10-15,Data Clerk
RIV009,MISSION HOSPITAL KHANA II,RIVERS,KHANA,2023-06-30,2023,6,2,545.0,4.0,3.0,806,6,171.0,1,0,598.0,11,578.0,395.0,378.0,2023-07-16,M&E Officer
RIV001,MODEL PRIMARY HEALTH CENTRE PORT HARCOURT,RIVERS,PORT HARCOURT,2022-03-31,2022,3,1,101.0,0.0,0.0,1170,12,23.0,0,0,1023.0,16,803.0,591.0,539.0,2022-04-16,Data Clerk
AKS003,MODEL PRIMARY HEALTH CENTRE EKET,AKWA IBOM,EKET,2023-08-31,2023,8,3,,18.0,13.0,334,0,92.0,3,2,309.0,312,,229.0,214.0,2023-09-16,Facility Focal Person
CRS012,MODEL PRIMARY HEALTH CENTRE IKOM II,CROSS RIVER,IKOM,2023-03-31,2023,3,1,342.0,7.0,5.0,791,14,64.0,1,0,616.0,9,735.0,434.0,356.0,2023-05-16,Data Clerk
LAG011,COTTAGE HOSPITAL AGEGE II,LAGOS,AGEGE,2022-04-01,2022,4,2,472.0,5.0,3.0,1825,28,145.0,1,0,1260.0,18,1313.0,1040.0,998.0,2022-05-18,M&E Officer
NAS010,TEACHING HOSPITAL NASARAWA II,NASARAWA,NASARAWA,2024-04-30,2024,4,2,3108.0,,-3.0,5455,19,769.0,36,28,4017.0,69,4763.0,3411.0,2841.0,2024-05-13,M&E Officer
KAD014,GENERAL HOSPITAL SABON GARI II,KADUNA,SABON GARI,2024-01-31,2024,1,1,219.0,5.0,4.0,2327,7,45.0,1,0,1959.0,33,1619.0,1522.0,1406.0,2024-02-11,Data Clerk
FCT011,COTTAGE HOSPITAL AMAC II,FCT,AMAC,2023-02-01,2023,2,1,389.0,17.0,14.0,2199,7,81.0,0,0,1590.0,37,1872.0,1652.0,1573.0,2023-03-13,Data Clerk
NAS003,COTTAGE HOSPITAL KEFFI,NASARAWA,KEFFI,2024-02-29,2024,2,1,274.0,1.0,0.0,1543,18,50.0,1,0,1435.0,22,1244.0,1121.0,1037.0,2024-03-18,Data Clerk
RIV015,SPECIALIST HOSPITAL KHANA II,RIVERS,KHANA,2022-05-31,2022,5,2,457.0,16.0,14.0,2429,46,101.0,3,2,1609.0,28,2085.0,1551.0,1341.0,2022-06-15,M&E Officer
LAG010,PRIMARY HEALTH CENTRE SURULERE II,LAGOS,SURULERE,2023-09-30,2023,9,3,451.0,16.0,11.0,948,18,134.0,4,3,568.0,8,720.0,450.0,389.0,2023-10-13,Data Clerk
AKS007,TEACHING HOSPITAL IKONO,AKWA IBOM,IKONO,2023-10-31,2023,10,4,733.0,7.0,5.0,5729,101,167.0,1,0,4239.0,67,4288.0,3834.0,3427.0,2023-11-18,Data Clerk
FCT005,PRIMARY HEALTH CENTRE ABAJI,FCT,ABAJI,2023-05-01,2023,5,2,617.0,682.0,9.0,518,1,168.0,2,1,349.0,6,425.0,338.0,298.0,2023-06-16,Facility Focal Person
BEN002,SPECIALIST HOSPITAL GBOKO,BENUE,GBOKO,2023-06-30,2023,6,2,2044.0,43.0,35.0,4517,74,493.0,4,3,3320.0,71,3387.0,2465.0,2274.0,2023-07-16,Data Clerk
LAG006,SPECIALIST HOSPITAL ALIMOSHO,LAGOS,ALIMOSHO,2022-10-31,2022,10,4,765.0,16.0,11.0,5298,81,76.0,0,0,4010.0,72,4054.0,3209.0,2988.0,2022-11-18,Data Clerk
CRS001,MODEL PRIMARY HEALTH CENTRE CALABAR MUNICIPAL,CROSS RIVER,CALABAR MUNICIPAL,2023-09-30,2023,9,3,249.0,7.0,5.0,689,6,,1,0,457.0,5,610.0,579.0,502.0,2023-10-13,Data Clerk
AKS005,COMPREHENSIVE HEALTH CENTRE ORON,AKWA IBOM,ORON,2023-08-31,2023,8,3,144.0,3.0,2.0,1097,2,27.0,0,0,999.0,15,794.0,671.0,551.0,2023-10-16,Data Clerk
NAS013,GENERAL HOSPITAL KEFFI II,NASARAWA,KEFFI,2024-11-01,2024,11,4,676.0,41.0,31.0,1687,28,159.0,3,2,1394.0,35,1335.0,831.0,691.0,2024-12-21,Facility Focal Person
FCT013,COTTAGE HOSPITAL GWAGWALADA II,FCT,GWAGWALADA,2024-11-30,2024,11,4,1354.0,14.0,10.0,1242,18,240.0,1,0,694.0,12,909.0,832.0,702.0,2024-12-21,M&E Officer
XXX999,MODEL PRIMARY HEALTH CENTRE KADUNA NORTH,KADUNA,KADUNA NORTH,2022-11-30,2022,11,4,161.0,14.0,10.0,786,10,23.0,1,0,,4,666.0,529.0,452.0,2022-12-21,Data Clerk
FCT010,MODEL PRIMARY HEALTH CENTRE ABAJI II,FCT,ABAJI,2023-12-31,2023,12,4,390.0,423.0,10.0,430,3,41.0,0,0,295.0,7,371.0,251.0,239.0,2024-01-16,Facility Focal Person
NAS009,COTTAGE HOSPITAL AKWANGA II,NASARAWA,AKWANGA,2023-02-28,2023,2,1,1052.0,4.0,3.0,478,2,182.0,0,0,417.0,5,444.0,405.0,374.0,2023-03-11,Facility Focal Person
KAD011,PRIMARY HEALTH CENTRE KADUNA NORTH II,KADUNA,KADUNA NORTH,2023-12-31,2023,12,4,216.0,3.0,2.0,573,7,34.0,1,0,371.0,6,448.0,375.0,329.0,2024-01-16,Data Clerk
LAG006,SPECIALIST HOSPITAL ALIMOSHO,LAGOS,ALIMOSHO,2023-04-30,2023,4,2,1073.0,22.0,18.0,5001,64,241.0,3,2,3436.0,59,4136.0,3735.0,3071.0,2023-05-13,M&E Officer
FCT008,TEACHING HOSPITAL GWAGWALADA II,FCT,GWAGWALADA,2023-12-31,2023,12,4,762.0,43.0,38.0,4861,75,120.0,3,2,4207.0,83,4310.0,3006.0,2808.0,2024-01-18,M&E Officer
XXX999,COMPREHENSIVE HEALTH CENTRE AKAMKPA II,CROSS RIVER,AKAMKPA,2022-01-31,2022,1,1,58.0,0.0,0.0,443,3,14.0,0,0,372.0,10,311.0,206.0,192.0,2022-02-13,Data Clerk
CRS004,COMPREHENSIVE HEALTH CENTRE OBUDU,CROSS RIVER,OBUDU,2023-09-30,2023,9,3,237.0,2.0,1.0,459,1,26.0,103,0,421.0,7,337.0,210.0,181.0,2023-10-18,Facility Focal Person
FCT002,GENERAL HOSPITAL BWARI,FCT,BWARI,2022-03-31,2022,3,1,95.0,5.0,3.0,649,4,13.0,0,0,486.0,9,521.0,346.0,327.0,2022-04-21,Facility Focal Person
FCT014,GENERAL HOSPITAL KUJE II,FCT,KUJE,2024-11-30,2024,11,4,928.0,44.0,39.0,2607,8,270.0,7,5,1602.0,25,1952.0,1487.0,1347.0,2024-12-21,Facility Focal Person
NAS001,MODEL PRIMARY HEALTH CENTRE LAFIA,NASARAWA,LAFIA,2024-06-30,2024,6,2,231.0,2.0,1.0,396,4,72.0,1,0,299.0,5,349.0,297.0,279.0,2024-07-13,M&E Officer
NAS010,TEACHING HOSPITAL NASARAWA II,NASARAWA,NASARAWA,2023-02-28,2023,2,1,1570.0,74.0,65.0,4757,48,164.0,10,9,3732.0,48,3390.0,2825.0,2480.0,2023-03-16,M&E Officer
KAD012,COMPREHENSIVE HEALTH CENTRE KADUNA SOUTH II,KADUNA,KADUNA SOUTH,2023-09-30,2023,9,3,441.0,4.0,2.0,640,11,108.0,0,0,480.0,6,564.0,491.0,404.0,2023-10-13,Facility Focal Person
BEN011,MODEL PRIMARY HEALTH CENTRE KATSINA-ALA II,BENUE,KATSINA-ALA,2023-05-01,2023,5,2,280.0,13.0,9.0,340,1,72.0,0,0,309.0,5,246.0,213.0,179.0,2023-06-18,M&E Officer
RIV002,TEACHING HOSPITAL OBIO/AKPOR,RIVERS,OBIO/AKPOR,2023-06-30,2023,6,2,1696.0,31.0,24.0,4637,31,206.0,2,1,3993.0,70,3986.0,2259.0,1879.0,2023-07-16,Data Clerk
AKS002,GENERAL HOSPITAL IKOT EKPENE,AKWA IBOM,IKOT EKPENE,2022-06-30,2022,6,2,268.0,3.0,2.0,673,8,71.0,1,0,406.0,6,584.0,497.0,441.0,2022-07-16,Data Clerk
RIV001,MODEL PRIMARY HEALTH CENTRE PORT HARCOURT,RIVERS,PORT HARCOURT,2023-09-30,2023,9,3,121.0,0.0,0.0,938,17,37.0,0,0,571.0,8,710.0,436.0,381.0,2023-10-13,M&E Officer
CRS009,COMPREHENSIVE HEALTH CENTRE OBUDU II,CROSS RIVER,OBUDU,2023-11-30,2023,11,4,541.0,31.0,24.0,893,12,166.0,8,6,597.0,5,729.0,618.0,545.0,2023-12-21,Data Clerk
NAS012,MISSION HOSPITAL KARU II,NASARAWA,KARU,2024-03-31,2024,3,1,1013.0,25.0,22.0,1347,20,304.0,4,3,1261.0,21,1076.0,1013.0,914.0,2024-04-13,M&E Officer
AKS007,TEACHING HOSPITAL IKONO,AKWA IBOM,IKONO,2024-04-30,2024,4,2,1146.0,10.0,9.0,5376,83,172.0,1,0,3007.0,63,4803.0,3714.0,3086.0,2024-05-29,Facility Focal Person
BEN008,TEACHING HOSPITAL GBOKO II,BENUE,GBOKO,2022-12-01,2022,12,4,1909.0,31.0,28.0,6151,86,551.0,8,7,3845.0,55,5720.0,4101.0,3397.0,2023-01-16,M&E Officer
FCT001,MISSION HOSPITAL AMAC,FCT,AMAC,2024-03-31,2024,3,1,1171.0,13.0,10.0,1196,18,301.0,1,0,1083.0,17,1010.0,936.0,800.0,2024-04-15,Data Clerk
KAD008,MODEL PRIMARY HEALTH CENTRE ZARIA II,KADUNA,ZARIA,2023-09-30,2023,9,3,418.0,10.0,8.0,1183,23,112.0,1,0,853.0,18,1048.0,678.0,558.0,2023-10-16,M&E Officer
BEN011,MODEL PRIMARY HEALTH CENTRE KATSINA-ALA II,BENUE,KATSINA-ALA,2022-07-31,2022,7,3,256.0,4.0,3.0,312,3,43.0,1,0,212.0,4,261.0,200.0,195.0,2022-08-29,Data Clerk
AKS008,PRIMARY HEALTH CENTRE UYO II,AKWA IBOM,UYO,2022-10-31,2022,10,4,91.0,2.0,1.0,85,0,27.0,0,0,70.0,0,59.0,41.0,38.0,2022-11-16,Data Clerk
FCT001,MISSION HOSPITAL AMAC,FCT,AMAC,2023-04-30,2023,4,2,-6.0,11.0,8.0,1274,14,271.0,1,0,863.0,17,906.0,632.0,532.0,2023-05-11,M&E Officer
LAG003,TEACHING HOSPITAL BADAGRY,LAGOS,BADAGRY,2022-02-28,2022,2,1,2260.0,69.0,66.0,6099,36,268.0,7,6,3593.0,61,5504.0,4487.0,3721.0,2022-03-11,Data Clerk
LAG004,COMPREHENSIVE HEALTH CENTRE SURULERE,LAGOS,SURULERE,2022-02-28,2022,2,1,448.0,4.0,3.0,634,7,136.0,5,3,585.0,11,515.0,427.0,383.0,2022-03-16,Data Clerk
KAD014,GENERAL HOSPITAL SABON GARI II,KADUNA,SABON GARI,2022-08-31,2022,8,3,199.0,5.0,3.0,2694,32,21.0,0,0,1567.0,29,2002.0,1355.0,1310.0,2022-09-13,M&E Officer
RIV009,MISSION HOSPITAL KHANA II,RIVERS,KHANA,2022-07-31,2022,7,3,542.0,5.0,3.0,842,12,108.0,2,1,760.0,10,733.0,430.0,399.0,2022-08-15,Facility Focal Person
TMP001,PRIMARY HEALTH CENTRE IKORODU II,LAGOS,IKORODU,2024-11-01,2024,11,4,423.0,8.0,6.0,647,10,130.0,5,4,553.0,9,515.0,335.0,322.0,2024-12-21,Data Clerk
LAG011,COTTAGE HOSPITAL AGEGE II,LAGOS,AGEGE,2024-11-30,2024,11,4,671.0,18.0,15.0,,21,67.0,0,0,1037.0,22,1377.0,1256.0,1168.0,2024-12-18,Facility Focal Person
AKS010,GENERAL HOSPITAL EKET II,AKWA IBOM,EKET,2023-05-31,2023,5,2,733.0,5.0,4.0,,31,83.0,2,1,1577.0,31,1302.0,775.0,756.0,2023-06-21,M&E Officer
LAG099,PRIMARY HEALTH CENTRE OTUKPO II,BENUE,OTUKPO,2023-10-01,2023,10,4,145.0,5.0,3.0,758,11,21.0,1,0,453.0,10,690.0,396.0,346.0,2023-11-16,Data Clerk
NAS011,MISSION HOSPITAL LAFIA II,NASARAWA,LAFIA,2023-05-31,2023,5,2,1496.0,12.0,10.0,2620,20,253.0,1,0,1925.0,27,1939.0,,1039.0,2023-06-18,Facility Focal Person
XXX999,PRIMARY HEALTH CENTRE IKONO II,AKWA IBOM,IKONO,2023-01-31,2023,1,1,226.0,9.0,6.0,598,11,44.0,0,0,347.0,8,433.0,302.0,280.0,2023-02-11,Data Clerk
KAD010,COTTAGE HOSPITAL CHIKUN II,KADUNA,CHIKUN,2024-02-29,2024,2,1,210.0,11.0,10.0,964,11,26.0,0,0,652.0,7,830.0,621.0,523.0,2024-03-13,M&E Officer
NAS010,TEACHING HOSPITAL NASARAWA II,NASARAWA,NASARAWA,2022-03-31,2022,3,1,1954.0,92.0,67.0,,75,439.0,11,9,3189.0,61,3231.0,2372.0,2275.0,2022-04-21,Data Clerk
FCT007,SPECIALIST HOSPITAL BWARI II,FCT,BWARI,2022-09-30,2022,9,3,1734.0,37.0,,4426,79,388.0,3,2,3340.0,63,3112.0,2035.0,1964.0,2022-10-15,Data Clerk
KAD012,COMPREHENSIVE HEALTH CENTRE KADUNA SOUTH II,KADUNA,KADUNA SOUTH,2024-01-31,2024,1,1,446.0,5.0,4.0,628,4,79.0,0,0,535.0,11,460.0,366.0,314.0,2024-02-16,Data Clerk
LAG005,MISSION HOSPITAL AGEGE,LAGOS,AGEGE,2022-07-31,2022,7,3,1299.0,36.0,32.0,,24,257.0,2,1,878.0,15,1322.0,1074.0,927.0,2022-08-16,M&E Officer
NAS002,COTTAGE HOSPITAL KARU,NASARAWA,KARU,2023-01-31,2023,1,1,337.0,3.0,2.0,312,2,52.0,0,0,267.0,6,258.0,153.0,140.0,2023-03-01,Facility Focal Person
NAS015,SPECIALIST HOSPITAL NASARAWA II,NASARAWA,NASARAWA,2024-12-31,2024,12,4,1239.0,52.0,39.0,3400,36,395.0,5,4,2580.0,39,3064.0,2348.0,1966.0,2025-01-13,Data Clerk
KAD008,MODEL PRIMARY HEALTH CENTRE ZARIA II,KADUNA,ZARIA,2024-12-01,2024,12,4,330.0,9.0,7.0,1161,11,66.0,1,0,781.0,15,807.0,588.0,512.0,2025-01-13,M&E Officer
NAS999,SPECIALIST HOSPITAL ZARIA II,KADUNA,ZARIA,2022-07-31,2022,7,3,2444.0,143.0,119.0,1788,29,394.0,13,11,1078.0,25,1578.0,1018.0,956.0,2022-08-29,Facility Focal Person
KAD006,SPECIALIST HOSPITAL KADUNA NORTH II,KADUNA,KADUNA NORTH,2022-07-31,2022,7,3,2118.0,46.0,41.0,1571,19,262.0,4,3,1113.0,25,1169.0,651.0,685.0,2022-08-13,Data Clerk
BEN006,PRIMARY HEALTH CENTRE VANDEIKYA,BENUE,VANDEIKYA,2023-04-30,2023,4,2,236.0,10.0,9.0,334,5,45.0,1,0,187.0,2,257.0,188.0,171.0,2023-05-29,Data Clerk
FCT007,SPECIALIST HOSPITAL BWARI II,FCT,BWARI,2024-11-30,2024,11,4,2005.0,36.0,34.0,4229,63,468.0,3,2,2390.0,41,3341.0,2610.0,2518.0,2024-12-18,M&E Officer
NAS003,COTTAGE HOSPITAL KEFFI,NASARAWA,KEFFI,2023-06-01,2023,6,2,373.0,4.0,3.0,1647,15,89.0,1,0,1089.0,28,1395.0,1302.0,1266.0,2023-07-11,Facility Focal Person
NAS002,COTTAGE HOSPITAL KARU,NASARAWA,KARU,2023-11-30,2023,11,4,473.0,2.0,1.0,305,4,96.0,0,0,238.0,3,265.0,178.0,151.0,2023-12-11,M&E Officer
AKS010,GENERAL HOSPITAL EKET II,AKWA IBOM,EKET,2023-12-31,2023,12,4,623.0,10.0,9.0,1604,23,115.0,0,0,1267.0,17,1105.0,660.0,560.0,2024-01-15,M&E Officer
CRS011,COMPREHENSIVE HEALTH CENTRE CALABAR MUNICIPAL II,CROSS RIVER,CALABAR MUNICIPAL,2022-03-31,2022,3,1,293.0,7.0,6.0,454,7,44.0,2,1,388.0,6,363.0,205.0,168.0,2022-04-16,Data Clerk
NAS009,COTTAGE HOSPITAL AKWANGA II,NASARAWA,AKWANGA,2022-11-30,2022,11,4,858.0,4.0,3.0,478,5,200.0,2,1,321.0,7,381.0,259.0,238.0,2022-12-29,Data Clerk
NAS007,GENERAL HOSPITAL KARU II,NASARAWA,KARU,2024-02-29,2024,2,1,669.0,,4.0,2128,10,137.0,1,0,1189.0,17,1486.0,1367.0,,2024-03-15,Facility Focal Person
BEN010,MODEL PRIMARY HEALTH CENTRE OKPOKWU II,BENUE,OKPOKWU,2023-12-01,2023,12,4,313.0,2.0,1.0,725,7,50.0,0,0,632.0,13,630.0,579.0,476.0,2024-01-13,M&E Officer
RIV004,MODEL PRIMARY HEALTH CENTRE AHOADA EAST,RIVERS,AHOADA EAST,2022-09-30,2022,9,3,442.0,7.0,6.0,864,16,126.0,2,1,610.0,15,740.0,482.0,462.0,2022-10-18,Data Clerk
LAG014,COTTAGE HOSPITAL LAGOS ISLAND II,LAGOS,LAGOS ISLAND,2023-07-31,2023,7,3,744.0,12.0,10.0,1794,16,98.0,0,0,1393.0,22,1419.0,1101.0,952.0,2023-08-16,Data Clerk
RIV003,COMPREHENSIVE HEALTH CENTRE KHANA,RIVERS,KHANA,2023-09-30,2023,9,3,310.0,14.0,13.0,1036,7,62.0,1,0,663.0,14,712.0,441.0,418.0,2023-10-11,Data Clerk
LAG099,COMPREHENSIVE HEALTH CENTRE CALABAR MUNICIPAL II,CROSS RIVER,CALABAR MUNICIPAL,2023-09-30,2023,9,3,363.0,5.0,4.0,482,3,64.0,1,0,325.0,8,347.0,239.0,215.0,2023-10-11,Facility Focal Person
KAD015,GENERAL HOSPITAL CHIKUN II,KADUNA,CHIKUN,2022-05-31,2022,5,2,352.0,11.0,7.0,,13,110.0,0,0,1094.0,32,1450.0,1161.0,1107.0,2022-06-16,Facility Focal Person
CRS006,PRIMARY HEALTH CENTRE CALABAR MUNICIPAL II,CROSS RIVER,CALABAR MUNICIPAL,2023-06-30,2023,6,2,613.0,22.0,18.0,1339,8,119.0,0,0,1156.0,21,1082.0,691.0,621.0,2023-07-18,M&E Officer
KAD004,SPECIALIST HOSPITAL SABON GARI,KADUNA,SABON GARI,2023-04-30,2023,4,2,2626.0,152.0,130.0,4535,33,415.0,5,4,2781.0,46,3488.0,1960.0,1805.0,2023-05-16,M&E Officer
CRS004,COMPREHENSIVE HEALTH CENTRE OBUDU,CROSS RIVER,OBUDU,2024-06-01,2024,6,2,299.0,8.0,6.0,459,4,82.0,2,1,300.0,7,345.0,251.0,226.0,2024-07-13,Data Clerk
AKS004,COMPREHENSIVE HEALTH CENTRE ETINAN,AKWA IBOM,ETINAN,2022-08-31,2022,8,3,192.0,7.0,6.0,991,6,51.0,1,0,682.0,14,748.0,670.0,564.0,2022-09-11,Facility Focal Person
NAS005,MISSION HOSPITAL NASARAWA,NASARAWA,NASARAWA,2023-08-31,2023,8,3,1447.0,40.0,38.0,543,3,186.0,3,2,315.0,3,503.0,402.0,348.0,2023-09-13,Data Clerk
BEN012,COTTAGE HOSPITAL VANDEIKYA II,BENUE,VANDEIKYA,2023-11-30,2023,11,4,502.0,5.0,4.0,454,5,137.0,0,0,352.0,5,407.0,343.0,325.0,2023-12-13,Facility Focal Person
BEN005,MODEL PRIMARY HEALTH CENTRE KATSINA-ALA,BENUE,KATSINA-ALA,2022-09-30,2022,9,3,619.0,23.0,18.0,455,5,118.0,3,2,323.0,6,402.0,271.0,264.0,2022-10-21,Data Clerk
NAS008,COMPREHENSIVE HEALTH CENTRE KEFFI II,NASARAWA,KEFFI,2024-06-30,2024,6,2,84.0,1.0,0.0,761,11,14.0,0,0,528.0,7,556.0,,469.0,2024-07-18,Facility Focal Person
BEN003,GENERAL HOSPITAL OTUKPO,BENUE,OTUKPO,2022-02-28,2022,2,1,512.0,19.0,15.0,2598,51,131.0,1,0,1887.0,36,1928.0,1798.0,1731.0,2022-03-13,Data Clerk
KAD009,MODEL PRIMARY HEALTH CENTRE SABON GARI II,KADUNA,SABON GARI,2024-01-31,2024,1,1,510.0,22.0,19.0,902,10,,3,2,532.0,11,798.0,,404.0,2024-02-11,Data Clerk
AKS002,GENERAL HOSPITAL IKOT EKPENE,AKWA IBOM,IKOT EKPENE,2023-10-31,2023,10,4,255.0,4.0,3.0,596,8,68.0,1,0,396.0,5,469.0,433.0,409.0,2023-11-13,Data Clerk
NAS001,MODEL PRIMARY HEALTH CENTRE LAFIA,NASARAWA,LAFIA,2022-10-31,2022,10,4,116.0,1.0,0.0,474,1,27.0,0,0,418.0,11,433.0,382.0,360.0,2022-11-16,Facility Focal Person
XXX999,SPECIALIST HOSPITAL KHANA II,RIVERS,KHANA,2024-10-31,2024,10,4,496.0,24.0,19.0,2167,32,137.0,6,5,1279.0,18,1776.0,1017.0,975.0,2024-11-15,M&E Officer
LAG004,COMPREHENSIVE HEALTH CENTRE SURULERE,LAGOS,SURULERE,2022-12-31,2022,12,4,362.0,8.0,7.0,617,8,51.0,0,0,558.0,9,528.0,487.0,455.0,2023-01-13,Data Clerk
CRS008,COTTAGE HOSPITAL OGOJA II,CROSS RIVER,OGOJA,2023-01-31,2023,1,1,312.0,15.0,13.0,2252,35,63.0,3,2,1769.0,32,1790.0,1822.0,1168.0,2023-03-01,Data Clerk
KAD008,MODEL PRIMARY HEALTH CENTRE ZARIA II,KADUNA,ZARIA,2024-09-30,2024,9,3,405.0,18.0,13.0,1165,18,116.0,5,4,990.0,20,856.0,765.0,689.0,2024-10-21,Data Clerk
KAD009,MODEL PRIMARY HEALTH CENTRE SABON GARI II,KADUNA,SABON GARI,2022-05-31,2022,5,2,630.0,21.0,18.0,682,8,177.0,4,3,429.0,6,631.0,526.0,,2022-06-29,M&E Officer
RIV005,MISSION HOSPITAL DEGEMA,RIVERS,DEGEMA,2023-12-31,2023,12,4,167.0,6.0,5.0,1328,21,39.0,1,0,954.0,20,1207.0,689.0,639.0,2024-01-11,Data Clerk
BEN001,MISSION HOSPITAL MAKURDI,BENUE,MAKURDI,2023-02-01,2023,2,1,801.0,8.0,7.0,1953,11,94.0,1,0,1472.0,26,1753.0,1390.0,1141.0,2023-03-29,M&E Officer
NAS999,MISSION HOSPITAL ZARIA,KADUNA,ZARIA,2024-02-29,2024,2,1,1020.0,47.0,44.0,2814,16,205.0,212,4,2211.0,42,2583.0,1844.0,1807.0,2024-02-04,Data Clerk
BEN009,PRIMARY HEALTH CENTRE OTUKPO II,BENUE,OTUKPO,2023-01-31,2023,1,1,218.0,1.0,0.0,467,4,29.0,0,0,363.0,3,392.0,322.0,269.0,2023-02-13,M&E Officer
AKS003,MODEL PRIMARY HEALTH CENTRE EKET,AKWA IBOM,EKET,2022-01-31,2022,1,1,250.0,11.0,10.0,128,1,43.0,2,1,103.0,3,98.0,55.0,45.0,2022-02-11,Data Clerk
LAG009,MISSION HOSPITAL BADAGRY II,LAGOS,BADAGRY,2023-07-31,2023,7,3,563.0,15.0,14.0,2484,37,168.0,2,1,2236.0,38,2304.0,1837.0,1609.0,2023-08-18,Data Clerk
FCT010,MODEL PRIMARY HEALTH CENTRE ABAJI II,FCT,ABAJI,2022-01-31,2022,1,1,265.0,13.0,9.0,252,4,36.0,1,0,192.0,1,197.0,133.0,124.0,2022-02-18,Facility Focal Person
LAG005,MISSION HOSPITAL AGEGE,LAGOS,AGEGE,2022-05-31,2022,5,2,1123.0,35.0,29.0,1502,15,320.0,8,7,1187.0,28,1235.0,732.0,675.0,2022-06-16,M&E Officer
RIV006,COTTAGE HOSPITAL ELEME,RIVERS,ELEME,2023-12-31,2023,12,4,1092.0,39.0,28.0,2674,29,137.0,1,0,1742.0,26,2473.0,1753.0,1586.0,2024-01-13,M&E Officer
FCT003,SPECIALIST HOSPITAL GWAGWALADA,FCT,GWAGWALADA,2024-03-31,2024,3,1,745.0,13.0,10.0,5234,64,106.0,2,1,4877.0,88,4199.0,2568.0,2173.0,2024-04-21,Facility Focal Person
RIV013,MISSION HOSPITAL PORT HARCOURT II,RIVERS,PORT HARCOURT,2024-10-31,2024,10,4,681.0,19.0,14.0,2098,30,127.0,5,3,1625.0,28,1673.0,1000.0,905.0,2024-11-15,M&E Officer
BEN004,GENERAL HOSPITAL OKPOKWU,BENUE,OKPOKWU,2022-03-31,2022,3,1,1015.0,9.0,6.0,357,4,136.0,1,0,211.0,7,298.0,181.0,155.0,2022-04-13,Data Clerk
BEN002,SPECIALIST HOSPITAL GBOKO,BENUE,GBOKO,2022-10-31,2022,10,4,1765.0,28.0,23.0,4790,49,552.0,9,7,3862.0,69,4362.0,3713.0,3367.0,2022-11-11,M&E Officer
BEN005,MODEL PRIMARY HEALTH CENTRE KATSINA-ALA,BENUE,KATSINA-ALA,2023-10-31,2023,10,4,498.0,12.0,11.0,535,7,111.0,2,1,313.0,7,404.0,374.0,326.0,2023-11-11,Facility Focal Person
FCT003,SPECIALIST HOSPITAL GWAGWALADA,FCT,GWAGWALADA,2022-03-31,2022,3,1,434.0,11.0,9.0,6612,70,66.0,0,0,4096.0,74,5568.0,4303.0,3554.0,2022-04-15,Facility Focal Person
KAD001,MODEL PRIMARY HEALTH CENTRE KADUNA NORTH,KADUNA,KADUNA NORTH,2022-03-31,2022,3,1,183.0,4.0,2.0,792,10,48.0,2,1,739.0,19,687.0,560.0,548.0,2022-04-13,M&E Officer
RIV013,MISSION HOSPITAL PORT HARCOURT II,RIVERS,PORT HARCOURT,2024-03-31,2024,3,1,670.0,29.0,28.0,2136,19,154.0,0,0,1192.0,13,1935.0,1537.0,1411.0,2024-04-15,M&E Officer
BEN014,COMPREHENSIVE HEALTH CENTRE GBOKO II,BENUE,GBOKO,2024-10-31,2024,10,4,465.0,3.0,2.0,749,10,121.0,2,1,533.0,8,587.0,542.0,479.0,2024-11-13,M&E Officer
NAS013,GENERAL HOSPITAL KEFFI II,NASARAWA,KEFFI,2024-04-30,2024,4,2,594.0,25.0,19.0,1651,5,73.0,2,1,1105.0,22,1305.0,979.0,902.0,2024-05-29,Data Clerk
LAG006,SPECIALIST HOSPITAL ALIMOSHO,LAGOS,ALIMOSHO,2024-07-31,2024,7,3,1078.0,25.0,24.0,4543,28,,0,0,3756.0,69,3925.0,2810.0,2438.0,2024-08-16,Data Clerk
FCT012,MISSION HOSPITAL BWARI II,FCT,BWARI,2024-03-31,2024,3,1,1176.0,33.0,-19.0,2884,22,238.0,2,1,1624.0,24,2420.0,2224.0,1850.0,2024-04-16,Facility Focal Person
LAG014,COTTAGE HOSPITAL LAGOS ISLAND II,LAGOS,LAGOS ISLAND,2023-09-30,2023,9,3,624.0,11.0,7.0,1771,27,84.0,0,0,1502.0,27,1457.0,1241.0,1174.0,2023-10-30,Facility Focal Person
KAD003,MISSION HOSPITAL ZARIA,KADUNA,ZARIA,2022-05-01,2022,5,2,1002.0,38.0,36.0,2577,44,121.0,4,3,2364.0,49,2074.0,1316.0,1279.0,2022-06-15,Facility Focal Person
AKS013,MODEL PRIMARY HEALTH CENTRE ABAK II,AKWA IBOM,ABAK,2022-09-30,2022,9,3,430.0,14.0,13.0,554,3,97.0,4,3,479.0,10,409.0,250.0,216.0,2022-10-13,M&E Officer
BEN001,MISSION HOSPITAL MAKURDI,BENUE,MAKURDI,2023-09-01,2023,9,3,1053.0,,8.0,1838,34,333.0,1,0,1486.0,25,1471.0,1334.0,1176.0,2023-10-13,M&E Officer
NAS008,COMPREHENSIVE HEALTH CENTRE KEFFI II,NASARAWA,KEFFI,2024-02-29,2024,2,1,65.0,1.0,0.0,788,8,20.0,1,0,524.0,8,609.0,569.0,495.0,2024-03-29,Data Clerk
RIV004,MODEL PRIMARY HEALTH CENTRE AHOADA EAST,RIVERS,AHOADA EAST,2022-02-28,2022,2,1,351.0,10.0,7.0,878,15,37.0,0,0,676.0,14,699.0,617.0,545.0,2022-03-21,Facility Focal Person
BEN014,COMPREHENSIVE HEALTH CENTRE GBOKO II,BENUE,GBOKO,2022-03-31,2022,3,1,476.0,5.0,3.0,906,5,110.0,1,0,666.0,15,797.0,513.0,449.0,2022-04-13,Data Clerk
NAS006,PRIMARY HEALTH CENTRE LAFIA II,NASARAWA,LAFIA,2024-10-31,2024,10,4,2840.0,15.0,12.0,939,4,54.0,1,0,610.0,8,642.0,468.0,421.0,2024-11-18,Data Clerk
NAS011,MISSION HOSPITAL LAFIA II,NASARAWA,LAFIA,2022-03-31,2022,3,1,1420.0,13.0,12.0,2802,50,317.0,2,1,1810.0,28,2581.0,1936.0,1729.0,2022-04-21,Data Clerk
RIV003,COMPREHENSIVE HEALTH CENTRE KHANA,RIVERS,KHANA,2023-07-31,2023,7,3,364.0,23.0,17.0,1034,19,50.0,2,1,966.0,19,884.0,631.0,555.0,2023-08-11,Facility Focal Person
RIV004,MODEL PRIMARY HEALTH CENTRE AHOADA EAST,RIVERS,AHOADA EAST,2024-01-31,2024,1,1,381.0,11.0,10.0,835,15,89.0,2,1,473.0,8,571.0,388.0,349.0,2024-03-17,Facility Focal Person
BEN005,MODEL PRIMARY HEALTH CENTRE KATSINA-ALA,BENUE,KATSINA-ALA,2024-06-30,2024,6,2,691.0,9.0,8.0,569,1,111.0,0,0,313.0,5,491.0,285.0,259.0,2024-07-21,M&E Officer
AKS014,PRIMARY HEALTH CENTRE IKONO II,AKWA IBOM,IKONO,2023-03-31,2023,3,1,238.0,8.0,6.0,603,2,36.0,0,0,379.0,4,459.0,381.0,365.0,2023-04-13,Data Clerk
BEN015,PRIMARY HEALTH CENTRE OTUKPO II,BENUE,OTUKPO,2022-05-31,2022,5,2,132.0,3.0,2.0,872,6,24.0,1,0,535.0,19,760.0,665.0,599.0,2022-06-11,Data Clerk
NAS009,COTTAGE HOSPITAL AKWANGA II,NASARAWA,AKWANGA,2023-06-30,2023,6,2,1265.0,6.0,5.0,474,4,381.0,4,3,307.0,7,377.0,228.0,210.0,2023-07-18,Data Clerk
BEN011,MODEL PRIMARY HEALTH CENTRE KATSINA-ALA II,BENUE,KATSINA-ALA,2024-03-31,2024,3,1,264.0,9.0,8.0,380,1,38.0,2,1,309.0,5,276.0,314.0,147.0,2024-04-15,Facility Focal Person
KAD011,PRIMARY HEALTH CENTRE KADUNA NORTH II,KADUNA,KADUNA NORTH,2023-06-30,2023,6,2,252.0,8.0,7.0,564,8,36.0,0,0,488.0,5,402.0,324.0,288.0,2023-07-16,M&E Officer
NAS007,GENERAL HOSPITAL KARU II,NASARAWA,KARU,2024-12-31,2024,12,4,673.0,6.0,5.0,,9,149.0,1,0,1559.0,29,1760.0,1036.0,939.0,2025-01-13,Data Clerk
AKS002,GENERAL HOSPITAL IKOT EKPENE,AKWA IBOM,IKOT EKPENE,2023-02-01,2023,2,1,232.0,3.0,2.0,631,4,35.0,0,0,463.0,13,541.0,467.0,392.0,2023-03-15,Data Clerk
CRS007,MODEL PRIMARY HEALTH CENTRE IKOM II,CROSS RIVER,IKOM,2024-03-31,2024,3,1,159.0,5.0,3.0,309,3,39.0,1,0,245.0,8,213.0,177.0,162.0,2024-04-29,Data Clerk
FCT007,SPECIALIST HOSPITAL BWARI II,FCT,BWARI,2023-04-30,2023,4,2,2379.0,67.0,59.0,4358,15,735.0,13,12,3798.0,82,3230.0,2721.0,2444.0,2023-05-15,M&E Officer
RIV009,MISSION HOSPITAL KHANA II,RIVERS,KHANA,2024-07-31,2024,7,3,605.0,5.0,4.0,765,14,134.0,2,1,453.0,8,544.0,358.0,303.0,2024-08-11,M&E Officer
RIV015,SPECIALIST HOSPITAL KHANA II,RIVERS,KHANA,2024-05-31,2024,5,2,604.0,29.0,25.0,2242,42,124.0,6,5,1369.0,19,1638.0,1449.0,1299.0,2024-06-21,Data Clerk
RIV005,MISSION HOSPITAL DEGEMA,RIVERS,DEGEMA,2024-12-31,2024,12,4,160.0,8.0,6.0,1248,22,33.0,0,0,806.0,22,896.0,746.0,614.0,2025-01-13,Data Clerk
FCT009,MODEL PRIMARY HEALTH CENTRE KUJE II,FCT,KUJE,2024-01-31,2024,1,1,139.0,5.0,4.0,474,2,41.0,2,1,374.0,6,427.0,273.0,263.0,2024-02-13,M&E Officer
LAG002,SPECIALIST HOSPITAL LAGOS ISLAND,LAGOS,LAGOS ISLAND,2022-09-30,2022,9,3,2060.0,117.0,109.0,5817,55,469.0,14,12,5516.0,89,5174.0,4478.0,3789.0,2022-10-16,M&E Officer
LAG002,SPECIALIST HOSPITAL LAGOS ISLAND,LAGOS,LAGOS ISLAND,2022-05-31,2022,5,2,2287.0,141.0,107.0,5631,16,366.0,7,5,4157.0,91,4851.0,4359.0,4060.0,2022-06-15,Data Clerk
KAD002,TEACHING HOSPITAL KADUNA SOUTH,KADUNA,KADUNA SOUTH,2024-08-31,2024,8,3,2006.0,23.0,20.0,3583,65,384.0,2,1,2738.0,55,2883.0,1788.0,1631.0,2024-09-15,M&E Officer
CRS012,MODEL PRIMARY HEALTH CENTRE IKOM II,CROSS RIVER,IKOM,2022-09-30,2022,9,3,420.0,4.0,3.0,820,6,101.0,1,0,769.0,15,748.0,617.0,535.0,2022-10-16,Facility Focal Person
RIV001,MODEL PRIMARY HEALTH CENTRE PORT HARCOURT,RIVERS,PORT HARCOURT,2024-10-31,2024,10,4,151.0,0.0,0.0,789,15,22.0,0,0,501.0,8,600.0,521.0,429.0,2024-11-20,M&E Officer
FCT013,COTTAGE HOSPITAL GWAGWALADA II,FCT,GWAGWALADA,2022-05-31,2022,5,2,1033.0,7.0,6.0,1414,5,189.0,2,1,1255.0,13,1303.0,1222.0,1111.0,2022-06-16,M&E Officer
NAS002,COTTAGE HOSPITAL KARU,NASARAWA,KARU,2023-06-30,2023,6,2,601.0,6.0,5.0,304,4,135.0,0,0,287.0,2,212.0,132.0,112.0,2023-07-13,Facility Focal Person
TMP001,MISSION HOSPITAL KARU II,NASARAWA,KARU,2024-07-31,2024,7,3,918.0,19.0,17.0,1376,23,278.0,4,3,776.0,14,1104.0,827.0,684.0,2024-08-15,Facility Focal Person
KAD015,GENERAL HOSPITAL CHIKUN II,KADUNA,CHIKUN,2024-12-31,2024,12,4,226.0,5.0,3.0,1510,14,58.0,1,0,957.0,18,1100.0,980.0,866.0,2025-01-11,M&E Officer
BEN009,PRIMARY HEALTH CENTRE OTUKPO II,BENUE,OTUKPO,2023-10-31,2023,10,4,220.0,1.0,0.0,450,1,37.0,0,0,286.0,5,401.0,308.0,291.0,2023-11-11,Facility Focal Person
KAD009,MODEL PRIMARY HEALTH CENTRE SABON GARI II,KADUNA,SABON GARI,2023-01-31,2023,1,1,526.0,29.0,24.0,770,10,133.0,6,4,480.0,8,576.0,523.0,486.0,2023-02-15,Facility Focal Person
BEN009,PRIMARY HEALTH CENTRE OTUKPO II,BENUE,OTUKPO,2024-12-31,2024,12,4,295.0,3.0,2.0,424,4,73.0,1,0,271.0,4,369.0,220.0,192.0,2025-01-11,M&E Officer
BEN004,GENERAL HOSPITAL OKPOKWU,BENUE,OKPOKWU,2022-08-31,2022,8,3,1171.0,5.0,3.0,371,1,175.0,0,0,252.0,2,,280.0,252.0,2022-08-14,Data Clerk
BEN010,MODEL PRIMARY HEALTH CENTRE OKPOKWU II,BENUE,OKPOKWU,2022-09-30,2022,9,3,239.0,2.0,1.0,808,15,53.0,1,0,,13,559.0,434.0,403.0,2022-10-13,Data Clerk
KAD009,MODEL PRIMARY HEALTH CENTRE SABON GARI II,KADUNA,SABON GARI,2022-07-31,2022,7,3,504.0,22.0,18.0,717,6,64.0,3,2,639.0,15,502.0,379.0,336.0,2022-08-11,Data Clerk
LAG006,SPECIALIST HOSPITAL ALIMOSHO,LAGOS,ALIMOSHO,2022-03-31,2022,3,1,778.0,13.0,12.0,5576,109,138.0,4,3,3467.0,69,3850.0,2122.0,1766.0,2022-04-15,M&E Officer
BEN012,COTTAGE HOSPITAL VANDEIKYA II,BENUE,VANDEIKYA,2022-04-30,2022,4,2,577.0,3.0,2.0,480,7,144.0,1,0,363.0,4,400.0,281.0,234.0,2022-05-16,Data Clerk
FCT010,MODEL PRIMARY HEALTH CENTRE ABAJI II,FCT,ABAJI,2024-12-31,2024,12,4,514.0,12.0,8.0,530,4,74.0,3,2,497.0,5,368.0,303.0,265.0,2025-01-15,Data Clerk
AKS001,COMPREHENSIVE HEALTH CENTRE UYO,AKWA IBOM,UYO,2024-12-31,2024,12,4,517.0,5.0,4.0,329,5,111.0,2,1,277.0,4,277.0,178.0,173.0,2025-01-18,Data Clerk
KAD003,MISSION HOSPITAL ZARIA,KADUNA,ZARIA,2022-09-01,2022,9,3,1398.0,47.0,44.0,,26,340.0,11,8,1664.0,30,2318.0,2177.0,1824.0,2022-10-11,M&E Officer
FCT010,MODEL PRIMARY HEALTH CENTRE ABAJI II,FCT,ABAJI,2022-05-31,2022,5,2,524.0,22.0,18.0,285,1,78.0,1,0,228.0,3,201.0,144.0,131.0,2022-06-11,Facility Focal Person
FCT002,GENERAL HOSPITAL BWARI,FCT,BWARI,2023-03-31,2023,3,1,119.0,6.0,4.0,598,10,26.0,1,0,,11,474.0,346.0,287.0,2023-04-21,Data Clerk
NAS013,GENERAL HOSPITAL KEFFI II,NASARAWA,KEFFI,2024-05-31,2024,5,2,655.0,34.0,28.0,1660,19,,5,4,1200.0,15,1399.0,1027.0,950.0,2024-06-15,Facility Focal Person
BEN006,PRIMARY HEALTH CENTRE VANDEIKYA,BENUE,VANDEIKYA,2024-07-31,2024,7,3,294.0,14.0,11.0,363,3,90.0,4,3,247.0,8,331.0,272.0,247.0,2024-08-13,M&E Officer
AKS010,GENERAL HOSPITAL EKET II,AKWA IBOM,EKET,2024-02-29,2024,2,1,667.0,11.0,10.0,,4,188.0,5,4,1139.0,19,1406.0,851.0,780.0,2024-03-29,Data Clerk
NAS015,SPECIALIST HOSPITAL NASARAWA II,NASARAWA,NASARAWA,2023-01-31,2023,1,1,825.0,53.0,44.0,3202,13,248.0,7,6,2564.0,50,2903.0,1732.0,1667.0,2023-02-15,Data Clerk
FCT014,GENERAL HOSPITAL KUJE II,FCT,KUJE,2023-09-30,2023,9,3,990.0,41.0,32.0,2507,42,234.0,4,3,1687.0,37,1812.0,1604.0,1443.0,2023-10-16,Facility Focal Person
LAG002,SPECIALIST HOSPITAL LAGOS ISLAND,LAGOS,LAGOS ISLAND,2024-06-01,2024,6,2,2842.0,140.0,105.0,6060,95,351.0,7,6,3647.0,70,4245.0,3051.0,2984.0,2024-07-15,Data Clerk
BEN011,MODEL PRIMARY HEALTH CENTRE KATSINA-ALA II,BENUE,KATSINA-ALA,2022-08-31,2022,8,3,175.0,7.0,6.0,316,2,33.0,1,0,180.0,1,282.0,168.0,149.0,2022-09-13,Data Clerk
FCT011,COTTAGE HOSPITAL AMAC II,FCT,AMAC,2024-01-31,2024,1,1,364.0,4.0,3.0,2068,41,105.0,1,0,1793.0,32,1891.0,1699.0,1588.0,2024-02-21,Facility Focal Person
LAG002,SPECIALIST HOSPITAL LAGOS ISLAND,LAGOS,LAGOS ISLAND,2023-08-31,2023,8,3,1985.0,60.0,43.0,5782,81,588.0,10,8,4777.0,96,5168.0,4500.0,4153.0,2023-09-18,M&E Officer
CRS002,COMPREHENSIVE HEALTH CENTRE IKOM,CROSS RIVER,IKOM,2023-11-30,2023,11,4,149.0,4.0,3.0,246,4,33.0,0,0,214.0,5,186.0,117.0,103.0,2023-12-13,Facility Focal Person
CRS015,MODEL PRIMARY HEALTH CENTRE AKAMKPA II,CROSS RIVER,AKAMKPA,2023-11-30,2023,11,4,68.0,1.0,0.0,507,7,8.0,0,0,387.0,6,386.0,267.0,224.0,2023-12-13,M&E Officer
CRS015,MODEL PRIMARY HEALTH CENTRE AKAMKPA II,CROSS RIVER,AKAMKPA,2024-05-31,2024,5,2,107.0,2.0,1.0,494,1,,0,0,322.0,7,376.0,218.0,208.0,2024-06-18,Facility Focal Person
LAG009,MISSION HOSPITAL BADAGRY II,LAGOS,BADAGRY,2023-01-31,2023,1,1,376.0,13.0,9.0,2614,33,69.0,1,0,1938.0,37,2197.0,1455.0,1331.0,2023-02-18,Facility Focal Person
BEN008,TEACHING HOSPITAL GBOKO II,BENUE,GBOKO,2024-06-30,2024,6,2,3259.0,87.0,67.0,6203,122,535.0,7,6,5858.0,97,5355.0,4435.0,4099.0,2024-07-13,Facility Focal Person
LAG006,SPECIALIST HOSPITAL ALIMOSHO,LAGOS,ALIMOSHO,2024-06-30,2024,6,2,,23.0,16.0,4547,16,241.0,4,3,4258.0,77,3617.0,2366.0,2127.0,2024-07-13,Data Clerk
TMP001,PRIMARY HEALTH CENTRE PORT HARCOURT II,RIVERS,PORT HARCOURT,2024-07-31,2024,7,3,524.0,5.0,4.0,603,8,79.0,0,0,481.0,7,531.0,294.0,282.0,2024-08-29,Data Clerk
AKS014,PRIMARY HEALTH CENTRE IKONO II,AKWA IBOM,IKONO,2022-02-28,2022,2,1,217.0,9.0,8.0,602,10,32.0,0,0,351.0,7,551.0,357.0,316.0,2022-03-29,Data Clerk
AKS004,COMPREHENSIVE HEALTH CENTRE ETINAN,AKWA IBOM,ETINAN,2024-09-01,2024,9,3,297.0,5.0,4.0,928,13,59.0,2,1,861.0,10,735.0,583.0,537.0,2024-10-13,Facility Focal Person
RIV007,PRIMARY HEALTH CENTRE PORT HARCOURT II,RIVERS,PORT HARCOURT,2024-09-01,2024,9,3,552.0,4.0,3.0,592,10,87.0,0,0,420.0,7,505.0,330.0,283.0,2024-10-11,M&E Officer
AKS009,PRIMARY HEALTH CENTRE IKOT EKPENE II,AKWA IBOM,IKOT EKPENE,2024-12-31,2024,12,4,95.0,,6.0,239,2,16.0,0,0,220.0,2,212.0,178.0,149.0,2025-01-13,Data Clerk
KAD015,GENERAL HOSPITAL CHIKUN II,KADUNA,CHIKUN,2023-04-30,2023,4,2,380.0,11.0,9.0,1719,18,52.0,1,0,1113.0,18,1450.0,1034.0,881.0,2023-05-16,M&E Officer
RIV005,MISSION HOSPITAL DEGEMA,RIVERS,DEGEMA,2024-07-31,2024,7,3,189.0,5.0,3.0,1283,17,23.0,0,0,800.0,24,1083.0,802.0,782.0,2024-08-11,M&E Officer
NAS003,COTTAGE HOSPITAL KEFFI,NASARAWA,KEFFI,2022-01-31,2022,1,1,247.0,4.0,3.0,1920,36,52.0,1,0,1670.0,24,1363.0,1019.0,921.0,2022-02-11,Data Clerk
NAS014,TEACHING HOSPITAL AKWANGA II,NASARAWA,AKWANGA,2023-01-31,2023,1,1,1043.0,32.0,28.0,4775,78,185.0,4,3,2933.0,51,4256.0,2689.0,2542.0,2023-02-16,M&E Officer
CRS014,COMPREHENSIVE HEALTH CENTRE OBUDU II,CROSS RIVER,OBUDU,2023-12-31,2023,12,4,247.0,3.0,2.0,164,2,30.0,0,0,153.0,3,125.0,109.0,100.0,2024-01-21,M&E Officer
NAS007,GENERAL HOSPITAL KARU II,NASARAWA,KARU,2024-11-30,2024,11,4,770.0,778.0,3.0,1957,32,123.0,2,1,1195.0,15,1565.0,1133.0,968.0,2024-12-29,M&E Officer
FCT006,MISSION HOSPITAL AMAC II,FCT,AMAC,2023-08-31,2023,8,3,693.0,17.0,13.0,2206,9,220.0,3,2,1823.0,28,1567.0,922.0,816.0,2023-09-11,Data Clerk
AKS012,COTTAGE HOSPITAL ORON II,AKWA IBOM,ORON,2022-11-30,2022,11,4,1054.0,59.0,53.0,695,7,262.0,5,4,466.0,6,500.0,330.0,288.0,2022-12-21,M&E Officer
FCT014,GENERAL HOSPITAL KUJE II,FCT,KUJE,2022-11-30,2022,11,4,1084.0,37.0,30.0,2508,19,175.0,7,6,2076.0,36,1916.0,1285.0,1221.0,2022-12-11,Facility Focal Person
RIV013,MISSION HOSPITAL PORT HARCOURT II,RIVERS,PORT HARCOURT,2024-09-30,2024,9,3,741.0,16.0,13.0,2114,24,147.0,4,3,1613.0,25,1925.0,1586.0,1311.0,2024-10-21,Data Clerk
RIV010,TEACHING HOSPITAL AHOADA EAST II,RIVERS,AHOADA EAST,2024-03-31,2024,3,1,735.0,9.0,8.0,2969,41,92.0,0,0,2029.0,42,2262.0,1618.0,1505.0,2024-04-18,Data Clerk
NAS015,SPECIALIST HOSPITAL NASARAWA II,NASARAWA,NASARAWA,2024-03-31,2024,3,1,1060.0,38.0,31.0,3253,8,247.0,7,6,2399.0,44,2327.0,1507.0,1304.0,2024-04-11,Facility Focal Person
KAD011,PRIMARY HEALTH CENTRE KADUNA NORTH II,KADUNA,KADUNA NORTH,2024-01-31,2024,1,1,277.0,13.0,10.0,575,8,47.0,0,0,417.0,3,511.0,407.0,,2024-02-29,M&E Officer
CRS010,COMPREHENSIVE HEALTH CENTRE AKAMKPA II,CROSS RIVER,AKAMKPA,2024-08-01,2024,8,3,107.0,0.0,0.0,336,4,26.0,0,0,211.0,1,306.0,265.0,253.0,2024-09-21,M&E Officer
CRS009,COMPREHENSIVE HEALTH CENTRE OBUDU II,CROSS RIVER,OBUDU,2024-06-30,2024,6,2,720.0,23.0,17.0,938,4,112.0,2,1,516.0,8,,598.0,500.0,2024-08-15,Facility Focal Person
AKS009,PRIMARY HEALTH CENTRE IKOT EKPENE II,AKWA IBOM,IKOT EKPENE,2023-04-30,2023,4,2,76.0,1.0,0.0,225,2,9.0,0,0,187.0,5,166.0,130.0,110.0,2023-05-13,M&E Officer
BEN005,MODEL PRIMARY HEALTH CENTRE KATSINA-ALA,BENUE,KATSINA-ALA,2024-09-30,2024,9,3,589.0,13.0,9.0,584,7,136.0,2,1,425.0,6,,295.0,260.0,2024-10-21,M&E Officer
NAS999,COMPREHENSIVE HEALTH CENTRE OBUDU II,CROSS RIVER,OBUDU,2024-03-31,2024,3,1,415.0,444.0,4.0,175,2,127.0,1,0,,3,160.0,106.0,95.0,2024-04-16,Facility Focal Person
RIV004,MODEL PRIMARY HEALTH CENTRE AHOADA EAST,RIVERS,AHOADA EAST,2023-05-31,2023,5,2,517.0,13.0,10.0,852,7,116.0,6,4,775.0,18,786.0,495.0,461.0,2023-06-11,Data Clerk
BEN003,GENERAL HOSPITAL OTUKPO,BENUE,OTUKPO,2024-02-29,2024,2,1,631.0,24.0,21.0,2411,12,153.0,5,4,2160.0,38,2072.0,1518.0,1365.0,2024-03-13,Facility Focal Person
LAG010,PRIMARY HEALTH CENTRE SURULERE II,LAGOS,SURULERE,2022-08-31,2022,8,3,447.0,17.0,15.0,932,6,106.0,2,1,706.0,13,768.0,680.0,597.0,2022-09-13,Facility Focal Person
CRS010,COMPREHENSIVE HEALTH CENTRE AKAMKPA II,CROSS RIVER,AKAMKPA,2024-11-30,2024,11,4,69.0,2.0,1.0,332,3,13.0,0,0,268.0,6,292.0,250.0,219.0,2024-12-11,M&E Officer
LAG015,MODEL PRIMARY HEALTH CENTRE BADAGRY II,LAGOS,BADAGRY,2023-01-31,2023,1,1,193.0,7.0,6.0,1095,17,27.0,1,0,647.0,12,813.0,662.0,546.0,2023-02-11,Data Clerk
CRS008,COTTAGE HOSPITAL OGOJA II,CROSS RIVER,OGOJA,2023-10-31,2023,10,4,487.0,,9.0,2167,8,57.0,3,2,1908.0,33,1706.0,1341.0,1114.0,2023-11-21,M&E Officer
LAG011,COTTAGE HOSPITAL AGEGE II,LAGOS,AGEGE,2024-10-31,2024,10,4,799.0,11.0,10.0,1551,28,121.0,1,0,1376.0,34,1074.0,790.0,689.0,2024-11-15,M&E Officer
XXX999,MODEL PRIMARY HEALTH CENTRE BADAGRY II,LAGOS,BADAGRY,2024-06-30,2024,6,2,326.0,14.0,13.0,1089,2,43.0,0,0,642.0,11,762.0,538.0,444.0,2024-07-13,M&E Officer
FCT013,COTTAGE HOSPITAL GWAGWALADA II,FCT,GWAGWALADA,2023-03-31,2023,3,1,1262.0,11.0,8.0,1347,26,127.0,0,0,1022.0,24,1020.0,686.0,563.0,2023-04-13,Facility Focal Person
KAD010,COTTAGE HOSPITAL CHIKUN II,KADUNA,CHIKUN,2023-05-31,2023,5,2,211.0,,12.0,958,5,52.0,1,0,567.0,12,796.0,576.0,562.0,2023-06-18,Facility Focal Person
AKS009,PRIMARY HEALTH CENTRE IKOT EKPENE II,AKWA IBOM,IKOT EKPENE,2023-05-31,2023,5,2,90.0,3.0,2.0,224,3,24.0,0,0,195.0,0,205.0,171.0,159.0,2023-06-16,M&E Officer
NAS007,GENERAL HOSPITAL KARU II,NASARAWA,KARU,2023-01-31,2023,1,1,654.0,9.0,7.0,2377,24,189.0,0,0,1359.0,26,1669.0,1228.0,1137.0,2023-02-13,Facility Focal Person
BEN012,COTTAGE HOSPITAL VANDEIKYA II,BENUE,VANDEIKYA,2024-01-31,2024,1,1,554.0,12.0,11.0,458,8,154.0,2,1,383.0,6,404.0,228.0,201.0,2024-02-13,M&E Officer
NAS999,MODEL PRIMARY HEALTH CENTRE DEGEMA II,RIVERS,DEGEMA,2023-05-01,2023,5,2,319.0,16.0,15.0,879,16,56.0,7,5,613.0,12,642.0,605.0,539.0,2023-06-13,Facility Focal Person
CRS003,SPECIALIST HOSPITAL OGOJA,CROSS RIVER,OGOJA,2022-08-31,2022,8,3,1431.0,44.0,33.0,5514,51,339.0,6,5,3219.0,64,3930.0,2351.0,2034.0,2022-09-16,M&E Officer
NAS014,TEACHING HOSPITAL AKWANGA II,NASARAWA,AKWANGA,2022-03-31,2022,3,1,2033.0,55.0,42.0,4656,15,647.0,5,4,3475.0,61,4092.0,3174.0,3035.0,2022-04-16,Data Clerk
LAG001,PRIMARY HEALTH CENTRE IKORODU,LAGOS,IKORODU,2022-09-30,2022,9,3,385.0,8.0,6.0,230,1,92.0,0,0,183.0,3,177.0,97.0,85.0,2022-10-21,Facility Focal Person
KAD009,MODEL PRIMARY HEALTH CENTRE SABON GARI II,KADUNA,SABON GARI,2023-03-31,2023,3,1,555.0,30.0,21.0,788,14,116.0,4,3,459.0,9,611.0,369.0,325.0,2023-04-13,M&E Officer
RIV008,TEACHING HOSPITAL OBIO/AKPOR II,RIVERS,OBIO/AKPOR,2024-06-01,2024,6,2,2126.0,76.0,66.0,4141,31,307.0,8,6,3817.0,69,3354.0,2073.0,2022.0,2024-07-15,Facility Focal Person
TMP001,MISSION HOSPITAL BWARI II,FCT,BWARI,2024-10-31,2024,10,4,812.0,27.0,26.0,2898,49,88.0,5,4,2520.0,28,2541.0,1673.0,1524.0,2024-11-13,M&E Officer
BEN008,TEACHING HOSPITAL GBOKO II,BENUE,GBOKO,2024-03-31,2024,3,1,2754.0,74.0,66.0,6277,40,758.0,9,8,3754.0,71,4974.0,3172.0,2818.0,2024-04-16,Facility Focal Person
NAS003,COTTAGE HOSPITAL KEFFI,NASARAWA,KEFFI,2022-11-30,2022,11,4,277.0,2.0,1.0,1755,25,,1,0,984.0,11,1602.0,1170.0,1140.0,2022-12-13,Data Clerk
NAS004,COTTAGE HOSPITAL AKWANGA,NASARAWA,AKWANGA,2024-09-30,2024,9,3,382.0,21.0,19.0,602,9,107.0,2,1,,11,480.0,392.0,332.0,2024-10-11,M&E Officer
RIV013,MISSION HOSPITAL PORT HARCOURT II,RIVERS,PORT HARCOURT,2024-05-31,2024,5,2,894.0,35.0,34.0,2120,35,92.0,3,2,1732.0,40,1840.0,1153.0,1085.0,2024-06-29,Facility Focal Person
AKS001,COMPREHENSIVE HEALTH CENTRE UYO,AKWA IBOM,UYO,2023-07-31,2023,7,3,746.0,7.0,6.0,323,4,132.0,0,0,226.0,2,288.0,267.0,237.0,2023-08-13,Data Clerk
LAG001,PRIMARY HEALTH CENTRE IKORODU,LAGOS,IKORODU,2023-10-31,2023,10,4,513.0,18.0,14.0,319,5,163.0,2,1,284.0,7,219.0,126.0,121.0,2023-11-11,Data Clerk
LAG002,SPECIALIST HOSPITAL LAGOS ISLAND,LAGOS,LAGOS ISLAND,2023-04-30,2023,4,2,2306.0,104.0,81.0,5846,32,736.0,31,24,3912.0,70,5412.0,4596.0,4433.0,2023-05-29,Facility Focal Person
AKS014,PRIMARY HEALTH CENTRE IKONO II,AKWA IBOM,IKONO,2024-02-29,2024,2,1,272.0,11.0,10.0,621,4,49.0,0,0,518.0,13,528.0,444.0,408.0,2024-03-18,M&E Officer
NAS004,COTTAGE HOSPITAL AKWANGA,NASARAWA,AKWANGA,2023-07-31,2023,7,3,305.0,12.0,8.0,487,6,71.0,2,1,427.0,12,417.0,300.0,248.0,2023-08-16,Facility Focal Person
KAD007,MODEL PRIMARY HEALTH CENTRE KADUNA SOUTH II,KADUNA,KADUNA SOUTH,2022-05-31,2022,5,2,277.0,5.0,3.0,1114,11,28.0,0,0,690.0,12,976.0,,755.0,2022-06-15,M&E Officer
RIV005,MISSION HOSPITAL DEGEMA,RIVERS,DEGEMA,2022-04-30,2022,4,2,180.0,10.0,,1513,10,41.0,1,0,1386.0,31,1339.0,1193.0,995.0,2022-05-13,Facility Focal Person
KAD007,MODEL PRIMARY HEALTH CENTRE KADUNA SOUTH II,KADUNA,KADUNA SOUTH,2022-07-31,2022,7,3,238.0,11.0,-27.0,1116,3,25.0,1,0,857.0,13,975.0,822.0,750.0,2022-08-16,M&E Officer
BEN015,PRIMARY HEALTH CENTRE OTUKPO II,BENUE,OTUKPO,2024-05-31,2024,5,2,199.0,17.0,12.0,750,8,26.0,1,0,512.0,7,575.0,410.0,376.0,2024-06-15,Facility Focal Person
KAD014,GENERAL HOSPITAL SABON GARI II,KADUNA,SABON GARI,2024-03-31,2024,3,1,218.0,9.0,7.0,2264,37,35.0,0,0,1647.0,33,1932.0,1227.0,1171.0,2024-04-11,Facility Focal Person
FCT015,COMPREHENSIVE HEALTH CENTRE ABAJI II,FCT,ABAJI,2022-05-31,2022,5,2,94.0,1.0,0.0,864,15,25.0,0,0,811.0,10,677.0,399.0,387.0,2022-06-16,Facility Focal Person
RIV014,COTTAGE HOSPITAL OBIO/AKPOR II,RIVERS,OBIO/AKPOR,2022-02-28,2022,2,1,813.0,7.0,5.0,609,6,104.0,0,0,383.0,5,470.0,324.0,266.0,2022-03-18,M&E Officer
NAS009,COTTAGE HOSPITAL AKWANGA II,NASARAWA,AKWANGA,2022-03-31,2022,3,1,703.0,3.0,2.0,459,6,131.0,1,0,276.0,8,420.0,315.0,287.0,2022-04-11,Facility Focal Person
BEN007,SPECIALIST HOSPITAL MAKURDI II,BENUE,MAKURDI,2024-12-31,2024,12,4,305.0,6.0,5.0,1736,16,68.0,0,0,1275.0,18,1366.0,908.0,863.0,2025-01-11,Data Clerk
LAG002,SPECIALIST HOSPITAL LAGOS ISLAND,LAGOS,LAGOS ISLAND,2024-02-29,2024,2,1,2065.0,110.0,85.0,5851,66,300.0,8,7,4572.0,80,4543.0,3676.0,3578.0,2024-03-15,Data Clerk
LAG011,COTTAGE HOSPITAL AGEGE II,LAGOS,AGEGE,2023-12-31,2023,12,4,600.0,10.0,9.0,1649,5,133.0,1,0,1132.0,15,1365.0,1019.0,966.0,2024-01-16,Data Clerk
BEN007,SPECIALIST HOSPITAL MAKURDI II,BENUE,MAKURDI,2023-07-31,2023,7,3,337.0,363.0,9.0,,27,83.0,1,0,1663.0,22,1803.0,1128.0,1077.0,2023-08-16,M&E Officer
LAG011,COTTAGE HOSPITAL AGEGE II,LAGOS,AGEGE,2022-12-01,2022,12,4,338.0,7.0,5.0,1739,12,48.0,1,0,1134.0,14,1468.0,1225.0,1172.0,2023-01-11,Data Clerk
KAD011,PRIMARY HEALTH CENTRE KADUNA NORTH II,KADUNA,KADUNA NORTH,2022-11-30,2022,11,4,172.0,10.0,9.0,563,2,24.0,0,0,347.0,5,512.0,381.0,351.0,2022-12-16,Data Clerk
AKS010,GENERAL HOSPITAL EKET II,AKWA IBOM,EKET,2023-09-30,2023,9,3,595.0,9.0,6.0,1646,28,122.0,1,0,1203.0,33,1306.0,1132.0,929.0,2023-10-13,Data Clerk
NAS014,TEACHING HOSPITAL AKWANGA II,NASARAWA,AKWANGA,2022-04-30,2022,4,2,2218.0,56.0,39.0,4675,20,412.0,10,7,4092.0,78,3355.0,1910.0,1796.0,2022-05-13,Facility Focal Person
RIV013,MISSION HOSPITAL PORT HARCOURT II,RIVERS,PORT HARCOURT,2023-03-31,2023,3,1,600.0,24.0,21.0,2161,19,104.0,4,3,1778.0,30,1802.0,1304.0,1235.0,2023-04-29,M&E Officer
KAD009,MODEL PRIMARY HEALTH CENTRE SABON GARI II,KADUNA,SABON GARI,2024-03-31,2024,3,1,458.0,17.0,16.0,899,17,52.0,2,1,589.0,7,652.0,536.0,,2024-04-15,Facility Focal Person
CRS009,COMPREHENSIVE HEALTH CENTRE OBUDU II,CROSS RIVER,OBUDU,2022-03-31,2022,3,1,366.0,17.0,15.0,707,1,67.0,1,0,436.0,9,490.0,370.0,329.0,2022-04-15,M&E Officer
CRS013,MISSION HOSPITAL OGOJA II,CROSS RIVER,OGOJA,2022-09-30,2022,9,3,212.0,3.0,2.0,854,13,21.0,0,0,623.0,8,611.0,374.0,312.0,2022-10-13,M&E Officer
FCT008,TEACHING HOSPITAL GWAGWALADA II,FCT,GWAGWALADA,2022-09-30,2022,9,3,700.0,37.0,36.0,5315,24,87.0,3,2,3016.0,62,3917.0,2698.0,2343.0,2022-10-11,Facility Focal Person
BEN002,SPECIALIST HOSPITAL GBOKO,BENUE,GBOKO,2024-03-31,2024,3,1,3023.0,50.0,46.0,4436,54,773.0,5,4,2698.0,45,3151.0,2030.0,1946.0,2024-04-13,Facility Focal Person
BEN004,GENERAL HOSPITAL OKPOKWU,BENUE,OKPOKWU,2022-11-30,2022,11,4,579.0,3.0,2.0,374,1,63.0,0,0,239.0,6,291.0,,226.0,2022-12-15,M&E Officer
AKS003,MODEL PRIMARY HEALTH CENTRE EKET,AKWA IBOM,EKET,2023-02-28,2023,2,1,513.0,10.0,9.0,241,4,75.0,0,0,164.0,1,218.0,165.0,140.0,2023-03-15,Facility Focal Person
NAS999,MODEL PRIMARY HEALTH CENTRE MAKURDI II,BENUE,MAKURDI,2022-11-30,2022,11,4,394.0,15.0,11.0,437,6,104.0,4,3,265.0,3,376.0,248.0,204.0,2022-12-18,Data Clerk
CRS002,COMPREHENSIVE HEALTH CENTRE IKOM,CROSS RIVER,IKOM,2022-05-31,2022,5,2,149.0,9.0,7.0,167,1,34.0,1,0,,4,131.0,115.0,95.0,2022-06-16,M&E Officer
BEN009,PRIMARY HEALTH CENTRE OTUKPO II,BENUE,OTUKPO,2023-06-30,2023,6,2,373.0,5.0,4.0,460,9,118.0,3,2,,5,419.0,300.0,267.0,2023-07-11,M&E Officer
KAD001,MODEL PRIMARY HEALTH CENTRE KADUNA NORTH,KADUNA,KADUNA NORTH,2023-07-01,2023,7,3,214.0,9.0,6.0,766,8,36.0,2,1,602.0,13,,350.0,326.0,2023-08-21,Facility Focal Person
RIV014,COTTAGE HOSPITAL OBIO/AKPOR II,RIVERS,OBIO/AKPOR,2022-07-31,2022,7,3,1457.0,,10.0,613,12,395.0,2,1,355.0,6,467.0,419.0,403.0,2022-08-15,M&E Officer
AKS004,COMPREHENSIVE HEALTH CENTRE ETINAN,AKWA IBOM,ETINAN,2023-09-30,2023,9,3,241.0,9.0,7.0,971,7,38.0,0,0,875.0,17,902.0,,451.0,2023-10-15,Facility Focal Person
BEN009,PRIMARY HEALTH CENTRE OTUKPO II,BENUE,OTUKPO,2022-01-31,2022,1,1,216.0,6.0,5.0,486,5,41.0,1,0,313.0,6,447.0,392.0,329.0,2022-03-01,M&E Officer
CRS009,COMPREHENSIVE HEALTH CENTRE OBUDU II,CROSS RIVER,OBUDU,2023-12-31,2023,12,4,514.0,24.0,,898,16,143.0,6,4,613.0,6,655.0,667.0,408.0,2024-01-15,M&E Officer
NAS004,COTTAGE HOSPITAL AKWANGA,NASARAWA,AKWANGA,2022-06-30,2022,6,2,337.0,10.0,9.0,442,3,37.0,2,1,,9,345.0,272.0,227.0,2022-07-15,Facility Focal Person
RIV010,TEACHING HOSPITAL AHOADA EAST II,RIVERS,AHOADA EAST,2024-04-30,2024,4,2,758.0,9.0,,2942,34,231.0,2,1,2416.0,37,2494.0,2230.0,1871.0,2024-05-11,Facility Focal Person
CRS004,COMPREHENSIVE HEALTH CENTRE OBUDU,CROSS RIVER,OBUDU,2022-11-30,2022,11,4,167.0,5.0,4.0,462,8,25.0,0,0,383.0,5,340.0,277.0,264.0,2022-12-11,Data Clerk
BEN008,TEACHING HOSPITAL GBOKO II,BENUE,GBOKO,2024-08-31,2024,8,3,2932.0,60.0,42.0,6182,28,395.0,8,7,5719.0,99,4329.0,2513.0,2399.0,2024-09-15,Facility Focal Person
AKS009,PRIMARY HEALTH CENTRE IKOT EKPENE II,AKWA IBOM,IKOT EKPENE,2023-08-31,2023,8,3,94.0,0.0,0.0,222,2,14.0,0,0,127.0,1,173.0,106.0,97.0,2023-09-16,Data Clerk
LAG002,SPECIALIST HOSPITAL LAGOS ISLAND,LAGOS,LAGOS ISLAND,2022-10-31,2022,10,4,2068.0,97.0,79.0,5781,115,528.0,17,13,5308.0,90,4631.0,2590.0,2447.0,2022-11-11,Facility Focal Person
KAD015,GENERAL HOSPITAL CHIKUN II,KADUNA,CHIKUN,2022-04-30,2022,4,2,207.0,1.0,0.0,1930,31,26.0,0,0,1649.0,25,1598.0,880.0,756.0,2022-05-11,M&E Officer
BEN007,SPECIALIST HOSPITAL MAKURDI II,BENUE,MAKURDI,2024-02-29,2024,2,1,310.0,2.0,1.0,1893,33,40.0,0,0,1180.0,19,1580.0,972.0,856.0,2024-03-11,Data Clerk
CRS008,COTTAGE HOSPITAL OGOJA II,CROSS RIVER,OGOJA,2023-08-31,2023,8,3,548.0,12.0,9.0,2174,13,134.0,4,3,1753.0,25,1656.0,1217.0,,2023-09-13,Data Clerk
CRS006,PRIMARY HEALTH CENTRE CALABAR MUNICIPAL II,CROSS RIVER,CALABAR MUNICIPAL,2023-01-01,2023,1,1,384.0,12.0,9.0,1295,4,120.0,2,1,950.0,15,934.0,551.0,514.0,2023-02-13,Facility Focal Person
BEN004,GENERAL HOSPITAL OKPOKWU,BENUE,OKPOKWU,2023-09-30,2023,9,3,1238.0,6.0,5.0,385,5,165.0,0,0,272.0,1,340.0,261.0,291.0,2023-10-13,Data Clerk
NAS003,COTTAGE HOSPITAL KEFFI,NASARAWA,KEFFI,2022-04-30,2022,4,2,258.0,6.0,5.0,1892,16,57.0,81,0,1052.0,24,1430.0,851.0,727.0,2022-05-15,Data Clerk
CRS007,MODEL PRIMARY HEALTH CENTRE IKOM II,CROSS RIVER,IKOM,2024-12-31,2024,12,4,117.0,4.0,3.0,303,5,21.0,0,0,219.0,4,276.0,178.0,157.0,2025-01-11,M&E Officer
FCT007,SPECIALIST HOSPITAL BWARI II,FCT,BWARI,2023-09-30,2023,9,3,2350.0,44.0,41.0,4293,28,535.0,5,4,2785.0,41,2951.0,1698.0,1646.0,2023-10-11,Facility Focal Person
BEN005,MODEL PRIMARY HEALTH CENTRE KATSINA-ALA,BENUE,KATSINA-ALA,2023-04-30,2023,4,2,628.0,21.0,20.0,495,8,117.0,2,1,286.0,6,430.0,248.0,228.0,2023-05-18,Data Clerk
FCT004,MODEL PRIMARY HEALTH CENTRE KUJE,FCT,KUJE,2024-02-29,2024,2,1,388.0,13.0,11.0,1254,18,123.0,2,1,1159.0,26,1049.0,844.0,739.0,2024-03-18,Data Clerk
AKS008,PRIMARY HEALTH CENTRE UYO II,AKWA IBOM,UYO,2023-12-31,2023,12,4,78.0,2.0,1.0,84,1,24.0,0,0,65.0,0,74.0,41.0,37.0,2024-01-18,M&E Officer
AKS014,PRIMARY HEALTH CENTRE IKONO II,AKWA IBOM,IKONO,2023-10-31,2023,10,4,242.0,9.0,6.0,616,4,62.0,4,3,527.0,10,429.0,318.0,270.0,2023-11-15,Facility Focal Person
CRS015,MODEL PRIMARY HEALTH CENTRE AKAMKPA II,CROSS RIVER,AKAMKPA,2024-08-31,2024,8,3,101.0,2.0,1.0,487,3,26.0,0,0,276.0,6,347.0,222.0,208.0,2024-09-13,Facility Focal Person
BEN005,MODEL PRIMARY HEALTH CENTRE KATSINA-ALA,BENUE,KATSINA-ALA,2022-06-30,2022,6,2,622.0,13.0,,430,4,196.0,5,4,266.0,5,300.0,273.0,234.0,2022-07-18,Data Clerk
NAS005,MISSION HOSPITAL NASARAWA,NASARAWA,NASARAWA,2024-11-01,2024,11,4,1450.0,36.0,34.0,840,5,456.0,12,11,468.0,9,720.0,446.0,379.0,2024-12-11,Facility Focal Person
KAD014,GENERAL HOSPITAL SABON GARI II,KADUNA,SABON GARI,2022-05-31,2022,5,2,203.0,10.0,8.0,2768,35,39.0,0,0,2033.0,43,1982.0,1845.0,1768.0,2022-06-13,Facility Focal Person
FCT010,MODEL PRIMARY HEALTH CENTRE ABAJI II,FCT,ABAJI,2022-09-01,2022,9,3,513.0,12.0,8.0,311,1,124.0,3,2,253.0,3,274.0,187.0,182.0,2022-10-13,Facility Focal Person
CRS002,COMPREHENSIVE HEALTH CENTRE IKOM,CROSS RIVER,IKOM,2024-08-31,2024,8,3,1730.0,6.0,5.0,280,3,39.0,2,1,249.0,6,209.0,146.0,123.0,2024-09-18,Data Clerk
XXX999,SPECIALIST HOSPITAL KHANA II,RIVERS,KHANA,2023-03-31,2023,3,1,406.0,28.0,21.0,2395,13,46.0,1,0,2176.0,48,1792.0,1459.0,1346.0,2023-04-15,Facility Focal Person
FCT001,MISSION HOSPITAL AMAC,FCT,AMAC,2022-11-30,2022,11,4,1006.0,9.0,6.0,1310,21,291.0,3,2,1052.0,26,1093.0,633.0,,2022-12-21,M&E Officer
AKS008,PRIMARY HEALTH CENTRE UYO II,AKWA IBOM,UYO,2024-06-30,2024,6,2,122.0,4.0,3.0,91,0,15.0,0,0,80.0,0,67.0,62.0,57.0,2024-07-29,Data Clerk
CRS008,COTTAGE HOSPITAL OGOJA II,CROSS RIVER,OGOJA,2023-07-31,2023,7,3,607.0,24.0,20.0,2178,36,182.0,7,6,1979.0,39,1748.0,1330.0,1163.0,2023-08-11,Facility Focal Person
BEN007,SPECIALIST HOSPITAL MAKURDI II,BENUE,MAKURDI,2024-01-31,2024,1,1,279.0,7.0,5.0,1925,25,71.0,1,0,1422.0,23,1659.0,1155.0,966.0,2024-02-21,Data Clerk
RIV012,PRIMARY HEALTH CENTRE ELEME II,RIVERS,ELEME,2024-09-30,2024,9,3,532.0,13.0,10.0,1034,20,159.0,2,1,880.0,9,921.0,697.0,609.0,2024-10-13,Facility Focal Person
NAS004,COTTAGE HOSPITAL AKWANGA,NASARAWA,AKWANGA,2022-10-31,2022,10,4,328.0,15.0,11.0,459,1,47.0,0,0,302.0,5,346.0,214.0,192.0,2022-11-16,Facility Focal Person
KAD011,PRIMARY HEALTH CENTRE KADUNA NORTH II,KADUNA,KADUNA NORTH,2022-09-01,2022,9,3,230.0,10.0,9.0,555,5,71.0,1,0,343.0,6,394.0,304.0,295.0,2022-10-16,Data Clerk
FCT009,MODEL PRIMARY HEALTH CENTRE KUJE II,FCT,KUJE,2024-07-31,2024,7,3,195.0,9.0,6.0,479,8,55.0,0,0,290.0,9,414.0,365.0,339.0,2024-08-15,M&E Officer
KAD002,TEACHING HOSPITAL KADUNA SOUTH,KADUNA,KADUNA SOUTH,2024-04-30,2024,4,2,1550.0,21.0,20.0,3676,51,464.0,1,0,2261.0,37,3354.0,3418.0,2043.0,2024-05-16,Data Clerk
RIV003,COMPREHENSIVE HEALTH CENTRE KHANA,RIVERS,KHANA,2022-08-31,2022,8,3,332.0,13.0,11.0,1057,17,64.0,1,0,883.0,14,720.0,566.0,540.0,2022-09-13,Data Clerk
FCT011,COTTAGE HOSPITAL AMAC II,FCT,AMAC,2023-04-30,2023,4,2,419.0,14.0,13.0,2176,26,128.0,1,0,1356.0,31,1571.0,1399.0,1319.0,2023-05-11,Data Clerk
LAG004,COMPREHENSIVE HEALTH CENTRE SURULERE,LAGOS,SURULERE,2023-07-31,2023,7,3,613.0,12.0,10.0,626,7,108.0,1,0,420.0,6,535.0,330.0,274.0,2023-08-13,Data Clerk
NAS008,COMPREHENSIVE HEALTH CENTRE KEFFI II,NASARAWA,KEFFI,2023-03-31,2023,3,1,82.0,2.0,1.0,880,4,19.0,0,0,724.0,16,622.0,531.0,451.0,2023-04-16,M&E Officer
KAD013,SPECIALIST HOSPITAL ZARIA II,KADUNA,ZARIA,2024-10-31,2024,10,4,2560.0,93.0,74.0,3161,62,600.0,11,8,2552.0,49,2320.0,2057.0,1688.0,2024-11-13,Data Clerk
LAG007,PRIMARY HEALTH CENTRE IKORODU II,LAGOS,IKORODU,2023-04-30,2023,4,2,468.0,14.0,10.0,486,4,148.0,1,0,436.0,7,335.0,225.0,198.0,2023-05-11,Facility Focal Person
LAG002,SPECIALIST HOSPITAL LAGOS ISLAND,LAGOS,LAGOS ISLAND,2022-04-30,2022,4,2,,117.0,106.0,5540,33,373.0,14,13,4810.0,64,5067.0,3960.0,3624.0,2022-05-15,Facility Focal Person
FCT006,MISSION HOSPITAL AMAC II,FCT,AMAC,2023-05-31,2023,5,2,1062.0,24.0,19.0,2196,40,339.0,6,5,2043.0,32,1670.0,1442.0,1284.0,2023-06-21,Data Clerk
FCT002,GENERAL HOSPITAL BWARI,FCT,BWARI,2023-09-30,2023,9,3,127.0,9.0,-24.0,589,5,32.0,0,0,552.0,9,495.0,324.0,294.0,2023-10-29,Facility Focal Person
LAG012,PRIMARY HEALTH CENTRE ALIMOSHO II,LAGOS,ALIMOSHO,2022-09-30,2022,9,3,194.0,10.0,9.0,624,7,28.0,1,0,399.0,4,502.0,373.0,347.0,2022-10-13,Facility Focal Person
LAG010,PRIMARY HEALTH CENTRE SURULERE II,LAGOS,SURULERE,2023-05-31,2023,5,2,621.0,14.0,10.0,946,17,150.0,0,0,840.0,9,844.0,613.0,591.0,2023-06-16,M&E Officer
BEN007,SPECIALIST HOSPITAL MAKURDI II,BENUE,MAKURDI,2023-04-30,2023,4,2,335.0,1.0,0.0,2109,24,100.0,1,0,1748.0,42,1839.0,1156.0,955.0,2023-05-16,M&E Officer
LAG011,COTTAGE HOSPITAL AGEGE II,LAGOS,AGEGE,2024-04-30,2024,4,2,758.0,16.0,14.0,1609,14,76.0,0,0,962.0,18,1379.0,1147.0,1022.0,2024-05-21,Facility Focal Person
RIV001,MODEL PRIMARY HEALTH CENTRE PORT HARCOURT,RIVERS,PORT HARCOURT,2024-12-31,2024,12,4,117.0,0.0,0.0,777,7,34.0,0,0,687.0,16,625.0,370.0,332.0,2025-01-11,Data Clerk
CRS014,COMPREHENSIVE HEALTH CENTRE OBUDU II,CROSS RIVER,OBUDU,2023-02-28,2023,2,1,376.0,8.0,7.0,128,1,107.0,4,3,74.0,2,93.0,75.0,63.0,2023-03-15,Data Clerk
LAG003,TEACHING HOSPITAL BADAGRY,LAGOS,BADAGRY,2023-07-31,2023,7,3,3060.0,78.0,61.0,6537,99,578.0,13,10,4853.0,92,4894.0,3935.0,3496.0,2023-08-13,M&E Officer
KAD007,MODEL PRIMARY HEALTH CENTRE KADUNA SOUTH II,KADUNA,KADUNA SOUTH,2023-03-31,2023,3,1,165.0,7.0,5.0,1125,6,26.0,1,0,804.0,17,771.0,698.0,650.0,2023-04-13,Data Clerk
KAD001,MODEL PRIMARY HEALTH CENTRE KADUNA NORTH,KADUNA,KADUNA NORTH,2024-01-31,2024,1,1,164.0,4.0,2.0,745,13,20.0,0,0,563.0,16,651.0,610.0,585.0,2024-02-11,M&E Officer
CRS009,COMPREHENSIVE HEALTH CENTRE OBUDU II,CROSS RIVER,OBUDU,2022-10-31,2022,10,4,496.0,27.0,24.0,787,13,134.0,4,3,648.0,8,646.0,452.0,399.0,2022-11-15,M&E Officer
RIV009,MISSION HOSPITAL KHANA II,RIVERS,KHANA,2024-10-31,2024,10,4,471.0,8.0,6.0,759,11,129.0,2,1,628.0,11,566.0,493.0,463.0,2024-11-18,Data Clerk
LAG006,SPECIALIST HOSPITAL ALIMOSHO,LAGOS,ALIMOSHO,2022-06-30,2022,6,2,854.0,13.0,9.0,5444,39,258.0,4,3,3777.0,58,4755.0,2667.0,,2022-07-15,Data Clerk
TMP001,PRIMARY HEALTH CENTRE IKORODU,LAGOS,IKORODU,2023-01-31,2023,1,1,539.0,16.0,12.0,260,0,119.0,1,0,143.0,4,231.0,160.0,147.0,2023-02-18,Facility Focal Person
AKS008,PRIMARY HEALTH CENTRE UYO II,AKWA IBOM,UYO,2023-06-01,2023,6,2,95.0,3.0,2.0,88,0,27.0,0,0,58.0,0,74.0,63.0,56.0,2023-07-13,M&E Officer
RIV003,COMPREHENSIVE HEALTH CENTRE KHANA,RIVERS,KHANA,2023-06-30,2023,6,2,361.0,16.0,15.0,1036,12,51.0,0,0,855.0,14,723.0,654.0,540.0,2023-07-11,Facility Focal Person
FCT005,PRIMARY HEALTH CENTRE ABAJI,FCT,ABAJI,2024-11-30,2024,11,4,483.0,12.0,10.0,580,6,53.0,3,2,449.0,6,397.0,257.0,224.0,2024-12-11,M&E Officer
AKS009,PRIMARY HEALTH CENTRE IKOT EKPENE II,AKWA IBOM,IKOT EKPENE,2023-01-31,2023,1,1,82.0,3.0,2.0,226,2,24.0,1,0,211.0,4,168.0,154.0,146.0,2023-02-11,Facility Focal Person
AKS013,MODEL PRIMARY HEALTH CENTRE ABAK II,AKWA IBOM,ABAK,2024-04-30,2024,4,2,480.0,14.0,10.0,649,6,106.0,0,0,383.0,11,499.0,432.0,401.0,2024-05-18,M&E Officer
BEN011,MODEL PRIMARY HEALTH CENTRE KATSINA-ALA II,BENUE,KATSINA-ALA,2022-12-31,2022,12,4,224.0,2.0,1.0,331,3,71.0,2,1,289.0,5,225.0,177.0,168.0,2023-01-21,Facility Focal Person
BEN012,COTTAGE HOSPITAL VANDEIKYA II,BENUE,VANDEIKYA,2022-01-31,2022,1,1,455.0,4.0,3.0,491,1,67.0,0,0,323.0,5,436.0,356.0,326.0,2022-02-13,Facility Focal Person
LAG012,PRIMARY HEALTH CENTRE ALIMOSHO II,LAGOS,ALIMOSHO,2024-11-30,2024,11,4,256.0,10.0,9.0,656,9,43.0,0,0,604.0,13,477.0,362.0,311.0,2024-12-15,Facility Focal Person
NAS007,GENERAL HOSPITAL KARU II,NASARAWA,KARU,2022-04-01,2022,4,2,601.0,5.0,3.0,2664,5,145.0,2,1,2456.0,53,2074.0,1726.0,1486.0,2022-05-21,Facility Focal Person
KAD007,MODEL PRIMARY HEALTH CENTRE KADUNA SOUTH II,KADUNA,KADUNA SOUTH,2024-08-31,2024,8,3,288.0,16.0,14.0,1118,13,56.0,2,1,914.0,17,798.0,460.0,443.0,2024-09-11,Data Clerk
LAG014,COTTAGE HOSPITAL LAGOS ISLAND II,LAGOS,LAGOS ISLAND,2024-06-30,2024,6,2,873.0,,8.0,1639,23,102.0,1,0,1459.0,22,1322.0,1126.0,972.0,2024-07-18,Data Clerk
CRS008,COTTAGE HOSPITAL OGOJA II,CROSS RIVER,OGOJA,2024-09-30,2024,9,3,556.0,21.0,18.0,2147,12,133.0,3,2,1758.0,20,1727.0,1369.0,1330.0,2024-10-29,M&E Officer
KAD009,MODEL PRIMARY HEALTH CENTRE SABON GARI II,KADUNA,SABON GARI,2023-05-31,2023,5,2,497.0,18.0,14.0,804,4,60.0,2,1,533.0,9,663.0,516.0,488.0,2023-06-29,M&E Officer
RIV009,MISSION HOSPITAL KHANA II,RIVERS,KHANA,2022-10-31,2022,10,4,360.0,4.0,3.0,829,3,86.0,0,0,745.0,16,677.0,445.0,377.0,2022-09-24,Data Clerk
KAD009,MODEL PRIMARY HEALTH CENTRE SABON GARI II,KADUNA,SABON GARI,2022-08-31,2022,8,3,382.0,15.0,12.0,724,5,38.0,0,0,500.0,7,616.0,441.0,402.0,2022-09-11,Data Clerk
LAG011,COTTAGE HOSPITAL AGEGE II,LAGOS,AGEGE,2024-09-30,2024,9,3,669.0,15.0,11.0,1569,13,194.0,2,1,1316.0,1347,1363.0,924.0,893.0,2024-10-16,Data Clerk
RIV008,TEACHING HOSPITAL OBIO/AKPOR II,RIVERS,OBIO/AKPOR,2024-12-31,2024,12,4,1539.0,64.0,58.0,4217,68,426.0,16,13,2818.0,50,3368.0,1939.0,1884.0,2025-01-16,M&E Officer
AKS014,PRIMARY HEALTH CENTRE IKONO II,AKWA IBOM,IKONO,2024-12-31,2024,12,4,255.0,11.0,7.0,618,4,72.0,2,1,456.0,3,547.0,392.0,348.0,2025-01-18,Facility Focal Person
FCT014,GENERAL HOSPITAL KUJE II,FCT,KUJE,2024-04-30,2024,4,2,1265.0,39.0,34.0,2536,27,211.0,3,2,1859.0,27,2218.0,1528.0,1452.0,2024-05-13,Data Clerk
CRS002,COMPREHENSIVE HEALTH CENTRE IKOM,CROSS RIVER,IKOM,2023-12-31,2023,12,4,114.0,5.0,3.0,247,2,25.0,3,2,144.0,2,216.0,199.0,173.0,2024-01-15,M&E Officer
AKS011,COMPREHENSIVE HEALTH CENTRE ETINAN II,AKWA IBOM,ETINAN,2023-09-01,2023,9,3,120.0,7.0,4.0,328,2,26.0,1,0,,3,277.0,196.0,178.0,2023-10-21,Data Clerk
CRS003,SPECIALIST HOSPITAL OGOJA,CROSS RIVER,OGOJA,2024-08-31,2024,8,3,1799.0,79.0,66.0,5078,85,405.0,10,8,3273.0,67,3914.0,3450.0,3044.0,2024-09-13,Facility Focal Person
BEN013,MODEL PRIMARY HEALTH CENTRE MAKURDI II,BENUE,MAKURDI,2023-06-30,2023,6,2,679.0,44.0,33.0,570,7,215.0,8,6,497.0,11,406.0,341.0,295.0,2023-07-13,Facility Focal Person
CRS014,COMPREHENSIVE HEALTH CENTRE OBUDU II,CROSS RIVER,OBUDU,2022-03-31,2022,3,1,238.0,5.0,4.0,77,0,70.0,0,0,72.0,1,69.0,50.0,43.0,2022-04-16,M&E Officer
FCT011,COTTAGE HOSPITAL AMAC II,FCT,AMAC,2022-12-31,2022,12,4,230.0,7.0,4.0,2196,29,44.0,0,0,1961.0,38,1787.0,1123.0,979.0,2023-01-15,Facility Focal Person
FCT006,MISSION HOSPITAL AMAC II,FCT,AMAC,2022-05-01,2022,5,2,965.0,28.0,27.0,2350,32,200.0,4,3,1711.0,27,2128.0,1602.0,1492.0,2022-06-29,Data Clerk
AKS011,COMPREHENSIVE HEALTH CENTRE ETINAN II,AKWA IBOM,ETINAN,2023-03-31,2023,3,1,113.0,6.0,5.0,312,0,15.0,0,0,247.0,3,262.0,239.0,205.0,2023-04-11,M&E Officer
CRS006,PRIMARY HEALTH CENTRE CALABAR MUNICIPAL II,CROSS RIVER,CALABAR MUNICIPAL,2022-01-31,2022,1,1,363.0,11.0,9.0,1232,10,76.0,0,0,1020.0,24,970.0,915.0,799.0,2022-02-13,Facility Focal Person
FCT007,SPECIALIST HOSPITAL BWARI II,FCT,BWARI,2022-10-31,2022,10,4,1462.0,23.0,16.0,4369,73,341.0,3,2,2669.0,45,4048.0,,2617.0,2022-11-13,Facility Focal Person
CRS008,COTTAGE HOSPITAL OGOJA II,CROSS RIVER,OGOJA,2024-03-31,2024,3,1,692.0,41.0,33.0,2153,21,169.0,4,3,1268.0,21,1561.0,1594.0,1396.0,2024-04-18,M&E Officer
RIV012,PRIMARY HEALTH CENTRE ELEME II,RIVERS,ELEME,2022-04-30,2022,4,2,419.0,8.0,7.0,853,5,67.0,2,1,640.0,11,602.0,504.0,452.0,2022-05-18,M&E Officer
NAS011,MISSION HOSPITAL LAFIA II,NASARAWA,LAFIA,2023-04-01,2023,4,2,1229.0,8.0,7.0,2630,43,369.0,2,1,2362.0,48,2371.0,1597.0,1412.0,2023-05-15,Facility Focal Person
CRS002,COMPREHENSIVE HEALTH CENTRE IKOM,CROSS RIVER,IKOM,2023-08-31,2023,8,3,200.0,7.0,6.0,229,1,53.0,2,1,157.0,6,175.0,161.0,156.0,2023-09-18,M&E Officer
LAG015,MODEL PRIMARY HEALTH CENTRE BADAGRY II,LAGOS,BADAGRY,2024-04-30,2024,4,2,289.0,12.0,9.0,1084,7,48.0,0,0,804.0,11,916.0,,424.0,2024-05-11,M&E Officer
KAD009,MODEL PRIMARY HEALTH CENTRE SABON GARI II,KADUNA,SABON GARI,2022-02-01,2022,2,1,391.0,22.0,16.0,644,7,108.0,1,0,521.0,4,555.0,314.0,276.0,2022-03-15,Data Clerk
LAG013,SPECIALIST HOSPITAL IKORODU II,LAGOS,IKORODU,2023-09-30,2023,9,3,2145.0,111.0,101.0,6052,120,630.0,11,8,4495.0,64,4939.0,3657.0,3139.0,2023-10-13,Data Clerk
AKS015,MISSION HOSPITAL UYO II,AKWA IBOM,UYO,2024-02-29,2024,2,1,746.0,36.0,34.0,2427,39,122.0,1,0,1785.0,33,2225.0,1851.0,1587.0,2024-03-15,Data Clerk
KAD007,MODEL PRIMARY HEALTH CENTRE KADUNA SOUTH II,KADUNA,KADUNA SOUTH,2022-06-30,2022,6,2,285.0,18.0,16.0,1110,20,31.0,0,0,958.0,27,966.0,877.0,750.0,2022-07-16,M&E Officer
RIV003,COMPREHENSIVE HEALTH CENTRE KHANA,RIVERS,KHANA,2024-01-31,2024,1,1,310.0,18.0,16.0,1051,8,65.0,1,0,688.0,13,922.0,629.0,533.0,2024-02-13,Data Clerk
BEN006,PRIMARY HEALTH CENTRE VANDEIKYA,BENUE,VANDEIKYA,2023-02-28,2023,2,1,156.0,6.0,5.0,333,2,20.0,0,0,222.0,4,236.0,184.0,172.0,2023-03-13,Data Clerk
AKS006,PRIMARY HEALTH CENTRE ABAK,AKWA IBOM,ABAK,2022-06-30,2022,6,2,440.0,18.0,13.0,261,2,104.0,3,2,179.0,3,193.0,125.0,117.0,2022-07-18,Facility Focal Person
KAD009,MODEL PRIMARY HEALTH CENTRE SABON GARI II,KADUNA,SABON GARI,2022-03-31,2022,3,1,413.0,25.0,18.0,654,8,119.0,3,2,438.0,8,535.0,560.0,355.0,2022-04-18,Data Clerk
FCT010,MODEL PRIMARY HEALTH CENTRE ABAJI II,FCT,ABAJI,2022-07-31,2022,7,3,526.0,9.0,7.0,295,0,63.0,0,0,175.0,4,229.0,151.0,130.0,2022-08-21,M&E Officer
NAS999,MODEL PRIMARY HEALTH CENTRE KADUNA NORTH,KADUNA,KADUNA NORTH,2022-12-31,2022,12,4,118.0,6.0,5.0,779,12,36.0,1,0,666.0,12,,431.0,409.0,2023-01-15,M&E Officer
LAG006,SPECIALIST HOSPITAL ALIMOSHO,LAGOS,ALIMOSHO,2022-02-28,2022,2,1,887.0,19.0,18.0,5673,81,215.0,6,5,5362.0,100,4593.0,2605.0,2531.0,2022-03-15,M&E Officer
BEN011,MODEL PRIMARY HEALTH CENTRE KATSINA-ALA II,BENUE,KATSINA-ALA,2022-06-30,2022,6,2,254.0,15.0,11.0,312,2,62.0,3,2,263.0,6,275.0,187.0,165.0,2022-07-29,Data Clerk
FCT015,COMPREHENSIVE HEALTH CENTRE ABAJI II,FCT,ABAJI,2024-01-31,2024,1,1,95.0,4.0,3.0,750,9,19.0,1,0,535.0,3,544.0,314.0,270.0,2024-02-11,M&E Officer
BEN013,MODEL PRIMARY HEALTH CENTRE MAKURDI II,BENUE,MAKURDI,2024-04-30,2024,4,2,629.0,22.0,19.0,745,6,97.0,3,2,587.0,10,587.0,540.0,509.0,2024-05-16,Facility Focal Person
BEN006,PRIMARY HEALTH CENTRE VANDEIKYA,BENUE,VANDEIKYA,2023-06-30,2023,6,2,264.0,13.0,12.0,346,5,,0,0,221.0,6,277.0,153.0,146.0,2023-07-15,M&E Officer
RIV002,TEACHING HOSPITAL OBIO/AKPOR,RIVERS,OBIO/AKPOR,2024-08-31,2024,8,3,2209.0,39.0,35.0,4183,55,472.0,7,6,3507.0,53,3878.0,3524.0,3403.0,2024-09-13,Facility Focal Person
LAG003,TEACHING HOSPITAL BADAGRY,LAGOS,BADAGRY,2024-01-31,2024,1,1,3120.0,95.0,67.0,6653,92,952.0,15,12,4364.0,83,6062.0,4255.0,4113.0,2024-02-15,M&E Officer
FCT002,GENERAL HOSPITAL BWARI,FCT,BWARI,2022-08-31,2022,8,3,146.0,7.0,6.0,631,6,30.0,1,0,450.0,8,459.0,434.0,414.0,2022-09-15,Facility Focal Person
RIV012,PRIMARY HEALTH CENTRE ELEME II,RIVERS,ELEME,2023-08-31,2023,8,3,606.0,17.0,13.0,965,13,84.0,1,0,657.0,12,875.0,761.0,643.0,2023-09-15,Facility Focal Person
KAD010,COTTAGE HOSPITAL CHIKUN II,KADUNA,CHIKUN,2023-12-31,2023,12,4,193.0,12.0,11.0,965,6,47.0,0,0,555.0,12,867.0,805.0,725.0,2024-01-15,Facility Focal Person
FCT014,GENERAL HOSPITAL KUJE II,FCT,KUJE,2023-11-30,2023,11,4,730.0,36.0,28.0,2496,18,219.0,5,3,1504.0,25,1898.0,1270.0,1079.0,2023-12-13,M&E Officer
AKS012,COTTAGE HOSPITAL ORON II,AKWA IBOM,ORON,2022-08-31,2022,8,3,1046.0,59.0,52.0,560,3,325.0,17,13,476.0,10,512.0,292.0,272.0,2022-09-16,Data Clerk
XXX999,SPECIALIST HOSPITAL IKORODU II,LAGOS,IKORODU,2023-12-31,2023,12,4,2095.0,107.0,103.0,6170,15,280.0,7,6,4435.0,67,,4575.0,4141.0,2024-01-21,Facility Focal Person
NAS007,GENERAL HOSPITAL KARU II,NASARAWA,KARU,2023-08-31,2023,8,3,691.0,6.0,4.0,2247,6,197.0,0,0,2133.0,35,1585.0,,873.0,2023-09-11,Facility Focal Person
LAG011,COTTAGE HOSPITAL AGEGE II,LAGOS,AGEGE,2022-02-28,2022,2,1,3200.0,,5.0,1852,18,101.0,1,0,1415.0,30,1713.0,1374.0,,2022-03-18,Data Clerk
AKS005,COMPREHENSIVE HEALTH CENTRE ORON,AKWA IBOM,ORON,2023-03-31,2023,3,1,98.0,2.0,1.0,1147,21,18.0,0,0,972.0,15,938.0,767.0,642.0,2023-04-18,M&E Officer
LAG004,COMPREHENSIVE HEALTH CENTRE SURULERE,LAGOS,SURULERE,2024-01-31,2024,1,1,482.0,10.0,9.0,621,11,106.0,1,0,404.0,8,425.0,493.0,239.0,2024-02-11,Facility Focal Person
KAD003,MISSION HOSPITAL ZARIA,KADUNA,ZARIA,2022-04-30,2022,4,2,1138.0,55.0,41.0,2585,46,311.0,16,15,1846.0,24,1841.0,1620.0,1506.0,2022-06-15,Facility Focal Person
RIV011,MODEL PRIMARY HEALTH CENTRE DEGEMA II,RIVERS,DEGEMA,2022-03-31,2022,3,1,310.0,9.0,7.0,867,13,95.0,1,0,555.0,15,804.0,466.0,451.0,2022-04-13,M&E Officer
AKS010,GENERAL HOSPITAL EKET II,AKWA IBOM,EKET,2024-05-31,2024,5,2,732.0,15.0,12.0,1589,27,231.0,3,2,1408.0,35,1465.0,883.0,785.0,2024-06-11,M&E Officer
BEN005,MODEL PRIMARY HEALTH CENTRE KATSINA-ALA,BENUE,KATSINA-ALA,2022-07-31,2022,7,3,616.0,12.0,10.0,434,6,80.0,0,0,337.0,8,299.0,263.0,257.0,2022-08-11,M&E Officer
NAS010,TEACHING HOSPITAL NASARAWA II,NASARAWA,NASARAWA,2024-07-31,2024,7,3,2626.0,133.0,114.0,5642,50,834.0,22,20,5149.0,95,4409.0,2718.0,2621.0,2024-09-15,Data Clerk
LAG015,MODEL PRIMARY HEALTH CENTRE BADAGRY II,LAGOS,BADAGRY,2023-09-30,2023,9,3,299.0,16.0,13.0,1088,5,84.0,0,0,626.0,11,830.0,724.0,647.0,2023-10-16,M&E Officer
AKS013,MODEL PRIMARY HEALTH CENTRE ABAK II,AKWA IBOM,ABAK,2023-01-31,2023,1,1,268.0,7.0,5.0,564,6,34.0,0,0,394.0,10,400.0,290.0,247.0,2023-02-21,Facility Focal Person
CRS004,COMPREHENSIVE HEALTH CENTRE OBUDU,CROSS RIVER,OBUDU,2024-10-31,2024,10,4,267.0,4.0,3.0,464,5,58.0,0,0,405.0,8,398.0,308.0,275.0,2024-11-18,Data Clerk
NAS999,COTTAGE HOSPITAL ELEME,RIVERS,ELEME,2024-11-30,2024,11,4,1275.0,46.0,45.0,2917,44,225.0,5,3,2375.0,41,2433.0,1471.0,1352.0,2024-12-29,Data Clerk
LAG004,COMPREHENSIVE HEALTH CENTRE SURULERE,LAGOS,SURULERE,2023-02-28,2023,2,1,490.0,8.0,6.0,622,1,78.0,0,0,539.0,9,576.0,393.0,342.0,2023-03-13,Facility Focal Person
AKS009,PRIMARY HEALTH CENTRE IKOT EKPENE II,AKWA IBOM,IKOT EKPENE,2023-05-31,2023,5,2,143.0,3.0,2.0,224,3,24.0,0,0,195.0,0,205.0,171.0,159.0,2023-06-25,M&E Officer
TMP001,PRIMARY HEALTH CENTRE IKOT EKPENE II,AKWA IBOM,IKOT EKPENE,2023-12-31,2023,12,4,69.0,2.0,1.0,221,2,18.0,0,0,204.0,3,196.0,165.0,145.0,2024-01-16,Facility Focal Person
RIV001,MODEL PRIMARY HEALTH CENTRE PORT HARCOURT,RIVERS,PORT HARCOURT,2022-09-30,2022,9,3,106.0,1.0,0.0,1074,4,11.0,0,0,780.0,14,766.0,441.0,405.0,2022-10-11,Data Clerk
KAD013,SPECIALIST HOSPITAL ZARIA II,KADUNA,ZARIA,2024-12-31,2024,12,4,1920.0,71.0,63.0,3221,17,368.0,12,11,2526.0,44,,2278.0,2324.0,2025-01-11,Facility Focal Person
CRS007,MODEL PRIMARY HEALTH CENTRE IKOM II,CROSS RIVER,IKOM,2022-02-28,2022,2,1,101.0,4.0,3.0,314,2,23.0,1,0,208.0,1,254.0,160.0,135.0,2022-03-29,M&E Officer
AKS009,PRIMARY HEALTH CENTRE IKOT EKPENE II,AKWA IBOM,IKOT EKPENE,2023-07-31,2023,7,3,99.0,5.0,3.0,224,3,20.0,0,0,154.0,1,196.0,167.0,144.0,2023-08-13,Data Clerk
FCT005,PRIMARY HEALTH CENTRE ABAJI,FCT,ABAJI,2024-12-31,2024,12,4,514.0,12.0,9.0,580,9,65.0,1,0,410.0,8,504.0,285.0,274.0,2025-01-16,M&E Officer
TMP001,MISSION HOSPITAL DEGEMA,RIVERS,DEGEMA,2022-11-30,2022,11,4,162.0,4.0,2.0,1474,6,45.0,0,0,1223.0,37,1202.0,977.0,829.0,2022-12-13,M&E Officer
FCT006,MISSION HOSPITAL AMAC II,FCT,AMAC,2023-09-30,2023,9,3,896.0,21.0,15.0,2184,37,103.0,0,0,1880.0,24,2030.0,1227.0,1085.0,2023-10-16,Facility Focal Person
LAG009,MISSION HOSPITAL BADAGRY II,LAGOS,BADAGRY,2023-12-31,2023,12,4,384.0,11.0,10.0,2377,12,105.0,1,0,2060.0,35,2035.0,1217.0,,2024-01-18,Data Clerk
CRS013,MISSION HOSPITAL OGOJA II,CROSS RIVER,OGOJA,2022-03-31,2022,3,1,232.0,6.0,5.0,901,16,71.0,0,0,753.0,17,625.0,,361.0,2022-04-21,Facility Focal Person
RIV006,COTTAGE HOSPITAL ELEME,RIVERS,ELEME,2024-06-30,2024,6,2,1593.0,79.0,74.0,2819,16,264.0,13,12,1690.0,31,1919.0,1313.0,1188.0,2024-07-11,M&E Officer
FCT011,COTTAGE HOSPITAL AMAC II,FCT,AMAC,2024-03-31,2024,3,1,460.0,18.0,16.0,2061,21,87.0,0,0,1342.0,29,1441.0,1047.0,1024.0,2024-04-16,Facility Focal Person
BEN006,PRIMARY HEALTH CENTRE VANDEIKYA,BENUE,VANDEIKYA,2022-11-30,2022,11,4,181.0,4.0,3.0,320,4,48.0,1,0,255.0,7,282.0,261.0,218.0,2022-12-13,Data Clerk
FCT015,COMPREHENSIVE HEALTH CENTRE ABAJI II,FCT,ABAJI,2023-01-31,2023,1,1,86.0,1.0,0.0,811,16,14.0,0,0,691.0,10,596.0,366.0,,2023-02-13,Data Clerk
CRS009,COMPREHENSIVE HEALTH CENTRE OBUDU II,CROSS RIVER,OBUDU,2022-04-30,2022,4,2,565.0,15.0,11.0,710,8,99.0,2,1,461.0,11,507.0,387.0,349.0,2022-05-16,Facility Focal Person
NAS013,GENERAL HOSPITAL KEFFI II,NASARAWA,KEFFI,2023-10-31,2023,10,4,545.0,21.0,17.0,1642,29,82.0,5,4,960.0,21,1476.0,1014.0,895.0,2023-11-16,Data Clerk
RIV012,PRIMARY HEALTH CENTRE ELEME II,RIVERS,ELEME,2024-11-30,2024,11,4,579.0,7.0,5.0,1034,14,163.0,2,1,945.0,18,842.0,703.0,660.0,2024-12-11,Data Clerk
AKS001,COMPREHENSIVE HEALTH CENTRE UYO,AKWA IBOM,UYO,2023-02-28,2023,2,1,517.0,2.0,1.0,307,1,150.0,2,1,178.0,3,281.0,161.0,143.0,2023-03-11,Facility Focal Person
RIV010,TEACHING HOSPITAL AHOADA EAST II,RIVERS,AHOADA EAST,2022-10-31,2022,10,4,592.0,19.0,14.0,3204,42,189.0,2,1,1803.0,36,2601.0,2374.0,2240.0,2022-11-13,M&E Officer
RIV008,TEACHING HOSPITAL OBIO/AKPOR II,RIVERS,OBIO/AKPOR,2023-05-31,2023,5,2,1518.0,52.0,38.0,4022,80,251.0,8,7,2903.0,44,3643.0,2525.0,2078.0,2023-06-11,Data Clerk
AKS015,MISSION HOSPITAL UYO II,AKWA IBOM,UYO,2022-11-30,2022,11,4,584.0,25.0,18.0,2471,34,107.0,1,0,1789.0,40,1937.0,1816.0,1635.0,2022-12-16,Facility Focal Person
NAS002,COTTAGE HOSPITAL KARU,NASARAWA,KARU,2022-11-30,2022,11,4,376.0,3.0,2.0,312,1,65.0,0,0,234.0,4,243.0,154.0,145.0,2022-12-15,M&E Officer
AKS012,COTTAGE HOSPITAL ORON II,AKWA IBOM,ORON,2023-02-28,2023,2,1,902.0,31.0,21.0,759,8,98.0,3,2,481.0,10,596.0,387.0,342.0,2023-03-13,Data Clerk
FCT015,COMPREHENSIVE HEALTH CENTRE ABAJI II,FCT,ABAJI,2022-09-30,2022,9,3,118.0,4.0,2.0,852,7,14.0,1,0,531.0,14,584.0,531.0,483.0,2022-10-11,Facility Focal Person
CRS010,COMPREHENSIVE HEALTH CENTRE AKAMKPA II,CROSS RIVER,AKAMKPA,2023-10-31,2023,10,4,52.0,0.0,0.0,375,2,14.0,0,0,208.0,4,340.0,294.0,287.0,2023-11-16,Data Clerk
AKS006,PRIMARY HEALTH CENTRE ABAK,AKWA IBOM,ABAK,2024-04-30,2024,4,2,627.0,23.0,22.0,465,4,152.0,3,2,354.0,8,356.0,273.0,261.0,2024-05-21,Facility Focal Person
TMP001,COTTAGE HOSPITAL AMAC II,FCT,AMAC,2022-07-31,2022,7,3,378.0,17.0,11.0,2286,44,55.0,0,0,1397.0,27,1819.0,1220.0,1166.0,2022-09-15,Data Clerk
AKS013,MODEL PRIMARY HEALTH CENTRE ABAK II,AKWA IBOM,ABAK,2024-03-31,2024,3,1,457.0,9.0,8.0,645,2,123.0,1,0,603.0,15,560.0,446.0,420.0,2024-04-13,Data Clerk
KAD001,MODEL PRIMARY HEALTH CENTRE KADUNA NORTH,KADUNA,KADUNA NORTH,2024-02-29,2024,2,1,164.0,10.0,8.0,747,6,48.0,1,0,594.0,8,650.0,363.0,317.0,2024-03-16,Data Clerk
FCT008,TEACHING HOSPITAL GWAGWALADA II,FCT,GWAGWALADA,2023-11-30,2023,11,4,666.0,39.0,31.0,4898,61,187.0,3,2,3621.0,64,4552.0,2612.0,2454.0,2023-12-13,Data Clerk
NAS014,TEACHING HOSPITAL AKWANGA II,NASARAWA,AKWANGA,2024-11-30,2024,11,4,2117.0,46.0,37.0,5097,68,296.0,2,1,3082.0,44,3636.0,2814.0,2545.0,2024-12-29,M&E Officer
CRS007,MODEL PRIMARY HEALTH CENTRE IKOM II,CROSS RIVER,IKOM,2023-07-31,2023,7,3,149.0,4.0,3.0,301,2,37.0,1,0,167.0,4,225.0,151.0,140.0,2023-08-16,Data Clerk
KAD007,MODEL PRIMARY HEALTH CENTRE KADUNA SOUTH II,KADUNA,KADUNA SOUTH,2023-06-30,2023,6,2,306.0,13.0,10.0,1131,8,57.0,1,0,705.0,14,995.0,845.0,783.0,2023-07-15,Facility Focal Person
KAD013,SPECIALIST HOSPITAL ZARIA II,KADUNA,ZARIA,2024-05-31,2024,5,2,,133.0,102.0,2951,24,542.0,17,16,1874.0,37,2116.0,1340.0,,2024-06-18,M&E Officer
LAG008,COTTAGE HOSPITAL LAGOS ISLAND II,LAGOS,LAGOS ISLAND,2023-04-30,2023,4,2,117.0,1.0,0.0,811,1,24.0,0,0,486.0,11,554.0,507.0,441.0,2023-05-21,Data Clerk
LAG003,TEACHING HOSPITAL BADAGRY,LAGOS,BADAGRY,2024-02-29,2024,2,1,2088.0,60.0,53.0,6668,38,575.0,12,10,4424.0,80,5218.0,3723.0,3437.0,2024-03-18,Data Clerk
KAD012,COMPREHENSIVE HEALTH CENTRE KADUNA SOUTH II,KADUNA,KADUNA SOUTH,2022-03-31,2022,3,1,448.0,4.0,3.0,665,13,123.0,1,0,530.0,8,471.0,373.0,309.0,2022-04-11,Facility Focal Person
FCT015,COMPREHENSIVE HEALTH CENTRE ABAJI II,FCT,ABAJI,2022-02-28,2022,2,1,47.0,0.0,0.0,891,17,10.0,0,0,844.0,16,810.0,502.0,413.0,2022-03-13,Data Clerk
RIV001,MODEL PRIMARY HEALTH CENTRE PORT HARCOURT,RIVERS,PORT HARCOURT,2023-01-31,2023,1,1,72.0,1.0,0.0,1018,17,7.0,0,0,584.0,9,743.0,485.0,441.0,2023-02-11,M&E Officer
BEN011,MODEL PRIMARY HEALTH CENTRE KATSINA-ALA II,BENUE,KATSINA-ALA,2022-04-30,2022,4,2,238.0,8.0,5.0,302,3,32.0,2,1,258.0,8,236.0,213.0,187.0,2022-05-15,Facility Focal Person
FCT004,MODEL PRIMARY HEALTH CENTRE KUJE,FCT,KUJE,2022-07-31,2022,7,3,335.0,4.0,3.0,1337,7,86.0,3,2,1054.0,27,1185.0,753.0,710.0,2022-08-13,Data Clerk
NAS013,GENERAL HOSPITAL KEFFI II,NASARAWA,KEFFI,2023-08-31,2023,8,3,585.0,34.0,32.0,1655,29,97.0,4,3,1106.0,20,1213.0,1118.0,998.0,2023-09-15,Data Clerk
LAG009,MISSION HOSPITAL BADAGRY II,LAGOS,BADAGRY,2023-10-31,2023,10,4,537.0,9.0,7.0,2423,25,137.0,4,3,1806.0,35,1719.0,1181.0,1054.0,2023-11-18,Data Clerk
RIV003,COMPREHENSIVE HEALTH CENTRE KHANA,RIVERS,KHANA,2023-11-01,2023,11,4,237.0,14.0,13.0,1044,8,42.0,0,0,617.0,13,814.0,642.0,548.0,2023-12-11,M&E Officer
LAG099,TEACHING HOSPITAL AKWANGA II,NASARAWA,AKWANGA,2022-06-30,2022,6,2,1985.0,51.0,39.0,4665,14,605.0,9,6,2748.0,42,3441.0,2428.0,2107.0,2022-07-29,Data Clerk
AKS009,PRIMARY HEALTH CENTRE IKOT EKPENE II,AKWA IBOM,IKOT EKPENE,2024-05-31,2024,5,2,116.0,8.0,7.0,231,1,16.0,1,0,169.0,3,196.0,150.0,141.0,2024-06-15,M&E Officer
CRS004,COMPREHENSIVE HEALTH CENTRE OBUDU,CROSS RIVER,OBUDU,2023-07-31,2023,7,3,245.0,8.0,5.0,463,3,76.0,2,1,,9,397.0,264.0,231.0,2023-08-15,Data Clerk
NAS011,MISSION HOSPITAL LAFIA II,NASARAWA,LAFIA,2023-10-31,2023,10,4,873.0,6.0,5.0,2535,24,125.0,0,0,1500.0,25,2154.0,1330.0,1175.0,2023-11-11,Facility Focal Person
BEN008,TEACHING HOSPITAL GBOKO II,BENUE,GBOKO,2022-01-31,2022,1,1,1509.0,42.0,35.0,6331,61,405.0,11,10,4483.0,86,5391.0,4423.0,3954.0,2022-02-16,M&E Officer
AKS012,COTTAGE HOSPITAL ORON II,AKWA IBOM,ORON,2024-08-31,2024,8,3,1302.0,66.0,48.0,,7,223.0,6,4,936.0,19,970.0,885.0,849.0,2024-09-16,M&E Officer
TMP001,COMPREHENSIVE HEALTH CENTRE OBUDU II,CROSS RIVER,OBUDU,2024-08-31,2024,8,3,640.0,19.0,18.0,958,10,192.0,9,6,783.0,9,713.0,536.0,454.0,2024-09-16,Data Clerk
AKS003,MODEL PRIMARY HEALTH CENTRE EKET,AKWA IBOM,EKET,2024-10-31,2024,10,4,708.0,14.0,11.0,486,2,130.0,2,1,311.0,8,411.0,345.0,313.0,2024-11-11,Facility Focal Person
NAS999,COMPREHENSIVE HEALTH CENTRE ETINAN,AKWA IBOM,ETINAN,2024-11-30,2024,11,4,194.0,4.0,3.0,907,15,53.0,1,0,806.0,15,750.0,639.0,545.0,2024-12-21,Data Clerk
FCT001,MISSION HOSPITAL AMAC,FCT,AMAC,2023-02-28,2023,2,1,655.0,12.0,10.0,1283,14,122.0,1,0,843.0,14,1078.0,952.0,917.0,2023-03-13,Data Clerk
NAS003,COTTAGE HOSPITAL KEFFI,NASARAWA,KEFFI,2024-10-31,2024,10,4,321.0,5.0,4.0,1426,3,75.0,1,0,949.0,16,1289.0,1340.0,941.0,2024-11-13,Data Clerk
CRS015,MODEL PRIMARY HEALTH CENTRE AKAMKPA II,CROSS RIVER,AKAMKPA,2023-06-30,2023,6,2,78.0,0.0,0.0,542,4,7.0,0,0,438.0,8,492.0,288.0,266.0,2023-07-21,Facility Focal Person
FCT003,SPECIALIST HOSPITAL GWAGWALADA,FCT,GWAGWALADA,2023-02-28,2023,2,1,467.0,21.0,18.0,5988,81,90.0,1,0,5062.0,84,5310.0,3153.0,2935.0,2023-03-16,M&E Officer
CRS006,PRIMARY HEALTH CENTRE CALABAR MUNICIPAL II,CROSS RIVER,CALABAR MUNICIPAL,2024-05-31,2024,5,2,673.0,37.0,34.0,1391,9,87.0,3,2,1062.0,23,998.0,638.0,554.0,2024-06-18,Facility Focal Person
FCT001,MISSION HOSPITAL AMAC,FCT,AMAC,2022-08-31,2022,8,3,884.0,9.0,8.0,1330,20,92.0,0,0,1255.0,22,1058.0,676.0,584.0,2022-09-13,Facility Focal Person
LAG010,PRIMARY HEALTH CENTRE SURULERE II,LAGOS,SURULERE,2022-10-31,2022,10,4,382.0,8.0,7.0,934,15,117.0,6,5,817.0,14,733.0,455.0,382.0,2022-11-13,M&E Officer
LAG005,MISSION HOSPITAL AGEGE,LAGOS,AGEGE,2022-09-30,2022,9,3,1055.0,26.0,21.0,1569,13,313.0,1,0,1129.0,22,1231.0,707.0,633.0,2022-10-13,M&E Officer
FCT004,MODEL PRIMARY HEALTH CENTRE KUJE,FCT,KUJE,2022-09-30,2022,9,3,368.0,13.0,12.0,1337,15,78.0,1,0,1148.0,16,940.0,603.0,545.0,2022-10-18,Facility Focal Person
AKS001,COMPREHENSIVE HEALTH CENTRE UYO,AKWA IBOM,UYO,2022-02-28,2022,2,1,,5.0,3.0,312,5,88.0,1,0,224.0,1,258.0,216.0,208.0,2022-03-11,M&E Officer
NAS008,COMPREHENSIVE HEALTH CENTRE KEFFI II,NASARAWA,KEFFI,2023-05-31,2023,5,2,84.0,2.0,1.0,856,12,9.0,0,0,609.0,10,709.0,594.0,541.0,2023-06-15,M&E Officer
AKS002,GENERAL HOSPITAL IKOT EKPENE,AKWA IBOM,IKOT EKPENE,2024-08-31,2024,8,3,379.0,,0.0,536,7,90.0,1,0,324.0,5,481.0,363.0,315.0,2024-09-27,Data Clerk
LAG010,PRIMARY HEALTH CENTRE SURULERE II,LAGOS,SURULERE,2022-12-31,2022,12,4,452.0,13.0,9.0,940,7,72.0,1,0,574.0,11,748.0,622.0,525.0,2023-01-15,M&E Officer
KAD014,GENERAL HOSPITAL SABON GARI II,KADUNA,SABON GARI,2024-12-31,2024,12,4,239.0,5.0,3.0,2073,28,39.0,0,0,1549.0,16,1648.0,1116.0,,2025-01-15,M&E Officer
CRS008,COTTAGE HOSPITAL OGOJA II,CROSS RIVER,OGOJA,2022-06-30,2022,6,2,473.0,15.0,13.0,2337,42,126.0,2,1,2125.0,45,1785.0,996.0,,2022-07-15,Data Clerk
NAS011,MISSION HOSPITAL LAFIA II,NASARAWA,LAFIA,2023-09-01,2023,9,3,1179.0,10.0,7.0,,34,260.0,2,1,1523.0,37,2174.0,1865.0,,2023-10-13,M&E Officer
BEN001,MISSION HOSPITAL MAKURDI,BENUE,MAKURDI,2024-06-30,2024,6,2,1116.0,11.0,8.0,,21,150.0,1,0,1279.0,19,1565.0,984.0,932.0,2024-08-15,M&E Officer
KAD004,SPECIALIST HOSPITAL SABON GARI,KADUNA,SABON GARI,2022-10-31,2022,10,4,2566.0,115.0,99.0,4140,33,537.0,14,11,2688.0,54,3795.0,3554.0,3367.0,2022-11-13,Facility Focal Person
RIV002,TEACHING HOSPITAL OBIO/AKPOR,RIVERS,OBIO/AKPOR,2023-04-30,2023,4,2,1825.0,31.0,29.0,4676,79,277.0,3,2,3772.0,83,3677.0,3252.0,2877.0,2023-05-13,Facility Focal Person
LAG003,TEACHING HOSPITAL BADAGRY,LAGOS,BADAGRY,2022-08-31,2022,8,3,2564.0,83.0,78.0,6148,41,578.0,6,4,4756.0,97,4814.0,2753.0,,2022-09-13,M&E Officer
KAD008,MODEL PRIMARY HEALTH CENTRE ZARIA II,KADUNA,ZARIA,2023-12-31,2023,12,4,289.0,9.0,,1171,12,79.0,3,2,779.0,21,822.0,593.0,546.0,2024-01-11,M&E Officer
BEN014,COMPREHENSIVE HEALTH CENTRE GBOKO II,BENUE,GBOKO,2024-09-30,2024,9,3,518.0,13.0,9.0,757,4,130.0,0,0,516.0,8,634.0,502.0,417.0,2024-10-18,M&E Officer
KAD012,COMPREHENSIVE HEALTH CENTRE KADUNA SOUTH II,KADUNA,KADUNA SOUTH,2022-01-31,2022,1,1,,5.0,4.0,680,7,,0,0,459.0,15,500.0,279.0,242.0,2022-02-15,Data Clerk
AKS006,PRIMARY HEALTH CENTRE ABAK,AKWA IBOM,ABAK,2024-10-31,2024,10,4,550.0,18.0,13.0,513,4,153.0,3,2,452.0,7,445.0,397.0,363.0,2024-11-15,Data Clerk
RIV007,PRIMARY HEALTH CENTRE PORT HARCOURT II,RIVERS,PORT HARCOURT,2023-11-30,2023,11,4,385.0,2.0,1.0,645,12,67.0,0,0,550.0,7,459.0,397.0,381.0,2023-12-21,M&E Officer
CRS005,TEACHING HOSPITAL AKAMKPA,CROSS RIVER,AKAMKPA,2024-05-31,2024,5,2,1245.0,46.0,42.0,4161,56,366.0,5,4,3086.0,53,3224.0,2888.0,2517.0,2024-06-18,Facility Focal Person
KAD007,MODEL PRIMARY HEALTH CENTRE KADUNA SOUTH II,KADUNA,KADUNA SOUTH,2024-04-30,2024,4,2,271.0,17.0,16.0,1123,8,50.0,1,0,924.0,11,903.0,649.0,617.0,2024-05-13,Facility Focal Person
LAG012,PRIMARY HEALTH CENTRE ALIMOSHO II,LAGOS,ALIMOSHO,2024-08-31,2024,8,3,262.0,9.0,6.0,661,13,32.0,1,0,624.0,12,614.0,447.0,401.0,2024-09-11,Facility Focal Person
NAS005,MISSION HOSPITAL NASARAWA,NASARAWA,NASARAWA,2023-03-31,2023,3,1,846.0,23.0,16.0,424,2,210.0,2,1,270.0,3,357.0,317.0,298.0,2023-04-13,Facility Focal Person
KAD002,TEACHING HOSPITAL KADUNA SOUTH,KADUNA,KADUNA SOUTH,2023-05-31,2023,5,2,1614.0,17.0,12.0,4024,73,261.0,2,1,,35,2941.0,2599.0,2304.0,2023-06-13,M&E Officer
KAD009,MODEL PRIMARY HEALTH CENTRE SABON GARI II,KADUNA,SABON GARI,2024-07-31,2024,7,3,622.0,30.0,29.0,959,14,161.0,4,3,591.0,4,749.0,587.0,521.0,2024-08-16,Facility Focal Person
BEN014,COMPREHENSIVE HEALTH CENTRE GBOKO II,BENUE,GBOKO,2023-12-31,2023,12,4,440.0,4.0,3.0,773,13,104.0,0,0,591.0,4,712.0,467.0,457.0,2024-01-21,Data Clerk
CRS011,COMPREHENSIVE HEALTH CENTRE CALABAR MUNICIPAL II,CROSS RIVER,CALABAR MUNICIPAL,2023-10-31,2023,10,4,328.0,8.0,7.0,485,4,85.0,1,0,282.0,4,427.0,263.0,239.0,2023-11-18,Facility Focal Person
NAS012,MISSION HOSPITAL KARU II,NASARAWA,KARU,2022-01-31,2022,1,1,671.0,14.0,12.0,1341,17,182.0,2,1,1107.0,14,963.0,612.0,583.0,2022-02-16,Facility Focal Person
NAS001,MODEL PRIMARY HEALTH CENTRE LAFIA,NASARAWA,LAFIA,2023-05-31,2023,5,2,240.0,2.0,1.0,444,7,49.0,2,1,337.0,10,372.0,254.0,212.0,2023-06-21,M&E Officer
BEN015,PRIMARY HEALTH CENTRE OTUKPO II,BENUE,OTUKPO,2023-06-30,2023,6,2,166.0,6.0,5.0,789,15,38.0,0,0,653.0,16,725.0,682.0,631.0,2023-07-18,M&E Officer
BEN008,TEACHING HOSPITAL GBOKO II,BENUE,GBOKO,2023-04-30,2023,4,2,2874.0,78.0,58.0,6162,59,875.0,7,6,4853.0,82,4840.0,3192.0,2634.0,2023-05-13,Facility Focal Person
LAG012,PRIMARY HEALTH CENTRE ALIMOSHO II,LAGOS,ALIMOSHO,2022-02-28,2022,2,1,243.0,9.0,8.0,597,6,76.0,3,2,552.0,13,440.0,347.0,325.0,2022-03-15,Facility Focal Person
AKS008,PRIMARY HEALTH CENTRE UYO II,AKWA IBOM,UYO,2023-10-31,2023,10,4,87.0,0.0,0.0,85,1,25.0,0,0,62.0,0,78.0,57.0,54.0,2023-11-13,Facility Focal Person
AKS002,GENERAL HOSPITAL IKOT EKPENE,AKWA IBOM,IKOT EKPENE,2024-12-31,2024,12,4,231.0,4.0,3.0,528,3,26.0,0,0,298.0,8,367.0,283.0,253.0,2025-01-13,Facility Focal Person
BEN001,MISSION HOSPITAL MAKURDI,BENUE,MAKURDI,2022-08-31,2022,8,3,900.0,5.0,4.0,2044,9,237.0,1,0,1619.0,25,1875.0,1488.0,1388.0,2022-09-15,M&E Officer
AKS011,COMPREHENSIVE HEALTH CENTRE ETINAN II,AKWA IBOM,ETINAN,2024-11-30,2024,11,4,115.0,8.0,7.0,339,2,28.0,0,0,308.0,5,278.0,184.0,158.0,2024-12-15,Facility Focal Person
RIV002,TEACHING HOSPITAL OBIO/AKPOR,RIVERS,OBIO/AKPOR,2022-08-01,2022,8,3,1322.0,28.0,22.0,4877,22,243.0,3,2,3709.0,63,4529.0,4601.0,3280.0,2022-09-29,Data Clerk
BEN009,PRIMARY HEALTH CENTRE OTUKPO II,BENUE,OTUKPO,2022-04-01,2022,4,2,275.0,4.0,2.0,480,3,33.0,3,2,376.0,10,401.0,221.0,202.0,2022-05-18,M&E Officer
BEN002,SPECIALIST HOSPITAL GBOKO,BENUE,GBOKO,2022-04-30,2022,4,2,2457.0,45.0,34.0,4980,37,651.0,10,8,3032.0,61,3818.0,2463.0,2367.0,2022-05-20,M&E Officer
KAD014,GENERAL HOSPITAL SABON GARI II,KADUNA,SABON GARI,2024-05-31,2024,5,2,260.0,11.0,8.0,2219,37,29.0,0,0,1446.0,31,2044.0,1579.0,1461.0,2024-06-13,Data Clerk
FCT011,COTTAGE HOSPITAL AMAC II,FCT,AMAC,2024-09-30,2024,9,3,451.0,,17.0,1976,33,129.0,5,4,1326.0,29,1529.0,1270.0,1105.0,2024-10-11,Facility Focal Person
KAD015,GENERAL HOSPITAL CHIKUN II,KADUNA,CHIKUN,2023-05-31,2023,5,2,505.0,9.0,6.0,1708,17,128.0,1,0,1201.0,19,1484.0,1312.0,1229.0,2023-06-11,Facility Focal Person
TMP001,GENERAL HOSPITAL KEFFI II,NASARAWA,KEFFI,2024-02-29,2024,2,1,557.0,17.0,16.0,1631,32,139.0,4,3,1067.0,14,1334.0,1014.0,920.0,2024-03-15,Data Clerk
KAD012,COMPREHENSIVE HEALTH CENTRE KADUNA SOUTH II,KADUNA,KADUNA SOUTH,2024-07-31,2024,7,3,485.0,6.0,4.0,639,8,88.0,0,0,597.0,11,587.0,404.0,379.0,2024-08-16,Facility Focal Person
KAD006,SPECIALIST HOSPITAL KADUNA NORTH II,KADUNA,KADUNA NORTH,2022-02-01,2022,2,1,1786.0,21.0,17.0,1502,7,336.0,2,1,1257.0,25,1255.0,1009.0,934.0,2022-03-21,Data Clerk
LAG005,MISSION HOSPITAL AGEGE,LAGOS,AGEGE,2022-04-30,2022,4,2,978.0,29.0,20.0,1488,24,235.0,3,2,1137.0,20,1167.0,911.0,800.0,2022-05-11,Facility Focal Person
CRS011,COMPREHENSIVE HEALTH CENTRE CALABAR MUNICIPAL II,CROSS RIVER,CALABAR MUNICIPAL,2022-04-30,2022,4,2,331.0,6.0,4.0,450,8,92.0,1,0,329.0,8,317.0,239.0,222.0,2022-05-15,M&E Officer
BEN006,PRIMARY HEALTH CENTRE VANDEIKYA,BENUE,VANDEIKYA,2022-04-30,2022,4,2,196.0,6.0,5.0,309,1,38.0,0,0,224.0,5,270.0,199.0,164.0,2022-05-16,Facility Focal Person
NAS005,MISSION HOSPITAL NASARAWA,NASARAWA,NASARAWA,2022-03-31,2022,3,1,948.0,18.0,13.0,191,1,300.0,6,4,176.0,4,143.0,88.0,77.0,2022-04-15,Data Clerk
FCT003,SPECIALIST HOSPITAL GWAGWALADA,FCT,GWAGWALADA,2024-02-29,2024,2,1,495.0,13.0,9.0,5288,28,91.0,4,3,4043.0,57,4723.0,2926.0,2787.0,2024-03-29,Data Clerk
AKS015,MISSION HOSPITAL UYO II,AKWA IBOM,UYO,2023-11-30,2023,11,4,757.0,41.0,37.0,2460,29,107.0,2,1,1619.0,22,2129.0,1602.0,1392.0,2023-12-29,M&E Officer
AKS011,COMPREHENSIVE HEALTH CENTRE ETINAN II,AKWA IBOM,ETINAN,2023-06-30,2023,6,2,126.0,10.0,8.0,319,3,14.0,0,0,243.0,6,267.0,196.0,181.0,2023-07-11,M&E Officer
BEN014,COMPREHENSIVE HEALTH CENTRE GBOKO II,BENUE,GBOKO,2023-04-01,2023,4,2,466.0,6.0,4.0,823,11,46.0,0,0,638.0,16,623.0,398.0,372.0,2023-05-21,Data Clerk
KAD010,COTTAGE HOSPITAL CHIKUN II,KADUNA,CHIKUN,2024-04-30,2024,4,2,261.0,13.0,11.0,963,4,71.0,5,3,689.0,9,669.0,510.0,480.0,2024-05-29,Data Clerk
LAG010,PRIMARY HEALTH CENTRE SURULERE II,LAGOS,SURULERE,2023-12-01,2023,12,4,396.0,12.0,9.0,953,11,116.0,0,0,526.0,10,735.0,545.0,522.0,2024-01-13,M&E Officer
NAS012,MISSION HOSPITAL KARU II,NASARAWA,KARU,2023-04-30,2023,4,2,1125.0,16.0,13.0,1317,23,173.0,3,2,1083.0,29,1105.0,1034.0,955.0,2023-05-11,Facility Focal Person
AKS010,GENERAL HOSPITAL EKET II,AKWA IBOM,EKET,2024-01-31,2024,1,1,434.0,6.0,4.0,1601,7,60.0,1,0,,23,1178.0,883.0,750.0,2024-02-15,Data Clerk
NAS002,COTTAGE HOSPITAL KARU,NASARAWA,KARU,2022-07-31,2022,7,3,409.0,1.0,0.0,314,3,43.0,0,0,249.0,9,,223.0,208.0,2022-08-13,Facility Focal Person
FCT003,SPECIALIST HOSPITAL GWAGWALADA,FCT,GWAGWALADA,2023-07-31,2023,7,3,739.0,19.0,15.0,5647,90,171.0,3,2,4833.0,75,5224.0,3492.0,2943.0,2023-08-13,Facility Focal Person
CRS002,COMPREHENSIVE HEALTH CENTRE IKOM,CROSS RIVER,IKOM,2023-09-30,2023,9,3,189.0,7.0,6.0,234,1,26.0,0,0,183.0,3,206.0,122.0,112.0,2023-10-13,M&E Officer
LAG003,TEACHING HOSPITAL BADAGRY,LAGOS,BADAGRY,2023-10-31,2023,10,4,2659.0,110.0,103.0,6539,55,707.0,25,24,6159.0,99,4738.0,4010.0,3781.0,2023-11-18,Facility Focal Person
RIV015,SPECIALIST HOSPITAL KHANA II,RIVERS,KHANA,2022-07-31,2022,7,3,389.0,23.0,20.0,2421,7,101.0,3,2,1802.0,29,1663.0,1191.0,1057.0,2022-08-21,Data Clerk
RIV002,TEACHING HOSPITAL OBIO/AKPOR,RIVERS,OBIO/AKPOR,2023-03-01,2023,3,1,1591.0,30.0,27.0,4726,41,398.0,2,1,4079.0,69,3766.0,3425.0,2958.0,2023-04-29,M&E Officer
AKS015,MISSION HOSPITAL UYO II,AKWA IBOM,UYO,2023-04-30,2023,4,2,687.0,31.0,30.0,2473,27,99.0,2,1,1473.0,25,1923.0,1713.0,1668.0,2023-05-15,Facility Focal Person
NAS003,COTTAGE HOSPITAL KEFFI,NASARAWA,KEFFI,2022-07-31,2022,7,3,275.0,8.0,7.0,1851,19,35.0,2,1,1026.0,18,1634.0,936.0,912.0,2022-08-16,M&E Officer
CRS010,COMPREHENSIVE HEALTH CENTRE AKAMKPA II,CROSS RIVER,AKAMKPA,2023-03-31,2023,3,1,62.0,0.0,0.0,395,6,14.0,0,0,266.0,8,326.0,209.0,178.0,2023-04-13,Data Clerk
LAG099,MODEL PRIMARY HEALTH CENTRE KUJE II,FCT,KUJE,2024-10-31,2024,10,4,142.0,4.0,3.0,486,8,37.0,1,0,444.0,9,436.0,322.0,313.0,2024-11-16,Data Clerk
BEN001,MISSION HOSPITAL MAKURDI,BENUE,MAKURDI,2022-04-30,2022,4,2,886.0,6.0,4.0,2105,4,282.0,1,0,1555.0,29,1738.0,1087.0,994.0,2022-05-16,Facility Focal Person
NAS004,COTTAGE HOSPITAL AKWANGA,NASARAWA,AKWANGA,2024-10-31,2024,10,4,387.0,8.0,6.0,605,3,,0,0,,8,550.0,,447.0,2024-11-13,M&E Officer
NAS014,TEACHING HOSPITAL AKWANGA II,NASARAWA,AKWANGA,2023-10-31,2023,10,4,1683.0,57.0,46.0,4911,15,513.0,10,9,4058.0,79,4273.0,3448.0,3266.0,2023-11-13,Facility Focal Person
NAS003,COTTAGE HOSPITAL KEFFI,NASARAWA,KEFFI,2024-08-31,2024,8,3,419.0,8.0,7.0,1447,21,76.0,1,0,1316.0,19,1101.0,644.0,541.0,2024-09-15,M&E Officer
BEN007,SPECIALIST HOSPITAL MAKURDI II,BENUE,MAKURDI,2022-03-31,2022,3,1,232.0,7.0,5.0,2356,35,30.0,0,0,1761.0,27,2082.0,1928.0,1706.0,2022-04-18,Facility Focal Person
LAG006,SPECIALIST HOSPITAL ALIMOSHO,LAGOS,ALIMOSHO,2023-02-28,2023,2,1,790.0,10.0,8.0,5040,94,108.0,2,1,2867.0,38,3531.0,3274.0,2833.0,2023-03-11,M&E Officer
RIV007,PRIMARY HEALTH CENTRE PORT HARCOURT II,RIVERS,PORT HARCOURT,2024-12-31,2024,12,4,379.0,2.0,1.0,581,10,56.0,0,0,533.0,9,468.0,371.0,337.0,2025-01-15,Data Clerk
RIV008,TEACHING HOSPITAL OBIO/AKPOR II,RIVERS,OBIO/AKPOR,2022-01-31,2022,1,1,1284.0,51.0,46.0,3968,36,378.0,7,6,3279.0,55,2939.0,2228.0,1873.0,2022-02-11,Facility Focal Person
CRS004,COMPREHENSIVE HEALTH CENTRE OBUDU,CROSS RIVER,OBUDU,2022-01-31,2022,1,1,171.0,3.0,2.0,460,4,37.0,0,0,,4,375.0,281.0,235.0,2022-02-13,Data Clerk
LAG011,COTTAGE HOSPITAL AGEGE II,LAGOS,AGEGE,2022-05-31,2022,5,2,676.0,7.0,6.0,1815,16,85.0,1,0,1233.0,22,1237.0,1175.0,982.0,2022-06-15,Facility Focal Person
KAD010,COTTAGE HOSPITAL CHIKUN II,KADUNA,CHIKUN,2024-09-30,2024,9,3,288.0,16.0,11.0,969,11,91.0,1,0,747.0,14,869.0,738.0,,2024-10-18,Facility Focal Person
FCT014,GENERAL HOSPITAL KUJE II,FCT,KUJE,2024-03-01,2024,3,1,1124.0,49.0,40.0,2529,22,277.0,7,5,1793.0,27,2270.0,1644.0,1553.0,2024-04-16,Facility Focal Person
BEN013,MODEL PRIMARY HEALTH CENTRE MAKURDI II,BENUE,MAKURDI,2023-11-30,2023,11,4,492.0,31.0,30.0,659,6,105.0,3,2,495.0,7,521.0,299.0,259.0,2023-12-13,M&E Officer
BEN010,MODEL PRIMARY HEALTH CENTRE OKPOKWU II,BENUE,OKPOKWU,2022-11-30,2022,11,4,263.0,2.0,1.0,789,15,63.0,0,0,442.0,8,667.0,513.0,468.0,2022-12-16,M&E Officer
CRS008,COTTAGE HOSPITAL OGOJA II,CROSS RIVER,OGOJA,2022-04-30,2022,4,2,523.0,12.0,9.0,2369,21,55.0,0,0,2079.0,24,2174.0,1479.0,1437.0,2022-05-13,Facility Focal Person
NAS001,MODEL PRIMARY HEALTH CENTRE LAFIA,NASARAWA,LAFIA,2023-01-31,2023,1,1,144.0,1.0,0.0,461,2,38.0,0,0,313.0,5,324.0,261.0,228.0,2023-02-15,Facility Focal Person
AKS003,MODEL PRIMARY HEALTH CENTRE EKET,AKWA IBOM,EKET,2022-12-31,2022,12,4,513.0,19.0,17.0,229,3,112.0,2,1,185.0,3,164.0,132.0,116.0,2023-01-11,Facility Focal Person
CRS015,MODEL PRIMARY HEALTH CENTRE AKAMKPA II,CROSS RIVER,AKAMKPA,2022-11-30,2022,11,4,55.0,1.0,0.0,570,7,15.0,0,0,433.0,6,489.0,286.0,265.0,2022-12-13,M&E Officer
FCT006,MISSION HOSPITAL AMAC II,FCT,AMAC,2023-03-31,2023,3,1,785.0,21.0,,2234,42,245.0,3,2,1985.0,45,1800.0,1646.0,1553.0,2023-04-16,Facility Focal Person
AKS001,COMPREHENSIVE HEALTH CENTRE UYO,AKWA IBOM,UYO,2023-09-30,2023,9,3,-24.0,3.0,2.0,320,6,46.0,1,0,181.0,6,246.0,199.0,166.0,2023-11-15,Facility Focal Person
NAS011,MISSION HOSPITAL LAFIA II,NASARAWA,LAFIA,2023-08-31,2023,8,3,1092.0,13.0,12.0,2581,32,262.0,1,0,1609.0,24,2086.0,1758.0,1633.0,2023-09-21,M&E Officer
BEN014,COMPREHENSIVE HEALTH CENTRE GBOKO II,BENUE,GBOKO,2023-07-31,2023,7,3,569.0,7.0,6.0,805,7,140.0,0,0,473.0,5,698.0,420.0,386.0,2023-08-18,Facility Focal Person
RIV013,MISSION HOSPITAL PORT HARCOURT II,RIVERS,PORT HARCOURT,2022-02-28,2022,2,1,360.0,7.0,5.0,2308,5,70.0,2,1,,17,,1390.0,1208.0,2022-03-13,Data Clerk
LAG003,TEACHING HOSPITAL BADAGRY,LAGOS,BADAGRY,2023-11-01,2023,11,4,2388.0,111.0,92.0,6615,16,601.0,13,10,4558.0,77,4648.0,2805.0,2407.0,2023-12-16,Data Clerk
KAD012,COMPREHENSIVE HEALTH CENTRE KADUNA SOUTH II,KADUNA,KADUNA SOUTH,2023-06-30,2023,6,2,497.0,12.0,11.0,655,2,133.0,0,0,570.0,5,503.0,318.0,268.0,2023-07-15,M&E Officer
BEN001,MISSION HOSPITAL MAKURDI,BENUE,MAKURDI,2023-07-31,2023,7,3,1116.0,5.0,,1881,28,196.0,3,2,1224.0,15,1524.0,1045.0,1013.0,2023-08-21,Data Clerk
NAS001,MODEL PRIMARY HEALTH CENTRE LAFIA,NASARAWA,LAFIA,2023-07-31,2023,7,3,206.0,1.0,0.0,439,1,25.0,0,0,357.0,9,318.0,175.0,146.0,2023-08-21,Data Clerk
RIV010,TEACHING HOSPITAL AHOADA EAST II,RIVERS,AHOADA EAST,2023-11-01,2023,11,4,746.0,18.0,12.0,,25,170.0,2,1,2098.0,47,2313.0,1857.0,1589.0,2023-12-16,M&E Officer
KAD006,SPECIALIST HOSPITAL KADUNA NORTH II,KADUNA,KADUNA NORTH,2022-06-30,2022,6,2,2491.0,41.0,40.0,1549,8,311.0,1,0,1081.0,23,1319.0,794.0,663.0,2022-07-16,Data Clerk
NAS007,GENERAL HOSPITAL KARU II,NASARAWA,KARU,2022-07-31,2022,7,3,658.0,0.0,0.0,2551,42,185.0,0,0,1919.0,37,2289.0,1992.0,1734.0,2022-08-18,M&E Officer
CRS013,MISSION HOSPITAL OGOJA II,CROSS RIVER,OGOJA,2023-11-30,2023,11,4,190.0,1.0,0.0,768,15,19.0,0,0,707.0,17,676.0,408.0,397.0,2023-12-18,Facility Focal Person
NAS008,COMPREHENSIVE HEALTH CENTRE KEFFI II,NASARAWA,KEFFI,2022-02-28,2022,2,1,66.0,1.0,0.0,999,15,10.0,0,0,687.0,8,909.0,591.0,560.0,2022-03-18,Data Clerk
RIV006,COTTAGE HOSPITAL ELEME,RIVERS,ELEME,2023-06-30,2023,6,2,1230.0,36.0,35.0,2526,6,261.0,8,7,2135.0,32,1801.0,1458.0,1250.0,2023-07-18,Data Clerk
BEN011,MODEL PRIMARY HEALTH CENTRE KATSINA-ALA II,BENUE,KATSINA-ALA,2023-06-30,2023,6,2,321.0,11.0,8.0,346,2,101.0,1,0,307.0,2,295.0,202.0,166.0,2023-07-11,Facility Focal Person
KAD012,COMPREHENSIVE HEALTH CENTRE KADUNA SOUTH II,KADUNA,KADUNA SOUTH,2022-10-31,2022,10,4,415.0,11.0,9.0,656,10,105.0,2,1,524.0,9,564.0,315.0,262.0,2022-11-18,Data Clerk
NAS011,MISSION HOSPITAL LAFIA II,NASARAWA,LAFIA,2023-11-30,2023,11,4,771.0,8.0,6.0,2504,37,163.0,0,0,,34,1808.0,1613.0,1477.0,2023-12-18,Facility Focal Person
FCT010,MODEL PRIMARY HEALTH CENTRE ABAJI II,FCT,ABAJI,2024-03-31,2024,3,1,584.0,11.0,10.0,446,1,106.0,1,0,352.0,7,395.0,244.0,232.0,2024-04-13,Facility Focal Person
LAG015,MODEL PRIMARY HEALTH CENTRE BADAGRY II,LAGOS,BADAGRY,2022-07-31,2022,7,3,217.0,8.0,7.0,1134,12,39.0,0,0,768.0,13,978.0,688.0,600.0,2022-08-29,Facility Focal Person
RIV011,MODEL PRIMARY HEALTH CENTRE DEGEMA II,RIVERS,DEGEMA,2022-07-01,2022,7,3,365.0,9.0,7.0,866,16,68.0,3,2,560.0,7,614.0,623.0,408.0,2022-08-21,Facility Focal Person
NAS008,COMPREHENSIVE HEALTH CENTRE KEFFI II,NASARAWA,KEFFI,2022-01-01,2022,1,1,74.0,2.0,1.0,1014,13,10.0,0,0,759.0,21,765.0,625.0,518.0,2022-02-18,Data Clerk
CRS008,COTTAGE HOSPITAL OGOJA II,CROSS RIVER,OGOJA,2023-11-30,2023,11,4,468.0,27.0,24.0,2160,31,145.0,2,1,1427.0,26,1844.0,1081.0,964.0,2023-12-16,M&E Officer
FCT010,MODEL PRIMARY HEALTH CENTRE ABAJI II,FCT,ABAJI,2024-04-30,2024,4,2,628.0,12.0,9.0,449,6,174.0,8,6,319.0,5,,208.0,173.0,2024-05-21,M&E Officer
FCT008,TEACHING HOSPITAL GWAGWALADA II,FCT,GWAGWALADA,2023-09-30,2023,9,3,780.0,39.0,36.0,4922,97,109.0,2,1,4215.0,76,3892.0,2969.0,2532.0,2023-10-15,Data Clerk
RIV012,PRIMARY HEALTH CENTRE ELEME II,RIVERS,ELEME,2022-12-31,2022,12,4,440.0,15.0,12.0,911,8,140.0,3,2,644.0,9,767.0,474.0,416.0,2023-01-21,M&E Officer
NAS011,MISSION HOSPITAL LAFIA II,NASARAWA,LAFIA,2024-06-30,2024,6,2,1473.0,11.0,8.0,2399,21,280.0,0,0,1439.0,29,1907.0,1061.0,983.0,2024-07-15,Data Clerk
KAD014,GENERAL HOSPITAL SABON GARI II,KADUNA,SABON GARI,2023-02-28,2023,2,1,184.0,8.0,5.0,2570,10,40.0,1,0,2392.0,47,2365.0,1806.0,1723.0,2023-03-15,Data Clerk
RIV005,MISSION HOSPITAL DEGEMA,RIVERS,DEGEMA,2024-08-31,2024,8,3,159.0,7.0,6.0,1273,16,42.0,3,2,1181.0,23,992.0,610.0,521.0,2024-09-13,Data Clerk
KAD014,GENERAL HOSPITAL SABON GARI II,KADUNA,SABON GARI,2022-03-01,2022,3,1,160.0,4.0,3.0,2805,46,22.0,0,0,2119.0,38,2386.0,2254.0,2125.0,2022-04-15,M&E Officer
RIV005,MISSION HOSPITAL DEGEMA,RIVERS,DEGEMA,2022-03-31,2022,3,1,157.0,2.0,1.0,1516,28,26.0,0,0,1124.0,24,1226.0,878.0,847.0,2022-04-13,M&E Officer
NAS009,COTTAGE HOSPITAL AKWANGA II,NASARAWA,AKWANGA,2023-08-31,2023,8,3,1253.0,13.0,12.0,487,3,334.0,0,0,335.0,8,427.0,395.0,328.0,2023-09-13,M&E Officer
FCT006,MISSION HOSPITAL AMAC II,FCT,AMAC,2023-06-30,2023,6,2,1030.0,22.0,21.0,2197,20,252.0,3,2,1362.0,19,1837.0,1250.0,1049.0,2023-07-13,Data Clerk
FCT003,SPECIALIST HOSPITAL GWAGWALADA,FCT,GWAGWALADA,2024-06-30,2024,6,2,714.0,19.0,14.0,5111,57,92.0,0,0,4038.0,67,4607.0,2681.0,2201.0,2024-07-15,Data Clerk
CRS008,COTTAGE HOSPITAL OGOJA II,CROSS RIVER,OGOJA,2024-10-31,2024,10,4,631.0,30.0,27.0,2145,29,84.0,3,2,,41,1761.0,1470.0,1309.0,2024-11-21,Facility Focal Person
XXX999,COMPREHENSIVE HEALTH CENTRE UYO,AKWA IBOM,UYO,2023-10-31,2023,10,4,547.0,5.0,4.0,321,3,98.0,1,0,301.0,5,269.0,232.0,247.0,2023-11-16,Data Clerk
RIV010,TEACHING HOSPITAL AHOADA EAST II,RIVERS,AHOADA EAST,2023-10-31,2023,10,4,792.0,26.0,18.0,3074,60,227.0,5,3,2850.0,43,2375.0,1937.0,1679.0,2023-11-29,M&E Officer
NAS001,MODEL PRIMARY HEALTH CENTRE LAFIA,NASARAWA,LAFIA,2022-01-31,2022,1,1,151.0,0.0,0.0,510,3,36.0,0,0,385.0,5,448.0,414.0,369.0,2022-02-18,Data Clerk
RIV011,MODEL PRIMARY HEALTH CENTRE DEGEMA II,RIVERS,DEGEMA,2023-06-01,2023,6,2,340.0,10.0,9.0,882,6,74.0,0,0,767.0,16,702.0,,520.0,2023-07-16,M&E Officer
KAD007,MODEL PRIMARY HEALTH CENTRE KADUNA SOUTH II,KADUNA,KADUNA SOUTH,2024-02-29,2024,2,1,273.0,10.0,9.0,1112,9,36.0,1,0,966.0,25,876.0,825.0,734.0,2024-03-16,Facility Focal Person
NAS001,MODEL PRIMARY HEALTH CENTRE LAFIA,NASARAWA,LAFIA,2023-08-31,2023,8,3,207.0,2.0,1.0,435,5,62.0,0,0,315.0,9,304.0,232.0,195.0,2023-09-15,Facility Focal Person
NAS006,PRIMARY HEALTH CENTRE LAFIA II,NASARAWA,LAFIA,2022-05-31,2022,5,2,298.0,8.0,7.0,1032,7,75.0,1,0,842.0,15,849.0,524.0,467.0,2022-06-13,Data Clerk
KAD015,GENERAL HOSPITAL CHIKUN II,KADUNA,CHIKUN,2024-11-30,2024,11,4,250.0,1.0,0.0,1521,3,58.0,1,0,1215.0,21,1212.0,1134.0,933.0,2024-12-29,Data Clerk
BEN006,PRIMARY HEALTH CENTRE VANDEIKYA,BENUE,VANDEIKYA,2022-10-31,2022,10,4,203.0,7.0,5.0,321,6,42.0,0,0,298.0,4,275.0,182.0,169.0,2022-11-29,Data Clerk
AKS014,PRIMARY HEALTH CENTRE IKONO II,AKWA IBOM,IKONO,2023-04-30,2023,4,2,300.0,7.0,6.0,599,10,71.0,1,0,346.0,7,509.0,466.0,396.0,2023-05-15,Facility Focal Person
CRS010,COMPREHENSIVE HEALTH CENTRE AKAMKPA II,CROSS RIVER,AKAMKPA,2023-04-30,2023,4,2,90.0,2.0,1.0,390,6,9.0,0,0,222.0,2,266.0,218.0,193.0,2023-05-18,Data Clerk
BEN004,GENERAL HOSPITAL OKPOKWU,BENUE,OKPOKWU,2024-08-31,2024,8,3,1160.0,8.0,7.0,416,6,179.0,1,0,269.0,5,334.0,193.0,162.0,2024-09-11,Facility Focal Person
AKS008,PRIMARY HEALTH CENTRE UYO II,AKWA IBOM,UYO,2024-02-29,2024,2,1,94.0,4.0,3.0,87,0,20.0,1,0,79.0,2,75.0,47.0,42.0,2024-03-11,M&E Officer
RIV013,MISSION HOSPITAL PORT HARCOURT II,RIVERS,PORT HARCOURT,2023-05-31,2023,5,2,705.0,21.0,20.0,2175,7,150.0,3,2,1860.0,36,1527.0,1083.0,950.0,2023-06-11,Facility Focal Person
LAG014,COTTAGE HOSPITAL LAGOS ISLAND II,LAGOS,LAGOS ISLAND,2022-01-31,2022,1,1,765.0,10.0,7.0,2102,36,121.0,1,0,1362.0,26,1628.0,1100.0,927.0,2022-02-13,M&E Officer
BEN005,MODEL PRIMARY HEALTH CENTRE KATSINA-ALA,BENUE,KATSINA-ALA,2024-02-29,2024,2,1,515.0,14.0,11.0,543,2,109.0,1,0,337.0,7,413.0,371.0,351.0,2024-03-11,Facility Focal Person
FCT007,SPECIALIST HOSPITAL BWARI II,FCT,BWARI,2022-11-30,2022,11,4,1922.0,28.0,22.0,,70,523.0,7,6,3213.0,62,3164.0,1831.0,1549.0,2022-12-16,Facility Focal Person
RIV001,MODEL PRIMARY HEALTH CENTRE PORT HARCOURT,RIVERS,PORT HARCOURT,2024-08-31,2024,8,3,131.0,,1.0,809,11,26.0,0,0,470.0,15,649.0,442.0,405.0,2024-09-16,Data Clerk
BEN010,MODEL PRIMARY HEALTH CENTRE OKPOKWU II,BENUE,OKPOKWU,2024-12-31,2024,12,4,346.0,10.0,9.0,699,11,53.0,0,0,567.0,10,492.0,461.0,407.0,2025-01-29,Facility Focal Person
RIV013,MISSION HOSPITAL PORT HARCOURT II,RIVERS,PORT HARCOURT,2023-10-31,2023,10,4,525.0,17.0,12.0,2137,6,75.0,0,0,1741.0,38,1921.0,1423.0,1167.0,2023-11-11,Data Clerk
LAG099,COTTAGE HOSPITAL AKWANGA,NASARAWA,AKWANGA,2022-02-28,2022,2,1,238.0,5.0,3.0,420,7,31.0,1,0,267.0,6,389.0,300.0,250.0,2022-03-11,Facility Focal Person
NAS010,TEACHING HOSPITAL NASARAWA II,NASARAWA,NASARAWA,2024-11-01,2024,11,4,1907.0,118.0,93.0,5824,71,483.0,19,18,5101.0,83,4135.0,3707.0,3577.0,2024-12-13,Facility Focal Person
RIV002,TEACHING HOSPITAL OBIO/AKPOR,RIVERS,OBIO/AKPOR,2022-10-31,2022,10,4,1331.0,34.0,28.0,4811,53,210.0,1,0,4228.0,76,3350.0,2947.0,2837.0,2022-11-16,Facility Focal Person
NAS013,GENERAL HOSPITAL KEFFI II,NASARAWA,KEFFI,2022-01-01,2022,1,1,360.0,13.0,11.0,1614,19,57.0,1,0,1398.0,26,1303.0,861.0,767.0,2022-02-16,Facility Focal Person
FCT010,MODEL PRIMARY HEALTH CENTRE ABAJI II,FCT,ABAJI,2024-11-30,2024,11,4,544.0,15.0,14.0,526,2,105.0,2,1,301.0,5,363.0,199.0,168.0,2024-12-15,Facility Focal Person
BEN008,TEACHING HOSPITAL GBOKO II,BENUE,GBOKO,2023-10-31,2023,10,4,2080.0,49.0,43.0,6320,24,365.0,6,5,4020.0,76,5513.0,3675.0,3338.0,2023-11-13,Data Clerk
XXX999,MISSION HOSPITAL PORT HARCOURT II,RIVERS,PORT HARCOURT,2024-12-31,2024,12,4,702.0,35.0,26.0,2090,36,168.0,1,0,1353.0,20,1575.0,1229.0,1095.0,2025-01-13,Data Clerk
RIV004,MODEL PRIMARY HEALTH CENTRE AHOADA EAST,RIVERS,AHOADA EAST,2024-03-31,2024,3,1,426.0,9.0,7.0,841,2,65.0,0,0,743.0,16,668.0,455.0,441.0,2024-04-16,Facility Focal Person
FCT008,TEACHING HOSPITAL GWAGWALADA II,FCT,GWAGWALADA,2022-05-31,2022,5,2,774.0,49.0,48.0,,62,87.0,1,0,4572.0,82,3908.0,3433.0,2930.0,2022-06-16,Facility Focal Person
AKS013,MODEL PRIMARY HEALTH CENTRE ABAK II,AKWA IBOM,ABAK,2023-04-30,2023,4,2,424.0,11.0,9.0,592,1,82.0,0,0,428.0,8,546.0,408.0,376.0,2023-05-11,M&E Officer
KAD001,MODEL PRIMARY HEALTH CENTRE KADUNA NORTH,KADUNA,KADUNA NORTH,2024-03-31,2024,3,1,195.0,11.0,8.0,748,7,19.0,2,1,586.0,9,,491.0,472.0,2024-04-11,Facility Focal Person
CRS010,COMPREHENSIVE HEALTH CENTRE AKAMKPA II,CROSS RIVER,AKAMKPA,2023-09-30,2023,9,3,61.0,2.0,1.0,377,3,18.0,0,0,258.0,2,266.0,190.0,161.0,2023-10-15,Data Clerk
LAG013,SPECIALIST HOSPITAL IKORODU II,LAGOS,IKORODU,2023-05-31,2023,5,2,2329.0,88.0,70.0,6026,99,254.0,4,3,3903.0,75,4447.0,2455.0,2319.0,2023-06-16,M&E Officer
NAS013,GENERAL HOSPITAL KEFFI II,NASARAWA,KEFFI,2022-02-28,2022,2,1,357.0,13.0,10.0,1594,30,101.0,1,0,1143.0,20,1253.0,932.0,866.0,2022-03-13,Data Clerk
KAD008,MODEL PRIMARY HEALTH CENTRE ZARIA II,KADUNA,ZARIA,2024-08-31,2024,8,3,392.0,21.0,17.0,1170,8,110.0,4,3,1031.0,16,892.0,676.0,613.0,2024-09-16,Facility Focal Person
LAG003,TEACHING HOSPITAL BADAGRY,LAGOS,BADAGRY,2022-03-31,2022,3,1,2770.0,111.0,85.0,6066,118,427.0,7,6,3509.0,61,5600.0,4316.0,3833.0,2022-04-15,M&E Officer
NAS005,MISSION HOSPITAL NASARAWA,NASARAWA,NASARAWA,2024-01-31,2024,1,1,1215.0,28.0,27.0,627,1,298.0,5,4,583.0,9,477.0,449.0,418.0,2024-02-16,M&E Officer
BEN005,MODEL PRIMARY HEALTH CENTRE KATSINA-ALA,BENUE,KATSINA-ALA,2024-04-30,2024,4,2,665.0,11.0,10.0,555,1,143.0,1,0,324.0,6,515.0,409.0,367.0,2024-05-11,Facility Focal Person
LAG011,COTTAGE HOSPITAL AGEGE II,LAGOS,AGEGE,2022-10-31,2022,10,4,420.0,6.0,4.0,1778,22,117.0,0,0,1671.0,21,1624.0,1030.0,946.0,2022-11-15,Data Clerk
AKS009,PRIMARY HEALTH CENTRE IKOT EKPENE II,AKWA IBOM,IKOT EKPENE,2022-07-31,2022,7,3,79.0,2.0,1.0,234,4,19.0,1,0,132.0,1,205.0,189.0,167.0,2022-08-29,Facility Focal Person
BEN014,COMPREHENSIVE HEALTH CENTRE GBOKO II,BENUE,GBOKO,2022-04-30,2022,4,2,541.0,8.0,7.0,897,16,157.0,0,0,806.0,12,784.0,655.0,625.0,2022-05-13,M&E Officer
LAG012,PRIMARY HEALTH CENTRE ALIMOSHO II,LAGOS,ALIMOSHO,2022-01-31,2022,1,1,141.0,2.0,1.0,595,6,30.0,1,0,512.0,2,494.0,273.0,246.0,2022-02-13,M&E Officer
RIV002,TEACHING HOSPITAL OBIO/AKPOR,RIVERS,OBIO/AKPOR,2023-01-31,2023,1,1,1484.0,29.0,26.0,,26,259.0,4,3,4124.0,79,3970.0,3068.0,2661.0,2023-02-13,Facility Focal Person
FCT007,SPECIALIST HOSPITAL BWARI II,FCT,BWARI,2024-08-31,2024,8,3,2071.0,53.0,49.0,4261,62,417.0,9,7,3973.0,76,3154.0,2430.0,2303.0,2024-09-18,Facility Focal Person
LAG015,MODEL PRIMARY HEALTH CENTRE BADAGRY II,LAGOS,BADAGRY,2022-10-31,2022,10,4,191.0,7.0,6.0,1125,21,60.0,0,0,,14,1033.0,838.0,784.0,2022-11-21,Data Clerk
CRS012,MODEL PRIMARY HEALTH CENTRE IKOM II,CROSS RIVER,IKOM,2024-04-30,2024,4,2,4160.0,8.0,5.0,764,2,104.0,2,1,526.0,9,587.0,433.0,416.0,2024-05-16,Facility Focal Person
CRS008,COTTAGE HOSPITAL OGOJA II,CROSS RIVER,OGOJA,2023-06-30,2023,6,2,643.0,26.0,22.0,2194,34,139.0,0,0,2004.0,31,1774.0,1367.0,1134.0,2023-07-18,M&E Officer
AKS012,COTTAGE HOSPITAL ORON II,AKWA IBOM,ORON,2024-06-30,2024,6,2,1355.0,58.0,41.0,1200,22,271.0,6,4,778.0,15,967.0,646.0,540.0,2024-07-15,M&E Officer
FCT012,MISSION HOSPITAL BWARI II,FCT,BWARI,2024-07-31,2024,7,3,10800.0,50.0,45.0,2918,57,307.0,6,5,1780.0,27,2270.0,1360.0,1171.0,2024-08-16,M&E Officer
RIV015,SPECIALIST HOSPITAL KHANA II,RIVERS,KHANA,2022-11-30,2022,11,4,395.0,27.0,20.0,2391,38,53.0,1,0,1680.0,25,2054.0,1734.0,1495.0,2022-12-13,Facility Focal Person
NAS006,PRIMARY HEALTH CENTRE LAFIA II,NASARAWA,LAFIA,2023-10-31,2023,10,4,295.0,7.0,5.0,963,13,68.0,1,0,738.0,12,809.0,451.0,377.0,2023-11-18,Data Clerk
RIV001,MODEL PRIMARY HEALTH CENTRE PORT HARCOURT,RIVERS,PORT HARCOURT,2023-05-31,2023,5,2,147.0,0.0,0.0,980,14,33.0,0,0,620.0,11,855.0,763.0,670.0,2023-06-11,Data Clerk
NAS002,COTTAGE HOSPITAL KARU,NASARAWA,KARU,2024-01-31,2024,1,1,456.0,5.0,3.0,304,4,79.0,0,0,172.0,5,229.0,147.0,120.0,2024-02-13,Facility Focal Person
KAD011,PRIMARY HEALTH CENTRE KADUNA NORTH II,KADUNA,KADUNA NORTH,2023-11-30,2023,11,4,172.0,7.0,5.0,578,3,49.0,1,0,337.0,5,510.0,483.0,454.0,2023-12-18,M&E Officer
NAS011,MISSION HOSPITAL LAFIA II,NASARAWA,LAFIA,2024-11-30,2024,11,4,1023.0,8.0,7.0,2383,9,154.0,2,1,2002.0,27,1979.0,1687.0,1464.0,2024-12-11,Facility Focal Person
CRS003,SPECIALIST HOSPITAL OGOJA,CROSS RIVER,OGOJA,2022-12-31,2022,12,4,1016.0,34.0,27.0,5392,57,323.0,4,3,4906.0,106,3811.0,2752.0,2383.0,2023-02-15,Facility Focal Person
NAS011,MISSION HOSPITAL LAFIA II,NASARAWA,LAFIA,2024-09-30,2024,9,3,1037.0,12.0,9.0,2403,11,151.0,4,3,1669.0,32,1952.0,1209.0,1160.0,2024-10-13,Facility Focal Person
KAD015,GENERAL HOSPITAL CHIKUN II,KADUNA,CHIKUN,2024-04-01,2024,4,2,413.0,7.0,6.0,1591,17,60.0,2,1,1012.0,15,1201.0,,894.0,2024-05-21,Facility Focal Person
BEN004,GENERAL HOSPITAL OKPOKWU,BENUE,OKPOKWU,2022-06-30,2022,6,2,982.0,5.0,4.0,367,5,299.0,1,0,296.0,5,250.0,179.0,164.0,2022-07-16,Data Clerk
LAG003,TEACHING HOSPITAL BADAGRY,LAGOS,BADAGRY,2024-05-01,2024,5,2,2820.0,129.0,105.0,6702,76,869.0,22,21,4254.0,80,4618.0,2686.0,2311.0,2024-06-11,Facility Focal Person
FCT013,COTTAGE HOSPITAL GWAGWALADA II,FCT,GWAGWALADA,2023-05-31,2023,5,2,1041.0,7.0,5.0,1323,22,167.0,0,0,1100.0,24,911.0,840.0,788.0,2023-06-13,Data Clerk
CRS001,MODEL PRIMARY HEALTH CENTRE CALABAR MUNICIPAL,CROSS RIVER,CALABAR MUNICIPAL,2022-03-31,2022,3,1,150.0,8.0,6.0,672,7,29.0,0,0,551.0,12,596.0,492.0,418.0,2022-04-18,Data Clerk
LAG003,TEACHING HOSPITAL BADAGRY,LAGOS,BADAGRY,2023-05-31,2023,5,2,3403.0,157.0,150.0,6501,129,831.0,26,23,4739.0,93,5112.0,3072.0,2808.0,2023-06-15,M&E Officer
FCT013,COTTAGE HOSPITAL GWAGWALADA II,FCT,GWAGWALADA,2024-07-31,2024,7,3,1196.0,18.0,12.0,1262,7,370.0,2,1,993.0,19,925.0,738.0,649.0,2024-08-11,M&E Officer
FCT007,SPECIALIST HOSPITAL BWARI II,FCT,BWARI,2024-05-31,2024,5,2,2178.0,38.0,33.0,,19,603.0,10,8,2931.0,46,3662.0,2299.0,2076.0,2024-06-11,M&E Officer
LAG015,MODEL PRIMARY HEALTH CENTRE BADAGRY II,LAGOS,BADAGRY,2023-08-31,2023,8,3,242.0,11.0,9.0,1080,15,45.0,1,0,662.0,9,864.0,620.0,695.0,2023-09-15,Data Clerk
FCT007,SPECIALIST HOSPITAL BWARI II,FCT,BWARI,2022-12-31,2022,12,4,2542.0,73.0,56.0,4313,64,394.0,7,5,4009.0,67,3913.0,2765.0,2527.0,2023-01-13,M&E Officer
CRS006,PRIMARY HEALTH CENTRE CALABAR MUNICIPAL II,CROSS RIVER,CALABAR MUNICIPAL,2022-03-31,2022,3,1,571.0,27.0,26.0,1259,4,84.0,4,3,707.0,15,1009.0,1019.0,605.0,2022-03-04,Facility Focal Person
BEN006,PRIMARY HEALTH CENTRE VANDEIKYA,BENUE,VANDEIKYA,2024-06-30,2024,6,2,248.0,8.0,6.0,355,2,30.0,0,0,205.0,4,309.0,237.0,219.0,2024-07-15,Data Clerk
CRS012,MODEL PRIMARY HEALTH CENTRE IKOM II,CROSS RIVER,IKOM,2022-08-01,2022,8,3,431.0,5.0,4.0,823,2,45.0,1,0,559.0,12,618.0,496.0,477.0,2022-09-13,Facility Focal Person
KAD009,MODEL PRIMARY HEALTH CENTRE SABON GARI II,KADUNA,SABON GARI,2023-06-30,2023,6,2,495.0,23.0,20.0,821,3,105.0,2,1,734.0,14,598.0,420.0,,2023-07-15,Data Clerk
NAS002,COTTAGE HOSPITAL KARU,NASARAWA,KARU,2022-06-30,2022,6,2,365.0,3.0,2.0,317,2,112.0,0,0,294.0,8,243.0,175.0,170.0,2022-07-18,Data Clerk
LAG014,COTTAGE HOSPITAL LAGOS ISLAND II,LAGOS,LAGOS ISLAND,2022-04-30,2022,4,2,632.0,6.0,5.0,2023,41,96.0,1,0,1849.0,35,1735.0,1258.0,1140.0,2022-05-29,M&E Officer
LAG008,COTTAGE HOSPITAL LAGOS ISLAND II,LAGOS,LAGOS ISLAND,2023-10-01,2023,10,4,121.0,4.0,3.0,769,12,29.0,0,0,470.0,13,613.0,387.0,321.0,2023-11-21,Data Clerk
BEN015,PRIMARY HEALTH CENTRE OTUKPO II,BENUE,OTUKPO,2022-12-31,2022,12,4,147.0,5.0,4.0,841,6,37.0,0,0,728.0,11,584.0,339.0,279.0,2023-01-29,Facility Focal Person
BEN008,TEACHING HOSPITAL GBOKO II,BENUE,GBOKO,2023-07-31,2023,7,3,2948.0,91.0,74.0,6314,34,888.0,15,14,4769.0,88,5519.0,3736.0,3540.0,2023-08-11,Data Clerk
FCT001,MISSION HOSPITAL AMAC,FCT,AMAC,2022-07-31,2022,7,3,995.0,8.0,7.0,1342,14,122.0,1,0,1223.0,29,972.0,594.0,498.0,2022-08-13,Facility Focal Person
FCT007,SPECIALIST HOSPITAL BWARI II,FCT,BWARI,2024-01-31,2024,1,1,1524.0,29.0,20.0,4187,76,200.0,5,4,3273.0,60,3458.0,2595.0,2283.0,2024-02-21,Data Clerk
NAS999,COTTAGE HOSPITAL CHIKUN,KADUNA,CHIKUN,2023-06-30,2023,6,2,665.0,7.0,5.0,327,3,71.0,3,2,208.0,4,277.0,157.0,129.0,2023-07-29,Facility Focal Person
FCT004,MODEL PRIMARY HEALTH CENTRE KUJE,FCT,KUJE,2022-08-31,2022,8,3,360.0,22.0,18.0,1340,15,109.0,3,2,762.0,18,985.0,759.0,713.0,2022-09-13,Facility Focal Person
NAS003,COTTAGE HOSPITAL KEFFI,NASARAWA,KEFFI,2022-03-31,2022,3,1,301.0,2.0,1.0,1903,8,38.0,1,0,1099.0,17,1342.0,972.0,847.0,2022-04-21,Facility Focal Person
BEN002,SPECIALIST HOSPITAL GBOKO,BENUE,GBOKO,2023-10-01,2023,10,4,2365.0,38.0,32.0,4528,36,547.0,3,2,3534.0,61,3417.0,2364.0,2183.0,2023-11-13,Data Clerk
KAD010,COTTAGE HOSPITAL CHIKUN II,KADUNA,CHIKUN,2023-10-31,2023,10,4,206.0,10.0,9.0,968,12,46.0,2,1,704.0,25,747.0,575.0,487.0,2023-11-15,Data Clerk
RIV013,MISSION HOSPITAL PORT HARCOURT II,RIVERS,PORT HARCOURT,2022-01-31,2022,1,1,650.0,14.0,11.0,2308,24,184.0,4,3,2161.0,27,1712.0,1434.0,1339.0,2022-02-15,Data Clerk
RIV008,TEACHING HOSPITAL OBIO/AKPOR II,RIVERS,OBIO/AKPOR,2022-04-30,2022,4,2,1082.0,47.0,40.0,3920,68,241.0,6,4,3016.0,46,2973.0,2521.0,2092.0,2022-05-11,Facility Focal Person
LAG003,TEACHING HOSPITAL BADAGRY,LAGOS,BADAGRY,2023-12-31,2023,12,4,2817.0,106.0,89.0,6678,26,841.0,10,8,6147.0,107,5420.0,4293.0,3713.0,2024-01-18,Data Clerk
NAS005,MISSION HOSPITAL NASARAWA,NASARAWA,NASARAWA,2024-05-31,2024,5,2,1682.0,37.0,30.0,737,8,288.0,6,5,528.0,4,678.0,475.0,449.0,2024-06-15,Facility Focal Person
AKS013,MODEL PRIMARY HEALTH CENTRE ABAK II,AKWA IBOM,ABAK,2023-10-31,2023,10,4,373.0,15.0,11.0,615,4,105.0,3,2,519.0,11,,316.0,278.0,2023-11-15,Data Clerk
RIV011,MODEL PRIMARY HEALTH CENTRE DEGEMA II,RIVERS,DEGEMA,2023-02-28,2023,2,1,354.0,12.0,10.0,874,11,100.0,0,0,553.0,5,600.0,565.0,516.0,2023-03-16,Facility Focal Person
KAD014,GENERAL HOSPITAL SABON GARI II,KADUNA,SABON GARI,2023-12-31,2023,12,4,169.0,5.0,4.0,2330,17,52.0,1,0,1568.0,31,1666.0,1291.0,1207.0,2024-01-21,M&E Officer
BEN004,GENERAL HOSPITAL OKPOKWU,BENUE,OKPOKWU,2022-12-31,2022,12,4,848.0,6.0,4.0,376,2,226.0,0,0,313.0,7,324.0,253.0,244.0,2023-01-13,Facility Focal Person
BEN006,PRIMARY HEALTH CENTRE VANDEIKYA,BENUE,VANDEIKYA,2023-07-31,2023,7,3,265.0,3.0,2.0,342,6,53.0,1,0,272.0,3,244.0,157.0,149.0,2023-08-15,Data Clerk
FCT007,SPECIALIST HOSPITAL BWARI II,FCT,BWARI,2022-04-30,2022,4,2,2493.0,60.0,53.0,4542,81,357.0,2,1,4186.0,73,4116.0,3755.0,3183.0,2022-05-18,Facility Focal Person
AKS002,GENERAL HOSPITAL IKOT EKPENE,AKWA IBOM,IKOT EKPENE,2022-02-28,2022,2,1,224.0,3.0,2.0,693,8,59.0,0,0,401.0,3,472.0,278.0,263.0,2022-03-11,Facility Focal Person
RIV013,MISSION HOSPITAL PORT HARCOURT II,RIVERS,PORT HARCOURT,2022-03-31,2022,3,1,621.0,15.0,12.0,2290,30,90.0,3,2,1657.0,28,1874.0,1652.0,1468.0,2022-04-11,Data Clerk
RIV013,MISSION HOSPITAL PORT HARCOURT II,RIVERS,PORT HARCOURT,2022-12-31,2022,12,4,450.0,15.0,11.0,2183,44,92.0,0,0,1972.0,39,1595.0,1208.0,1139.0,2023-01-21,Facility Focal Person
KAD014,GENERAL HOSPITAL SABON GARI II,KADUNA,SABON GARI,2023-04-30,2023,4,2,236.0,,3.0,2509,43,38.0,0,0,2269.0,41,1861.0,1708.0,1427.0,2023-05-11,Data Clerk
BEN010,MODEL PRIMARY HEALTH CENTRE OKPOKWU II,BENUE,OKPOKWU,2023-07-31,2023,7,3,398.0,4.0,3.0,747,4,89.0,1,0,477.0,9,624.0,361.0,316.0,2023-08-11,Facility Focal Person
BEN014,COMPREHENSIVE HEALTH CENTRE GBOKO II,BENUE,GBOKO,2023-05-31,2023,5,2,469.0,3.0,2.0,812,13,125.0,2,1,688.0,6,693.0,642.0,564.0,2023-06-16,Data Clerk
AKS002,GENERAL HOSPITAL IKOT EKPENE,AKWA IBOM,IKOT EKPENE,2022-04-30,2022,4,2,234.0,0.0,0.0,678,9,66.0,0,0,541.0,11,554.0,483.0,428.0,2022-05-13,Data Clerk
BEN012,COTTAGE HOSPITAL VANDEIKYA II,BENUE,VANDEIKYA,2023-03-31,2023,3,1,561.0,3.0,2.0,455,5,75.0,1,0,409.0,6,413.0,,316.0,2023-04-21,Data Clerk
KAD010,COTTAGE HOSPITAL CHIKUN II,KADUNA,CHIKUN,2023-02-28,2023,2,1,217.0,15.0,14.0,956,18,59.0,2,1,529.0,11,726.0,654.0,577.0,2023-03-11,Facility Focal Person
AKS005,COMPREHENSIVE HEALTH CENTRE ORON,AKWA IBOM,ORON,2024-02-01,2024,2,1,127.0,1.0,0.0,1033,12,14.0,0,0,781.0,7,799.0,607.0,512.0,2024-03-29,M&E Officer
BEN008,TEACHING HOSPITAL GBOKO II,BENUE,GBOKO,2024-04-30,2024,4,2,2929.0,103.0,84.0,6283,78,401.0,3,2,3960.0,73,5336.0,4995.0,4290.0,2024-05-13,Data Clerk
KAD005,COTTAGE HOSPITAL CHIKUN,KADUNA,CHIKUN,2022-09-30,2022,9,3,433.0,8.0,6.0,296,2,85.0,1,0,219.0,3,254.0,195.0,160.0,2022-10-11,M&E Officer
NAS012,MISSION HOSPITAL KARU II,NASARAWA,KARU,2024-04-30,2024,4,2,1017.0,26.0,22.0,1346,23,251.0,5,3,1042.0,18,1217.0,1088.0,965.0,2024-05-11,Facility Focal Person
FCT015,COMPREHENSIVE HEALTH CENTRE ABAJI II,FCT,ABAJI,2023-11-30,2023,11,4,77.0,3.0,2.0,761,11,20.0,0,0,491.0,3,548.0,373.0,334.0,2023-12-21,Data Clerk
KAD013,SPECIALIST HOSPITAL ZARIA II,KADUNA,ZARIA,2023-02-28,2023,2,1,2076.0,64.0,46.0,2181,4,334.0,11,9,1310.0,21,1977.0,1665.0,1374.0,2023-03-13,Data Clerk
LAG001,PRIMARY HEALTH CENTRE IKORODU,LAGOS,IKORODU,2024-01-31,2024,1,1,395.0,7.0,4.0,345,1,87.0,1,0,246.0,4,306.0,204.0,177.0,2024-02-13,Facility Focal Person
BEN006,PRIMARY HEALTH CENTRE VANDEIKYA,BENUE,VANDEIKYA,2024-11-30,2024,11,4,197.0,1.0,0.0,373,1,20.0,0,0,256.0,5,280.0,198.0,183.0,2024-12-15,M&E Officer
BEN009,PRIMARY HEALTH CENTRE OTUKPO II,BENUE,OTUKPO,2023-05-31,2023,5,2,294.0,8.0,7.0,465,3,65.0,0,0,392.0,8,344.0,253.0,211.0,2023-06-11,M&E Officer
LAG009,MISSION HOSPITAL BADAGRY II,LAGOS,BADAGRY,2024-06-30,2024,6,2,559.0,16.0,13.0,,13,139.0,2,1,1918.0,35,1640.0,1030.0,989.0,2024-07-11,M&E Officer
RIV002,TEACHING HOSPITAL OBIO/AKPOR,RIVERS,OBIO/AKPOR,2022-04-30,2022,4,2,1442.0,39.0,37.0,4908,36,166.0,2,1,3414.0,63,4325.0,2905.0,2439.0,2022-05-16,Data Clerk
CRS004,COMPREHENSIVE HEALTH CENTRE OBUDU,CROSS RIVER,OBUDU,2023-10-31,2023,10,4,172.0,7.0,6.0,460,5,53.0,3,2,395.0,7,426.0,336.0,285.0,2023-11-16,M&E Officer
LAG012,PRIMARY HEALTH CENTRE ALIMOSHO II,LAGOS,ALIMOSHO,2023-07-31,2023,7,3,235.0,7.0,5.0,643,6,53.0,5,4,376.0,8,491.0,459.0,406.0,2023-08-21,Facility Focal Person
RIV010,TEACHING HOSPITAL AHOADA EAST II,RIVERS,AHOADA EAST,2024-05-31,2024,5,2,930.0,33.0,30.0,2948,24,93.0,2,1,1864.0,30,2157.0,1561.0,1421.0,2024-06-15,Data Clerk
RIV007,PRIMARY HEALTH CENTRE PORT HARCOURT II,RIVERS,PORT HARCOURT,2024-01-31,2024,1,1,281.0,,1.0,631,12,40.0,0,0,580.0,8,431.0,291.0,,2024-02-21,M&E Officer
AKS005,COMPREHENSIVE HEALTH CENTRE ORON,AKWA IBOM,ORON,2023-04-30,2023,4,2,148.0,1.0,0.0,1143,4,25.0,0,0,1014.0,25,841.0,765.0,644.0,2023-05-15,Facility Focal Person
AKS001,COMPREHENSIVE HEALTH CENTRE UYO,AKWA IBOM,UYO,2022-03-31,2022,3,1,506.0,2.0,1.0,309,4,67.0,1,0,219.0,0,231.0,187.0,176.0,2022-04-16,Data Clerk
CRS001,MODEL PRIMARY HEALTH CENTRE CALABAR MUNICIPAL,CROSS RIVER,CALABAR MUNICIPAL,2024-06-30,2024,6,2,233.0,12.0,9.0,694,9,65.0,3,2,549.0,2,536.0,349.0,320.0,2024-07-11,Facility Focal Person
NAS005,MISSION HOSPITAL NASARAWA,NASARAWA,NASARAWA,2023-06-30,2023,6,2,1346.0,38.0,26.0,482,8,277.0,2,1,300.0,6,446.0,417.0,382.0,2023-07-11,Facility Focal Person
RIV009,MISSION HOSPITAL KHANA II,RIVERS,KHANA,2023-10-31,2023,10,4,274.0,2.0,1.0,789,8,57.0,0,0,606.0,10,723.0,478.0,428.0,2023-11-21,Data Clerk
NAS007,GENERAL HOSPITAL KARU II,NASARAWA,KARU,2024-01-31,2024,1,1,693.0,0.0,0.0,2134,30,151.0,1,0,1645.0,29,1624.0,1528.0,1292.0,2024-02-16,Data Clerk
FCT009,MODEL PRIMARY HEALTH CENTRE KUJE II,FCT,KUJE,2023-11-30,2023,11,4,153.0,5.0,3.0,476,1,46.0,2,1,322.0,8,369.0,332.0,321.0,2023-12-16,Facility Focal Person
KAD005,COTTAGE HOSPITAL CHIKUN,KADUNA,CHIKUN,2023-12-31,2023,12,4,377.0,7.0,6.0,363,3,103.0,0,0,300.0,4,285.0,169.0,141.0,2024-01-15,Data Clerk
BEN015,PRIMARY HEALTH CENTRE OTUKPO II,BENUE,OTUKPO,2023-05-31,2023,5,2,204.0,5.0,4.0,799,-7,57.0,1,0,689.0,15,577.0,416.0,351.0,2023-06-15,Data Clerk
LAG005,MISSION HOSPITAL AGEGE,LAGOS,AGEGE,2023-05-01,2023,5,2,1239.0,36.0,28.0,1622,17,134.0,3,2,1118.0,23,1277.0,1111.0,1054.0,2023-06-21,Data Clerk
LAG009,MISSION HOSPITAL BADAGRY II,LAGOS,BADAGRY,2022-10-31,2022,10,4,374.0,16.0,15.0,2669,20,100.0,3,2,1619.0,22,2261.0,1263.0,1138.0,2022-11-16,Data Clerk
RIV014,COTTAGE HOSPITAL OBIO/AKPOR II,RIVERS,OBIO/AKPOR,2024-12-01,2024,12,4,942.0,5.0,4.0,654,12,267.0,2,1,468.0,12,481.0,267.0,261.0,2025-01-13,Data Clerk
BEN014,COMPREHENSIVE HEALTH CENTRE GBOKO II,BENUE,GBOKO,2022-01-31,2022,1,1,413.0,5.0,4.0,908,13,92.0,1,0,785.0,9,651.0,546.0,522.0,2022-02-16,M&E Officer
KAD002,TEACHING HOSPITAL KADUNA SOUTH,KADUNA,KADUNA SOUTH,2022-05-31,2022,5,2,1564.0,21.0,20.0,4417,88,418.0,3,2,3074.0,54,3745.0,2350.0,2185.0,2022-06-15,M&E Officer
CRS012,MODEL PRIMARY HEALTH CENTRE IKOM II,CROSS RIVER,IKOM,2022-05-31,2022,5,2,410.0,5.0,4.0,821,13,121.0,1,0,706.0,12,665.0,559.0,515.0,2022-06-13,Facility Focal Person
AKS002,GENERAL HOSPITAL IKOT EKPENE,AKWA IBOM,IKOT EKPENE,2023-06-30,2023,6,2,264.0,4.0,3.0,615,10,77.0,0,0,462.0,12,528.0,377.0,320.0,2023-07-21,M&E Officer
LAG006,SPECIALIST HOSPITAL ALIMOSHO,LAGOS,ALIMOSHO,2022-01-01,2022,1,1,506.0,7.0,6.0,5736,68,63.0,0,0,5313.0,100,4844.0,4560.0,4392.0,2022-02-13,Data Clerk
LAG009,MISSION HOSPITAL BADAGRY II,LAGOS,BADAGRY,2022-08-31,2022,8,3,516.0,9.0,6.0,2690,53,81.0,0,0,1495.0,22,1841.0,1661.0,1479.0,2022-09-11,Data Clerk
CRS005,TEACHING HOSPITAL AKAMKPA,CROSS RIVER,AKAMKPA,2022-02-28,2022,2,1,938.0,29.0,21.0,4684,77,170.0,4,3,3270.0,57,3489.0,2919.0,2610.0,2022-03-13,Facility Focal Person
FCT012,MISSION HOSPITAL BWARI II,FCT,BWARI,2022-02-28,2022,2,1,619.0,33.0,23.0,2654,13,145.0,10,7,2320.0,43,2397.0,1926.0,1671.0,2022-04-15,Facility Focal Person
KAD003,MISSION HOSPITAL ZARIA,KADUNA,ZARIA,2024-09-30,2024,9,3,1596.0,87.0,83.0,3040,31,347.0,8,7,2855.0,52,2248.0,1304.0,1213.0,2024-10-11,Facility Focal Person
KAD014,GENERAL HOSPITAL SABON GARI II,KADUNA,SABON GARI,2024-04-30,2024,4,2,237.0,249.0,4.0,2248,20,53.0,0,0,1318.0,23,1813.0,1558.0,1296.0,2024-05-18,M&E Officer
CRS001,MODEL PRIMARY HEALTH CENTRE CALABAR MUNICIPAL,CROSS RIVER,CALABAR MUNICIPAL,2022-01-31,2022,1,1,139.0,8.0,7.0,661,8,20.0,0,0,590.0,14,561.0,436.0,384.0,2022-02-18,Data Clerk
XXX999,TEACHING HOSPITAL OBIO/AKPOR II,RIVERS,OBIO/AKPOR,2024-09-30,2024,9,3,1716.0,66.0,60.0,4221,63,217.0,3,2,3534.0,71,3429.0,2784.0,2598.0,2024-10-21,Facility Focal Person
NAS012,MISSION HOSPITAL KARU II,NASARAWA,KARU,2023-05-31,2023,5,2,944.0,23.0,21.0,1323,15,178.0,0,0,1063.0,18,1080.0,934.0,823.0,2023-06-16,Facility Focal Person
BEN009,PRIMARY HEALTH CENTRE OTUKPO II,BENUE,OTUKPO,2024-02-29,2024,2,1,251.0,4.0,2.0,446,6,70.0,2,1,302.0,3,355.0,299.0,249.0,2024-03-11,M&E Officer
NAS007,GENERAL HOSPITAL KARU II,NASARAWA,KARU,2023-09-30,2023,9,3,726.0,5.0,4.0,2245,6,174.0,0,0,1384.0,26,1628.0,1009.0,885.0,2023-10-18,M&E Officer
KAD008,MODEL PRIMARY HEALTH CENTRE ZARIA II,KADUNA,ZARIA,2024-03-31,2024,3,1,393.0,14.0,12.0,1159,21,91.0,1,0,859.0,10,842.0,761.0,650.0,2024-04-21,Facility Focal Person
BEN015,PRIMARY HEALTH CENTRE OTUKPO II,BENUE,OTUKPO,2024-04-30,2024,4,2,195.0,6.0,4.0,746,1,61.0,2,1,486.0,11,518.0,442.0,392.0,2024-05-18,Facility Focal Person
BEN015,PRIMARY HEALTH CENTRE OTUKPO II,BENUE,OTUKPO,2023-03-31,2023,3,1,180.0,4.0,3.0,807,12,28.0,0,0,629.0,13,732.0,543.0,445.0,2023-05-16,Facility Focal Person
RIV007,PRIMARY HEALTH CENTRE PORT HARCOURT II,RIVERS,PORT HARCOURT,2023-04-30,2023,4,2,534.0,3.0,,658,8,131.0,3,2,388.0,8,545.0,310.0,296.0,2023-05-16,Data Clerk
FCT013,COTTAGE HOSPITAL GWAGWALADA II,FCT,GWAGWALADA,2023-12-31,2023,12,4,603.0,8.0,7.0,1283,15,,1,0,1072.0,21,1043.0,845.0,740.0,2024-01-29,Data Clerk
FCT004,MODEL PRIMARY HEALTH CENTRE KUJE,FCT,KUJE,2022-10-31,2022,10,4,303.0,14.0,12.0,1323,26,62.0,1,0,889.0,15,920.0,600.0,558.0,2022-11-29,M&E Officer
LAG008,COTTAGE HOSPITAL LAGOS ISLAND II,LAGOS,LAGOS ISLAND,2022-01-31,2022,1,1,74.0,7.0,5.0,895,10,23.0,0,0,605.0,12,688.0,445.0,365.0,2022-02-15,Facility Focal Person
BEN001,MISSION HOSPITAL MAKURDI,BENUE,MAKURDI,2022-06-30,2022,6,2,874.0,9.0,7.0,2084,15,104.0,0,0,,22,1825.0,1257.0,1170.0,2022-07-15,M&E Officer
CRS001,MODEL PRIMARY HEALTH CENTRE CALABAR MUNICIPAL,CROSS RIVER,CALABAR MUNICIPAL,2023-01-31,2023,1,1,202.0,12.0,10.0,665,9,,1,0,379.0,5,485.0,397.0,354.0,2023-02-11,Data Clerk
BEN007,SPECIALIST HOSPITAL MAKURDI II,BENUE,MAKURDI,2024-10-31,2024,10,4,314.0,4.0,3.0,1758,14,69.0,1,0,1500.0,34,1550.0,1469.0,1341.0,2024-11-11,M&E Officer
BEN011,MODEL PRIMARY HEALTH CENTRE KATSINA-ALA II,BENUE,KATSINA-ALA,2024-04-30,2024,4,2,261.0,6.0,4.0,383,1,55.0,1,0,331.0,6,302.0,179.0,159.0,2024-05-11,Facility Focal Person
RIV008,TEACHING HOSPITAL OBIO/AKPOR II,RIVERS,OBIO/AKPOR,2023-03-31,2023,3,1,1233.0,59.0,,4058,13,219.0,8,7,2691.0,57,3370.0,2435.0,2020.0,2023-04-18,Facility Focal Person
KAD007,MODEL PRIMARY HEALTH CENTRE KADUNA SOUTH II,KADUNA,KADUNA SOUTH,2022-10-31,2022,10,4,171.0,6.0,4.0,1112,2,27.0,0,0,917.0,18,1024.0,623.0,515.0,2022-11-16,Facility Focal Person
KAD008,MODEL PRIMARY HEALTH CENTRE ZARIA II,KADUNA,ZARIA,2022-02-28,2022,2,1,229.0,4.0,3.0,1251,16,71.0,2,1,723.0,12,1102.0,704.0,590.0,2022-03-18,M&E Officer
LAG014,COTTAGE HOSPITAL LAGOS ISLAND II,LAGOS,LAGOS ISLAND,2024-01-31,2024,1,1,422.0,1.0,0.0,1703,22,47.0,2,1,1609.0,39,1363.0,768.0,665.0,2024-02-18,M&E Officer
CRS005,TEACHING HOSPITAL AKAMKPA,CROSS RIVER,AKAMKPA,2022-07-31,2022,7,3,848.0,28.0,25.0,4577,34,188.0,257,5,4269.0,80,3296.0,2202.0,2076.0,2022-08-16,Facility Focal Person
KAD014,GENERAL HOSPITAL SABON GARI II,KADUNA,SABON GARI,2024-10-31,2024,10,4,289.0,5.0,4.0,2126,23,24.0,2,1,1517.0,32,1494.0,1146.0,1077.0,2024-11-20,M&E Officer
FCT003,SPECIALIST HOSPITAL GWAGWALADA,FCT,GWAGWALADA,2022-07-31,2022,7,3,599.0,16.0,11.0,6399,46,113.0,2,1,3911.0,58,5807.0,4662.0,3829.0,2022-08-15,Data Clerk
RIV012,PRIMARY HEALTH CENTRE ELEME II,RIVERS,ELEME,2024-04-30,2024,4,2,706.0,15.0,13.0,1016,8,74.0,3,2,568.0,10,756.0,696.0,769.0,2024-05-18,Data Clerk
AKS012,COTTAGE HOSPITAL ORON II,AKWA IBOM,ORON,2022-03-31,2022,3,1,671.0,26.0,21.0,395,2,168.0,2,1,241.0,6,273.0,201.0,194.0,2022-04-11,M&E Officer
FCT014,GENERAL HOSPITAL KUJE II,FCT,KUJE,2022-09-30,2022,9,3,9830.0,30.0,28.0,2478,49,191.0,2,1,1872.0,27,1952.0,1225.0,1139.0,2022-10-11,M&E Officer
NAS015,SPECIALIST HOSPITAL NASARAWA II,NASARAWA,NASARAWA,2022-11-30,2022,11,4,620.0,31.0,30.0,3157,24,84.0,1,0,1851.0,28,2645.0,1866.0,1597.0,2022-12-29,M&E Officer
RIV005,MISSION HOSPITAL DEGEMA,RIVERS,DEGEMA,2023-09-30,2023,9,3,163.0,4.0,3.0,1363,17,18.0,0,0,817.0,14,1222.0,1060.0,885.0,2023-10-16,Facility Focal Person
AKS012,COTTAGE HOSPITAL ORON II,AKWA IBOM,ORON,2024-12-31,2024,12,4,1157.0,,31.0,1397,13,347.0,4,3,992.0,22,1217.0,728.0,693.0,2025-01-16,Data Clerk
NAS999,PRIMARY HEALTH CENTRE IKOT EKPENE II,AKWA IBOM,IKOT EKPENE,2022-05-31,2022,5,2,77.0,2.0,1.0,237,4,21.0,2,1,192.0,0,165.0,134.0,116.0,2022-06-11,M&E Officer
AKS005,COMPREHENSIVE HEALTH CENTRE ORON,AKWA IBOM,ORON,2022-02-28,2022,2,1,93.0,1.0,0.0,1320,12,27.0,0,0,1230.0,20,939.0,866.0,731.0,2022-03-18,Facility Focal Person
CRS001,MODEL PRIMARY HEALTH CENTRE CALABAR MUNICIPAL,CROSS RIVER,CALABAR MUNICIPAL,2023-12-31,2023,12,4,187.0,11.0,9.0,684,9,34.0,0,0,402.0,6,526.0,435.0,374.0,2024-01-15,Data Clerk
LAG012,PRIMARY HEALTH CENTRE ALIMOSHO II,LAGOS,ALIMOSHO,2023-10-31,2023,10,4,287.0,10.0,9.0,646,6,52.0,1,0,488.0,8,556.0,312.0,258.0,2023-11-16,Data Clerk
NAS006,PRIMARY HEALTH CENTRE LAFIA II,NASARAWA,LAFIA,2023-01-31,2023,1,1,217.0,9.0,7.0,969,17,53.0,0,0,567.0,11,694.0,391.0,362.0,2023-02-11,Data Clerk
BEN003,GENERAL HOSPITAL OTUKPO,BENUE,OTUKPO,2023-02-28,2023,2,1,556.0,17.0,14.0,2483,27,149.0,3,2,1559.0,31,2065.0,1706.0,1570.0,2023-03-11,M&E Officer
LAG013,SPECIALIST HOSPITAL IKORODU II,LAGOS,IKORODU,2022-03-31,2022,3,1,1749.0,72.0,54.0,5896,39,390.0,11,9,5173.0,97,5127.0,4757.0,4091.0,2022-04-15,Data Clerk
FCT014,GENERAL HOSPITAL KUJE II,FCT,KUJE,2022-01-31,2022,1,1,583.0,28.0,27.0,2537,14,132.0,8,6,2342.0,42,1735.0,1511.0,1262.0,2022-02-16,Facility Focal Person
CRS012,MODEL PRIMARY HEALTH CENTRE IKOM II,CROSS RIVER,IKOM,2023-04-30,2023,4,2,433.0,12.0,11.0,800,2,95.0,0,0,464.0,7,575.0,442.0,418.0,2023-05-16,Facility Focal Person
AKS010,GENERAL HOSPITAL EKET II,AKWA IBOM,EKET,2023-04-01,2023,4,2,,14.0,13.0,1699,21,188.0,2,1,1249.0,24,1429.0,1331.0,1292.0,2023-05-13,Data Clerk
CRS009,COMPREHENSIVE HEALTH CENTRE OBUDU II,CROSS RIVER,OBUDU,2023-03-31,2023,3,1,561.0,22.0,16.0,822,11,179.0,2,1,478.0,4,618.0,369.0,326.0,2023-04-16,Data Clerk
AKS008,PRIMARY HEALTH CENTRE UYO II,AKWA IBOM,UYO,2023-02-28,2023,2,1,86.0,3.0,2.0,86,1,13.0,0,0,65.0,1,74.0,54.0,46.0,2023-03-21,Facility Focal Person
FCT008,TEACHING HOSPITAL GWAGWALADA II,FCT,GWAGWALADA,2023-05-01,2023,5,2,639.0,23.0,19.0,5044,69,85.0,2,1,3365.0,57,4559.0,3103.0,2717.0,2023-06-15,Facility Focal Person
CRS014,COMPREHENSIVE HEALTH CENTRE OBUDU II,CROSS RIVER,OBUDU,2022-07-31,2022,7,3,376.0,419.0,2.0,103,0,88.0,0,0,62.0,0,85.0,71.0,64.0,2022-08-11,Data Clerk
LAG005,MISSION HOSPITAL AGEGE,LAGOS,AGEGE,2022-12-31,2022,12,4,902.0,29.0,26.0,1593,30,139.0,1,0,1396.0,23,1458.0,961.0,892.0,2023-01-15,Data Clerk
AKS008,PRIMARY HEALTH CENTRE UYO II,AKWA IBOM,UYO,2023-08-01,2023,8,3,85.0,0.0,0.0,86,1,19.0,0,0,57.0,1,64.0,42.0,35.0,2023-09-13,Data Clerk
RIV005,MISSION HOSPITAL DEGEMA,RIVERS,DEGEMA,2023-01-31,2023,1,1,164.0,5.0,4.0,1450,20,32.0,0,0,1085.0,18,1100.0,955.0,882.0,2023-02-13,M&E Officer
RIV006,COTTAGE HOSPITAL ELEME,RIVERS,ELEME,2024-04-30,2024,4,2,1513.0,71.0,51.0,2746,14,389.0,10,8,1820.0,45,2333.0,1855.0,1654.0,2024-05-16,Data Clerk
AKS007,TEACHING HOSPITAL IKONO,AKWA IBOM,IKONO,2024-05-31,2024,5,2,,16.0,11.0,5369,18,177.0,0,0,5097.0,81,4838.0,4525.0,3934.0,2024-06-15,M&E Officer
AKS009,PRIMARY HEALTH CENTRE IKOT EKPENE II,AKWA IBOM,IKOT EKPENE,2024-06-30,2024,6,2,97.0,2.0,1.0,231,1,15.0,0,0,181.0,1,198.0,163.0,158.0,2024-07-16,Facility Focal Person
AKS014,PRIMARY HEALTH CENTRE IKONO II,AKWA IBOM,IKONO,2022-09-30,2022,9,3,175.0,4.0,3.0,598,11,22.0,0,0,369.0,8,508.0,361.0,353.0,2022-10-16,Data Clerk
LAG012,PRIMARY HEALTH CENTRE ALIMOSHO II,LAGOS,ALIMOSHO,2023-09-30,2023,9,3,189.0,7.0,6.0,643,1,51.0,0,0,539.0,9,531.0,317.0,308.0,2023-10-15,Data Clerk
NAS008,COMPREHENSIVE HEALTH CENTRE KEFFI II,NASARAWA,KEFFI,2024-10-31,2024,10,4,67.0,1.0,0.0,724,8,10.0,0,0,482.0,10,667.0,417.0,355.0,2024-11-21,Facility Focal Person
KAD009,MODEL PRIMARY HEALTH CENTRE SABON GARI II,KADUNA,SABON GARI,2022-01-31,2022,1,1,363.0,12.0,10.0,635,7,58.0,1,0,532.0,5,531.0,447.0,399.0,2022-02-21,Data Clerk
RIV008,TEACHING HOSPITAL OBIO/AKPOR II,RIVERS,OBIO/AKPOR,2023-10-01,2023,10,4,1405.0,59.0,,4095,41,300.0,4,3,3349.0,61,3792.0,2621.0,2289.0,2023-11-11,Data Clerk
LAG009,MISSION HOSPITAL BADAGRY II,LAGOS,BADAGRY,2022-11-30,2022,11,4,365.0,5.0,4.0,2655,18,112.0,2,1,2297.0,46,1913.0,1132.0,1068.0,2022-12-13,Data Clerk
NAS008,COMPREHENSIVE HEALTH CENTRE KEFFI II,NASARAWA,KEFFI,2022-06-30,2022,6,2,80.0,1.0,-11.0,958,10,11.0,0,0,668.0,7,786.0,461.0,392.0,2022-07-11,M&E Officer
BEN007,SPECIALIST HOSPITAL MAKURDI II,BENUE,MAKURDI,2022-06-30,2022,6,2,333.0,10.0,8.0,2298,36,43.0,1,0,2131.0,31,1610.0,1459.0,1364.0,2022-07-15,M&E Officer
LAG006,SPECIALIST HOSPITAL ALIMOSHO,LAGOS,ALIMOSHO,2022-09-01,2022,9,3,888.0,17.0,16.0,5368,28,243.0,4,3,3741.0,62,4796.0,3709.0,3068.0,2022-10-21,Facility Focal Person
CRS006,PRIMARY HEALTH CENTRE CALABAR MUNICIPAL II,CROSS RIVER,CALABAR MUNICIPAL,2023-09-30,2023,9,3,468.0,16.0,12.0,1341,20,78.0,2,1,793.0,14,924.0,649.0,624.0,2023-10-13,M&E Officer
AKS007,TEACHING HOSPITAL IKONO,AKWA IBOM,IKONO,2024-11-30,2024,11,4,1092.0,13.0,12.0,5028,31,133.0,0,0,4708.0,85,3538.0,2993.0,2630.0,2024-12-15,Facility Focal Person
FCT009,MODEL PRIMARY HEALTH CENTRE KUJE II,FCT,KUJE,2023-06-30,2023,6,2,211.0,11.0,9.0,460,6,33.0,2,1,284.0,5,346.0,,244.0,2023-07-29,M&E Officer
RIV001,MODEL PRIMARY HEALTH CENTRE PORT HARCOURT,RIVERS,PORT HARCOURT,2022-06-30,2022,6,2,141.0,1.0,0.0,1110,18,34.0,0,0,616.0,8,916.0,746.0,715.0,2022-07-16,Facility Focal Person
RIV006,COTTAGE HOSPITAL ELEME,RIVERS,ELEME,2023-07-31,2023,7,3,1270.0,64.0,60.0,2555,31,327.0,11,10,1872.0,28,1757.0,1135.0,1018.0,2023-08-15,Facility Focal Person
AKS009,PRIMARY HEALTH CENTRE IKOT EKPENE II,AKWA IBOM,IKOT EKPENE,2023-11-30,2023,11,4,62.0,82.0,1.0,222,4,17.0,1,0,137.0,6,168.0,93.0,88.0,2023-12-21,Data Clerk
BEN002,SPECIALIST HOSPITAL GBOKO,BENUE,GBOKO,2023-04-30,2023,4,2,2901.0,41.0,39.0,4533,60,302.0,1,0,4082.0,82,3675.0,2687.0,2539.0,2023-05-16,Facility Focal Person
BEN011,MODEL PRIMARY HEALTH CENTRE KATSINA-ALA II,BENUE,KATSINA-ALA,2023-02-28,2023,2,1,230.0,5.0,3.0,330,4,44.0,1,0,266.0,5,287.0,247.0,236.0,2023-03-13,Data Clerk
AKS001,COMPREHENSIVE HEALTH CENTRE UYO,AKWA IBOM,UYO,2023-04-30,2023,4,2,727.0,5.0,4.0,307,1,226.0,2,1,214.0,2,254.0,171.0,161.0,2023-05-11,Facility Focal Person
KAD003,MISSION HOSPITAL ZARIA,KADUNA,ZARIA,2022-02-28,2022,2,1,927.0,45.0,38.0,2619,14,115.0,6,5,1484.0,32,2347.0,1692.0,1461.0,2022-03-16,M&E Officer
RIV011,MODEL PRIMARY HEALTH CENTRE DEGEMA II,RIVERS,DEGEMA,2023-09-30,2023,9,3,283.0,7.0,6.0,883,4,78.0,1,0,,14,716.0,395.0,331.0,2023-10-11,Data Clerk
CRS003,SPECIALIST HOSPITAL OGOJA,CROSS RIVER,OGOJA,2024-12-31,2024,12,4,1324.0,47.0,35.0,5016,51,323.0,2,1,4166.0,79,4508.0,3368.0,3205.0,2025-01-21,Data Clerk
FCT011,COTTAGE HOSPITAL AMAC II,FCT,AMAC,2024-05-31,2024,5,2,408.0,20.0,18.0,2033,35,80.0,3,2,1776.0,24,1468.0,1099.0,930.0,2024-06-13,Data Clerk
NAS002,COTTAGE HOSPITAL KARU,NASARAWA,KARU,2023-12-31,2023,12,4,472.0,3.0,2.0,305,2,110.0,1,0,168.0,5,272.0,238.0,229.0,2024-01-18,Facility Focal Person
AKS011,COMPREHENSIVE HEALTH CENTRE ETINAN II,AKWA IBOM,ETINAN,2022-04-30,2022,4,2,108.0,4.0,3.0,283,3,26.0,0,0,225.0,5,235.0,220.0,186.0,2022-05-16,Data Clerk
AKS006,PRIMARY HEALTH CENTRE ABAK,AKWA IBOM,ABAK,2022-03-31,2022,3,1,585.0,21.0,17.0,223,1,129.0,4,3,155.0,3,181.0,136.0,123.0,2022-04-11,M&E Officer
BEN004,GENERAL HOSPITAL OKPOKWU,BENUE,OKPOKWU,2022-07-31,2022,7,3,1158.0,7.0,5.0,369,3,123.0,1,0,217.0,2,311.0,176.0,162.0,2022-08-21,Data Clerk
KAD005,COTTAGE HOSPITAL CHIKUN,KADUNA,CHIKUN,2023-01-31,2023,1,1,439.0,8.0,5.0,305,1,51.0,1,0,249.0,1,281.0,223.0,194.0,2023-02-18,Facility Focal Person
KAD007,MODEL PRIMARY HEALTH CENTRE KADUNA SOUTH II,KADUNA,KADUNA SOUTH,2024-09-30,2024,9,3,192.0,10.0,9.0,1123,4,29.0,0,0,1031.0,21,885.0,790.0,674.0,2024-10-13,Data Clerk
BEN002,SPECIALIST HOSPITAL GBOKO,BENUE,GBOKO,2022-06-01,2022,6,2,2782.0,38.0,28.0,4953,21,623.0,2,1,3389.0,50,4552.0,3489.0,3128.0,2022-07-13,Facility Focal Person
FCT003,SPECIALIST HOSPITAL GWAGWALADA,FCT,GWAGWALADA,2022-08-31,2022,8,3,599.0,16.0,11.0,6369,41,176.0,2,1,4861.0,89,5611.0,3415.0,3345.0,2022-09-11,Facility Focal Person
FCT015,COMPREHENSIVE HEALTH CENTRE ABAJI II,FCT,ABAJI,2022-08-31,2022,8,3,120.0,2.0,1.0,857,3,32.0,1,0,552.0,8,726.0,590.0,551.0,2022-09-13,M&E Officer
XXX999,GENERAL HOSPITAL OTUKPO,BENUE,OTUKPO,2024-07-31,2024,7,3,677.0,32.0,29.0,2334,36,213.0,5,4,1472.0,25,1769.0,1517.0,1398.0,2024-08-11,Facility Focal Person
CRS008,COTTAGE HOSPITAL OGOJA II,CROSS RIVER,OGOJA,2022-03-31,2022,3,1,488.0,15.0,14.0,2381,40,48.0,1,0,1941.0,35,2014.0,1884.0,1654.0,2022-04-13,M&E Officer
RIV003,COMPREHENSIVE HEALTH CENTRE KHANA,RIVERS,KHANA,2022-03-31,2022,3,1,183.0,10.0,9.0,1066,4,40.0,3,2,811.0,11,815.0,490.0,439.0,2022-04-13,M&E Officer
BEN011,MODEL PRIMARY HEALTH CENTRE KATSINA-ALA II,BENUE,KATSINA-ALA,2024-07-31,2024,7,3,321.0,10.0,7.0,390,6,38.0,1,0,293.0,6,306.0,206.0,184.0,2024-09-15,M&E Officer
AKS012,COTTAGE HOSPITAL ORON II,AKWA IBOM,ORON,2022-06-30,2022,6,2,1165.0,39.0,36.0,478,3,219.0,8,7,271.0,9,431.0,325.0,305.0,2022-07-15,Facility Focal Person
TMP001,MODEL PRIMARY HEALTH CENTRE DEGEMA II,RIVERS,DEGEMA,2024-11-30,2024,11,4,258.0,9.0,8.0,960,19,72.0,3,2,545.0,17,719.0,514.0,469.0,2024-12-13,M&E Officer
FCT008,TEACHING HOSPITAL GWAGWALADA II,FCT,GWAGWALADA,2022-12-31,2022,12,4,592.0,623.0,21.0,5171,85,136.0,7,6,3514.0,61,4059.0,3038.0,2791.0,2023-01-29,M&E Officer
NAS002,COTTAGE HOSPITAL KARU,NASARAWA,KARU,2024-12-01,2024,12,4,430.0,4.0,3.0,285,2,70.0,0,0,206.0,8,251.0,204.0,190.0,2025-01-29,Data Clerk
FCT014,GENERAL HOSPITAL KUJE II,FCT,KUJE,2023-06-30,2023,6,2,1204.0,54.0,39.0,2523,28,182.0,5,4,1919.0,26,2012.0,1886.0,1568.0,2023-07-11,Data Clerk
KAD013,SPECIALIST HOSPITAL ZARIA II,KADUNA,ZARIA,2022-08-01,2022,8,3,2330.0,123.0,91.0,1847,32,,11,8,1386.0,28,1305.0,731.0,683.0,2022-09-16,Data Clerk
RIV006,COTTAGE HOSPITAL ELEME,RIVERS,ELEME,2022-07-31,2022,7,3,1162.0,64.0,52.0,2407,26,234.0,4,3,2137.0,34,1786.0,1283.0,1144.0,2022-08-11,Facility Focal Person
RIV008,TEACHING HOSPITAL OBIO/AKPOR II,RIVERS,OBIO/AKPOR,2024-11-30,2024,11,4,1262.0,52.0,38.0,4227,32,220.0,3,2,3947.0,76,3399.0,2602.0,2162.0,2024-12-18,Data Clerk
BEN013,MODEL PRIMARY HEALTH CENTRE MAKURDI II,BENUE,MAKURDI,2023-02-28,2023,2,1,536.0,34.0,28.0,493,0,95.0,5,4,367.0,2,422.0,376.0,336.0,2023-03-13,M&E Officer
AKS004,COMPREHENSIVE HEALTH CENTRE ETINAN,AKWA IBOM,ETINAN,2024-05-31,2024,5,2,280.0,16.0,14.0,960,4,70.0,2,1,589.0,10,688.0,514.0,461.0,2024-06-15,Facility Focal Person
RIV003,COMPREHENSIVE HEALTH CENTRE KHANA,RIVERS,KHANA,2023-05-31,2023,5,2,299.0,15.0,14.0,1033,11,70.0,1,0,599.0,11,750.0,491.0,439.0,2023-06-13,Facility Focal Person
AKS010,GENERAL HOSPITAL EKET II,AKWA IBOM,EKET,2022-11-30,2022,11,4,605.0,6.0,4.0,1750,27,,3,2,1119.0,15,1252.0,1105.0,1021.0,2022-12-16,Data Clerk
AKS011,COMPREHENSIVE HEALTH CENTRE ETINAN II,AKWA IBOM,ETINAN,2024-07-31,2024,7,3,150.0,6.0,5.0,336,5,15.0,1,0,295.0,3,310.0,203.0,189.0,2024-08-21,Data Clerk
CRS012,MODEL PRIMARY HEALTH CENTRE IKOM II,CROSS RIVER,IKOM,2024-02-29,2024,2,1,422.0,11.0,8.0,766,8,66.0,1,0,663.0,12,711.0,588.0,562.0,2024-03-11,M&E Officer
LAG006,SPECIALIST HOSPITAL ALIMOSHO,LAGOS,ALIMOSHO,2023-10-31,2023,10,4,730.0,12.0,10.0,4742,74,174.0,1,0,3825.0,75,4329.0,4024.0,3936.0,2023-11-21,Data Clerk
AKS012,COTTAGE HOSPITAL ORON II,AKWA IBOM,ORON,2022-05-31,2022,5,2,983.0,32.0,24.0,445,2,213.0,2,1,307.0,5,334.0,286.0,248.0,2022-06-18,M&E Officer
RIV005,MISSION HOSPITAL DEGEMA,RIVERS,DEGEMA,2024-03-31,2024,3,1,,4.0,3.0,1318,5,25.0,0,0,768.0,11,,660.0,555.0,2024-04-13,M&E Officer
RIV014,COTTAGE HOSPITAL OBIO/AKPOR II,RIVERS,OBIO/AKPOR,2024-08-31,2024,8,3,1081.0,13.0,9.0,662,9,327.0,5,4,456.0,11,515.0,301.0,251.0,2024-09-21,Data Clerk
KAD012,COMPREHENSIVE HEALTH CENTRE KADUNA SOUTH II,KADUNA,KADUNA SOUTH,2023-12-31,2023,12,4,418.0,8.0,5.0,628,7,111.0,0,0,561.0,15,546.0,467.0,425.0,2024-01-15,Facility Focal Person
AKS002,GENERAL HOSPITAL IKOT EKPENE,AKWA IBOM,IKOT EKPENE,2022-11-30,2022,11,4,189.0,3.0,2.0,646,10,52.0,1,0,467.0,9,583.0,420.0,408.0,2023-01-15,M&E Officer
BEN014,COMPREHENSIVE HEALTH CENTRE GBOKO II,BENUE,GBOKO,2023-06-30,2023,6,2,500.0,6.0,4.0,806,10,133.0,1,0,642.0,12,588.0,351.0,324.0,2023-07-13,Data Clerk
NAS013,GENERAL HOSPITAL KEFFI II,NASARAWA,KEFFI,2024-12-31,2024,12,4,573.0,17.0,12.0,1693,6,63.0,1,0,1525.0,28,1196.0,846.0,760.0,2025-01-13,M&E Officer
NAS007,GENERAL HOSPITAL KARU II,NASARAWA,KARU,2023-04-01,2023,4,2,722.0,4.0,3.0,2301,5,217.0,0,0,1494.0,31,1952.0,1152.0,1034.0,2023-05-16,M&E Officer
BEN001,MISSION HOSPITAL MAKURDI,BENUE,MAKURDI,2024-09-30,2024,9,3,857.0,2.0,1.0,1696,25,205.0,2,1,1308.0,25,1569.0,880.0,737.0,2024-10-15,Data Clerk
FCT010,MODEL PRIMARY HEALTH CENTRE ABAJI II,FCT,ABAJI,2024-10-31,2024,10,4,635.0,14.0,10.0,514,2,187.0,2,1,350.0,7,467.0,319.0,305.0,2024-12-16,Facility Focal Person
BEN004,GENERAL HOSPITAL OKPOKWU,BENUE,OKPOKWU,2024-12-31,2024,12,4,713.0,5.0,4.0,426,5,191.0,0,0,323.0,8,364.0,246.0,234.0,2025-01-13,M&E Officer
KAD014,GENERAL HOSPITAL SABON GARI II,KADUNA,SABON GARI,2022-07-31,2022,7,3,,9.0,6.0,2723,6,61.0,0,0,1571.0,29,2300.0,2082.0,1900.0,2022-08-11,Facility Focal Person
XXX999,TEACHING HOSPITAL GWAGWALADA II,FCT,GWAGWALADA,2023-02-28,2023,2,1,702.0,,27.0,5183,23,108.0,4,3,3232.0,57,4512.0,4225.0,4074.0,2023-03-13,Facility Focal Person
BEN013,MODEL PRIMARY HEALTH CENTRE MAKURDI II,BENUE,MAKURDI,2022-01-31,2022,1,1,464.0,18.0,17.0,288,2,51.0,1,0,181.0,3,205.0,116.0,107.0,2022-02-16,Data Clerk
LAG004,COMPREHENSIVE HEALTH CENTRE SURULERE,LAGOS,SURULERE,2024-03-31,2024,3,1,548.0,6.0,4.0,614,11,103.0,0,0,405.0,8,422.0,285.0,278.0,2024-04-13,M&E Officer
KAD014,GENERAL HOSPITAL SABON GARI II,KADUNA,SABON GARI,2024-10-31,2024,10,4,233.0,5.0,4.0,2126,23,24.0,2,1,1517.0,32,1494.0,1146.0,1077.0,2024-11-11,M&E Officer
LAG006,SPECIALIST HOSPITAL ALIMOSHO,LAGOS,ALIMOSHO,2022-04-30,2022,4,2,754.0,13.0,10.0,5553,33,107.0,3,2,3734.0,66,4362.0,3524.0,3075.0,2022-05-18,Facility Focal Person
AKS010,GENERAL HOSPITAL EKET II,AKWA IBOM,EKET,2023-03-31,2023,3,1,521.0,6.0,4.0,,17,143.0,1,0,971.0,19,1164.0,803.0,765.0,2023-04-11,Data Clerk
AKS006,PRIMARY HEALTH CENTRE ABAK,AKWA IBOM,ABAK,2024-12-31,2024,12,4,499.0,12.0,10.0,525,5,156.0,1,0,368.0,11,366.0,327.0,273.0,2025-01-13,M&E Officer
BEN008,TEACHING HOSPITAL GBOKO II,BENUE,GBOKO,2023-02-01,2023,2,1,1579.0,48.0,39.0,6142,99,265.0,1,0,3603.0,66,5567.0,4460.0,3918.0,2023-03-21,Facility Focal Person
TMP001,GENERAL HOSPITAL KEFFI II,NASARAWA,KEFFI,2023-01-31,2023,1,1,503.0,30.0,29.0,1643,27,119.0,5,4,1168.0,23,1186.0,1060.0,984.0,2023-02-16,Data Clerk
BEN013,MODEL PRIMARY HEALTH CENTRE MAKURDI II,BENUE,MAKURDI,2023-01-31,2023,1,1,332.0,11.0,8.0,465,6,89.0,2,1,280.0,4,408.0,234.0,199.0,2023-02-15,M&E Officer
KAD011,PRIMARY HEALTH CENTRE KADUNA NORTH II,KADUNA,KADUNA NORTH,2023-10-31,2023,10,4,246.0,9.0,8.0,576,6,31.0,2,1,408.0,7,513.0,283.0,243.0,2023-11-11,Data Clerk
KAD009,MODEL PRIMARY HEALTH CENTRE SABON GARI II,KADUNA,SABON GARI,2023-02-01,2023,2,1,332.0,18.0,13.0,781,2,86.0,6,5,602.0,14,687.0,469.0,,2023-03-11,Facility Focal Person
NAS999,COTTAGE HOSPITAL CHIKUN,KADUNA,CHIKUN,2024-01-31,2024,1,1,-24.0,10.0,9.0,367,5,99.0,0,0,223.0,2,260.0,219.0,199.0,2024-02-11,M&E Officer
KAD015,GENERAL HOSPITAL CHIKUN II,KADUNA,CHIKUN,2022-10-01,2022,10,4,316.0,6.0,5.0,1827,32,87.0,1,0,1524.0,22,1518.0,1286.0,1184.0,2022-11-15,Data Clerk
FCT005,PRIMARY HEALTH CENTRE ABAJI,FCT,ABAJI,2023-11-30,2023,11,4,475.0,10.0,8.0,537,8,72.0,1,0,413.0,6,491.0,561.0,389.0,2023-12-21,Facility Focal Person
FCT012,MISSION HOSPITAL BWARI II,FCT,BWARI,2023-08-31,2023,8,3,1220.0,53.0,51.0,2846,9,390.0,11,8,1568.0,21,2096.0,1666.0,1541.0,2023-09-15,M&E Officer
KAD007,MODEL PRIMARY HEALTH CENTRE KADUNA SOUTH II,KADUNA,KADUNA SOUTH,2022-02-28,2022,2,1,214.0,12.0,9.0,1137,5,23.0,1,0,979.0,13,812.0,578.0,524.0,2022-03-11,Data Clerk
AKS003,MODEL PRIMARY HEALTH CENTRE EKET,AKWA IBOM,EKET,2024-06-30,2024,6,2,681.0,23.0,21.0,444,3,109.0,3,2,338.0,2,345.0,242.0,235.0,2024-07-16,Facility Focal Person
CRS005,TEACHING HOSPITAL AKAMKPA,CROSS RIVER,AKAMKPA,2024-03-31,2024,3,1,950.0,26.0,23.0,4168,26,202.0,1,0,2315.0,50,2923.0,2753.0,2415.0,2024-04-21,Data Clerk
AKS005,COMPREHENSIVE HEALTH CENTRE ORON,AKWA IBOM,ORON,2024-04-30,2024,4,2,161.0,0.0,0.0,1009,12,21.0,0,0,877.0,15,935.0,632.0,519.0,2024-05-11,Data Clerk
AKS003,MODEL PRIMARY HEALTH CENTRE EKET,AKWA IBOM,EKET,2024-12-31,2024,12,4,413.0,8.0,6.0,494,4,130.0,0,0,293.0,3,412.0,231.0,215.0,2025-01-11,Data Clerk
CRS003,SPECIALIST HOSPITAL OGOJA,CROSS RIVER,OGOJA,2024-10-31,2024,10,4,1844.0,61.0,55.0,5055,56,470.0,6,4,4450.0,85,4029.0,2497.0,2147.0,2024-11-11,M&E Officer
LAG003,TEACHING HOSPITAL BADAGRY,LAGOS,BADAGRY,2023-07-31,2023,7,3,3074.0,78.0,61.0,6537,99,578.0,13,10,4853.0,92,4894.0,3935.0,3496.0,2023-08-22,M&E Officer
NAS001,MODEL PRIMARY HEALTH CENTRE LAFIA,NASARAWA,LAFIA,2022-04-30,2022,4,2,179.0,0.0,0.0,498,4,34.0,0,0,392.0,10,359.0,293.0,247.0,2022-05-15,Facility Focal Person
CRS013,MISSION HOSPITAL OGOJA II,CROSS RIVER,OGOJA,2024-06-30,2024,6,2,293.0,5.0,4.0,746,13,57.0,1,0,477.0,7,602.0,489.0,459.0,2024-07-15,Facility Focal Person
NAS006,PRIMARY HEALTH CENTRE LAFIA II,NASARAWA,LAFIA,2024-05-31,2024,5,2,425.0,11.0,8.0,936,14,75.0,2,1,679.0,16,830.0,691.0,634.0,2024-06-16,Data Clerk
CRS001,MODEL PRIMARY HEALTH CENTRE CALABAR MUNICIPAL,CROSS RIVER,CALABAR MUNICIPAL,2024-02-29,2024,2,1,176.0,11.0,8.0,691,6,33.0,1,0,545.0,11,,387.0,346.0,2024-03-15,Facility Focal Person
KAD015,GENERAL HOSPITAL CHIKUN II,KADUNA,CHIKUN,2023-09-30,2023,9,3,354.0,7.0,5.0,1664,24,76.0,0,0,1132.0,16,1541.0,1456.0,1198.0,2023-10-15,Data Clerk
NAS999,COMPREHENSIVE HEALTH CENTRE AKAMKPA II,CROSS RIVER,AKAMKPA,2022-10-31,2022,10,4,57.0,1.0,0.0,413,5,16.0,0,0,331.0,4,345.0,200.0,190.0,2022-11-13,M&E Officer
CRS014,COMPREHENSIVE HEALTH CENTRE OBUDU II,CROSS RIVER,OBUDU,2022-01-31,2022,1,1,245.0,3.0,2.0,69,1,51.0,1,0,60.0,1,60.0,52.0,50.0,2022-02-21,Facility Focal Person
NAS010,TEACHING HOSPITAL NASARAWA II,NASARAWA,NASARAWA,2022-02-28,2022,2,1,1777.0,71.0,55.0,4480,84,512.0,19,17,3369.0,45,3702.0,2656.0,2701.0,2022-03-11,M&E Officer
RIV014,COTTAGE HOSPITAL OBIO/AKPOR II,RIVERS,OBIO/AKPOR,2024-09-30,2024,9,3,1156.0,8.0,5.0,657,10,237.0,1,0,558.0,10,465.0,323.0,269.0,2024-10-13,M&E Officer
CRS003,SPECIALIST HOSPITAL OGOJA,CROSS RIVER,OGOJA,2023-05-31,2023,5,2,1674.0,63.0,56.0,5293,67,287.0,10,8,3490.0,57,4364.0,2403.0,2316.0,2023-06-18,Data Clerk
KAD002,TEACHING HOSPITAL KADUNA SOUTH,KADUNA,KADUNA SOUTH,2024-05-31,2024,5,2,2004.0,24.0,19.0,3666,29,213.0,2,1,2258.0,47,2581.0,2261.0,2053.0,2024-06-15,M&E Officer
LAG015,MODEL PRIMARY HEALTH CENTRE BADAGRY II,LAGOS,BADAGRY,2022-01-31,2022,1,1,192.0,9.0,8.0,1154,4,55.0,3,2,726.0,12,788.0,643.0,561.0,2022-02-15,M&E Officer
BEN013,MODEL PRIMARY HEALTH CENTRE MAKURDI II,BENUE,MAKURDI,2023-05-31,2023,5,2,,30.0,29.0,544,1,86.0,1,0,313.0,8,488.0,360.0,324.0,2023-06-16,M&E Officer
NAS009,COTTAGE HOSPITAL AKWANGA II,NASARAWA,AKWANGA,2022-12-31,2022,12,4,952.0,4.0,3.0,473,8,102.0,1,0,426.0,3,397.0,303.0,274.0,2023-01-11,M&E Officer
FCT003,SPECIALIST HOSPITAL GWAGWALADA,FCT,GWAGWALADA,2023-09-30,2023,9,3,657.0,17.0,16.0,5595,29,76.0,2,1,5058.0,90,4156.0,3645.0,3418.0,2023-10-16,Data Clerk
AKS014,PRIMARY HEALTH CENTRE IKONO II,AKWA IBOM,IKONO,2023-02-28,2023,2,1,139.0,7.0,6.0,599,5,36.0,0,0,469.0,8,512.0,352.0,307.0,2023-03-11,Facility Focal Person
CRS005,TEACHING HOSPITAL AKAMKPA,CROSS RIVER,AKAMKPA,2022-03-31,2022,3,1,992.0,36.0,31.0,4664,51,253.0,9,7,2655.0,54,3697.0,2703.0,2440.0,2022-04-15,Data Clerk
NAS014,TEACHING HOSPITAL AKWANGA II,NASARAWA,AKWANGA,2024-01-31,2024,1,1,1806.0,52.0,40.0,4948,30,519.0,5,4,3309.0,50,3633.0,2896.0,2665.0,2024-02-15,M&E Officer
LAG005,MISSION HOSPITAL AGEGE,LAGOS,AGEGE,2022-03-31,2022,3,1,987.0,47.0,44.0,14920,12,267.0,3,2,1410.0,29,1086.0,930.0,785.0,2022-04-18,Facility Focal Person
NAS004,COTTAGE HOSPITAL AKWANGA,NASARAWA,AKWANGA,2022-01-31,2022,1,1,253.0,14.0,11.0,424,0,,0,0,331.0,3,340.0,265.0,229.0,2022-02-18,Facility Focal Person
NAS008,COMPREHENSIVE HEALTH CENTRE KEFFI II,NASARAWA,KEFFI,2023-06-30,2023,6,2,110.0,4.0,3.0,846,13,24.0,0,0,633.0,11,639.0,597.0,547.0,2023-07-13,Data Clerk
CRS002,COMPREHENSIVE HEALTH CENTRE IKOM,CROSS RIVER,IKOM,2023-10-31,2023,10,4,179.0,16.0,14.0,247,1,49.0,2,1,169.0,4,215.0,129.0,125.0,2023-11-29,Facility Focal Person
CRS001,MODEL PRIMARY HEALTH CENTRE CALABAR MUNICIPAL,CROSS RIVER,CALABAR MUNICIPAL,2023-03-31,2023,3,1,178.0,8.0,6.0,662,7,43.0,2,1,441.0,8,529.0,405.0,342.0,2023-04-16,Facility Focal Person
AKS012,COTTAGE HOSPITAL ORON II,AKWA IBOM,ORON,2022-10-31,2022,10,4,1062.0,60.0,59.0,649,5,310.0,4,3,605.0,13,476.0,448.0,425.0,2022-11-21,Data Clerk
RIV007,PRIMARY HEALTH CENTRE PORT HARCOURT II,RIVERS,PORT HARCOURT,2022-02-28,2022,2,1,347.0,2.0,1.0,730,14,88.0,0,0,644.0,14,558.0,395.0,,2022-01-21,Facility Focal Person
KAD001,MODEL PRIMARY HEALTH CENTRE KADUNA NORTH,KADUNA,KADUNA NORTH,2023-04-30,2023,4,2,211.0,14.0,12.0,771,6,30.0,0,0,662.0,9,666.0,606.0,516.0,2023-05-13,M&E Officer
FCT015,COMPREHENSIVE HEALTH CENTRE ABAJI II,FCT,ABAJI,2022-11-01,2022,11,4,81.0,2.0,1.0,840,2,13.0,1,0,756.0,16,612.0,,299.0,2022-12-13,Facility Focal Person
KAD012,COMPREHENSIVE HEALTH CENTRE KADUNA SOUTH II,KADUNA,KADUNA SOUTH,2023-07-31,2023,7,3,609.0,10.0,7.0,650,12,96.0,3,2,403.0,6,550.0,490.0,464.0,2023-08-29,Facility Focal Person
AKS003,MODEL PRIMARY HEALTH CENTRE EKET,AKWA IBOM,EKET,2024-02-01,2024,2,1,582.0,12.0,9.0,388,4,149.0,1,0,360.0,6,346.0,281.0,240.0,2024-03-13,Data Clerk
BEN008,TEACHING HOSPITAL GBOKO II,BENUE,GBOKO,2022-06-30,2022,6,2,2612.0,55.0,45.0,6243,25,752.0,10,7,4652.0,84,4460.0,2604.0,2173.0,2022-07-16,Data Clerk
XXX999,MODEL PRIMARY HEALTH CENTRE LAFIA,NASARAWA,LAFIA,2023-02-28,2023,2,1,174.0,3.0,2.0,460,3,19.0,1,0,315.0,9,387.0,215.0,182.0,2023-04-15,M&E Officer
KAD003,MISSION HOSPITAL ZARIA,KADUNA,ZARIA,2023-12-31,2023,12,4,873.0,43.0,33.0,,46,218.0,12,11,2637.0,55,2100.0,1982.0,1693.0,2024-01-21,M&E Officer
KAD005,COTTAGE HOSPITAL CHIKUN,KADUNA,CHIKUN,2023-03-01,2023,3,1,535.0,4.0,3.0,311,3,168.0,2,1,172.0,2,272.0,177.0,168.0,2023-04-16,Data Clerk
AKS006,PRIMARY HEALTH CENTRE ABAK,AKWA IBOM,ABAK,2022-07-31,2022,7,3,608.0,11.0,9.0,269,1,150.0,3,2,193.0,4,229.0,189.0,178.0,2022-08-21,M&E Officer
KAD012,COMPREHENSIVE HEALTH CENTRE KADUNA SOUTH II,KADUNA,KADUNA SOUTH,2024-09-30,2024,9,3,552.0,13.0,10.0,641,8,110.0,0,0,434.0,10,541.0,345.0,294.0,2024-10-15,Facility Focal Person
CRS015,MODEL PRIMARY HEALTH CENTRE AKAMKPA II,CROSS RIVER,AKAMKPA,2023-07-31,2023,7,3,74.0,2.0,1.0,534,9,23.0,0,0,417.0,8,471.0,421.0,347.0,2023-08-18,Data Clerk
LAG013,SPECIALIST HOSPITAL IKORODU II,LAGOS,IKORODU,2022-11-30,2022,11,4,2006.0,82.0,78.0,6062,103,407.0,11,8,5352.0,85,5300.0,3203.0,2800.0,2022-12-15,Facility Focal Person
NAS009,COTTAGE HOSPITAL AKWANGA II,NASARAWA,AKWANGA,2023-11-30,2023,11,4,717.0,4.0,3.0,482,4,212.0,2,1,284.0,5,331.0,292.0,279.0,2023-12-13,M&E Officer
AKS005,COMPREHENSIVE HEALTH CENTRE ORON,AKWA IBOM,ORON,2022-05-31,2022,5,2,139.0,3.0,2.0,1294,15,23.0,0,0,999.0,16,1027.0,910.0,808.0,2022-06-13,Data Clerk
XXX999,COMPREHENSIVE HEALTH CENTRE UYO,AKWA IBOM,UYO,2024-05-31,2024,5,2,672.0,4.0,3.0,321,3,213.0,1,0,281.0,5,274.0,201.0,,2024-06-15,Data Clerk
CRS015,MODEL PRIMARY HEALTH CENTRE AKAMKPA II,CROSS RIVER,AKAMKPA,2023-02-28,2023,2,1,62.0,0.0,0.0,551,3,12.0,0,0,332.0,3,433.0,332.0,324.0,2023-03-13,M&E Officer
KAD013,SPECIALIST HOSPITAL ZARIA II,KADUNA,ZARIA,2022-02-28,2022,2,1,1544.0,64.0,47.0,1427,12,315.0,2,1,897.0,13,1314.0,1181.0,1063.0,2022-03-15,M&E Officer
RIV005,MISSION HOSPITAL DEGEMA,RIVERS,DEGEMA,2022-09-30,2022,9,3,132.0,6.0,4.0,1483,5,13.0,0,0,1162.0,17,1095.0,631.0,520.0,2022-10-11,Facility Focal Person
KAD005,COTTAGE HOSPITAL CHIKUN,KADUNA,CHIKUN,2024-03-31,2024,3,1,584.0,5.0,3.0,362,5,66.0,1,0,333.0,4,288.0,227.0,187.0,2024-04-16,M&E Officer
BEN009,PRIMARY HEALTH CENTRE OTUKPO II,BENUE,OTUKPO,2023-11-30,2023,11,4,272.0,6.0,4.0,447,7,81.0,3,2,267.0,4,350.0,222.0,212.0,2023-12-11,Facility Focal Person
LAG007,PRIMARY HEALTH CENTRE IKORODU II,LAGOS,IKORODU,2023-02-28,2023,2,1,362.0,9.0,8.0,472,7,73.0,1,0,371.0,9,357.0,331.0,287.0,2023-03-16,M&E Officer
NAS015,SPECIALIST HOSPITAL NASARAWA II,NASARAWA,NASARAWA,2022-03-31,2022,3,1,697.0,38.0,32.0,3118,27,111.0,5,4,2745.0,53,2882.0,2029.0,1715.0,2022-04-11,Data Clerk
BEN015,PRIMARY HEALTH CENTRE OTUKPO II,BENUE,OTUKPO,2023-08-31,2023,8,3,180.0,4.0,3.0,775,14,37.0,0,0,549.0,9,699.0,577.0,541.0,2023-09-16,Data Clerk
CRS010,COMPREHENSIVE HEALTH CENTRE AKAMKPA II,CROSS RIVER,AKAMKPA,2022-09-30,2022,9,3,51.0,2.0,1.0,418,1,16.0,0,0,259.0,6,336.0,284.0,266.0,2022-10-18,Data Clerk
RIV005,MISSION HOSPITAL DEGEMA,RIVERS,DEGEMA,2023-06-30,2023,6,2,205.0,4.0,3.0,1408,14,40.0,1,0,1034.0,13,968.0,654.0,637.0,2023-07-21,Facility Focal Person
KAD008,MODEL PRIMARY HEALTH CENTRE ZARIA II,KADUNA,ZARIA,2023-10-31,2023,10,4,273.0,12.0,11.0,1191,3,55.0,1,0,1019.0,17,,550.0,496.0,2023-11-29,Data Clerk
LAG003,TEACHING HOSPITAL BADAGRY,LAGOS,BADAGRY,2023-09-01,2023,9,3,3132.0,99.0,75.0,6491,83,630.0,8,6,4962.0,94,5567.0,3929.0,3553.0,2023-10-13,M&E Officer
KAD008,MODEL PRIMARY HEALTH CENTRE ZARIA II,KADUNA,ZARIA,2022-06-30,2022,6,2,358.0,15.0,10.0,1228,6,64.0,1,0,877.0,22,927.0,633.0,617.0,2022-07-13,Facility Focal Person
AKS013,MODEL PRIMARY HEALTH CENTRE ABAK II,AKWA IBOM,ABAK,2023-11-30,2023,11,4,350.0,15.0,11.0,623,3,64.0,0,0,380.0,6,495.0,281.0,246.0,2023-12-11,Data Clerk
KAD005,COTTAGE HOSPITAL CHIKUN,KADUNA,CHIKUN,2024-05-31,2024,5,2,780.0,8.0,6.0,370,7,169.0,0,0,281.0,7,272.0,172.0,152.0,2024-06-11,Facility Focal Person
LAG012,PRIMARY HEALTH CENTRE ALIMOSHO II,LAGOS,ALIMOSHO,2024-05-01,2024,5,2,236.0,13.0,12.0,661,5,32.0,1,0,594.0,14,584.0,455.0,394.0,2024-06-13,Data Clerk
NAS008,COMPREHENSIVE HEALTH CENTRE KEFFI II,NASARAWA,KEFFI,2023-10-31,2023,10,4,57.0,0.0,0.0,814,12,15.0,1,0,509.0,14,692.0,420.0,360.0,2023-11-13,Data Clerk
FCT005,PRIMARY HEALTH CENTRE ABAJI,FCT,ABAJI,2023-04-30,2023,4,2,593.0,10.0,8.0,510,4,67.0,0,0,325.0,389,455.0,320.0,262.0,2023-05-21,Data Clerk
RIV002,TEACHING HOSPITAL OBIO/AKPOR,RIVERS,OBIO/AKPOR,2024-10-01,2024,10,4,1751.0,38.0,27.0,4214,10,555.0,9,8,2366.0,42,3169.0,2915.0,2842.0,2024-11-13,M&E Officer
AKS005,COMPREHENSIVE HEALTH CENTRE ORON,AKWA IBOM,ORON,2023-12-31,2023,12,4,107.0,0.0,0.0,1060,9,22.0,1,0,895.0,9,822.0,716.0,689.0,2024-01-15,M&E Officer
RIV006,COTTAGE HOSPITAL ELEME,RIVERS,ELEME,2022-11-30,2022,11,4,1177.0,50.0,44.0,2488,27,203.0,4,3,1678.0,22,1704.0,1314.0,1120.0,2022-12-21,Facility Focal Person
CRS006,PRIMARY HEALTH CENTRE CALABAR MUNICIPAL II,CROSS RIVER,CALABAR MUNICIPAL,2022-05-31,2022,5,2,496.0,8.0,6.0,1269,16,69.0,1,0,873.0,18,1115.0,1047.0,999.0,2022-06-11,Data Clerk
LAG013,SPECIALIST HOSPITAL IKORODU II,LAGOS,IKORODU,2024-03-31,2024,3,1,2459.0,102.0,79.0,6186,96,740.0,24,20,3797.0,62,4305.0,2517.0,2366.0,2024-04-29,Data Clerk
KAD013,SPECIALIST HOSPITAL ZARIA II,KADUNA,ZARIA,2024-02-29,2024,2,1,2369.0,73.0,-11.0,2770,34,567.0,13,10,2495.0,52,1936.0,1644.0,1573.0,2024-03-11,Data Clerk
LAG001,PRIMARY HEALTH CENTRE IKORODU,LAGOS,IKORODU,2022-07-31,2022,7,3,345.0,9.0,6.0,216,1,89.0,1,0,137.0,5,165.0,148.0,138.0,2022-08-15,Data Clerk
RIV002,TEACHING HOSPITAL OBIO/AKPOR,RIVERS,OBIO/AKPOR,2022-12-31,2022,12,4,1494.0,38.0,33.0,4746,16,298.0,4,3,3079.0,54,4315.0,3288.0,2843.0,2023-01-16,Facility Focal Person
BEN010,MODEL PRIMARY HEALTH CENTRE OKPOKWU II,BENUE,OKPOKWU,2022-02-01,2022,2,1,337.0,5.0,4.0,864,9,86.0,0,0,777.0,17,641.0,422.0,381.0,2022-03-11,Data Clerk
LAG003,TEACHING HOSPITAL BADAGRY,LAGOS,BADAGRY,2023-01-31,2023,1,1,2550.0,86.0,68.0,6355,50,277.0,10,7,3557.0,52,4538.0,2787.0,2558.0,2023-02-18,M&E Officer
LAG099,COMPREHENSIVE HEALTH CENTRE AKAMKPA II,CROSS RIVER,AKAMKPA,2022-07-31,2022,7,3,70.0,1.0,0.0,422,4,15.0,0,0,278.0,8,324.0,281.0,231.0,2022-08-18,Facility Focal Person
KAD008,MODEL PRIMARY HEALTH CENTRE ZARIA II,KADUNA,ZARIA,2024-10-31,2024,10,4,,9.0,6.0,1159,12,58.0,1,0,899.0,13,835.0,577.0,550.0,2024-11-21,Facility Focal Person
NAS015,SPECIALIST HOSPITAL NASARAWA II,NASARAWA,NASARAWA,2022-09-30,2022,9,3,881.0,50.0,45.0,3130,42,234.0,3,2,2471.0,39,2624.0,1677.0,1688.0,2022-10-15,M&E Officer
BEN009,PRIMARY HEALTH CENTRE OTUKPO II,BENUE,OTUKPO,2023-04-30,2023,4,2,268.0,5.0,3.0,461,2,79.0,0,0,321.0,5,377.0,309.0,300.0,2023-05-13,Data Clerk
LAG014,COTTAGE HOSPITAL LAGOS ISLAND II,LAGOS,LAGOS ISLAND,2022-06-30,2022,6,2,646.0,8.0,6.0,1992,12,132.0,1,0,1190.0,22,1420.0,1169.0,1038.0,2022-07-15,Facility Focal Person
FCT001,MISSION HOSPITAL AMAC,FCT,AMAC,2023-08-31,2023,8,3,932.0,4.0,3.0,1253,20,231.0,1,0,961.0,16,1032.0,932.0,770.0,2023-09-11,Facility Focal Person
CRS009,COMPREHENSIVE HEALTH CENTRE OBUDU II,CROSS RIVER,OBUDU,2024-12-01,2024,12,4,469.0,15.0,11.0,950,5,117.0,2,1,651.0,15,674.0,385.0,338.0,2025-01-15,Data Clerk
NAS012,MISSION HOSPITAL KARU II,NASARAWA,KARU,2022-03-31,2022,3,1,779.0,21.0,16.0,1351,22,132.0,0,0,1182.0,12,962.0,555.0,497.0,2022-04-15,Facility Focal Person
KAD010,COTTAGE HOSPITAL CHIKUN II,KADUNA,CHIKUN,2024-10-31,2024,10,4,252.0,13.0,9.0,968,10,65.0,2,1,572.0,10,815.0,590.0,535.0,2024-11-13,M&E Officer
FCT014,GENERAL HOSPITAL KUJE II,FCT,KUJE,2024-10-31,2024,10,4,1269.0,67.0,49.0,2576,14,390.0,4,3,2180.0,48,2276.0,1984.0,1855.0,2024-11-13,M&E Officer
NAS003,COTTAGE HOSPITAL KEFFI,NASARAWA,KEFFI,2023-05-31,2023,5,2,401.0,9.0,8.0,1659,20,127.0,2,1,1348.0,20,1406.0,1011.0,849.0,2023-06-13,Facility Focal Person
AKS013,MODEL PRIMARY HEALTH CENTRE ABAK II,AKWA IBOM,ABAK,2022-10-31,2022,10,4,309.0,14.0,13.0,563,4,48.0,1,0,378.0,6,442.0,468.0,341.0,2022-11-15,M&E Officer
KAD013,SPECIALIST HOSPITAL ZARIA II,KADUNA,ZARIA,2024-11-30,2024,11,4,1783.0,72.0,66.0,3175,52,452.0,3,2,2880.0,56,2814.0,1752.0,1482.0,2024-12-16,M&E Officer
LAG013,SPECIALIST HOSPITAL IKORODU II,LAGOS,IKORODU,2022-04-30,2022,4,2,1621.0,73.0,70.0,5907,59,301.0,9,6,4583.0,90,5140.0,4764.0,4569.0,2022-05-15,Facility Focal Person
FCT011,COTTAGE HOSPITAL AMAC II,FCT,AMAC,2024-02-29,2024,2,1,374.0,17.0,13.0,2066,15,77.0,3,2,1505.0,24,1533.0,1232.0,1136.0,2024-03-11,M&E Officer
BEN007,SPECIALIST HOSPITAL MAKURDI II,BENUE,MAKURDI,2022-10-31,2022,10,4,301.0,4.0,3.0,2224,39,70.0,0,0,1764.0,36,1850.0,1171.0,987.0,2022-11-21,Facility Focal Person
NAS008,COMPREHENSIVE HEALTH CENTRE KEFFI II,NASARAWA,KEFFI,2023-04-30,2023,4,2,90.0,4.0,3.0,867,16,28.0,1,0,704.0,14,686.0,445.0,428.0,2023-05-13,Data Clerk
BEN007,SPECIALIST HOSPITAL MAKURDI II,BENUE,MAKURDI,2023-01-31,2023,1,1,295.0,7.0,6.0,2143,31,48.0,0,0,1523.0,28,1764.0,1233.0,1145.0,2023-02-15,Facility Focal Person
AKS007,TEACHING HOSPITAL IKONO,AKWA IBOM,IKONO,2023-09-30,2023,9,3,879.0,12.0,10.0,,24,91.0,0,0,3380.0,73,5171.0,3801.0,3340.0,2023-10-15,Facility Focal Person
FCT013,COTTAGE HOSPITAL GWAGWALADA II,FCT,GWAGWALADA,2022-12-31,2022,12,4,917.0,17.0,16.0,1368,19,153.0,2,1,1233.0,24,978.0,554.0,517.0,2023-01-16,Facility Focal Person
AKS015,MISSION HOSPITAL UYO II,AKWA IBOM,UYO,2023-05-01,2023,5,2,832.0,35.0,29.0,2455,47,214.0,7,6,1440.0,23,2050.0,1185.0,1071.0,2023-06-29,Data Clerk
FCT012,MISSION HOSPITAL BWARI II,FCT,BWARI,2023-10-31,2023,10,4,1056.0,43.0,38.0,2842,36,316.0,5,4,2498.0,49,2312.0,1833.0,1572.0,2023-11-13,M&E Officer
KAD003,MISSION HOSPITAL ZARIA,KADUNA,ZARIA,2022-01-31,2022,1,1,828.0,50.0,48.0,,42,198.0,6,5,1588.0,41,1982.0,1342.0,1227.0,2022-02-11,Data Clerk
RIV006,COTTAGE HOSPITAL ELEME,RIVERS,ELEME,2023-04-30,2023,4,2,,33.0,27.0,2508,50,130.0,2,1,2104.0,37,1798.0,1338.0,1103.0,2023-05-15,M&E Officer
NAS011,MISSION HOSPITAL LAFIA II,NASARAWA,LAFIA,2024-02-29,2024,2,1,1237.0,6.0,5.0,2442,21,215.0,5,4,1830.0,27,1766.0,1146.0,1112.0,2024-03-16,Data Clerk
LAG014,COTTAGE HOSPITAL LAGOS ISLAND II,LAGOS,LAGOS ISLAND,2023-11-30,2023,11,4,636.0,9.0,8.0,1727,23,127.0,2,1,1180.0,23,1411.0,870.0,731.0,2023-12-13,Data Clerk
FCT015,COMPREHENSIVE HEALTH CENTRE ABAJI II,FCT,ABAJI,2023-08-31,2023,8,3,91.0,6.0,4.0,769,10,20.0,2,1,448.0,6,568.0,518.0,,2023-09-13,Data Clerk
KAD002,TEACHING HOSPITAL KADUNA SOUTH,KADUNA,KADUNA SOUTH,2024-06-30,2024,6,2,2155.0,19.0,16.0,,35,252.0,1,0,2929.0,46,3039.0,2483.0,2037.0,2024-07-13,M&E Officer
RIV002,TEACHING HOSPITAL OBIO/AKPOR,RIVERS,OBIO/AKPOR,2023-05-31,2023,5,2,1661.0,34.0,27.0,4644,59,205.0,1,0,3608.0,57,3793.0,2916.0,2796.0,2023-06-15,Facility Focal Person
BEN007,SPECIALIST HOSPITAL MAKURDI II,BENUE,MAKURDI,2022-12-31,2022,12,4,191.0,0.0,0.0,2168,27,19.0,1,0,1564.0,16,1573.0,1256.0,1145.0,2023-01-16,M&E Officer
BEN009,PRIMARY HEALTH CENTRE OTUKPO II,BENUE,OTUKPO,2023-12-01,2023,12,4,256.0,6.0,5.0,450,2,44.0,0,0,293.0,5,385.0,296.0,269.0,2024-01-18,M&E Officer
NAS011,MISSION HOSPITAL LAFIA II,NASARAWA,LAFIA,2023-06-30,2023,6,2,1291.0,16.0,11.0,,38,213.0,2,1,1915.0,36,1852.0,1060.0,870.0,2023-07-16,Data Clerk
XXX999,PRIMARY HEALTH CENTRE KADUNA NORTH II,KADUNA,KADUNA NORTH,2024-08-31,2024,8,3,216.0,10.0,8.0,590,5,69.0,2,1,477.0,8,402.0,364.0,316.0,2024-09-11,M&E Officer
CRS009,COMPREHENSIVE HEALTH CENTRE OBUDU II,CROSS RIVER,OBUDU,2022-07-31,2022,7,3,449.0,19.0,18.0,742,4,72.0,4,3,452.0,2,556.0,307.0,289.0,2022-08-13,Data Clerk
KAD009,MODEL PRIMARY HEALTH CENTRE SABON GARI II,KADUNA,SABON GARI,2022-04-01,2022,4,2,450.0,21.0,20.0,672,2,71.0,3,2,504.0,11,592.0,374.0,323.0,2022-05-21,Facility Focal Person
RIV011,MODEL PRIMARY HEALTH CENTRE DEGEMA II,RIVERS,DEGEMA,2022-05-31,2022,5,2,293.0,17.0,16.0,875,10,80.0,3,2,771.0,15,804.0,467.0,407.0,2022-06-11,Data Clerk
NAS008,COMPREHENSIVE HEALTH CENTRE KEFFI II,NASARAWA,KEFFI,2023-09-30,2023,9,3,75.0,1.0,0.0,826,5,22.0,0,0,651.0,10,666.0,721.0,491.0,2023-10-15,M&E Officer
BEN006,PRIMARY HEALTH CENTRE VANDEIKYA,BENUE,VANDEIKYA,2023-12-31,2023,12,4,163.0,7.0,6.0,344,6,27.0,1,0,285.0,2,240.0,163.0,143.0,2024-01-16,M&E Officer
TMP001,MODEL PRIMARY HEALTH CENTRE LAFIA,NASARAWA,LAFIA,2024-08-31,2024,8,3,224.0,0.0,0.0,392,3,60.0,0,0,218.0,2,329.0,296.0,277.0,2024-09-21,Data Clerk
FCT005,PRIMARY HEALTH CENTRE ABAJI,FCT,ABAJI,2022-09-30,2022,9,3,465.0,11.0,9.0,511,5,98.0,3,2,386.0,8,358.0,271.0,226.0,2022-10-21,M&E Officer
NAS001,MODEL PRIMARY HEALTH CENTRE LAFIA,NASARAWA,LAFIA,2022-12-31,2022,12,4,,0.0,0.0,463,6,34.0,0,0,348.0,5,393.0,279.0,244.0,2023-02-15,Data Clerk
NAS004,COTTAGE HOSPITAL AKWANGA,NASARAWA,AKWANGA,2024-02-29,2024,2,1,402.0,22.0,,541,8,87.0,3,2,403.0,6,493.0,367.0,322.0,2024-03-15,Facility Focal Person
CRS015,MODEL PRIMARY HEALTH CENTRE AKAMKPA II,CROSS RIVER,AKAMKPA,2024-10-31,2024,10,4,61.0,0.0,0.0,474,5,12.0,0,0,360.0,6,340.0,314.0,258.0,2024-11-18,Data Clerk
RIV005,MISSION HOSPITAL DEGEMA,RIVERS,DEGEMA,2023-11-30,2023,11,4,149.0,3.0,2.0,1344,12,20.0,1,0,1056.0,25,1179.0,671.0,606.0,2023-12-11,M&E Officer
NAS011,MISSION HOSPITAL LAFIA II,NASARAWA,LAFIA,2023-01-31,2023,1,1,,15.0,11.0,2683,16,130.0,0,0,2144.0,48,2483.0,1807.0,1487.0,2023-02-15,M&E Officer
RIV006,COTTAGE HOSPITAL ELEME,RIVERS,ELEME,2024-02-29,2024,2,1,1171.0,58.0,44.0,2724,15,244.0,8,6,,41,1976.0,1138.0,959.0,2024-03-15,Data Clerk
LAG009,MISSION HOSPITAL BADAGRY II,LAGOS,BADAGRY,2024-12-31,2024,12,4,374.0,14.0,10.0,2256,36,97.0,1,0,1306.0,32,1925.0,1465.0,,2025-01-16,Facility Focal Person
CRS013,MISSION HOSPITAL OGOJA II,CROSS RIVER,OGOJA,2023-10-31,2023,10,4,184.0,0.0,0.0,783,1,47.0,1,0,506.0,16,616.0,546.0,486.0,2023-11-11,Data Clerk
KAD005,COTTAGE HOSPITAL CHIKUN,KADUNA,CHIKUN,2023-11-30,2023,11,4,382.0,9.0,7.0,360,3,104.0,1,0,246.0,4,266.0,237.0,230.0,2023-12-21,Data Clerk
KAD012,COMPREHENSIVE HEALTH CENTRE KADUNA SOUTH II,KADUNA,KADUNA SOUTH,2024-04-30,2024,4,2,548.0,11.0,9.0,628,10,162.0,2,1,369.0,8,442.0,298.0,268.0,2024-05-11,M&E Officer
AKS015,MISSION HOSPITAL UYO II,AKWA IBOM,UYO,2022-10-31,2022,10,4,683.0,34.0,32.0,2487,40,198.0,3,2,1799.0,37,1817.0,1570.0,1401.0,2022-11-15,Facility Focal Person
AKS003,MODEL PRIMARY HEALTH CENTRE EKET,AKWA IBOM,EKET,2022-10-31,2022,10,4,447.0,5.0,4.0,211,2,89.0,0,0,,3,191.0,158.0,142.0,2022-11-11,Data Clerk
FCT015,COMPREHENSIVE HEALTH CENTRE ABAJI II,FCT,ABAJI,2024-05-31,2024,5,2,170.0,10.0,9.0,752,2,16.0,0,0,653.0,13,653.0,618.0,541.0,2024-06-27,Data Clerk
BEN007,SPECIALIST HOSPITAL MAKURDI II,BENUE,MAKURDI,2023-05-31,2023,5,2,368.0,5.0,4.0,2104,9,71.0,0,0,1386.0,27,1565.0,1319.0,1196.0,2023-06-13,Data Clerk
NAS006,PRIMARY HEALTH CENTRE LAFIA II,NASARAWA,LAFIA,2022-01-31,2022,1,1,173.0,4.0,3.0,1043,20,17.0,1,0,744.0,9,830.0,737.0,685.0,2022-02-13,Data Clerk
RIV011,MODEL PRIMARY HEALTH CENTRE DEGEMA II,RIVERS,DEGEMA,2023-03-31,2023,3,1,327.0,9.0,8.0,876,6,40.0,1,0,568.0,9,636.0,,380.0,2023-04-13,Data Clerk
NAS014,TEACHING HOSPITAL AKWANGA II,NASARAWA,AKWANGA,2022-05-31,2022,5,2,2272.0,53.0,39.0,4640,74,635.0,9,8,4238.0,79,3720.0,2800.0,2695.0,2022-06-15,Data Clerk
FCT002,GENERAL HOSPITAL BWARI,FCT,BWARI,2022-07-31,2022,7,3,117.0,5.0,4.0,631,7,21.0,1,0,482.0,6,541.0,395.0,358.0,2022-08-13,Data Clerk
RIV007,PRIMARY HEALTH CENTRE PORT HARCOURT II,RIVERS,PORT HARCOURT,2023-07-31,2023,7,3,465.0,4.0,3.0,658,3,137.0,1,0,611.0,10,518.0,429.0,393.0,2023-08-15,Data Clerk
AKS010,GENERAL HOSPITAL EKET II,AKWA IBOM,EKET,2022-06-30,2022,6,2,731.0,20.0,15.0,1802,22,92.0,0,0,1689.0,44,1426.0,1046.0,1022.0,2022-07-13,Data Clerk
LAG013,SPECIALIST HOSPITAL IKORODU II,LAGOS,IKORODU,2022-07-31,2022,7,3,1943.0,101.0,72.0,6057,36,235.0,11,8,5132.0,99,4792.0,4494.0,3964.0,2022-08-18,Facility Focal Person
LAG011,COTTAGE HOSPITAL AGEGE II,LAGOS,AGEGE,2024-02-01,2024,2,1,629.0,10.0,8.0,,29,137.0,4,3,1289.0,22,1146.0,916.0,888.0,2024-03-11,Data Clerk
RIV012,PRIMARY HEALTH CENTRE ELEME II,RIVERS,ELEME,2022-08-31,2022,8,3,599.0,25.0,21.0,889,6,69.0,2,1,657.0,10,744.0,487.0,433.0,2022-09-11,Data Clerk
RIV008,TEACHING HOSPITAL OBIO/AKPOR II,RIVERS,OBIO/AKPOR,2024-07-31,2024,7,3,2073.0,83.0,80.0,4203,18,213.0,6,5,2864.0,51,3051.0,1900.0,1646.0,2024-08-16,M&E Officer
NAS007,GENERAL HOSPITAL KARU II,NASARAWA,KARU,2022-11-30,2022,11,4,635.0,2.0,1.0,2428,32,63.0,0,0,1583.0,29,1884.0,1073.0,903.0,2022-12-21,M&E Officer
RIV011,MODEL PRIMARY HEALTH CENTRE DEGEMA II,RIVERS,DEGEMA,2022-10-31,2022,10,4,265.0,9.0,8.0,872,10,82.0,1,0,583.0,11,662.0,467.0,383.0,2022-11-13,Facility Focal Person
FCT011,COTTAGE HOSPITAL AMAC II,FCT,AMAC,2022-01-31,2022,1,1,352.0,10.0,8.0,2416,46,71.0,3,2,2106.0,35,2145.0,1568.0,1408.0,2022-02-16,Facility Focal Person
AKS006,PRIMARY HEALTH CENTRE ABAK,AKWA IBOM,ABAK,2022-02-28,2022,2,1,407.0,11.0,8.0,207,2,,0,0,170.0,4,165.0,97.0,88.0,2022-03-13,Facility Focal Person
AKS005,COMPREHENSIVE HEALTH CENTRE ORON,AKWA IBOM,ORON,2023-09-30,2023,9,3,132.0,2.0,1.0,1091,7,17.0,0,0,1017.0,24,972.0,919.0,772.0,2023-10-13,M&E Officer
TMP001,MODEL PRIMARY HEALTH CENTRE MAKURDI II,BENUE,MAKURDI,2023-04-30,2023,4,2,625.0,17.0,16.0,516,8,69.0,1,0,324.0,8,389.0,246.0,225.0,2023-05-15,Facility Focal Person
NAS999,MODEL PRIMARY HEALTH CENTRE ABAK II,AKWA IBOM,ABAK,2023-08-31,2023,8,3,430.0,,5.0,607,8,89.0,0,0,538.0,12,556.0,479.0,421.0,2023-09-16,Facility Focal Person
FCT011,COTTAGE HOSPITAL AMAC II,FCT,AMAC,2023-11-30,2023,11,4,297.0,10.0,8.0,2110,40,87.0,2,1,1885.0,22,1731.0,1066.0,971.0,2023-12-11,Facility Focal Person
KAD015,GENERAL HOSPITAL CHIKUN II,KADUNA,CHIKUN,2022-11-30,2022,11,4,240.0,3.0,2.0,1798,31,73.0,1,0,1324.0,23,1537.0,914.0,785.0,2022-12-13,M&E Officer
BEN007,SPECIALIST HOSPITAL MAKURDI II,BENUE,MAKURDI,2023-08-31,2023,8,3,372.0,,6.0,,26,99.0,2,1,1651.0,18,1538.0,1203.0,1026.0,2023-09-11,Facility Focal Person
BEN001,MISSION HOSPITAL MAKURDI,BENUE,MAKURDI,2024-08-31,2024,8,3,919.0,7.0,5.0,1720,24,272.0,3,2,1145.0,26,1301.0,1210.0,1004.0,2024-09-15,M&E Officer
NAS005,MISSION HOSPITAL NASARAWA,NASARAWA,NASARAWA,2024-10-31,2024,10,4,1039.0,22.0,17.0,811,7,133.0,0,0,689.0,8,696.0,567.0,479.0,2024-11-16,M&E Officer
BEN006,PRIMARY HEALTH CENTRE VANDEIKYA,BENUE,VANDEIKYA,2024-08-31,2024,8,3,256.0,11.0,9.0,369,3,47.0,0,0,225.0,2,280.0,169.0,150.0,2024-09-16,Facility Focal Person
CRS003,SPECIALIST HOSPITAL OGOJA,CROSS RIVER,OGOJA,2022-03-31,2022,3,1,1247.0,55.0,41.0,5626,42,253.0,7,6,4436.0,86,4369.0,3073.0,2570.0,2022-04-18,Data Clerk
CRS002,COMPREHENSIVE HEALTH CENTRE IKOM,CROSS RIVER,IKOM,2024-06-30,2024,6,2,243.0,8.0,7.0,272,4,70.0,1,0,200.0,2,196.0,171.0,143.0,2024-07-16,Data Clerk
NAS006,PRIMARY HEALTH CENTRE LAFIA II,NASARAWA,LAFIA,2022-11-30,2022,11,4,267.0,8.0,5.0,985,10,55.0,2,1,548.0,3,911.0,613.0,596.0,2022-12-11,Data Clerk
AKS010,GENERAL HOSPITAL EKET II,AKWA IBOM,EKET,2022-04-30,2022,4,2,561.0,11.0,8.0,1813,15,158.0,2,1,1219.0,16,1328.0,730.0,698.0,2022-05-21,Data Clerk
LAG005,MISSION HOSPITAL AGEGE,LAGOS,AGEGE,2024-07-31,2024,7,3,1348.0,33.0,31.0,1798,27,178.0,0,0,1430.0,25,1381.0,1003.0,942.0,2024-08-16,Facility Focal Person
FCT010,MODEL PRIMARY HEALTH CENTRE ABAJI II,FCT,ABAJI,2022-11-30,2022,11,4,409.0,14.0,10.0,317,3,45.0,0,0,282.0,7,273.0,176.0,146.0,2022-12-15,M&E Officer
XXX999,COTTAGE HOSPITAL AGEGE II,LAGOS,AGEGE,2024-07-31,2024,7,3,721.0,7.0,5.0,1573,13,184.0,2,1,900.0,14,1193.0,733.0,658.0,2024-08-16,M&E Officer
LAG011,COTTAGE HOSPITAL AGEGE II,LAGOS,AGEGE,2024-08-31,2024,8,3,893.0,16.0,14.0,1571,16,158.0,1,0,1093.0,15,1266.0,977.0,927.0,2024-09-18,Facility Focal Person
LAG007,PRIMARY HEALTH CENTRE IKORODU II,LAGOS,IKORODU,2024-03-31,2024,3,1,428.0,19.0,17.0,590,10,71.0,2,1,504.0,6,500.0,356.0,300.0,2024-04-11,M&E Officer
NAS011,MISSION HOSPITAL LAFIA II,NASARAWA,LAFIA,2022-09-30,2022,9,3,1295.0,14.0,13.0,2723,13,324.0,1,0,1562.0,35,2481.0,1393.0,1158.0,2022-10-13,M&E Officer
AKS009,PRIMARY HEALTH CENTRE IKOT EKPENE II,AKWA IBOM,IKOT EKPENE,2024-01-31,2024,1,1,93.0,3.0,2.0,222,1,17.0,0,0,182.0,4,200.0,127.0,105.0,2024-02-16,Facility Focal Person
RIV009,MISSION HOSPITAL KHANA II,RIVERS,KHANA,2022-05-31,2022,5,2,509.0,8.0,5.0,855,17,110.0,2,1,,9,716.0,475.0,419.0,2022-06-21,Data Clerk
KAD011,PRIMARY HEALTH CENTRE KADUNA NORTH II,KADUNA,KADUNA NORTH,2024-03-31,2024,3,1,258.0,15.0,14.0,585,5,36.0,2,1,378.0,5,444.0,415.0,345.0,2024-04-11,Data Clerk
BEN004,GENERAL HOSPITAL OKPOKWU,BENUE,OKPOKWU,2023-02-28,2023,2,1,,3.0,2.0,378,3,225.0,0,0,278.0,5,305.0,222.0,186.0,2023-03-13,Data Clerk
CRS012,MODEL PRIMARY HEALTH CENTRE IKOM II,CROSS RIVER,IKOM,2024-09-30,2024,9,3,431.0,4.0,3.0,754,14,102.0,1,0,552.0,11,552.0,495.0,433.0,2024-10-16,Data Clerk
KAD012,COMPREHENSIVE HEALTH CENTRE KADUNA SOUTH II,KADUNA,KADUNA SOUTH,2024-02-29,2024,2,1,341.0,5.0,4.0,631,1,104.0,0,0,410.0,4,456.0,379.0,319.0,2024-03-16,Facility Focal Person
LAG015,MODEL PRIMARY HEALTH CENTRE BADAGRY II,LAGOS,BADAGRY,2023-03-31,2023,3,1,296.0,9.0,8.0,1084,8,31.0,1,0,913.0,20,799.0,643.0,531.0,2023-04-21,M&E Officer
FCT002,GENERAL HOSPITAL BWARI,FCT,BWARI,2023-06-30,2023,6,2,144.0,8.0,6.0,591,2,25.0,1,0,347.0,4,456.0,404.0,352.0,2023-07-15,Data Clerk
CRS013,MISSION HOSPITAL OGOJA II,CROSS RIVER,OGOJA,2022-06-30,2022,6,2,269.0,5.0,,887,12,74.0,0,0,713.0,16,,603.0,562.0,2022-07-18,Data Clerk
BEN012,COTTAGE HOSPITAL VANDEIKYA II,BENUE,VANDEIKYA,2022-10-31,2022,10,4,647.0,6.0,4.0,467,3,190.0,0,0,328.0,5,390.0,283.0,276.0,2022-11-15,Facility Focal Person
RIV007,PRIMARY HEALTH CENTRE PORT HARCOURT II,RIVERS,PORT HARCOURT,2023-10-31,2023,10,4,503.0,5.0,4.0,656,5,93.0,1,0,,12,472.0,334.0,286.0,2023-11-13,M&E Officer
RIV008,TEACHING HOSPITAL OBIO/AKPOR II,RIVERS,OBIO/AKPOR,2022-08-31,2022,8,3,1681.0,77.0,60.0,3969,69,537.0,16,14,3362.0,53,3616.0,2394.0,2343.0,2022-09-13,M&E Officer
AKS002,GENERAL HOSPITAL IKOT EKPENE,AKWA IBOM,IKOT EKPENE,2023-07-31,2023,7,3,298.0,4.0,3.0,615,3,31.0,0,0,486.0,11,509.0,367.0,315.0,2023-08-18,Facility Focal Person
KAD008,MODEL PRIMARY HEALTH CENTRE ZARIA II,KADUNA,ZARIA,2024-01-31,2024,1,1,368.0,11.0,9.0,,9,84.0,2,1,785.0,17,871.0,591.0,529.0,2024-02-16,M&E Officer
LAG009,MISSION HOSPITAL BADAGRY II,LAGOS,BADAGRY,2023-05-31,2023,5,2,615.0,25.0,22.0,2542,15,187.0,3,2,1406.0,26,2210.0,2022.0,1893.0,2023-06-11,Data Clerk
NAS010,TEACHING HOSPITAL NASARAWA II,NASARAWA,NASARAWA,2022-11-30,2022,11,4,1685.0,92.0,79.0,,26,450.0,8,6,2966.0,49,3532.0,3307.0,2775.0,2022-12-11,M&E Officer
CRS005,TEACHING HOSPITAL AKAMKPA,CROSS RIVER,AKAMKPA,2024-11-01,2024,11,4,934.0,34.0,29.0,4088,19,201.0,4,3,3312.0,61,3707.0,2366.0,2002.0,2024-12-13,Facility Focal Person
LAG003,TEACHING HOSPITAL BADAGRY,LAGOS,BADAGRY,2023-02-28,2023,2,1,3202.0,122.0,106.0,,66,560.0,13,11,5393.0,93,4924.0,4503.0,3724.0,2023-03-15,Data Clerk
FCT001,MISSION HOSPITAL AMAC,FCT,AMAC,2022-06-30,2022,6,2,1013.0,7.0,5.0,1349,5,221.0,0,0,1276.0,18,989.0,785.0,684.0,2022-07-13,Facility Focal Person
BEN002,SPECIALIST HOSPITAL GBOKO,BENUE,GBOKO,2023-09-30,2023,9,3,2225.0,31.0,23.0,4532,46,633.0,13,10,2851.0,51,4026.0,2290.0,2194.0,2023-10-16,Data Clerk
RIV013,MISSION HOSPITAL PORT HARCOURT II,RIVERS,PORT HARCOURT,2023-04-30,2023,4,2,801.0,22.0,19.0,2162,18,196.0,5,4,2013.0,29,1861.0,1529.0,,2023-05-21,Data Clerk
CRS015,MODEL PRIMARY HEALTH CENTRE AKAMKPA II,CROSS RIVER,AKAMKPA,2022-07-31,2022,7,3,84.0,2.0,1.0,594,11,15.0,1,0,465.0,10,407.0,368.0,312.0,2022-08-21,M&E Officer
CRS005,TEACHING HOSPITAL AKAMKPA,CROSS RIVER,AKAMKPA,2024-08-31,2024,8,3,1229.0,47.0,46.0,4089,54,285.0,3,2,2583.0,41,2851.0,2254.0,1955.0,2024-09-11,Data Clerk
KAD011,PRIMARY HEALTH CENTRE KADUNA NORTH II,KADUNA,KADUNA NORTH,2022-02-01,2022,2,1,172.0,7.0,5.0,540,6,40.0,0,0,408.0,4,477.0,391.0,338.0,2022-03-18,Facility Focal Person
BEN009,PRIMARY HEALTH CENTRE OTUKPO II,BENUE,OTUKPO,2024-07-31,2024,7,3,300.0,2.0,1.0,430,1,53.0,0,0,259.0,3,340.0,191.0,160.0,2024-08-13,Data Clerk
FCT014,GENERAL HOSPITAL KUJE II,FCT,KUJE,2023-02-28,2023,2,1,874.0,33.0,,2463,29,263.0,11,9,1870.0,29,2131.0,1911.0,1778.0,2023-03-13,Facility Focal Person
RIV007,PRIMARY HEALTH CENTRE PORT HARCOURT II,RIVERS,PORT HARCOURT,2023-01-31,2023,1,1,383.0,3.0,2.0,670,11,117.0,1,0,558.0,9,,471.0,392.0,2023-02-13,Data Clerk
NAS011,MISSION HOSPITAL LAFIA II,NASARAWA,LAFIA,2024-01-31,2024,1,1,864.0,6.0,4.0,2458,19,192.0,4,3,1383.0,39,2255.0,1725.0,1641.0,2024-02-11,M&E Officer
NAS005,MISSION HOSPITAL NASARAWA,NASARAWA,NASARAWA,2022-11-30,2022,11,4,1103.0,23.0,22.0,364,6,188.0,3,2,338.0,4,293.0,218.0,206.0,2022-12-18,Data Clerk
AKS008,PRIMARY HEALTH CENTRE UYO II,AKWA IBOM,UYO,2024-10-31,2024,10,4,85.0,3.0,2.0,94,0,16.0,0,0,60.0,1,64.0,36.0,34.0,2024-11-11,Data Clerk
AKS012,COTTAGE HOSPITAL ORON II,AKWA IBOM,ORON,2024-09-30,2024,9,3,1050.0,60.0,54.0,1324,4,223.0,4,3,1198.0,28,977.0,840.0,770.0,2024-10-18,Facility Focal Person
FCT005,PRIMARY HEALTH CENTRE ABAJI,FCT,ABAJI,2024-09-30,2024,9,3,500.0,5.0,4.0,575,9,116.0,1,0,354.0,5,481.0,276.0,246.0,2024-10-11,Data Clerk
KAD001,MODEL PRIMARY HEALTH CENTRE KADUNA NORTH,KADUNA,KADUNA NORTH,2023-10-31,2023,10,4,181.0,7.0,5.0,755,12,39.0,0,0,632.0,13,692.0,616.0,554.0,2023-11-21,M&E Officer
LAG013,SPECIALIST HOSPITAL IKORODU II,LAGOS,IKORODU,2024-08-31,2024,8,3,2359.0,129.0,120.0,,69,240.0,9,7,3804.0,74,4450.0,3024.0,2878.0,2024-09-18,M&E Officer
RIV006,COTTAGE HOSPITAL ELEME,RIVERS,ELEME,2022-03-31,2022,3,1,1290.0,47.0,37.0,2271,26,286.0,6,5,1428.0,24,1594.0,1320.0,1254.0,2022-04-16,Facility Focal Person
RIV012,PRIMARY HEALTH CENTRE ELEME II,RIVERS,ELEME,2023-04-30,2023,4,2,647.0,16.0,14.0,943,9,98.0,1,0,522.0,14,806.0,484.0,422.0,2023-05-21,Data Clerk
CRS011,COMPREHENSIVE HEALTH CENTRE CALABAR MUNICIPAL II,CROSS RIVER,CALABAR MUNICIPAL,2024-03-31,2024,3,1,364.0,5.0,3.0,488,4,110.0,0,0,408.0,5,419.0,269.0,223.0,2024-04-21,M&E Officer
FCT003,SPECIALIST HOSPITAL GWAGWALADA,FCT,GWAGWALADA,2024-11-30,2024,11,4,690.0,12.0,10.0,4875,29,207.0,4,3,4271.0,59,3863.0,2887.0,2603.0,2024-12-13,Data Clerk
RIV013,MISSION HOSPITAL PORT HARCOURT II,RIVERS,PORT HARCOURT,2023-06-30,2023,6,2,866.0,21.0,18.0,2177,16,92.0,2,1,1524.0,28,1808.0,1320.0,1282.0,2023-07-21,M&E Officer
LAG004,COMPREHENSIVE HEALTH CENTRE SURULERE,LAGOS,SURULERE,2024-12-31,2024,12,4,579.0,7.0,5.0,602,8,142.0,3,2,372.0,11,527.0,301.0,263.0,2025-01-13,Data Clerk
KAD015,GENERAL HOSPITAL CHIKUN II,KADUNA,CHIKUN,2022-12-31,2022,12,4,340.0,6.0,5.0,1774,29,85.0,2,1,1603.0,30,1328.0,1212.0,1081.0,2023-01-16,Facility Focal Person
AKS010,GENERAL HOSPITAL EKET II,AKWA IBOM,EKET,2022-03-31,2022,3,1,352.0,11.0,9.0,1820,26,64.0,2,1,1244.0,20,,,1252.0,2022-04-13,Facility Focal Person
FCT013,COTTAGE HOSPITAL GWAGWALADA II,FCT,GWAGWALADA,2023-09-30,2023,9,3,902.0,978.0,12.0,1309,24,109.0,1,0,749.0,11,932.0,724.0,674.0,2023-10-13,Facility Focal Person
LAG004,COMPREHENSIVE HEALTH CENTRE SURULERE,LAGOS,SURULERE,2022-01-31,2022,1,1,361.0,4.0,3.0,638,12,36.0,0,0,474.0,10,496.0,307.0,274.0,2022-02-16,M&E Officer
BEN001,MISSION HOSPITAL MAKURDI,BENUE,MAKURDI,2022-07-31,2022,7,3,954.0,3.0,2.0,2049,37,123.0,0,0,1584.0,28,1629.0,985.0,877.0,2022-08-21,M&E Officer
NAS002,COTTAGE HOSPITAL KARU,NASARAWA,KARU,2023-02-28,2023,2,1,468.0,480.0,3.0,313,2,115.0,1,0,200.0,4,231.0,214.0,201.0,2023-03-18,M&E Officer
AKS010,GENERAL HOSPITAL EKET II,AKWA IBOM,EKET,2023-06-30,2023,6,2,845.0,22.0,17.0,1683,6,266.0,2,1,1073.0,15,1198.0,915.0,778.0,2023-07-13,M&E Officer
AKS005,COMPREHENSIVE HEALTH CENTRE ORON,AKWA IBOM,ORON,2022-04-30,2022,4,2,133.0,3.0,2.0,1307,9,20.0,1,0,810.0,13,1181.0,947.0,879.0,2022-06-15,Data Clerk
CRS013,MISSION HOSPITAL OGOJA II,CROSS RIVER,OGOJA,2024-10-01,2024,10,4,234.0,5.0,3.0,734,3,64.0,0,0,545.0,9,664.0,446.0,435.0,2024-11-13,Data Clerk
RIV009,MISSION HOSPITAL KHANA II,RIVERS,KHANA,2023-09-30,2023,9,3,484.0,11.0,7.0,796,13,126.0,0,0,701.0,19,582.0,524.0,,2023-10-11,Facility Focal Person
RIV012,PRIMARY HEALTH CENTRE ELEME II,RIVERS,ELEME,2024-07-31,2024,7,3,753.0,14.0,11.0,1032,8,112.0,1,0,779.0,19,779.0,,610.0,2024-08-13,Data Clerk
NAS012,MISSION HOSPITAL KARU II,NASARAWA,KARU,2023-01-31,2023,1,1,689.0,4.0,3.0,,19,104.0,1,0,730.0,7,997.0,573.0,528.0,2023-02-15,Facility Focal Person
NAS004,COTTAGE HOSPITAL AKWANGA,NASARAWA,AKWANGA,2023-10-31,2023,10,4,349.0,15.0,12.0,509,8,70.0,1,0,422.0,9,462.0,428.0,357.0,2023-11-13,Data Clerk
FCT002,GENERAL HOSPITAL BWARI,FCT,BWARI,2022-12-31,2022,12,4,94.0,3.0,2.0,614,2,24.0,2,1,498.0,11,441.0,361.0,313.0,2023-01-13,Facility Focal Person
CRS008,COTTAGE HOSPITAL OGOJA II,CROSS RIVER,OGOJA,2024-04-30,2024,4,2,,20.0,19.0,2167,5,203.0,3,2,1627.0,30,1500.0,939.0,898.0,2024-05-16,Data Clerk
RIV004,MODEL PRIMARY HEALTH CENTRE AHOADA EAST,RIVERS,AHOADA EAST,2023-02-28,2023,2,1,414.0,12.0,10.0,853,13,48.0,0,0,535.0,13,595.0,486.0,429.0,2023-03-13,Data Clerk
RIV013,MISSION HOSPITAL PORT HARCOURT II,RIVERS,PORT HARCOURT,2024-07-31,2024,7,3,777.0,20.0,17.0,2109,22,85.0,2,1,1719.0,27,1803.0,1121.0,1053.0,2024-08-18,Data Clerk
CRS014,COMPREHENSIVE HEALTH CENTRE OBUDU II,CROSS RIVER,OBUDU,2022-02-28,2022,2,1,331.0,5.0,4.0,73,0,69.0,0,0,62.0,0,59.0,,42.0,2022-03-21,Data Clerk
KAD009,MODEL PRIMARY HEALTH CENTRE SABON GARI II,KADUNA,SABON GARI,2024-09-30,2024,9,3,555.0,19.0,18.0,990,4,94.0,4,3,664.0,18,804.0,665.0,643.0,2024-10-11,M&E Officer
CRS014,COMPREHENSIVE HEALTH CENTRE OBUDU II,CROSS RIVER,OBUDU,2022-06-30,2022,6,2,333.0,9.0,6.0,101,0,62.0,0,0,77.0,0,92.0,68.0,61.0,2022-07-11,Facility Focal Person
NAS011,MISSION HOSPITAL LAFIA II,NASARAWA,LAFIA,2024-05-31,2024,5,2,1289.0,16.0,12.0,2412,17,257.0,2,1,2224.0,33,1657.0,1264.0,1054.0,2024-06-13,M&E Officer
LAG008,COTTAGE HOSPITAL LAGOS ISLAND II,LAGOS,LAGOS ISLAND,2022-12-31,2022,12,4,72.0,0.0,0.0,834,8,8.0,0,0,558.0,12,717.0,658.0,622.0,2023-01-21,Data Clerk
NAS015,SPECIALIST HOSPITAL NASARAWA II,NASARAWA,NASARAWA,2023-02-28,2023,2,1,998.0,45.0,39.0,3193,48,289.0,9,7,1911.0,38,2796.0,2475.0,2057.0,2023-03-11,M&E Officer
BEN004,GENERAL HOSPITAL OKPOKWU,BENUE,OKPOKWU,2023-04-30,2023,4,2,1003.0,4.0,,381,6,244.0,1,0,356.0,5,338.0,314.0,274.0,2023-05-15,M&E Officer
LAG011,COTTAGE HOSPITAL AGEGE II,LAGOS,AGEGE,2023-03-31,2023,3,1,565.0,11.0,9.0,1733,3,126.0,3,2,1423.0,28,1472.0,857.0,813.0,2023-04-13,Facility Focal Person
AKS001,COMPREHENSIVE HEALTH CENTRE UYO,AKWA IBOM,UYO,2024-01-31,2024,1,1,398.0,2.0,1.0,323,4,118.0,1,0,240.0,6,298.0,280.0,255.0,2024-02-11,M&E Officer
NAS015,SPECIALIST HOSPITAL NASARAWA II,NASARAWA,NASARAWA,2022-12-31,2022,12,4,993.0,58.0,48.0,3171,34,235.0,5,4,2547.0,44,2702.0,1623.0,1393.0,2023-01-13,M&E Officer
KAD015,GENERAL HOSPITAL CHIKUN II,KADUNA,CHIKUN,2022-07-31,2022,7,3,303.0,3.0,2.0,1906,22,91.0,0,0,1356.0,20,,1127.0,1015.0,2022-08-15,Data Clerk
CRS002,COMPREHENSIVE HEALTH CENTRE IKOM,CROSS RIVER,IKOM,2024-04-30,2024,4,2,159.0,8.0,7.0,267,1,43.0,1,0,241.0,7,237.0,134.0,122.0,2024-05-13,Facility Focal Person
CRS012,MODEL PRIMARY HEALTH CENTRE IKOM II,CROSS RIVER,IKOM,2023-02-28,2023,2,1,313.0,5.0,4.0,800,8,89.0,2,1,641.0,7,715.0,514.0,429.0,2023-03-18,M&E Officer
RIV010,TEACHING HOSPITAL AHOADA EAST II,RIVERS,AHOADA EAST,2022-12-31,2022,12,4,470.0,10.0,9.0,3194,29,125.0,2,1,2031.0,46,2555.0,2102.0,1776.0,2022-12-05,Facility Focal Person
NAS012,MISSION HOSPITAL KARU II,NASARAWA,KARU,2024-01-31,2024,1,1,756.0,14.0,11.0,1348,18,201.0,1,0,1012.0,13,1145.0,652.0,576.0,2024-02-15,Facility Focal Person
RIV012,PRIMARY HEALTH CENTRE ELEME II,RIVERS,ELEME,2022-03-31,2022,3,1,496.0,21.0,16.0,851,9,111.0,1,0,623.0,11,783.0,471.0,414.0,2022-04-16,M&E Officer
FCT015,COMPREHENSIVE HEALTH CENTRE ABAJI II,FCT,ABAJI,2024-04-30,2024,4,2,143.0,7.0,5.0,745,4,24.0,0,0,533.0,13,628.0,524.0,511.0,2024-05-21,Facility Focal Person
NAS006,PRIMARY HEALTH CENTRE LAFIA II,NASARAWA,LAFIA,2024-02-29,2024,2,1,254.0,11.0,9.0,948,13,54.0,1,0,836.0,18,841.0,591.0,490.0,2024-03-15,Facility Focal Person
RIV009,MISSION HOSPITAL KHANA II,RIVERS,KHANA,2022-06-30,2022,6,2,436.0,6.0,5.0,851,9,127.0,1,0,724.0,12,617.0,483.0,397.0,2022-07-25,M&E Officer
AKS011,COMPREHENSIVE HEALTH CENTRE ETINAN II,AKWA IBOM,ETINAN,2024-02-29,2024,2,1,108.0,8.0,7.0,331,5,24.0,0,0,256.0,3,259.0,220.0,180.0,2024-03-16,M&E Officer
CRS012,MODEL PRIMARY HEALTH CENTRE IKOM II,CROSS RIVER,IKOM,2022-03-31,2022,3,1,457.0,6.0,5.0,842,10,53.0,1,0,496.0,6,712.0,395.0,381.0,2022-04-29,M&E Officer
NAS008,COMPREHENSIVE HEALTH CENTRE KEFFI II,NASARAWA,KEFFI,2022-10-31,2022,10,4,63.0,1.0,0.0,917,15,9.0,0,0,826.0,13,795.0,564.0,529.0,2022-11-11,M&E Officer
CRS015,MODEL PRIMARY HEALTH CENTRE AKAMKPA II,CROSS RIVER,AKAMKPA,2024-01-31,2024,1,1,51.0,0.0,0.0,504,1,13.0,0,0,421.0,5,417.0,,209.0,2024-03-17,Facility Focal Person
FCT004,MODEL PRIMARY HEALTH CENTRE KUJE,FCT,KUJE,2024-04-30,2024,4,2,401.0,20.0,19.0,1272,9,70.0,1,0,839.0,9,944.0,711.0,689.0,2024-05-11,Data Clerk
CRS014,COMPREHENSIVE HEALTH CENTRE OBUDU II,CROSS RIVER,OBUDU,2023-06-30,2023,6,2,432.0,6.0,5.0,144,0,113.0,0,0,109.0,1,111.0,62.0,53.0,2023-07-16,Data Clerk
RIV012,PRIMARY HEALTH CENTRE ELEME II,RIVERS,ELEME,2022-01-31,2022,1,1,441.0,11.0,10.0,842,7,71.0,2,1,591.0,10,707.0,425.0,361.0,2022-02-21,Data Clerk
NAS010,TEACHING HOSPITAL NASARAWA II,NASARAWA,NASARAWA,2022-07-31,2022,7,3,2302.0,106.0,89.0,4623,67,448.0,18,17,4228.0,72,3889.0,2772.0,2685.0,2022-08-13,Facility Focal Person
FCT006,MISSION HOSPITAL AMAC II,FCT,AMAC,2024-01-31,2024,1,1,637.0,13.0,11.0,2147,30,69.0,0,0,1577.0,26,1686.0,1471.0,1342.0,2024-02-13,Data Clerk
AKS006,PRIMARY HEALTH CENTRE ABAK,AKWA IBOM,ABAK,2023-10-31,2023,10,4,556.0,18.0,14.0,401,2,98.0,2,1,324.0,6,369.0,332.0,281.0,2023-11-11,M&E Officer
BEN008,TEACHING HOSPITAL GBOKO II,BENUE,GBOKO,2022-05-31,2022,5,2,2130.0,44.0,33.0,6223,86,292.0,4,3,4299.0,92,4749.0,3918.0,3581.0,2022-06-13,Facility Focal Person
KAD001,MODEL PRIMARY HEALTH CENTRE KADUNA NORTH,KADUNA,KADUNA NORTH,2023-01-31,2023,1,1,169.0,4.0,2.0,770,11,41.0,1,0,486.0,12,658.0,489.0,445.0,2023-02-11,Data Clerk
LAG009,MISSION HOSPITAL BADAGRY II,LAGOS,BADAGRY,2024-07-01,2024,7,3,593.0,18.0,15.0,2321,11,130.0,2,1,2029.0,42,2014.0,1650.0,1366.0,2024-08-15,M&E Officer
RIV011,MODEL PRIMARY HEALTH CENTRE DEGEMA II,RIVERS,DEGEMA,2024-12-31,2024,12,4,342.0,18.0,14.0,970,4,53.0,3,2,675.0,15,831.0,709.0,694.0,2025-01-13,Data Clerk
FCT008,TEACHING HOSPITAL GWAGWALADA II,FCT,GWAGWALADA,2022-11-30,2022,11,4,674.0,33.0,25.0,5235,47,129.0,7,6,4041.0,68,3791.0,2457.0,2263.0,2022-12-13,Facility Focal Person
RIV001,MODEL PRIMARY HEALTH CENTRE PORT HARCOURT,RIVERS,PORT HARCOURT,2024-03-31,2024,3,1,123.0,2.0,1.0,875,15,21.0,0,0,780.0,13,661.0,503.0,428.0,2024-04-18,Facility Focal Person
LAG007,PRIMARY HEALTH CENTRE IKORODU II,LAGOS,IKORODU,2023-11-30,2023,11,4,469.0,29.0,27.0,582,4,115.0,2,1,511.0,8,471.0,377.0,361.0,2023-12-13,M&E Officer
NAS002,COTTAGE HOSPITAL KARU,NASARAWA,KARU,2022-08-31,2022,8,3,462.0,3.0,2.0,314,2,58.0,0,0,212.0,4,291.0,233.0,,2022-09-21,Facility Focal Person
KAD005,COTTAGE HOSPITAL CHIKUN,KADUNA,CHIKUN,2024-09-30,2024,9,3,688.0,9.0,6.0,402,6,106.0,0,0,369.0,10,281.0,162.0,146.0,2024-10-11,Data Clerk
XXX999,COTTAGE HOSPITAL CHIKUN II,KADUNA,CHIKUN,2022-11-30,2022,11,4,198.0,11.0,10.0,956,4,,0,0,599.0,16,652.0,443.0,386.0,2022-12-15,Data Clerk
NAS002,COTTAGE HOSPITAL KARU,NASARAWA,KARU,2024-06-30,2024,6,2,552.0,1.0,0.0,296,5,135.0,1,0,211.0,5,236.0,141.0,126.0,2024-07-15,Facility Focal Person
FCT009,MODEL PRIMARY HEALTH CENTRE KUJE II,FCT,KUJE,2023-12-31,2023,12,4,123.0,4.0,2.0,472,6,29.0,1,0,358.0,5,352.0,289.0,248.0,2024-01-18,Facility Focal Person
LAG001,PRIMARY HEALTH CENTRE IKORODU,LAGOS,IKORODU,2024-06-01,2024,6,2,556.0,14.0,11.0,393,6,100.0,4,3,305.0,5,343.0,280.0,272.0,2024-07-16,Data Clerk
CRS004,COMPREHENSIVE HEALTH CENTRE OBUDU,CROSS RIVER,OBUDU,2023-11-30,2023,11,4,210.0,9.0,7.0,460,7,65.0,2,1,285.0,8,396.0,370.0,346.0,2023-12-29,M&E Officer
KAD005,COTTAGE HOSPITAL CHIKUN,KADUNA,CHIKUN,2023-10-31,2023,10,4,638.0,9.0,7.0,356,6,200.0,2,1,288.0,3,249.0,235.0,229.0,2023-11-29,Facility Focal Person
LAG005,MISSION HOSPITAL AGEGE,LAGOS,AGEGE,2024-09-30,2024,9,3,1049.0,34.0,26.0,,25,153.0,3,2,1166.0,21,1518.0,1091.0,1036.0,2024-10-13,Facility Focal Person
BEN010,MODEL PRIMARY HEALTH CENTRE OKPOKWU II,BENUE,OKPOKWU,2024-07-31,2024,7,3,454.0,4.0,3.0,706,6,129.0,2,1,389.0,6,652.0,478.0,404.0,2024-08-11,Data Clerk
KAD004,SPECIALIST HOSPITAL SABON GARI,KADUNA,SABON GARI,2023-11-30,2023,11,4,2451.0,90.0,74.0,4787,77,294.0,8,6,4375.0,77,3904.0,3436.0,2927.0,2023-12-11,Facility Focal Person
KAD012,COMPREHENSIVE HEALTH CENTRE KADUNA SOUTH II,KADUNA,KADUNA SOUTH,2022-12-31,2022,12,4,191.0,4.0,3.0,646,12,52.0,0,0,388.0,4,481.0,395.0,345.0,2023-01-16,Facility Focal Person
CRS013,MISSION HOSPITAL OGOJA II,CROSS RIVER,OGOJA,2022-04-30,2022,4,2,232.0,2.0,1.0,898,4,31.0,0,0,759.0,15,799.0,730.0,708.0,2022-05-11,Data Clerk
RIV014,COTTAGE HOSPITAL OBIO/AKPOR II,RIVERS,OBIO/AKPOR,2022-06-30,2022,6,2,1227.0,9.0,6.0,615,3,229.0,1,0,484.0,3,460.0,433.0,398.0,2022-07-16,M&E Officer
LAG009,MISSION HOSPITAL BADAGRY II,LAGOS,BADAGRY,2024-01-31,2024,1,1,301.0,8.0,5.0,2363,19,31.0,0,0,1504.0,37,2029.0,1238.0,1176.0,2024-02-13,Facility Focal Person
CRS010,COMPREHENSIVE HEALTH CENTRE AKAMKPA II,CROSS RIVER,AKAMKPA,2022-04-01,2022,4,2,73.0,0.0,0.0,436,2,22.0,0,0,359.0,11,313.0,206.0,193.0,2022-05-15,M&E Officer
KAD011,PRIMARY HEALTH CENTRE KADUNA NORTH II,KADUNA,KADUNA NORTH,2022-01-31,2022,1,1,184.0,6.0,5.0,541,10,22.0,0,0,347.0,9,421.0,372.0,308.0,2022-02-11,M&E Officer
CRS011,COMPREHENSIVE HEALTH CENTRE CALABAR MUNICIPAL II,CROSS RIVER,CALABAR MUNICIPAL,2023-03-31,2023,3,1,307.0,8.0,7.0,465,1,48.0,3,2,313.0,11,344.0,287.0,265.0,2023-04-18,Facility Focal Person
AKS004,COMPREHENSIVE HEALTH CENTRE ETINAN,AKWA IBOM,ETINAN,2023-07-31,2023,7,3,293.0,10.0,9.0,970,4,56.0,2,1,562.0,12,695.0,545.0,501.0,2023-08-15,Facility Focal Person
CRS003,SPECIALIST HOSPITAL OGOJA,CROSS RIVER,OGOJA,2023-04-30,2023,4,2,1795.0,45.0,41.0,5304,64,469.0,15,11,3562.0,62,,4063.0,3782.0,2023-05-11,M&E Officer
KAD007,MODEL PRIMARY HEALTH CENTRE KADUNA SOUTH II,KADUNA,KADUNA SOUTH,2023-12-31,2023,12,4,241.0,9.0,6.0,1112,22,71.0,2,1,760.0,13,894.0,539.0,474.0,2024-01-11,Facility Focal Person
KAD015,GENERAL HOSPITAL CHIKUN II,KADUNA,CHIKUN,2022-08-31,2022,8,3,300.0,4.0,2.0,,34,81.0,1,0,1439.0,28,1622.0,1336.0,1162.0,2022-09-29,M&E Officer
XXX999,TEACHING HOSPITAL GBOKO II,BENUE,GBOKO,2023-08-31,2023,8,3,2811.0,70.0,57.0,6325,46,467.0,4,3,5358.0,108,4872.0,4184.0,3599.0,2023-09-16,Data Clerk
KAD010,COTTAGE HOSPITAL CHIKUN II,KADUNA,CHIKUN,2024-12-31,2024,12,4,232.0,9.0,7.0,972,3,33.0,2,1,791.0,13,878.0,,499.0,2025-01-15,Facility Focal Person
AKS010,GENERAL HOSPITAL EKET II,AKWA IBOM,EKET,2024-08-31,2024,8,3,699.0,16.0,15.0,1585,4,155.0,1,0,1006.0,15,1242.0,1036.0,932.0,2024-09-18,M&E Officer
NAS010,TEACHING HOSPITAL NASARAWA II,NASARAWA,NASARAWA,2023-07-31,2023,7,3,3106.0,147.0,123.0,5019,93,,27,22,3379.0,63,4032.0,3729.0,3183.0,2023-08-13,M&E Officer
KAD001,MODEL PRIMARY HEALTH CENTRE KADUNA NORTH,KADUNA,KADUNA NORTH,2024-11-30,2024,11,4,185.0,7.0,5.0,734,9,57.0,0,0,659.0,6,500.0,392.0,336.0,2024-12-18,Data Clerk
LAG001,PRIMARY HEALTH CENTRE IKORODU,LAGOS,IKORODU,2023-12-31,2023,12,4,286.0,11.0,9.0,342,4,50.0,0,0,,4,298.0,210.0,199.0,2024-01-15,M&E Officer
KAD010,COTTAGE HOSPITAL CHIKUN II,KADUNA,CHIKUN,2023-09-30,2023,9,3,208.0,14.0,13.0,971,10,52.0,2,1,802.0,11,664.0,399.0,388.0,2023-10-11,M&E Officer
RIV013,MISSION HOSPITAL PORT HARCOURT II,RIVERS,PORT HARCOURT,2023-01-31,2023,1,1,472.0,16.0,11.0,2187,7,67.0,3,2,1465.0,26,1611.0,893.0,744.0,2023-02-15,M&E Officer
CRS002,COMPREHENSIVE HEALTH CENTRE IKOM,CROSS RIVER,IKOM,2024-09-30,2024,9,3,175.0,5.0,3.0,282,1,26.0,0,0,194.0,0,256.0,237.0,225.0,2024-10-25,Facility Focal Person
LAG099,MISSION HOSPITAL AMAC,FCT,AMAC,2024-09-30,2024,9,3,1124.0,18.0,15.0,1169,8,326.0,1,0,739.0,15,1064.0,655.0,579.0,2024-10-18,M&E Officer
NAS008,COMPREHENSIVE HEALTH CENTRE KEFFI II,NASARAWA,KEFFI,2024-05-31,2024,5,2,93.0,3.0,2.0,772,5,14.0,0,0,556.0,14,536.0,494.0,454.0,2024-06-15,Data Clerk
FCT008,TEACHING HOSPITAL GWAGWALADA II,FCT,GWAGWALADA,2024-12-31,2024,12,4,795.0,50.0,45.0,4707,39,143.0,5,4,3659.0,75,4309.0,3805.0,3521.0,2025-01-21,Facility Focal Person
AKS011,COMPREHENSIVE HEALTH CENTRE ETINAN II,AKWA IBOM,ETINAN,2022-03-31,2022,3,1,118.0,4.0,3.0,283,4,18.0,0,0,236.0,4,193.0,144.0,131.0,2022-04-13,Data Clerk
FCT006,MISSION HOSPITAL AMAC II,FCT,AMAC,2023-02-01,2023,2,1,572.0,10.0,8.0,2262,8,129.0,0,0,1263.0,25,1593.0,1432.0,1293.0,2023-03-15,M&E Officer
AKS010,GENERAL HOSPITAL EKET II,AKWA IBOM,EKET,2023-10-01,2023,10,4,551.0,12.0,8.0,1625,29,70.0,0,0,1372.0,24,1324.0,1179.0,995.0,2023-11-13,Data Clerk
CRS001,MODEL PRIMARY HEALTH CENTRE CALABAR MUNICIPAL,CROSS RIVER,CALABAR MUNICIPAL,2024-09-30,2024,9,3,241.0,13.0,11.0,693,10,65.0,2,1,412.0,7,622.0,440.0,423.0,2024-10-21,Facility Focal Person
NAS008,COMPREHENSIVE HEALTH CENTRE KEFFI II,NASARAWA,KEFFI,2023-07-31,2023,7,3,90.0,2.0,1.0,834,13,17.0,0,0,717.0,16,642.0,492.0,470.0,2023-08-18,Data Clerk
RIV005,MISSION HOSPITAL DEGEMA,RIVERS,DEGEMA,2024-04-30,2024,4,2,167.0,4.0,3.0,1311,10,33.0,1,0,1190.0,21,1005.0,850.0,751.0,2024-05-15,M&E Officer
KAD015,GENERAL HOSPITAL CHIKUN II,KADUNA,CHIKUN,2022-09-30,2022,9,3,278.0,297.0,3.0,1854,23,83.0,1,0,1423.0,24,1524.0,1363.0,1215.0,2022-10-15,M&E Officer
CRS007,MODEL PRIMARY HEALTH CENTRE IKOM II,CROSS RIVER,IKOM,2024-05-01,2024,5,2,145.0,5.0,4.0,310,1,15.0,1,0,202.0,4,256.0,143.0,133.0,2024-06-13,Data Clerk
NAS013,GENERAL HOSPITAL KEFFI II,NASARAWA,KEFFI,2024-08-31,2024,8,3,718.0,30.0,21.0,1674,8,145.0,8,6,1111.0,25,1382.0,902.0,827.0,2024-09-11,Data Clerk
CRS002,COMPREHENSIVE HEALTH CENTRE IKOM,CROSS RIVER,IKOM,2022-03-31,2022,3,1,160.0,9.0,7.0,154,1,36.0,2,1,,2,125.0,91.0,77.0,2022-04-11,Facility Focal Person
AKS001,COMPREHENSIVE HEALTH CENTRE UYO,AKWA IBOM,UYO,2022-11-30,2022,11,4,442.0,0.0,0.0,311,6,63.0,0,0,278.0,9,283.0,176.0,154.0,2022-12-16,Facility Focal Person
NAS002,COTTAGE HOSPITAL KARU,NASARAWA,KARU,2023-03-31,2023,3,1,446.0,2.0,1.0,309,5,58.0,0,0,264.0,1,256.0,166.0,137.0,2023-04-15,Data Clerk
LAG014,COTTAGE HOSPITAL LAGOS ISLAND II,LAGOS,LAGOS ISLAND,2024-09-30,2024,9,3,618.0,5.0,3.0,1598,28,97.0,1,0,1061.0,17,1102.0,909.0,749.0,2024-10-13,M&E Officer
LAG007,PRIMARY HEALTH CENTRE IKORODU II,LAGOS,IKORODU,2022-03-31,2022,3,1,363.0,8.0,6.0,408,1,39.0,2,1,377.0,4,280.0,168.0,151.0,2022-04-13,M&E Officer
RIV008,TEACHING HOSPITAL OBIO/AKPOR II,RIVERS,OBIO/AKPOR,2022-02-28,2022,2,1,915.0,60.0,49.0,3958,59,228.0,7,6,2454.0,49,2918.0,1655.0,1368.0,2022-03-29,Data Clerk
LAG006,SPECIALIST HOSPITAL ALIMOSHO,LAGOS,ALIMOSHO,2022-07-31,2022,7,3,909.0,926.0,18.0,5389,73,118.0,3,2,3842.0,66,4101.0,3881.0,,2022-08-18,Facility Focal Person
KAD003,MISSION HOSPITAL ZARIA,KADUNA,ZARIA,2024-11-30,2024,11,4,1069.0,38.0,37.0,3095,23,302.0,4,3,2317.0,51,2616.0,2372.0,2067.0,2024-12-15,Facility Focal Person
FCT015,COMPREHENSIVE HEALTH CENTRE ABAJI II,FCT,ABAJI,2023-03-31,2023,3,1,127.0,4.0,3.0,801,10,21.0,1,0,613.0,13,600.0,394.0,347.0,2023-04-13,M&E Officer
AKS003,MODEL PRIMARY HEALTH CENTRE EKET,AKWA IBOM,EKET,2023-11-30,2023,11,4,405.0,16.0,15.0,377,5,98.0,4,3,328.0,6,349.0,248.0,206.0,2023-12-15,Data Clerk
AKS004,COMPREHENSIVE HEALTH CENTRE ETINAN,AKWA IBOM,ETINAN,2023-10-31,2023,10,4,197.0,6.0,5.0,969,7,24.0,2,1,683.0,14,886.0,559.0,460.0,2023-11-13,M&E Officer
KAD006,SPECIALIST HOSPITAL KADUNA NORTH II,KADUNA,KADUNA NORTH,2023-04-30,2023,4,2,2163.0,30.0,26.0,1628,18,539.0,5,4,1236.0,22,1263.0,1063.0,978.0,2023-05-15,Data Clerk
FCT006,MISSION HOSPITAL AMAC II,FCT,AMAC,2024-12-31,2024,12,4,759.0,31.0,23.0,2118,22,101.0,0,0,1504.0,29,1472.0,941.0,830.0,2025-01-21,M&E Officer
NAS999,COMPREHENSIVE HEALTH CENTRE OBUDU II,CROSS RIVER,OBUDU,2023-10-31,2023,10,4,488.0,19.0,16.0,881,15,49.0,1,0,549.0,10,693.0,449.0,398.0,2023-11-11,M&E Officer
CRS001,MODEL PRIMARY HEALTH CENTRE CALABAR MUNICIPAL,CROSS RIVER,CALABAR MUNICIPAL,2024-03-01,2024,3,1,248.0,11.0,10.0,693,8,53.0,4,3,451.0,5,541.0,427.0,399.0,2024-04-21,Facility Focal Person
KAD015,GENERAL HOSPITAL CHIKUN II,KADUNA,CHIKUN,2024-08-31,2024,8,3,432.0,11.0,8.0,1555,8,,2,1,1061.0,16,1438.0,803.0,783.0,2024-09-16,Data Clerk
NAS004,COTTAGE HOSPITAL AKWANGA,NASARAWA,AKWANGA,2023-12-31,2023,12,4,315.0,7.0,5.0,525,3,74.0,1,0,345.0,9,418.0,366.0,320.0,2024-01-11,Facility Focal Person
FCT003,SPECIALIST HOSPITAL GWAGWALADA,FCT,GWAGWALADA,2024-12-31,2024,12,4,631.0,16.0,15.0,4828,62,175.0,0,0,4097.0,69,3378.0,2487.0,2397.0,2025-01-11,M&E Officer
LAG008,COTTAGE HOSPITAL LAGOS ISLAND II,LAGOS,LAGOS ISLAND,2024-09-30,2024,9,3,118.0,4.0,3.0,720,3,15.0,1,0,588.0,11,,532.0,518.0,2024-10-13,Data Clerk
CRS007,MODEL PRIMARY HEALTH CENTRE IKOM II,CROSS RIVER,IKOM,2023-08-31,2023,8,3,133.0,4.0,3.0,301,3,33.0,0,0,175.0,2,215.0,175.0,157.0,2023-09-29,Facility Focal Person
NAS001,MODEL PRIMARY HEALTH CENTRE LAFIA,NASARAWA,LAFIA,2023-11-30,2023,11,4,151.0,0.0,0.0,420,6,44.0,0,0,252.0,6,322.0,185.0,,2023-12-15,Data Clerk
KAD015,GENERAL HOSPITAL CHIKUN II,KADUNA,CHIKUN,2024-10-31,2024,10,4,346.0,4.0,3.0,1524,20,35.0,0,0,873.0,15,1281.0,727.0,656.0,2024-11-15,M&E Officer
LAG009,MISSION HOSPITAL BADAGRY II,LAGOS,BADAGRY,2024-05-31,2024,5,2,612.0,12.0,11.0,2317,12,169.0,2,1,1728.0,38,1757.0,1221.0,1152.0,2024-06-18,Data Clerk
CRS008,COTTAGE HOSPITAL OGOJA II,CROSS RIVER,OGOJA,2023-02-28,2023,2,1,488.0,15.0,12.0,2228,36,100.0,1,0,1966.0,38,2027.0,1246.0,1118.0,2023-03-13,Facility Focal Person
NAS014,TEACHING HOSPITAL AKWANGA II,NASARAWA,AKWANGA,2022-12-31,2022,12,4,1223.0,27.0,22.0,4825,30,205.0,3,2,3721.0,65,3718.0,2879.0,2478.0,2023-01-21,Data Clerk
KAD007,MODEL PRIMARY HEALTH CENTRE KADUNA SOUTH II,KADUNA,KADUNA SOUTH,2022-01-31,2022,1,1,164.0,9.0,8.0,1133,4,26.0,0,0,853.0,16,904.0,671.0,570.0,2022-02-11,Data Clerk
LAG007,PRIMARY HEALTH CENTRE IKORODU II,LAGOS,IKORODU,2024-10-31,2024,10,4,,12.0,8.0,651,2,55.0,0,0,431.0,5,571.0,470.0,422.0,2024-11-18,Data Clerk
LAG002,SPECIALIST HOSPITAL LAGOS ISLAND,LAGOS,LAGOS ISLAND,2022-07-31,2022,7,3,1976.0,105.0,85.0,5748,54,596.0,14,12,3552.0,54,4916.0,4358.0,3924.0,2022-08-15,Facility Focal Person
AKS015,MISSION HOSPITAL UYO II,AKWA IBOM,UYO,2023-01-31,2023,1,1,630.0,,33.0,,38,90.0,4,3,1842.0,44,2092.0,1728.0,1530.0,2023-02-13,Data Clerk
LAG007,PRIMARY HEALTH CENTRE IKORODU II,LAGOS,IKORODU,2024-02-01,2024,2,1,427.0,10.0,8.0,583,7,128.0,3,2,338.0,4,528.0,367.0,307.0,2024-03-13,Data Clerk
FCT014,GENERAL HOSPITAL KUJE II,FCT,KUJE,2023-10-31,2023,10,4,978.0,32.0,23.0,2486,44,266.0,7,6,1507.0,28,1730.0,1523.0,1318.0,2023-11-21,Facility Focal Person
FCT003,SPECIALIST HOSPITAL GWAGWALADA,FCT,GWAGWALADA,2023-04-30,2023,4,2,615.0,14.0,10.0,5809,108,189.0,5,3,5029.0,91,5236.0,4601.0,4160.0,2023-05-13,M&E Officer
BEN006,PRIMARY HEALTH CENTRE VANDEIKYA,BENUE,VANDEIKYA,2023-10-31,2023,10,4,192.0,8.0,6.0,342,6,50.0,0,0,204.0,7,,259.0,230.0,2023-11-13,Data Clerk
FCT006,MISSION HOSPITAL AMAC II,FCT,AMAC,2022-01-31,2022,1,1,533.0,17.0,13.0,2349,22,68.0,2,1,1329.0,26,1934.0,1657.0,1567.0,2022-02-16,Facility Focal Person
RIV012,PRIMARY HEALTH CENTRE ELEME II,RIVERS,ELEME,2023-03-31,2023,3,1,508.0,25.0,22.0,938,7,87.0,2,1,587.0,11,725.0,642.0,536.0,2023-04-13,Facility Focal Person
CRS013,MISSION HOSPITAL OGOJA II,CROSS RIVER,OGOJA,2023-04-30,2023,4,2,253.0,3.0,2.0,805,9,42.0,1,0,711.0,10,705.0,462.0,440.0,2023-05-13,Data Clerk
NAS006,PRIMARY HEALTH CENTRE LAFIA II,NASARAWA,LAFIA,2022-12-31,2022,12,4,239.0,,6.0,979,12,67.0,1,0,555.0,14,676.0,448.0,421.0,2023-01-11,M&E Officer
BEN002,SPECIALIST HOSPITAL GBOKO,BENUE,GBOKO,2022-05-31,2022,5,2,2453.0,50.0,39.0,4946,73,649.0,10,8,4048.0,94,3772.0,2742.0,2455.0,2022-06-13,M&E Officer
FCT013,COTTAGE HOSPITAL GWAGWALADA II,FCT,GWAGWALADA,2022-10-31,2022,10,4,794.0,8.0,7.0,1393,3,231.0,1,0,1200.0,23,1211.0,992.0,907.0,2022-11-11,Data Clerk
FCT002,GENERAL HOSPITAL BWARI,FCT,BWARI,2023-01-31,2023,1,1,94.0,2.0,1.0,613,2,26.0,0,0,474.0,5,486.0,300.0,253.0,2023-02-13,M&E Officer
AKS012,COTTAGE HOSPITAL ORON II,AKWA IBOM,ORON,2023-12-31,2023,12,4,605.0,30.0,25.0,1063,3,84.0,2,1,672.0,16,772.0,696.0,615.0,2024-01-21,Data Clerk
RIV011,MODEL PRIMARY HEALTH CENTRE DEGEMA II,RIVERS,DEGEMA,2023-11-30,2023,11,4,311.0,17.0,13.0,896,4,64.0,1,0,521.0,13,658.0,418.0,393.0,2023-12-15,Data Clerk
CRS008,COTTAGE HOSPITAL OGOJA II,CROSS RIVER,OGOJA,2022-02-28,2022,2,1,509.0,16.0,11.0,2407,24,117.0,4,3,1767.0,44,1653.0,1019.0,925.0,2022-03-21,M&E Officer
AKS014,PRIMARY HEALTH CENTRE IKONO II,AKWA IBOM,IKONO,2022-10-31,2022,10,4,226.0,8.0,6.0,601,3,66.0,1,0,378.0,8,463.0,386.0,343.0,2022-11-29,Facility Focal Person
LAG012,PRIMARY HEALTH CENTRE ALIMOSHO II,LAGOS,ALIMOSHO,2023-12-31,2023,12,4,233.0,11.0,8.0,646,5,29.0,1,0,453.0,7,546.0,490.0,476.0,2024-01-18,Facility Focal Person
CRS007,MODEL PRIMARY HEALTH CENTRE IKOM II,CROSS RIVER,IKOM,2022-01-31,2022,1,1,73.0,1.0,0.0,313,2,7.0,1,0,261.0,4,221.0,203.0,187.0,2022-02-16,M&E Officer
LAG003,TEACHING HOSPITAL BADAGRY,LAGOS,BADAGRY,2022-05-31,2022,5,2,2138.0,70.0,53.0,6040,59,265.0,7,6,5211.0,74,4873.0,2746.0,2284.0,2022-06-16,Data Clerk
TMP001,COTTAGE HOSPITAL OGOJA II,CROSS RIVER,OGOJA,2023-09-30,2023,9,3,527.0,32.0,26.0,2166,34,71.0,3,2,1441.0,23,1614.0,1050.0,1019.0,2023-11-15,Facility Focal Person
CRS008,COTTAGE HOSPITAL OGOJA II,CROSS RIVER,OGOJA,2022-11-01,2022,11,4,427.0,17.0,14.0,2294,44,47.0,2,1,2044.0,32,1684.0,1293.0,1191.0,2022-12-13,Data Clerk
BEN011,MODEL PRIMARY HEALTH CENTRE KATSINA-ALA II,BENUE,KATSINA-ALA,2024-12-31,2024,12,4,289.0,12.0,8.0,407,5,61.0,1,0,378.0,5,365.0,237.0,222.0,2025-01-13,M&E Officer
FCT013,COTTAGE HOSPITAL GWAGWALADA II,FCT,GWAGWALADA,2023-02-28,2023,2,1,773.0,6.0,5.0,1365,3,90.0,1,0,1258.0,25,1206.0,875.0,726.0,2023-03-13,Data Clerk
BEN004,GENERAL HOSPITAL OKPOKWU,BENUE,OKPOKWU,2023-03-31,2023,3,1,1304.0,8.0,7.0,384,1,330.0,2,1,335.0,4,327.0,267.0,258.0,2023-04-18,M&E Officer
FCT008,TEACHING HOSPITAL GWAGWALADA II,FCT,GWAGWALADA,2024-07-31,2024,7,3,979.0,46.0,45.0,4742,12,206.0,7,6,2775.0,45,3450.0,2914.0,2640.0,2024-08-29,M&E Officer
FCT014,GENERAL HOSPITAL KUJE II,FCT,KUJE,2022-03-31,2022,3,1,,39.0,30.0,,32,204.0,4,3,2023.0,33,2295.0,1931.0,1609.0,2022-04-15,M&E Officer
LAG002,SPECIALIST HOSPITAL LAGOS ISLAND,LAGOS,LAGOS ISLAND,2023-06-30,2023,6,2,2533.0,135.0,126.0,5872,113,704.0,20,18,5473.0,99,5396.0,3679.0,3156.0,2023-07-13,M&E Officer
NAS014,TEACHING HOSPITAL AKWANGA II,NASARAWA,AKWANGA,2023-06-30,2023,6,2,2285.0,96.0,77.0,4854,61,571.0,16,15,3712.0,77,4103.0,2505.0,2061.0,2023-07-29,Data Clerk
LAG010,PRIMARY HEALTH CENTRE SURULERE II,LAGOS,SURULERE,2024-07-31,2024,7,3,739.0,33.0,27.0,984,9,169.0,4,3,705.0,12,877.0,502.0,452.0,2024-08-11,M&E Officer
KAD012,COMPREHENSIVE HEALTH CENTRE KADUNA SOUTH II,KADUNA,KADUNA SOUTH,2023-10-31,2023,10,4,424.0,6.0,4.0,632,12,128.0,2,1,424.0,5,573.0,435.0,358.0,2023-11-29,Data Clerk
LAG015,MODEL PRIMARY HEALTH CENTRE BADAGRY II,LAGOS,BADAGRY,2024-08-31,2024,8,3,290.0,6.0,,1084,12,66.0,1,0,848.0,16,807.0,741.0,628.0,2024-09-11,Data Clerk
RIV008,TEACHING HOSPITAL OBIO/AKPOR II,RIVERS,OBIO/AKPOR,2024-05-31,2024,5,2,2405.0,110.0,86.0,4106,70,589.0,19,18,2415.0,42,3205.0,3013.0,2935.0,2024-06-11,M&E Officer
LAG011,COTTAGE HOSPITAL AGEGE II,LAGOS,AGEGE,2023-10-31,2023,10,4,587.0,10.0,8.0,1659,7,145.0,0,0,1390.0,20,1195.0,1037.0,939.0,2023-11-13,Facility Focal Person
KAD010,COTTAGE HOSPITAL CHIKUN II,KADUNA,CHIKUN,2024-11-01,2024,11,4,210.0,8.0,5.0,968,5,21.0,0,0,698.0,13,794.0,603.0,544.0,2024-12-11,Data Clerk
BEN005,MODEL PRIMARY HEALTH CENTRE KATSINA-ALA,BENUE,KATSINA-ALA,2024-05-31,2024,5,2,681.0,20.0,17.0,562,10,175.0,1,0,495.0,8,438.0,273.0,250.0,2024-06-16,Data Clerk
CRS007,MODEL PRIMARY HEALTH CENTRE IKOM II,CROSS RIVER,IKOM,2024-06-01,2024,6,2,137.0,1.0,0.0,306,4,20.0,0,0,184.0,1,275.0,218.0,206.0,2024-07-21,Data Clerk
KAD001,MODEL PRIMARY HEALTH CENTRE KADUNA NORTH,KADUNA,KADUNA NORTH,2023-05-31,2023,5,2,205.0,4.0,3.0,769,5,58.0,0,0,621.0,11,649.0,376.0,316.0,2023-06-18,Data Clerk
RIV013,MISSION HOSPITAL PORT HARCOURT II,RIVERS,PORT HARCOURT,2023-09-30,2023,9,3,628.0,17.0,12.0,2131,34,112.0,3,2,1358.0,30,1688.0,1110.0,990.0,2023-10-21,Data Clerk
FCT001,MISSION HOSPITAL AMAC,FCT,AMAC,2024-11-30,2024,11,4,936.0,10.0,8.0,1164,8,158.0,2,1,999.0,16,892.0,843.0,756.0,2024-12-13,Facility Focal Person
NAS010,TEACHING HOSPITAL NASARAWA II,NASARAWA,NASARAWA,2024-03-31,2024,3,1,2521.0,130.0,99.0,5352,49,417.0,14,11,4482.0,87,4815.0,4432.0,4100.0,2024-04-18,Data Clerk
RIV015,SPECIALIST HOSPITAL KHANA II,RIVERS,KHANA,2022-03-31,2022,3,1,350.0,14.0,10.0,2481,40,54.0,0,0,2160.0,39,2051.0,1274.0,1168.0,2022-04-29,Data Clerk
LAG008,COTTAGE HOSPITAL LAGOS ISLAND II,LAGOS,LAGOS ISLAND,2023-09-30,2023,9,3,68.0,1.0,0.0,778,1,15.0,0,0,729.0,12,653.0,464.0,391.0,2023-10-11,Facility Focal Person
FCT009,MODEL PRIMARY HEALTH CENTRE KUJE II,FCT,KUJE,2024-02-29,2024,2,1,133.0,11.0,8.0,473,9,29.0,1,0,413.0,10,361.0,336.0,300.0,2024-03-15,Facility Focal Person
KAD005,COTTAGE HOSPITAL CHIKUN,KADUNA,CHIKUN,2022-08-31,2022,8,3,605.0,12.0,10.0,292,5,103.0,0,0,202.0,3,224.0,179.0,149.0,2022-09-16,M&E Officer
RIV003,COMPREHENSIVE HEALTH CENTRE KHANA,RIVERS,KHANA,2022-04-01,2022,4,2,271.0,16.0,12.0,1074,4,85.0,1,0,596.0,11,733.0,536.0,449.0,2022-05-16,Facility Focal Person
BEN007,SPECIALIST HOSPITAL MAKURDI II,BENUE,MAKURDI,2024-03-31,2024,3,1,320.0,9.0,7.0,1879,21,85.0,1,0,1328.0,17,1634.0,1499.0,1465.0,2024-04-15,Data Clerk
LAG007,PRIMARY HEALTH CENTRE IKORODU II,LAGOS,IKORODU,2024-08-31,2024,8,3,452.0,14.0,10.0,638,3,100.0,2,1,575.0,10,578.0,325.0,296.0,2024-09-15,Data Clerk
FCT006,MISSION HOSPITAL AMAC II,FCT,AMAC,2022-08-31,2022,8,3,868.0,25.0,19.0,2308,7,178.0,1,0,1502.0,35,1760.0,1034.0,984.0,2022-09-11,Facility Focal Person
FCT009,MODEL PRIMARY HEALTH CENTRE KUJE II,FCT,KUJE,2022-06-30,2022,6,2,117.0,12.0,9.0,440,5,34.0,0,0,363.0,9,327.0,331.0,161.0,2022-07-16,Data Clerk
LAG015,MODEL PRIMARY HEALTH CENTRE BADAGRY II,LAGOS,BADAGRY,2023-05-31,2023,5,2,248.0,4.0,3.0,1075,8,63.0,5,4,739.0,15,858.0,561.0,514.0,2023-06-21,Data Clerk
RIV014,COTTAGE HOSPITAL OBIO/AKPOR II,RIVERS,OBIO/AKPOR,2023-03-31,2023,3,1,983.0,6.0,5.0,628,6,145.0,1,0,467.0,10,489.0,382.0,333.0,2023-04-24,Data Clerk
LAG005,MISSION HOSPITAL AGEGE,LAGOS,AGEGE,2023-01-31,2023,1,1,578.0,24.0,21.0,1591,23,162.0,3,2,1378.0,25,1103.0,866.0,768.0,2023-02-11,Data Clerk
BEN014,COMPREHENSIVE HEALTH CENTRE GBOKO II,BENUE,GBOKO,2022-01-31,2022,1,1,422.0,5.0,4.0,908,13,92.0,1,0,785.0,9,651.0,546.0,522.0,2022-02-25,M&E Officer
AKS004,COMPREHENSIVE HEALTH CENTRE ETINAN,AKWA IBOM,ETINAN,2023-12-31,2023,12,4,171.0,6.0,4.0,954,7,28.0,2,1,716.0,12,798.0,697.0,580.0,2024-01-11,Facility Focal Person
CRS005,TEACHING HOSPITAL AKAMKPA,CROSS RIVER,AKAMKPA,2024-10-01,2024,10,4,975.0,40.0,29.0,4078,45,98.0,2,1,2251.0,37,3461.0,3134.0,2665.0,2024-11-29,M&E Officer
AKS003,MODEL PRIMARY HEALTH CENTRE EKET,AKWA IBOM,EKET,2022-06-30,2022,6,2,490.0,8.0,7.0,166,2,123.0,1,0,125.0,1,134.0,102.0,95.0,2022-07-29,Facility Focal Person
KAD006,SPECIALIST HOSPITAL KADUNA NORTH II,KADUNA,KADUNA NORTH,2023-11-30,2023,11,4,1192.0,14.0,11.0,1677,17,279.0,1,0,1390.0,19,1356.0,1055.0,879.0,2023-12-29,Facility Focal Person
LAG013,SPECIALIST HOSPITAL IKORODU II,LAGOS,IKORODU,2022-05-31,2022,5,2,2046.0,72.0,60.0,5919,48,322.0,348,3,3509.0,71,4759.0,3434.0,3011.0,2022-06-15,Data Clerk
NAS003,COTTAGE HOSPITAL KEFFI,NASARAWA,KEFFI,2023-04-30,2023,4,2,337.0,11.0,9.0,1671,17,78.0,0,0,1009.0,19,1429.0,1260.0,1195.0,2023-05-21,Facility Focal Person
RIV006,COTTAGE HOSPITAL ELEME,RIVERS,ELEME,2022-05-01,2022,5,2,1425.0,61.0,60.0,2335,30,313.0,6,5,1411.0,28,1592.0,1104.0,1024.0,2022-06-11,M&E Officer
BEN007,SPECIALIST HOSPITAL MAKURDI II,BENUE,MAKURDI,2023-11-30,2023,11,4,251.0,1.0,0.0,1980,36,67.0,2,1,1554.0,25,1632.0,1192.0,1104.0,2023-12-16,M&E Officer
CRS011,COMPREHENSIVE HEALTH CENTRE CALABAR MUNICIPAL II,CROSS RIVER,CALABAR MUNICIPAL,2024-06-30,2024,6,2,471.0,8.0,7.0,498,0,76.0,1,0,379.0,9,383.0,344.0,322.0,2024-07-11,Facility Focal Person
LAG007,PRIMARY HEALTH CENTRE IKORODU II,LAGOS,IKORODU,2023-08-01,2023,8,3,534.0,25.0,22.0,530,4,112.0,4,3,420.0,6,400.0,349.0,290.0,2023-09-18,Data Clerk
FCT005,PRIMARY HEALTH CENTRE ABAJI,FCT,ABAJI,2023-06-30,2023,6,2,650.0,20.0,15.0,527,6,65.0,1,0,419.0,6,478.0,272.0,228.0,2023-07-13,Facility Focal Person
CRS012,MODEL PRIMARY HEALTH CENTRE IKOM II,CROSS RIVER,IKOM,2022-06-30,2022,6,2,571.0,8.0,6.0,824,3,142.0,2,1,682.0,17,565.0,318.0,294.0,2022-07-16,M&E Officer
NAS005,MISSION HOSPITAL NASARAWA,NASARAWA,NASARAWA,2023-09-30,2023,9,3,1285.0,30.0,25.0,564,4,247.0,1,0,485.0,9,484.0,,289.0,2023-10-21,Data Clerk
BEN009,PRIMARY HEALTH CENTRE OTUKPO II,BENUE,OTUKPO,2022-09-30,2022,9,3,272.0,9.0,6.0,473,3,60.0,1,0,349.0,6,416.0,304.0,296.0,2022-10-11,M&E Officer
LAG007,PRIMARY HEALTH CENTRE IKORODU II,LAGOS,IKORODU,2023-12-31,2023,12,4,358.0,10.0,8.0,579,11,66.0,0,0,495.0,6,438.0,312.0,301.0,2024-01-13,Facility Focal Person
KAD008,MODEL PRIMARY HEALTH CENTRE ZARIA II,KADUNA,ZARIA,2023-06-30,2023,6,2,318.0,19.0,16.0,1194,12,44.0,1,0,1029.0,19,970.0,569.0,470.0,2023-07-21,Facility Focal Person
BEN007,SPECIALIST HOSPITAL MAKURDI II,BENUE,MAKURDI,2024-04-30,2024,4,2,295.0,5.0,4.0,1852,31,86.0,1,0,1216.0,19,1692.0,1196.0,1127.0,2024-05-13,Facility Focal Person
FCT012,MISSION HOSPITAL BWARI II,FCT,BWARI,2022-09-30,2022,9,3,764.0,24.0,20.0,2718,11,148.0,1,0,2212.0,49,2479.0,1397.0,1333.0,2022-10-16,Data Clerk
AKS014,PRIMARY HEALTH CENTRE IKONO II,AKWA IBOM,IKONO,2023-08-31,2023,8,3,179.0,6.0,4.0,612,9,52.0,1,0,338.0,8,464.0,361.0,328.0,2023-09-13,Data Clerk
NAS003,COTTAGE HOSPITAL KEFFI,NASARAWA,KEFFI,2024-12-31,2024,12,4,331.0,2.0,1.0,1406,14,73.0,1,0,,28,1246.0,1007.0,984.0,2025-01-13,Data Clerk
CRS006,PRIMARY HEALTH CENTRE CALABAR MUNICIPAL II,CROSS RIVER,CALABAR MUNICIPAL,2023-10-31,2023,10,4,404.0,29.0,23.0,1357,7,47.0,1,0,930.0,14,1022.0,703.0,685.0,2023-11-18,M&E Officer
NAS999,COMPREHENSIVE HEALTH CENTRE ETINAN II,AKWA IBOM,ETINAN,2023-04-30,2023,4,2,98.0,6.0,5.0,312,5,30.0,0,0,281.0,10,275.0,154.0,136.0,2023-05-13,Data Clerk
LAG009,MISSION HOSPITAL BADAGRY II,LAGOS,BADAGRY,2022-05-31,2022,5,2,538.0,13.0,10.0,2786,46,132.0,3,2,1645.0,25,2103.0,1621.0,1516.0,2022-06-16,Data Clerk
NAS999,GENERAL HOSPITAL EKET II,AKWA IBOM,EKET,2022-10-31,2022,10,4,488.0,10.0,9.0,1773,7,79.0,2,1,1099.0,18,1518.0,1337.0,1204.0,2022-11-13,Data Clerk
CRS010,COMPREHENSIVE HEALTH CENTRE AKAMKPA II,CROSS RIVER,AKAMKPA,2022-11-30,2022,11,4,67.0,2.0,1.0,406,8,20.0,1,0,318.0,7,315.0,224.0,206.0,2022-12-13,Data Clerk
CRS012,MODEL PRIMARY HEALTH CENTRE IKOM II,CROSS RIVER,IKOM,2023-05-31,2023,5,2,523.0,4.0,3.0,797,6,106.0,2,1,727.0,11,730.0,542.0,455.0,2023-06-13,Data Clerk
FCT006,MISSION HOSPITAL AMAC II,FCT,AMAC,2024-06-30,2024,6,2,1176.0,41.0,29.0,2141,42,145.0,3,2,1511.0,27,1881.0,1762.0,1483.0,2024-07-13,Data Clerk
BEN015,PRIMARY HEALTH CENTRE OTUKPO II,BENUE,OTUKPO,2024-01-31,2024,1,1,155.0,9.0,6.0,742,10,29.0,0,0,,12,526.0,415.0,376.0,2024-02-13,Data Clerk
BEN002,SPECIALIST HOSPITAL GBOKO,BENUE,GBOKO,2022-03-31,2022,3,1,1908.0,31.0,25.0,4983,67,298.0,2,1,4093.0,62,3882.0,3495.0,2981.0,2022-04-13,Data Clerk
NAS015,SPECIALIST HOSPITAL NASARAWA II,NASARAWA,NASARAWA,2023-09-30,2023,9,3,,42.0,35.0,3213,36,315.0,5,4,2176.0,46,2863.0,2547.0,2124.0,2023-10-29,Facility Focal Person
LAG010,PRIMARY HEALTH CENTRE SURULERE II,LAGOS,SURULERE,2022-04-30,2022,4,2,441.0,12.0,10.0,902,4,89.0,4,3,556.0,13,,679.0,619.0,2022-05-13,Data Clerk
KAD008,MODEL PRIMARY HEALTH CENTRE ZARIA II,KADUNA,ZARIA,2022-11-01,2022,11,4,354.0,19.0,18.0,1225,4,84.0,2,1,836.0,16,1048.0,930.0,821.0,2022-12-21,Data Clerk
CRS010,COMPREHENSIVE HEALTH CENTRE AKAMKPA II,CROSS RIVER,AKAMKPA,2024-01-31,2024,1,1,64.0,1.0,0.0,364,7,12.0,0,0,275.0,9,320.0,234.0,205.0,2024-02-21,Data Clerk
CRS011,COMPREHENSIVE HEALTH CENTRE CALABAR MUNICIPAL II,CROSS RIVER,CALABAR MUNICIPAL,2022-06-30,2022,6,2,390.0,6.0,5.0,450,4,102.0,0,0,406.0,7,366.0,343.0,290.0,2022-07-16,Facility Focal Person
FCT007,SPECIALIST HOSPITAL BWARI II,FCT,BWARI,2022-05-31,2022,5,2,1793.0,44.0,-10.0,4515,59,384.0,7,5,4124.0,77,3287.0,2266.0,2212.0,2022-06-18,Facility Focal Person
NAS007,GENERAL HOSPITAL KARU II,NASARAWA,KARU,2023-05-31,2023,5,2,704.0,3.0,2.0,2271,32,143.0,0,0,1763.0,34,1902.0,1286.0,1094.0,2023-06-11,Data Clerk
BEN008,TEACHING HOSPITAL GBOKO II,BENUE,GBOKO,2023-03-01,2023,3,1,,69.0,67.0,6163,46,487.0,7,5,5222.0,84,4685.0,3915.0,3463.0,2023-04-11,Data Clerk
AKS009,PRIMARY HEALTH CENTRE IKOT EKPENE II,AKWA IBOM,IKOT EKPENE,2024-09-30,2024,9,3,106.0,6.0,5.0,233,2,25.0,0,0,179.0,2,209.0,152.0,145.0,2024-10-18,Facility Focal Person
LAG001,PRIMARY HEALTH CENTRE IKORODU,LAGOS,IKORODU,2022-04-30,2022,4,2,397.0,18.0,16.0,199,2,83.0,0,0,182.0,2,176.0,155.0,146.0,2022-05-15,Facility Focal Person
NAS003,COTTAGE HOSPITAL KEFFI,NASARAWA,KEFFI,2024-01-31,2024,1,1,280.0,4.0,2.0,1561,25,63.0,0,0,1284.0,25,1182.0,1014.0,837.0,2024-02-15,Data Clerk
LAG013,SPECIALIST HOSPITAL IKORODU II,LAGOS,IKORODU,2023-01-31,2023,1,1,1454.0,58.0,52.0,,89,371.0,13,10,3677.0,68,4511.0,2821.0,,2023-02-16,Facility Focal Person
KAD007,MODEL PRIMARY HEALTH CENTRE KADUNA SOUTH II,KADUNA,KADUNA SOUTH,2024-10-31,2024,10,4,317.0,17.0,15.0,1132,6,46.0,0,0,730.0,11,818.0,454.0,389.0,2024-11-18,Data Clerk
FCT002,GENERAL HOSPITAL BWARI,FCT,BWARI,2024-04-30,2024,4,2,141.0,9.0,7.0,573,7,29.0,1,0,543.0,14,524.0,417.0,371.0,2024-05-11,M&E Officer
LAG002,SPECIALIST HOSPITAL LAGOS ISLAND,LAGOS,LAGOS ISLAND,2023-10-01,2023,10,4,1558.0,92.0,88.0,5819,96,234.0,5,4,5357.0,97,4938.0,3216.0,2976.0,2023-11-11,M&E Officer
LAG010,PRIMARY HEALTH CENTRE SURULERE II,LAGOS,SURULERE,2022-03-31,2022,3,1,395.0,18.0,13.0,896,17,80.0,2,1,627.0,12,710.0,421.0,404.0,2022-04-15,Facility Focal Person
AKS008,PRIMARY HEALTH CENTRE UYO II,AKWA IBOM,UYO,2022-09-30,2022,9,3,88.0,1.0,0.0,84,1,16.0,0,0,69.0,2,68.0,57.0,53.0,2022-10-16,M&E Officer
CRS014,COMPREHENSIVE HEALTH CENTRE OBUDU II,CROSS RIVER,OBUDU,2023-09-30,2023,9,3,303.0,9.0,6.0,154,1,61.0,0,0,92.0,1,110.0,77.0,64.0,2023-10-11,Facility Focal Person
RIV005,MISSION HOSPITAL DEGEMA,RIVERS,DEGEMA,2022-06-30,2022,6,2,210.0,9.0,7.0,1501,15,26.0,1,0,1020.0,28,1096.0,645.0,576.0,2022-07-16,M&E Officer
RIV011,MODEL PRIMARY HEALTH CENTRE DEGEMA II,RIVERS,DEGEMA,2022-02-28,2022,2,1,238.0,9.0,8.0,873,5,29.0,1,0,781.0,11,707.0,589.0,554.0,2022-03-21,Data Clerk
FCT005,PRIMARY HEALTH CENTRE ABAJI,FCT,ABAJI,2022-07-31,2022,7,3,595.0,9.0,7.0,501,2,104.0,0,0,426.0,8,412.0,274.0,230.0,2022-08-15,Facility Focal Person
LAG012,PRIMARY HEALTH CENTRE ALIMOSHO II,LAGOS,ALIMOSHO,2023-03-01,2023,3,1,214.0,15.0,13.0,634,10,31.0,2,1,360.0,5,461.0,406.0,353.0,2023-04-21,Data Clerk
KAD006,SPECIALIST HOSPITAL KADUNA NORTH II,KADUNA,KADUNA NORTH,2023-05-31,2023,5,2,,19.0,13.0,1618,23,654.0,6,4,1500.0,29,1134.0,845.0,695.0,2023-06-15,M&E Officer
AKS004,COMPREHENSIVE HEALTH CENTRE ETINAN,AKWA IBOM,ETINAN,2024-07-31,2024,7,3,293.0,296.0,9.0,950,13,65.0,4,3,534.0,12,686.0,517.0,436.0,2024-08-16,M&E Officer
LAG009,MISSION HOSPITAL BADAGRY II,LAGOS,BADAGRY,2023-02-01,2023,2,1,370.0,411.0,5.0,2597,22,58.0,1,0,1876.0,25,2327.0,2186.0,2055.0,2023-03-21,M&E Officer
LAG006,SPECIALIST HOSPITAL ALIMOSHO,LAGOS,ALIMOSHO,2024-09-30,2024,9,3,1077.0,17.0,12.0,4486,54,164.0,2,1,3490.0,70,3885.0,2321.0,2109.0,2024-10-13,Facility Focal Person
BEN014,COMPREHENSIVE HEALTH CENTRE GBOKO II,BENUE,GBOKO,2024-06-30,2024,6,2,488.0,5.0,4.0,751,14,119.0,0,0,443.0,10,577.0,389.0,378.0,2024-07-13,Data Clerk
AKS009,PRIMARY HEALTH CENTRE IKOT EKPENE II,AKWA IBOM,IKOT EKPENE,2024-08-31,2024,8,3,71.0,2.0,1.0,230,3,14.0,0,0,207.0,5,173.0,129.0,112.0,2024-09-18,M&E Officer
RIV004,MODEL PRIMARY HEALTH CENTRE AHOADA EAST,RIVERS,AHOADA EAST,2022-06-30,2022,6,2,564.0,642.0,8.0,874,3,126.0,2,1,828.0,19,654.0,517.0,496.0,2022-07-13,Data Clerk
LAG015,MODEL PRIMARY HEALTH CENTRE BADAGRY II,LAGOS,BADAGRY,2023-06-30,2023,6,2,264.0,12.0,11.0,1080,6,76.0,3,2,936.0,14,782.0,615.0,524.0,2023-07-13,M&E Officer
CRS013,MISSION HOSPITAL OGOJA II,CROSS RIVER,OGOJA,2022-05-31,2022,5,2,192.0,4.0,3.0,895,6,52.0,1,0,644.0,12,713.0,587.0,529.0,2022-06-13,Data Clerk
RIV001,MODEL PRIMARY HEALTH CENTRE PORT HARCOURT,RIVERS,PORT HARCOURT,2023-07-31,2023,7,3,120.0,1.0,0.0,961,3,28.0,0,0,565.0,1,864.0,791.0,704.0,2023-08-13,Data Clerk
FCT001,MISSION HOSPITAL AMAC,FCT,AMAC,2024-08-31,2024,8,3,1037.0,3.0,2.0,1162,18,243.0,0,0,902.0,19,945.0,557.0,467.0,2024-09-15,M&E Officer
AKS004,COMPREHENSIVE HEALTH CENTRE ETINAN,AKWA IBOM,ETINAN,2022-05-31,2022,5,2,235.0,9.0,7.0,990,10,73.0,2,1,602.0,11,919.0,713.0,678.0,2022-06-15,Data Clerk
AKS015,MISSION HOSPITAL UYO II,AKWA IBOM,UYO,2024-04-30,2024,4,2,737.0,23.0,19.0,2436,18,93.0,5,4,1985.0,37,1759.0,1018.0,996.0,2024-05-11,M&E Officer
AKS007,TEACHING HOSPITAL IKONO,AKWA IBOM,IKONO,2022-09-30,2022,9,3,913.0,15.0,14.0,6495,42,225.0,2,1,6130.0,101,5831.0,3841.0,3181.0,2022-10-13,Facility Focal Person
RIV006,COTTAGE HOSPITAL ELEME,RIVERS,ELEME,2022-04-30,2022,4,2,1147.0,61.0,59.0,2305,25,200.0,8,6,1500.0,38,1631.0,1233.0,1166.0,2022-05-11,Facility Focal Person
NAS002,COTTAGE HOSPITAL KARU,NASARAWA,KARU,2024-09-30,2024,9,3,418.0,3.0,2.0,289,4,99.0,0,0,161.0,2,240.0,145.0,120.0,2024-10-15,Facility Focal Person
KAD006,SPECIALIST HOSPITAL KADUNA NORTH II,KADUNA,KADUNA NORTH,2022-08-31,2022,8,3,1716.0,32.0,28.0,1588,11,376.0,5,4,1105.0,23,1210.0,948.0,864.0,2022-09-11,Data Clerk
NAS009,COTTAGE HOSPITAL AKWANGA II,NASARAWA,AKWANGA,2024-06-30,2024,6,2,1472.0,11.0,7.0,482,6,308.0,2,1,359.0,8,441.0,294.0,273.0,2024-08-15,Data Clerk
BEN010,MODEL PRIMARY HEALTH CENTRE OKPOKWU II,BENUE,OKPOKWU,2024-10-31,2024,10,4,351.0,8.0,7.0,703,3,64.0,1,0,424.0,6,562.0,318.0,307.0,2024-11-16,Data Clerk
FCT007,SPECIALIST HOSPITAL BWARI II,FCT,BWARI,2022-02-28,2022,2,1,1670.0,39.0,29.0,,31,422.0,10,9,2806.0,62,,2404.0,2017.0,2022-03-16,Facility Focal Person
CRS013,MISSION HOSPITAL OGOJA II,CROSS RIVER,OGOJA,2023-09-01,2023,9,3,189.0,3.0,2.0,784,8,,1,0,719.0,11,676.0,464.0,404.0,2023-10-16,Facility Focal Person
CRS004,COMPREHENSIVE HEALTH CENTRE OBUDU,CROSS RIVER,OBUDU,2024-07-31,2024,7,3,262.0,8.0,5.0,456,8,33.0,0,0,377.0,12,398.0,234.0,226.0,2024-08-11,Facility Focal Person
NAS001,MODEL PRIMARY HEALTH CENTRE LAFIA,NASARAWA,LAFIA,2024-01-31,2024,1,1,123.0,0.0,0.0,415,5,38.0,0,0,350.0,5,366.0,329.0,275.0,2024-02-15,Facility Focal Person
BEN011,MODEL PRIMARY HEALTH CENTRE KATSINA-ALA II,BENUE,KATSINA-ALA,2023-11-30,2023,11,4,207.0,7.0,5.0,358,3,49.0,1,0,216.0,4,328.0,266.0,232.0,2023-12-15,Facility Focal Person
XXX999,COMPREHENSIVE HEALTH CENTRE KADUNA SOUTH II,KADUNA,KADUNA SOUTH,2022-09-30,2022,9,3,442.0,10.0,8.0,657,4,127.0,1,0,443.0,2,454.0,377.0,320.0,2022-10-11,Data Clerk
BEN010,MODEL PRIMARY HEALTH CENTRE OKPOKWU II,BENUE,OKPOKWU,2023-04-30,2023,4,2,302.0,2.0,1.0,757,6,58.0,2,1,481.0,6,690.0,569.0,531.0,2023-05-16,M&E Officer
KAD002,TEACHING HOSPITAL KADUNA SOUTH,KADUNA,KADUNA SOUTH,2024-07-31,2024,7,3,1952.0,25.0,18.0,3628,37,264.0,2,1,2282.0,43,3117.0,2622.0,2355.0,2024-08-18,M&E Officer
RIV009,MISSION HOSPITAL KHANA II,RIVERS,KHANA,2023-07-31,2023,7,3,489.0,5.0,4.0,798,12,62.0,0,0,730.0,15,600.0,511.0,441.0,2023-08-13,Data Clerk
AKS006,PRIMARY HEALTH CENTRE ABAK,AKWA IBOM,ABAK,2023-02-01,2023,2,1,438.0,12.0,9.0,331,5,51.0,0,0,182.0,4,257.0,143.0,132.0,2023-03-13,Facility Focal Person
BEN011,MODEL PRIMARY HEALTH CENTRE KATSINA-ALA II,BENUE,KATSINA-ALA,2024-05-31,2024,5,2,258.0,8.0,7.0,384,6,53.0,0,0,260.0,5,263.0,228.0,212.0,2024-06-16,Facility Focal Person
FCT013,COTTAGE HOSPITAL GWAGWALADA II,FCT,GWAGWALADA,2024-10-31,2024,10,4,950.0,16.0,14.0,1250,23,,4,3,1001.0,14,978.0,732.0,669.0,2024-11-15,Facility Focal Person
RIV012,PRIMARY HEALTH CENTRE ELEME II,RIVERS,ELEME,2022-11-30,2022,11,4,506.0,27.0,20.0,907,14,105.0,3,2,552.0,13,776.0,561.0,461.0,2022-12-21,Data Clerk
LAG012,PRIMARY HEALTH CENTRE ALIMOSHO II,LAGOS,ALIMOSHO,2022-10-31,2022,10,4,235.0,9.0,6.0,628,2,44.0,1,0,378.0,5,513.0,413.0,354.0,2022-11-13,Data Clerk
FCT011,COTTAGE HOSPITAL AMAC II,FCT,AMAC,2024-12-31,2024,12,4,295.0,11.0,8.0,1947,28,70.0,1,0,1166.0,14,1695.0,1503.0,1381.0,2025-01-29,Facility Focal Person
LAG001,PRIMARY HEALTH CENTRE IKORODU,LAGOS,IKORODU,2023-02-28,2023,2,1,380.0,7.0,6.0,263,3,39.0,1,0,166.0,1,215.0,161.0,151.0,2023-03-16,M&E Officer
KAD007,MODEL PRIMARY HEALTH CENTRE KADUNA SOUTH II,KADUNA,KADUNA SOUTH,2023-05-31,2023,5,2,184.0,13.0,11.0,,5,27.0,0,0,632.0,11,817.0,673.0,649.0,2023-06-13,Data Clerk
AKS004,COMPREHENSIVE HEALTH CENTRE ETINAN,AKWA IBOM,ETINAN,2022-10-31,2022,10,4,195.0,3.0,2.0,978,13,33.0,2,1,624.0,10,780.0,668.0,564.0,2022-11-16,Data Clerk
RIV003,COMPREHENSIVE HEALTH CENTRE KHANA,RIVERS,KHANA,2024-10-31,2024,10,4,385.0,19.0,13.0,1090,18,58.0,1,0,613.0,11,830.0,704.0,617.0,2024-11-15,Data Clerk
LAG008,COTTAGE HOSPITAL LAGOS ISLAND II,LAGOS,LAGOS ISLAND,2022-03-31,2022,3,1,98.0,2.0,1.0,880,17,23.0,0,0,713.0,11,612.0,483.0,439.0,2022-04-18,M&E Officer
AKS001,COMPREHENSIVE HEALTH CENTRE UYO,AKWA IBOM,UYO,2022-04-30,2022,4,2,529.0,4.0,3.0,309,3,87.0,0,0,217.0,1,226.0,151.0,139.0,2022-05-11,Data Clerk
TMP001,MODEL PRIMARY HEALTH CENTRE EKET,AKWA IBOM,EKET,2022-03-31,2022,3,1,505.0,17.0,14.0,143,1,74.0,0,0,94.0,5,104.0,65.0,57.0,2022-04-15,Facility Focal Person
LAG004,COMPREHENSIVE HEALTH CENTRE SURULERE,LAGOS,SURULERE,2024-08-31,2024,8,3,593.0,622.0,5.0,612,10,189.0,2,1,517.0,11,440.0,291.0,262.0,2024-09-15,Facility Focal Person
AKS013,MODEL PRIMARY HEALTH CENTRE ABAK II,AKWA IBOM,ABAK,2024-12-31,2024,12,4,386.0,13.0,10.0,729,3,81.0,0,0,620.0,10,626.0,488.0,477.0,2025-01-13,Data Clerk
CRS005,TEACHING HOSPITAL AKAMKPA,CROSS RIVER,AKAMKPA,2023-05-31,2023,5,2,975.0,44.0,38.0,4228,80,,4,3,3236.0,71,3797.0,3043.0,2585.0,2023-06-16,Facility Focal Person
AKS001,COMPREHENSIVE HEALTH CENTRE UYO,AKWA IBOM,UYO,2022-06-30,2022,6,2,571.0,8.0,7.0,314,5,99.0,0,0,215.0,3,253.0,175.0,150.0,2022-07-29,Facility Focal Person
BEN005,MODEL PRIMARY HEALTH CENTRE KATSINA-ALA,BENUE,KATSINA-ALA,2024-03-31,2024,3,1,672.0,17.0,12.0,546,9,106.0,2,1,374.0,6,374.0,276.0,245.0,2024-04-11,M&E Officer
RIV011,MODEL PRIMARY HEALTH CENTRE DEGEMA II,RIVERS,DEGEMA,2023-08-01,2023,8,3,365.0,12.0,11.0,881,11,54.0,0,0,721.0,16,648.0,541.0,513.0,2023-09-18,Facility Focal Person
FCT013,COTTAGE HOSPITAL GWAGWALADA II,FCT,GWAGWALADA,2022-08-31,2022,8,3,897.0,11.0,8.0,1405,25,281.0,2,1,1271.0,24,988.0,675.0,586.0,2022-09-15,M&E Officer
AKS007,TEACHING HOSPITAL IKONO,AKWA IBOM,IKONO,2023-01-31,2023,1,1,716.0,7.0,5.0,6276,21,162.0,0,0,5936.0,113,5137.0,3711.0,3043.0,2023-02-11,Data Clerk
RIV015,SPECIALIST HOSPITAL KHANA II,RIVERS,KHANA,2023-08-31,2023,8,3,419.0,26.0,25.0,2356,25,52.0,4,3,2043.0,29,1749.0,1608.0,1452.0,2023-09-21,Data Clerk
FCT013,COTTAGE HOSPITAL GWAGWALADA II,FCT,GWAGWALADA,2022-03-31,2022,3,1,888.0,6.0,5.0,1409,17,186.0,1,0,1002.0,20,1264.0,758.0,625.0,2022-04-13,Facility Focal Person
AKS007,TEACHING HOSPITAL IKONO,AKWA IBOM,IKONO,2024-03-31,2024,3,1,1294.0,19.0,17.0,5450,51,291.0,3,2,4092.0,68,4961.0,,3442.0,2024-04-21,Data Clerk
KAD007,MODEL PRIMARY HEALTH CENTRE KADUNA SOUTH II,KADUNA,KADUNA SOUTH,2024-11-30,2024,11,4,258.0,11.0,9.0,1130,11,72.0,2,1,675.0,8,1030.0,731.0,672.0,2024-12-29,M&E Officer
CRS011,COMPREHENSIVE HEALTH CENTRE CALABAR MUNICIPAL II,CROSS RIVER,CALABAR MUNICIPAL,2023-04-30,2023,4,2,389.0,10.0,7.0,471,1,106.0,1,0,360.0,8,431.0,318.0,263.0,2023-05-15,Data Clerk
BEN003,GENERAL HOSPITAL OTUKPO,BENUE,OTUKPO,2022-09-30,2022,9,3,458.0,13.0,10.0,2521,38,66.0,2,1,2387.0,43,1924.0,1203.0,1041.0,2022-10-16,M&E Officer
CRS013,MISSION HOSPITAL OGOJA II,CROSS RIVER,OGOJA,2024-02-29,2024,2,1,196.0,3.0,2.0,761,2,25.0,0,0,629.0,9,691.0,451.0,426.0,2024-03-11,M&E Officer
NAS007,GENERAL HOSPITAL KARU II,NASARAWA,KARU,2022-05-31,2022,5,2,651.0,2.0,1.0,2618,47,133.0,1,0,2072.0,46,1916.0,1390.0,1335.0,2022-06-13,M&E Officer
CRS009,COMPREHENSIVE HEALTH CENTRE OBUDU II,CROSS RIVER,OBUDU,2023-05-31,2023,5,2,496.0,17.0,13.0,830,11,111.0,7,6,635.0,10,617.0,442.0,377.0,2023-06-13,M&E Officer
KAD006,SPECIALIST HOSPITAL KADUNA NORTH II,KADUNA,KADUNA NORTH,2023-03-31,2023,3,1,1755.0,24.0,19.0,1620,10,558.0,4,3,1017.0,23,1473.0,1308.0,1230.0,2023-04-15,M&E Officer
CRS006,PRIMARY HEALTH CENTRE CALABAR MUNICIPAL II,CROSS RIVER,CALABAR MUNICIPAL,2022-09-30,2022,9,3,465.0,25.0,20.0,1287,13,145.0,2,1,757.0,13,1148.0,887.0,804.0,2022-10-15,M&E Officer
FCT012,MISSION HOSPITAL BWARI II,FCT,BWARI,2022-12-31,2022,12,4,834.0,40.0,35.0,2734,22,178.0,9,8,2043.0,33,2045.0,1727.0,1601.0,2023-01-16,Facility Focal Person
FCT015,COMPREHENSIVE HEALTH CENTRE ABAJI II,FCT,ABAJI,2022-12-31,2022,12,4,106.0,4.0,3.0,827,16,21.0,0,0,625.0,11,688.0,574.0,516.0,2023-01-21,Data Clerk
BEN013,MODEL PRIMARY HEALTH CENTRE MAKURDI II,BENUE,MAKURDI,2023-07-31,2023,7,3,632.0,24.0,18.0,580,8,73.0,1,0,509.0,11,445.0,292.0,253.0,2023-08-21,Data Clerk
BEN015,PRIMARY HEALTH CENTRE OTUKPO II,BENUE,OTUKPO,2024-02-29,2024,2,1,153.0,6.0,5.0,742,5,27.0,2,1,624.0,6,574.0,537.0,514.0,2024-03-21,Facility Focal Person
NAS014,TEACHING HOSPITAL AKWANGA II,NASARAWA,AKWANGA,2024-02-29,2024,2,1,2156.0,77.0,74.0,4974,48,463.0,10,9,3044.0,42,4477.0,3102.0,2685.0,2024-03-15,Facility Focal Person
FCT005,PRIMARY HEALTH CENTRE ABAJI,FCT,ABAJI,2024-01-31,2024,1,1,423.0,10.0,7.0,536,6,48.0,1,0,356.0,6,439.0,265.0,246.0,2024-02-11,M&E Officer
KAD001,MODEL PRIMARY HEALTH CENTRE KADUNA NORTH,KADUNA,KADUNA NORTH,2023-02-28,2023,2,1,164.0,10.0,9.0,766,13,42.0,1,0,616.0,7,530.0,334.0,323.0,2023-03-11,M&E Officer
CRS013,MISSION HOSPITAL OGOJA II,CROSS RIVER,OGOJA,2023-06-30,2023,6,2,297.0,2.0,1.0,797,6,64.0,0,0,575.0,7,556.0,383.0,346.0,2023-07-29,M&E Officer
NAS008,COMPREHENSIVE HEALTH CENTRE KEFFI II,NASARAWA,KEFFI,2023-11-30,2023,11,4,51.0,0.0,0.0,802,12,10.0,0,0,748.0,16,562.0,315.0,268.0,2024-01-15,Data Clerk
CRS006,PRIMARY HEALTH CENTRE CALABAR MUNICIPAL II,CROSS RIVER,CALABAR MUNICIPAL,2024-12-31,2024,12,4,568.0,19.0,17.0,1446,3,117.0,5,3,802.0,16,1180.0,944.0,919.0,2025-01-21,M&E Officer
LAG011,COTTAGE HOSPITAL AGEGE II,LAGOS,AGEGE,2023-02-28,2023,2,1,452.0,8.0,7.0,1727,9,99.0,1,0,1081.0,15,1529.0,1077.0,1039.0,2023-03-21,Facility Focal Person
CRS014,COMPREHENSIVE HEALTH CENTRE OBUDU II,CROSS RIVER,OBUDU,2023-04-01,2023,4,2,409.0,4.0,3.0,137,1,92.0,3,2,86.0,3,101.0,89.0,78.0,2023-05-15,M&E Officer
FCT006,MISSION HOSPITAL AMAC II,FCT,AMAC,2024-03-01,2024,3,1,817.0,34.0,31.0,2166,14,147.0,2,1,1923.0,43,1576.0,1209.0,1106.0,2024-04-29,M&E Officer
LAG010,PRIMARY HEALTH CENTRE SURULERE II,LAGOS,SURULERE,2024-12-31,2024,12,4,511.0,17.0,16.0,1015,8,71.0,1,0,660.0,19,871.0,555.0,531.0,2025-01-13,Facility Focal Person
LAG005,MISSION HOSPITAL AGEGE,LAGOS,AGEGE,2022-02-28,2022,2,1,656.0,20.0,17.0,1460,11,158.0,2,1,961.0,11,1217.0,821.0,785.0,2022-03-13,Data Clerk
CRS005,TEACHING HOSPITAL AKAMKPA,CROSS RIVER,AKAMKPA,2023-03-31,2023,3,1,1002.0,30.0,29.0,4321,48,223.0,7,6,3168.0,53,3402.0,2296.0,1907.0,2023-04-11,M&E Officer
BEN007,SPECIALIST HOSPITAL MAKURDI II,BENUE,MAKURDI,2023-02-28,2023,2,1,235.0,0.0,0.0,2138,5,58.0,0,0,1382.0,30,1540.0,975.0,836.0,2023-03-16,M&E Officer
KAD002,TEACHING HOSPITAL KADUNA SOUTH,KADUNA,KADUNA SOUTH,2022-08-31,2022,8,3,1774.0,27.0,23.0,4360,68,,2,1,2405.0,39,2964.0,1645.0,1611.0,2022-09-15,M&E Officer
BEN013,MODEL PRIMARY HEALTH CENTRE MAKURDI II,BENUE,MAKURDI,2024-10-31,2024,10,4,544.0,26.0,24.0,849,6,105.0,3,2,608.0,6,763.0,652.0,600.0,2024-11-21,Facility Focal Person
NAS010,TEACHING HOSPITAL NASARAWA II,NASARAWA,NASARAWA,2023-09-30,2023,9,3,2658.0,143.0,139.0,5206,50,479.0,20,16,4471.0,78,3831.0,2660.0,2564.0,2023-10-16,Data Clerk
FCT009,MODEL PRIMARY HEALTH CENTRE KUJE II,FCT,KUJE,2024-05-31,2024,5,2,158.0,8.0,5.0,478,3,43.0,0,0,289.0,6,405.0,250.0,229.0,2024-06-29,Data Clerk
FCT014,GENERAL HOSPITAL KUJE II,FCT,KUJE,2023-07-31,2023,7,3,,34.0,32.0,2513,42,175.0,2,1,,38,1785.0,1067.0,,2023-08-11,M&E Officer
KAD003,MISSION HOSPITAL ZARIA,KADUNA,ZARIA,2024-04-30,2024,4,2,1247.0,53.0,43.0,2830,23,392.0,13,11,2590.0,44,2202.0,1741.0,1517.0,2024-05-18,Facility Focal Person
NAS001,MODEL PRIMARY HEALTH CENTRE LAFIA,NASARAWA,LAFIA,2024-12-31,2024,12,4,133.0,2.0,1.0,376,7,21.0,0,0,263.0,7,330.0,247.0,225.0,2025-01-15,M&E Officer
RIV003,COMPREHENSIVE HEALTH CENTRE KHANA,RIVERS,KHANA,2022-11-01,2022,11,4,265.0,9.0,8.0,1047,11,62.0,0,0,909.0,18,757.0,548.0,451.0,2022-12-16,Data Clerk
CRS012,MODEL PRIMARY HEALTH CENTRE IKOM II,CROSS RIVER,IKOM,2024-08-31,2024,8,3,609.0,8.0,6.0,765,5,89.0,0,0,530.0,7,660.0,620.0,511.0,2024-09-18,M&E Officer
BEN012,COTTAGE HOSPITAL VANDEIKYA II,BENUE,VANDEIKYA,2023-10-31,2023,10,4,5570.0,4.0,3.0,455,8,168.0,0,0,353.0,7,342.0,294.0,246.0,2023-11-11,Data Clerk
AKS004,COMPREHENSIVE HEALTH CENTRE ETINAN,AKWA IBOM,ETINAN,2022-03-31,2022,3,1,198.0,1.0,0.0,1005,7,61.0,0,0,941.0,10,903.0,509.0,455.0,2022-04-18,Facility Focal Person
FCT004,MODEL PRIMARY HEALTH CENTRE KUJE,FCT,KUJE,2022-12-31,2022,12,4,349.0,10.0,8.0,1304,18,104.0,3,2,838.0,15,1171.0,,885.0,2023-01-11,Data Clerk
CRS010,COMPREHENSIVE HEALTH CENTRE AKAMKPA II,CROSS RIVER,AKAMKPA,2024-06-30,2024,6,2,100.0,0.0,0.0,343,6,17.0,0,0,228.0,6,235.0,143.0,128.0,2024-07-13,Facility Focal Person
BEN003,GENERAL HOSPITAL OTUKPO,BENUE,OTUKPO,2023-06-30,2023,6,2,653.0,16.0,12.0,2462,28,74.0,3,2,1664.0,23,1790.0,1351.0,1235.0,2023-07-11,M&E Officer
NAS004,COTTAGE HOSPITAL AKWANGA,NASARAWA,AKWANGA,2023-03-31,2023,3,1,310.0,15.0,14.0,473,4,61.0,3,2,278.0,6,339.0,213.0,194.0,2023-04-13,Data Clerk
AKS007,TEACHING HOSPITAL IKONO,AKWA IBOM,IKONO,2023-05-31,2023,5,2,1282.0,14.0,9.0,6055,102,135.0,1,0,5383.0,94,5598.0,3371.0,2900.0,2023-06-16,M&E Officer
AKS002,GENERAL HOSPITAL IKOT EKPENE,AKWA IBOM,IKOT EKPENE,2024-07-31,2024,7,3,306.0,2.0,1.0,543,8,,1,0,390.0,7,451.0,319.0,296.0,2024-08-13,Data Clerk
NAS006,PRIMARY HEALTH CENTRE LAFIA II,NASARAWA,LAFIA,2022-09-30,2022,9,3,250.0,6.0,4.0,1003,10,51.0,0,0,604.0,10,797.0,668.0,578.0,2022-10-21,Data Clerk
BEN015,PRIMARY HEALTH CENTRE OTUKPO II,BENUE,OTUKPO,2023-12-31,2023,12,4,138.0,4.0,3.0,746,9,35.0,0,0,445.0,9,549.0,481.0,402.0,2024-01-15,Data Clerk
LAG013,SPECIALIST HOSPITAL IKORODU II,LAGOS,IKORODU,2024-01-31,2024,1,1,1549.0,44.0,43.0,6184,29,237.0,3,2,4573.0,81,5296.0,3406.0,3071.0,2024-02-13,Data Clerk
CRS002,COMPREHENSIVE HEALTH CENTRE IKOM,CROSS RIVER,IKOM,2023-03-31,2023,3,1,159.0,10.0,7.0,203,3,37.0,1,0,155.0,3,164.0,126.0,116.0,2023-04-13,Data Clerk
FCT002,GENERAL HOSPITAL BWARI,FCT,BWARI,2022-01-01,2022,1,1,66.0,7.0,5.0,658,11,7.0,0,0,,7,607.0,460.0,426.0,2022-02-13,Data Clerk
AKS015,MISSION HOSPITAL UYO II,AKWA IBOM,UYO,2024-09-30,2024,9,3,777.0,28.0,27.0,2429,39,159.0,6,5,2270.0,46,1716.0,1598.0,1467.0,2024-10-18,Data Clerk
KAD005,COTTAGE HOSPITAL CHIKUN,KADUNA,CHIKUN,2023-08-31,2023,8,3,781.0,,14.0,343,2,147.0,0,0,299.0,11,246.0,317.0,137.0,2023-09-15,Facility Focal Person
AKS004,COMPREHENSIVE HEALTH CENTRE ETINAN,AKWA IBOM,ETINAN,2023-06-30,2023,6,2,275.0,14.0,13.0,965,6,31.0,0,0,552.0,9,680.0,627.0,547.0,2023-07-13,Data Clerk
LAG015,MODEL PRIMARY HEALTH CENTRE BADAGRY II,LAGOS,BADAGRY,2023-02-28,2023,2,1,240.0,6.0,4.0,1084,15,35.0,0,0,694.0,14,750.0,493.0,406.0,2023-03-15,M&E Officer
BEN005,MODEL PRIMARY HEALTH CENTRE KATSINA-ALA,BENUE,KATSINA-ALA,2024-11-30,2024,11,4,651.0,22.0,15.0,587,7,203.0,3,2,415.0,3,455.0,264.0,256.0,2024-12-16,Facility Focal Person
NAS005,MISSION HOSPITAL NASARAWA,NASARAWA,NASARAWA,2023-07-31,2023,7,3,1538.0,36.0,34.0,508,8,375.0,4,3,305.0,11,376.0,316.0,275.0,2023-08-16,Facility Focal Person
LAG011,COTTAGE HOSPITAL AGEGE II,LAGOS,AGEGE,2022-01-31,2022,1,1,412.0,11.0,8.0,1865,31,72.0,2,1,1581.0,19,1618.0,1133.0,1050.0,2022-02-18,M&E Officer
NAS004,COTTAGE HOSPITAL AKWANGA,NASARAWA,AKWANGA,2023-04-30,2023,4,2,312.0,11.0,8.0,476,5,73.0,5,3,399.0,7,410.0,248.0,,2023-05-18,Data Clerk
CRS013,MISSION HOSPITAL OGOJA II,CROSS RIVER,OGOJA,2023-01-31,2023,1,1,235.0,5.0,4.0,833,12,29.0,0,0,770.0,19,605.0,366.0,307.0,2023-02-21,M&E Officer
LAG013,SPECIALIST HOSPITAL IKORODU II,LAGOS,IKORODU,2024-04-30,2024,4,2,2535.0,114.0,83.0,6197,72,732.0,14,13,5368.0,99,4840.0,4159.0,3816.0,2024-05-16,Data Clerk
AKS014,PRIMARY HEALTH CENTRE IKONO II,AKWA IBOM,IKONO,2023-05-01,2023,5,2,196.0,8.0,6.0,601,4,41.0,0,0,464.0,13,533.0,501.0,413.0,2023-06-18,Data Clerk
LAG002,SPECIALIST HOSPITAL LAGOS ISLAND,LAGOS,LAGOS ISLAND,2022-03-31,2022,3,1,1920.0,82.0,59.0,5467,109,360.0,10,8,4706.0,104,4035.0,2380.0,2291.0,2022-04-15,M&E Officer
BEN004,GENERAL HOSPITAL OKPOKWU,BENUE,OKPOKWU,2024-04-30,2024,4,2,1353.0,9.0,6.0,405,6,270.0,0,0,267.0,7,364.0,341.0,304.0,2024-05-15,Facility Focal Person
KAD011,PRIMARY HEALTH CENTRE KADUNA NORTH II,KADUNA,KADUNA NORTH,2024-10-31,2024,10,4,267.0,11.0,10.0,589,3,36.0,0,0,330.0,5,432.0,321.0,270.0,2024-11-15,Facility Focal Person
CRS010,COMPREHENSIVE HEALTH CENTRE AKAMKPA II,CROSS RIVER,AKAMKPA,2023-01-31,2023,1,1,76.0,0.0,0.0,402,3,8.0,0,0,377.0,7,275.0,179.0,170.0,2023-02-24,Facility Focal Person
NAS006,PRIMARY HEALTH CENTRE LAFIA II,NASARAWA,LAFIA,2022-04-30,2022,4,2,215.0,5.0,4.0,1032,13,27.0,1,0,774.0,15,746.0,483.0,432.0,2022-05-21,M&E Officer
CRS011,COMPREHENSIVE HEALTH CENTRE CALABAR MUNICIPAL II,CROSS RIVER,CALABAR MUNICIPAL,2024-09-30,2024,9,3,308.0,4.0,3.0,503,1,56.0,1,0,343.0,2,432.0,302.0,253.0,2024-10-13,M&E Officer
CRS004,COMPREHENSIVE HEALTH CENTRE OBUDU,CROSS RIVER,OBUDU,2022-05-31,2022,5,2,204.0,5.0,,466,2,36.0,1,0,420.0,7,408.0,318.0,274.0,2022-06-11,M&E Officer
NAS002,COTTAGE HOSPITAL KARU,NASARAWA,KARU,2022-01-31,2022,1,1,364.0,3.0,2.0,318,5,,0,0,238.0,7,247.0,213.0,191.0,2022-02-11,M&E Officer
LAG005,MISSION HOSPITAL AGEGE,LAGOS,AGEGE,2023-03-31,2023,3,1,11740.0,31.0,24.0,1592,19,185.0,5,4,1145.0,24,1417.0,807.0,677.0,2023-04-11,M&E Officer
FCT008,TEACHING HOSPITAL GWAGWALADA II,FCT,GWAGWALADA,2022-03-31,2022,3,1,618.0,32.0,28.0,5476,80,140.0,7,6,4536.0,85,4338.0,2587.0,2475.0,2022-04-11,Facility Focal Person
KAD003,MISSION HOSPITAL ZARIA,KADUNA,ZARIA,2024-06-30,2024,6,2,1648.0,87.0,78.0,2898,35,302.0,8,6,1907.0,43,2503.0,1658.0,1360.0,2024-07-21,M&E Officer
RIV011,MODEL PRIMARY HEALTH CENTRE DEGEMA II,RIVERS,DEGEMA,2023-07-01,2023,7,3,359.0,17.0,13.0,881,14,39.0,1,0,576.0,13,697.0,471.0,387.0,2023-08-15,Data Clerk
LAG001,PRIMARY HEALTH CENTRE IKORODU,LAGOS,IKORODU,2024-07-31,2024,7,3,611.0,14.0,10.0,402,1,83.0,1,0,340.0,8,306.0,281.0,238.0,2024-08-16,Data Clerk
RIV014,COTTAGE HOSPITAL OBIO/AKPOR II,RIVERS,OBIO/AKPOR,2023-07-31,2023,7,3,1245.0,13.0,12.0,639,4,339.0,3,2,547.0,9,587.0,398.0,367.0,2023-08-18,M&E Officer
RIV014,COTTAGE HOSPITAL OBIO/AKPOR II,RIVERS,OBIO/AKPOR,2023-11-30,2023,11,4,1112.0,13.0,11.0,669,4,274.0,3,2,458.0,10,570.0,540.0,448.0,2023-12-16,Facility Focal Person
RIV010,TEACHING HOSPITAL AHOADA EAST II,RIVERS,AHOADA EAST,2023-07-31,2023,7,3,846.0,25.0,,3128,13,117.0,4,3,2719.0,44,2154.0,1525.0,1373.0,2023-08-16,Facility Focal Person
BEN008,TEACHING HOSPITAL GBOKO II,BENUE,GBOKO,2022-08-31,2022,8,3,2417.0,52.0,43.0,6221,46,700.0,6,4,5348.0,87,5421.0,4714.0,4545.0,2022-09-11,M&E Officer
KAD002,TEACHING HOSPITAL KADUNA SOUTH,KADUNA,KADUNA SOUTH,2023-03-31,2023,3,1,1046.0,17.0,13.0,,60,274.0,0,0,2606.0,51,2929.0,2719.0,2457.0,2023-04-11,Facility Focal Person
NAS999,COTTAGE HOSPITAL OGOJA II,CROSS RIVER,OGOJA,2024-11-30,2024,11,4,,31.0,22.0,2126,41,149.0,5,4,1502.0,23,1621.0,1311.0,1149.0,2024-12-16,Facility Focal Person
KAD001,MODEL PRIMARY HEALTH CENTRE KADUNA NORTH,KADUNA,KADUNA NORTH,2023-06-30,2023,6,2,215.0,13.0,11.0,768,12,62.0,3,2,621.0,10,650.0,471.0,416.0,2023-07-13,Facility Focal Person
AKS011,COMPREHENSIVE HEALTH CENTRE ETINAN II,AKWA IBOM,ETINAN,2022-05-31,2022,5,2,134.0,10.0,8.0,290,1,16.0,1,0,238.0,3,265.0,247.0,237.0,2022-06-11,Data Clerk
NAS015,SPECIALIST HOSPITAL NASARAWA II,NASARAWA,NASARAWA,2022-02-28,2022,2,1,981.0,44.0,38.0,3113,27,179.0,4,3,2406.0,49,2623.0,2137.0,2013.0,2022-03-15,Facility Focal Person
CRS002,COMPREHENSIVE HEALTH CENTRE IKOM,CROSS RIVER,IKOM,2023-07-31,2023,7,3,186.0,8.0,6.0,224,0,47.0,2,1,152.0,5,166.0,116.0,105.0,2023-08-16,M&E Officer
AKS001,COMPREHENSIVE HEALTH CENTRE UYO,AKWA IBOM,UYO,2024-04-30,2024,4,2,600.0,5.0,3.0,321,4,72.0,1,0,204.0,5,276.0,166.0,141.0,2024-05-15,Facility Focal Person
AKS014,PRIMARY HEALTH CENTRE IKONO II,AKWA IBOM,IKONO,2022-06-30,2022,6,2,283.0,9.0,8.0,602,5,81.0,0,0,384.0,8,554.0,348.0,298.0,2022-07-21,Facility Focal Person
AKS015,MISSION HOSPITAL UYO II,AKWA IBOM,UYO,2023-10-31,2023,10,4,579.0,27.0,19.0,2452,20,80.0,0,0,1598.0,27,2009.0,1888.0,1591.0,2023-12-16,Data Clerk
RIV006,COTTAGE HOSPITAL ELEME,RIVERS,ELEME,2022-06-30,2022,6,2,1500.0,70.0,52.0,2381,6,452.0,21,19,1578.0,18,2157.0,1555.0,1462.0,2022-07-13,Data Clerk
AKS002,GENERAL HOSPITAL IKOT EKPENE,AKWA IBOM,IKOT EKPENE,2023-08-31,2023,8,3,307.0,5.0,4.0,609,10,82.0,0,0,555.0,5,514.0,365.0,317.0,2023-09-18,Data Clerk
RIV003,COMPREHENSIVE HEALTH CENTRE KHANA,RIVERS,KHANA,2024-03-31,2024,3,1,382.0,12.0,11.0,1057,20,91.0,3,2,923.0,20,943.0,810.0,760.0,2024-04-13,Facility Focal Person
AKS009,PRIMARY HEALTH CENTRE IKOT EKPENE II,AKWA IBOM,IKOT EKPENE,2023-03-31,2023,3,1,81.0,3.0,2.0,227,1,13.0,0,0,135.0,4,191.0,129.0,108.0,2023-04-21,M&E Officer
KAD002,TEACHING HOSPITAL KADUNA SOUTH,KADUNA,KADUNA SOUTH,2024-11-30,2024,11,4,1964.0,24.0,22.0,3475,64,535.0,5,4,2525.0,51,2625.0,2236.0,,2024-12-29,M&E Officer
KAD005,COTTAGE HOSPITAL CHIKUN,KADUNA,CHIKUN,2024-07-01,2024,7,3,738.0,15.0,14.0,386,7,105.0,1,0,300.0,9,349.0,264.0,224.0,2024-08-24,Data Clerk
BEN006,PRIMARY HEALTH CENTRE VANDEIKYA,BENUE,VANDEIKYA,2023-09-30,2023,9,3,221.0,10.0,8.0,342,3,38.0,0,0,298.0,7,292.0,204.0,192.0,2023-10-11,Data Clerk
LAG008,COTTAGE HOSPITAL LAGOS ISLAND II,LAGOS,LAGOS ISLAND,2023-11-30,2023,11,4,111.0,5.0,3.0,762,10,18.0,0,0,656.0,13,598.0,490.0,408.0,2023-12-13,M&E Officer
RIV003,COMPREHENSIVE HEALTH CENTRE KHANA,RIVERS,KHANA,2023-01-31,2023,1,1,265.0,16.0,14.0,1033,18,35.0,1,0,959.0,14,717.0,673.0,623.0,2023-02-21,Data Clerk
LAG013,SPECIALIST HOSPITAL IKORODU II,LAGOS,IKORODU,2022-08-31,2022,8,3,,94.0,66.0,6028,95,647.0,14,11,4291.0,85,4637.0,2597.0,2422.0,2022-09-11,Facility Focal Person
BEN006,PRIMARY HEALTH CENTRE VANDEIKYA,BENUE,VANDEIKYA,2024-01-31,2024,1,1,196.0,4.0,3.0,343,4,34.0,1,0,288.0,8,307.0,209.0,202.0,2024-02-16,Facility Focal Person
KAD005,COTTAGE HOSPITAL CHIKUN,KADUNA,CHIKUN,2022-12-01,2022,12,4,451.0,5.0,4.0,301,3,80.0,0,0,177.0,3,271.0,210.0,184.0,2023-01-15,Data Clerk
RIV015,SPECIALIST HOSPITAL KHANA II,RIVERS,KHANA,2022-06-30,2022,6,2,406.0,24.0,18.0,2408,39,82.0,2,1,1956.0,34,1783.0,1584.0,1489.0,2022-07-16,M&E Officer
AKS010,GENERAL HOSPITAL EKET II,AKWA IBOM,EKET,2023-01-01,2023,1,1,553.0,8.0,6.0,1732,9,135.0,0,0,1021.0,13,1333.0,1010.0,977.0,2023-02-11,Data Clerk
AKS002,GENERAL HOSPITAL IKOT EKPENE,AKWA IBOM,IKOT EKPENE,2022-12-31,2022,12,4,187.0,3.0,2.0,637,11,37.0,0,0,580.0,609,461.0,399.0,362.0,2023-01-11,Data Clerk
KAD006,SPECIALIST HOSPITAL KADUNA NORTH II,KADUNA,KADUNA NORTH,2022-03-31,2022,3,1,2230.0,32.0,27.0,,26,443.0,1,0,1087.0,21,1301.0,1005.0,950.0,2022-04-13,M&E Officer
AKS003,MODEL PRIMARY HEALTH CENTRE EKET,AKWA IBOM,EKET,2024-11-30,2024,11,4,696.0,18.0,12.0,492,6,90.0,2,1,424.0,4,413.0,367.0,353.0,2024-12-11,M&E Officer
FCT007,SPECIALIST HOSPITAL BWARI II,FCT,BWARI,2024-02-29,2024,2,1,2357.0,46.0,32.0,4155,64,624.0,8,6,2399.0,42,3207.0,2132.0,2051.0,2024-03-18,M&E Officer
RIV015,SPECIALIST HOSPITAL KHANA II,RIVERS,KHANA,2024-12-31,2024,12,4,430.0,32.0,30.0,21820,11,73.0,0,0,2000.0,36,1803.0,1398.0,1327.0,2025-01-18,Data Clerk
FCT004,MODEL PRIMARY HEALTH CENTRE KUJE,FCT,KUJE,2023-11-30,2023,11,4,319.0,11.0,10.0,1281,23,96.0,6,4,1076.0,20,904.0,619.0,521.0,2023-12-15,Facility Focal Person
FCT003,SPECIALIST HOSPITAL GWAGWALADA,FCT,GWAGWALADA,2024-10-31,2024,10,4,468.0,9.0,8.0,4894,37,86.0,1,0,4583.0,85,3588.0,2196.0,2150.0,2024-11-16,Data Clerk
NAS001,MODEL PRIMARY HEALTH CENTRE LAFIA,NASARAWA,LAFIA,2022-09-30,2022,9,3,199.0,2.0,1.0,475,7,28.0,0,0,326.0,2,386.0,308.0,291.0,2022-10-15,M&E Officer
FCT004,MODEL PRIMARY HEALTH CENTRE KUJE,FCT,KUJE,2024-09-30,2024,9,3,356.0,18.0,14.0,1245,9,50.0,1,0,1155.0,19,909.0,587.0,554.0,2024-10-13,Data Clerk
KAD005,COTTAGE HOSPITAL CHIKUN,KADUNA,CHIKUN,2022-02-28,2022,2,1,427.0,7.0,6.0,269,2,97.0,0,0,230.0,2,245.0,180.0,158.0,2022-03-15,Facility Focal Person
KAD013,SPECIALIST HOSPITAL ZARIA II,KADUNA,ZARIA,2023-08-31,2023,8,3,2515.0,83.0,75.0,2549,5,584.0,17,16,1667.0,36,1882.0,1233.0,1141.0,2023-09-11,Facility Focal Person
LAG007,PRIMARY HEALTH CENTRE IKORODU II,LAGOS,IKORODU,2022-05-31,2022,5,2,402.0,14.0,13.0,419,6,85.0,2,1,277.0,4,361.0,316.0,289.0,2022-06-18,Facility Focal Person
LAG004,COMPREHENSIVE HEALTH CENTRE SURULERE,LAGOS,SURULERE,2024-06-30,2024,6,2,617.0,6.0,4.0,615,5,126.0,0,0,463.0,7,458.0,425.0,381.0,2024-07-11,M&E Officer
BEN001,MISSION HOSPITAL MAKURDI,BENUE,MAKURDI,2023-10-01,2023,10,4,889.0,5.0,3.0,1829,12,96.0,0,0,1200.0,22,1332.0,894.0,761.0,2023-11-15,M&E Officer
LAG010,PRIMARY HEALTH CENTRE SURULERE II,LAGOS,SURULERE,2024-05-31,2024,5,2,656.0,25.0,17.0,965,9,193.0,9,8,640.0,10,694.0,445.0,426.0,2024-06-18,M&E Officer
CRS011,COMPREHENSIVE HEALTH CENTRE CALABAR MUNICIPAL II,CROSS RIVER,CALABAR MUNICIPAL,2022-01-31,2022,1,1,151.0,5.0,4.0,459,2,20.0,0,0,309.0,5,349.0,325.0,281.0,2022-02-11,Facility Focal Person
KAD012,COMPREHENSIVE HEALTH CENTRE KADUNA SOUTH II,KADUNA,KADUNA SOUTH,2024-05-31,2024,5,2,549.0,9.0,7.0,633,2,136.0,2,1,578.0,8,542.0,422.0,350.0,2024-06-16,M&E Officer
FCT007,SPECIALIST HOSPITAL BWARI II,FCT,BWARI,2023-10-01,2023,10,4,1889.0,40.0,38.0,4318,13,252.0,6,5,3353.0,65,3536.0,3191.0,3045.0,2023-11-11,M&E Officer
AKS015,MISSION HOSPITAL UYO II,AKWA IBOM,UYO,2023-08-31,2023,8,3,776.0,32.0,29.0,2465,11,236.0,8,7,1541.0,26,2099.0,1221.0,1003.0,2023-09-18,Facility Focal Person
FCT004,MODEL PRIMARY HEALTH CENTRE KUJE,FCT,KUJE,2023-05-01,2023,5,2,430.0,21.0,16.0,1310,7,68.0,1,0,858.0,12,1054.0,708.0,639.0,2023-06-29,Facility Focal Person
FCT015,COMPREHENSIVE HEALTH CENTRE ABAJI II,FCT,ABAJI,2024-09-30,2024,9,3,107.0,5.0,4.0,745,12,,1,0,605.0,10,618.0,492.0,471.0,2024-10-11,Facility Focal Person
KAD006,SPECIALIST HOSPITAL KADUNA NORTH II,KADUNA,KADUNA NORTH,2022-10-31,2022,10,4,1280.0,15.0,11.0,1585,22,283.0,2,1,936.0,19,1447.0,1268.0,1165.0,2022-11-16,M&E Officer
BEN010,MODEL PRIMARY HEALTH CENTRE OKPOKWU II,BENUE,OKPOKWU,2024-05-31,2024,5,2,,5.0,4.0,710,4,102.0,1,0,442.0,8,650.0,404.0,336.0,2024-06-11,M&E Officer
FCT012,MISSION HOSPITAL BWARI II,FCT,BWARI,2024-06-30,2024,6,2,1562.0,63.0,57.0,2930,-6,454.0,8,7,2422.0,38,2637.0,2132.0,1806.0,2024-07-21,Facility Focal Person
RIV004,MODEL PRIMARY HEALTH CENTRE AHOADA EAST,RIVERS,AHOADA EAST,2024-10-31,2024,10,4,537.0,13.0,10.0,861,4,83.0,1,0,655.0,13,729.0,681.0,572.0,2024-11-13,Data Clerk
RIV002,TEACHING HOSPITAL OBIO/AKPOR,RIVERS,OBIO/AKPOR,2024-04-30,2024,4,2,2072.0,49.0,42.0,4264,49,620.0,7,5,4018.0,76,3679.0,3096.0,2805.0,2024-05-11,M&E Officer
BEN012,COTTAGE HOSPITAL VANDEIKYA II,BENUE,VANDEIKYA,2023-06-30,2023,6,2,793.0,4.0,3.0,459,1,191.0,0,0,282.0,6,360.0,310.0,287.0,2023-07-29,M&E Officer
CRS014,COMPREHENSIVE HEALTH CENTRE OBUDU II,CROSS RIVER,OBUDU,2023-03-31,2023,3,1,3230.0,10.0,8.0,135,1,78.0,0,0,128.0,1,121.0,93.0,76.0,2023-04-29,M&E Officer
NAS014,TEACHING HOSPITAL AKWANGA II,NASARAWA,AKWANGA,2024-05-31,2024,5,2,2251.0,53.0,51.0,5068,34,667.0,14,13,3864.0,64,4042.0,2613.0,2207.0,2024-06-11,Data Clerk
KAD012,COMPREHENSIVE HEALTH CENTRE KADUNA SOUTH II,KADUNA,KADUNA SOUTH,2024-10-31,2024,10,4,397.0,8.0,6.0,637,10,88.0,2,1,576.0,7,542.0,327.0,272.0,2024-11-18,Data Clerk
LAG099,COTTAGE HOSPITAL KEFFI,NASARAWA,KEFFI,2023-08-31,2023,8,3,301.0,2.0,1.0,1619,17,48.0,1,0,1453.0,27,1240.0,1031.0,983.0,2023-09-13,Facility Focal Person
AKS002,GENERAL HOSPITAL IKOT EKPENE,AKWA IBOM,IKOT EKPENE,2024-01-31,2024,1,1,228.0,2.0,1.0,582,5,39.0,0,0,540.0,3,518.0,319.0,272.0,2024-02-15,Data Clerk
LAG010,PRIMARY HEALTH CENTRE SURULERE II,LAGOS,SURULERE,2024-06-30,2024,6,2,614.0,10.0,8.0,966,7,78.0,2,1,899.0,16,775.0,516.0,448.0,2024-07-18,Data Clerk
RIV004,MODEL PRIMARY HEALTH CENTRE AHOADA EAST,RIVERS,AHOADA EAST,2023-12-01,2023,12,4,275.0,3.0,2.0,840,13,46.0,1,0,474.0,7,733.0,520.0,479.0,2024-01-11,Data Clerk
AKS003,MODEL PRIMARY HEALTH CENTRE EKET,AKWA IBOM,EKET,2023-09-30,2023,9,3,716.0,27.0,21.0,353,2,122.0,4,3,289.0,2,267.0,230.0,212.0,2023-10-13,M&E Officer
RIV004,MODEL PRIMARY HEALTH CENTRE AHOADA EAST,RIVERS,AHOADA EAST,2023-07-31,2023,7,3,,10.0,7.0,854,2,93.0,0,0,742.0,19,674.0,529.0,481.0,2023-08-21,M&E Officer
CRS010,COMPREHENSIVE HEALTH CENTRE AKAMKPA II,CROSS RIVER,AKAMKPA,2023-05-31,2023,5,2,78.0,1.0,0.0,389,1,24.0,0,0,340.0,4,352.0,306.0,,2023-06-15,M&E Officer
LAG099,COTTAGE HOSPITAL LAGOS ISLAND II,LAGOS,LAGOS ISLAND,2023-08-31,2023,8,3,118.0,,3.0,779,7,27.0,0,0,451.0,9,619.0,417.0,373.0,2023-09-13,M&E Officer
CRS001,MODEL PRIMARY HEALTH CENTRE CALABAR MUNICIPAL,CROSS RIVER,CALABAR MUNICIPAL,2024-10-31,2024,10,4,211.0,4.0,3.0,683,13,36.0,0,0,515.0,8,529.0,320.0,301.0,2024-11-21,M&E Officer
AKS008,PRIMARY HEALTH CENTRE UYO II,AKWA IBOM,UYO,2024-05-31,2024,5,2,118.0,3.0,2.0,88,1,30.0,0,0,64.0,0,76.0,56.0,53.0,2024-06-15,Data Clerk
LAG003,TEACHING HOSPITAL BADAGRY,LAGOS,BADAGRY,2024-08-31,2024,8,3,3287.0,156.0,118.0,6865,119,696.0,23,20,3898.0,92,5462.0,3961.0,3669.0,2024-09-13,M&E Officer
CRS011,COMPREHENSIVE HEALTH CENTRE CALABAR MUNICIPAL II,CROSS RIVER,CALABAR MUNICIPAL,2022-11-30,2022,11,4,245.0,9.0,8.0,459,1,46.0,0,0,277.0,3,,273.0,242.0,2022-12-11,Data Clerk
AKS010,GENERAL HOSPITAL EKET II,AKWA IBOM,EKET,2024-12-01,2024,12,4,788.0,13.0,9.0,1559,30,223.0,1,0,1083.0,16,1397.0,835.0,814.0,2025-01-11,Facility Focal Person
RIV010,TEACHING HOSPITAL AHOADA EAST II,RIVERS,AHOADA EAST,2024-12-31,2024,12,4,776.0,23.0,22.0,2797,24,158.0,5,4,2148.0,44,2341.0,1574.0,1365.0,2025-01-11,M&E Officer
NAS999,MISSION HOSPITAL BADAGRY II,LAGOS,BADAGRY,2024-08-31,2024,8,3,478.0,11.0,,2317,13,140.0,3,2,1821.0,38,1742.0,1252.0,1197.0,2024-09-16,Data Clerk
NAS015,SPECIALIST HOSPITAL NASARAWA II,NASARAWA,NASARAWA,2022-10-31,2022,10,4,770.0,33.0,27.0,3151,6,177.0,5,4,2694.0,49,2282.0,1451.0,1416.0,2022-11-11,M&E Officer
LAG011,COTTAGE HOSPITAL AGEGE II,LAGOS,AGEGE,2023-07-31,2023,7,3,664.0,15.0,11.0,1678,12,200.0,2,1,1277.0,16,1187.0,729.0,662.0,2023-08-18,M&E Officer
CRS012,MODEL PRIMARY HEALTH CENTRE IKOM II,CROSS RIVER,IKOM,2024-06-30,2024,6,2,437.0,6.0,4.0,766,6,94.0,0,0,502.0,8,685.0,509.0,442.0,2024-08-15,Data Clerk
XXX999,SPECIALIST HOSPITAL KADUNA NORTH II,KADUNA,KADUNA NORTH,2023-08-31,2023,8,3,2088.0,27.0,23.0,1668,14,342.0,0,0,1056.0,16,1468.0,1316.0,1235.0,2023-09-21,Data Clerk
CRS001,MODEL PRIMARY HEALTH CENTRE CALABAR MUNICIPAL,CROSS RIVER,CALABAR MUNICIPAL,2023-10-31,2023,10,4,264.0,13.0,10.0,691,8,52.0,4,3,470.0,6,564.0,471.0,435.0,2023-11-13,Data Clerk
RIV007,PRIMARY HEALTH CENTRE PORT HARCOURT II,RIVERS,PORT HARCOURT,2022-05-31,2022,5,2,545.0,4.0,3.0,713,7,158.0,0,0,440.0,10,497.0,323.0,276.0,2022-06-13,Facility Focal Person
FCT001,MISSION HOSPITAL AMAC,FCT,AMAC,2022-03-31,2022,3,1,1006.0,14.0,9.0,1373,-2,145.0,4,3,1236.0,25,,785.0,748.0,2022-04-16,Data Clerk
LAG009,MISSION HOSPITAL BADAGRY II,LAGOS,BADAGRY,2022-03-31,2022,3,1,293.0,10.0,8.0,2862,29,55.0,0,0,1839.0,35,2601.0,2220.0,,2022-04-13,Facility Focal Person
AKS002,GENERAL HOSPITAL IKOT EKPENE,AKWA IBOM,IKOT EKPENE,2022-07-31,2022,7,3,278.0,3.0,2.0,674,1,54.0,0,0,625.0,9,558.0,385.0,376.0,2022-08-13,M&E Officer
FCT001,MISSION HOSPITAL AMAC,FCT,AMAC,2023-06-30,2023,6,2,1068.0,19.0,17.0,1270,9,144.0,0,0,900.0,20,912.0,817.0,736.0,2023-07-18,Facility Focal Person
AKS006,PRIMARY HEALTH CENTRE ABAK,AKWA IBOM,ABAK,2024-01-31,2024,1,1,462.0,19.0,18.0,430,7,49.0,2,1,241.0,8,390.0,326.0,273.0,2024-02-11,M&E Officer
BEN012,COTTAGE HOSPITAL VANDEIKYA II,BENUE,VANDEIKYA,2022-02-28,2022,2,1,409.0,1.0,0.0,488,3,66.0,0,0,287.0,6,372.0,291.0,256.0,2022-03-13,M&E Officer
LAG014,COTTAGE HOSPITAL LAGOS ISLAND II,LAGOS,LAGOS ISLAND,2023-05-01,2023,5,2,807.0,7.0,5.0,,29,209.0,3,2,1468.0,25,1593.0,1037.0,885.0,2023-06-13,Facility Focal Person
FCT013,COTTAGE HOSPITAL GWAGWALADA II,FCT,GWAGWALADA,2022-06-30,2022,6,2,964.0,7.0,5.0,1416,3,134.0,1,0,924.0,19,1066.0,628.0,594.0,2022-07-18,M&E Officer
AKS002,GENERAL HOSPITAL IKOT EKPENE,AKWA IBOM,IKOT EKPENE,2024-09-30,2024,9,3,262.0,1.0,0.0,532,4,70.0,0,0,370.0,8,371.0,308.0,265.0,2024-10-13,Data Clerk
CRS011,COMPREHENSIVE HEALTH CENTRE CALABAR MUNICIPAL II,CROSS RIVER,CALABAR MUNICIPAL,2023-08-31,2023,8,3,432.0,10.0,7.0,481,9,86.0,1,0,370.0,5,334.0,184.0,177.0,2023-09-18,Facility Focal Person
LAG008,COTTAGE HOSPITAL LAGOS ISLAND II,LAGOS,LAGOS ISLAND,2022-08-31,2022,8,3,116.0,4.0,3.0,859,3,34.0,1,0,626.0,8,746.0,505.0,425.0,2022-09-13,M&E Officer
CRS010,COMPREHENSIVE HEALTH CENTRE AKAMKPA II,CROSS RIVER,AKAMKPA,2024-02-29,2024,2,1,88.0,2.0,1.0,360,5,10.0,0,0,213.0,7,270.0,178.0,166.0,2024-03-21,M&E Officer
KAD004,SPECIALIST HOSPITAL SABON GARI,KADUNA,SABON GARI,2024-05-31,2024,5,2,3961.0,245.0,179.0,5324,30,1161.0,40,36,4234.0,76,3973.0,3557.0,3116.0,2024-06-21,M&E Officer
NAS004,COTTAGE HOSPITAL AKWANGA,NASARAWA,AKWANGA,2023-02-28,2023,2,1,326.0,14.0,11.0,463,5,36.0,2,1,357.0,3,346.0,190.0,168.0,2023-03-21,Facility Focal Person
CRS007,MODEL PRIMARY HEALTH CENTRE IKOM II,CROSS RIVER,IKOM,2023-12-31,2023,12,4,111.0,6.0,5.0,308,0,12.0,0,0,171.0,1,232.0,192.0,163.0,2024-01-18,Facility Focal Person
FCT003,SPECIALIST HOSPITAL GWAGWALADA,FCT,GWAGWALADA,2022-04-30,2022,4,2,509.0,14.0,12.0,6568,56,95.0,0,0,5306.0,83,6090.0,4770.0,4507.0,2022-05-15,Data Clerk
AKS004,COMPREHENSIVE HEALTH CENTRE ETINAN,AKWA IBOM,ETINAN,2024-06-30,2024,6,2,239.0,10.0,8.0,954,14,35.0,0,0,576.0,5,664.0,483.0,453.0,2024-07-11,Data Clerk
KAD007,MODEL PRIMARY HEALTH CENTRE KADUNA SOUTH II,KADUNA,KADUNA SOUTH,2024-12-31,2024,12,4,217.0,10.0,9.0,1124,15,64.0,2,1,804.0,15,936.0,677.0,616.0,2025-01-11,Data Clerk
RIV008,TEACHING HOSPITAL OBIO/AKPOR II,RIVERS,OBIO/AKPOR,2022-05-31,2022,5,2,1821.0,77.0,58.0,3947,31,315.0,8,7,3588.0,76,3606.0,2950.0,2832.0,2022-06-11,Data Clerk
FCT001,MISSION HOSPITAL AMAC,FCT,AMAC,2024-01-31,2024,1,1,790.0,10.0,,1213,10,104.0,0,0,892.0,20,883.0,516.0,468.0,2024-02-15,Facility Focal Person
LAG015,MODEL PRIMARY HEALTH CENTRE BADAGRY II,LAGOS,BADAGRY,2022-09-30,2022,9,3,209.0,14.0,13.0,1140,6,46.0,3,2,814.0,15,1026.0,925.0,853.0,2022-10-13,M&E Officer
KAD014,GENERAL HOSPITAL SABON GARI II,KADUNA,SABON GARI,2023-05-31,2023,5,2,233.0,8.0,6.0,2503,12,32.0,0,0,1664.0,29,2238.0,2104.0,1954.0,2023-06-21,M&E Officer
RIV007,PRIMARY HEALTH CENTRE PORT HARCOURT II,RIVERS,PORT HARCOURT,2022-03-31,2022,3,1,539.0,2.0,1.0,720,11,127.0,0,0,447.0,6,602.0,426.0,370.0,2022-04-16,M&E Officer
RIV001,MODEL PRIMARY HEALTH CENTRE PORT HARCOURT,RIVERS,PORT HARCOURT,2022-02-28,2022,2,1,101.0,0.0,0.0,1182,8,13.0,0,0,674.0,12,977.0,704.0,674.0,2022-03-11,Data Clerk
RIV014,COTTAGE HOSPITAL OBIO/AKPOR II,RIVERS,OBIO/AKPOR,2022-12-01,2022,12,4,531.0,5.0,4.0,626,1,149.0,2,1,374.0,7,541.0,322.0,277.0,2023-01-29,Data Clerk
CRS014,COMPREHENSIVE HEALTH CENTRE OBUDU II,CROSS RIVER,OBUDU,2024-07-31,2024,7,3,526.0,6.0,5.0,194,2,123.0,2,1,158.0,5,,112.0,100.0,2024-08-11,Data Clerk
KAD010,COTTAGE HOSPITAL CHIKUN II,KADUNA,CHIKUN,2022-12-01,2022,12,4,267.0,13.0,12.0,958,10,34.0,2,1,855.0,14,714.0,466.0,443.0,2023-01-11,Data Clerk
CRS009,COMPREHENSIVE HEALTH CENTRE OBUDU II,CROSS RIVER,OBUDU,2024-11-30,2024,11,4,512.0,15.0,11.0,944,14,65.0,0,0,668.0,12,835.0,506.0,436.0,2024-12-29,Data Clerk
AKS005,COMPREHENSIVE HEALTH CENTRE ORON,AKWA IBOM,ORON,2023-10-01,2023,10,4,109.0,1.0,0.0,1082,9,30.0,1,0,863.0,16,851.0,522.0,481.0,2023-11-13,Facility Focal Person
AKS007,TEACHING HOSPITAL IKONO,AKWA IBOM,IKONO,2024-09-30,2024,9,3,1231.0,19.0,16.0,5123,92,151.0,2,1,4156.0,78,3573.0,2843.0,2555.0,2024-10-15,Facility Focal Person
BEN008,TEACHING HOSPITAL GBOKO II,BENUE,GBOKO,2022-04-30,2022,4,2,2482.0,94.0,71.0,6276,74,381.0,8,6,3915.0,62,4375.0,2851.0,2682.0,2022-05-13,M&E Officer
NAS999,PRIMARY HEALTH CENTRE ALIMOSHO II,LAGOS,ALIMOSHO,2022-06-30,2022,6,2,223.0,10.0,9.0,620,2,71.0,0,0,372.0,10,454.0,401.0,329.0,2022-07-15,M&E Officer
AKS013,MODEL PRIMARY HEALTH CENTRE ABAK II,AKWA IBOM,ABAK,2023-03-31,2023,3,1,379.0,15.0,12.0,584,4,86.0,1,0,392.0,7,442.0,269.0,258.0,2023-04-21,M&E Officer
FCT010,MODEL PRIMARY HEALTH CENTRE ABAJI II,FCT,ABAJI,2022-03-01,2022,3,1,256.0,17.0,12.0,264,4,53.0,1,0,147.0,2,241.0,164.0,151.0,2022-04-13,Data Clerk
KAD006,SPECIALIST HOSPITAL KADUNA NORTH II,KADUNA,KADUNA NORTH,2024-07-31,2024,7,3,2256.0,35.0,31.0,1725,29,590.0,5,4,1026.0,19,1562.0,1060.0,1000.0,2024-08-13,M&E Officer
BEN008,TEACHING HOSPITAL GBOKO II,BENUE,GBOKO,2024-07-01,2024,7,3,2459.0,76.0,59.0,6168,94,288.0,4,3,5202.0,81,4848.0,3135.0,2801.0,2024-08-15,Data Clerk
KAD005,COTTAGE HOSPITAL CHIKUN,KADUNA,CHIKUN,2022-06-30,2022,6,2,453.0,8.0,6.0,285,2,55.0,1,0,227.0,4,212.0,134.0,110.0,2022-07-21,M&E Officer
LAG015,MODEL PRIMARY HEALTH CENTRE BADAGRY II,LAGOS,BADAGRY,2024-02-29,2024,2,1,195.0,8.0,7.0,1081,14,51.0,1,0,668.0,17,770.0,594.0,492.0,2024-03-16,Facility Focal Person
BEN008,TEACHING HOSPITAL GBOKO II,BENUE,GBOKO,2022-02-28,2022,2,1,1790.0,67.0,66.0,6277,120,350.0,6,5,5513.0,94,4613.0,4069.0,3463.0,2022-03-15,Data Clerk
KAD005,COTTAGE HOSPITAL CHIKUN,KADUNA,CHIKUN,2023-02-28,2023,2,1,628.0,10.0,8.0,311,2,182.0,3,2,193.0,3,288.0,242.0,227.0,2023-03-11,M&E Officer
KAD003,MISSION HOSPITAL ZARIA,KADUNA,ZARIA,2023-06-01,2023,6,2,1384.0,59.0,52.0,2712,16,289.0,3,2,1871.0,36,2386.0,1969.0,1819.0,2023-07-18,Facility Focal Person
RIV007,PRIMARY HEALTH CENTRE PORT HARCOURT II,RIVERS,PORT HARCOURT,2022-08-31,2022,8,3,369.0,0.0,0.0,707,3,91.0,1,0,613.0,5,539.0,471.0,396.0,2022-09-13,M&E Officer
CRS008,COTTAGE HOSPITAL OGOJA II,CROSS RIVER,OGOJA,2022-12-31,2022,12,4,404.0,18.0,14.0,2274,34,108.0,3,2,1518.0,26,2058.0,1904.0,1736.0,2023-01-21,Data Clerk
LAG015,MODEL PRIMARY HEALTH CENTRE BADAGRY II,LAGOS,BADAGRY,2024-07-31,2024,7,3,267.0,11.0,8.0,,5,51.0,1,0,690.0,13,1002.0,640.0,572.0,2024-08-15,Facility Focal Person
AKS013,MODEL PRIMARY HEALTH CENTRE ABAK II,AKWA IBOM,ABAK,2022-03-31,2022,3,1,332.0,18.0,17.0,505,7,58.0,1,0,278.0,1,438.0,301.0,269.0,2022-04-16,Facility Focal Person
LAG015,MODEL PRIMARY HEALTH CENTRE BADAGRY II,LAGOS,BADAGRY,2022-03-31,2022,3,1,245.0,11.0,10.0,1147,5,73.0,1,0,991.0,17,792.0,593.0,578.0,2022-04-15,Facility Focal Person
RIV002,TEACHING HOSPITAL OBIO/AKPOR,RIVERS,OBIO/AKPOR,2022-02-28,2022,2,1,1351.0,24.0,19.0,4964,51,407.0,7,6,4169.0,78,4127.0,3772.0,,2022-03-11,Data Clerk
KAD006,SPECIALIST HOSPITAL KADUNA NORTH II,KADUNA,KADUNA NORTH,2024-01-31,2024,1,1,1542.0,13.0,12.0,1651,19,294.0,4,3,1027.0,18,1469.0,1075.0,1025.0,2024-02-15,M&E Officer
NAS001,MODEL PRIMARY HEALTH CENTRE LAFIA,NASARAWA,LAFIA,2023-04-30,2023,4,2,219.0,2.0,1.0,450,5,28.0,0,0,321.0,8,363.0,227.0,216.0,2023-05-13,Data Clerk
CRS002,COMPREHENSIVE HEALTH CENTRE IKOM,CROSS RIVER,IKOM,2022-10-31,2022,10,4,124.0,5.0,4.0,183,3,20.0,0,0,139.0,6,134.0,98.0,92.0,2022-11-16,Facility Focal Person
KAD008,MODEL PRIMARY HEALTH CENTRE ZARIA II,KADUNA,ZARIA,2023-07-31,2023,7,3,434.0,15.0,13.0,1200,7,82.0,4,3,1002.0,24,904.0,842.0,769.0,2023-08-18,Facility Focal Person
KAD004,SPECIALIST HOSPITAL SABON GARI,KADUNA,SABON GARI,2022-11-30,2022,11,4,2843.0,129.0,97.0,4222,15,798.0,20,15,3745.0,61,2887.0,2160.0,1905.0,2022-12-13,M&E Officer
NAS013,GENERAL HOSPITAL KEFFI II,NASARAWA,KEFFI,2024-03-01,2024,3,1,573.0,32.0,28.0,1637,22,103.0,5,4,946.0,23,1163.0,751.0,721.0,2024-04-15,Facility Focal Person
FCT009,MODEL PRIMARY HEALTH CENTRE KUJE II,FCT,KUJE,2022-05-31,2022,5,2,178.0,5.0,3.0,436,5,27.0,1,0,342.0,4,329.0,226.0,217.0,2022-06-13,M&E Officer
LAG007,PRIMARY HEALTH CENTRE IKORODU II,LAGOS,IKORODU,2023-05-31,2023,5,2,475.0,8.0,5.0,484,7,,1,0,345.0,8,343.0,322.0,303.0,2023-06-11,Data Clerk
RIV007,PRIMARY HEALTH CENTRE PORT HARCOURT II,RIVERS,PORT HARCOURT,2022-07-31,2022,7,3,466.0,3.0,2.0,710,3,146.0,0,0,661.0,16,524.0,443.0,413.0,2022-08-15,Facility Focal Person
KAD010,COTTAGE HOSPITAL CHIKUN II,KADUNA,CHIKUN,2023-06-30,2023,6,2,284.0,7.0,5.0,958,5,59.0,1,0,721.0,13,804.0,738.0,606.0,2023-07-16,Data Clerk
AKS011,COMPREHENSIVE HEALTH CENTRE ETINAN II,AKWA IBOM,ETINAN,2024-05-31,2024,5,2,123.0,1.0,0.0,333,5,14.0,1,0,291.0,4,285.0,190.0,185.0,2024-06-21,Facility Focal Person
AKS007,TEACHING HOSPITAL IKONO,AKWA IBOM,IKONO,2023-08-31,2023,8,3,1225.0,12.0,10.0,5839,60,186.0,3,2,4972.0,74,4507.0,3764.0,3682.0,2023-09-16,M&E Officer
RIV015,SPECIALIST HOSPITAL KHANA II,RIVERS,KHANA,2024-10-31,2024,10,4,496.0,24.0,19.0,2167,32,137.0,6,5,1279.0,18,1776.0,1017.0,975.0,2024-11-15,M&E Officer
LAG011,COTTAGE HOSPITAL AGEGE II,LAGOS,AGEGE,2022-09-30,2022,9,3,641.0,14.0,11.0,1796,3,135.0,1,0,1608.0,28,1373.0,1219.0,1043.0,2022-10-13,Data Clerk
XXX999,PRIMARY HEALTH CENTRE UYO II,AKWA IBOM,UYO,2023-04-30,2023,4,2,87.0,1.0,0.0,84,1,14.0,0,0,62.0,1,62.0,35.0,29.0,2023-05-13,Facility Focal Person
CRS005,TEACHING HOSPITAL AKAMKPA,CROSS RIVER,AKAMKPA,2022-01-01,2022,1,1,732.0,27.0,23.0,4740,41,95.0,2,1,2686.0,47,3455.0,1906.0,1692.0,2022-02-21,Data Clerk
RIV007,PRIMARY HEALTH CENTRE PORT HARCOURT II,RIVERS,PORT HARCOURT,2023-03-31,2023,3,1,425.0,3.0,2.0,664,8,127.0,1,0,477.0,9,456.0,273.0,235.0,2023-04-18,M&E Officer
FCT001,MISSION HOSPITAL AMAC,FCT,AMAC,2022-10-01,2022,10,4,877.0,8.0,7.0,,11,96.0,1,0,763.0,16,1162.0,818.0,785.0,2022-11-11,Facility Focal Person
AKS013,MODEL PRIMARY HEALTH CENTRE ABAK II,AKWA IBOM,ABAK,2022-06-30,2022,6,2,376.0,11.0,9.0,529,2,84.0,1,0,428.0,11,410.0,229.0,222.0,2022-06-01,Facility Focal Person
RIV004,MODEL PRIMARY HEALTH CENTRE AHOADA EAST,RIVERS,AHOADA EAST,2024-02-29,2024,2,1,467.0,15.0,12.0,836,11,47.0,0,0,517.0,11,621.0,353.0,310.0,2024-03-13,Facility Focal Person
AKS007,TEACHING HOSPITAL IKONO,AKWA IBOM,IKONO,2024-10-31,2024,10,4,876.0,9.0,7.0,5047,83,104.0,2,1,3057.0,53,3857.0,3405.0,2947.0,2024-11-15,M&E Officer
FCT002,GENERAL HOSPITAL BWARI,FCT,BWARI,2022-10-01,2022,10,4,81.0,2.0,1.0,620,5,16.0,0,0,553.0,13,430.0,384.0,341.0,2022-11-29,Data Clerk
XXX999,COMPREHENSIVE HEALTH CENTRE GBOKO II,BENUE,GBOKO,2024-07-31,2024,7,3,382.0,3.0,2.0,752,1,49.0,0,0,469.0,3,582.0,427.0,384.0,2024-08-18,Facility Focal Person
KAD013,SPECIALIST HOSPITAL ZARIA II,KADUNA,ZARIA,2023-07-31,2023,7,3,2163.0,76.0,70.0,2479,6,273.0,8,7,1400.0,31,2050.0,1323.0,1241.0,2023-08-15,Data Clerk
LAG015,MODEL PRIMARY HEALTH CENTRE BADAGRY II,LAGOS,BADAGRY,2023-11-30,2023,11,4,251.0,10.0,8.0,1086,4,42.0,1,0,,16,798.0,473.0,452.0,2023-12-21,Facility Focal Person
CRS006,PRIMARY HEALTH CENTRE CALABAR MUNICIPAL II,CROSS RIVER,CALABAR MUNICIPAL,2022-07-31,2022,7,3,472.0,15.0,12.0,1277,17,126.0,3,2,,13,1103.0,1017.0,855.0,2022-08-13,Data Clerk
LAG013,SPECIALIST HOSPITAL IKORODU II,LAGOS,IKORODU,2024-10-01,2024,10,4,2104.0,111.0,85.0,,58,234.0,8,6,5162.0,89,5140.0,3883.0,3204.0,2024-11-16,M&E Officer
LAG006,SPECIALIST HOSPITAL ALIMOSHO,LAGOS,ALIMOSHO,2024-04-30,2024,4,2,1135.0,18.0,17.0,4589,22,301.0,6,5,3111.0,42,3273.0,2549.0,2431.0,2024-05-16,M&E Officer
NAS009,COTTAGE HOSPITAL AKWANGA II,NASARAWA,AKWANGA,2024-03-31,2024,3,1,1201.0,7.0,5.0,472,7,190.0,0,0,308.0,3,424.0,371.0,346.0,2024-04-11,M&E Officer
RIV010,TEACHING HOSPITAL AHOADA EAST II,RIVERS,AHOADA EAST,2023-05-31,2023,5,2,832.0,19.0,14.0,3113,18,146.0,2,1,2039.0,46,2322.0,1488.0,1279.0,2023-06-11,M&E Officer
AKS013,MODEL PRIMARY HEALTH CENTRE ABAK II,AKWA IBOM,ABAK,2023-05-31,2023,5,2,513.0,10.0,8.0,593,7,116.0,4,3,363.0,9,432.0,278.0,261.0,2023-06-11,Data Clerk
BEN011,MODEL PRIMARY HEALTH CENTRE KATSINA-ALA II,BENUE,KATSINA-ALA,2024-10-31,2024,10,4,206.0,7.0,5.0,404,1,48.0,1,0,281.0,9,328.0,253.0,214.0,2024-11-21,Data Clerk
RIV005,MISSION HOSPITAL DEGEMA,RIVERS,DEGEMA,2024-09-30,2024,9,3,185.0,5.0,3.0,1267,9,25.0,0,0,1109.0,21,1049.0,889.0,811.0,2024-10-11,M&E Officer
NAS001,MODEL PRIMARY HEALTH CENTRE LAFIA,NASARAWA,LAFIA,2024-03-31,2024,3,1,216.0,2.0,1.0,404,7,65.0,1,0,222.0,1,327.0,302.0,278.0,2024-04-13,M&E Officer
XXX999,GENERAL HOSPITAL IKOT EKPENE,AKWA IBOM,IKOT EKPENE,2023-03-31,2023,3,1,303.0,2.0,1.0,630,2,60.0,0,0,433.0,7,580.0,500.0,422.0,2023-04-16,Data Clerk
LAG013,SPECIALIST HOSPITAL IKORODU II,LAGOS,IKORODU,2022-01-31,2022,1,1,1742.0,97.0,94.0,5922,20,514.0,10,8,3521.0,61,4462.0,4010.0,3349.0,2022-02-11,Data Clerk
LAG008,COTTAGE HOSPITAL LAGOS ISLAND II,LAGOS,LAGOS ISLAND,2024-10-31,2024,10,4,121.0,1.0,0.0,716,4,30.0,0,0,587.0,15,552.0,409.0,352.0,2024-11-13,Facility Focal Person
NAS009,COTTAGE HOSPITAL AKWANGA II,NASARAWA,AKWANGA,2024-01-01,2024,1,1,1025.0,4.0,3.0,472,8,320.0,1,0,265.0,6,,212.0,199.0,2023-12-10,Facility Focal Person
KAD013,SPECIALIST HOSPITAL ZARIA II,KADUNA,ZARIA,2024-01-31,2024,1,1,1953.0,102.0,86.0,2745,8,484.0,10,9,1849.0,41,2405.0,1744.0,1706.0,2024-02-29,Data Clerk
KAD013,SPECIALIST HOSPITAL ZARIA II,KADUNA,ZARIA,2024-08-31,2024,8,3,2369.0,108.0,97.0,3132,53,254.0,5,4,1880.0,33,2361.0,2088.0,1775.0,2024-09-15,Facility Focal Person
BEN003,GENERAL HOSPITAL OTUKPO,BENUE,OTUKPO,2023-05-31,2023,5,2,649.0,24.0,17.0,,18,100.0,2,1,1491.0,21,2039.0,1666.0,1502.0,2023-06-16,Data Clerk
AKS003,MODEL PRIMARY HEALTH CENTRE EKET,AKWA IBOM,EKET,2022-11-30,2022,11,4,440.0,10.0,7.0,215,3,104.0,1,0,129.0,0,170.0,161.0,137.0,2022-12-13,Facility Focal Person
CRS009,COMPREHENSIVE HEALTH CENTRE OBUDU II,CROSS RIVER,OBUDU,2022-12-31,2022,12,4,457.0,21.0,16.0,810,3,136.0,6,5,470.0,10,566.0,369.0,330.0,2023-01-15,Data Clerk
NAS002,COTTAGE HOSPITAL KARU,NASARAWA,KARU,2024-03-01,2024,3,1,472.0,4.0,3.0,302,4,77.0,1,0,263.0,4,225.0,175.0,168.0,2024-04-13,Facility Focal Person
KAD001,MODEL PRIMARY HEALTH CENTRE KADUNA NORTH,KADUNA,KADUNA NORTH,2024-05-31,2024,5,2,224.0,12.0,,749,8,24.0,0,0,665.0,10,580.0,504.0,445.0,2024-06-13,M&E Officer
NAS004,COTTAGE HOSPITAL AKWANGA,NASARAWA,AKWANGA,2023-08-31,2023,8,3,429.0,16.0,14.0,496,5,91.0,2,1,387.0,5,421.0,389.0,333.0,2023-09-18,M&E Officer
KAD010,COTTAGE HOSPITAL CHIKUN II,KADUNA,CHIKUN,2024-01-31,2024,1,1,223.0,12.0,11.0,965,11,30.0,1,0,782.0,16,803.0,483.0,432.0,2024-02-16,Data Clerk
KAD012,COMPREHENSIVE HEALTH CENTRE KADUNA SOUTH II,KADUNA,KADUNA SOUTH,2022-06-30,2022,6,2,503.0,9.0,7.0,652,11,76.0,1,0,486.0,4,564.0,486.0,463.0,2022-07-16,M&E Officer
BEN011,MODEL PRIMARY HEALTH CENTRE KATSINA-ALA II,BENUE,KATSINA-ALA,2024-01-31,2024,1,1,278.0,14.0,12.0,370,2,33.0,0,0,254.0,8,285.0,161.0,144.0,2024-02-11,Facility Focal Person
KAD004,SPECIALIST HOSPITAL SABON GARI,KADUNA,SABON GARI,2023-03-31,2023,3,1,2632.0,132.0,120.0,4438,61,718.0,21,19,3257.0,57,3581.0,2258.0,1988.0,2023-04-15,Facility Focal Person
LAG008,COTTAGE HOSPITAL LAGOS ISLAND II,LAGOS,LAGOS ISLAND,2024-02-29,2024,2,1,119.0,2.0,1.0,738,13,14.0,1,0,580.0,8,533.0,464.0,,2024-03-13,Facility Focal Person
LAG002,SPECIALIST HOSPITAL LAGOS ISLAND,LAGOS,LAGOS ISLAND,2023-05-31,2023,5,2,2144.0,132.0,114.0,,101,408.0,12,11,4843.0,95,5398.0,3857.0,3477.0,2023-06-11,Facility Focal Person
KAD002,TEACHING HOSPITAL KADUNA SOUTH,KADUNA,KADUNA SOUTH,2024-01-31,2024,1,1,1332.0,14.0,11.0,3780,49,363.0,2,1,3105.0,49,3498.0,3057.0,2512.0,2024-02-16,Facility Focal Person
LAG011,COTTAGE HOSPITAL AGEGE II,LAGOS,AGEGE,2024-01-01,2024,1,1,520.0,13.0,11.0,1631,29,59.0,1,0,1264.0,26,1352.0,1057.0,1010.0,2024-02-13,Facility Focal Person
AKS014,PRIMARY HEALTH CENTRE IKONO II,AKWA IBOM,IKONO,2022-08-31,2022,8,3,239.0,6.0,5.0,606,10,34.0,0,0,543.0,11,511.0,,320.0,2022-09-15,Facility Focal Person
AKS015,MISSION HOSPITAL UYO II,AKWA IBOM,UYO,2023-02-28,2023,2,1,722.0,32.0,25.0,2477,14,120.0,2,1,2063.0,31,1977.0,1580.0,1478.0,2023-03-21,Facility Focal Person
KAD005,COTTAGE HOSPITAL CHIKUN,KADUNA,CHIKUN,2024-07-01,2024,7,3,727.0,15.0,14.0,386,7,105.0,1,0,300.0,9,349.0,264.0,224.0,2024-08-15,Data Clerk
AKS012,COTTAGE HOSPITAL ORON II,AKWA IBOM,ORON,2022-09-30,2022,9,3,1069.0,61.0,43.0,5950,8,130.0,5,3,419.0,7,521.0,428.0,397.0,2022-10-13,Facility Focal Person
AKS011,COMPREHENSIVE HEALTH CENTRE ETINAN II,AKWA IBOM,ETINAN,2024-01-01,2024,1,1,100.0,4.0,,329,3,10.0,0,0,210.0,4,303.0,212.0,187.0,2024-02-21,Facility Focal Person
NAS010,TEACHING HOSPITAL NASARAWA II,NASARAWA,NASARAWA,2024-12-31,2024,12,4,1943.0,108.0,76.0,5870,30,546.0,23,17,3254.0,58,4667.0,2634.0,2496.0,2025-01-13,M&E Officer
NAS004,COTTAGE HOSPITAL AKWANGA,NASARAWA,AKWANGA,2024-03-31,2024,3,1,273.0,18.0,13.0,547,7,66.0,2,1,305.0,7,480.0,437.0,360.0,2024-04-13,Facility Focal Person
LAG001,PRIMARY HEALTH CENTRE IKORODU,LAGOS,IKORODU,2023-06-30,2023,6,2,631.0,12.0,,290,0,125.0,3,2,163.0,2,244.0,213.0,180.0,2023-08-15,Facility Focal Person
RIV005,MISSION HOSPITAL DEGEMA,RIVERS,DEGEMA,2022-05-31,2022,5,2,139.0,4.0,3.0,1509,7,20.0,0,0,1245.0,18,1216.0,1271.0,770.0,2022-06-21,Facility Focal Person
NAS003,COTTAGE HOSPITAL KEFFI,NASARAWA,KEFFI,2023-09-30,2023,9,3,387.0,10.0,7.0,1598,28,112.0,1,0,1325.0,24,1387.0,839.0,801.0,2023-10-16,Data Clerk
KAD005,COTTAGE HOSPITAL CHIKUN,KADUNA,CHIKUN,2024-11-30,2024,11,4,535.0,12.0,10.0,415,4,111.0,0,0,255.0,6,299.0,194.0,181.0,2024-12-18,Data Clerk
BEN005,MODEL PRIMARY HEALTH CENTRE KATSINA-ALA,BENUE,KATSINA-ALA,2023-05-01,2023,5,2,553.0,16.0,11.0,505,1,103.0,1,0,374.0,3,464.0,275.0,261.0,2023-06-21,M&E Officer
AKS002,GENERAL HOSPITAL IKOT EKPENE,AKWA IBOM,IKOT EKPENE,2024-03-31,2024,3,1,310.0,2.0,1.0,574,8,88.0,1,0,416.0,2,483.0,276.0,248.0,2024-04-13,Data Clerk
CRS004,COMPREHENSIVE HEALTH CENTRE OBUDU,CROSS RIVER,OBUDU,2023-01-31,2023,1,1,159.0,3.0,2.0,451,7,45.0,0,0,365.0,5,370.0,328.0,317.0,2023-02-13,M&E Officer
RIV009,MISSION HOSPITAL KHANA II,RIVERS,KHANA,2024-01-31,2024,1,1,355.0,1.0,0.0,775,2,103.0,0,0,684.0,10,701.0,524.0,449.0,2024-02-18,Data Clerk
NAS013,GENERAL HOSPITAL KEFFI II,NASARAWA,KEFFI,2024-07-01,2024,7,3,666.0,38.0,30.0,1661,29,175.0,4,3,1301.0,23,1501.0,1198.0,1091.0,2024-09-15,M&E Officer
NAS013,GENERAL HOSPITAL KEFFI II,NASARAWA,KEFFI,2022-09-30,2022,9,3,590.0,28.0,21.0,1639,22,106.0,3,2,1503.0,27,1120.0,624.0,594.0,2022-10-13,M&E Officer
BEN006,PRIMARY HEALTH CENTRE VANDEIKYA,BENUE,VANDEIKYA,2022-07-31,2022,7,3,199.0,7.0,5.0,314,5,51.0,2,1,283.0,9,278.0,190.0,180.0,2022-08-18,Data Clerk
AKS007,TEACHING HOSPITAL IKONO,AKWA IBOM,IKONO,2022-08-31,2022,8,3,973.0,14.0,13.0,6523,66,192.0,3,2,3675.0,66,5899.0,3703.0,3521.0,2022-09-15,M&E Officer
FCT002,GENERAL HOSPITAL BWARI,FCT,BWARI,2022-02-28,2022,2,1,98.0,1.0,0.0,650,8,25.0,2,1,533.0,11,479.0,426.0,370.0,2022-03-13,Facility Focal Person
KAD013,SPECIALIST HOSPITAL ZARIA II,KADUNA,ZARIA,2022-12-31,2022,12,4,1332.0,56.0,40.0,2059,27,354.0,6,4,1908.0,34,1478.0,1261.0,1131.0,2023-01-15,M&E Officer
AKS011,COMPREHENSIVE HEALTH CENTRE ETINAN II,AKWA IBOM,ETINAN,2023-02-28,2023,2,1,107.0,10.0,9.0,307,4,11.0,0,0,284.0,6,246.0,218.0,206.0,2023-03-16,Facility Focal Person
LAG006,SPECIALIST HOSPITAL ALIMOSHO,LAGOS,ALIMOSHO,2024-05-31,2024,5,2,936.0,25.0,23.0,4547,65,145.0,0,0,2744.0,46,3693.0,2812.0,2749.0,2024-06-16,Data Clerk
NAS008,COMPREHENSIVE HEALTH CENTRE KEFFI II,NASARAWA,KEFFI,2022-04-30,2022,4,2,64.0,3.0,2.0,974,9,13.0,1,0,565.0,6,830.0,554.0,473.0,2022-05-13,M&E Officer
KAD014,GENERAL HOSPITAL SABON GARI II,KADUNA,SABON GARI,2024-06-30,2024,6,2,325.0,8.0,5.0,2180,44,57.0,1,0,1203.0,31,,1161.0,1022.0,2024-07-18,Data Clerk
RIV002,TEACHING HOSPITAL OBIO/AKPOR,RIVERS,OBIO/AKPOR,2024-01-31,2024,1,1,1548.0,27.0,20.0,4330,79,443.0,8,7,2821.0,48,3741.0,2494.0,2219.0,2024-02-13,Facility Focal Person
NAS010,TEACHING HOSPITAL NASARAWA II,NASARAWA,NASARAWA,2023-05-31,2023,5,2,2563.0,97.0,94.0,4890,37,790.0,17,13,2693.0,45,4135.0,3690.0,3362.0,2023-06-29,Facility Focal Person
CRS003,SPECIALIST HOSPITAL OGOJA,CROSS RIVER,OGOJA,2023-06-01,2023,6,2,1584.0,56.0,46.0,5246,93,308.0,6,5,4710.0,91,4295.0,2544.0,2143.0,2023-07-11,M&E Officer
CRS003,SPECIALIST HOSPITAL OGOJA,CROSS RIVER,OGOJA,2022-09-30,2022,9,3,1696.0,53.0,45.0,5463,96,534.0,5,4,4041.0,61,4936.0,2844.0,,2022-10-18,Data Clerk
RIV008,TEACHING HOSPITAL OBIO/AKPOR II,RIVERS,OBIO/AKPOR,2022-06-30,2022,6,2,1807.0,82.0,74.0,,20,423.0,9,7,2350.0,42,3426.0,2009.0,1945.0,2022-07-15,Data Clerk
KAD005,COTTAGE HOSPITAL CHIKUN,KADUNA,CHIKUN,2024-08-31,2024,8,3,800.0,19.0,18.0,402,2,87.0,2,1,293.0,0,338.0,286.0,244.0,2024-09-18,M&E Officer
AKS001,COMPREHENSIVE HEALTH CENTRE UYO,AKWA IBOM,UYO,2022-10-31,2022,10,4,431.0,5.0,3.0,317,4,71.0,1,0,225.0,7,226.0,201.0,196.0,2022-11-15,M&E Officer
FCT010,MODEL PRIMARY HEALTH CENTRE ABAJI II,FCT,ABAJI,2023-06-30,2023,6,2,590.0,17.0,13.0,374,3,121.0,3,2,286.0,6,271.0,230.0,195.0,2023-07-11,Facility Focal Person
LAG010,PRIMARY HEALTH CENTRE SURULERE II,LAGOS,SURULERE,2022-05-31,2022,5,2,573.0,27.0,22.0,910,14,153.0,4,3,723.0,17,732.0,606.0,517.0,2022-06-18,Data Clerk
LAG007,PRIMARY HEALTH CENTRE IKORODU II,LAGOS,IKORODU,2022-07-31,2022,7,3,553.0,18.0,17.0,440,5,89.0,2,1,260.0,3,309.0,194.0,185.0,2022-08-13,Data Clerk
RIV005,MISSION HOSPITAL DEGEMA,RIVERS,DEGEMA,2024-01-31,2024,1,1,149.0,1.0,0.0,1321,7,40.0,0,0,783.0,12,1119.0,827.0,733.0,2024-02-29,Facility Focal Person
AKS008,PRIMARY HEALTH CENTRE UYO II,AKWA IBOM,UYO,2022-04-30,2022,4,2,81.0,,0.0,83,0,13.0,0,0,77.0,2,73.0,43.0,40.0,2022-05-13,Facility Focal Person
KAD007,MODEL PRIMARY HEALTH CENTRE KADUNA SOUTH II,KADUNA,KADUNA SOUTH,2023-07-01,2023,7,3,263.0,6.0,5.0,1132,4,47.0,0,0,761.0,22,785.0,723.0,699.0,2023-08-11,Facility Focal Person
LAG001,PRIMARY HEALTH CENTRE IKORODU,LAGOS,IKORODU,2022-02-28,2022,2,1,481.0,12.0,10.0,184,2,93.0,1,0,139.0,1,159.0,104.0,100.0,2022-03-15,Data Clerk
AKS011,COMPREHENSIVE HEALTH CENTRE ETINAN II,AKWA IBOM,ETINAN,2024-06-01,2024,6,2,137.0,5.0,4.0,336,1,30.0,0,0,238.0,1,281.0,252.0,209.0,2024-07-15,Data Clerk
NAS003,COTTAGE HOSPITAL KEFFI,NASARAWA,KEFFI,2024-06-30,2024,6,2,378.0,8.0,6.0,1478,18,103.0,2,1,1289.0,33,1363.0,1129.0,1055.0,2024-07-21,Data Clerk
CRS011,COMPREHENSIVE HEALTH CENTRE CALABAR MUNICIPAL II,CROSS RIVER,CALABAR MUNICIPAL,2024-05-31,2024,5,2,410.0,8.0,7.0,491,2,102.0,0,0,382.0,7,410.0,312.0,273.0,2024-06-13,Data Clerk
NAS999,PRIMARY HEALTH CENTRE OTUKPO II,BENUE,OTUKPO,2022-02-28,2022,2,1,120.0,6.0,5.0,887,12,34.0,1,0,700.0,17,698.0,560.0,465.0,2022-03-11,Facility Focal Person
KAD008,MODEL PRIMARY HEALTH CENTRE ZARIA II,KADUNA,ZARIA,2022-09-30,2022,9,3,332.0,11.0,8.0,1220,7,92.0,2,1,1038.0,18,913.0,816.0,775.0,2022-10-21,Facility Focal Person
RIV011,MODEL PRIMARY HEALTH CENTRE DEGEMA II,RIVERS,DEGEMA,2024-01-31,2024,1,1,308.0,18.0,14.0,908,13,48.0,1,0,554.0,6,688.0,547.0,515.0,2024-02-13,Facility Focal Person
KAD003,MISSION HOSPITAL ZARIA,KADUNA,ZARIA,2024-08-31,2024,8,3,1475.0,70.0,49.0,2988,19,296.0,13,11,2332.0,47,2265.0,1345.0,1175.0,2024-09-18,Facility Focal Person
CRS015,MODEL PRIMARY HEALTH CENTRE AKAMKPA II,CROSS RIVER,AKAMKPA,2022-12-01,2022,12,4,52.0,0.0,0.0,562,8,10.0,0,0,440.0,8,390.0,245.0,217.0,2023-01-21,Data Clerk
FCT010,MODEL PRIMARY HEALTH CENTRE ABAJI II,FCT,ABAJI,2024-05-31,2024,5,2,637.0,22.0,16.0,460,5,108.0,2,1,399.0,10,378.0,303.0,289.0,2024-06-13,Data Clerk
LAG012,PRIMARY HEALTH CENTRE ALIMOSHO II,LAGOS,ALIMOSHO,2024-01-31,2024,1,1,189.0,12.0,9.0,646,9,42.0,2,1,541.0,13,447.0,479.0,233.0,2024-02-11,M&E Officer
NAS001,MODEL PRIMARY HEALTH CENTRE LAFIA,NASARAWA,LAFIA,2024-09-30,2024,9,3,196.0,4.0,3.0,388,7,20.0,0,0,215.0,4,317.0,207.0,183.0,2024-10-13,Facility Focal Person
BEN005,MODEL PRIMARY HEALTH CENTRE KATSINA-ALA,BENUE,KATSINA-ALA,2022-01-31,2022,1,1,430.0,10.0,9.0,406,-19,103.0,2,1,321.0,3,355.0,202.0,181.0,2022-02-13,Facility Focal Person
KAD009,MODEL PRIMARY HEALTH CENTRE SABON GARI II,KADUNA,SABON GARI,2023-11-30,2023,11,4,421.0,15.0,13.0,891,13,76.0,0,0,606.0,10,637.0,383.0,329.0,2023-12-13,M&E Officer
FCT011,COTTAGE HOSPITAL AMAC II,FCT,AMAC,2024-10-31,2024,10,4,450.0,23.0,16.0,1969,23,119.0,3,2,1418.0,22,1355.0,,963.0,2024-11-21,M&E Officer
NAS999,PRIMARY HEALTH CENTRE SURULERE II,LAGOS,SURULERE,2022-07-31,2022,7,3,563.0,20.0,14.0,923,5,76.0,1,0,667.0,9,664.0,,379.0,2022-08-13,M&E Officer
RIV006,COTTAGE HOSPITAL ELEME,RIVERS,ELEME,2023-08-31,2023,8,3,1731.0,84.0,78.0,2599,34,426.0,8,7,2179.0,38,2398.0,1346.0,1167.0,2023-09-16,Facility Focal Person
AKS002,GENERAL HOSPITAL IKOT EKPENE,AKWA IBOM,IKOT EKPENE,2022-05-31,2022,5,2,243.0,3.0,2.0,679,1,57.0,0,0,460.0,10,605.0,396.0,374.0,2022-06-16,Data Clerk
RIV010,TEACHING HOSPITAL AHOADA EAST II,RIVERS,AHOADA EAST,2022-05-31,2022,5,2,890.0,20.0,14.0,3322,66,185.0,2,1,2571.0,38,2907.0,2098.0,1847.0,2022-06-15,Facility Focal Person
KAD003,MISSION HOSPITAL ZARIA,KADUNA,ZARIA,2022-12-31,2022,12,4,777.0,22.0,19.0,2612,52,,0,0,1777.0,28,1969.0,1401.0,1370.0,2023-01-11,M&E Officer
AKS015,MISSION HOSPITAL UYO II,AKWA IBOM,UYO,2024-12-31,2024,12,4,795.0,39.0,37.0,2431,40,202.0,3,2,2242.0,51,1801.0,1320.0,1217.0,2025-01-15,M&E Officer
CRS001,MODEL PRIMARY HEALTH CENTRE CALABAR MUNICIPAL,CROSS RIVER,CALABAR MUNICIPAL,2023-05-31,2023,5,2,241.0,15.0,13.0,666,7,43.0,3,2,424.0,11,458.0,347.0,308.0,2023-06-29,M&E Officer
CRS005,TEACHING HOSPITAL AKAMKPA,CROSS RIVER,AKAMKPA,2022-11-01,2022,11,4,665.0,26.0,25.0,4429,67,69.0,0,0,2873.0,48,3360.0,2506.0,2120.0,2022-12-21,M&E Officer
KAD002,TEACHING HOSPITAL KADUNA SOUTH,KADUNA,KADUNA SOUTH,2023-02-28,2023,2,1,1488.0,23.0,20.0,4149,77,277.0,1,0,2407.0,48,3296.0,2117.0,1817.0,2023-03-15,Data Clerk
XXX999,TEACHING HOSPITAL NASARAWA II,NASARAWA,NASARAWA,2023-11-01,2023,11,4,1938.0,70.0,54.0,5191,65,310.0,4,3,4658.0,90,4118.0,3345.0,3265.0,2023-12-13,M&E Officer
NAS006,PRIMARY HEALTH CENTRE LAFIA II,NASARAWA,LAFIA,2024-08-31,2024,8,3,291.0,8.0,6.0,923,10,59.0,2,1,693.0,10,,665.0,629.0,2024-09-18,Facility Focal Person
KAD001,MODEL PRIMARY HEALTH CENTRE KADUNA NORTH,KADUNA,KADUNA NORTH,2024-04-30,2024,4,2,241.0,11.0,9.0,749,-3,36.0,0,0,420.0,8,527.0,299.0,278.0,2024-05-11,Data Clerk
BEN009,PRIMARY HEALTH CENTRE OTUKPO II,BENUE,OTUKPO,2022-08-31,2022,8,3,300.0,,0.0,470,8,56.0,0,0,404.0,11,321.0,294.0,266.0,2022-09-21,Facility Focal Person
BEN002,SPECIALIST HOSPITAL GBOKO,BENUE,GBOKO,2024-06-30,2024,6,2,3177.0,49.0,47.0,4400,20,550.0,4,3,4155.0,77,3293.0,2533.0,2154.0,2024-07-16,Facility Focal Person
RIV014,COTTAGE HOSPITAL OBIO/AKPOR II,RIVERS,OBIO/AKPOR,2023-12-31,2023,12,4,872.0,6.0,5.0,665,9,244.0,1,0,386.0,6,460.0,276.0,269.0,2024-01-13,Facility Focal Person
AKS011,COMPREHENSIVE HEALTH CENTRE ETINAN II,AKWA IBOM,ETINAN,2023-01-31,2023,1,1,,1.0,0.0,302,2,18.0,0,0,177.0,3,235.0,215.0,194.0,2023-02-18,Facility Focal Person
RIV004,MODEL PRIMARY HEALTH CENTRE AHOADA EAST,RIVERS,AHOADA EAST,2023-08-31,2023,8,3,482.0,10.0,8.0,853,9,109.0,3,2,709.0,10,680.0,587.0,553.0,2023-09-13,Data Clerk
CRS007,MODEL PRIMARY HEALTH CENTRE IKOM II,CROSS RIVER,IKOM,2024-07-31,2024,7,3,164.0,3.0,2.0,303,5,46.0,0,0,236.0,4,239.0,209.0,180.0,2024-08-13,M&E Officer
KAD009,MODEL PRIMARY HEALTH CENTRE SABON GARI II,KADUNA,SABON GARI,2024-12-31,2024,12,4,469.0,30.0,26.0,1027,4,105.0,4,3,927.0,14,774.0,592.0,490.0,2025-01-15,Data Clerk
AKS010,GENERAL HOSPITAL EKET II,AKWA IBOM,EKET,2024-10-31,2024,10,4,590.0,15.0,12.0,1578,3,70.0,0,0,1226.0,15,1442.0,1000.0,841.0,2024-11-29,Facility Focal Person
RIV012,PRIMARY HEALTH CENTRE ELEME II,RIVERS,ELEME,2024-08-31,2024,8,3,645.0,20.0,18.0,1044,6,154.0,0,0,598.0,9,753.0,619.0,553.0,2024-09-11,Data Clerk
KAD004,SPECIALIST HOSPITAL SABON GARI,KADUNA,SABON GARI,2024-04-30,2024,4,2,2955.0,151.0,149.0,5175,26,384.0,12,11,3260.0,44,3603.0,3025.0,2536.0,2024-05-18,M&E Officer
KAD003,MISSION HOSPITAL ZARIA,KADUNA,ZARIA,2023-04-30,2023,4,2,1402.0,48.0,43.0,2636,51,311.0,4,3,1851.0,29,2291.0,1593.0,1367.0,2023-05-21,M&E Officer
BEN008,TEACHING HOSPITAL GBOKO II,BENUE,GBOKO,2024-02-29,2024,2,1,2623.0,88.0,65.0,6251,94,816.0,12,10,5352.0,94,4529.0,2529.0,2212.0,2024-03-15,Data Clerk
RIV014,COTTAGE HOSPITAL OBIO/AKPOR II,RIVERS,OBIO/AKPOR,2024-04-30,2024,4,2,1015.0,9.0,7.0,665,9,193.0,2,1,451.0,8,558.0,389.0,372.0,2024-05-13,Facility Focal Person
TMP001,MODEL PRIMARY HEALTH CENTRE SABON GARI II,KADUNA,SABON GARI,2024-11-30,2024,11,4,540.0,15.0,12.0,1005,5,111.0,5,4,838.0,15,903.0,546.0,523.0,2024-12-11,Facility Focal Person
AKS014,PRIMARY HEALTH CENTRE IKONO II,AKWA IBOM,IKONO,2022-03-31,2022,3,1,155.0,5.0,4.0,602,4,38.0,1,0,560.0,15,508.0,435.0,408.0,2022-04-16,Data Clerk
KAD001,MODEL PRIMARY HEALTH CENTRE KADUNA NORTH,KADUNA,KADUNA NORTH,2022-08-31,2022,8,3,186.0,13.0,10.0,786,6,36.0,0,0,439.0,6,688.0,631.0,,2022-09-21,M&E Officer
CRS003,SPECIALIST HOSPITAL OGOJA,CROSS RIVER,OGOJA,2024-02-01,2024,2,1,1728.0,60.0,56.0,5170,96,487.0,10,9,3915.0,82,3744.0,2615.0,2291.0,2024-03-13,M&E Officer
CRS012,MODEL PRIMARY HEALTH CENTRE IKOM II,CROSS RIVER,IKOM,2022-12-31,2022,12,4,313.0,3.0,2.0,811,10,70.0,2,1,532.0,9,660.0,456.0,441.0,2023-01-29,Facility Focal Person
BEN009,PRIMARY HEALTH CENTRE OTUKPO II,BENUE,OTUKPO,2024-09-30,2024,9,3,328.0,11.0,10.0,437,5,54.0,0,0,297.0,4,347.0,292.0,279.0,2024-10-13,Data Clerk
CRS010,COMPREHENSIVE HEALTH CENTRE AKAMKPA II,CROSS RIVER,AKAMKPA,2024-07-31,2024,7,3,96.0,3.0,2.0,340,5,14.0,0,0,263.0,3,246.0,185.0,151.0,2024-08-18,M&E Officer
NAS002,COTTAGE HOSPITAL KARU,NASARAWA,KARU,2024-10-01,2024,10,4,,1.0,0.0,288,1,130.0,1,0,161.0,4,200.0,,115.0,2024-11-18,Data Clerk
NAS010,TEACHING HOSPITAL NASARAWA II,NASARAWA,NASARAWA,2024-09-30,2024,9,3,2211.0,93.0,88.0,5732,76,497.0,13,11,5126.0,93,3976.0,2598.0,2282.0,2024-10-15,Facility Focal Person
BEN014,COMPREHENSIVE HEALTH CENTRE GBOKO II,BENUE,GBOKO,2022-06-30,2022,6,2,436.0,5.0,4.0,886,8,61.0,1,0,518.0,5,614.0,475.0,441.0,2022-07-11,Data Clerk
CRS004,COMPREHENSIVE HEALTH CENTRE OBUDU,CROSS RIVER,OBUDU,2024-12-31,2024,12,4,156.0,6.0,5.0,460,8,28.0,1,0,365.0,6,345.0,215.0,209.0,2025-01-18,Facility Focal Person
BEN006,PRIMARY HEALTH CENTRE VANDEIKYA,BENUE,VANDEIKYA,2022-01-31,2022,1,1,171.0,8.0,7.0,305,0,42.0,1,0,179.0,5,226.0,138.0,114.0,2022-02-21,M&E Officer
LAG014,COTTAGE HOSPITAL LAGOS ISLAND II,LAGOS,LAGOS ISLAND,2022-11-01,2022,11,4,540.0,2.0,1.0,1885,20,135.0,2,1,1040.0,14,1596.0,1366.0,1194.0,2022-12-16,Facility Focal Person
CRS007,MODEL PRIMARY HEALTH CENTRE IKOM II,CROSS RIVER,IKOM,2024-01-01,2024,1,1,100.0,154.0,2.0,309,1,20.0,0,0,197.0,7,277.0,177.0,158.0,2024-02-11,Data Clerk
CRS008,COTTAGE HOSPITAL OGOJA II,CROSS RIVER,OGOJA,2024-07-31,2024,7,3,680.0,25.0,23.0,2136,30,75.0,1,0,1596.0,23,1726.0,1071.0,881.0,2024-08-13,Data Clerk
BEN014,COMPREHENSIVE HEALTH CENTRE GBOKO II,BENUE,GBOKO,2022-12-31,2022,12,4,352.0,4.0,3.0,853,1,94.0,0,0,476.0,10,702.0,503.0,431.0,2023-01-13,Data Clerk
BEN005,MODEL PRIMARY HEALTH CENTRE KATSINA-ALA,BENUE,KATSINA-ALA,2024-07-31,2024,7,3,834.0,22.0,20.0,581,8,259.0,279,2,346.0,3,505.0,,304.0,2024-08-21,Data Clerk
LAG003,TEACHING HOSPITAL BADAGRY,LAGOS,BADAGRY,2022-12-01,2022,12,4,2435.0,125.0,117.0,6337,98,593.0,21,16,3739.0,70,4504.0,3495.0,3300.0,2023-01-29,Facility Focal Person
NAS014,TEACHING HOSPITAL AKWANGA II,NASARAWA,AKWANGA,2022-08-31,2022,8,3,2843.0,80.0,70.0,4813,9,647.0,10,9,4504.0,68,4378.0,3660.0,3431.0,2022-09-11,M&E Officer
NAS014,TEACHING HOSPITAL AKWANGA II,NASARAWA,AKWANGA,2023-12-31,2023,12,4,1834.0,46.0,37.0,4938,18,254.0,4,3,3272.0,49,4195.0,3707.0,3181.0,2024-01-11,Data Clerk
CRS002,COMPREHENSIVE HEALTH CENTRE IKOM,CROSS RIVER,IKOM,2023-04-30,2023,4,2,173.0,3.0,2.0,204,1,53.0,101,0,164.0,2,139.0,99.0,93.0,2023-05-16,Facility Focal Person
KAD007,MODEL PRIMARY HEALTH CENTRE KADUNA SOUTH II,KADUNA,KADUNA SOUTH,2023-10-31,2023,10,4,217.0,9.0,6.0,1133,5,59.0,1,0,965.0,18,1044.0,736.0,709.0,2023-11-21,Facility Focal Person
AKS003,MODEL PRIMARY HEALTH CENTRE EKET,AKWA IBOM,EKET,2022-08-31,2022,8,3,656.0,21.0,17.0,193,0,200.0,1,0,130.0,0,139.0,106.0,100.0,2022-09-13,M&E Officer
BEN003,GENERAL HOSPITAL OTUKPO,BENUE,OTUKPO,2023-09-30,2023,9,3,555.0,13.0,12.0,2452,18,141.0,2,1,2232.0,45,2070.0,1183.0,1013.0,2023-10-11,Facility Focal Person
RIV008,TEACHING HOSPITAL OBIO/AKPOR II,RIVERS,OBIO/AKPOR,2023-11-01,2023,11,4,1460.0,61.0,54.0,4111,38,174.0,8,7,3066.0,49,3360.0,3073.0,2843.0,2023-12-21,M&E Officer
LAG007,PRIMARY HEALTH CENTRE IKORODU II,LAGOS,IKORODU,2023-09-30,2023,9,3,524.0,28.0,26.0,553,3,131.0,5,3,524.0,11,396.0,,285.0,2023-10-11,M&E Officer
FCT002,GENERAL HOSPITAL BWARI,FCT,BWARI,2024-05-31,2024,5,2,166.0,4.0,3.0,573,3,17.0,0,0,323.0,1,514.0,289.0,279.0,2024-06-29,Facility Focal Person
KAD001,MODEL PRIMARY HEALTH CENTRE KADUNA NORTH,KADUNA,KADUNA NORTH,2023-12-31,2023,12,4,155.0,5.0,4.0,756,8,45.0,1,0,564.0,9,529.0,346.0,335.0,2024-01-11,Facility Focal Person
RIV005,MISSION HOSPITAL DEGEMA,RIVERS,DEGEMA,2022-01-31,2022,1,1,106.0,0.0,0.0,1555,26,29.0,0,0,1349.0,37,1215.0,950.0,884.0,2022-02-18,Data Clerk
NAS007,GENERAL HOSPITAL KARU II,NASARAWA,KARU,2022-09-30,2022,9,3,644.0,1.0,0.0,2494,47,65.0,0,0,2183.0,41,1874.0,1231.0,1144.0,2022-10-16,Data Clerk
LAG014,COTTAGE HOSPITAL LAGOS ISLAND II,LAGOS,LAGOS ISLAND,2023-10-31,2023,10,4,477.0,0.0,0.0,,29,99.0,1,0,1365.0,17,1385.0,926.0,899.0,2023-11-16,Facility Focal Person
AKS004,COMPREHENSIVE HEALTH CENTRE ETINAN,AKWA IBOM,ETINAN,2024-02-29,2024,2,1,220.0,10.0,7.0,943,11,66.0,0,0,799.0,18,653.0,463.0,447.0,2024-03-11,Facility Focal Person
BEN002,SPECIALIST HOSPITAL GBOKO,BENUE,GBOKO,2024-01-31,2024,1,1,2021.0,2038.0,20.0,4450,50,609.0,4,3,3501.0,67,3574.0,2938.0,2744.0,2024-02-13,Facility Focal Person
RIV011,MODEL PRIMARY HEALTH CENTRE DEGEMA II,RIVERS,DEGEMA,2024-10-31,2024,10,4,387.0,19.0,15.0,971,9,112.0,2,1,579.0,10,801.0,537.0,464.0,2024-11-13,M&E Officer
RIV011,MODEL PRIMARY HEALTH CENTRE DEGEMA II,RIVERS,DEGEMA,2024-05-31,2024,5,2,434.0,14.0,12.0,935,9,107.0,2,1,675.0,8,825.0,534.0,488.0,2024-06-13,Facility Focal Person
RIV008,TEACHING HOSPITAL OBIO/AKPOR II,RIVERS,OBIO/AKPOR,2024-08-31,2024,8,3,1863.0,78.0,59.0,4224,38,249.0,8,6,2332.0,48,3458.0,2056.0,1961.0,2024-09-11,Data Clerk
CRS007,MODEL PRIMARY HEALTH CENTRE IKOM II,CROSS RIVER,IKOM,2024-11-30,2024,11,4,132.0,3.0,2.0,305,4,29.0,2,1,286.0,5,274.0,247.0,239.0,2024-12-18,Data Clerk
NAS005,MISSION HOSPITAL NASARAWA,NASARAWA,NASARAWA,2024-03-31,2024,3,1,1488.0,38.0,-21.0,689,4,470.0,8,7,,7,555.0,398.0,367.0,2024-04-13,Data Clerk
BEN013,MODEL PRIMARY HEALTH CENTRE MAKURDI II,BENUE,MAKURDI,2023-12-31,2023,12,4,486.0,29.0,27.0,680,6,124.0,2,1,628.0,8,624.0,556.0,489.0,2024-01-11,Facility Focal Person
BEN004,GENERAL HOSPITAL OKPOKWU,BENUE,OKPOKWU,2024-03-31,2024,3,1,1247.0,12.0,11.0,405,5,268.0,2,1,286.0,7,364.0,269.0,220.0,2024-04-13,Data Clerk
XXX999,MISSION HOSPITAL UYO II,AKWA IBOM,UYO,2022-01-31,2022,1,1,549.0,27.0,22.0,2467,11,130.0,5,4,1940.0,49,1729.0,1328.0,1248.0,2022-02-13,M&E Officer
CRS002,COMPREHENSIVE HEALTH CENTRE IKOM,CROSS RIVER,IKOM,2022-09-30,2022,9,3,184.0,12.0,9.0,182,2,43.0,4,3,163.0,4,134.0,99.0,88.0,2022-10-25,Data Clerk
FCT007,SPECIALIST HOSPITAL BWARI II,FCT,BWARI,2023-12-01,2023,12,4,2015.0,52.0,38.0,4243,65,423.0,8,6,3150.0,63,3510.0,3078.0,2675.0,2024-01-11,M&E Officer
LAG011,COTTAGE HOSPITAL AGEGE II,LAGOS,AGEGE,2023-09-30,2023,9,3,556.0,9.0,6.0,,16,75.0,3,2,1417.0,14,1188.0,822.0,786.0,2023-10-11,Facility Focal Person
FCT008,TEACHING HOSPITAL GWAGWALADA II,FCT,GWAGWALADA,2024-03-31,2024,3,1,809.0,42.0,39.0,4769,84,158.0,3,2,4072.0,66,3368.0,3110.0,3030.0,2024-04-13,Facility Focal Person
TMP001,PRIMARY HEALTH CENTRE KADUNA NORTH II,KADUNA,KADUNA NORTH,2023-08-31,2023,8,3,296.0,11.0,7.0,568,2,77.0,2,1,371.0,11,442.0,303.0,269.0,2023-09-16,Facility Focal Person
LAG010,PRIMARY HEALTH CENTRE SURULERE II,LAGOS,SURULERE,2023-07-31,2023,7,3,544.0,14.0,9.0,961,5,89.0,1,0,550.0,13,666.0,446.0,387.0,2023-08-16,M&E Officer
BEN009,PRIMARY HEALTH CENTRE OTUKPO II,BENUE,OTUKPO,2023-09-30,2023,9,3,250.0,1.0,0.0,451,2,40.0,0,0,264.0,5,341.0,310.0,288.0,2023-10-11,Data Clerk
RIV010,TEACHING HOSPITAL AHOADA EAST II,RIVERS,AHOADA EAST,2024-07-31,2024,7,3,1152.0,34.0,31.0,2932,44,119.0,4,3,1857.0,29,2499.0,1877.0,1769.0,2024-08-16,Data Clerk
RIV009,MISSION HOSPITAL KHANA II,RIVERS,KHANA,2022-01-01,2022,1,1,300.0,4.0,3.0,891,14,68.0,0,0,776.0,8,778.0,726.0,603.0,2022-02-21,Facility Focal Person
AKS013,MODEL PRIMARY HEALTH CENTRE ABAK II,AKWA IBOM,ABAK,2023-12-31,2023,12,4,355.0,19.0,17.0,633,7,94.0,1,0,382.0,7,555.0,511.0,484.0,2024-01-18,Data Clerk
FCT011,COTTAGE HOSPITAL AMAC II,FCT,AMAC,2022-08-31,2022,8,3,341.0,11.0,10.0,2269,27,97.0,0,0,2011.0,39,1854.0,1528.0,1457.0,2022-09-13,Data Clerk
LAG002,SPECIALIST HOSPITAL LAGOS ISLAND,LAGOS,LAGOS ISLAND,2024-08-31,2024,8,3,2147.0,116.0,88.0,6105,51,532.0,22,21,4582.0,83,5211.0,3169.0,2998.0,2024-09-29,Facility Focal Person
NAS010,TEACHING HOSPITAL NASARAWA II,NASARAWA,NASARAWA,2022-01-31,2022,1,1,,64.0,53.0,4509,79,233.0,7,6,3778.0,48,4114.0,3297.0,2933.0,2022-02-15,Data Clerk
NAS009,COTTAGE HOSPITAL AKWANGA II,NASARAWA,AKWANGA,2024-07-31,2024,7,3,1431.0,10.0,7.0,480,9,166.0,0,0,335.0,5,423.0,398.0,349.0,2024-08-15,M&E Officer
NAS013,GENERAL HOSPITAL KEFFI II,NASARAWA,KEFFI,2024-06-30,2024,6,2,772.0,39.0,28.0,1660,28,232.0,5,4,1429.0,25,1368.0,1162.0,965.0,2024-07-15,Data Clerk
NAS006,PRIMARY HEALTH CENTRE LAFIA II,NASARAWA,LAFIA,2024-12-01,2024,12,4,278.0,10.0,9.0,941,5,49.0,0,0,729.0,12,700.0,414.0,396.0,2025-01-13,Facility Focal Person
RIV004,MODEL PRIMARY HEALTH CENTRE AHOADA EAST,RIVERS,AHOADA EAST,2022-05-31,2022,5,2,531.0,8.0,6.0,869,13,164.0,3,2,491.0,0,621.0,547.0,483.0,2022-06-21,Data Clerk
AKS005,COMPREHENSIVE HEALTH CENTRE ORON,AKWA IBOM,ORON,2024-05-31,2024,5,2,149.0,2.0,1.0,994,16,16.0,0,0,720.0,13,786.0,796.0,432.0,2024-06-29,Facility Focal Person
CRS009,COMPREHENSIVE HEALTH CENTRE OBUDU II,CROSS RIVER,OBUDU,2022-05-31,2022,5,2,551.0,19.0,13.0,716,7,127.0,3,2,476.0,7,654.0,468.0,406.0,2022-06-18,Facility Focal Person
KAD015,GENERAL HOSPITAL CHIKUN II,KADUNA,CHIKUN,2022-01-31,2022,1,1,329.0,4.0,3.0,,20,39.0,0,0,1363.0,24,1792.0,1426.0,1213.0,2022-02-15,Facility Focal Person
LAG099,GENERAL HOSPITAL IKOT EKPENE,AKWA IBOM,IKOT EKPENE,2022-03-31,2022,3,1,253.0,1.0,0.0,687,6,38.0,0,0,567.0,12,623.0,430.0,417.0,2022-04-18,Data Clerk
CRS011,COMPREHENSIVE HEALTH CENTRE CALABAR MUNICIPAL II,CROSS RIVER,CALABAR MUNICIPAL,2023-01-31,2023,1,1,340.0,5.0,3.0,457,3,51.0,1,0,346.0,1,323.0,231.0,207.0,2023-02-13,Data Clerk
LAG008,COTTAGE HOSPITAL LAGOS ISLAND II,LAGOS,LAGOS ISLAND,2023-02-28,2023,2,1,104.0,3.0,2.0,824,2,25.0,0,0,528.0,8,668.0,472.0,424.0,2023-03-16,M&E Officer
AKS003,MODEL PRIMARY HEALTH CENTRE EKET,AKWA IBOM,EKET,2023-07-01,2023,7,3,588.0,16.0,15.0,321,2,158.0,4,3,238.0,6,253.0,231.0,192.0,2023-08-18,M&E Officer
FCT002,GENERAL HOSPITAL BWARI,FCT,BWARI,2023-11-30,2023,11,4,98.0,4.0,3.0,586,4,27.0,1,0,449.0,4,412.0,302.0,262.0,2023-12-11,Facility Focal Person
BEN004,GENERAL HOSPITAL OKPOKWU,BENUE,OKPOKWU,2023-06-30,2023,6,2,,6.0,5.0,382,7,285.0,2,1,259.0,5,326.0,254.0,,2023-07-29,Facility Focal Person
KAD007,MODEL PRIMARY HEALTH CENTRE KADUNA SOUTH II,KADUNA,KADUNA SOUTH,2022-12-31,2022,12,4,222.0,16.0,12.0,1127,2,34.0,2,1,631.0,16,840.0,499.0,419.0,2023-01-15,Facility Focal Person
LAG099,MISSION HOSPITAL NASARAWA,NASARAWA,NASARAWA,2022-07-01,2022,7,3,1292.0,25.0,19.0,282,1,242.0,1,0,181.0,0,199.0,185.0,177.0,2022-08-29,Facility Focal Person
LAG006,SPECIALIST HOSPITAL ALIMOSHO,LAGOS,ALIMOSHO,2023-03-31,2023,3,1,923.0,22.0,18.0,5047,11,105.0,0,0,3290.0,79,4411.0,3361.0,2844.0,2023-04-16,Data Clerk
TMP001,COTTAGE HOSPITAL OGOJA II,CROSS RIVER,OGOJA,2022-05-31,2022,5,2,722.0,23.0,18.0,2366,21,198.0,2,1,,28,1863.0,1651.0,1477.0,2022-06-18,M&E Officer
CRS003,SPECIALIST HOSPITAL OGOJA,CROSS RIVER,OGOJA,2023-07-31,2023,7,3,1336.0,39.0,29.0,5234,41,257.0,1,0,4618.0,84,4857.0,4078.0,3352.0,2023-08-21,Facility Focal Person
KAD013,SPECIALIST HOSPITAL ZARIA II,KADUNA,ZARIA,2023-05-31,2023,5,2,2803.0,106.0,94.0,2336,12,782.0,14,12,1466.0,17,1902.0,,,2023-06-21,Facility Focal Person
LAG006,SPECIALIST HOSPITAL ALIMOSHO,LAGOS,ALIMOSHO,2024-08-31,2024,8,3,1047.0,20.0,15.0,4528,30,238.0,2,1,3572.0,67,4035.0,3745.0,3399.0,2024-09-11,Data Clerk
BEN003,GENERAL HOSPITAL OTUKPO,BENUE,OTUKPO,2022-04-30,2022,4,2,729.0,30.0,29.0,,39,202.0,1,0,1475.0,37,1876.0,1309.0,1240.0,2022-05-11,Facility Focal Person
BEN007,SPECIALIST HOSPITAL MAKURDI II,BENUE,MAKURDI,2024-09-30,2024,9,3,403.0,5.0,4.0,1769,35,93.0,1,0,1031.0,17,1642.0,1045.0,863.0,2024-10-11,Data Clerk
AKS007,TEACHING HOSPITAL IKONO,AKWA IBOM,IKONO,2022-01-31,2022,1,1,775.0,12.0,9.0,6873,29,233.0,3,2,6063.0,110,5886.0,3246.0,2733.0,2022-02-15,Facility Focal Person
CRS005,TEACHING HOSPITAL AKAMKPA,CROSS RIVER,AKAMKPA,2023-10-31,2023,10,4,938.0,40.0,29.0,4250,20,168.0,3,2,3193.0,60,2999.0,2848.0,2370.0,2023-11-13,M&E Officer
AKS015,MISSION HOSPITAL UYO II,AKWA IBOM,UYO,2022-07-31,2022,7,3,668.0,33.0,26.0,2500,6,153.0,4,3,1726.0,23,2276.0,1626.0,1392.0,2022-08-18,M&E Officer
LAG002,SPECIALIST HOSPITAL LAGOS ISLAND,LAGOS,LAGOS ISLAND,2024-05-31,2024,5,2,2559.0,173.0,151.0,6050,67,805.0,29,23,4473.0,86,4851.0,3333.0,2991.0,2024-06-11,M&E Officer
AKS014,PRIMARY HEALTH CENTRE IKONO II,AKWA IBOM,IKONO,2024-08-31,2024,8,3,241.0,7.0,6.0,608,8,35.0,2,1,494.0,6,516.0,324.0,302.0,2024-09-15,Facility Focal Person
NAS005,MISSION HOSPITAL NASARAWA,NASARAWA,NASARAWA,2023-02-28,2023,2,1,932.0,20.0,15.0,410,5,275.0,5,4,275.0,6,311.0,178.0,171.0,2023-03-29,Facility Focal Person
LAG007,PRIMARY HEALTH CENTRE IKORODU II,LAGOS,IKORODU,2024-01-31,2024,1,1,443.0,13.0,12.0,582,9,92.0,4,3,499.0,6,439.0,304.0,294.0,2024-02-13,Facility Focal Person
BEN009,PRIMARY HEALTH CENTRE OTUKPO II,BENUE,OTUKPO,2024-01-31,2024,1,1,234.0,5.0,4.0,450,4,55.0,0,0,315.0,6,348.0,313.0,261.0,2024-02-11,Data Clerk
BEN013,MODEL PRIMARY HEALTH CENTRE MAKURDI II,BENUE,MAKURDI,2022-12-31,2022,12,4,592.0,35.0,32.0,463,6,155.0,0,0,431.0,6,314.0,199.0,177.0,2023-01-16,Data Clerk
CRS014,COMPREHENSIVE HEALTH CENTRE OBUDU II,CROSS RIVER,OBUDU,2023-10-31,2023,10,4,378.0,8.0,6.0,160,0,56.0,0,0,116.0,2,128.0,113.0,110.0,2023-11-11,Data Clerk
FCT007,SPECIALIST HOSPITAL BWARI II,FCT,BWARI,2023-03-31,2023,3,1,2401.0,,64.0,4314,17,724.0,9,8,2601.0,52,3092.0,2404.0,1996.0,2023-04-21,Facility Focal Person
NAS013,GENERAL HOSPITAL KEFFI II,NASARAWA,KEFFI,2022-11-30,2022,11,4,329.0,7.0,5.0,,16,73.0,0,0,1134.0,26,1428.0,1345.0,1275.0,2022-12-13,M&E Officer
CRS001,MODEL PRIMARY HEALTH CENTRE CALABAR MUNICIPAL,CROSS RIVER,CALABAR MUNICIPAL,2022-04-01,2022,4,2,149.0,7.0,5.0,668,9,42.0,1,0,585.0,11,459.0,285.0,243.0,2022-05-15,Data Clerk
LAG013,SPECIALIST HOSPITAL IKORODU II,LAGOS,IKORODU,2024-05-31,2024,5,2,2729.0,142.0,103.0,6240,60,713.0,16,13,5073.0,90,5010.0,4574.0,4238.0,2024-06-15,M&E Officer
BEN013,MODEL PRIMARY HEALTH CENTRE MAKURDI II,BENUE,MAKURDI,2024-09-30,2024,9,3,637.0,29.0,23.0,831,11,124.0,3,2,585.0,8,697.0,657.0,603.0,2024-10-21,M&E Officer
BEN004,GENERAL HOSPITAL OKPOKWU,BENUE,OKPOKWU,2024-06-30,2024,6,2,1484.0,16.0,11.0,413,3,175.0,1,0,280.0,0,333.0,209.0,195.0,2024-07-11,M&E Officer
FCT015,COMPREHENSIVE HEALTH CENTRE ABAJI II,FCT,ABAJI,2023-10-31,2023,10,4,118.0,8.0,7.0,770,3,21.0,2,1,491.0,8,577.0,490.0,402.0,2023-11-21,M&E Officer
KAD005,COTTAGE HOSPITAL CHIKUN,KADUNA,CHIKUN,2022-03-31,2022,3,1,541.0,13.0,9.0,276,2,114.0,0,0,245.0,4,193.0,,151.0,2022-04-16,Facility Focal Person
KAD009,MODEL PRIMARY HEALTH CENTRE SABON GARI II,KADUNA,SABON GARI,2022-10-31,2022,10,4,450.0,14.0,11.0,740,9,48.0,1,0,472.0,9,589.0,378.0,331.0,2022-11-16,Facility Focal Person
BEN010,MODEL PRIMARY HEALTH CENTRE OKPOKWU II,BENUE,OKPOKWU,2023-05-01,2023,5,2,333.0,7.0,5.0,750,12,41.0,0,0,563.0,9,588.0,502.0,487.0,2023-06-11,Data Clerk
FCT002,GENERAL HOSPITAL BWARI,FCT,BWARI,2024-02-29,2024,2,1,118.0,2.0,1.0,581,1,26.0,0,0,407.0,6,504.0,412.0,364.0,2024-03-21,Data Clerk
NAS007,GENERAL HOSPITAL KARU II,NASARAWA,KARU,2022-12-31,2022,12,4,579.0,4.0,3.0,2394,37,183.0,0,0,1521.0,21,2087.0,1756.0,1644.0,2023-01-11,Facility Focal Person
LAG002,SPECIALIST HOSPITAL LAGOS ISLAND,LAGOS,LAGOS ISLAND,2024-01-31,2024,1,1,1415.0,42.0,41.0,5832,57,341.0,7,6,3687.0,64,4634.0,4333.0,3705.0,2024-02-15,Data Clerk
BEN004,GENERAL HOSPITAL OKPOKWU,BENUE,OKPOKWU,2022-10-31,2022,10,4,800.0,4.0,3.0,373,5,202.0,218,0,258.0,9,279.0,217.0,210.0,2022-11-18,Facility Focal Person
BEN013,MODEL PRIMARY HEALTH CENTRE MAKURDI II,BENUE,MAKURDI,2024-11-30,2024,11,4,512.0,30.0,29.0,870,8,128.0,3,2,561.0,11,771.0,507.0,461.0,2024-12-16,Data Clerk
CRS002,COMPREHENSIVE HEALTH CENTRE IKOM,CROSS RIVER,IKOM,2024-09-30,2024,9,3,167.0,5.0,3.0,282,1,26.0,0,0,194.0,0,256.0,237.0,225.0,2024-10-16,Facility Focal Person
NAS012,MISSION HOSPITAL KARU II,NASARAWA,KARU,2024-06-01,2024,6,2,1301.0,32.0,26.0,1382,3,414.0,10,9,,12,1089.0,801.0,667.0,2024-07-21,M&E Officer
KAD008,MODEL PRIMARY HEALTH CENTRE ZARIA II,KADUNA,ZARIA,2023-01-31,2023,1,1,307.0,11.0,8.0,1206,11,75.0,1,0,872.0,17,997.0,915.0,827.0,2023-02-18,Facility Focal Person
FCT011,COTTAGE HOSPITAL AMAC II,FCT,AMAC,2023-12-31,2023,12,4,218.0,2.0,1.0,2106,5,61.0,0,0,1457.0,27,1460.0,,750.0,2024-01-13,Facility Focal Person
RIV012,PRIMARY HEALTH CENTRE ELEME II,RIVERS,ELEME,2023-06-30,2023,6,2,576.0,13.0,10.0,956,11,69.0,0,0,771.0,23,702.0,625.0,548.0,2023-07-16,Facility Focal Person
KAD013,SPECIALIST HOSPITAL ZARIA II,KADUNA,ZARIA,2023-09-30,2023,9,3,2251.0,64.0,46.0,,21,295.0,6,5,1821.0,25,2160.0,1918.0,1872.0,2023-10-18,Facility Focal Person
KAD011,PRIMARY HEALTH CENTRE KADUNA NORTH II,KADUNA,KADUNA NORTH,2024-04-30,2024,4,2,263.0,7.0,6.0,587,4,70.0,1,0,534.0,11,424.0,475.0,334.0,2024-05-11,M&E Officer
FCT014,GENERAL HOSPITAL KUJE II,FCT,KUJE,2022-12-31,2022,12,4,685.0,21.0,17.0,2477,48,191.0,1,0,1815.0,40,2146.0,2023.0,1782.0,2023-01-21,M&E Officer
RIV006,COTTAGE HOSPITAL ELEME,RIVERS,ELEME,2024-07-31,2024,7,3,1487.0,62.0,47.0,2818,48,415.0,17,13,2182.0,36,2041.0,1273.0,1105.0,2024-08-13,Data Clerk
KAD001,MODEL PRIMARY HEALTH CENTRE KADUNA NORTH,KADUNA,KADUNA NORTH,2022-10-31,2022,10,4,137.0,3.0,2.0,786,6,28.0,1,0,716.0,10,694.0,434.0,367.0,2022-11-18,M&E Officer
AKS007,TEACHING HOSPITAL IKONO,AKWA IBOM,IKONO,2023-07-31,2023,7,3,1089.0,19.0,14.0,5889,101,137.0,1,0,4307.0,82,5465.0,3574.0,3346.0,2023-08-13,Facility Focal Person
RIV006,COTTAGE HOSPITAL ELEME,RIVERS,ELEME,2023-01-31,2023,1,1,749.0,,23.0,2516,43,239.0,4,3,2023.0,39,2125.0,1833.0,1708.0,2023-03-01,Data Clerk
BEN005,MODEL PRIMARY HEALTH CENTRE KATSINA-ALA,BENUE,KATSINA-ALA,2023-03-31,2023,3,1,441.0,10.0,9.0,483,2,70.0,0,0,438.0,6,338.0,295.0,248.0,2023-04-16,Facility Focal Person
NAS012,MISSION HOSPITAL KARU II,NASARAWA,KARU,2024-12-31,2024,12,4,741.0,14.0,13.0,1358,13,211.0,1,0,1191.0,25,1172.0,1010.0,842.0,2025-01-15,Data Clerk
BEN003,GENERAL HOSPITAL OTUKPO,BENUE,OTUKPO,2022-05-31,2022,5,2,531.0,32.0,27.0,2592,24,116.0,1,0,2020.0,37,2132.0,1816.0,1778.0,2022-06-16,Data Clerk
NAS009,COTTAGE HOSPITAL AKWANGA II,NASARAWA,AKWANGA,2024-12-31,2024,12,4,1094.0,4.0,2.0,481,6,318.0,3,2,348.0,5,340.0,277.0,230.0,2025-01-11,Facility Focal Person
NAS008,COMPREHENSIVE HEALTH CENTRE KEFFI II,NASARAWA,KEFFI,2022-11-30,2022,11,4,77.0,1.0,0.0,908,9,10.0,0,0,520.0,10,710.0,416.0,361.0,2022-12-13,M&E Officer
FCT009,MODEL PRIMARY HEALTH CENTRE KUJE II,FCT,KUJE,2022-02-28,2022,2,1,118.0,2.0,1.0,444,7,35.0,1,0,254.0,8,336.0,281.0,235.0,2022-03-11,Data Clerk
KAD008,MODEL PRIMARY HEALTH CENTRE ZARIA II,KADUNA,ZARIA,2024-11-30,2024,11,4,257.0,13.0,12.0,1165,6,38.0,1,0,849.0,25,,711.0,666.0,2024-12-13,M&E Officer
BEN004,GENERAL HOSPITAL OKPOKWU,BENUE,OKPOKWU,2023-10-31,2023,10,4,975.0,7.0,5.0,389,1,134.0,0,0,244.0,8,275.0,199.0,169.0,2023-11-13,M&E Officer
RIV015,SPECIALIST HOSPITAL KHANA II,RIVERS,KHANA,2023-10-31,2023,10,4,360.0,17.0,12.0,2320,14,42.0,2,1,1947.0,47,2040.0,1170.0,988.0,2023-11-11,Data Clerk
CRS015,MODEL PRIMARY HEALTH CENTRE AKAMKPA II,CROSS RIVER,AKAMKPA,2024-07-31,2024,7,3,99.0,1.0,0.0,489,1,27.0,0,0,327.0,3,451.0,323.0,288.0,2024-08-11,Data Clerk
FCT001,MISSION HOSPITAL AMAC,FCT,AMAC,2022-01-31,2022,1,1,725.0,4.0,3.0,1398,9,209.0,1,0,932.0,12,1128.0,808.0,775.0,2022-02-16,M&E Officer
RIV015,SPECIALIST HOSPITAL KHANA II,RIVERS,KHANA,2023-07-31,2023,7,3,462.0,13.0,10.0,2356,38,140.0,5,4,2155.0,46,2085.0,1907.0,1706.0,2023-08-13,Data Clerk
FCT013,COTTAGE HOSPITAL GWAGWALADA II,FCT,GWAGWALADA,2024-05-31,2024,5,2,1385.0,18.0,13.0,1243,16,271.0,2,1,1085.0,21,892.0,496.0,477.0,2024-06-18,Facility Focal Person
BEN003,GENERAL HOSPITAL OTUKPO,BENUE,OTUKPO,2023-04-30,2023,4,2,-35.0,22.0,19.0,2479,20,92.0,3,2,1975.0,35,2113.0,1173.0,1046.0,2023-05-16,Facility Focal Person
KAD015,GENERAL HOSPITAL CHIKUN II,KADUNA,CHIKUN,2024-02-29,2024,2,1,343.0,9.0,7.0,,11,51.0,0,0,960.0,10,1356.0,753.0,675.0,2024-03-18,Data Clerk
CRS012,MODEL PRIMARY HEALTH CENTRE IKOM II,CROSS RIVER,IKOM,2022-11-30,2022,11,4,455.0,9.0,7.0,819,10,94.0,1,0,521.0,8,671.0,500.0,475.0,2022-12-16,M&E Officer
CRS010,COMPREHENSIVE HEALTH CENTRE AKAMKPA II,CROSS RIVER,AKAMKPA,2022-02-28,2022,2,1,66.0,1.0,0.0,442,1,16.0,0,0,300.0,6,317.0,231.0,222.0,2022-03-15,Facility Focal Person
BEN012,COTTAGE HOSPITAL VANDEIKYA II,BENUE,VANDEIKYA,2023-09-30,2023,9,3,594.0,9.0,8.0,460,7,150.0,4,3,349.0,6,409.0,372.0,319.0,2023-10-16,M&E Officer
KAD007,MODEL PRIMARY HEALTH CENTRE KADUNA SOUTH II,KADUNA,KADUNA SOUTH,2024-03-01,2024,3,1,288.0,15.0,12.0,1115,9,35.0,3,2,1000.0,18,864.0,549.0,478.0,2024-04-13,Facility Focal Person
KAD009,MODEL PRIMARY HEALTH CENTRE SABON GARI II,KADUNA,SABON GARI,2022-12-31,2022,12,4,440.0,22.0,15.0,756,1,57.0,3,2,603.0,14,545.0,420.0,362.0,2023-02-15,Data Clerk
KAD012,COMPREHENSIVE HEALTH CENTRE KADUNA SOUTH II,KADUNA,KADUNA SOUTH,2022-08-31,2022,8,3,438.0,11.0,10.0,653,4,132.0,5,4,554.0,10,447.0,366.0,355.0,2022-09-16,M&E Officer
NAS005,MISSION HOSPITAL NASARAWA,NASARAWA,NASARAWA,2022-08-31,2022,8,3,1212.0,28.0,26.0,303,5,327.0,2,1,188.0,6,228.0,138.0,117.0,2022-09-18,M&E Officer
NAS011,MISSION HOSPITAL LAFIA II,NASARAWA,LAFIA,2024-12-31,2024,12,4,1134.0,15.0,14.0,2374,23,284.0,1,0,1621.0,37,2187.0,1618.0,1339.0,2025-01-11,Data Clerk
KAD013,SPECIALIST HOSPITAL ZARIA II,KADUNA,ZARIA,2023-04-30,2023,4,2,2203.0,64.0,59.0,2254,18,641.0,9,7,1918.0,28,2088.0,1753.0,1586.0,2023-05-11,Facility Focal Person
RIV010,TEACHING HOSPITAL AHOADA EAST II,RIVERS,AHOADA EAST,2023-09-30,2023,9,3,845.0,19.0,17.0,3116,23,174.0,2,1,2447.0,46,2614.0,2254.0,1910.0,2023-10-16,M&E Officer
AKS004,COMPREHENSIVE HEALTH CENTRE ETINAN,AKWA IBOM,ETINAN,2024-12-31,2024,12,4,177.0,6.0,4.0,907,4,27.0,1,0,726.0,9,762.0,649.0,613.0,2025-01-11,M&E Officer
BEN009,PRIMARY HEALTH CENTRE OTUKPO II,BENUE,OTUKPO,2024-03-31,2024,3,1,234.0,3.0,2.0,440,8,62.0,0,0,309.0,3,374.0,353.0,295.0,2024-04-13,Data Clerk
CRS010,COMPREHENSIVE HEALTH CENTRE AKAMKPA II,CROSS RIVER,AKAMKPA,2023-12-31,2023,12,4,65.0,1.0,0.0,371,2,12.0,0,0,225.0,4,307.0,241.0,231.0,2024-01-15,M&E Officer
RIV009,MISSION HOSPITAL KHANA II,RIVERS,KHANA,2023-11-30,2023,11,4,493.0,5.0,4.0,778,15,103.0,1,0,644.0,12,669.0,526.0,496.0,2024-01-15,M&E Officer
CRS012,MODEL PRIMARY HEALTH CENTRE IKOM II,CROSS RIVER,IKOM,2022-10-31,2022,10,4,341.0,4.0,-30.0,822,1,92.0,0,0,482.0,13,666.0,491.0,409.0,2022-11-16,M&E Officer
CRS007,MODEL PRIMARY HEALTH CENTRE IKOM II,CROSS RIVER,IKOM,2022-07-31,2022,7,3,144.0,6.0,4.0,314,3,38.0,4,3,261.0,9,230.0,196.0,169.0,2022-08-18,Facility Focal Person
KAD003,MISSION HOSPITAL ZARIA,KADUNA,ZARIA,2023-03-31,2023,3,1,1191.0,60.0,52.0,2644,49,256.0,7,6,,45,2289.0,1650.0,1450.0,2023-04-11,Data Clerk
RIV005,MISSION HOSPITAL DEGEMA,RIVERS,DEGEMA,2024-10-01,2024,10,4,191.0,5.0,4.0,1266,5,53.0,3,2,1035.0,13,986.0,693.0,642.0,2024-11-15,Data Clerk
LAG006,SPECIALIST HOSPITAL ALIMOSHO,LAGOS,ALIMOSHO,2023-12-31,2023,12,4,622.0,19.0,17.0,4686,27,79.0,0,0,4183.0,82,4087.0,2547.0,2412.0,2024-01-13,M&E Officer
FCT010,MODEL PRIMARY HEALTH CENTRE ABAJI II,FCT,ABAJI,2023-11-30,2023,11,4,,18.0,16.0,423,2,,1,0,396.0,6,297.0,189.0,178.0,2023-12-13,Data Clerk
AKS008,PRIMARY HEALTH CENTRE UYO II,AKWA IBOM,UYO,2023-01-31,2023,1,1,90.0,0.0,0.0,85,1,23.0,1,0,62.0,1,69.0,45.0,43.0,2023-02-18,Data Clerk
AKS003,MODEL PRIMARY HEALTH CENTRE EKET,AKWA IBOM,EKET,2022-04-30,2022,4,2,505.0,14.0,10.0,153,0,66.0,1,0,87.0,4,140.0,92.0,86.0,2022-05-15,M&E Officer
NAS015,SPECIALIST HOSPITAL NASARAWA II,NASARAWA,NASARAWA,2022-07-31,2022,7,3,1039.0,65.0,54.0,3132,47,316.0,8,6,2934.0,51,2221.0,1610.0,1536.0,2022-08-21,Data Clerk
FCT010,MODEL PRIMARY HEALTH CENTRE ABAJI II,FCT,ABAJI,2023-01-31,2023,1,1,388.0,12.0,8.0,327,3,39.0,0,0,260.0,6,223.0,177.0,162.0,2023-02-13,Facility Focal Person
AKS011,COMPREHENSIVE HEALTH CENTRE ETINAN II,AKWA IBOM,ETINAN,2024-12-31,2024,12,4,108.0,9.0,6.0,339,6,,1,0,281.0,5,304.0,188.0,167.0,2025-01-11,Data Clerk
NAS009,COTTAGE HOSPITAL AKWANGA II,NASARAWA,AKWANGA,2022-05-01,2022,5,2,1258.0,16.0,14.0,469,4,161.0,0,0,269.0,4,363.0,339.0,295.0,2022-06-21,Facility Focal Person
FCT002,GENERAL HOSPITAL BWARI,FCT,BWARI,2024-09-30,2024,9,3,146.0,9.0,7.0,570,3,38.0,1,0,392.0,5,496.0,470.0,446.0,2024-10-18,Facility Focal Person
KAD012,COMPREHENSIVE HEALTH CENTRE KADUNA SOUTH II,KADUNA,KADUNA SOUTH,2022-02-28,2022,2,1,416.0,4.0,3.0,675,8,75.0,4,3,614.0,8,540.0,310.0,263.0,2022-03-11,Data Clerk
NAS014,TEACHING HOSPITAL AKWANGA II,NASARAWA,AKWANGA,2024-09-30,2024,9,3,2191.0,61.0,60.0,5082,79,656.0,8,6,4519.0,85,4407.0,2496.0,2182.0,2024-10-11,Facility Focal Person
AKS012,COTTAGE HOSPITAL ORON II,AKWA IBOM,ORON,2022-01-31,2022,1,1,608.0,31.0,26.0,352,5,106.0,5,4,319.0,6,288.0,167.0,138.0,2022-02-11,Data Clerk
BEN009,PRIMARY HEALTH CENTRE OTUKPO II,BENUE,OTUKPO,2022-02-28,2022,2,1,162.0,2.0,1.0,486,1,35.0,0,0,268.0,4,424.0,338.0,297.0,2022-03-11,Facility Focal Person
NAS006,PRIMARY HEALTH CENTRE LAFIA II,NASARAWA,LAFIA,2023-02-28,2023,2,1,276.0,6.0,4.0,971,2,36.0,1,0,597.0,11,684.0,479.0,464.0,2023-03-18,Data Clerk
LAG008,COTTAGE HOSPITAL LAGOS ISLAND II,LAGOS,LAGOS ISLAND,2024-12-31,2024,12,4,75.0,2.0,1.0,700,13,18.0,0,0,413.0,7,554.0,429.0,400.0,2025-01-15,Data Clerk
TMP001,TEACHING HOSPITAL OBIO/AKPOR,RIVERS,OBIO/AKPOR,2023-08-31,2023,8,3,1909.0,22.0,21.0,4557,54,401.0,2,1,2824.0,48,3301.0,2470.0,2316.0,2023-09-21,Facility Focal Person
LAG014,COTTAGE HOSPITAL LAGOS ISLAND II,LAGOS,LAGOS ISLAND,2024-02-29,2024,2,1,662.0,7.0,6.0,1686,23,206.0,1,0,1328.0,19,1509.0,854.0,756.0,2024-03-11,Data Clerk
BEN007,SPECIALIST HOSPITAL MAKURDI II,BENUE,MAKURDI,2022-05-31,2022,5,2,329.0,6.0,4.0,2326,26,89.0,1,0,1820.0,27,2127.0,2003.0,1871.0,2022-06-11,Data Clerk
LAG006,SPECIALIST HOSPITAL ALIMOSHO,LAGOS,ALIMOSHO,2024-02-29,2024,2,1,705.0,19.0,17.0,4600,55,151.0,3,2,3219.0,55,4250.0,3647.0,3525.0,2024-03-11,M&E Officer
RIV010,TEACHING HOSPITAL AHOADA EAST II,RIVERS,AHOADA EAST,2022-09-30,2022,9,3,795.0,17.0,16.0,3232,22,209.0,4,3,2356.0,46,2646.0,1722.0,1611.0,2022-10-15,Facility Focal Person
KAD007,MODEL PRIMARY HEALTH CENTRE KADUNA SOUTH II,KADUNA,KADUNA SOUTH,2022-03-31,2022,3,1,227.0,7.0,6.0,1136,7,67.0,1,0,857.0,20,972.0,787.0,653.0,2022-04-13,Facility Focal Person
FCT004,MODEL PRIMARY HEALTH CENTRE KUJE,FCT,KUJE,2022-01-31,2022,1,1,274.0,7.0,5.0,1337,13,40.0,0,0,794.0,14,916.0,833.0,683.0,2022-02-21,M&E Officer
FCT005,PRIMARY HEALTH CENTRE ABAJI,FCT,ABAJI,2024-03-31,2024,3,1,567.0,9.0,8.0,556,5,173.0,3,2,358.0,4,422.0,358.0,301.0,2024-04-15,Facility Focal Person
BEN014,COMPREHENSIVE HEALTH CENTRE GBOKO II,BENUE,GBOKO,2022-05-31,2022,5,2,449.0,4.0,3.0,890,10,129.0,2,1,555.0,7,786.0,486.0,460.0,2022-06-11,M&E Officer
CRS015,MODEL PRIMARY HEALTH CENTRE AKAMKPA II,CROSS RIVER,AKAMKPA,2024-09-30,2024,9,3,106.0,1.0,0.0,479,8,18.0,0,0,391.0,3,393.0,226.0,218.0,2024-10-11,M&E Officer
CRS006,PRIMARY HEALTH CENTRE CALABAR MUNICIPAL II,CROSS RIVER,CALABAR MUNICIPAL,2024-04-30,2024,4,2,647.0,23.0,21.0,1366,6,184.0,5,4,1183.0,24,1261.0,972.0,800.0,2024-05-18,M&E Officer
NAS003,COTTAGE HOSPITAL KEFFI,NASARAWA,KEFFI,2022-10-31,2022,10,4,235.0,5.0,4.0,1779,31,55.0,1,0,1129.0,17,1611.0,1477.0,1420.0,2022-11-16,Facility Focal Person
AKS002,GENERAL HOSPITAL IKOT EKPENE,AKWA IBOM,IKOT EKPENE,2022-01-31,2022,1,1,213.0,2.0,1.0,699,4,52.0,1,0,612.0,7,619.0,410.0,393.0,2022-02-11,Data Clerk
NAS002,COTTAGE HOSPITAL KARU,NASARAWA,KARU,2022-02-28,2022,2,1,323.0,3.0,2.0,317,3,90.0,0,0,237.0,5,286.0,176.0,163.0,2022-03-13,Data Clerk
NAS010,TEACHING HOSPITAL NASARAWA II,NASARAWA,NASARAWA,2024-02-29,2024,2,1,2100.0,93.0,68.0,5302,31,550.0,17,14,4010.0,70,4252.0,3115.0,,2024-03-11,Facility Focal Person
KAD001,MODEL PRIMARY HEALTH CENTRE KADUNA NORTH,KADUNA,KADUNA NORTH,2023-03-31,2023,3,1,182.0,9.0,8.0,765,9,49.0,0,0,609.0,9,635.0,447.0,408.0,2023-04-13,Facility Focal Person
NAS007,GENERAL HOSPITAL KARU II,NASARAWA,KARU,2024-03-31,2024,3,1,892.0,8.0,7.0,2121,14,137.0,0,0,1775.0,15,1769.0,1560.0,1385.0,2024-04-11,M&E Officer
LAG015,MODEL PRIMARY HEALTH CENTRE BADAGRY II,LAGOS,BADAGRY,2023-12-31,2023,12,4,209.0,15.0,,1084,12,64.0,3,2,820.0,7,941.0,755.0,642.0,2024-01-13,Data Clerk
NAS009,COTTAGE HOSPITAL AKWANGA II,NASARAWA,AKWANGA,2022-01-31,2022,1,1,908.0,11.0,8.0,466,3,251.0,2,1,429.0,11,339.0,319.0,266.0,2022-02-16,Data Clerk
RIV013,MISSION HOSPITAL PORT HARCOURT II,RIVERS,PORT HARCOURT,2022-06-30,2022,6,2,646.0,25.0,24.0,2279,32,133.0,6,5,1674.0,26,1734.0,1621.0,1409.0,2022-07-18,M&E Officer
BEN014,COMPREHENSIVE HEALTH CENTRE GBOKO II,BENUE,GBOKO,2024-04-30,2024,4,2,612.0,7.0,6.0,762,4,137.0,1,0,665.0,11,561.0,529.0,452.0,2024-05-15,Facility Focal Person
BEN002,SPECIALIST HOSPITAL GBOKO,BENUE,GBOKO,2022-07-31,2022,7,3,2685.0,35.0,31.0,4915,69,541.0,6,4,3336.0,62,4381.0,2593.0,2161.0,2022-08-29,Data Clerk
CRS015,MODEL PRIMARY HEALTH CENTRE AKAMKPA II,CROSS RIVER,AKAMKPA,2024-03-31,2024,3,1,87.0,4.0,3.0,500,7,19.0,0,0,290.0,8,428.0,264.0,231.0,2024-04-29,Data Clerk
NAS999,MISSION HOSPITAL ZARIA,KADUNA,ZARIA,2023-07-31,2023,7,3,1254.0,50.0,46.0,2707,51,307.0,7,6,1926.0,37,2291.0,1597.0,1438.0,2023-08-29,Data Clerk
FCT003,SPECIALIST HOSPITAL GWAGWALADA,FCT,GWAGWALADA,2022-12-31,2022,12,4,521.0,9.0,8.0,6154,121,105.0,3,2,4600.0,77,5075.0,4323.0,4031.0,2023-01-15,M&E Officer
KAD008,MODEL PRIMARY HEALTH CENTRE ZARIA II,KADUNA,ZARIA,2023-08-31,2023,8,3,331.0,15.0,12.0,1198,14,69.0,1,0,673.0,9,830.0,537.0,455.0,2023-09-11,Data Clerk
FCT010,MODEL PRIMARY HEALTH CENTRE ABAJI II,FCT,ABAJI,2024-01-01,2024,1,1,449.0,10.0,8.0,436,2,54.0,0,0,372.0,5,377.0,211.0,186.0,2024-02-16,Data Clerk
LAG008,COTTAGE HOSPITAL LAGOS ISLAND II,LAGOS,LAGOS ISLAND,2024-01-31,2024,1,1,102.0,1.0,0.0,750,9,17.0,0,0,589.0,10,600.0,385.0,364.0,2024-02-11,Data Clerk
CRS007,MODEL PRIMARY HEALTH CENTRE IKOM II,CROSS RIVER,IKOM,2023-05-31,2023,5,2,149.0,1.0,0.0,302,6,30.0,0,0,194.0,1,210.0,162.0,141.0,2023-06-18,Data Clerk
RIV004,MODEL PRIMARY HEALTH CENTRE AHOADA EAST,RIVERS,AHOADA EAST,2024-04-30,2024,4,2,460.0,7.0,4.0,834,11,74.0,1,0,461.0,14,647.0,483.0,415.0,2024-05-29,Data Clerk
KAD004,SPECIALIST HOSPITAL SABON GARI,KADUNA,SABON GARI,2022-05-31,2022,5,2,3708.0,3722.0,143.0,3816,56,825.0,25,23,2840.0,65,2629.0,1529.0,1268.0,2022-06-15,M&E Officer
KAD011,PRIMARY HEALTH CENTRE KADUNA NORTH II,KADUNA,KADUNA NORTH,2023-04-30,2023,4,2,289.0,16.0,14.0,565,7,32.0,0,0,418.0,6,488.0,390.0,358.0,2023-06-15,Facility Focal Person
CRS004,COMPREHENSIVE HEALTH CENTRE OBUDU,CROSS RIVER,OBUDU,2022-08-31,2022,8,3,193.0,5.0,3.0,469,2,49.0,1,0,408.0,10,338.0,204.0,199.0,2022-09-15,Data Clerk
RIV006,COTTAGE HOSPITAL ELEME,RIVERS,ELEME,2022-09-30,2022,9,3,986.0,60.0,55.0,2446,32,,4,3,1354.0,20,2113.0,1976.0,1753.0,2022-10-11,Facility Focal Person
CRS008,COTTAGE HOSPITAL OGOJA II,CROSS RIVER,OGOJA,2022-10-31,2022,10,4,459.0,15.0,12.0,,26,,2,1,1976.0,35,1666.0,1576.0,1422.0,2022-11-16,Data Clerk
CRS006,PRIMARY HEALTH CENTRE CALABAR MUNICIPAL II,CROSS RIVER,CALABAR MUNICIPAL,2024-11-30,2024,11,4,554.0,15.0,13.0,1432,10,69.0,1,0,988.0,22,1225.0,885.0,770.0,2025-01-15,M&E Officer
AKS012,COTTAGE HOSPITAL ORON II,AKWA IBOM,ORON,2023-05-31,2023,5,2,1172.0,68.0,57.0,861,14,139.0,2,1,556.0,16,611.0,513.0,464.0,2023-06-11,Data Clerk
KAD013,SPECIALIST HOSPITAL ZARIA II,KADUNA,ZARIA,2023-10-31,2023,10,4,2105.0,70.0,63.0,2593,44,371.0,4,3,2049.0,40,1955.0,1208.0,1062.0,2023-11-13,Data Clerk
BEN013,MODEL PRIMARY HEALTH CENTRE MAKURDI II,BENUE,MAKURDI,2022-09-30,2022,9,3,563.0,18.0,17.0,426,7,83.0,4,3,236.0,2,327.0,248.0,211.0,2022-10-13,Facility Focal Person
LAG001,PRIMARY HEALTH CENTRE IKORODU,LAGOS,IKORODU,2024-10-31,2024,10,4,459.0,13.0,11.0,415,1,83.0,0,0,306.0,4,383.0,357.0,327.0,2024-11-13,Facility Focal Person
CRS010,COMPREHENSIVE HEALTH CENTRE AKAMKPA II,CROSS RIVER,AKAMKPA,2023-07-31,2023,7,3,77.0,1.0,0.0,384,6,14.0,0,0,291.0,1,344.0,269.0,220.0,2023-08-18,M&E Officer
RIV008,TEACHING HOSPITAL OBIO/AKPOR II,RIVERS,OBIO/AKPOR,2024-10-31,2024,10,4,1355.0,43.0,38.0,4221,38,204.0,3,2,2919.0,57,3876.0,2332.0,2164.0,2024-11-11,M&E Officer
CRS001,MODEL PRIMARY HEALTH CENTRE CALABAR MUNICIPAL,CROSS RIVER,CALABAR MUNICIPAL,2024-11-30,2024,11,4,295.0,14.0,10.0,681,12,35.0,3,2,579.0,12,475.0,422.0,,2024-12-21,Data Clerk
RIV003,COMPREHENSIVE HEALTH CENTRE KHANA,RIVERS,KHANA,2022-05-31,2022,5,2,309.0,15.0,10.0,1077,7,32.0,1,0,667.0,13,868.0,784.0,755.0,2022-06-21,M&E Officer
AKS004,COMPREHENSIVE HEALTH CENTRE ETINAN,AKWA IBOM,ETINAN,2022-07-31,2022,7,3,163.0,7.0,5.0,991,2,40.0,1,0,725.0,9,787.0,527.0,499.0,2022-08-15,Data Clerk
AKS012,COTTAGE HOSPITAL ORON II,AKWA IBOM,ORON,2023-10-31,2023,10,4,1019.0,61.0,45.0,1018,2,166.0,6,4,573.0,14,904.0,711.0,664.0,2023-11-15,Data Clerk
KAD011,PRIMARY HEALTH CENTRE KADUNA NORTH II,KADUNA,KADUNA NORTH,2023-05-31,2023,5,2,244.0,9.0,7.0,565,7,65.0,0,0,393.0,10,394.0,309.0,288.0,2023-06-16,M&E Officer
LAG001,PRIMARY HEALTH CENTRE IKORODU,LAGOS,IKORODU,2022-10-31,2022,10,4,367.0,10.0,9.0,237,2,77.0,5,4,164.0,2,208.0,180.0,167.0,2022-11-18,M&E Officer
KAD009,MODEL PRIMARY HEALTH CENTRE SABON GARI II,KADUNA,SABON GARI,2024-10-31,2024,10,4,615.0,23.0,18.0,998,10,147.0,6,5,704.0,10,758.0,566.0,518.0,2024-11-15,Facility Focal Person
FCT014,GENERAL HOSPITAL KUJE II,FCT,KUJE,2024-05-31,2024,5,2,1017.0,33.0,27.0,2514,49,299.0,7,6,1712.0,28,1925.0,1508.0,1399.0,2024-06-21,M&E Officer
AKS003,MODEL PRIMARY HEALTH CENTRE EKET,AKWA IBOM,EKET,2023-06-30,2023,6,2,608.0,6.0,5.0,308,3,150.0,0,0,286.0,5,272.0,153.0,135.0,2023-07-18,Facility Focal Person
KAD006,SPECIALIST HOSPITAL KADUNA NORTH II,KADUNA,KADUNA NORTH,2023-09-30,2023,9,3,1686.0,1716.0,28.0,,7,285.0,4,3,1506.0,24,1393.0,1162.0,1064.0,2023-10-11,Facility Focal Person
NAS010,TEACHING HOSPITAL NASARAWA II,NASARAWA,NASARAWA,2024-08-01,2024,8,3,2968.0,159.0,125.0,5720,47,942.0,34,31,3636.0,59,4681.0,4445.0,4132.0,2024-09-13,Data Clerk
LAG013,SPECIALIST HOSPITAL IKORODU II,LAGOS,IKORODU,2024-11-30,2024,11,4,1836.0,87.0,64.0,6360,55,561.0,22,19,4130.0,86,5666.0,4993.0,4211.0,2024-12-13,M&E Officer
RIV006,COTTAGE HOSPITAL ELEME,RIVERS,ELEME,2024-10-31,2024,10,4,1390.0,62.0,49.0,2916,37,169.0,3,2,2095.0,30,2139.0,1607.0,1520.0,2024-11-13,M&E Officer
FCT011,COTTAGE HOSPITAL AMAC II,FCT,AMAC,2024-07-01,2024,7,3,431.0,11.0,10.0,2005,34,58.0,1,0,1671.0,27,1700.0,1321.0,1182.0,2024-08-21,Data Clerk
TMP001,SPECIALIST HOSPITAL OGOJA,CROSS RIVER,OGOJA,2023-08-31,2023,8,3,1488.0,43.0,34.0,,30,328.0,6,4,4846.0,87,3687.0,,2161.0,2023-09-16,M&E Officer
NAS006,PRIMARY HEALTH CENTRE LAFIA II,NASARAWA,LAFIA,2023-08-31,2023,8,3,268.0,11.0,10.0,963,15,49.0,0,0,548.0,12,719.0,548.0,509.0,2023-09-16,Facility Focal Person
CRS004,COMPREHENSIVE HEALTH CENTRE OBUDU,CROSS RIVER,OBUDU,2024-09-30,2024,9,3,262.0,10.0,9.0,466,3,66.0,1,0,362.0,5,367.0,325.0,306.0,2024-10-11,Facility Focal Person
LAG001,PRIMARY HEALTH CENTRE IKORODU,LAGOS,IKORODU,2023-03-31,2023,3,1,422.0,10.0,8.0,271,0,70.0,0,0,154.0,2,190.0,162.0,155.0,2023-04-11,Data Clerk
AKS001,COMPREHENSIVE HEALTH CENTRE UYO,AKWA IBOM,UYO,2022-12-31,2022,12,4,412.0,5.0,4.0,311,4,89.0,0,0,177.0,3,229.0,152.0,133.0,2023-01-15,Facility Focal Person
FCT009,MODEL PRIMARY HEALTH CENTRE KUJE II,FCT,KUJE,2022-01-01,2022,1,1,145.0,8.0,7.0,450,5,28.0,1,0,382.0,13,349.0,302.0,249.0,2022-02-11,Facility Focal Person
AKS008,PRIMARY HEALTH CENTRE UYO II,AKWA IBOM,UYO,2024-09-30,2024,9,3,100.0,1.0,0.0,92,1,21.0,0,0,57.0,0,68.0,47.0,43.0,2024-10-11,Facility Focal Person
LAG099,SPECIALIST HOSPITAL NASARAWA II,NASARAWA,NASARAWA,2024-02-29,2024,2,1,914.0,44.0,32.0,,19,126.0,2,1,2785.0,73,2824.0,2470.0,2073.0,2024-03-16,Facility Focal Person
RIV015,SPECIALIST HOSPITAL KHANA II,RIVERS,KHANA,2023-11-01,2023,11,4,326.0,15.0,12.0,2309,23,44.0,1,0,1831.0,36,1944.0,1233.0,1087.0,2023-12-11,Facility Focal Person
NAS004,COTTAGE HOSPITAL AKWANGA,NASARAWA,AKWANGA,2024-12-31,2024,12,4,,14.0,13.0,624,4,58.0,1,0,457.0,6,517.0,542.0,296.0,2025-01-18,Facility Focal Person
BEN004,GENERAL HOSPITAL OKPOKWU,BENUE,OKPOKWU,2022-04-30,2022,4,2,880.0,9.0,6.0,362,1,173.0,1,0,332.0,8,284.0,222.0,193.0,2022-05-21,M&E Officer
BEN011,MODEL PRIMARY HEALTH CENTRE KATSINA-ALA II,BENUE,KATSINA-ALA,2022-05-31,2022,5,2,280.0,7.0,6.0,303,5,32.0,0,0,243.0,3,220.0,201.0,172.0,2022-06-16,M&E Officer
CRS012,MODEL PRIMARY HEALTH CENTRE IKOM II,CROSS RIVER,IKOM,2023-11-30,2023,11,4,385.0,8.0,7.0,779,2,79.0,1,0,567.0,10,540.0,430.0,384.0,2023-12-18,Data Clerk
NAS004,COTTAGE HOSPITAL AKWANGA,NASARAWA,AKWANGA,2024-05-31,2024,5,2,358.0,10.0,8.0,555,9,76.0,2,1,305.0,5,480.0,314.0,286.0,2024-06-13,Facility Focal Person
NAS015,SPECIALIST HOSPITAL NASARAWA II,NASARAWA,NASARAWA,2022-04-30,2022,4,2,1026.0,58.0,41.0,3100,59,,9,7,2142.0,38,2752.0,1566.0,1476.0,2022-05-16,M&E Officer
NAS015,SPECIALIST HOSPITAL NASARAWA II,NASARAWA,NASARAWA,2022-01-31,2022,1,1,679.0,37.0,27.0,3102,43,190.0,4,3,1849.0,32,2439.0,1567.0,1371.0,2022-02-18,M&E Officer
CRS008,COTTAGE HOSPITAL OGOJA II,CROSS RIVER,OGOJA,2023-05-31,2023,5,2,677.0,12.0,,2206,13,98.0,3,2,1399.0,29,1819.0,1442.0,1233.0,2023-06-18,M&E Officer
KAD002,TEACHING HOSPITAL KADUNA SOUTH,KADUNA,KADUNA SOUTH,2022-07-31,2022,7,3,1745.0,36.0,28.0,,41,214.0,3,2,3232.0,73,3845.0,3368.0,3181.0,2022-08-16,M&E Officer
NAS013,GENERAL HOSPITAL KEFFI II,NASARAWA,KEFFI,2022-10-31,2022,10,4,510.0,29.0,24.0,16390,24,101.0,2,1,1179.0,20,1479.0,1051.0,955.0,2022-11-21,Facility Focal Person
NAS007,GENERAL HOSPITAL KARU II,NASARAWA,KARU,2023-03-31,2023,3,1,673.0,7.0,4.0,2303,34,147.0,0,0,2002.0,36,1980.0,1779.0,1537.0,2023-04-16,Data Clerk
BEN014,COMPREHENSIVE HEALTH CENTRE GBOKO II,BENUE,GBOKO,2024-01-31,2024,1,1,499.0,4.0,3.0,769,7,80.0,0,0,667.0,10,595.0,380.0,332.0,2024-02-29,Facility Focal Person
FCT008,TEACHING HOSPITAL GWAGWALADA II,FCT,GWAGWALADA,2023-08-31,2023,8,3,1043.0,44.0,36.0,4983,63,209.0,4,3,2939.0,46,,2894.0,2719.0,2023-09-15,Facility Focal Person
CRS015,MODEL PRIMARY HEALTH CENTRE AKAMKPA II,CROSS RIVER,AKAMKPA,2023-01-31,2023,1,1,65.0,0.0,0.0,554,8,9.0,0,0,338.0,5,426.0,271.0,231.0,2023-02-16,Data Clerk
KAD002,TEACHING HOSPITAL KADUNA SOUTH,KADUNA,KADUNA SOUTH,2022-06-30,2022,6,2,1900.0,25.0,17.0,4418,16,197.0,1,0,2952.0,54,3021.0,1971.0,1641.0,2022-07-15,M&E Officer
NAS014,TEACHING HOSPITAL AKWANGA II,NASARAWA,AKWANGA,2024-07-31,2024,7,3,2810.0,90.0,66.0,5101,63,852.0,12,11,4711.0,84,4067.0,3308.0,2838.0,2024-08-15,Facility Focal Person
LAG002,SPECIALIST HOSPITAL LAGOS ISLAND,LAGOS,LAGOS ISLAND,2024-12-01,2024,12,4,2280.0,81.0,60.0,6130,49,688.0,10,7,5196.0,96,4767.0,3850.0,3531.0,2025-01-13,Facility Focal Person
NAS999,MISSION HOSPITAL KHANA II,RIVERS,KHANA,2023-12-31,2023,12,4,442.0,2.0,1.0,777,2,87.0,0,0,551.0,9,632.0,412.0,400.0,2024-01-11,M&E Officer
CRS009,COMPREHENSIVE HEALTH CENTRE OBUDU II,CROSS RIVER,OBUDU,2024-05-31,2024,5,2,605.0,663.0,11.0,925,8,115.0,3,2,703.0,7,812.0,763.0,653.0,2024-06-16,Facility Focal Person
FCT002,GENERAL HOSPITAL BWARI,FCT,BWARI,2023-04-30,2023,4,2,123.0,2.0,1.0,593,6,32.0,0,0,341.0,2,532.0,428.0,378.0,2023-05-18,Data Clerk
RIV010,TEACHING HOSPITAL AHOADA EAST II,RIVERS,AHOADA EAST,2024-08-31,2024,8,3,977.0,30.0,26.0,2904,54,124.0,0,0,2299.0,56,2551.0,2230.0,2163.0,2024-09-15,Data Clerk
AKS014,PRIMARY HEALTH CENTRE IKONO II,AKWA IBOM,IKONO,2024-05-31,2024,5,2,275.0,332.0,6.0,605,10,81.0,2,1,462.0,11,474.0,398.0,332.0,2024-06-21,Data Clerk
FCT005,PRIMARY HEALTH CENTRE ABAJI,FCT,ABAJI,2022-06-30,2022,6,2,579.0,11.0,9.0,496,2,117.0,0,0,291.0,2,427.0,372.0,356.0,2022-07-11,Facility Focal Person
LAG005,MISSION HOSPITAL AGEGE,LAGOS,AGEGE,2023-11-01,2023,11,4,868.0,40.0,33.0,1742,7,130.0,3,2,1417.0,21,1370.0,991.0,839.0,2023-12-15,Data Clerk
AKS010,GENERAL HOSPITAL EKET II,AKWA IBOM,EKET,2022-12-31,2022,12,4,572.0,10.0,9.0,1735,24,158.0,0,0,1226.0,16,1602.0,1381.0,1136.0,2023-01-29,Data Clerk
KAD004,SPECIALIST HOSPITAL SABON GARI,KADUNA,SABON GARI,2024-12-31,2024,12,4,2557.0,119.0,95.0,6075,17,420.0,11,10,4386.0,98,4920.0,4924.0,3569.0,2025-01-18,Data Clerk
KAD011,PRIMARY HEALTH CENTRE KADUNA NORTH II,KADUNA,KADUNA NORTH,2024-11-30,2024,11,4,236.0,7.0,5.0,592,2,43.0,1,0,442.0,10,426.0,,315.0,2024-12-13,Facility Focal Person
AKS015,MISSION HOSPITAL UYO II,AKWA IBOM,UYO,2022-12-31,2022,12,4,547.0,28.0,21.0,2471,21,111.0,6,5,1712.0,29,2258.0,1726.0,1566.0,2023-01-21,M&E Officer
BEN008,TEACHING HOSPITAL GBOKO II,BENUE,GBOKO,2023-09-01,2023,9,3,2598.0,88.0,73.0,6301,97,330.0,6,5,4654.0,84,5006.0,2986.0,2819.0,2023-10-16,Data Clerk
RIV014,COTTAGE HOSPITAL OBIO/AKPOR II,RIVERS,OBIO/AKPOR,2022-08-31,2022,8,3,1022.0,11.0,10.0,619,4,239.0,3,2,472.0,9,522.0,335.0,307.0,2022-09-11,Data Clerk
KAD004,SPECIALIST HOSPITAL SABON GARI,KADUNA,SABON GARI,2023-01-31,2023,1,1,2236.0,,119.0,4303,77,447.0,22,21,3145.0,54,3207.0,2511.0,2356.0,2023-02-15,M&E Officer
LAG001,PRIMARY HEALTH CENTRE IKORODU,LAGOS,IKORODU,2023-04-30,2023,4,2,479.0,7.0,5.0,272,4,141.0,1,0,164.0,2,206.0,121.0,107.0,2023-05-29,Data Clerk
FCT010,MODEL PRIMARY HEALTH CENTRE ABAJI II,FCT,ABAJI,2022-10-31,2022,10,4,443.0,5.0,3.0,310,4,109.0,0,0,203.0,1,228.0,168.0,164.0,2022-11-13,Data Clerk
CRS014,COMPREHENSIVE HEALTH CENTRE OBUDU II,CROSS RIVER,OBUDU,2024-09-30,2024,9,3,457.0,9.0,8.0,203,1,82.0,0,0,126.0,3,169.0,159.0,147.0,2024-10-21,Facility Focal Person
KAD004,SPECIALIST HOSPITAL SABON GARI,KADUNA,SABON GARI,2022-06-30,2022,6,2,2483.0,147.0,107.0,3907,16,791.0,28,22,3286.0,58,2958.0,2342.0,2126.0,2022-07-15,Facility Focal Person
NAS006,PRIMARY HEALTH CENTRE LAFIA II,NASARAWA,LAFIA,2024-04-30,2024,4,2,357.0,12.0,10.0,942,11,68.0,4,3,673.0,8,766.0,705.0,,2024-05-11,M&E Officer
CRS002,COMPREHENSIVE HEALTH CENTRE IKOM,CROSS RIVER,IKOM,2024-02-29,2024,2,1,163.0,11.0,,255,1,30.0,1,0,156.0,4,226.0,193.0,171.0,2024-03-13,Data Clerk
CRS001,MODEL PRIMARY HEALTH CENTRE CALABAR MUNICIPAL,CROSS RIVER,CALABAR MUNICIPAL,2023-07-01,2023,7,3,238.0,8.0,7.0,678,2,45.0,3,2,428.0,11,582.0,532.0,505.0,2023-08-16,Data Clerk
NAS013,GENERAL HOSPITAL KEFFI II,NASARAWA,KEFFI,2023-09-30,2023,9,3,551.0,24.0,23.0,1654,24,70.0,1,0,1086.0,20,1174.0,1005.0,855.0,2023-10-18,M&E Officer
NAS009,COTTAGE HOSPITAL AKWANGA II,NASARAWA,AKWANGA,2022-12-31,2022,12,4,982.0,4.0,3.0,473,8,102.0,1,0,426.0,3,397.0,303.0,274.0,2023-01-20,M&E Officer
NAS004,COTTAGE HOSPITAL AKWANGA,NASARAWA,AKWANGA,2024-07-31,2024,7,3,461.0,19.0,14.0,577,4,111.0,7,6,427.0,13,508.0,375.0,314.0,2024-08-11,Facility Focal Person
LAG005,MISSION HOSPITAL AGEGE,LAGOS,AGEGE,2023-10-31,2023,10,4,925.0,19.0,17.0,1716,11,182.0,2,1,1093.0,26,1347.0,1034.0,885.0,2023-11-21,M&E Officer
FCT012,MISSION HOSPITAL BWARI II,FCT,BWARI,2023-06-30,2023,6,2,1243.0,49.0,41.0,,50,287.0,5,3,2231.0,30,2044.0,1596.0,1399.0,2023-07-16,Data Clerk
LAG005,MISSION HOSPITAL AGEGE,LAGOS,AGEGE,2024-02-29,2024,2,1,1219.0,21.0,18.0,1758,30,122.0,2,1,1158.0,21,1584.0,881.0,749.0,2024-03-18,M&E Officer
LAG013,SPECIALIST HOSPITAL IKORODU II,LAGOS,IKORODU,2023-11-30,2023,11,4,2203.0,126.0,93.0,6082,106,651.0,15,13,5152.0,103,4541.0,2548.0,2121.0,2023-12-15,Data Clerk
AKS010,GENERAL HOSPITAL EKET II,AKWA IBOM,EKET,2024-09-30,2024,9,3,659.0,11.0,9.0,1569,25,156.0,0,0,1138.0,24,1149.0,851.0,746.0,2024-10-18,M&E Officer
CRS003,SPECIALIST HOSPITAL OGOJA,CROSS RIVER,OGOJA,2023-09-30,2023,9,3,1614.0,36.0,29.0,5247,20,475.0,13,10,4412.0,71,4182.0,3372.0,2788.0,2023-10-18,Data Clerk
NAS999,SPECIALIST HOSPITAL MAKURDI II,BENUE,MAKURDI,2023-09-30,2023,9,3,335.0,5.0,3.0,2042,26,91.0,0,0,1192.0,23,1673.0,1305.0,1232.0,2023-10-13,Facility Focal Person
LAG001,PRIMARY HEALTH CENTRE IKORODU,LAGOS,IKORODU,2023-08-31,2023,8,3,449.0,9.0,7.0,304,5,95.0,1,0,257.0,9,229.0,141.0,115.0,2023-09-11,Data Clerk
RIV001,MODEL PRIMARY HEALTH CENTRE PORT HARCOURT,RIVERS,PORT HARCOURT,2022-11-30,2022,11,4,36.0,0.0,0.0,1056,14,4.0,0,0,717.0,16,723.0,638.0,583.0,2022-12-13,M&E Officer
FCT007,SPECIALIST HOSPITAL BWARI II,FCT,BWARI,2023-05-31,2023,5,2,2568.0,53.0,40.0,4388,10,,6,4,3841.0,82,3375.0,2623.0,2161.0,2023-06-18,M&E Officer
FCT009,MODEL PRIMARY HEALTH CENTRE KUJE II,FCT,KUJE,2024-12-31,2024,12,4,125.0,5.0,4.0,496,2,17.0,0,0,370.0,8,447.0,281.0,232.0,2025-01-21,M&E Officer
FCT011,COTTAGE HOSPITAL AMAC II,FCT,AMAC,2022-06-30,2022,6,2,283.0,11.0,9.0,2319,30,77.0,2,1,2042.0,37,1779.0,1086.0,901.0,2022-07-15,M&E Officer
FCT004,MODEL PRIMARY HEALTH CENTRE KUJE,FCT,KUJE,2022-02-28,2022,2,1,297.0,14.0,11.0,1345,3,70.0,2,1,821.0,16,1210.0,733.0,653.0,2022-03-15,Facility Focal Person
KAD008,MODEL PRIMARY HEALTH CENTRE ZARIA II,KADUNA,ZARIA,2022-12-31,2022,12,4,280.0,9.0,6.0,1209,22,57.0,1,0,1121.0,24,1062.0,611.0,596.0,2023-01-18,Facility Focal Person
BEN005,MODEL PRIMARY HEALTH CENTRE KATSINA-ALA,BENUE,KATSINA-ALA,2022-04-30,2022,4,2,557.0,9.0,6.0,418,7,175.0,3,2,248.0,2,324.0,204.0,192.0,2022-05-16,Facility Focal Person
AKS013,MODEL PRIMARY HEALTH CENTRE ABAK II,AKWA IBOM,ABAK,2023-09-01,2023,9,3,337.0,9.0,7.0,608,6,70.0,0,0,372.0,6,473.0,263.0,249.0,2023-10-13,Facility Focal Person
KAD011,PRIMARY HEALTH CENTRE KADUNA NORTH II,KADUNA,KADUNA NORTH,2022-07-01,2022,7,3,251.0,7.0,6.0,552,4,26.0,1,0,495.0,8,439.0,262.0,227.0,2022-08-16,Facility Focal Person
RIV012,PRIMARY HEALTH CENTRE ELEME II,RIVERS,ELEME,2023-10-31,2023,10,4,506.0,14.0,12.0,968,15,118.0,1,0,727.0,17,845.0,600.0,531.0,2023-11-13,M&E Officer
LAG005,MISSION HOSPITAL AGEGE,LAGOS,AGEGE,2023-02-28,2023,2,1,997.0,33.0,26.0,1587,30,300.0,2,1,1345.0,21,1087.0,761.0,709.0,2023-03-13,Data Clerk
LAG015,MODEL PRIMARY HEALTH CENTRE BADAGRY II,LAGOS,BADAGRY,2023-10-01,2023,10,4,264.0,9.0,6.0,1082,12,64.0,6,5,851.0,15,796.0,530.0,460.0,2023-11-13,Data Clerk
RIV014,COTTAGE HOSPITAL OBIO/AKPOR II,RIVERS,OBIO/AKPOR,2022-01-31,2022,1,1,799.0,6.0,5.0,610,10,83.0,0,0,403.0,8,559.0,379.0,323.0,2022-02-13,Data Clerk
KAD012,COMPREHENSIVE HEALTH CENTRE KADUNA SOUTH II,KADUNA,KADUNA SOUTH,2024-06-30,2024,6,2,557.0,15.0,13.0,643,3,68.0,0,0,509.0,8,496.0,340.0,291.0,2024-07-18,Data Clerk
BEN001,MISSION HOSPITAL MAKURDI,BENUE,MAKURDI,2023-01-31,2023,1,1,858.0,4.0,3.0,1957,7,227.0,1,0,1180.0,27,1798.0,1337.0,1218.0,2023-03-01,Facility Focal Person
NAS012,MISSION HOSPITAL KARU II,NASARAWA,KARU,2022-11-30,2022,11,4,,22.0,16.0,1346,16,99.0,0,0,748.0,11,1038.0,979.0,944.0,2022-12-13,M&E Officer
NAS008,COMPREHENSIVE HEALTH CENTRE KEFFI II,NASARAWA,KEFFI,2023-12-31,2023,12,4,,0.0,0.0,797,5,8.0,0,0,583.0,13,553.0,345.0,300.0,2024-01-29,Data Clerk
CRS004,COMPREHENSIVE HEALTH CENTRE OBUDU,CROSS RIVER,OBUDU,2023-04-01,2023,4,2,225.0,5.0,3.0,452,4,40.0,1,0,313.0,2,340.0,243.0,233.0,2023-05-16,M&E Officer
KAD002,TEACHING HOSPITAL KADUNA SOUTH,KADUNA,KADUNA SOUTH,2023-01-31,2023,1,1,1283.0,19.0,16.0,4206,71,286.0,3,2,2540.0,53,2998.0,1919.0,1778.0,2023-02-21,Data Clerk
NAS015,SPECIALIST HOSPITAL NASARAWA II,NASARAWA,NASARAWA,2024-08-31,2024,8,3,978.0,44.0,42.0,3347,10,220.0,12,10,3073.0,61,3050.0,2169.0,2119.0,2024-09-11,Facility Focal Person
RIV013,MISSION HOSPITAL PORT HARCOURT II,RIVERS,PORT HARCOURT,2024-01-31,2024,1,1,502.0,26.0,20.0,2130,20,111.0,1,0,1555.0,27,1893.0,1272.0,1053.0,2024-02-15,Facility Focal Person
CRS008,COTTAGE HOSPITAL OGOJA II,CROSS RIVER,OGOJA,2024-01-31,2024,1,1,514.0,8.0,6.0,2139,7,98.0,0,0,1770.0,34,1788.0,1079.0,980.0,2024-02-18,Facility Focal Person
NAS999,SPECIALIST HOSPITAL LAGOS ISLAND,LAGOS,LAGOS ISLAND,2024-04-30,2024,4,2,2101.0,102.0,98.0,5966,58,452.0,10,8,5382.0,98,4396.0,3909.0,3570.0,2024-05-16,Data Clerk
AKS005,COMPREHENSIVE HEALTH CENTRE ORON,AKWA IBOM,ORON,2022-10-31,2022,10,4,88.0,1.0,0.0,1217,23,10.0,0,0,809.0,11,986.0,928.0,834.0,2022-12-16,Data Clerk
KAD013,SPECIALIST HOSPITAL ZARIA II,KADUNA,ZARIA,2023-11-30,2023,11,4,2000.0,105.0,,,30,240.0,4,3,2493.0,38,2077.0,1518.0,1346.0,2023-12-16,Data Clerk
NAS008,COMPREHENSIVE HEALTH CENTRE KEFFI II,NASARAWA,KEFFI,2023-01-31,2023,1,1,65.0,1.0,0.0,893,10,9.0,0,0,632.0,14,661.0,366.0,343.0,2023-02-21,M&E Officer
FCT004,MODEL PRIMARY HEALTH CENTRE KUJE,FCT,KUJE,2024-07-31,2024,7,3,442.0,25.0,21.0,1246,24,99.0,6,5,994.0,14,1049.0,739.0,655.0,2024-09-15,Data Clerk
KAD006,SPECIALIST HOSPITAL KADUNA NORTH II,KADUNA,KADUNA NORTH,2024-09-30,2024,9,3,1876.0,33.0,31.0,1769,16,505.0,3,2,1006.0,1044,1348.0,1267.0,1085.0,2024-10-11,Facility Focal Person
LAG099,SPECIALIST HOSPITAL SABON GARI,KADUNA,SABON GARI,2024-10-31,2024,10,4,3037.0,145.0,140.0,5942,31,846.0,21,15,4231.0,84,5350.0,3407.0,3057.0,2024-11-13,Data Clerk
RIV002,TEACHING HOSPITAL OBIO/AKPOR,RIVERS,OBIO/AKPOR,2022-05-31,2022,5,2,1906.0,47.0,39.0,4897,50,454.0,7,5,4581.0,84,4516.0,4096.0,3761.0,2022-06-18,M&E Officer
BEN011,MODEL PRIMARY HEALTH CENTRE KATSINA-ALA II,BENUE,KATSINA-ALA,2024-11-01,2024,11,4,220.0,6.0,5.0,404,5,52.0,0,0,362.0,9,307.0,,206.0,2024-12-18,Facility Focal Person
RIV005,MISSION HOSPITAL DEGEMA,RIVERS,DEGEMA,2023-08-31,2023,8,3,165.0,2.0,1.0,1377,7,52.0,0,0,913.0,20,1127.0,816.0,795.0,2023-09-18,Facility Focal Person
TMP001,COTTAGE HOSPITAL AKWANGA II,NASARAWA,AKWANGA,2023-01-31,2023,1,1,1084.0,7.0,6.0,477,2,196.0,1,0,451.0,14,392.0,260.0,223.0,2023-02-15,Data Clerk
BEN004,GENERAL HOSPITAL OKPOKWU,BENUE,OKPOKWU,2024-01-31,2024,1,1,970.0,5.0,4.0,391,5,199.0,0,0,263.0,3,312.0,,180.0,2024-02-11,Facility Focal Person
CRS004,COMPREHENSIVE HEALTH CENTRE OBUDU,CROSS RIVER,OBUDU,2022-03-31,2022,3,1,225.0,8.0,7.0,463,1,58.0,2,1,364.0,7,405.0,313.0,266.0,2022-04-29,M&E Officer
RIV010,TEACHING HOSPITAL AHOADA EAST II,RIVERS,AHOADA EAST,2024-09-30,2024,9,3,824.0,20.0,15.0,2863,56,95.0,0,0,1872.0,34,2228.0,1993.0,1668.0,2024-10-11,Data Clerk
NAS006,PRIMARY HEALTH CENTRE LAFIA II,NASARAWA,LAFIA,2022-07-31,2022,7,3,265.0,10.0,7.0,1004,19,76.0,1,0,715.0,15,861.0,568.0,504.0,2022-08-13,Data Clerk
CRS003,SPECIALIST HOSPITAL OGOJA,CROSS RIVER,OGOJA,2022-04-01,2022,4,2,1586.0,43.0,37.0,,110,166.0,4,3,4778.0,77,5030.0,3224.0,2951.0,2022-05-13,Data Clerk
CRS013,MISSION HOSPITAL OGOJA II,CROSS RIVER,OGOJA,2022-11-30,2022,11,4,248.0,5.0,4.0,851,3,42.0,0,0,676.0,9,742.0,542.0,473.0,2022-12-13,Facility Focal Person
RIV001,MODEL PRIMARY HEALTH CENTRE PORT HARCOURT,RIVERS,PORT HARCOURT,2023-08-31,2023,8,3,102.0,0.0,0.0,955,6,21.0,0,0,770.0,14,670.0,445.0,409.0,2023-09-11,M&E Officer
BEN002,SPECIALIST HOSPITAL GBOKO,BENUE,GBOKO,2024-02-29,2024,2,1,1950.0,24.0,17.0,4444,23,429.0,5,4,2529.0,46,3534.0,2207.0,1899.0,2024-03-13,M&E Officer
CRS014,COMPREHENSIVE HEALTH CENTRE OBUDU II,CROSS RIVER,OBUDU,2022-12-31,2022,12,4,204.0,3.0,2.0,119,0,42.0,0,0,94.0,1,83.0,66.0,60.0,2023-01-13,Facility Focal Person
BEN002,SPECIALIST HOSPITAL GBOKO,BENUE,GBOKO,2022-04-30,2022,4,2,2436.0,45.0,34.0,4980,37,651.0,10,8,3032.0,61,3818.0,2463.0,2367.0,2022-05-11,M&E Officer
KAD005,COTTAGE HOSPITAL CHIKUN,KADUNA,CHIKUN,2022-10-31,2022,10,4,415.0,5.0,4.0,297,3,118.0,0,0,175.0,3,232.0,209.0,193.0,2022-11-15,Data Clerk
AKS015,MISSION HOSPITAL UYO II,AKWA IBOM,UYO,2022-09-30,2022,9,3,629.0,25.0,18.0,2495,8,182.0,5,4,1381.0,22,2279.0,1540.0,1447.0,2022-10-13,Facility Focal Person
RIV003,COMPREHENSIVE HEALTH CENTRE KHANA,RIVERS,KHANA,2023-10-01,2023,10,4,346.0,7.0,6.0,1039,3,47.0,0,0,762.0,19,927.0,660.0,605.0,2023-11-13,Facility Focal Person
BEN001,MISSION HOSPITAL MAKURDI,BENUE,MAKURDI,2022-02-28,2022,2,1,539.0,4.0,3.0,2140,12,71.0,0,0,1445.0,26,1464.0,1055.0,1003.0,2022-03-11,Facility Focal Person
LAG002,SPECIALIST HOSPITAL LAGOS ISLAND,LAGOS,LAGOS ISLAND,2023-01-31,2023,1,1,1364.0,93.0,70.0,5791,59,,12,10,3311.0,60,5299.0,3143.0,2688.0,2023-02-16,M&E Officer
RIV014,COTTAGE HOSPITAL OBIO/AKPOR II,RIVERS,OBIO/AKPOR,2022-05-31,2022,5,2,1005.0,11.0,9.0,612,6,261.0,1,0,372.0,3,517.0,394.0,326.0,2022-06-11,Facility Focal Person
LAG009,MISSION HOSPITAL BADAGRY II,LAGOS,BADAGRY,2024-04-30,2024,4,2,454.0,15.0,12.0,2318,43,120.0,1,0,1710.0,29,1601.0,1357.0,1247.0,2024-05-16,M&E Officer
BEN002,SPECIALIST HOSPITAL GBOKO,BENUE,GBOKO,2024-11-30,2024,11,4,2501.0,35.0,34.0,4398,70,662.0,4,3,3104.0,63,3504.0,2675.0,2407.0,2024-12-13,Data Clerk
KAD004,SPECIALIST HOSPITAL SABON GARI,KADUNA,SABON GARI,2024-11-30,2024,11,4,2719.0,145.0,130.0,5997,75,426.0,12,9,5163.0,70,4698.0,4367.0,4268.0,2024-12-16,Facility Focal Person
AKS004,COMPREHENSIVE HEALTH CENTRE ETINAN,AKWA IBOM,ETINAN,2022-09-30,2022,9,3,169.0,3.0,2.0,989,4,24.0,0,0,711.0,17,782.0,520.0,438.0,2022-10-21,M&E Officer
RIV006,COTTAGE HOSPITAL ELEME,RIVERS,ELEME,2023-09-30,2023,9,3,884.0,47.0,34.0,2609,24,166.0,8,7,2299.0,38,2234.0,1397.0,1274.0,2023-10-15,Data Clerk
NAS014,TEACHING HOSPITAL AKWANGA II,NASARAWA,AKWANGA,2022-07-31,2022,7,3,2447.0,110.0,109.0,4752,22,499.0,7,5,3734.0,76,3261.0,2306.0,1987.0,2022-08-11,Data Clerk
CRS013,MISSION HOSPITAL OGOJA II,CROSS RIVER,OGOJA,2023-02-01,2023,2,1,169.0,2.0,1.0,818,16,23.0,0,0,698.0,11,576.0,391.0,334.0,2023-03-16,M&E Officer
RIV009,MISSION HOSPITAL KHANA II,RIVERS,KHANA,2022-03-31,2022,3,1,414.0,4.0,3.0,869,14,115.0,1,0,592.0,12,782.0,580.0,522.0,2022-04-18,Facility Focal Person
AKS004,COMPREHENSIVE HEALTH CENTRE ETINAN,AKWA IBOM,ETINAN,2022-12-31,2022,12,4,196.0,12.0,10.0,961,18,40.0,1,0,590.0,15,804.0,706.0,660.0,2023-01-16,Data Clerk
NAS013,GENERAL HOSPITAL KEFFI II,NASARAWA,KEFFI,2023-06-30,2023,6,2,581.0,37.0,29.0,1648,14,77.0,2,1,1345.0,25,1516.0,937.0,833.0,2023-07-16,Facility Focal Person
NAS012,MISSION HOSPITAL KARU II,NASARAWA,KARU,2023-10-31,2023,10,4,689.0,13.0,12.0,1342,21,182.0,0,0,1078.0,17,990.0,786.0,695.0,2023-11-16,Facility Focal Person
RIV003,COMPREHENSIVE HEALTH CENTRE KHANA,RIVERS,KHANA,2023-12-31,2023,12,4,223.0,13.0,12.0,1043,13,39.0,0,0,863.0,13,921.0,565.0,482.0,2024-01-29,Facility Focal Person
RIV013,MISSION HOSPITAL PORT HARCOURT II,RIVERS,PORT HARCOURT,2023-08-31,2023,8,3,646.0,21.0,14.0,2153,32,145.0,4,3,1954.0,41,1982.0,1581.0,1462.0,2023-09-11,M&E Officer
RIV010,TEACHING HOSPITAL AHOADA EAST II,RIVERS,AHOADA EAST,2023-01-31,2023,1,1,777.0,17.0,16.0,,15,177.0,1,0,2346.0,34,2422.0,1821.0,1712.0,2023-02-13,Facility Focal Person
AKS001,COMPREHENSIVE HEALTH CENTRE UYO,AKWA IBOM,UYO,2022-05-31,2022,5,2,552.0,6.0,5.0,312,2,64.0,0,0,288.0,7,272.0,231.0,197.0,2022-06-21,Data Clerk
KAD010,COTTAGE HOSPITAL CHIKUN II,KADUNA,CHIKUN,2024-08-31,2024,8,3,348.0,13.0,10.0,969,15,99.0,5,3,789.0,14,711.0,572.0,541.0,2024-10-16,Facility Focal Person
KAD012,COMPREHENSIVE HEALTH CENTRE KADUNA SOUTH II,KADUNA,KADUNA SOUTH,2024-12-31,2024,12,4,425.0,5.0,4.0,628,8,60.0,0,0,363.0,6,448.0,351.0,326.0,2025-01-11,Data Clerk
FCT015,COMPREHENSIVE HEALTH CENTRE ABAJI II,FCT,ABAJI,2022-01-31,2022,1,1,71.0,4.0,3.0,908,5,15.0,0,0,646.0,5,749.0,695.0,657.0,2022-02-18,Data Clerk
FCT010,MODEL PRIMARY HEALTH CENTRE ABAJI II,FCT,ABAJI,2022-12-31,2022,12,4,338.0,9.0,7.0,322,2,74.0,0,0,294.0,7,234.0,136.0,123.0,2023-01-15,Facility Focal Person
NAS003,COTTAGE HOSPITAL KEFFI,NASARAWA,KEFFI,2023-01-31,2023,1,1,216.0,2.0,1.0,1721,19,56.0,0,0,1076.0,16,1449.0,939.0,774.0,2023-02-11,M&E Officer
LAG003,TEACHING HOSPITAL BADAGRY,LAGOS,BADAGRY,2024-04-30,2024,4,2,3544.0,122.0,86.0,6673,98,595.0,9,7,3856.0,84,4979.0,2809.0,2670.0,2024-05-13,Data Clerk
BEN002,SPECIALIST HOSPITAL GBOKO,BENUE,GBOKO,2024-09-01,2024,9,3,3276.0,34.0,32.0,4417,20,606.0,3,2,2970.0,59,3214.0,2306.0,2123.0,2024-10-15,Facility Focal Person
CRS001,MODEL PRIMARY HEALTH CENTRE CALABAR MUNICIPAL,CROSS RIVER,CALABAR MUNICIPAL,2024-05-31,2024,5,2,292.0,14.0,9.0,694,12,52.0,2,1,631.0,14,586.0,374.0,339.0,2024-06-13,Data Clerk
TMP001,MODEL PRIMARY HEALTH CENTRE PORT HARCOURT,RIVERS,PORT HARCOURT,2024-11-30,2024,11,4,107.0,0.0,0.0,784,5,16.0,0,0,585.0,18,719.0,640.0,616.0,2024-12-21,Data Clerk
CRS015,MODEL PRIMARY HEALTH CENTRE AKAMKPA II,CROSS RIVER,AKAMKPA,2024-12-31,2024,12,4,87.0,2.0,1.0,470,3,19.0,0,0,288.0,3,375.0,208.0,202.0,2025-01-13,Data Clerk
CRS015,MODEL PRIMARY HEALTH CENTRE AKAMKPA II,CROSS RIVER,AKAMKPA,2022-03-31,2022,3,1,85.0,1.0,0.0,627,4,18.0,0,0,451.0,5,545.0,434.0,375.0,2022-04-13,Data Clerk
RIV009,MISSION HOSPITAL KHANA II,RIVERS,KHANA,2024-02-01,2024,2,1,334.0,8.0,7.0,772,10,78.0,0,0,445.0,8,713.0,562.0,487.0,2024-03-21,Data Clerk
LAG011,COTTAGE HOSPITAL AGEGE II,LAGOS,AGEGE,2022-07-31,2022,7,3,643.0,6.0,5.0,1801,7,146.0,1,0,1104.0,15,1640.0,1504.0,1453.0,2022-08-16,Facility Focal Person
KAD003,MISSION HOSPITAL ZARIA,KADUNA,ZARIA,2022-07-31,2022,7,3,1234.0,42.0,33.0,,46,297.0,8,7,2177.0,32,2336.0,2197.0,2003.0,2022-08-16,Data Clerk
BEN003,GENERAL HOSPITAL OTUKPO,BENUE,OTUKPO,2023-03-31,2023,3,1,557.0,30.0,22.0,,25,128.0,0,0,1836.0,37,,1324.0,1122.0,2023-04-21,Facility Focal Person
RIV012,PRIMARY HEALTH CENTRE ELEME II,RIVERS,ELEME,2024-12-31,2024,12,4,509.0,15.0,13.0,1031,16,75.0,1,0,807.0,18,898.0,622.0,556.0,2025-01-11,Data Clerk
NAS999,MODEL PRIMARY HEALTH CENTRE KADUNA NORTH,KADUNA,KADUNA NORTH,2022-06-30,2022,6,2,200.0,11.0,9.0,781,11,37.0,4,3,609.0,3,557.0,523.0,434.0,2022-07-13,Facility Focal Person
NAS003,COTTAGE HOSPITAL KEFFI,NASARAWA,KEFFI,2022-06-30,2022,6,2,245.0,3.0,,1863,17,68.0,1,0,1396.0,26,1527.0,969.0,915.0,2022-07-15,Facility Focal Person
FCT006,MISSION HOSPITAL AMAC II,FCT,AMAC,2024-09-30,2024,9,3,921.0,,20.0,2138,13,200.0,2,1,1229.0,23,,1264.0,1106.0,2024-10-18,Data Clerk
NAS010,TEACHING HOSPITAL NASARAWA II,NASARAWA,NASARAWA,2023-10-31,2023,10,4,2521.0,102.0,78.0,5202,82,455.0,8,7,3055.0,65,4497.0,3862.0,3389.0,2023-11-13,Data Clerk
TMP001,MISSION HOSPITAL LAFIA II,NASARAWA,LAFIA,2022-02-28,2022,2,1,1055.0,8.0,7.0,2840,16,155.0,0,0,1987.0,31,2061.0,1598.0,1493.0,2022-03-11,Data Clerk
KAD008,MODEL PRIMARY HEALTH CENTRE ZARIA II,KADUNA,ZARIA,2022-03-31,2022,3,1,246.0,6.0,5.0,1240,16,60.0,2,1,1056.0,23,,593.0,549.0,2022-04-15,M&E Officer
AKS015,MISSION HOSPITAL UYO II,AKWA IBOM,UYO,2023-09-30,2023,9,3,796.0,36.0,30.0,2453,42,82.0,1,0,1748.0,40,2239.0,1711.0,1462.0,2023-10-18,M&E Officer
FCT009,MODEL PRIMARY HEALTH CENTRE KUJE II,FCT,KUJE,2022-12-31,2022,12,4,115.0,4.0,3.0,440,7,29.0,0,0,295.0,9,318.0,206.0,198.0,2023-01-29,Data Clerk
LAG007,PRIMARY HEALTH CENTRE IKORODU II,LAGOS,IKORODU,2022-10-31,2022,10,4,399.0,11.0,8.0,462,1,43.0,1,0,305.0,6,364.0,221.0,190.0,2022-11-15,Data Clerk
AKS015,MISSION HOSPITAL UYO II,AKWA IBOM,UYO,2024-10-01,2024,10,4,797.0,42.0,32.0,2417,44,203.0,6,5,1749.0,31,1959.0,1768.0,1703.0,2024-11-13,Facility Focal Person
KAD004,SPECIALIST HOSPITAL SABON GARI,KADUNA,SABON GARI,2022-03-31,2022,3,1,2182.0,134.0,102.0,3638,52,583.0,26,21,2022.0,35,3036.0,2238.0,1905.0,2022-04-16,M&E Officer
KAD014,GENERAL HOSPITAL SABON GARI II,KADUNA,SABON GARI,2023-03-01,2023,3,1,195.0,4.0,3.0,2549,24,37.0,0,0,2021.0,22,1895.0,1796.0,1628.0,2023-04-16,M&E Officer
RIV007,PRIMARY HEALTH CENTRE PORT HARCOURT II,RIVERS,PORT HARCOURT,2024-05-31,2024,5,2,638.0,4.0,3.0,614,4,164.0,0,0,347.0,5,453.0,380.0,331.0,2024-06-18,Data Clerk
NAS008,COMPREHENSIVE HEALTH CENTRE KEFFI II,NASARAWA,KEFFI,2024-12-01,2024,12,4,78.0,3.0,2.0,719,1,23.0,0,0,678.0,16,567.0,332.0,275.0,2025-01-15,M&E Officer
BEN010,MODEL PRIMARY HEALTH CENTRE OKPOKWU II,BENUE,OKPOKWU,2022-10-31,2022,10,4,386.0,4.0,3.0,803,8,51.0,0,0,720.0,12,722.0,668.0,579.0,2022-11-21,Data Clerk
FCT011,COTTAGE HOSPITAL AMAC II,FCT,AMAC,2023-10-31,2023,10,4,358.0,16.0,14.0,2142,6,67.0,2,1,1422.0,23,1608.0,1230.0,1149.0,2023-11-16,Data Clerk
AKS005,COMPREHENSIVE HEALTH CENTRE ORON,AKWA IBOM,ORON,2022-11-30,2022,11,4,110.0,1.0,0.0,1198,19,26.0,0,0,1047.0,17,1017.0,735.0,607.0,2022-12-16,M&E Officer
KAD009,MODEL PRIMARY HEALTH CENTRE SABON GARI II,KADUNA,SABON GARI,2024-02-01,2024,2,1,525.0,19.0,14.0,900,16,147.0,4,3,615.0,14,768.0,513.0,421.0,2024-03-18,Facility Focal Person
LAG002,SPECIALIST HOSPITAL LAGOS ISLAND,LAGOS,LAGOS ISLAND,2024-11-30,2024,11,4,21370.0,98.0,86.0,6119,52,406.0,13,12,3798.0,74,4265.0,2717.0,2513.0,2024-12-13,M&E Officer
KAD006,SPECIALIST HOSPITAL KADUNA NORTH II,KADUNA,KADUNA NORTH,2024-02-29,2024,2,1,1969.0,27.0,19.0,1666,4,560.0,5,4,1286.0,29,1439.0,1015.0,943.0,2024-03-13,M&E Officer
NAS003,COTTAGE HOSPITAL KEFFI,NASARAWA,KEFFI,2023-10-31,2023,10,4,315.0,359.0,5.0,1592,11,36.0,2,1,960.0,17,1196.0,918.0,837.0,2023-11-13,Data Clerk
KAD002,TEACHING HOSPITAL KADUNA SOUTH,KADUNA,KADUNA SOUTH,2022-02-01,2022,2,1,1535.0,16.0,15.0,4557,49,194.0,2,1,3601.0,78,3154.0,1896.0,1562.0,2022-03-13,Facility Focal Person
LAG008,COTTAGE HOSPITAL LAGOS ISLAND II,LAGOS,LAGOS ISLAND,2024-04-01,2024,4,2,133.0,1.0,0.0,727,10,34.0,0,0,432.0,7,575.0,537.0,442.0,2024-05-29,Facility Focal Person
RIV001,MODEL PRIMARY HEALTH CENTRE PORT HARCOURT,RIVERS,PORT HARCOURT,2024-06-30,2024,6,2,133.0,0.0,0.0,831,15,21.0,0,0,760.0,16,583.0,436.0,380.0,2024-07-16,Data Clerk
LAG006,SPECIALIST HOSPITAL ALIMOSHO,LAGOS,ALIMOSHO,2023-09-30,2023,9,3,848.0,14.0,10.0,4806,26,199.0,3,2,3650.0,68,4365.0,3791.0,3421.0,2023-10-18,M&E Officer
LAG013,SPECIALIST HOSPITAL IKORODU II,LAGOS,IKORODU,2023-06-30,2023,6,2,2104.0,97.0,69.0,6032,63,439.0,15,12,4199.0,66,4138.0,2412.0,1993.0,2023-07-15,Facility Focal Person
AKS004,COMPREHENSIVE HEALTH CENTRE ETINAN,AKWA IBOM,ETINAN,2023-08-31,2023,8,3,211.0,15.0,13.0,971,12,62.0,0,0,578.0,4,774.0,646.0,628.0,2023-09-13,Data Clerk
CRS005,TEACHING HOSPITAL AKAMKPA,CROSS RIVER,AKAMKPA,2023-06-30,2023,6,2,1215.0,63.0,50.0,4236,42,254.0,5,4,3853.0,77,3622.0,2450.0,2345.0,2023-07-15,Facility Focal Person
CRS003,SPECIALIST HOSPITAL OGOJA,CROSS RIVER,OGOJA,2023-11-30,2023,11,4,1291.0,37.0,34.0,5236,20,296.0,6,5,3583.0,63,4136.0,2923.0,2578.0,2023-12-13,M&E Officer
KAD008,MODEL PRIMARY HEALTH CENTRE ZARIA II,KADUNA,ZARIA,2022-09-30,2022,9,3,349.0,11.0,8.0,1220,7,92.0,2,1,1038.0,18,913.0,816.0,775.0,2022-10-30,Facility Focal Person
KAD008,MODEL PRIMARY HEALTH CENTRE ZARIA II,KADUNA,ZARIA,2024-04-30,2024,4,2,462.0,10.0,8.0,1162,5,93.0,2,1,799.0,14,1049.0,849.0,777.0,2024-05-13,M&E Officer
RIV013,MISSION HOSPITAL PORT HARCOURT II,RIVERS,PORT HARCOURT,2022-09-30,2022,9,3,383.0,17.0,14.0,2249,24,84.0,1,0,1998.0,44,1552.0,1451.0,1325.0,2022-10-18,Data Clerk
FCT005,PRIMARY HEALTH CENTRE ABAJI,FCT,ABAJI,2022-01-31,2022,1,1,394.0,14.0,11.0,468,4,96.0,3,2,266.0,6,346.0,198.0,186.0,2022-02-13,Data Clerk
AKS006,PRIMARY HEALTH CENTRE ABAK,AKWA IBOM,ABAK,2022-11-30,2022,11,4,433.0,15.0,13.0,312,5,59.0,1,0,172.0,3,227.0,195.0,161.0,2022-12-15,Data Clerk
BEN002,SPECIALIST HOSPITAL GBOKO,BENUE,GBOKO,2023-12-31,2023,12,4,1897.0,23.0,19.0,4480,9,535.0,6,4,3186.0,54,3814.0,3477.0,2991.0,2024-01-18,M&E Officer
RIV005,MISSION HOSPITAL DEGEMA,RIVERS,DEGEMA,2023-04-30,2023,4,2,136.0,4.0,3.0,1421,12,38.0,1,0,1321.0,18,1181.0,988.0,883.0,2023-05-11,Data Clerk
NAS013,GENERAL HOSPITAL KEFFI II,NASARAWA,KEFFI,2023-07-31,2023,7,3,625.0,27.0,26.0,1652,22,127.0,4,3,1552.0,35,1427.0,1322.0,1249.0,2023-08-21,Facility Focal Person
RIV002,TEACHING HOSPITAL OBIO/AKPOR,RIVERS,OBIO/AKPOR,2024-07-31,2024,7,3,2361.0,55.0,54.0,4203,70,613.0,10,7,2950.0,37,3135.0,2722.0,2510.0,2024-08-21,Data Clerk
AKS009,PRIMARY HEALTH CENTRE IKOT EKPENE II,AKWA IBOM,IKOT EKPENE,2023-02-28,2023,2,1,94.0,4.0,3.0,226,3,27.0,0,0,188.0,3,205.0,148.0,,2023-03-21,M&E Officer
CRS006,PRIMARY HEALTH CENTRE CALABAR MUNICIPAL II,CROSS RIVER,CALABAR MUNICIPAL,2022-08-31,2022,8,3,,22.0,21.0,1280,18,163.0,5,4,984.0,26,970.0,616.0,531.0,2022-09-18,Facility Focal Person
NAS014,TEACHING HOSPITAL AKWANGA II,NASARAWA,AKWANGA,2023-08-31,2023,8,3,2682.0,,78.0,4876,79,777.0,18,16,3577.0,71,3767.0,2120.0,1994.0,2023-09-18,M&E Officer
RIV015,SPECIALIST HOSPITAL KHANA II,RIVERS,KHANA,2023-05-31,2023,5,2,430.0,26.0,21.0,2382,12,114.0,5,4,1916.0,33,1859.0,1157.0,982.0,2023-06-18,M&E Officer
FCT012,MISSION HOSPITAL BWARI II,FCT,BWARI,2023-02-28,2023,2,1,1070.0,44.0,43.0,2741,54,276.0,3,2,1542.0,39,2219.0,1260.0,1107.0,2023-03-15,Facility Focal Person
LAG099,PRIMARY HEALTH CENTRE LAFIA II,NASARAWA,LAFIA,2024-08-31,2024,8,3,322.0,8.0,6.0,923,10,59.0,2,1,693.0,10,,665.0,629.0,2024-09-27,Facility Focal Person
RIV015,SPECIALIST HOSPITAL KHANA II,RIVERS,KHANA,2024-02-29,2024,2,1,423.0,22.0,15.0,2287,39,64.0,4,3,,30,2001.0,1752.0,1683.0,2024-03-15,Facility Focal Person
FCT011,COTTAGE HOSPITAL AMAC II,FCT,AMAC,2022-09-30,2022,9,3,219.0,3.0,2.0,2260,11,38.0,0,0,2056.0,32,2101.0,2109.0,,2022-10-11,M&E Officer
FCT002,GENERAL HOSPITAL BWARI,FCT,BWARI,2023-02-28,2023,2,1,109.0,2.0,1.0,604,10,20.0,1,0,573.0,10,549.0,420.0,371.0,2023-03-18,M&E Officer
BEN005,MODEL PRIMARY HEALTH CENTRE KATSINA-ALA,BENUE,KATSINA-ALA,2023-12-31,2023,12,4,550.0,13.0,10.0,535,9,171.0,1,0,383.0,6,454.0,424.0,359.0,2024-01-29,Data Clerk
AKS001,COMPREHENSIVE HEALTH CENTRE UYO,AKWA IBOM,UYO,2023-05-31,2023,5,2,685.0,10.0,9.0,316,0,72.0,1,0,290.0,4,236.0,151.0,133.0,2023-06-21,M&E Officer
KAD012,COMPREHENSIVE HEALTH CENTRE KADUNA SOUTH II,KADUNA,KADUNA SOUTH,2024-08-31,2024,8,3,545.0,13.0,9.0,639,9,117.0,3,2,376.0,8,452.0,254.0,208.0,2024-09-16,Data Clerk
RIV008,TEACHING HOSPITAL OBIO/AKPOR II,RIVERS,OBIO/AKPOR,2023-12-31,2023,12,4,1189.0,45.0,42.0,4111,42,143.0,6,5,2509.0,43,3142.0,2661.0,2335.0,2024-01-13,M&E Officer
KAD011,PRIMARY HEALTH CENTRE KADUNA NORTH II,KADUNA,KADUNA NORTH,2023-03-31,2023,3,1,245.0,13.0,9.0,558,6,71.0,1,0,453.0,11,412.0,370.0,340.0,2023-04-11,Data Clerk
RIV012,PRIMARY HEALTH CENTRE ELEME II,RIVERS,ELEME,2023-12-31,2023,12,4,598.0,24.0,22.0,989,11,156.0,4,3,800.0,8,872.0,761.0,726.0,2024-01-13,Data Clerk
AKS007,TEACHING HOSPITAL IKONO,AKWA IBOM,IKONO,2022-10-31,2022,10,4,836.0,6.0,5.0,6415,85,262.0,1,0,3766.0,70,5287.0,2976.0,2596.0,2022-11-15,Data Clerk
CRS004,COMPREHENSIVE HEALTH CENTRE OBUDU,CROSS RIVER,OBUDU,2023-02-28,2023,2,1,218.0,7.0,6.0,455,2,48.0,0,0,425.0,9,328.0,308.0,287.0,2023-03-13,Facility Focal Person
FCT010,MODEL PRIMARY HEALTH CENTRE ABAJI II,FCT,ABAJI,2022-06-30,2022,6,2,479.0,10.0,8.0,288,5,69.0,3,2,242.0,4,243.0,153.0,143.0,2022-07-11,Facility Focal Person
CRS006,PRIMARY HEALTH CENTRE CALABAR MUNICIPAL II,CROSS RIVER,CALABAR MUNICIPAL,2023-12-31,2023,12,4,408.0,21.0,15.0,1357,14,107.0,1,0,1020.0,14,1099.0,874.0,842.0,2024-01-15,Facility Focal Person
LAG003,TEACHING HOSPITAL BADAGRY,LAGOS,BADAGRY,2022-06-30,2022,6,2,3224.0,152.0,115.0,6126,29,618.0,12,11,5661.0,106,4419.0,3135.0,2958.0,2022-07-11,Data Clerk
RIV015,SPECIALIST HOSPITAL KHANA II,RIVERS,KHANA,2022-02-28,2022,2,1,327.0,20.0,15.0,2511,16,78.0,2,1,1756.0,28,2272.0,1401.0,1253.0,2022-03-16,Facility Focal Person
CRS006,PRIMARY HEALTH CENTRE CALABAR MUNICIPAL II,CROSS RIVER,CALABAR MUNICIPAL,2024-10-31,2024,10,4,473.0,19.0,14.0,1429,14,143.0,5,4,893.0,19,1148.0,711.0,636.0,2024-12-16,Data Clerk
RIV012,PRIMARY HEALTH CENTRE ELEME II,RIVERS,ELEME,2023-07-31,2023,7,3,599.0,22.0,17.0,965,8,181.0,7,6,799.0,18,671.0,376.0,324.0,2023-08-18,M&E Officer
KAD002,TEACHING HOSPITAL KADUNA SOUTH,KADUNA,KADUNA SOUTH,2022-04-30,2022,4,2,1364.0,10.0,8.0,4485,33,218.0,0,0,3443.0,59,3097.0,2887.0,2436.0,2022-05-15,Facility Focal Person
BEN004,GENERAL HOSPITAL OKPOKWU,BENUE,OKPOKWU,2024-07-31,2024,7,3,950.0,8.0,6.0,415,4,277.0,0,0,318.0,2,359.0,211.0,,2024-08-13,Facility Focal Person
BEN013,MODEL PRIMARY HEALTH CENTRE MAKURDI II,BENUE,MAKURDI,2023-08-31,2023,8,3,530.0,24.0,17.0,595,2,109.0,4,3,444.0,10,419.0,260.0,248.0,2023-09-16,M&E Officer
NAS007,GENERAL HOSPITAL KARU II,NASARAWA,KARU,2022-02-01,2022,2,1,617.0,6.0,4.0,2708,18,66.0,1,0,2489.0,51,1843.0,1591.0,,2022-03-16,Facility Focal Person
BEN007,SPECIALIST HOSPITAL MAKURDI II,BENUE,MAKURDI,2022-09-30,2022,9,3,236.0,5.0,4.0,2260,24,57.0,0,0,,40,1716.0,1571.0,1507.0,2022-10-21,Facility Focal Person
AKS005,COMPREHENSIVE HEALTH CENTRE ORON,AKWA IBOM,ORON,2023-05-31,2023,5,2,160.0,2.0,1.0,1130,14,29.0,0,0,913.0,19,951.0,861.0,782.0,2023-06-11,Facility Focal Person
NAS009,COTTAGE HOSPITAL AKWANGA II,NASARAWA,AKWANGA,2022-10-31,2022,10,4,983.0,8.0,7.0,480,6,203.0,0,0,337.0,3,409.0,326.0,273.0,2022-11-18,Data Clerk
RIV012,PRIMARY HEALTH CENTRE ELEME II,RIVERS,ELEME,2023-09-30,2023,9,3,588.0,27.0,22.0,971,16,80.0,1,0,536.0,6,866.0,721.0,608.0,2023-10-15,Facility Focal Person
NAS001,MODEL PRIMARY HEALTH CENTRE LAFIA,NASARAWA,LAFIA,2023-10-31,2023,10,4,129.0,1.0,0.0,426,2,21.0,0,0,295.0,3,313.0,225.0,208.0,2023-11-18,Facility Focal Person
CRS001,MODEL PRIMARY HEALTH CENTRE CALABAR MUNICIPAL,CROSS RIVER,CALABAR MUNICIPAL,2022-02-28,2022,2,1,185.0,15.0,13.0,673,1,19.0,0,0,568.0,14,507.0,448.0,411.0,2022-03-29,Data Clerk
KAD005,COTTAGE HOSPITAL CHIKUN,KADUNA,CHIKUN,2024-06-30,2024,6,2,883.0,14.0,11.0,379,2,226.0,2,1,256.0,6,268.0,203.0,184.0,2024-07-21,M&E Officer
NAS001,MODEL PRIMARY HEALTH CENTRE LAFIA,NASARAWA,LAFIA,2022-08-31,2022,8,3,143.0,2.0,1.0,481,3,44.0,0,0,283.0,6,381.0,292.0,264.0,2022-09-21,M&E Officer
KAD008,MODEL PRIMARY HEALTH CENTRE ZARIA II,KADUNA,ZARIA,2023-02-28,2023,2,1,310.0,9.0,7.0,1200,13,44.0,0,0,724.0,8,855.0,655.0,569.0,2023-03-13,M&E Officer
FCT002,GENERAL HOSPITAL BWARI,FCT,BWARI,2022-09-30,2022,9,3,121.0,5.0,4.0,624,11,34.0,0,0,432.0,6,533.0,317.0,271.0,2022-10-11,M&E Officer
AKS003,MODEL PRIMARY HEALTH CENTRE EKET,AKWA IBOM,EKET,2024-03-31,2024,3,1,,27.0,23.0,406,5,79.0,1,0,319.0,6,328.0,257.0,233.0,2024-04-16,Data Clerk
FCT012,MISSION HOSPITAL BWARI II,FCT,BWARI,2022-06-30,2022,6,2,1208.0,38.0,,2654,33,224.0,3,2,1490.0,23,2459.0,1958.0,1698.0,2022-07-15,M&E Officer
KAD014,GENERAL HOSPITAL SABON GARI II,KADUNA,SABON GARI,2023-11-30,2023,11,4,255.0,7.0,6.0,2343,41,66.0,1,0,1957.0,27,2070.0,1931.0,1800.0,2023-12-16,Data Clerk
AKS008,PRIMARY HEALTH CENTRE UYO II,AKWA IBOM,UYO,2022-02-28,2022,2,1,,,1.0,84,0,9.0,0,0,58.0,2,61.0,43.0,38.0,2022-03-29,Data Clerk
NAS005,MISSION HOSPITAL NASARAWA,NASARAWA,NASARAWA,2022-10-31,2022,10,4,1236.0,30.0,28.0,348,4,355.0,4,3,310.0,2,323.0,230.0,203.0,2022-11-29,Data Clerk
NAS012,MISSION HOSPITAL KARU II,NASARAWA,KARU,2024-10-31,2024,10,4,926.0,18.0,15.0,,23,188.0,4,3,1210.0,26,1188.0,1081.0,984.0,2024-11-13,M&E Officer
BEN011,MODEL PRIMARY HEALTH CENTRE KATSINA-ALA II,BENUE,KATSINA-ALA,2022-10-31,2022,10,4,158.0,5.0,4.0,322,6,43.0,3,2,282.0,3,237.0,222.0,196.0,2022-11-18,M&E Officer
LAG001,PRIMARY HEALTH CENTRE IKORODU,LAGOS,IKORODU,2024-09-30,2024,9,3,461.0,7.0,5.0,405,3,141.0,0,0,324.0,3,296.0,228.0,192.0,2024-10-15,M&E Officer
NAS007,GENERAL HOSPITAL KARU II,NASARAWA,KARU,2022-06-30,2022,6,2,629.0,3.0,2.0,2593,27,105.0,0,0,1810.0,44,2214.0,1596.0,1470.0,2022-07-15,M&E Officer
LAG003,TEACHING HOSPITAL BADAGRY,LAGOS,BADAGRY,2022-09-30,2022,9,3,3107.0,137.0,103.0,6217,34,935.0,27,22,5304.0,93,5618.0,5085.0,4631.0,2022-10-13,M&E Officer
KAD014,GENERAL HOSPITAL SABON GARI II,KADUNA,SABON GARI,2024-07-01,2024,7,3,267.0,4.0,3.0,2162,21,81.0,5,4,1390.0,23,1887.0,1228.0,1184.0,2024-08-11,M&E Officer
BEN003,GENERAL HOSPITAL OTUKPO,BENUE,OTUKPO,2022-03-31,2022,3,1,503.0,17.0,13.0,2599,12,106.0,2,1,1568.0,30,1858.0,1642.0,1543.0,2022-04-15,Data Clerk
FCT003,SPECIALIST HOSPITAL GWAGWALADA,FCT,GWAGWALADA,2024-04-30,2024,4,2,665.0,,19.0,5151,-21,109.0,1,0,2842.0,63,4255.0,3124.0,2942.0,2024-05-11,Facility Focal Person
KAD014,GENERAL HOSPITAL SABON GARI II,KADUNA,SABON GARI,2022-10-31,2022,10,4,142.0,4.0,3.0,2632,36,41.0,3,2,2172.0,32,2186.0,1486.0,1424.0,2022-11-11,Data Clerk
LAG013,SPECIALIST HOSPITAL IKORODU II,LAGOS,IKORODU,2022-09-30,2022,9,3,2252.0,90.0,79.0,6077,30,369.0,10,9,5255.0,112,4769.0,3638.0,3054.0,2022-10-16,M&E Officer
NAS009,COTTAGE HOSPITAL AKWANGA II,NASARAWA,AKWANGA,2024-09-01,2024,9,3,1066.0,11.0,7.0,490,7,289.0,2,1,303.0,5,351.0,310.0,292.0,2024-10-11,Facility Focal Person
KAD012,COMPREHENSIVE HEALTH CENTRE KADUNA SOUTH II,KADUNA,KADUNA SOUTH,2023-08-31,2023,8,3,432.0,5.0,3.0,649,4,131.0,2,1,506.0,7,540.0,297.0,263.0,2023-09-15,Facility Focal Person
CRS014,COMPREHENSIVE HEALTH CENTRE OBUDU II,CROSS RIVER,OBUDU,2024-02-29,2024,2,1,340.0,8.0,7.0,173,2,68.0,0,0,95.0,3,140.0,91.0,77.0,2024-03-29,Facility Focal Person
LAG013,SPECIALIST HOSPITAL IKORODU II,LAGOS,IKORODU,2022-02-28,2022,2,1,15000.0,66.0,64.0,5881,105,432.0,16,12,,89,4352.0,2901.0,2718.0,2022-03-11,Data Clerk
CRS012,MODEL PRIMARY HEALTH CENTRE IKOM II,CROSS RIVER,IKOM,2023-06-30,2023,6,2,475.0,7.0,5.0,799,3,75.0,0,0,662.0,14,617.0,488.0,456.0,2023-07-11,Data Clerk
LAG099,COMPREHENSIVE HEALTH CENTRE KHANA,RIVERS,KHANA,2022-12-31,2022,12,4,186.0,6.0,5.0,1037,15,51.0,76,0,847.0,15,716.0,405.0,363.0,2023-01-29,Facility Focal Person
AKS008,PRIMARY HEALTH CENTRE UYO II,AKWA IBOM,UYO,2022-11-30,2022,11,4,81.0,2.0,1.0,86,0,19.0,0,0,69.0,1,62.0,41.0,37.0,2022-12-11,M&E Officer
CRS004,COMPREHENSIVE HEALTH CENTRE OBUDU,CROSS RIVER,OBUDU,2024-05-31,2024,5,2,274.0,6.0,,457,-8,45.0,0,0,350.0,7,362.0,232.0,218.0,2024-06-15,M&E Officer
XXX999,COTTAGE HOSPITAL AKWANGA II,NASARAWA,AKWANGA,2022-04-30,2022,4,2,1143.0,10.0,7.0,459,7,311.0,1,0,280.0,9,337.0,318.0,271.0,2022-05-11,M&E Officer
RIV015,SPECIALIST HOSPITAL KHANA II,RIVERS,KHANA,2023-08-31,2023,8,3,433.0,26.0,25.0,2356,25,52.0,4,3,2043.0,29,1749.0,1608.0,1452.0,2023-09-30,Data Clerk
FCT007,SPECIALIST HOSPITAL BWARI II,FCT,BWARI,2023-02-28,2023,2,1,2189.0,62.0,44.0,4267,51,560.0,8,6,3683.0,67,3266.0,2718.0,2241.0,2023-03-13,M&E Officer
LAG010,PRIMARY HEALTH CENTRE SURULERE II,LAGOS,SURULERE,2023-08-31,2023,8,3,494.0,19.0,13.0,955,19,64.0,0,0,798.0,18,809.0,615.0,594.0,2023-10-16,Data Clerk
KAD008,MODEL PRIMARY HEALTH CENTRE ZARIA II,KADUNA,ZARIA,2024-05-31,2024,5,2,346.0,12.0,9.0,1156,15,90.0,3,2,787.0,9,899.0,550.0,519.0,2024-06-18,Data Clerk
TMP001,PRIMARY HEALTH CENTRE IKONO II,AKWA IBOM,IKONO,2023-09-30,2023,9,3,249.0,10.0,7.0,614,5,78.0,1,0,,13,529.0,456.0,382.0,2023-10-13,Facility Focal Person
LAG007,PRIMARY HEALTH CENTRE IKORODU II,LAGOS,IKORODU,2022-12-31,2022,12,4,240.0,7.0,6.0,477,3,71.0,1,0,422.0,5,361.0,278.0,250.0,2023-01-13,M&E Officer
LAG004,COMPREHENSIVE HEALTH CENTRE SURULERE,LAGOS,SURULERE,2022-11-30,2022,11,4,509.0,7.0,5.0,618,7,88.0,1,0,378.0,7,505.0,386.0,334.0,2022-12-13,Facility Focal Person
KAD006,SPECIALIST HOSPITAL KADUNA NORTH II,KADUNA,KADUNA NORTH,2024-12-31,2024,12,4,1795.0,31.0,25.0,1775,28,488.0,5,4,1010.0,23,1502.0,1310.0,1079.0,2025-01-16,M&E Officer
KAD015,GENERAL HOSPITAL CHIKUN II,KADUNA,CHIKUN,2023-11-30,2023,11,4,343.0,10.0,7.0,1649,4,78.0,2,1,1360.0,32,,881.0,813.0,2023-12-11,Data Clerk
AKS005,COMPREHENSIVE HEALTH CENTRE ORON,AKWA IBOM,ORON,2022-03-31,2022,3,1,99.0,1.0,0.0,1314,6,19.0,0,0,1038.0,20,1075.0,871.0,843.0,2022-04-15,Data Clerk
XXX999,PRIMARY HEALTH CENTRE OTUKPO II,BENUE,OTUKPO,2022-06-30,2022,6,2,259.0,,,476,4,26.0,0,0,350.0,5,428.0,253.0,221.0,2022-07-16,Data Clerk
KAD004,SPECIALIST HOSPITAL SABON GARI,KADUNA,SABON GARI,2022-08-31,2022,8,3,2653.0,130.0,110.0,4023,50,659.0,24,18,3074.0,59,2832.0,2456.0,2081.0,2022-09-11,Facility Focal Person
RIV004,MODEL PRIMARY HEALTH CENTRE AHOADA EAST,RIVERS,AHOADA EAST,2022-12-01,2022,12,4,329.0,391.0,9.0,863,2,,1,0,719.0,6,595.0,437.0,408.0,2023-01-15,Facility Focal Person
LAG005,MISSION HOSPITAL AGEGE,LAGOS,AGEGE,2024-11-01,2024,11,4,920.0,16.0,12.0,1838,14,286.0,2,1,1193.0,26,1417.0,931.0,896.0,2024-12-13,Data Clerk
FCT010,MODEL PRIMARY HEALTH CENTRE ABAJI II,FCT,ABAJI,2024-08-31,2024,8,3,560.0,15.0,12.0,500,7,170.0,1,0,356.0,11,446.0,320.0,302.0,2024-09-16,Data Clerk
CRS005,TEACHING HOSPITAL AKAMKPA,CROSS RIVER,AKAMKPA,2023-09-30,2023,9,3,1185.0,37.0,33.0,4241,39,,3,2,2674.0,49,3330.0,2263.0,2083.0,2023-10-15,Data Clerk
BEN002,SPECIALIST HOSPITAL GBOKO,BENUE,GBOKO,2024-08-31,2024,8,3,2366.0,48.0,35.0,4405,51,593.0,4,3,3410.0,59,3019.0,2355.0,2244.0,2024-09-15,M&E Officer
CRS002,COMPREHENSIVE HEALTH CENTRE IKOM,CROSS RIVER,IKOM,2022-04-30,2022,4,2,132.0,10.0,8.0,161,1,17.0,0,0,89.0,3,111.0,71.0,60.0,2022-05-13,Facility Focal Person
RIV002,TEACHING HOSPITAL OBIO/AKPOR,RIVERS,OBIO/AKPOR,2024-09-30,2024,9,3,1815.0,28.0,27.0,4197,13,434.0,2,1,3620.0,56,3016.0,2554.0,2175.0,2024-10-16,Facility Focal Person
CRS010,COMPREHENSIVE HEALTH CENTRE AKAMKPA II,CROSS RIVER,AKAMKPA,2024-05-31,2024,5,2,93.0,0.0,0.0,349,5,17.0,0,0,200.0,0,282.0,251.0,211.0,2024-06-15,Data Clerk
LAG009,MISSION HOSPITAL BADAGRY II,LAGOS,BADAGRY,2024-03-01,2024,3,1,477.0,6.0,,2349,23,135.0,2,1,1854.0,34,2152.0,1884.0,1790.0,2024-04-13,Data Clerk
AKS006,PRIMARY HEALTH CENTRE ABAK,AKWA IBOM,ABAK,2023-06-01,2023,6,2,501.0,,10.0,362,2,64.0,1,0,304.0,7,301.0,234.0,200.0,2023-07-21,Data Clerk
KAD007,MODEL PRIMARY HEALTH CENTRE KADUNA SOUTH II,KADUNA,KADUNA SOUTH,2023-08-31,2023,8,3,252.0,11.0,9.0,1131,10,79.0,0,0,808.0,15,776.0,447.0,433.0,2023-09-21,M&E Officer
FCT005,PRIMARY HEALTH CENTRE ABAJI,FCT,ABAJI,2024-04-30,2024,4,2,541.0,11.0,9.0,557,8,66.0,0,0,447.0,10,514.0,386.0,335.0,2024-05-11,M&E Officer
RIV007,PRIMARY HEALTH CENTRE PORT HARCOURT II,RIVERS,PORT HARCOURT,2022-11-30,2022,11,4,332.0,2.0,1.0,689,10,36.0,0,0,478.0,7,528.0,339.0,313.0,2022-12-18,Facility Focal Person
NAS013,GENERAL HOSPITAL KEFFI II,NASARAWA,KEFFI,2023-05-31,2023,5,2,573.0,28.0,26.0,1633,9,123.0,1,0,1063.0,21,1193.0,950.0,924.0,2023-06-21,M&E Officer
CRS001,MODEL PRIMARY HEALTH CENTRE CALABAR MUNICIPAL,CROSS RIVER,CALABAR MUNICIPAL,2023-11-01,2023,11,4,171.0,4.0,3.0,684,10,46.0,0,0,538.0,10,478.0,409.0,364.0,2023-12-13,Facility Focal Person
AKS006,PRIMARY HEALTH CENTRE ABAK,AKWA IBOM,ABAK,2023-11-30,2023,11,4,554.0,12.0,9.0,405,5,,3,2,366.0,7,355.0,217.0,191.0,2023-12-18,M&E Officer
CRS008,COTTAGE HOSPITAL OGOJA II,CROSS RIVER,OGOJA,2024-05-31,2024,5,2,656.0,33.0,28.0,2154,41,115.0,7,6,1894.0,24,,1295.0,1179.0,2024-06-11,Data Clerk
LAG004,COMPREHENSIVE HEALTH CENTRE SURULERE,LAGOS,SURULERE,2022-10-31,2022,10,4,391.0,8.0,7.0,620,8,45.0,1,0,438.0,11,517.0,301.0,278.0,2022-11-15,M&E Officer
KAD003,MISSION HOSPITAL ZARIA,KADUNA,ZARIA,2022-10-31,2022,10,4,1105.0,53.0,52.0,2639,6,232.0,6,5,2184.0,33,1809.0,1037.0,977.0,2022-11-13,M&E Officer
LAG003,TEACHING HOSPITAL BADAGRY,LAGOS,BADAGRY,2023-08-31,2023,8,3,3442.0,101.0,78.0,6499,116,1036.0,11,10,3678.0,60,4778.0,4277.0,3594.0,2023-09-16,M&E Officer
CRS007,MODEL PRIMARY HEALTH CENTRE IKOM II,CROSS RIVER,IKOM,2024-02-29,2024,2,1,110.0,2.0,1.0,309,1,32.0,0,0,171.0,3,249.0,189.0,155.0,2024-03-16,M&E Officer
NAS999,MISSION HOSPITAL KHANA II,RIVERS,KHANA,2024-03-31,2024,3,1,470.0,7.0,5.0,774,3,123.0,1,0,499.0,8,533.0,402.0,393.0,2024-04-11,M&E Officer
NAS010,TEACHING HOSPITAL NASARAWA II,NASARAWA,NASARAWA,2022-04-30,2022,4,2,,137.0,96.0,4535,33,368.0,8,7,3925.0,61,3374.0,2308.0,2171.0,2022-05-11,Data Clerk
FCT001,MISSION HOSPITAL AMAC,FCT,AMAC,2022-05-31,2022,5,2,963.0,14.0,,1349,19,122.0,0,0,1083.0,19,1137.0,798.0,747.0,2022-06-15,Facility Focal Person
RIV005,MISSION HOSPITAL DEGEMA,RIVERS,DEGEMA,2023-03-31,2023,3,1,158.0,10.0,7.0,1430,16,44.0,2,1,917.0,20,1299.0,1162.0,1005.0,2023-04-21,Facility Focal Person
NAS010,TEACHING HOSPITAL NASARAWA II,NASARAWA,NASARAWA,2023-12-01,2023,12,4,1466.0,63.0,56.0,5207,40,451.0,15,12,4525.0,71,4705.0,4158.0,4009.0,2024-01-29,Data Clerk
KAD009,MODEL PRIMARY HEALTH CENTRE SABON GARI II,KADUNA,SABON GARI,2023-04-30,2023,4,2,461.0,19.0,17.0,794,11,128.0,6,5,542.0,9,588.0,471.0,456.0,2023-05-21,Facility Focal Person
CRS013,MISSION HOSPITAL OGOJA II,CROSS RIVER,OGOJA,2024-11-30,2024,11,4,204.0,3.0,2.0,723,13,31.0,0,0,470.0,10,509.0,444.0,394.0,2024-12-15,Data Clerk
LAG001,PRIMARY HEALTH CENTRE IKORODU,LAGOS,IKORODU,2023-09-01,2023,9,3,617.0,11.0,8.0,310,2,101.0,1,0,,5,231.0,171.0,160.0,2023-10-29,Data Clerk
CRS007,MODEL PRIMARY HEALTH CENTRE IKOM II,CROSS RIVER,IKOM,2022-09-30,2022,9,3,98.0,5.0,4.0,316,3,13.0,0,0,245.0,2,233.0,202.0,188.0,2022-10-11,M&E Officer
CRS010,COMPREHENSIVE HEALTH CENTRE AKAMKPA II,CROSS RIVER,AKAMKPA,2024-04-01,2024,4,2,71.0,1.0,0.0,354,5,18.0,0,0,213.0,5,280.0,187.0,162.0,2024-05-16,Facility Focal Person
BEN006,PRIMARY HEALTH CENTRE VANDEIKYA,BENUE,VANDEIKYA,2024-12-31,2024,12,4,203.0,5.0,4.0,375,2,27.0,0,0,311.0,9,325.0,225.0,217.0,2025-01-21,M&E Officer
LAG007,PRIMARY HEALTH CENTRE IKORODU II,LAGOS,IKORODU,2023-10-31,2023,10,4,354.0,15.0,12.0,559,6,80.0,0,0,484.0,10,475.0,434.0,393.0,2023-11-15,M&E Officer
CRS015,MODEL PRIMARY HEALTH CENTRE AKAMKPA II,CROSS RIVER,AKAMKPA,2024-06-30,2024,6,2,98.0,1.0,0.0,490,4,26.0,0,0,275.0,5,399.0,,294.0,2024-07-16,Facility Focal Person
CRS002,COMPREHENSIVE HEALTH CENTRE IKOM,CROSS RIVER,IKOM,2024-12-31,2024,12,4,164.0,6.0,-23.0,281,2,38.0,2,1,250.0,4,241.0,191.0,180.0,2025-01-15,Facility Focal Person
CRS015,MODEL PRIMARY HEALTH CENTRE AKAMKPA II,CROSS RIVER,AKAMKPA,2022-10-31,2022,10,4,82.0,2.0,1.0,577,11,25.0,0,0,400.0,3,505.0,373.0,318.0,2022-11-21,M&E Officer
CRS006,PRIMARY HEALTH CENTRE CALABAR MUNICIPAL II,CROSS RIVER,CALABAR MUNICIPAL,2024-09-01,2024,9,3,507.0,,17.0,1429,25,,6,5,1193.0,24,1215.0,716.0,630.0,2024-10-15,Data Clerk
LAG011,COTTAGE HOSPITAL AGEGE II,LAGOS,AGEGE,2023-11-30,2023,11,4,715.0,9.0,7.0,1645,21,,1,0,1475.0,30,1128.0,990.0,829.0,2023-12-11,Data Clerk
RIV004,MODEL PRIMARY HEALTH CENTRE AHOADA EAST,RIVERS,AHOADA EAST,2023-04-30,2023,4,2,444.0,7.0,5.0,849,10,54.0,3,2,467.0,5,664.0,421.0,367.0,2023-05-16,M&E Officer
CRS015,MODEL PRIMARY HEALTH CENTRE AKAMKPA II,CROSS RIVER,AKAMKPA,2023-03-01,2023,3,1,66.0,0.0,0.0,548,3,9.0,0,0,321.0,6,439.0,339.0,285.0,2023-04-11,Facility Focal Person
RIV005,MISSION HOSPITAL DEGEMA,RIVERS,DEGEMA,2024-02-29,2024,2,1,203.0,8.0,5.0,1320,6,43.0,1,0,1081.0,15,1003.0,594.0,514.0,2024-03-11,M&E Officer
BEN006,PRIMARY HEALTH CENTRE VANDEIKYA,BENUE,VANDEIKYA,2024-03-31,2024,3,1,270.0,9.0,7.0,347,3,59.0,2,1,279.0,9,263.0,162.0,154.0,2024-04-13,M&E Officer
FCT015,COMPREHENSIVE HEALTH CENTRE ABAJI II,FCT,ABAJI,2023-04-30,2023,4,2,97.0,0.0,0.0,788,13,23.0,0,0,728.0,11,581.0,428.0,419.0,2023-05-13,Data Clerk
NAS008,COMPREHENSIVE HEALTH CENTRE KEFFI II,NASARAWA,KEFFI,2022-08-31,2022,8,3,67.0,1.0,0.0,937,15,20.0,0,0,724.0,20,790.0,572.0,492.0,2022-10-16,Facility Focal Person
BEN007,SPECIALIST HOSPITAL MAKURDI II,BENUE,MAKURDI,2023-03-31,2023,3,1,305.0,10.0,8.0,2133,13,91.0,0,0,1397.0,28,1935.0,1570.0,1452.0,2023-04-21,Data Clerk
FCT003,SPECIALIST HOSPITAL GWAGWALADA,FCT,GWAGWALADA,2022-10-31,2022,10,4,490.0,13.0,9.0,6275,92,82.0,1,0,5943.0,100,4443.0,3561.0,3368.0,2022-11-18,M&E Officer
XXX999,COMPREHENSIVE HEALTH CENTRE IKOM,CROSS RIVER,IKOM,2024-10-31,2024,10,4,160.0,5.0,4.0,282,4,17.0,2,1,230.0,4,232.0,151.0,146.0,2024-11-29,M&E Officer
LAG012,PRIMARY HEALTH CENTRE ALIMOSHO II,LAGOS,ALIMOSHO,2024-03-31,2024,3,1,268.0,14.0,13.0,654,8,46.0,0,0,505.0,8,551.0,,292.0,2024-04-13,Data Clerk
BEN013,MODEL PRIMARY HEALTH CENTRE MAKURDI II,BENUE,MAKURDI,2023-10-31,2023,10,4,643.0,27.0,21.0,635,2,111.0,5,4,588.0,9,493.0,407.0,376.0,2023-11-11,M&E Officer
LAG002,SPECIALIST HOSPITAL LAGOS ISLAND,LAGOS,LAGOS ISLAND,2022-12-31,2022,12,4,1660.0,98.0,74.0,5780,47,166.0,7,5,4790.0,85,4555.0,4284.0,3996.0,2023-01-15,Data Clerk
CRS012,MODEL PRIMARY HEALTH CENTRE IKOM II,CROSS RIVER,IKOM,2022-02-28,2022,2,1,396.0,9.0,6.0,847,9,101.0,0,0,569.0,12,692.0,572.0,500.0,2022-03-11,Facility Focal Person
FCT015,COMPREHENSIVE HEALTH CENTRE ABAJI II,FCT,ABAJI,2024-10-31,2024,10,4,116.0,1.0,0.0,741,4,19.0,2,1,408.0,8,550.0,414.0,396.0,2024-11-13,M&E Officer
KAD011,PRIMARY HEALTH CENTRE KADUNA NORTH II,KADUNA,KADUNA NORTH,2022-08-31,2022,8,3,217.0,7.0,5.0,551,6,67.0,0,0,433.0,11,454.0,296.0,275.0,2022-09-15,M&E Officer
KAD001,MODEL PRIMARY HEALTH CENTRE KADUNA NORTH,KADUNA,KADUNA NORTH,2024-10-31,2024,10,4,230.0,13.0,11.0,738,14,28.0,1,0,539.0,6,670.0,449.0,,2024-11-16,M&E Officer
FCT014,GENERAL HOSPITAL KUJE II,FCT,KUJE,2022-02-28,2022,2,1,688.0,17.0,16.0,2510,43,174.0,2,1,1993.0,42,1801.0,1399.0,1214.0,2022-03-16,M&E Officer
KAD013,SPECIALIST HOSPITAL ZARIA II,KADUNA,ZARIA,2024-09-01,2024,9,3,2455.0,98.0,74.0,,57,768.0,22,21,2323.0,34,2389.0,1574.0,1414.0,2024-10-13,Data Clerk
CRS003,SPECIALIST HOSPITAL OGOJA,CROSS RIVER,OGOJA,2022-10-31,2022,10,4,1222.0,44.0,38.0,5456,45,254.0,4,3,4981.0,110,3884.0,3061.0,2519.0,2022-11-11,M&E Officer
LAG003,TEACHING HOSPITAL BADAGRY,LAGOS,BADAGRY,2024-11-30,2024,11,4,2857.0,91.0,64.0,7016,61,619.0,19,15,4804.0,80,5588.0,3325.0,2924.0,2024-12-18,M&E Officer
RIV015,SPECIALIST HOSPITAL KHANA II,RIVERS,KHANA,2023-04-30,2023,4,2,450.0,22.0,18.0,2373,40,59.0,3,2,1546.0,31,2137.0,,1689.0,2023-05-16,Data Clerk
CRS001,MODEL PRIMARY HEALTH CENTRE CALABAR MUNICIPAL,CROSS RIVER,CALABAR MUNICIPAL,2022-10-31,2022,10,4,240.0,12.0,9.0,667,5,34.0,1,0,557.0,6,541.0,419.0,380.0,2022-11-11,Data Clerk
LAG002,SPECIALIST HOSPITAL LAGOS ISLAND,LAGOS,LAGOS ISLAND,2024-03-31,2024,3,1,2432.0,110.0,96.0,5926,21,250.0,6,5,5236.0,94,4914.0,3311.0,2985.0,2024-04-13,Facility Focal Person
LAG004,COMPREHENSIVE HEALTH CENTRE SURULERE,LAGOS,SURULERE,2024-10-31,2024,10,4,473.0,8.0,6.0,609,7,,4,3,464.0,10,449.0,284.0,270.0,2024-11-13,Facility Focal Person
XXX999,MISSION HOSPITAL KARU II,NASARAWA,KARU,2024-02-01,2024,2,1,738.0,16.0,15.0,1345,18,130.0,1,0,900.0,14,1139.0,921.0,834.0,2024-03-13,Data Clerk
RIV001,MODEL PRIMARY HEALTH CENTRE PORT HARCOURT,RIVERS,PORT HARCOURT,2023-12-31,2023,12,4,,1.0,0.0,898,10,13.0,0,0,679.0,15,819.0,574.0,534.0,2024-01-11,Data Clerk
KAD003,MISSION HOSPITAL ZARIA,KADUNA,ZARIA,2023-11-30,2023,11,4,1169.0,42.0,40.0,2802,39,260.0,5,4,1732.0,30,2365.0,2179.0,1925.0,2023-12-13,M&E Officer
RIV009,MISSION HOSPITAL KHANA II,RIVERS,KHANA,2024-12-31,2024,12,4,353.0,3.0,2.0,758,6,103.0,2,1,687.0,9,566.0,516.0,494.0,2025-01-29,M&E Officer
BEN012,COTTAGE HOSPITAL VANDEIKYA II,BENUE,VANDEIKYA,2023-01-31,2023,1,1,396.0,8.0,7.0,463,5,59.0,0,0,329.0,7,354.0,288.0,262.0,2023-02-15,Facility Focal Person
AKS006,PRIMARY HEALTH CENTRE ABAK,AKWA IBOM,ABAK,2024-03-31,2024,3,1,499.0,14.0,13.0,447,4,133.0,7,6,255.0,4,354.0,271.0,255.0,2024-04-29,Data Clerk
RIV010,TEACHING HOSPITAL AHOADA EAST II,RIVERS,AHOADA EAST,2022-07-31,2022,7,3,645.0,18.0,14.0,3271,50,163.0,2,1,2668.0,60,2529.0,2240.0,2006.0,2022-08-11,Facility Focal Person
AKS014,PRIMARY HEALTH CENTRE IKONO II,AKWA IBOM,IKONO,2024-11-30,2024,11,4,222.0,6.0,4.0,615,4,38.0,1,0,513.0,8,499.0,458.0,446.0,2024-12-21,Facility Focal Person
RIV014,COTTAGE HOSPITAL OBIO/AKPOR II,RIVERS,OBIO/AKPOR,2023-09-30,2023,9,3,1098.0,14.0,13.0,653,8,197.0,2,1,570.0,13,542.0,362.0,351.0,2023-10-13,Facility Focal Person
NAS002,COTTAGE HOSPITAL KARU,NASARAWA,KARU,2024-11-30,2024,11,4,404.0,,0.0,284,4,105.0,0,0,264.0,5,235.0,141.0,127.0,2024-12-15,Facility Focal Person
FCT015,COMPREHENSIVE HEALTH CENTRE ABAJI II,FCT,ABAJI,2024-07-31,2024,7,3,164.0,12.0,11.0,751,9,46.0,0,0,591.0,13,657.0,461.0,434.0,2024-08-13,Data Clerk
BEN014,COMPREHENSIVE HEALTH CENTRE GBOKO II,BENUE,GBOKO,2024-03-31,2024,3,1,577.0,5.0,4.0,760,3,101.0,0,0,550.0,12,545.0,357.0,297.0,2024-04-13,Data Clerk
NAS999,MISSION HOSPITAL ZARIA,KADUNA,ZARIA,2022-06-30,2022,6,2,1125.0,42.0,32.0,,48,161.0,2,1,1425.0,17,2026.0,1853.0,1734.0,2022-07-18,Data Clerk
KAD001,MODEL PRIMARY HEALTH CENTRE KADUNA NORTH,KADUNA,KADUNA NORTH,2024-12-31,2024,12,4,190.0,10.0,7.0,727,14,45.0,2,1,448.0,10,516.0,334.0,297.0,2025-01-29,M&E Officer
RIV008,TEACHING HOSPITAL OBIO/AKPOR II,RIVERS,OBIO/AKPOR,2023-01-31,2023,1,1,1052.0,46.0,41.0,4022,14,124.0,2,1,2967.0,56,3421.0,2237.0,1873.0,2023-02-15,Facility Focal Person
CRS012,MODEL PRIMARY HEALTH CENTRE IKOM II,CROSS RIVER,IKOM,2023-08-31,2023,8,3,493.0,4.0,3.0,787,6,,0,0,661.0,15,700.0,581.0,529.0,2023-09-15,M&E Officer
FCT009,MODEL PRIMARY HEALTH CENTRE KUJE II,FCT,KUJE,2022-11-01,2022,11,4,134.0,4.0,3.0,444,4,41.0,1,0,294.0,3,338.0,196.0,167.0,2022-12-13,M&E Officer
KAD012,COMPREHENSIVE HEALTH CENTRE KADUNA SOUTH II,KADUNA,KADUNA SOUTH,2023-04-30,2023,4,2,473.0,6.0,4.0,645,5,106.0,0,0,355.0,10,464.0,334.0,291.0,2023-05-11,M&E Officer
AKS006,PRIMARY HEALTH CENTRE ABAK,AKWA IBOM,ABAK,2023-09-30,2023,9,3,488.0,21.0,17.0,389,5,96.0,2,1,320.0,3,337.0,185.0,158.0,2023-10-21,Data Clerk
KAD012,COMPREHENSIVE HEALTH CENTRE KADUNA SOUTH II,KADUNA,KADUNA SOUTH,2022-11-30,2022,11,4,389.0,6.0,5.0,655,6,52.0,0,0,478.0,15,586.0,493.0,482.0,2022-12-11,Data Clerk
XXX999,MODEL PRIMARY HEALTH CENTRE KUJE,FCT,KUJE,2023-03-31,2023,3,1,364.0,20.0,15.0,1308,7,106.0,3,2,836.0,13,920.0,602.0,529.0,2023-04-18,M&E Officer
CRS010,COMPREHENSIVE HEALTH CENTRE AKAMKPA II,CROSS RIVER,AKAMKPA,2022-08-31,2022,8,3,71.0,4.0,3.0,418,7,19.0,0,0,314.0,6,305.0,180.0,171.0,2022-09-15,Data Clerk
AKS011,COMPREHENSIVE HEALTH CENTRE ETINAN II,AKWA IBOM,ETINAN,2024-08-31,2024,8,3,136.0,9.0,7.0,339,4,42.0,1,0,226.0,3,296.0,254.0,228.0,2024-09-11,Facility Focal Person
BEN012,COTTAGE HOSPITAL VANDEIKYA II,BENUE,VANDEIKYA,2023-12-31,2023,12,4,431.0,4.0,2.0,455,1,92.0,0,0,386.0,9,378.0,267.0,231.0,2024-01-13,Data Clerk
FCT015,COMPREHENSIVE HEALTH CENTRE ABAJI II,FCT,ABAJI,2024-12-31,2024,12,4,112.0,3.0,2.0,730,13,32.0,0,0,459.0,8,556.0,482.0,447.0,2025-01-21,Facility Focal Person
LAG012,PRIMARY HEALTH CENTRE ALIMOSHO II,LAGOS,ALIMOSHO,2023-04-30,2023,4,2,272.0,12.0,11.0,642,3,51.0,2,1,480.0,8,534.0,491.0,435.0,2023-05-29,Facility Focal Person
FCT012,MISSION HOSPITAL BWARI II,FCT,BWARI,2023-05-31,2023,5,2,1243.0,55.0,47.0,,48,206.0,4,3,1731.0,36,2033.0,,1351.0,2023-06-13,Facility Focal Person
AKS002,GENERAL HOSPITAL IKOT EKPENE,AKWA IBOM,IKOT EKPENE,2024-05-31,2024,5,2,294.0,2.0,1.0,559,6,90.0,0,0,351.0,7,384.0,304.0,251.0,2024-06-13,Data Clerk
NAS004,COTTAGE HOSPITAL AKWANGA,NASARAWA,AKWANGA,2022-07-31,2022,7,3,344.0,10.0,7.0,442,7,63.0,0,0,404.0,9,347.0,243.0,212.0,2022-08-11,Data Clerk
LAG013,SPECIALIST HOSPITAL IKORODU II,LAGOS,IKORODU,2023-03-31,2023,3,1,1913.0,70.0,68.0,6105,49,233.0,9,8,3508.0,63,5482.0,4639.0,4033.0,2023-04-16,Data Clerk
AKS014,PRIMARY HEALTH CENTRE IKONO II,AKWA IBOM,IKONO,2024-01-31,2024,1,1,206.0,4.0,3.0,615,4,35.0,0,0,560.0,8,491.0,456.0,424.0,2024-02-13,Data Clerk
AKS011,COMPREHENSIVE HEALTH CENTRE ETINAN II,AKWA IBOM,ETINAN,2023-08-01,2023,8,3,111.0,10.0,8.0,326,5,16.0,1,0,181.0,2,246.0,199.0,189.0,2023-09-18,Data Clerk
NAS007,GENERAL HOSPITAL KARU II,NASARAWA,KARU,2022-08-31,2022,8,3,791.0,5.0,4.0,2541,14,207.0,3,2,1875.0,46,1958.0,1352.0,1148.0,2022-09-18,Facility Focal Person
RIV015,SPECIALIST HOSPITAL KHANA II,RIVERS,KHANA,2024-09-30,2024,9,3,499.0,31.0,30.0,2180,39,129.0,4,3,1769.0,33,1939.0,1717.0,1575.0,2024-10-11,Facility Focal Person
RIV010,TEACHING HOSPITAL AHOADA EAST II,RIVERS,AHOADA EAST,2023-03-31,2023,3,1,726.0,16.0,11.0,3168,22,172.0,5,4,1749.0,48,2461.0,2013.0,1815.0,2023-04-13,Data Clerk
AKS010,GENERAL HOSPITAL EKET II,AKWA IBOM,EKET,2023-02-01,2023,2,1,455.0,14.0,11.0,1720,23,141.0,3,2,,16,1359.0,909.0,883.0,2023-03-11,Facility Focal Person
LAG099,COTTAGE HOSPITAL OBIO/AKPOR II,RIVERS,OBIO/AKPOR,2022-09-30,2022,9,3,776.0,4.0,2.0,619,2,125.0,1,0,518.0,11,443.0,413.0,381.0,2022-10-21,M&E Officer
BEN006,PRIMARY HEALTH CENTRE VANDEIKYA,BENUE,VANDEIKYA,2023-08-31,2023,8,3,207.0,1.0,0.0,337,5,51.0,1,0,290.0,8,258.0,207.0,175.0,2023-09-11,M&E Officer
NAS001,MODEL PRIMARY HEALTH CENTRE LAFIA,NASARAWA,LAFIA,2024-05-31,2024,5,2,189.0,2.0,1.0,399,5,38.0,0,0,263.0,4,324.0,206.0,179.0,2024-06-11,Data Clerk
CRS004,COMPREHENSIVE HEALTH CENTRE OBUDU,CROSS RIVER,OBUDU,2022-02-28,2022,2,1,114.0,3.0,2.0,457,5,29.0,0,0,365.0,4,318.0,266.0,226.0,2022-03-13,Data Clerk
RIV013,MISSION HOSPITAL PORT HARCOURT II,RIVERS,PORT HARCOURT,2023-12-31,2023,12,4,577.0,23.0,19.0,2130,35,124.0,3,2,1712.0,31,1879.0,1432.0,1301.0,2024-01-13,Facility Focal Person
LAG011,COTTAGE HOSPITAL AGEGE II,LAGOS,AGEGE,2022-06-30,2022,6,2,596.0,14.0,11.0,1803,23,96.0,0,0,1700.0,32,1599.0,1187.0,1049.0,2022-07-18,Data Clerk
NAS015,SPECIALIST HOSPITAL NASARAWA II,NASARAWA,NASARAWA,2023-12-31,2023,12,4,765.0,49.0,47.0,3249,20,129.0,3,2,2098.0,39,2322.0,1424.0,1371.0,2024-02-15,M&E Officer
AKS005,COMPREHENSIVE HEALTH CENTRE ORON,AKWA IBOM,ORON,2023-06-30,2023,6,2,134.0,0.0,0.0,1117,13,17.0,0,0,686.0,15,984.0,1027.0,570.0,2023-07-29,Data Clerk
BEN012,COTTAGE HOSPITAL VANDEIKYA II,BENUE,VANDEIKYA,2024-05-31,2024,5,2,742.0,,6.0,457,3,114.0,1,0,256.0,6,361.0,262.0,242.0,2024-06-16,Facility Focal Person
NAS003,COTTAGE HOSPITAL KEFFI,NASARAWA,KEFFI,2022-02-28,2022,2,1,280.0,10.0,8.0,1910,18,68.0,0,0,1539.0,27,1568.0,880.0,760.0,2022-03-16,Data Clerk
FCT013,COTTAGE HOSPITAL GWAGWALADA II,FCT,GWAGWALADA,2024-02-29,2024,2,1,993.0,4.0,3.0,1264,9,277.0,0,0,1150.0,22,1152.0,992.0,857.0,2024-03-13,Data Clerk
CRS007,MODEL PRIMARY HEALTH CENTRE IKOM II,CROSS RIVER,IKOM,2023-01-31,2023,1,1,111.0,,2.0,308,5,11.0,0,0,206.0,1,227.0,166.0,140.0,2023-02-16,Data Clerk
RIV014,COTTAGE HOSPITAL OBIO/AKPOR II,RIVERS,OBIO/AKPOR,2023-02-28,2023,2,1,994.0,9.0,8.0,629,6,263.0,1,0,443.0,6,450.0,365.0,352.0,2023-03-13,Data Clerk
KAD011,PRIMARY HEALTH CENTRE KADUNA NORTH II,KADUNA,KADUNA NORTH,2023-09-30,2023,9,3,235.0,15.0,13.0,574,7,64.0,0,0,507.0,6,454.0,363.0,350.0,2023-10-15,M&E Officer
XXX999,MISSION HOSPITAL NASARAWA,NASARAWA,NASARAWA,2024-06-30,2024,6,2,1786.0,28.0,22.0,754,5,349.0,3,2,416.0,7,607.0,359.0,310.0,2024-07-15,M&E Officer
BEN015,PRIMARY HEALTH CENTRE OTUKPO II,BENUE,OTUKPO,2022-06-30,2022,6,2,143.0,7.0,5.0,863,14,17.0,1,0,790.0,9,,540.0,513.0,2022-07-16,M&E Officer
LAG010,PRIMARY HEALTH CENTRE SURULERE II,LAGOS,SURULERE,2023-04-30,2023,4,2,571.0,11.0,7.0,953,5,95.0,1,0,873.0,16,735.0,578.0,498.0,2023-05-13,Facility Focal Person
KAD013,SPECIALIST HOSPITAL ZARIA II,KADUNA,ZARIA,2024-04-30,2024,4,2,2664.0,114.0,88.0,,41,522.0,14,13,2145.0,51,1968.0,1867.0,1571.0,2024-05-15,Facility Focal Person
AKS001,COMPREHENSIVE HEALTH CENTRE UYO,AKWA IBOM,UYO,2024-11-30,2024,11,4,522.0,8.0,6.0,330,6,110.0,0,0,260.0,5,240.0,198.0,190.0,2024-12-29,Data Clerk
NAS007,GENERAL HOSPITAL KARU II,NASARAWA,KARU,2024-05-01,2024,5,2,900.0,9.0,8.0,2102,16,165.0,1,0,1341.0,15,1846.0,1340.0,1229.0,2024-06-16,Facility Focal Person
RIV007,PRIMARY HEALTH CENTRE PORT HARCOURT II,RIVERS,PORT HARCOURT,2023-08-31,2023,8,3,606.0,3.0,2.0,658,2,73.0,1,0,503.0,8,513.0,470.0,419.0,2023-09-18,Data Clerk
FCT012,MISSION HOSPITAL BWARI II,FCT,BWARI,2022-05-01,2022,5,2,1150.0,66.0,47.0,2657,42,305.0,11,9,2405.0,40,1829.0,1365.0,1203.0,2022-06-11,M&E Officer
BEN012,COTTAGE HOSPITAL VANDEIKYA II,BENUE,VANDEIKYA,2022-07-31,2022,7,3,548.0,4.0,3.0,474,8,112.0,1,0,418.0,5,362.0,326.0,270.0,2022-08-21,M&E Officer
BEN008,TEACHING HOSPITAL GBOKO II,BENUE,GBOKO,2024-12-31,2024,12,4,2413.0,55.0,51.0,6151,31,533.0,4,3,4006.0,82,4850.0,3887.0,3738.0,2025-01-13,Facility Focal Person
FCT013,COTTAGE HOSPITAL GWAGWALADA II,FCT,GWAGWALADA,2024-01-31,2024,1,1,787.0,9.0,7.0,1270,20,228.0,3,2,729.0,14,1155.0,673.0,593.0,2024-02-11,Facility Focal Person
KAD004,SPECIALIST HOSPITAL SABON GARI,KADUNA,SABON GARI,2023-09-30,2023,9,3,2583.0,128.0,112.0,4785,81,656.0,20,16,3100.0,48,4067.0,3345.0,2765.0,2023-10-11,M&E Officer
LAG012,PRIMARY HEALTH CENTRE ALIMOSHO II,LAGOS,ALIMOSHO,2024-06-30,2024,6,2,297.0,5.0,4.0,659,6,74.0,1,0,552.0,7,580.0,521.0,460.0,2024-07-11,Facility Focal Person
AKS007,TEACHING HOSPITAL IKONO,AKWA IBOM,IKONO,2024-02-29,2024,2,1,1057.0,18.0,15.0,5484,12,114.0,0,0,4343.0,77,3856.0,3225.0,,2024-03-11,Data Clerk
LAG013,SPECIALIST HOSPITAL IKORODU II,LAGOS,IKORODU,2023-02-28,2023,2,1,1980.0,88.0,76.0,6086,72,348.0,13,10,4810.0,72,5107.0,4048.0,3550.0,2023-03-15,M&E Officer
FCT006,MISSION HOSPITAL AMAC II,FCT,AMAC,2024-04-30,2024,4,2,922.0,17.0,15.0,2153,28,178.0,2,1,1252.0,24,1918.0,1149.0,1053.0,2024-05-18,Data Clerk
FCT008,TEACHING HOSPITAL GWAGWALADA II,FCT,GWAGWALADA,2024-04-30,2024,4,2,869.0,44.0,33.0,4743,59,99.0,3,2,3910.0,65,3535.0,2863.0,2587.0,2024-05-13,Data Clerk
KAD006,SPECIALIST HOSPITAL KADUNA NORTH II,KADUNA,KADUNA NORTH,2023-01-31,2023,1,1,1891.0,36.0,29.0,,17,358.0,6,5,1038.0,22,1230.0,1093.0,971.0,2023-02-11,Data Clerk
RIV003,COMPREHENSIVE HEALTH CENTRE KHANA,RIVERS,KHANA,2024-11-30,2024,11,4,349.0,12.0,10.0,1080,20,97.0,2,1,863.0,13,753.0,713.0,679.0,2024-12-15,Data Clerk
NAS004,COTTAGE HOSPITAL AKWANGA,NASARAWA,AKWANGA,2023-01-01,2023,1,1,282.0,7.0,5.0,457,7,46.0,1,0,331.0,8,333.0,219.0,192.0,2023-02-18,Data Clerk
CRS010,COMPREHENSIVE HEALTH CENTRE AKAMKPA II,CROSS RIVER,AKAMKPA,2022-03-01,2022,3,1,75.0,2.0,1.0,438,5,16.0,0,0,365.0,7,357.0,248.0,226.0,2022-04-15,M&E Officer
KAD015,GENERAL HOSPITAL CHIKUN II,KADUNA,CHIKUN,2022-06-30,2022,6,2,379.0,7.0,6.0,1926,4,38.0,1,0,1078.0,17,1770.0,1645.0,1554.0,2022-07-15,M&E Officer
BEN013,MODEL PRIMARY HEALTH CENTRE MAKURDI II,BENUE,MAKURDI,2023-09-30,2023,9,3,618.0,32.0,23.0,616,2,166.0,6,4,405.0,9,493.0,395.0,366.0,2023-10-29,M&E Officer
NAS999,PRIMARY HEALTH CENTRE VANDEIKYA,BENUE,VANDEIKYA,2022-12-31,2022,12,4,131.0,8.0,6.0,325,1,28.0,1,0,192.0,5,254.0,171.0,144.0,2023-01-16,Data Clerk
LAG008,COTTAGE HOSPITAL LAGOS ISLAND II,LAGOS,LAGOS ISLAND,2024-08-31,2024,8,3,116.0,143.0,,720,1,13.0,0,0,419.0,10,535.0,371.0,332.0,2024-09-21,Facility Focal Person
KAD009,MODEL PRIMARY HEALTH CENTRE SABON GARI II,KADUNA,SABON GARI,2023-10-31,2023,10,4,577.0,29.0,23.0,891,7,74.0,0,0,580.0,15,731.0,684.0,566.0,2023-11-11,Facility Focal Person
KAD002,TEACHING HOSPITAL KADUNA SOUTH,KADUNA,KADUNA SOUTH,2022-03-31,2022,3,1,1447.0,19.0,14.0,4510,61,315.0,2,1,2538.0,33,3639.0,2857.0,2437.0,2022-04-15,Data Clerk
AKS006,PRIMARY HEALTH CENTRE ABAK,AKWA IBOM,ABAK,2022-10-31,2022,10,4,351.0,13.0,12.0,304,3,102.0,2,1,273.0,7,237.0,190.0,165.0,2022-11-13,Facility Focal Person
LAG006,SPECIALIST HOSPITAL ALIMOSHO,LAGOS,ALIMOSHO,2022-11-30,2022,11,4,815.0,19.0,16.0,5209,105,220.0,3,2,4097.0,65,4036.0,2340.0,2220.0,2023-01-15,Facility Focal Person
RIV013,MISSION HOSPITAL PORT HARCOURT II,RIVERS,PORT HARCOURT,2022-04-30,2022,4,2,473.0,26.0,23.0,2299,14,61.0,1,0,1596.0,25,2025.0,1468.0,1338.0,2022-05-13,Data Clerk
KAD002,TEACHING HOSPITAL KADUNA SOUTH,KADUNA,KADUNA SOUTH,2023-04-30,2023,4,2,1465.0,15.0,13.0,4085,30,281.0,3,2,3383.0,58,2895.0,1618.0,1520.0,2023-05-29,Facility Focal Person
LAG012,PRIMARY HEALTH CENTRE ALIMOSHO II,LAGOS,ALIMOSHO,2024-12-01,2024,12,4,240.0,9.0,6.0,653,9,24.0,0,0,517.0,7,482.0,443.0,406.0,2025-02-15,Facility Focal Person
FCT012,MISSION HOSPITAL BWARI II,FCT,BWARI,2022-07-31,2022,7,3,1087.0,35.0,32.0,2677,9,117.0,2,1,2267.0,39,1840.0,1159.0,1038.0,2022-08-11,Data Clerk
BEN001,MISSION HOSPITAL MAKURDI,BENUE,MAKURDI,2022-03-31,2022,3,1,586.0,5.0,3.0,2105,38,104.0,2,1,,32,1532.0,1032.0,895.0,2022-04-13,M&E Officer
AKS014,PRIMARY HEALTH CENTRE IKONO II,AKWA IBOM,IKONO,2022-07-31,2022,7,3,250.0,14.0,11.0,611,2,45.0,1,0,358.0,8,504.0,472.0,448.0,2022-07-12,M&E Officer
KAD006,SPECIALIST HOSPITAL KADUNA NORTH II,KADUNA,KADUNA NORTH,2024-05-31,2024,5,2,2505.0,53.0,43.0,1713,17,257.0,1,0,1126.0,13,1187.0,700.0,679.0,2024-06-16,M&E Officer
CRS005,TEACHING HOSPITAL AKAMKPA,CROSS RIVER,AKAMKPA,2022-09-30,2022,9,3,943.0,25.0,20.0,4512,32,214.0,1,0,3419.0,65,3861.0,2424.0,2088.0,2022-10-21,Data Clerk
BEN003,GENERAL HOSPITAL OTUKPO,BENUE,OTUKPO,2024-09-30,2024,9,3,702.0,24.0,18.0,2296,44,175.0,2,1,1733.0,24,2056.0,1852.0,1807.0,2024-10-15,Data Clerk
FCT008,TEACHING HOSPITAL GWAGWALADA II,FCT,GWAGWALADA,2024-02-29,2024,2,1,587.0,17.0,13.0,4814,46,111.0,3,2,4046.0,95,3340.0,2781.0,2542.0,2024-03-18,Data Clerk
FCT007,SPECIALIST HOSPITAL BWARI II,FCT,BWARI,2023-08-31,2023,8,3,2548.0,45.0,33.0,4280,69,316.0,4,3,3845.0,69,3642.0,2055.0,1816.0,2023-09-11,M&E Officer
RIV007,PRIMARY HEALTH CENTRE PORT HARCOURT II,RIVERS,PORT HARCOURT,2023-02-28,2023,2,1,586.0,5.0,4.0,670,4,71.0,0,0,543.0,6,491.0,415.0,422.0,2023-03-11,Data Clerk
LAG002,SPECIALIST HOSPITAL LAGOS ISLAND,LAGOS,LAGOS ISLAND,2024-10-31,2024,10,4,1645.0,73.0,52.0,,110,316.0,11,8,3857.0,69,5446.0,4107.0,3539.0,2024-11-13,Data Clerk
AKS004,COMPREHENSIVE HEALTH CENTRE ETINAN,AKWA IBOM,ETINAN,2023-11-01,2023,11,4,231.0,6.0,4.0,957,16,67.0,2,1,891.0,16,674.0,437.0,382.0,2023-12-15,Facility Focal Person
KAD007,MODEL PRIMARY HEALTH CENTRE KADUNA SOUTH II,KADUNA,KADUNA SOUTH,2022-08-31,2022,8,3,241.0,12.0,11.0,1112,15,56.0,1,0,742.0,11,881.0,793.0,735.0,2022-09-15,M&E Officer
KAD014,GENERAL HOSPITAL SABON GARI II,KADUNA,SABON GARI,2022-11-30,2022,11,4,147.0,5.0,3.0,2601,34,45.0,0,0,1944.0,36,2193.0,1625.0,1582.0,2022-12-11,M&E Officer
CRS006,PRIMARY HEALTH CENTRE CALABAR MUNICIPAL II,CROSS RIVER,CALABAR MUNICIPAL,2024-08-31,2024,8,3,541.0,19.0,16.0,1437,11,128.0,4,3,1286.0,21,1279.0,1179.0,968.0,2024-09-13,Data Clerk
AKS013,MODEL PRIMARY HEALTH CENTRE ABAK II,AKWA IBOM,ABAK,2024-11-30,2024,11,4,306.0,20.0,16.0,722,3,43.0,2,1,555.0,8,520.0,427.0,388.0,2024-12-18,Data Clerk
KAD012,COMPREHENSIVE HEALTH CENTRE KADUNA SOUTH II,KADUNA,KADUNA SOUTH,2022-04-30,2022,4,2,323.0,3.0,2.0,660,7,84.0,3,2,403.0,11,573.0,316.0,306.0,2022-05-13,M&E Officer
NAS001,MODEL PRIMARY HEALTH CENTRE LAFIA,NASARAWA,LAFIA,2022-03-31,2022,3,1,128.0,,1.0,502,5,23.0,0,0,435.0,8,453.0,405.0,380.0,2022-04-11,Facility Focal Person
RIV009,MISSION HOSPITAL KHANA II,RIVERS,KHANA,2024-09-30,2024,9,3,544.0,7.0,4.0,764,8,97.0,2,1,558.0,21,661.0,443.0,387.0,2024-10-15,Data Clerk
