facility_id,report_month,rule_id,description,observed
LAG003,2024-03-31,R1,hts_tst_pos must be less than or equal to hts_tst,3407.0 > 3384.0
FCT005,2023-02-28,R1,hts_tst_pos must be less than or equal to hts_tst,443.0 > 403.0
RIV014,2023-06-30,R1,hts_tst_pos must be less than or equal to hts_tst,1085.0 > 1064.0
BEN012,2024-08-01,R1,hts_tst_pos must be less than or equal to hts_tst,615.0 > 572.0
NAS999,2024-04-30,R1,hts_tst_pos must be less than or equal to hts_tst,693.0 > 646.0
KAD015,2024-01-31,R1,hts_tst_pos must be less than or equal to hts_tst,322.0 > 263.0
RIV011,2022-12-31,R1,hts_tst_pos must be less than or equal to hts_tst,358.0 > 309.0
KAD013,2022-04-30,R1,hts_tst_pos must be less than or equal to hts_tst,2410.0 > 2338.0
NAS015,2023-08-31,R1,hts_tst_pos must be less than or equal to hts_tst,59.0 > -35.0
CRS013,2024-05-31,R1,hts_tst_pos must be less than or equal to hts_tst,308.0 > 254.0
NAS014,2023-02-28,R1,hts_tst_pos must be less than or equal to hts_tst,2625.0 > 2554.0
NAS014,2023-11-30,R1,hts_tst_pos must be less than or equal to hts_tst,1465.0 > 1461.0
CRS001,2023-04-30,R1,hts_tst_pos must be less than or equal to hts_tst,234.0 > 196.0
FCT002,2024-12-31,R1,hts_tst_pos must be less than or equal to hts_tst,110.0 > 99.0
BEN002,2023-07-31,R1,hts_tst_pos must be less than or equal to hts_tst,2720.0 > 2673.0
LAG012,2022-05-31,R1,hts_tst_pos must be less than or equal to hts_tst,282.0 > 249.0
NAS001,2024-11-30,R1,hts_tst_pos must be less than or equal to hts_tst,226.0 > 175.0
BEN010,2024-02-29,R1,hts_tst_pos must be less than or equal to hts_tst,334.0 > 324.0
AKS006,2023-08-31,R1,hts_tst_pos must be less than or equal to hts_tst,589.0 > 522.0
FCT005,2022-05-31,R1,hts_tst_pos must be less than or equal to hts_tst,607.0 > 573.0
FCT005,2023-05-01,R1,hts_tst_pos must be less than or equal to hts_tst,682.0 > 617.0
FCT010,2023-12-31,R1,hts_tst_pos must be less than or equal to hts_tst,423.0 > 390.0
FCT001,2023-04-30,R1,hts_tst_pos must be less than or equal to hts_tst,11.0 > -6.0
NAS007,2024-11-30,R1,hts_tst_pos must be less than or equal to hts_tst,778.0 > 770.0
NAS999,2024-03-31,R1,hts_tst_pos must be less than or equal to hts_tst,444.0 > 415.0
BEN007,2023-07-31,R1,hts_tst_pos must be less than or equal to hts_tst,363.0 > 337.0
AKS001,2023-09-30,R1,hts_tst_pos must be less than or equal to hts_tst,3.0 > -24.0
KAD014,2024-04-30,R1,hts_tst_pos must be less than or equal to hts_tst,249.0 > 237.0
CRS014,2022-07-31,R1,hts_tst_pos must be less than or equal to hts_tst,419.0 > 376.0
AKS009,2023-11-30,R1,hts_tst_pos must be less than or equal to hts_tst,82.0 > 62.0
FCT008,2022-12-31,R1,hts_tst_pos must be less than or equal to hts_tst,623.0 > 592.0
NAS999,2024-01-31,R1,hts_tst_pos must be less than or equal to hts_tst,10.0 > -24.0
FCT013,2023-09-30,R1,hts_tst_pos must be less than or equal to hts_tst,978.0 > 902.0
NAS002,2023-02-28,R1,hts_tst_pos must be less than or equal to hts_tst,480.0 > 468.0
KAD015,2022-09-30,R1,hts_tst_pos must be less than or equal to hts_tst,297.0 > 278.0
LAG006,2022-07-31,R1,hts_tst_pos must be less than or equal to hts_tst,926.0 > 909.0
AKS004,2024-07-31,R1,hts_tst_pos must be less than or equal to hts_tst,296.0 > 293.0
LAG009,2023-02-01,R1,hts_tst_pos must be less than or equal to hts_tst,411.0 > 370.0
RIV004,2022-06-30,R1,hts_tst_pos must be less than or equal to hts_tst,642.0 > 564.0
LAG004,2024-08-31,R1,hts_tst_pos must be less than or equal to hts_tst,622.0 > 593.0
CRS007,2024-01-01,R1,hts_tst_pos must be less than or equal to hts_tst,154.0 > 100.0
BEN002,2024-01-31,R1,hts_tst_pos must be less than or equal to hts_tst,2038.0 > 2021.0
BEN003,2023-04-30,R1,hts_tst_pos must be less than or equal to hts_tst,22.0 > -35.0
KAD004,2022-05-31,R1,hts_tst_pos must be less than or equal to hts_tst,3722.0 > 3708.0
KAD006,2023-09-30,R1,hts_tst_pos must be less than or equal to hts_tst,1716.0 > 1686.0
CRS009,2024-05-31,R1,hts_tst_pos must be less than or equal to hts_tst,663.0 > 605.0
AKS014,2024-05-31,R1,hts_tst_pos must be less than or equal to hts_tst,332.0 > 275.0
NAS003,2023-10-31,R1,hts_tst_pos must be less than or equal to hts_tst,359.0 > 315.0
RIV004,2022-12-01,R1,hts_tst_pos must be less than or equal to hts_tst,391.0 > 329.0
LAG008,2024-08-31,R1,hts_tst_pos must be less than or equal to hts_tst,143.0 > 116.0
NAS003,2024-03-01,R2,PMTCT cascade relationship is invalid,"pmtct_stat_pos=96, pmtct_stat=72.0, pmtct_art=0"
AKS015,2024-11-30,R2,PMTCT cascade relationship is invalid,"pmtct_stat_pos=191, pmtct_stat=188.0, pmtct_art=4"
KAD006,2022-12-31,R2,PMTCT cascade relationship is invalid,"pmtct_stat_pos=259, pmtct_stat=194.0, pmtct_art=2"
FCT015,2022-04-30,R2,PMTCT cascade relationship is invalid,"pmtct_stat_pos=38, pmtct_stat=21.0, pmtct_art=0"
RIV006,2024-05-31,R2,PMTCT cascade relationship is invalid,"pmtct_stat_pos=559, pmtct_stat=522.0, pmtct_art=15"
KAD007,2022-11-30,R2,PMTCT cascade relationship is invalid,"pmtct_stat_pos=98, pmtct_stat=36.0, pmtct_art=1"
FCT005,2023-10-31,R2,PMTCT cascade relationship is invalid,"pmtct_stat_pos=121, pmtct_stat=54.0, pmtct_art=0"
NAS001,2024-04-01,R2,PMTCT cascade relationship is invalid,"pmtct_stat_pos=109, pmtct_stat=31.0, pmtct_art=0"
LAG099,2024-02-01,R2,PMTCT cascade relationship is invalid,"pmtct_stat_pos=100, pmtct_stat=78.0, pmtct_art=1"
AKS010,2022-05-31,R2,PMTCT cascade relationship is invalid,"pmtct_stat_pos=131, pmtct_stat=90.0, pmtct_art=1"
AKS012,2024-02-01,R2,PMTCT cascade relationship is invalid,"pmtct_stat_pos=124, pmtct_stat=119.0, pmtct_art=1"
CRS008,2023-12-31,R2,PMTCT cascade relationship is invalid,"pmtct_stat_pos=138, pmtct_stat=111.0, pmtct_art=3"
CRS004,2023-09-30,R2,PMTCT cascade relationship is invalid,"pmtct_stat_pos=103, pmtct_stat=26.0, pmtct_art=0"
NAS999,2024-02-29,R2,PMTCT cascade relationship is invalid,"pmtct_stat_pos=212, pmtct_stat=205.0, pmtct_art=4"
NAS003,2022-04-30,R2,PMTCT cascade relationship is invalid,"pmtct_stat_pos=81, pmtct_stat=57.0, pmtct_art=0"
CRS005,2022-07-31,R2,PMTCT cascade relationship is invalid,"pmtct_stat_pos=257, pmtct_stat=188.0, pmtct_art=5"
LAG013,2022-05-31,R2,PMTCT cascade relationship is invalid,"pmtct_stat_pos=348, pmtct_stat=322.0, pmtct_art=3"
BEN005,2024-07-31,R2,PMTCT cascade relationship is invalid,"pmtct_stat_pos=279, pmtct_stat=259.0, pmtct_art=2"
CRS002,2023-04-30,R2,PMTCT cascade relationship is invalid,"pmtct_stat_pos=101, pmtct_stat=53.0, pmtct_art=0"
BEN004,2022-10-31,R2,PMTCT cascade relationship is invalid,"pmtct_stat_pos=218, pmtct_stat=202.0, pmtct_art=0"
LAG099,2022-12-31,R2,PMTCT cascade relationship is invalid,"pmtct_stat_pos=76, pmtct_stat=51.0, pmtct_art=0"
AKS004,2022-02-28,R3,Viral load cascade relationship is invalid,"vl_eligible=754.0, vl_result_received=606.0, vl_suppressed=631.0"
FCT004,2024-03-31,R3,Viral load cascade relationship is invalid,"vl_eligible=1101.0, vl_result_received=739.0, vl_suppressed=774.0"
NAS006,2023-11-01,R3,Viral load cascade relationship is invalid,"vl_eligible=698.0, vl_result_received=575.0, vl_suppressed=653.0"
BEN013,2022-05-31,R3,Viral load cascade relationship is invalid,"vl_eligible=278.0, vl_result_received=261.0, vl_suppressed=316.0"
FCT004,2022-06-30,R3,Viral load cascade relationship is invalid,"vl_eligible=1184.0, vl_result_received=1042.0, vl_suppressed=1061.0"
AKS006,2023-12-31,R3,Viral load cascade relationship is invalid,"vl_eligible=296.0, vl_result_received=198.0, vl_suppressed=254.0"
RIV004,2024-11-30,R3,Viral load cascade relationship is invalid,"vl_eligible=727.0, vl_result_received=579.0, vl_suppressed=644.0"
CRS013,2022-10-31,R3,Viral load cascade relationship is invalid,
NAS003,2024-07-31,R3,Viral load cascade relationship is invalid,"vl_eligible=1192.0, vl_result_received=1234.0, vl_suppressed=766.0"
BEN009,2023-02-28,R3,Viral load cascade relationship is invalid,"vl_eligible=353.0, vl_result_received=405.0, vl_suppressed=254.0"
FCT008,2022-10-31,R3,Viral load cascade relationship is invalid,"vl_eligible=3624.0, vl_result_received=3692.0, vl_suppressed=2441.0"
AKS012,2024-01-31,R3,Viral load cascade relationship is invalid,"vl_eligible=926.0, vl_result_received=940.0, vl_suppressed=630.0"
LAG014,2022-05-31,R3,Viral load cascade relationship is invalid,"vl_eligible=1474.0, vl_result_received=839.0, vl_suppressed=914.0"
KAD006,2022-07-31,R3,Viral load cascade relationship is invalid,"vl_eligible=1169.0, vl_result_received=651.0, vl_suppressed=685.0"
CRS008,2023-01-31,R3,Viral load cascade relationship is invalid,"vl_eligible=1790.0, vl_result_received=1822.0, vl_suppressed=1168.0"
BEN011,2024-03-31,R3,Viral load cascade relationship is invalid,"vl_eligible=276.0, vl_result_received=314.0, vl_suppressed=147.0"
CRS009,2023-12-31,R3,Viral load cascade relationship is invalid,"vl_eligible=655.0, vl_result_received=667.0, vl_suppressed=408.0"
BEN004,2023-09-30,R3,Viral load cascade relationship is invalid,"vl_eligible=340.0, vl_result_received=261.0, vl_suppressed=291.0"
KAD002,2024-04-30,R3,Viral load cascade relationship is invalid,"vl_eligible=3354.0, vl_result_received=3418.0, vl_suppressed=2043.0"
CRS008,2024-03-31,R3,Viral load cascade relationship is invalid,"vl_eligible=1561.0, vl_result_received=1594.0, vl_suppressed=1396.0"
KAD009,2022-03-31,R3,Viral load cascade relationship is invalid,"vl_eligible=535.0, vl_result_received=560.0, vl_suppressed=355.0"
LAG004,2024-01-31,R3,Viral load cascade relationship is invalid,"vl_eligible=425.0, vl_result_received=493.0, vl_suppressed=239.0"
KAD013,2024-12-31,R3,Viral load cascade relationship is invalid,
NAS003,2024-10-31,R3,Viral load cascade relationship is invalid,"vl_eligible=1289.0, vl_result_received=1340.0, vl_suppressed=941.0"
RIV002,2022-08-01,R3,Viral load cascade relationship is invalid,"vl_eligible=4529.0, vl_result_received=4601.0, vl_suppressed=3280.0"
RIV011,2022-07-01,R3,Viral load cascade relationship is invalid,"vl_eligible=614.0, vl_result_received=623.0, vl_suppressed=408.0"
XXX999,2023-10-31,R3,Viral load cascade relationship is invalid,"vl_eligible=269.0, vl_result_received=232.0, vl_suppressed=247.0"
LAG015,2023-08-31,R3,Viral load cascade relationship is invalid,"vl_eligible=864.0, vl_result_received=620.0, vl_suppressed=695.0"
CRS006,2022-03-31,R3,Viral load cascade relationship is invalid,"vl_eligible=1009.0, vl_result_received=1019.0, vl_suppressed=605.0"
RIV012,2024-04-30,R3,Viral load cascade relationship is invalid,"vl_eligible=756.0, vl_result_received=696.0, vl_suppressed=769.0"
FCT005,2023-11-30,R3,Viral load cascade relationship is invalid,"vl_eligible=491.0, vl_result_received=561.0, vl_suppressed=389.0"
NAS010,2022-02-28,R3,Viral load cascade relationship is invalid,"vl_eligible=3702.0, vl_result_received=2656.0, vl_suppressed=2701.0"
NAS015,2022-09-30,R3,Viral load cascade relationship is invalid,"vl_eligible=2624.0, vl_result_received=1677.0, vl_suppressed=1688.0"
AKS013,2022-10-31,R3,Viral load cascade relationship is invalid,"vl_eligible=442.0, vl_result_received=468.0, vl_suppressed=341.0"
NAS008,2023-09-30,R3,Viral load cascade relationship is invalid,"vl_eligible=666.0, vl_result_received=721.0, vl_suppressed=491.0"
FCT009,2022-06-30,R3,Viral load cascade relationship is invalid,"vl_eligible=327.0, vl_result_received=331.0, vl_suppressed=161.0"
KAD005,2023-08-31,R3,Viral load cascade relationship is invalid,"vl_eligible=246.0, vl_result_received=317.0, vl_suppressed=137.0"
RIV005,2022-05-31,R3,Viral load cascade relationship is invalid,"vl_eligible=1216.0, vl_result_received=1271.0, vl_suppressed=770.0"
LAG012,2024-01-31,R3,Viral load cascade relationship is invalid,"vl_eligible=447.0, vl_result_received=479.0, vl_suppressed=233.0"
AKS005,2024-05-31,R3,Viral load cascade relationship is invalid,"vl_eligible=786.0, vl_result_received=796.0, vl_suppressed=432.0"
KAD011,2024-04-30,R3,Viral load cascade relationship is invalid,"vl_eligible=424.0, vl_result_received=475.0, vl_suppressed=334.0"
NAS004,2024-12-31,R3,Viral load cascade relationship is invalid,"vl_eligible=517.0, vl_result_received=542.0, vl_suppressed=296.0"
KAD004,2024-12-31,R3,Viral load cascade relationship is invalid,"vl_eligible=4920.0, vl_result_received=4924.0, vl_suppressed=3569.0"
FCT011,2022-09-30,R3,Viral load cascade relationship is invalid,
AKS005,2023-06-30,R3,Viral load cascade relationship is invalid,"vl_eligible=984.0, vl_result_received=1027.0, vl_suppressed=570.0"
RIV007,2023-02-28,R3,Viral load cascade relationship is invalid,"vl_eligible=491.0, vl_result_received=415.0, vl_suppressed=422.0"
FCT003,2024-01-31,R4,tb_pos must be less than or equal to tb_screen,4376 > 4309.0
LAG012,2023-06-30,R4,tb_pos must be less than or equal to tb_screen,483 > 432.0
RIV001,2024-01-31,R4,tb_pos must be less than or equal to tb_screen,633 > 559.0
NAS009,2023-04-30,R4,tb_pos must be less than or equal to tb_screen,448 > 404.0
AKS011,2022-06-30,R4,tb_pos must be less than or equal to tb_screen,244 > 194.0
AKS003,2023-08-31,R4,tb_pos must be less than or equal to tb_screen,312 > 309.0
LAG011,2024-09-30,R4,tb_pos must be less than or equal to tb_screen,1347 > 1316.0
FCT005,2023-04-30,R4,tb_pos must be less than or equal to tb_screen,389 > 325.0
AKS002,2022-12-31,R4,tb_pos must be less than or equal to tb_screen,609 > 580.0
KAD006,2024-09-30,R4,tb_pos must be less than or equal to tb_screen,1044 > 1006.0
RIV010,2022-06-30,R5,Negative values are not allowed,{'tx_new': -27.0}
AKS009,2024-07-31,R5,Negative values are not allowed,{'tx_new': -39.0}
AKS005,2022-09-30,R5,Negative values are not allowed,{'tx_new': -4.0}
BEN015,2022-07-31,R5,Negative values are not allowed,{'tx_ml': -12.0}
LAG012,2024-07-31,R5,Negative values are not allowed,{'tx_new': -15.0}
TMP001,2022-11-30,R5,Negative values are not allowed,{'tx_new': -13.0}
NAS015,2023-08-31,R5,Negative values are not allowed,{'hts_tst': -35.0}
XXX999,2024-10-31,R5,Negative values are not allowed,{'hts_tst': -20.0}
FCT011,2024-11-30,R5,Negative values are not allowed,{'tx_new': -32.0}
BEN006,2024-02-01,R5,Negative values are not allowed,{'tx_new': -18.0}
AKS003,2023-05-31,R5,Negative values are not allowed,{'tx_ml': -31.0}
LAG010,2023-03-31,R5,Negative values are not allowed,{'tx_new': -27.0}
CRS011,2022-05-31,R5,Negative values are not allowed,{'tx_new': -2.0}
NAS013,2022-03-31,R5,Negative values are not allowed,{'tx_new': -19.0}
KAD006,2022-11-30,R5,Negative values are not allowed,{'tx_new': -39.0}
RIV001,2022-07-31,R5,Negative values are not allowed,{'tx_ml': -4.0}
RIV013,2024-02-29,R5,Negative values are not allowed,{'tx_ml': -26.0}
FCT001,2024-06-30,R5,Negative values are not allowed,{'tx_new': -33.0}
NAS007,2023-12-01,R5,Negative values are not allowed,{'tx_new': -34.0}
LAG099,2022-08-01,R5,Negative values are not allowed,{'tx_new': -39.0}
NAS010,2024-04-30,R5,Negative values are not allowed,{'tx_new': -3.0}
FCT001,2023-04-30,R5,Negative values are not allowed,{'hts_tst': -6.0}
FCT012,2024-03-31,R5,Negative values are not allowed,{'tx_new': -19.0}
KAD007,2022-07-31,R5,Negative values are not allowed,{'tx_new': -27.0}
FCT002,2023-09-30,R5,Negative values are not allowed,{'tx_new': -24.0}
AKS001,2023-09-30,R5,Negative values are not allowed,{'hts_tst': -24.0}
BEN015,2023-05-31,R5,Negative values are not allowed,{'tx_ml': -7.0}
NAS008,2022-06-30,R5,Negative values are not allowed,{'tx_new': -11.0}
NAS999,2024-01-31,R5,Negative values are not allowed,{'hts_tst': -24.0}
KAD013,2024-02-29,R5,Negative values are not allowed,{'tx_new': -11.0}
FCT007,2022-05-31,R5,Negative values are not allowed,{'tx_new': -10.0}
FCT012,2024-06-30,R5,Negative values are not allowed,{'tx_ml': -6.0}
FCT001,2022-03-31,R5,Negative values are not allowed,{'tx_ml': -2.0}
BEN005,2022-01-31,R5,Negative values are not allowed,{'tx_ml': -19.0}
KAD001,2024-04-30,R5,Negative values are not allowed,{'tx_ml': -3.0}
NAS005,2024-03-31,R5,Negative values are not allowed,{'tx_new': -21.0}
BEN003,2023-04-30,R5,Negative values are not allowed,{'hts_tst': -35.0}
CRS012,2022-10-31,R5,Negative values are not allowed,{'tx_new': -30.0}
FCT003,2024-04-30,R5,Negative values are not allowed,{'tx_ml': -21.0}
CRS004,2024-05-31,R5,Negative values are not allowed,{'tx_ml': -8.0}
CRS002,2024-12-31,R5,Negative values are not allowed,{'tx_new': -23.0}
AKS005,2022-01-31,R6,"HTS positively yield must be between 0.1%, and 15%",0.0%
AKS008,2022-01-31,R6,"HTS positively yield must be between 0.1%, and 15%",0.0%
CRS015,2023-09-30,R6,"HTS positively yield must be between 0.1%, and 15%",0.0%
LAG003,2024-03-31,R6,"HTS positively yield must be between 0.1%, and 15%",100.68%
NAS007,2022-01-31,R6,"HTS positively yield must be between 0.1%, and 15%",0.0%
FCT005,2023-02-28,R6,"HTS positively yield must be between 0.1%, and 15%",109.93%
RIV014,2023-06-30,R6,"HTS positively yield must be between 0.1%, and 15%",101.97%
BEN012,2024-08-01,R6,"HTS positively yield must be between 0.1%, and 15%",107.52%
CRS010,2024-03-31,R6,"HTS positively yield must be between 0.1%, and 15%",0.0%
AKS002,2024-02-29,R6,"HTS positively yield must be between 0.1%, and 15%",0.0%
AKS005,2022-09-30,R6,"HTS positively yield must be between 0.1%, and 15%",0.0%
RIV007,2022-09-30,R6,"HTS positively yield must be between 0.1%, and 15%",0.0%
NAS999,2024-04-30,R6,"HTS positively yield must be between 0.1%, and 15%",107.28%
KAD015,2024-01-31,R6,"HTS positively yield must be between 0.1%, and 15%",122.43%
RIV001,2022-05-31,R6,"HTS positively yield must be between 0.1%, and 15%",0.0%
RIV011,2022-12-31,R6,"HTS positively yield must be between 0.1%, and 15%",115.86%
AKS008,2022-03-01,R6,"HTS positively yield must be between 0.1%, and 15%",0.0%
KAD013,2022-04-30,R6,"HTS positively yield must be between 0.1%, and 15%",103.08%
NAS008,2024-08-31,R6,"HTS positively yield must be between 0.1%, and 15%",0.0%
CRS010,2023-08-31,R6,"HTS positively yield must be between 0.1%, and 15%",0.0%
CRS013,2022-02-28,R6,"HTS positively yield must be between 0.1%, and 15%",0.0%
RIV001,2024-04-30,R6,"HTS positively yield must be between 0.1%, and 15%",0.0%
CRS004,2024-01-01,R6,"HTS positively yield must be between 0.1%, and 15%",0.0%
AKS008,2022-05-31,R6,"HTS positively yield must be between 0.1%, and 15%",0.0%
CRS013,2024-05-31,R6,"HTS positively yield must be between 0.1%, and 15%",121.26%
NAS014,2023-02-28,R6,"HTS positively yield must be between 0.1%, and 15%",102.78%
NAS001,2024-02-29,R6,"HTS positively yield must be between 0.1%, and 15%",0.0%
RIV001,2024-10-31,R6,"HTS positively yield must be between 0.1%, and 15%",0.0%
CRS015,2022-02-01,R6,"HTS positively yield must be between 0.1%, and 15%",0.0%
NAS014,2023-11-30,R6,"HTS positively yield must be between 0.1%, and 15%",100.27%
NAS001,2022-11-01,R6,"HTS positively yield must be between 0.1%, and 15%",0.0%
CRS007,2022-12-31,R6,"HTS positively yield must be between 0.1%, and 15%",0.0%
CRS010,2023-01-31,R6,"HTS positively yield must be between 0.1%, and 15%",0.0%
CRS001,2023-04-30,R6,"HTS positively yield must be between 0.1%, and 15%",119.39%
LAG099,2023-06-30,R6,"HTS positively yield must be between 0.1%, and 15%",0.0%
CRS015,2024-04-30,R6,"HTS positively yield must be between 0.1%, and 15%",0.0%
RIV001,2024-09-30,R6,"HTS positively yield must be between 0.1%, and 15%",0.0%
RIV001,2022-08-31,R6,"HTS positively yield must be between 0.1%, and 15%",0.0%
LAG008,2023-07-31,R6,"HTS positively yield must be between 0.1%, and 15%",0.0%
FCT002,2024-12-31,R6,"HTS positively yield must be between 0.1%, and 15%",111.11%
NAS008,2022-12-31,R6,"HTS positively yield must be between 0.1%, and 15%",0.0%
BEN002,2023-07-31,R6,"HTS positively yield must be between 0.1%, and 15%",101.76%
LAG012,2022-05-31,R6,"HTS positively yield must be between 0.1%, and 15%",113.25%
NAS001,2024-11-30,R6,"HTS positively yield must be between 0.1%, and 15%",129.14%
RIV001,2022-01-31,R6,"HTS positively yield must be between 0.1%, and 15%",0.0%
CRS010,2022-05-31,R6,"HTS positively yield must be between 0.1%, and 15%",0.0%
BEN010,2024-02-29,R6,"HTS positively yield must be between 0.1%, and 15%",103.09%
NAS001,2023-03-31,R6,"HTS positively yield must be between 0.1%, and 15%",0.0%
AKS005,2024-01-31,R6,"HTS positively yield must be between 0.1%, and 15%",0.0%
CRS015,2023-10-31,R6,"HTS positively yield must be between 0.1%, and 15%",0.0%
AKS006,2023-08-31,R6,"HTS positively yield must be between 0.1%, and 15%",112.84%
RIV001,2023-02-28,R6,"HTS positively yield must be between 0.1%, and 15%",0.0%
FCT005,2022-05-31,R6,"HTS positively yield must be between 0.1%, and 15%",105.93%
NAS001,2022-06-30,R6,"HTS positively yield must be between 0.1%, and 15%",0.0%
NAS002,2022-04-30,R6,"HTS positively yield must be between 0.1%, and 15%",0.0%
NAS001,2022-07-31,R6,"HTS positively yield must be between 0.1%, and 15%",0.0%
RIV001,2022-03-31,R6,"HTS positively yield must be between 0.1%, and 15%",0.0%
FCT005,2023-05-01,R6,"HTS positively yield must be between 0.1%, and 15%",110.53%
FCT010,2023-12-31,R6,"HTS positively yield must be between 0.1%, and 15%",108.46%
XXX999,2022-01-31,R6,"HTS positively yield must be between 0.1%, and 15%",0.0%
RIV001,2023-09-30,R6,"HTS positively yield must be between 0.1%, and 15%",0.0%
RIV001,2024-10-31,R6,"HTS positively yield must be between 0.1%, and 15%",0.0%
NAS007,2024-11-30,R6,"HTS positively yield must be between 0.1%, and 15%",101.04%
CRS010,2024-08-01,R6,"HTS positively yield must be between 0.1%, and 15%",0.0%
NAS999,2024-03-31,R6,"HTS positively yield must be between 0.1%, and 15%",106.99%
BEN007,2023-07-31,R6,"HTS positively yield must be between 0.1%, and 15%",107.72%
AKS009,2023-08-31,R6,"HTS positively yield must be between 0.1%, and 15%",0.0%
RIV001,2024-12-31,R6,"HTS positively yield must be between 0.1%, and 15%",0.0%
CRS010,2023-10-31,R6,"HTS positively yield must be between 0.1%, and 15%",0.0%
FCT015,2022-02-28,R6,"HTS positively yield must be between 0.1%, and 15%",0.0%
CRS015,2023-06-30,R6,"HTS positively yield must be between 0.1%, and 15%",0.0%
AKS008,2023-10-31,R6,"HTS positively yield must be between 0.1%, and 15%",0.0%
CRS010,2023-03-31,R6,"HTS positively yield must be between 0.1%, and 15%",0.0%
NAS007,2022-07-31,R6,"HTS positively yield must be between 0.1%, and 15%",0.0%
NAS001,2022-01-31,R6,"HTS positively yield must be between 0.1%, and 15%",0.0%
RIV001,2023-05-31,R6,"HTS positively yield must be between 0.1%, and 15%",0.0%
AKS002,2022-04-30,R6,"HTS positively yield must be between 0.1%, and 15%",0.0%
NAS007,2024-01-31,R6,"HTS positively yield must be between 0.1%, and 15%",0.0%
KAD014,2024-04-30,R6,"HTS positively yield must be between 0.1%, and 15%",105.06%
CRS014,2022-07-31,R6,"HTS positively yield must be between 0.1%, and 15%",111.44%
AKS008,2023-08-01,R6,"HTS positively yield must be between 0.1%, and 15%",0.0%
AKS009,2023-11-30,R6,"HTS positively yield must be between 0.1%, and 15%",132.26%
FCT008,2022-12-31,R6,"HTS positively yield must be between 0.1%, and 15%",105.24%
AKS005,2024-04-30,R6,"HTS positively yield must be between 0.1%, and 15%",0.0%
NAS001,2022-04-30,R6,"HTS positively yield must be between 0.1%, and 15%",0.0%
CRS015,2023-02-28,R6,"HTS positively yield must be between 0.1%, and 15%",0.0%
NAS008,2023-10-31,R6,"HTS positively yield must be between 0.1%, and 15%",0.0%
AKS005,2023-12-31,R6,"HTS positively yield must be between 0.1%, and 15%",0.0%
BEN007,2022-12-31,R6,"HTS positively yield must be between 0.1%, and 15%",0.0%
TMP001,2024-08-31,R6,"HTS positively yield must be between 0.1%, and 15%",0.0%
CRS015,2024-10-31,R6,"HTS positively yield must be between 0.1%, and 15%",0.0%
CRS013,2023-10-31,R6,"HTS positively yield must be between 0.1%, and 15%",0.0%
FCT013,2023-09-30,R6,"HTS positively yield must be between 0.1%, and 15%",108.43%
NAS002,2023-02-28,R6,"HTS positively yield must be between 0.1%, and 15%",102.56%
LAG008,2022-12-31,R6,"HTS positively yield must be between 0.1%, and 15%",0.0%
CRS015,2024-01-31,R6,"HTS positively yield must be between 0.1%, and 15%",0.0%
CRS010,2022-04-01,R6,"HTS positively yield must be between 0.1%, and 15%",0.0%
KAD015,2022-09-30,R6,"HTS positively yield must be between 0.1%, and 15%",106.83%
AKS001,2022-11-30,R6,"HTS positively yield must be between 0.1%, and 15%",0.0%
LAG006,2022-07-31,R6,"HTS positively yield must be between 0.1%, and 15%",101.87%
NAS001,2023-11-30,R6,"HTS positively yield must be between 0.1%, and 15%",0.0%
AKS004,2024-07-31,R6,"HTS positively yield must be between 0.1%, and 15%",101.02%
LAG009,2023-02-01,R6,"HTS positively yield must be between 0.1%, and 15%",111.08%
RIV004,2022-06-30,R6,"HTS positively yield must be between 0.1%, and 15%",113.83%
NAS001,2024-01-31,R6,"HTS positively yield must be between 0.1%, and 15%",0.0%
LAG004,2024-08-31,R6,"HTS positively yield must be between 0.1%, and 15%",104.89%
NAS008,2023-11-30,R6,"HTS positively yield must be between 0.1%, and 15%",0.0%
BEN007,2023-02-28,R6,"HTS positively yield must be between 0.1%, and 15%",0.0%
BEN012,2023-10-31,R6,"HTS positively yield must be between 0.1%, and 15%",0.07%
CRS010,2024-06-30,R6,"HTS positively yield must be between 0.1%, and 15%",0.0%
CRS010,2023-01-31,R6,"HTS positively yield must be between 0.1%, and 15%",0.0%
RIV001,2022-02-28,R6,"HTS positively yield must be between 0.1%, and 15%",0.0%
RIV007,2022-08-31,R6,"HTS positively yield must be between 0.1%, and 15%",0.0%
CRS015,2022-12-01,R6,"HTS positively yield must be between 0.1%, and 15%",0.0%
CRS007,2024-01-01,R6,"HTS positively yield must be between 0.1%, and 15%",154.0%
RIV005,2022-01-31,R6,"HTS positively yield must be between 0.1%, and 15%",0.0%
LAG014,2023-10-31,R6,"HTS positively yield must be between 0.1%, and 15%",0.0%
BEN002,2024-01-31,R6,"HTS positively yield must be between 0.1%, and 15%",100.84%
AKS008,2023-01-31,R6,"HTS positively yield must be between 0.1%, and 15%",0.0%
KAD004,2022-05-31,R6,"HTS positively yield must be between 0.1%, and 15%",100.38%
KAD006,2023-09-30,R6,"HTS positively yield must be between 0.1%, and 15%",101.78%
CRS015,2023-01-31,R6,"HTS positively yield must be between 0.1%, and 15%",0.0%
CRS009,2024-05-31,R6,"HTS positively yield must be between 0.1%, and 15%",109.59%
AKS014,2024-05-31,R6,"HTS positively yield must be between 0.1%, and 15%",120.73%
RIV001,2022-11-30,R6,"HTS positively yield must be between 0.1%, and 15%",0.0%
RIV001,2023-08-31,R6,"HTS positively yield must be between 0.1%, and 15%",0.0%
TMP001,2024-11-30,R6,"HTS positively yield must be between 0.1%, and 15%",0.0%
NAS003,2023-10-31,R6,"HTS positively yield must be between 0.1%, and 15%",113.97%
RIV001,2024-06-30,R6,"HTS positively yield must be between 0.1%, and 15%",0.0%
RIV004,2022-12-01,R6,"HTS positively yield must be between 0.1%, and 15%",118.84%
CRS010,2024-05-31,R6,"HTS positively yield must be between 0.1%, and 15%",0.0%
CRS015,2023-03-01,R6,"HTS positively yield must be between 0.1%, and 15%",0.0%
FCT015,2023-04-30,R6,"HTS positively yield must be between 0.1%, and 15%",0.0%
AKS005,2023-06-30,R6,"HTS positively yield must be between 0.1%, and 15%",0.0%
LAG008,2024-08-31,R6,"HTS positively yield must be between 0.1%, and 15%",123.28%
FCT011,2024-06-30,R7,Month-on-month change in hts_tst must be under 300%,771.46% change
KAD014,2024-08-31,R7,Month-on-month change in hts_tst must be under 300%,1422.84% change
LAG099,2024-06-30,R7,Month-on-month change in hts_tst must be under 300%,448.61% change
BEN015,2022-07-31,R7,Month-on-month change in hts_tst must be under 300%,674.19% change
TMP001,2022-11-30,R7,Month-on-month change in hts_tst must be under 300%,1177.92% change
KAD003,2024-10-31,R7,Month-on-month change in hts_tst must be under 300%,933.48% change
KAD013,2022-01-31,R7,Month-on-month change in hts_tst must be under 300%,667.35% change
LAG099,2024-07-01,R7,Month-on-month change in hts_tst must be under 300%,404.21% change
XXX999,2023-09-30,R7,Month-on-month change in hts_tst must be under 300%,526.74% change
BEN012,2024-04-30,R7,Month-on-month change in hts_tst must be under 300%,895.47% change
XXX999,2022-04-30,R7,Month-on-month change in hts_tst must be under 300%,458.01% change
XXX999,2024-12-31,R7,Month-on-month change in hts_tst must be under 300%,300.7% change
CRS003,2024-05-31,R7,Month-on-month change in hts_tst must be under 300%,1258.27% change
KAD009,2023-12-31,R7,Month-on-month change in hts_tst must be under 300%,622.44% change
TMP001,2022-12-31,R7,Month-on-month change in hts_tst must be under 300%,783.19% change
TMP001,2022-09-30,R7,Month-on-month change in hts_tst must be under 300%,420.62% change
NAS006,2024-10-31,R7,Month-on-month change in hts_tst must be under 300%,1173.54% change
CRS002,2024-08-31,R7,Month-on-month change in hts_tst must be under 300%,1061.07% change
XXX999,2023-12-31,R7,Month-on-month change in hts_tst must be under 300%,416.01% change
LAG011,2022-02-28,R7,Month-on-month change in hts_tst must be under 300%,378.33% change
NAS999,2024-11-30,R7,Month-on-month change in hts_tst must be under 300%,980.51% change
LAG099,2022-06-30,R7,Month-on-month change in hts_tst must be under 300%,446.83% change
CRS012,2024-04-30,R7,Month-on-month change in hts_tst must be under 300%,890.48% change
FCT012,2024-07-31,R7,Month-on-month change in hts_tst must be under 300%,818.37% change
FCT014,2022-09-30,R7,Month-on-month change in hts_tst must be under 300%,774.56% change
NAS999,2023-08-31,R7,Month-on-month change in hts_tst must be under 300%,654.39% change
XXX999,2023-08-31,R7,Month-on-month change in hts_tst must be under 300%,1319.7% change
LAG099,2024-09-30,R7,Month-on-month change in hts_tst must be under 300%,1505.71% change
NAS999,2022-10-31,R7,Month-on-month change in hts_tst must be under 300%,397.96% change
BEN012,2023-10-31,R7,Month-on-month change in hts_tst must be under 300%,760.9% change
LAG005,2023-03-31,R7,Month-on-month change in hts_tst must be under 300%,1689.63% change
CRS014,2023-03-31,R7,Month-on-month change in hts_tst must be under 300%,689.73% change
XXX999,2023-08-31,R7,Month-on-month change in hts_tst must be under 300%,372.4% change
XXX999,2024-07-31,R7,Month-on-month change in hts_tst must be under 300%,339.08% change
NAS999,2022-07-31,R7,Month-on-month change in hts_tst must be under 300%,369.17% change
XXX999,2023-11-01,R7,Month-on-month change in hts_tst must be under 300%,539.6% change
LAG099,2022-07-01,R7,Month-on-month change in hts_tst must be under 300%,410.67% change
NAS999,2024-04-30,R7,Month-on-month change in hts_tst must be under 300%,527.16% change
TMP001,2022-02-28,R7,Month-on-month change in hts_tst must be under 300%,885.98% change
LAG002,2024-11-30,R7,Month-on-month change in hts_tst must be under 300%,1466.72% change
LAG013,2022-02-28,R7,Month-on-month change in hts_tst must be under 300%,566.07% change
XXX999,2024-02-01,R7,Month-on-month change in hts_tst must be under 300%,361.25% change
LAG099,2022-09-30,R7,Month-on-month change in hts_tst must be under 300%,317.2% change
XXX999,2024-06-30,R7,Month-on-month change in hts_tst must be under 300%,390.66% change
FCT012,2022-11-30,R8,Each facility should have 36 monthly recodrs,33/36 monthly records
FCT008,2023-04-30,R8,Each facility should have 36 monthly recodrs,34/36 monthly records
NAS006,2024-01-31,R8,Each facility should have 36 monthly recodrs,35/36 monthly records
LAG004,2022-03-31,R8,Each facility should have 36 monthly recodrs,34/36 monthly records
AKS005,2022-01-31,R8,Each facility should have 36 monthly recodrs,35/36 monthly records
LAG015,2022-05-01,R8,Each facility should have 36 monthly recodrs,35/36 monthly records
FCT001,2022-02-28,R8,Each facility should have 36 monthly recodrs,33/36 monthly records
FCT009,2023-02-28,R8,Each facility should have 36 monthly recodrs,35/36 monthly records
KAD012,2022-07-31,R8,Each facility should have 36 monthly recodrs,34/36 monthly records
NAS004,2023-09-30,R8,Each facility should have 36 monthly recodrs,35/36 monthly records
NAS004,2024-06-01,R8,Each facility should have 36 monthly recodrs,35/36 monthly records
NAS011,2023-02-01,R8,Each facility should have 36 monthly recodrs,35/36 monthly records
RIV014,2023-05-31,R8,Each facility should have 36 monthly recodrs,35/36 monthly records
CRS003,2022-01-31,R8,Each facility should have 36 monthly recodrs,35/36 monthly records
NAS010,2024-01-31,R8,Each facility should have 36 monthly recodrs,35/36 monthly records
AKS008,2024-12-31,R8,Each facility should have 36 monthly recodrs,33/36 monthly records
AKS004,2022-02-28,R8,Each facility should have 36 monthly recodrs,35/36 monthly records
BEN011,2023-07-31,R8,Each facility should have 36 monthly recodrs,35/36 monthly records
AKS011,2022-12-01,R8,Each facility should have 36 monthly recodrs,34/36 monthly records
CRS009,2023-04-30,R8,Each facility should have 36 monthly recodrs,35/36 monthly records
AKS008,2022-01-31,R8,Each facility should have 36 monthly recodrs,33/36 monthly records
FCT008,2022-08-31,R8,Each facility should have 36 monthly recodrs,34/36 monthly records
BEN013,2022-03-31,R8,Each facility should have 36 monthly recodrs,34/36 monthly records
FCT011,2023-05-31,R8,Each facility should have 36 monthly recodrs,34/36 monthly records
KAD007,2024-06-30,R8,Each facility should have 36 monthly recodrs,35/36 monthly records
FCT011,2022-03-31,R8,Each facility should have 36 monthly recodrs,34/36 monthly records
RIV003,2023-02-28,R8,Each facility should have 36 monthly recodrs,33/36 monthly records
RIV006,2022-01-31,R8,Each facility should have 36 monthly recodrs,35/36 monthly records
LAG003,2024-03-31,R8,Each facility should have 36 monthly recodrs,35/36 monthly records
NAS007,2024-04-30,R8,Each facility should have 36 monthly recodrs,35/36 monthly records
CRS014,2024-12-01,R8,Each facility should have 36 monthly recodrs,34/36 monthly records
LAG011,2022-08-31,R8,Each facility should have 36 monthly recodrs,35/36 monthly records
KAD010,2023-08-31,R8,Each facility should have 36 monthly recodrs,34/36 monthly records
FCT011,2024-04-30,R8,Each facility should have 36 monthly recodrs,34/36 monthly records
NAS003,2022-05-31,R8,Each facility should have 36 monthly recodrs,35/36 monthly records
BEN015,2024-09-30,R8,Each facility should have 36 monthly recodrs,34/36 monthly records
KAD004,2023-06-30,R8,Each facility should have 36 monthly recodrs,35/36 monthly records
RIV002,2023-12-31,R8,Each facility should have 36 monthly recodrs,35/36 monthly records
NAS013,2024-01-31,R8,Each facility should have 36 monthly recodrs,34/36 monthly records
LAG099,2024-05-31,R8,Each facility should have 36 monthly recodrs,31/36 monthly records
NAS010,2022-12-31,R8,Each facility should have 36 monthly recodrs,35/36 monthly records
CRS003,2022-02-28,R8,Each facility should have 36 monthly recodrs,35/36 monthly records
RIV014,2024-03-31,R8,Each facility should have 36 monthly recodrs,35/36 monthly records
AKS014,2023-07-31,R8,Each facility should have 36 monthly recodrs,34/36 monthly records
LAG004,2023-09-30,R8,Each facility should have 36 monthly recodrs,34/36 monthly records
CRS014,2023-01-31,R8,Each facility should have 36 monthly recodrs,34/36 monthly records
KAD007,2023-09-30,R8,Each facility should have 36 monthly recodrs,35/36 monthly records
NAS007,2022-01-31,R8,Each facility should have 36 monthly recodrs,35/36 monthly records
NAS007,2023-11-30,R8,Each facility should have 36 monthly recodrs,35/36 monthly records
AKS009,2022-09-30,R8,Each facility should have 36 monthly recodrs,34/36 monthly records
CRS009,2022-01-31,R8,Each facility should have 36 monthly recodrs,35/36 monthly records
AKS001,2023-06-30,R8,Each facility should have 36 monthly recodrs,33/36 monthly records
BEN009,2024-11-30,R8,Each facility should have 36 monthly recodrs,33/36 monthly records
KAD002,2023-11-30,R8,Each facility should have 36 monthly recodrs,35/36 monthly records
BEN009,2024-05-31,R8,Each facility should have 36 monthly recodrs,33/36 monthly records
LAG003,2022-10-31,R8,Each facility should have 36 monthly recodrs,35/36 monthly records
FCT004,2024-03-31,R8,Each facility should have 36 monthly recodrs,35/36 monthly records
NAS011,2022-11-30,R8,Each facility should have 36 monthly recodrs,35/36 monthly records
RIV005,2022-10-31,R8,Each facility should have 36 monthly recodrs,34/36 monthly records
KAD012,2022-05-31,R8,Each facility should have 36 monthly recodrs,34/36 monthly records
FCT014,2024-01-01,R8,Each facility should have 36 monthly recodrs,35/36 monthly records
NAS014,2024-10-31,R8,Each facility should have 36 monthly recodrs,34/36 monthly records
AKS005,2022-08-31,R8,Each facility should have 36 monthly recodrs,35/36 monthly records
FCT011,2024-06-30,R8,Each facility should have 36 monthly recodrs,34/36 monthly records
RIV011,2022-10-31,R8,Each facility should have 36 monthly recodrs,33/36 monthly records
CRS014,2024-11-30,R8,Each facility should have 36 monthly recodrs,34/36 monthly records
NAS012,2023-02-28,R8,Each facility should have 36 monthly recodrs,34/36 monthly records
FCT006,2022-03-31,R8,Each facility should have 36 monthly recodrs,35/36 monthly records
LAG012,2022-07-31,R8,Each facility should have 36 monthly recodrs,34/36 monthly records
BEN014,2024-12-31,R8,Each facility should have 36 monthly recodrs,34/36 monthly records
CRS007,2023-02-28,R8,Each facility should have 36 monthly recodrs,33/36 monthly records
CRS009,2023-09-30,R8,Each facility should have 36 monthly recodrs,35/36 monthly records
LAG008,2022-02-28,R8,Each facility should have 36 monthly recodrs,34/36 monthly records
KAD005,2024-10-31,R8,Each facility should have 36 monthly recodrs,34/36 monthly records
KAD002,2024-10-31,R8,Each facility should have 36 monthly recodrs,35/36 monthly records
FCT005,2023-02-28,R8,Each facility should have 36 monthly recodrs,35/36 monthly records
NAS011,2022-04-30,R8,Each facility should have 36 monthly recodrs,35/36 monthly records
NAS003,2024-03-01,R8,Each facility should have 36 monthly recodrs,35/36 monthly records
BEN011,2023-09-30,R8,Each facility should have 36 monthly recodrs,35/36 monthly records
BEN007,2023-12-01,R8,Each facility should have 36 monthly recodrs,34/36 monthly records
CRS003,2023-01-31,R8,Each facility should have 36 monthly recodrs,35/36 monthly records
AKS004,2023-01-31,R8,Each facility should have 36 monthly recodrs,35/36 monthly records
FCT004,2024-08-31,R8,Each facility should have 36 monthly recodrs,35/36 monthly records
RIV006,2024-08-31,R8,Each facility should have 36 monthly recodrs,35/36 monthly records
AKS003,2023-02-28,R8,Each facility should have 36 monthly recodrs,34/36 monthly records
AKS002,2023-04-30,R8,Each facility should have 36 monthly recodrs,33/36 monthly records
NAS005,2023-04-30,R8,Each facility should have 36 monthly recodrs,32/36 monthly records
BEN011,2023-01-31,R8,Each facility should have 36 monthly recodrs,35/36 monthly records
AKS012,2023-07-31,R8,Each facility should have 36 monthly recodrs,34/36 monthly records
AKS005,2024-12-31,R8,Each facility should have 36 monthly recodrs,35/36 monthly records
LAG009,2022-06-30,R8,Each facility should have 36 monthly recodrs,35/36 monthly records
LAG015,2022-08-31,R8,Each facility should have 36 monthly recodrs,35/36 monthly records
CRS009,2022-09-30,R8,Each facility should have 36 monthly recodrs,35/36 monthly records
AKS009,2022-03-31,R8,Each facility should have 36 monthly recodrs,34/36 monthly records
AKS009,2024-07-31,R8,Each facility should have 36 monthly recodrs,34/36 monthly records
RIV014,2023-06-30,R8,Each facility should have 36 monthly recodrs,35/36 monthly records
RIV006,2022-12-31,R8,Each facility should have 36 monthly recodrs,35/36 monthly records
FCT001,2023-01-31,R8,Each facility should have 36 monthly recodrs,33/36 monthly records
NAS014,2022-11-30,R8,Each facility should have 36 monthly recodrs,34/36 monthly records
RIV002,2023-02-01,R8,Each facility should have 36 monthly recodrs,35/36 monthly records
BEN015,2023-11-30,R8,Each facility should have 36 monthly recodrs,34/36 monthly records
NAS006,2022-06-30,R8,Each facility should have 36 monthly recodrs,35/36 monthly records
LAG007,2023-03-31,R8,Each facility should have 36 monthly recodrs,35/36 monthly records
KAD001,2023-11-30,R8,Each facility should have 36 monthly recodrs,33/36 monthly records
FCT005,2022-08-31,R8,Each facility should have 36 monthly recodrs,35/36 monthly records
RIV008,2022-11-30,R8,Each facility should have 36 monthly recodrs,34/36 monthly records
NAS003,2023-12-31,R8,Each facility should have 36 monthly recodrs,35/36 monthly records
LAG002,2024-09-30,R8,Each facility should have 36 monthly recodrs,35/36 monthly records
NAS009,2024-08-31,R8,Each facility should have 36 monthly recodrs,34/36 monthly records
NAS010,2022-06-30,R8,Each facility should have 36 monthly recodrs,35/36 monthly records
LAG099,2023-05-31,R8,Each facility should have 36 monthly recodrs,31/36 monthly records
KAD013,2023-03-31,R8,Each facility should have 36 monthly recodrs,35/36 monthly records
RIV004,2023-09-30,R8,Each facility should have 36 monthly recodrs,35/36 monthly records
RIV013,2023-07-31,R8,Each facility should have 36 monthly recodrs,35/36 monthly records
AKS015,2024-03-31,R8,Each facility should have 36 monthly recodrs,34/36 monthly records
AKS009,2023-09-30,R8,Each facility should have 36 monthly recodrs,34/36 monthly records
AKS008,2023-11-30,R8,Each facility should have 36 monthly recodrs,33/36 monthly records
RIV014,2024-07-31,R8,Each facility should have 36 monthly recodrs,35/36 monthly records
BEN003,2022-11-30,R8,Each facility should have 36 monthly recodrs,34/36 monthly records
LAG099,2023-04-30,R8,Each facility should have 36 monthly recodrs,31/36 monthly records
NAS004,2023-11-30,R8,Each facility should have 36 monthly recodrs,35/36 monthly records
CRS014,2022-10-31,R8,Each facility should have 36 monthly recodrs,34/36 monthly records
LAG010,2024-04-30,R8,Each facility should have 36 monthly recodrs,34/36 monthly records
LAG003,2024-06-30,R8,Each facility should have 36 monthly recodrs,35/36 monthly records
NAS005,2024-07-31,R8,Each facility should have 36 monthly recodrs,32/36 monthly records
NAS007,2023-07-31,R8,Each facility should have 36 monthly recodrs,35/36 monthly records
LAG015,2022-12-31,R8,Each facility should have 36 monthly recodrs,35/36 monthly records
LAG009,2022-04-30,R8,Each facility should have 36 monthly recodrs,35/36 monthly records
AKS013,2024-08-31,R8,Each facility should have 36 monthly recodrs,34/36 monthly records
AKS005,2024-08-31,R8,Each facility should have 36 monthly recodrs,35/36 monthly records
CRS009,2024-09-01,R8,Each facility should have 36 monthly recodrs,35/36 monthly records
CRS011,2024-04-30,R8,Each facility should have 36 monthly recodrs,34/36 monthly records
CRS010,2024-03-31,R8,Each facility should have 36 monthly recodrs,33/36 monthly records
BEN008,2022-03-31,R8,Each facility should have 36 monthly recodrs,35/36 monthly records
RIV011,2023-01-31,R8,Each facility should have 36 monthly recodrs,33/36 monthly records
FCT001,2023-03-31,R8,Each facility should have 36 monthly recodrs,33/36 monthly records
CRS009,2022-11-30,R8,Each facility should have 36 monthly recodrs,35/36 monthly records
CRS002,2024-11-30,R8,Each facility should have 36 monthly recodrs,34/36 monthly records
FCT008,2024-06-30,R8,Each facility should have 36 monthly recodrs,34/36 monthly records
CRS003,2022-11-30,R8,Each facility should have 36 monthly recodrs,35/36 monthly records
LAG004,2023-04-30,R8,Each facility should have 36 monthly recodrs,34/36 monthly records
KAD008,2022-10-31,R8,Each facility should have 36 monthly recodrs,35/36 monthly records
NAS013,2022-06-30,R8,Each facility should have 36 monthly recodrs,34/36 monthly records
RIV004,2024-06-30,R8,Each facility should have 36 monthly recodrs,35/36 monthly records
TMP001,2024-05-31,R8,Each facility should have 36 monthly recodrs,27/36 monthly records
AKS005,2022-06-30,R8,Each facility should have 36 monthly recodrs,35/36 monthly records
AKS001,2024-10-31,R8,Each facility should have 36 monthly recodrs,33/36 monthly records
TMP001,2023-06-30,R8,Each facility should have 36 monthly recodrs,27/36 monthly records
AKS005,2023-02-01,R8,Each facility should have 36 monthly recodrs,35/36 monthly records
CRS003,2024-03-31,R8,Each facility should have 36 monthly recodrs,35/36 monthly records
NAS015,2024-11-30,R8,Each facility should have 36 monthly recodrs,35/36 monthly records
NAS999,2024-06-30,R8,Each facility should have 36 monthly recodrs,27/36 monthly records
AKS011,2023-05-31,R8,Each facility should have 36 monthly recodrs,34/36 monthly records
AKS012,2024-10-31,R8,Each facility should have 36 monthly recodrs,34/36 monthly records
AKS001,2023-08-31,R8,Each facility should have 36 monthly recodrs,33/36 monthly records
LAG010,2023-06-30,R8,Each facility should have 36 monthly recodrs,34/36 monthly records
LAG004,2023-10-31,R8,Each facility should have 36 monthly recodrs,34/36 monthly records
CRS007,2022-04-30,R8,Each facility should have 36 monthly recodrs,33/36 monthly records
TMP001,2023-10-31,R8,Each facility should have 36 monthly recodrs,27/36 monthly records
AKS013,2022-12-31,R8,Each facility should have 36 monthly recodrs,34/36 monthly records
KAD008,2022-08-31,R8,Each facility should have 36 monthly recodrs,35/36 monthly records
CRS014,2023-08-31,R8,Each facility should have 36 monthly recodrs,34/36 monthly records
RIV003,2023-03-31,R8,Each facility should have 36 monthly recodrs,33/36 monthly records
NAS005,2022-01-31,R8,Each facility should have 36 monthly recodrs,32/36 monthly records
RIV014,2023-10-31,R8,Each facility should have 36 monthly recodrs,35/36 monthly records
NAS012,2023-07-31,R8,Each facility should have 36 monthly recodrs,34/36 monthly records
CRS011,2022-07-31,R8,Each facility should have 36 monthly recodrs,34/36 monthly records
NAS014,2023-07-31,R8,Each facility should have 36 monthly recodrs,34/36 monthly records
BEN004,2024-10-31,R8,Each facility should have 36 monthly recodrs,31/36 monthly records
AKS002,2024-11-30,R8,Each facility should have 36 monthly recodrs,33/36 monthly records
RIV014,2023-01-31,R8,Each facility should have 36 monthly recodrs,35/36 monthly records
RIV007,2024-08-31,R8,Each facility should have 36 monthly recodrs,35/36 monthly records
RIV008,2023-04-30,R8,Each facility should have 36 monthly recodrs,34/36 monthly records
CRS002,2022-07-31,R8,Each facility should have 36 monthly recodrs,34/36 monthly records
RIV009,2022-04-30,R8,Each facility should have 36 monthly recodrs,34/36 monthly records
NAS001,2022-02-28,R8,Each facility should have 36 monthly recodrs,34/36 monthly records
BEN011,2022-09-30,R8,Each facility should have 36 monthly recodrs,35/36 monthly records
BEN009,2022-03-31,R8,Each facility should have 36 monthly recodrs,33/36 monthly records
NAS010,2024-10-31,R8,Each facility should have 36 monthly recodrs,35/36 monthly records
CRS014,2022-08-31,R8,Each facility should have 36 monthly recodrs,34/36 monthly records
CRS014,2024-10-31,R8,Each facility should have 36 monthly recodrs,34/36 monthly records
KAD011,2022-12-01,R8,Each facility should have 36 monthly recodrs,31/36 monthly records
LAG013,2024-02-29,R8,Each facility should have 36 monthly recodrs,35/36 monthly records
BEN008,2023-01-31,R8,Each facility should have 36 monthly recodrs,35/36 monthly records
LAG001,2022-03-31,R8,Each facility should have 36 monthly recodrs,32/36 monthly records
AKS014,2024-06-30,R8,Each facility should have 36 monthly recodrs,34/36 monthly records
LAG004,2023-11-30,R8,Each facility should have 36 monthly recodrs,34/36 monthly records
AKS012,2023-03-31,R8,Each facility should have 36 monthly recodrs,34/36 monthly records
CRS003,2024-07-31,R8,Each facility should have 36 monthly recodrs,35/36 monthly records
BEN014,2022-02-01,R8,Each facility should have 36 monthly recodrs,34/36 monthly records
BEN006,2023-05-31,R8,Each facility should have 36 monthly recodrs,35/36 monthly records
NAS010,2023-03-01,R8,Each facility should have 36 monthly recodrs,35/36 monthly records
AKS009,2022-11-30,R8,Each facility should have 36 monthly recodrs,34/36 monthly records
RIV009,2022-11-30,R8,Each facility should have 36 monthly recodrs,34/36 monthly records
XXX999,2024-07-31,R8,Each facility should have 36 monthly recodrs,29/36 monthly records
AKS004,2024-03-31,R8,Each facility should have 36 monthly recodrs,35/36 monthly records
RIV012,2023-02-28,R8,Each facility should have 36 monthly recodrs,35/36 monthly records
BEN009,2022-07-31,R8,Each facility should have 36 monthly recodrs,33/36 monthly records
AKS009,2024-04-30,R8,Each facility should have 36 monthly recodrs,34/36 monthly records
LAG002,2023-12-31,R8,Each facility should have 36 monthly recodrs,35/36 monthly records
FCT014,2022-05-31,R8,Each facility should have 36 monthly recodrs,35/36 monthly records
RIV005,2022-08-01,R8,Each facility should have 36 monthly recodrs,34/36 monthly records
FCT006,2022-06-30,R8,Each facility should have 36 monthly recodrs,35/36 monthly records
RIV008,2022-09-30,R8,Each facility should have 36 monthly recodrs,34/36 monthly records
CRS004,2024-11-30,R8,Each facility should have 36 monthly recodrs,35/36 monthly records
KAD013,2022-09-30,R8,Each facility should have 36 monthly recodrs,35/36 monthly records
AKS002,2024-02-29,R8,Each facility should have 36 monthly recodrs,33/36 monthly records
NAS011,2023-12-31,R8,Each facility should have 36 monthly recodrs,35/36 monthly records
FCT009,2023-04-30,R8,Each facility should have 36 monthly recodrs,35/36 monthly records
KAD006,2023-07-31,R8,Each facility should have 36 monthly recodrs,35/36 monthly records
LAG015,2022-02-28,R8,Each facility should have 36 monthly recodrs,35/36 monthly records
RIV002,2023-09-30,R8,Each facility should have 36 monthly recodrs,35/36 monthly records
AKS003,2024-01-31,R8,Each facility should have 36 monthly recodrs,34/36 monthly records
AKS004,2024-08-31,R8,Each facility should have 36 monthly recodrs,35/36 monthly records
NAS004,2022-09-01,R8,Each facility should have 36 monthly recodrs,35/36 monthly records
CRS004,2022-04-30,R8,Each facility should have 36 monthly recodrs,35/36 monthly records
RIV009,2024-11-30,R8,Each facility should have 36 monthly recodrs,34/36 monthly records
NAS009,2024-11-30,R8,Each facility should have 36 monthly recodrs,34/36 monthly records
LAG013,2024-12-31,R8,Each facility should have 36 monthly recodrs,35/36 monthly records
KAD003,2023-02-28,R8,Each facility should have 36 monthly recodrs,33/36 monthly records
LAG010,2024-11-30,R8,Each facility should have 36 monthly recodrs,34/36 monthly records
RIV006,2022-02-28,R8,Each facility should have 36 monthly recodrs,35/36 monthly records
CRS009,2024-04-01,R8,Each facility should have 36 monthly recodrs,35/36 monthly records
RIV002,2023-07-31,R8,Each facility should have 36 monthly recodrs,35/36 monthly records
NAS004,2024-04-30,R8,Each facility should have 36 monthly recodrs,35/36 monthly records
AKS005,2022-07-31,R8,Each facility should have 36 monthly recodrs,35/36 monthly records
KAD004,2023-12-31,R8,Each facility should have 36 monthly recodrs,35/36 monthly records
LAG009,2024-11-30,R8,Each facility should have 36 monthly recodrs,35/36 monthly records
LAG012,2023-08-31,R8,Each facility should have 36 monthly recodrs,34/36 monthly records
AKS009,2022-10-31,R8,Each facility should have 36 monthly recodrs,34/36 monthly records
NAS001,2023-09-30,R8,Each facility should have 36 monthly recodrs,34/36 monthly records
KAD002,2024-09-01,R8,Each facility should have 36 monthly recodrs,35/36 monthly records
NAS005,2024-08-31,R8,Each facility should have 36 monthly recodrs,32/36 monthly records
KAD005,2023-04-01,R8,Each facility should have 36 monthly recodrs,34/36 monthly records
AKS012,2023-08-31,R8,Each facility should have 36 monthly recodrs,34/36 monthly records
RIV002,2023-11-30,R8,Each facility should have 36 monthly recodrs,35/36 monthly records
AKS011,2024-04-30,R8,Each facility should have 36 monthly recodrs,34/36 monthly records
RIV004,2024-12-01,R8,Each facility should have 36 monthly recodrs,35/36 monthly records
KAD001,2022-01-31,R8,Each facility should have 36 monthly recodrs,33/36 monthly records
RIV011,2022-08-31,R8,Each facility should have 36 monthly recodrs,33/36 monthly records
NAS013,2024-10-31,R8,Each facility should have 36 monthly recodrs,34/36 monthly records
LAG001,2022-06-30,R8,Each facility should have 36 monthly recodrs,32/36 monthly records
LAG006,2024-01-31,R8,Each facility should have 36 monthly recodrs,35/36 monthly records
LAG004,2023-12-31,R8,Each facility should have 36 monthly recodrs,34/36 monthly records
FCT009,2023-09-30,R8,Each facility should have 36 monthly recodrs,35/36 monthly records
NAS005,2022-09-30,R8,Each facility should have 36 monthly recodrs,32/36 monthly records
AKS015,2024-11-30,R8,Each facility should have 36 monthly recodrs,34/36 monthly records
KAD010,2022-04-30,R8,Each facility should have 36 monthly recodrs,34/36 monthly records
CRS007,2022-08-31,R8,Each facility should have 36 monthly recodrs,33/36 monthly records
FCT005,2023-09-30,R8,Each facility should have 36 monthly recodrs,35/36 monthly records
AKS013,2022-01-31,R8,Each facility should have 36 monthly recodrs,34/36 monthly records
FCT014,2023-03-31,R8,Each facility should have 36 monthly recodrs,35/36 monthly records
RIV002,2022-09-30,R8,Each facility should have 36 monthly recodrs,35/36 monthly records
FCT012,2023-12-31,R8,Each facility should have 36 monthly recodrs,33/36 monthly records
NAS012,2022-05-31,R8,Each facility should have 36 monthly recodrs,34/36 monthly records
KAD007,2023-11-30,R8,Each facility should have 36 monthly recodrs,35/36 monthly records
LAG012,2022-03-31,R8,Each facility should have 36 monthly recodrs,34/36 monthly records
CRS007,2023-03-31,R8,Each facility should have 36 monthly recodrs,33/36 monthly records
AKS002,2024-10-31,R8,Each facility should have 36 monthly recodrs,33/36 monthly records
FCT011,2022-04-01,R8,Each facility should have 36 monthly recodrs,34/36 monthly records
RIV004,2023-11-30,R8,Each facility should have 36 monthly recodrs,35/36 monthly records
RIV001,2022-12-31,R8,Each facility should have 36 monthly recodrs,34/36 monthly records
BEN003,2024-11-30,R8,Each facility should have 36 monthly recodrs,34/36 monthly records
AKS005,2023-11-30,R8,Each facility should have 36 monthly recodrs,35/36 monthly records
RIV009,2024-05-31,R8,Each facility should have 36 monthly recodrs,34/36 monthly records
RIV008,2023-07-31,R8,Each facility should have 36 monthly recodrs,34/36 monthly records
FCT009,2022-10-31,R8,Each facility should have 36 monthly recodrs,35/36 monthly records
FCT014,2022-04-30,R8,Each facility should have 36 monthly recodrs,35/36 monthly records
RIV011,2023-04-30,R8,Each facility should have 36 monthly recodrs,33/36 monthly records
NAS005,2024-12-31,R8,Each facility should have 36 monthly recodrs,32/36 monthly records
AKS003,2022-09-30,R8,Each facility should have 36 monthly recodrs,34/36 monthly records
FCT004,2023-04-30,R8,Each facility should have 36 monthly recodrs,35/36 monthly records
NAS006,2022-08-01,R8,Each facility should have 36 monthly recodrs,35/36 monthly records
BEN008,2023-12-31,R8,Each facility should have 36 monthly recodrs,35/36 monthly records
FCT006,2024-10-31,R8,Each facility should have 36 monthly recodrs,35/36 monthly records
LAG010,2022-06-30,R8,Each facility should have 36 monthly recodrs,34/36 monthly records
NAS009,2024-02-29,R8,Each facility should have 36 monthly recodrs,34/36 monthly records
BEN009,2022-11-30,R8,Each facility should have 36 monthly recodrs,33/36 monthly records
AKS005,2022-09-30,R8,Each facility should have 36 monthly recodrs,35/36 monthly records
NAS005,2022-12-31,R8,Each facility should have 36 monthly recodrs,32/36 monthly records
KAD003,2024-05-01,R8,Each facility should have 36 monthly recodrs,33/36 monthly records
BEN013,2024-03-31,R8,Each facility should have 36 monthly recodrs,34/36 monthly records
BEN015,2024-03-01,R8,Each facility should have 36 monthly recodrs,34/36 monthly records
LAG012,2022-04-01,R8,Each facility should have 36 monthly recodrs,34/36 monthly records
AKS013,2024-02-01,R8,Each facility should have 36 monthly recodrs,34/36 monthly records
AKS001,2022-09-30,R8,Each facility should have 36 monthly recodrs,33/36 monthly records
LAG013,2023-10-01,R8,Each facility should have 36 monthly recodrs,35/36 monthly records
KAD002,2023-10-01,R8,Each facility should have 36 monthly recodrs,35/36 monthly records
RIV014,2024-11-30,R8,Each facility should have 36 monthly recodrs,35/36 monthly records
BEN003,2022-07-31,R8,Each facility should have 36 monthly recodrs,34/36 monthly records
RIV012,2024-10-31,R8,Each facility should have 36 monthly recodrs,35/36 monthly records
NAS003,2023-07-31,R8,Each facility should have 36 monthly recodrs,35/36 monthly records
KAD015,2024-06-30,R8,Each facility should have 36 monthly recodrs,35/36 monthly records
NAS006,2023-12-31,R8,Each facility should have 36 monthly recodrs,35/36 monthly records
AKS009,2023-10-31,R8,Each facility should have 36 monthly recodrs,34/36 monthly records
FCT005,2022-11-01,R8,Each facility should have 36 monthly recodrs,35/36 monthly records
XXX999,2022-06-30,R8,Each facility should have 36 monthly recodrs,29/36 monthly records
KAD006,2022-01-31,R8,Each facility should have 36 monthly recodrs,35/36 monthly records
LAG099,2024-06-30,R8,Each facility should have 36 monthly recodrs,31/36 monthly records
NAS999,2023-10-31,R8,Each facility should have 36 monthly recodrs,27/36 monthly records
NAS011,2022-08-01,R8,Each facility should have 36 monthly recodrs,35/36 monthly records
NAS014,2024-04-30,R8,Each facility should have 36 monthly recodrs,34/36 monthly records
KAD004,2024-08-31,R8,Each facility should have 36 monthly recodrs,35/36 monthly records
KAD009,2022-06-30,R8,Each facility should have 36 monthly recodrs,35/36 monthly records
AKS009,2023-06-30,R8,Each facility should have 36 monthly recodrs,34/36 monthly records
KAD007,2022-04-30,R8,Each facility should have 36 monthly recodrs,35/36 monthly records
RIV014,2024-01-31,R8,Each facility should have 36 monthly recodrs,35/36 monthly records
RIV006,2024-01-31,R8,Each facility should have 36 monthly recodrs,35/36 monthly records
NAS015,2024-10-01,R8,Each facility should have 36 monthly recodrs,35/36 monthly records
RIV001,2023-10-01,R8,Each facility should have 36 monthly recodrs,34/36 monthly records
CRS008,2022-01-31,R8,Each facility should have 36 monthly recodrs,32/36 monthly records
BEN015,2023-04-01,R8,Each facility should have 36 monthly recodrs,34/36 monthly records
CRS014,2023-07-31,R8,Each facility should have 36 monthly recodrs,34/36 monthly records
FCT011,2023-07-31,R8,Each facility should have 36 monthly recodrs,34/36 monthly records
AKS003,2023-01-31,R8,Each facility should have 36 monthly recodrs,34/36 monthly records
KAD001,2023-08-31,R8,Each facility should have 36 monthly recodrs,33/36 monthly records
KAD009,2023-09-30,R8,Each facility should have 36 monthly recodrs,35/36 monthly records
BEN007,2024-08-31,R8,Each facility should have 36 monthly recodrs,34/36 monthly records
NAS015,2023-06-30,R8,Each facility should have 36 monthly recodrs,35/36 monthly records
KAD004,2024-06-30,R8,Each facility should have 36 monthly recodrs,35/36 monthly records
RIV007,2022-09-30,R8,Each facility should have 36 monthly recodrs,35/36 monthly records
CRS011,2023-11-30,R8,Each facility should have 36 monthly recodrs,34/36 monthly records
RIV008,2024-02-29,R8,Each facility should have 36 monthly recodrs,34/36 monthly records
BEN004,2023-05-31,R8,Each facility should have 36 monthly recodrs,31/36 monthly records
LAG004,2022-07-01,R8,Each facility should have 36 monthly recodrs,34/36 monthly records
NAS999,2024-04-30,R8,Each facility should have 36 monthly recodrs,27/36 monthly records
FCT013,2022-07-01,R8,Each facility should have 36 monthly recodrs,32/36 monthly records
CRS011,2022-02-28,R8,Each facility should have 36 monthly recodrs,34/36 monthly records
AKS014,2022-11-30,R8,Each facility should have 36 monthly recodrs,34/36 monthly records
AKS013,2022-07-31,R8,Each facility should have 36 monthly recodrs,34/36 monthly records
RIV008,2022-07-31,R8,Each facility should have 36 monthly recodrs,34/36 monthly records
LAG015,2022-06-30,R8,Each facility should have 36 monthly recodrs,35/36 monthly records
KAD011,2024-02-29,R8,Each facility should have 36 monthly recodrs,31/36 monthly records
AKS015,2022-02-28,R8,Each facility should have 36 monthly recodrs,34/36 monthly records
KAD004,2023-08-31,R8,Each facility should have 36 monthly recodrs,35/36 monthly records
XXX999,2023-12-31,R8,Each facility should have 36 monthly recodrs,29/36 monthly records
KAD015,2022-03-31,R8,Each facility should have 36 monthly recodrs,35/36 monthly records
KAD001,2023-09-30,R8,Each facility should have 36 monthly recodrs,33/36 monthly records
BEN005,2022-02-28,R8,Each facility should have 36 monthly recodrs,31/36 monthly records
AKS008,2024-04-30,R8,Each facility should have 36 monthly recodrs,33/36 monthly records
AKS011,2022-07-01,R8,Each facility should have 36 monthly recodrs,34/36 monthly records
AKS008,2023-07-31,R8,Each facility should have 36 monthly recodrs,33/36 monthly records
AKS014,2022-01-31,R8,Each facility should have 36 monthly recodrs,34/36 monthly records
FCT009,2022-09-30,R8,Each facility should have 36 monthly recodrs,35/36 monthly records
AKS002,2022-10-31,R8,Each facility should have 36 monthly recodrs,33/36 monthly records
BEN007,2023-06-30,R8,Each facility should have 36 monthly recodrs,34/36 monthly records
LAG009,2022-09-30,R8,Each facility should have 36 monthly recodrs,35/36 monthly records
AKS014,2022-04-30,R8,Each facility should have 36 monthly recodrs,34/36 monthly records
RIV005,2024-06-30,R8,Each facility should have 36 monthly recodrs,34/36 monthly records
AKS013,2024-06-30,R8,Each facility should have 36 monthly recodrs,34/36 monthly records
FCT005,2022-03-31,R8,Each facility should have 36 monthly recodrs,35/36 monthly records
LAG011,2022-11-30,R8,Each facility should have 36 monthly recodrs,35/36 monthly records
BEN013,2024-12-31,R8,Each facility should have 36 monthly recodrs,34/36 monthly records
FCT014,2022-08-31,R8,Each facility should have 36 monthly recodrs,35/36 monthly records
CRS007,2022-06-30,R8,Each facility should have 36 monthly recodrs,33/36 monthly records
BEN005,2023-11-30,R8,Each facility should have 36 monthly recodrs,31/36 monthly records
FCT006,2023-07-31,R8,Each facility should have 36 monthly recodrs,35/36 monthly records
AKS004,2024-01-31,R8,Each facility should have 36 monthly recodrs,35/36 monthly records
LAG015,2023-04-30,R8,Each facility should have 36 monthly recodrs,35/36 monthly records
KAD013,2024-07-31,R8,Each facility should have 36 monthly recodrs,35/36 monthly records
BEN005,2022-08-31,R8,Each facility should have 36 monthly recodrs,31/36 monthly records
KAD004,2024-01-31,R8,Each facility should have 36 monthly recodrs,35/36 monthly records
BEN014,2024-11-30,R8,Each facility should have 36 monthly recodrs,34/36 monthly records
RIV015,2024-06-30,R8,Each facility should have 36 monthly recodrs,33/36 monthly records
BEN003,2024-03-31,R8,Each facility should have 36 monthly recodrs,34/36 monthly records
KAD015,2024-03-31,R8,Each facility should have 36 monthly recodrs,35/36 monthly records
NAS013,2024-09-30,R8,Each facility should have 36 monthly recodrs,34/36 monthly records
NAS004,2022-05-31,R8,Each facility should have 36 monthly recodrs,35/36 monthly records
NAS013,2022-12-31,R8,Each facility should have 36 monthly recodrs,34/36 monthly records
BEN003,2023-11-30,R8,Each facility should have 36 monthly recodrs,34/36 monthly records
FCT005,2023-01-31,R8,Each facility should have 36 monthly recodrs,35/36 monthly records
NAS009,2024-10-31,R8,Each facility should have 36 monthly recodrs,34/36 monthly records
NAS004,2024-08-31,R8,Each facility should have 36 monthly recodrs,35/36 monthly records
BEN014,2022-08-31,R8,Each facility should have 36 monthly recodrs,34/36 monthly records
FCT011,2024-08-31,R8,Each facility should have 36 monthly recodrs,34/36 monthly records
FCT004,2023-07-31,R8,Each facility should have 36 monthly recodrs,35/36 monthly records
LAG004,2022-04-30,R8,Each facility should have 36 monthly recodrs,34/36 monthly records
RIV007,2024-04-30,R8,Each facility should have 36 monthly recodrs,35/36 monthly records
KAD005,2022-07-31,R8,Each facility should have 36 monthly recodrs,34/36 monthly records
NAS009,2023-10-31,R8,Each facility should have 36 monthly recodrs,34/36 monthly records
BEN003,2022-10-31,R8,Each facility should have 36 monthly recodrs,34/36 monthly records
AKS009,2024-03-01,R8,Each facility should have 36 monthly recodrs,34/36 monthly records
RIV015,2022-09-01,R8,Each facility should have 36 monthly recodrs,33/36 monthly records
NAS004,2022-08-31,R8,Each facility should have 36 monthly recodrs,35/36 monthly records
KAD010,2022-10-31,R8,Each facility should have 36 monthly recodrs,34/36 monthly records
RIV006,2024-12-31,R8,Each facility should have 36 monthly recodrs,35/36 monthly records
FCT006,2024-08-31,R8,Each facility should have 36 monthly recodrs,35/36 monthly records
FCT005,2023-07-31,R8,Each facility should have 36 monthly recodrs,35/36 monthly records
FCT012,2024-11-30,R8,Each facility should have 36 monthly recodrs,33/36 monthly records
LAG007,2022-11-30,R8,Each facility should have 36 monthly recodrs,35/36 monthly records
KAD015,2024-01-31,R8,Each facility should have 36 monthly recodrs,35/36 monthly records
NAS011,2024-10-31,R8,Each facility should have 36 monthly recodrs,35/36 monthly records
BEN003,2024-06-30,R8,Each facility should have 36 monthly recodrs,34/36 monthly records
FCT013,2023-01-31,R8,Each facility should have 36 monthly recodrs,32/36 monthly records
RIV001,2023-04-30,R8,Each facility should have 36 monthly recodrs,34/36 monthly records
KAD008,2024-06-30,R8,Each facility should have 36 monthly recodrs,35/36 monthly records
RIV015,2023-01-31,R8,Each facility should have 36 monthly recodrs,33/36 monthly records
NAS013,2022-05-31,R8,Each facility should have 36 monthly recodrs,34/36 monthly records
LAG010,2024-03-31,R8,Each facility should have 36 monthly recodrs,34/36 monthly records
AKS003,2023-10-31,R8,Each facility should have 36 monthly recodrs,34/36 monthly records
XXX999,2024-12-31,R8,Each facility should have 36 monthly recodrs,29/36 monthly records
BEN004,2023-11-30,R8,Each facility should have 36 monthly recodrs,31/36 monthly records
LAG099,2023-04-30,R8,Each facility should have 36 monthly recodrs,31/36 monthly records
BEN006,2022-03-01,R8,Each facility should have 36 monthly recodrs,35/36 monthly records
RIV012,2022-02-28,R8,Each facility should have 36 monthly recodrs,35/36 monthly records
NAS005,2022-02-28,R8,Each facility should have 36 monthly recodrs,32/36 monthly records
BEN006,2024-10-31,R8,Each facility should have 36 monthly recodrs,35/36 monthly records
BEN015,2022-07-31,R8,Each facility should have 36 monthly recodrs,34/36 monthly records
RIV001,2022-05-31,R8,Each facility should have 36 monthly recodrs,34/36 monthly records
RIV002,2024-03-31,R8,Each facility should have 36 monthly recodrs,35/36 monthly records
RIV011,2022-12-31,R8,Each facility should have 36 monthly recodrs,33/36 monthly records
LAG007,2024-05-31,R8,Each facility should have 36 monthly recodrs,35/36 monthly records
RIV006,2023-03-31,R8,Each facility should have 36 monthly recodrs,35/36 monthly records
LAG002,2022-06-30,R8,Each facility should have 36 monthly recodrs,35/36 monthly records
RIV012,2024-05-31,R8,Each facility should have 36 monthly recodrs,35/36 monthly records
NAS011,2023-03-31,R8,Each facility should have 36 monthly recodrs,35/36 monthly records
RIV007,2024-11-30,R8,Each facility should have 36 monthly recodrs,35/36 monthly records
KAD006,2023-12-31,R8,Each facility should have 36 monthly recodrs,35/36 monthly records
FCT012,2022-08-31,R8,Each facility should have 36 monthly recodrs,33/36 monthly records
CRS002,2024-03-31,R8,Each facility should have 36 monthly recodrs,34/36 monthly records
AKS008,2022-03-01,R8,Each facility should have 36 monthly recodrs,33/36 monthly records
NAS006,2023-03-01,R8,Each facility should have 36 monthly recodrs,35/36 monthly records
AKS015,2022-08-31,R8,Each facility should have 36 monthly recodrs,34/36 monthly records
CRS004,2023-03-31,R8,Each facility should have 36 monthly recodrs,35/36 monthly records
RIV008,2022-03-31,R8,Each facility should have 36 monthly recodrs,34/36 monthly records
LAG001,2024-02-29,R8,Each facility should have 36 monthly recodrs,32/36 monthly records
FCT014,2022-10-31,R8,Each facility should have 36 monthly recodrs,35/36 monthly records
RIV013,2022-07-31,R8,Each facility should have 36 monthly recodrs,35/36 monthly records
KAD008,2024-07-31,R8,Each facility should have 36 monthly recodrs,35/36 monthly records
NAS014,2022-01-31,R8,Each facility should have 36 monthly recodrs,34/36 monthly records
AKS012,2024-07-31,R8,Each facility should have 36 monthly recodrs,34/36 monthly records
AKS014,2024-03-31,R8,Each facility should have 36 monthly recodrs,34/36 monthly records
NAS999,2024-04-30,R8,Each facility should have 36 monthly recodrs,27/36 monthly records
CRS014,2023-05-31,R8,Each facility should have 36 monthly recodrs,34/36 monthly records
KAD006,2023-06-30,R8,Each facility should have 36 monthly recodrs,35/36 monthly records
RIV003,2022-10-31,R8,Each facility should have 36 monthly recodrs,33/36 monthly records
NAS005,2024-04-30,R8,Each facility should have 36 monthly recodrs,32/36 monthly records
RIV014,2023-03-31,R8,Each facility should have 36 monthly recodrs,35/36 monthly records
CRS010,2022-06-30,R8,Each facility should have 36 monthly recodrs,33/36 monthly records
RIV015,2022-04-30,R8,Each facility should have 36 monthly recodrs,33/36 monthly records
LAG004,2023-03-31,R8,Each facility should have 36 monthly recodrs,34/36 monthly records
NAS006,2023-11-01,R8,Each facility should have 36 monthly recodrs,35/36 monthly records
RIV011,2022-04-30,R8,Each facility should have 36 monthly recodrs,33/36 monthly records
NAS999,2023-09-01,R8,Each facility should have 36 monthly recodrs,27/36 monthly records
CRS009,2023-08-31,R8,Each facility should have 36 monthly recodrs,35/36 monthly records
TMP001,2024-02-01,R8,Each facility should have 36 monthly recodrs,27/36 monthly records
RIV013,2024-06-30,R8,Each facility should have 36 monthly recodrs,35/36 monthly records
RIV015,2022-08-31,R8,Each facility should have 36 monthly recodrs,33/36 monthly records
BEN003,2022-12-31,R8,Each facility should have 36 monthly recodrs,34/36 monthly records
XXX999,2023-07-31,R8,Each facility should have 36 monthly recodrs,29/36 monthly records
LAG011,2023-04-30,R8,Each facility should have 36 monthly recodrs,35/36 monthly records
KAD012,2023-11-30,R8,Each facility should have 36 monthly recodrs,34/36 monthly records
KAD009,2022-09-01,R8,Each facility should have 36 monthly recodrs,35/36 monthly records
RIV008,2023-08-31,R8,Each facility should have 36 monthly recodrs,34/36 monthly records
KAD013,2022-04-30,R8,Each facility should have 36 monthly recodrs,35/36 monthly records
AKS010,2022-09-30,R8,Each facility should have 36 monthly recodrs,34/36 monthly records
RIV007,2023-09-01,R8,Each facility should have 36 monthly recodrs,35/36 monthly records
BEN014,2022-07-31,R8,Each facility should have 36 monthly recodrs,34/36 monthly records
RIV005,2024-11-30,R8,Each facility should have 36 monthly recodrs,34/36 monthly records
LAG012,2023-06-30,R8,Each facility should have 36 monthly recodrs,34/36 monthly records
RIV014,2024-10-31,R8,Each facility should have 36 monthly recodrs,35/36 monthly records
BEN004,2024-11-30,R8,Each facility should have 36 monthly recodrs,31/36 monthly records
BEN006,2024-09-30,R8,Each facility should have 36 monthly recodrs,35/36 monthly records
BEN003,2023-01-31,R8,Each facility should have 36 monthly recodrs,34/36 monthly records
RIV006,2024-03-01,R8,Each facility should have 36 monthly recodrs,35/36 monthly records
FCT008,2023-03-31,R8,Each facility should have 36 monthly recodrs,34/36 monthly records
NAS012,2024-09-30,R8,Each facility should have 36 monthly recodrs,34/36 monthly records
LAG012,2024-07-31,R8,Each facility should have 36 monthly recodrs,34/36 monthly records
RIV008,2022-12-31,R8,Each facility should have 36 monthly recodrs,34/36 monthly records
KAD011,2022-06-30,R8,Each facility should have 36 monthly recodrs,31/36 monthly records
KAD004,2022-01-31,R8,Each facility should have 36 monthly recodrs,35/36 monthly records
KAD001,2023-09-30,R8,Each facility should have 36 monthly recodrs,33/36 monthly records
AKS001,2023-03-31,R8,Each facility should have 36 monthly recodrs,33/36 monthly records
FCT012,2023-09-30,R8,Each facility should have 36 monthly recodrs,33/36 monthly records
RIV009,2023-03-31,R8,Each facility should have 36 monthly recodrs,34/36 monthly records
BEN008,2024-10-31,R8,Each facility should have 36 monthly recodrs,35/36 monthly records
FCT014,2023-12-31,R8,Each facility should have 36 monthly recodrs,35/36 monthly records
TMP001,2022-01-31,R8,Each facility should have 36 monthly recodrs,27/36 monthly records
BEN007,2024-07-31,R8,Each facility should have 36 monthly recodrs,34/36 monthly records
NAS010,2023-06-30,R8,Each facility should have 36 monthly recodrs,35/36 monthly records
FCT009,2024-08-31,R8,Each facility should have 36 monthly recodrs,35/36 monthly records
CRS010,2023-08-31,R8,Each facility should have 36 monthly recodrs,33/36 monthly records
FCT005,2024-06-30,R8,Each facility should have 36 monthly recodrs,35/36 monthly records
RIV001,2024-05-31,R8,Each facility should have 36 monthly recodrs,34/36 monthly records
CRS003,2024-09-30,R8,Each facility should have 36 monthly recodrs,35/36 monthly records
BEN011,2022-02-28,R8,Each facility should have 36 monthly recodrs,35/36 monthly records
LAG001,2022-05-31,R8,Each facility should have 36 monthly recodrs,32/36 monthly records
KAD006,2024-03-31,R8,Each facility should have 36 monthly recodrs,35/36 monthly records
RIV014,2022-03-31,R8,Each facility should have 36 monthly recodrs,35/36 monthly records
AKS014,2023-11-30,R8,Each facility should have 36 monthly recodrs,34/36 monthly records
RIV015,2024-04-30,R8,Each facility should have 36 monthly recodrs,33/36 monthly records
CRS008,2022-07-31,R8,Each facility should have 36 monthly recodrs,32/36 monthly records
LAG006,2022-08-31,R8,Each facility should have 36 monthly recodrs,35/36 monthly records
KAD007,2023-01-31,R8,Each facility should have 36 monthly recodrs,35/36 monthly records
KAD007,2023-04-30,R8,Each facility should have 36 monthly recodrs,35/36 monthly records
FCT008,2023-01-31,R8,Each facility should have 36 monthly recodrs,34/36 monthly records
AKS015,2022-03-31,R8,Each facility should have 36 monthly recodrs,34/36 monthly records
AKS011,2024-10-31,R8,Each facility should have 36 monthly recodrs,34/36 monthly records
FCT006,2022-02-28,R8,Each facility should have 36 monthly recodrs,35/36 monthly records
NAS007,2023-10-31,R8,Each facility should have 36 monthly recodrs,35/36 monthly records
FCT005,2024-07-31,R8,Each facility should have 36 monthly recodrs,35/36 monthly records
KAD006,2022-05-31,R8,Each facility should have 36 monthly recodrs,35/36 monthly records
BEN013,2022-05-31,R8,Each facility should have 36 monthly recodrs,34/36 monthly records
BEN013,2024-01-31,R8,Each facility should have 36 monthly recodrs,34/36 monthly records
FCT009,2023-03-31,R8,Each facility should have 36 monthly recodrs,35/36 monthly records
CRS014,2022-05-31,R8,Each facility should have 36 monthly recodrs,34/36 monthly records
CRS004,2022-07-31,R8,Each facility should have 36 monthly recodrs,35/36 monthly records
KAD002,2023-09-01,R8,Each facility should have 36 monthly recodrs,35/36 monthly records
AKS013,2022-02-28,R8,Each facility should have 36 monthly recodrs,34/36 monthly records
KAD003,2024-01-31,R8,Each facility should have 36 monthly recodrs,33/36 monthly records
NAS001,2024-10-31,R8,Each facility should have 36 monthly recodrs,34/36 monthly records
FCT005,2022-02-28,R8,Each facility should have 36 monthly recodrs,35/36 monthly records
FCT012,2023-04-30,R8,Each facility should have 36 monthly recodrs,33/36 monthly records
BEN003,2024-08-31,R8,Each facility should have 36 monthly recodrs,34/36 monthly records
BEN008,2023-11-30,R8,Each facility should have 36 monthly recodrs,35/36 monthly records
KAD001,2024-07-31,R8,Each facility should have 36 monthly recodrs,33/36 monthly records
BEN005,2022-05-31,R8,Each facility should have 36 monthly recodrs,31/36 monthly records
CRS008,2023-03-31,R8,Each facility should have 36 monthly recodrs,32/36 monthly records
RIV009,2022-02-28,R8,Each facility should have 36 monthly recodrs,34/36 monthly records
KAD004,2022-07-31,R8,Each facility should have 36 monthly recodrs,35/36 monthly records
CRS002,2022-06-30,R8,Each facility should have 36 monthly recodrs,34/36 monthly records
FCT005,2022-10-31,R8,Each facility should have 36 monthly recodrs,35/36 monthly records
NAS012,2022-04-30,R8,Each facility should have 36 monthly recodrs,34/36 monthly records
BEN011,2023-08-31,R8,Each facility should have 36 monthly recodrs,35/36 monthly records
CRS003,2023-02-28,R8,Each facility should have 36 monthly recodrs,35/36 monthly records
RIV003,2024-08-31,R8,Each facility should have 36 monthly recodrs,33/36 monthly records
KAD015,2023-06-30,R8,Each facility should have 36 monthly recodrs,35/36 monthly records
RIV009,2023-04-30,R8,Each facility should have 36 monthly recodrs,34/36 monthly records
BEN011,2024-09-01,R8,Each facility should have 36 monthly recodrs,35/36 monthly records
AKS010,2022-07-31,R8,Each facility should have 36 monthly recodrs,34/36 monthly records
LAG099,2024-10-01,R8,Each facility should have 36 monthly recodrs,31/36 monthly records
KAD001,2022-05-31,R8,Each facility should have 36 monthly recodrs,33/36 monthly records
CRS007,2023-04-01,R8,Each facility should have 36 monthly recodrs,33/36 monthly records
LAG002,2023-03-31,R8,Each facility should have 36 monthly recodrs,35/36 monthly records
NAS001,2022-05-31,R8,Each facility should have 36 monthly recodrs,34/36 monthly records
BEN008,2022-11-30,R8,Each facility should have 36 monthly recodrs,35/36 monthly records
FCT004,2022-06-30,R8,Each facility should have 36 monthly recodrs,35/36 monthly records
LAG003,2022-11-30,R8,Each facility should have 36 monthly recodrs,35/36 monthly records
FCT012,2022-01-31,R8,Each facility should have 36 monthly recodrs,33/36 monthly records
RIV015,2024-07-31,R8,Each facility should have 36 monthly recodrs,33/36 monthly records
AKS015,2023-03-01,R8,Each facility should have 36 monthly recodrs,34/36 monthly records
KAD012,2024-03-31,R8,Each facility should have 36 monthly recodrs,34/36 monthly records
AKS001,2024-09-30,R8,Each facility should have 36 monthly recodrs,33/36 monthly records
FCT004,2024-10-01,R8,Each facility should have 36 monthly recodrs,35/36 monthly records
FCT012,2022-10-31,R8,Each facility should have 36 monthly recodrs,33/36 monthly records
NAS013,2022-07-31,R8,Each facility should have 36 monthly recodrs,34/36 monthly records
CRS010,2024-09-30,R8,Each facility should have 36 monthly recodrs,33/36 monthly records
KAD008,2022-07-31,R8,Each facility should have 36 monthly recodrs,35/36 monthly records
KAD010,2022-02-01,R8,Each facility should have 36 monthly recodrs,34/36 monthly records
LAG010,2024-08-31,R8,Each facility should have 36 monthly recodrs,34/36 monthly records
RIV013,2024-04-30,R8,Each facility should have 36 monthly recodrs,35/36 monthly records
FCT012,2023-01-01,R8,Each facility should have 36 monthly recodrs,33/36 monthly records
NAS013,2022-04-30,R8,Each facility should have 36 monthly recodrs,34/36 monthly records
LAG009,2022-07-31,R8,Each facility should have 36 monthly recodrs,35/36 monthly records
KAD010,2024-03-31,R8,Each facility should have 36 monthly recodrs,34/36 monthly records
KAD004,2022-09-30,R8,Each facility should have 36 monthly recodrs,35/36 monthly records
LAG008,2023-12-31,R8,Each facility should have 36 monthly recodrs,34/36 monthly records
AKS012,2023-01-31,R8,Each facility should have 36 monthly recodrs,34/36 monthly records
AKS005,2024-03-01,R8,Each facility should have 36 monthly recodrs,35/36 monthly records
LAG006,2023-07-31,R8,Each facility should have 36 monthly recodrs,35/36 monthly records
LAG006,2023-08-31,R8,Each facility should have 36 monthly recodrs,35/36 monthly records
KAD011,2024-06-30,R8,Each facility should have 36 monthly recodrs,31/36 monthly records
LAG011,2023-01-31,R8,Each facility should have 36 monthly recodrs,35/36 monthly records
CRS011,2022-09-30,R8,Each facility should have 36 monthly recodrs,34/36 monthly records
FCT001,2024-07-31,R8,Each facility should have 36 monthly recodrs,33/36 monthly records
FCT012,2024-01-31,R8,Each facility should have 36 monthly recodrs,33/36 monthly records
TMP001,2022-11-30,R8,Each facility should have 36 monthly recodrs,27/36 monthly records
RIV004,2024-05-31,R8,Each facility should have 36 monthly recodrs,35/36 monthly records
FCT014,2024-08-31,R8,Each facility should have 36 monthly recodrs,35/36 monthly records
NAS010,2022-08-31,R8,Each facility should have 36 monthly recodrs,35/36 monthly records
RIV015,2022-12-01,R8,Each facility should have 36 monthly recodrs,33/36 monthly records
AKS002,2022-08-31,R8,Each facility should have 36 monthly recodrs,33/36 monthly records
TMP001,2024-09-30,R8,Each facility should have 36 monthly recodrs,27/36 monthly records
XXX999,2023-10-31,R8,Each facility should have 36 monthly recodrs,29/36 monthly records
KAD003,2024-10-31,R8,Each facility should have 36 monthly recodrs,33/36 monthly records
KAD002,2023-06-30,R8,Each facility should have 36 monthly recodrs,35/36 monthly records
CRS003,2024-04-30,R8,Each facility should have 36 monthly recodrs,35/36 monthly records
NAS011,2022-05-31,R8,Each facility should have 36 monthly recodrs,35/36 monthly records
NAS009,2022-09-30,R8,Each facility should have 36 monthly recodrs,34/36 monthly records
LAG009,2023-06-30,R8,Each facility should have 36 monthly recodrs,35/36 monthly records
CRS011,2024-11-30,R8,Each facility should have 36 monthly recodrs,34/36 monthly records
XXX999,2022-12-31,R8,Each facility should have 36 monthly recodrs,29/36 monthly records
NAS001,2023-12-31,R8,Each facility should have 36 monthly recodrs,34/36 monthly records
BEN005,2024-12-01,R8,Each facility should have 36 monthly recodrs,31/36 monthly records
KAD015,2023-02-28,R8,Each facility should have 36 monthly recodrs,35/36 monthly records
KAD008,2022-01-31,R8,Each facility should have 36 monthly recodrs,35/36 monthly records
LAG007,2022-06-30,R8,Each facility should have 36 monthly recodrs,35/36 monthly records
AKS010,2022-02-28,R8,Each facility should have 36 monthly recodrs,34/36 monthly records
BEN013,2024-06-30,R8,Each facility should have 36 monthly recodrs,34/36 monthly records
KAD003,2023-08-31,R8,Each facility should have 36 monthly recodrs,33/36 monthly records
NAS999,2024-05-31,R8,Each facility should have 36 monthly recodrs,27/36 monthly records
BEN006,2022-06-30,R8,Each facility should have 36 monthly recodrs,35/36 monthly records
CRS002,2023-01-01,R8,Each facility should have 36 monthly recodrs,34/36 monthly records
RIV003,2022-09-30,R8,Each facility should have 36 monthly recodrs,33/36 monthly records
KAD011,2024-05-31,R8,Each facility should have 36 monthly recodrs,31/36 monthly records
FCT012,2023-11-30,R8,Each facility should have 36 monthly recodrs,33/36 monthly records
NAS012,2024-11-30,R8,Each facility should have 36 monthly recodrs,34/36 monthly records
AKS003,2024-04-30,R8,Each facility should have 36 monthly recodrs,34/36 monthly records
KAD006,2022-09-30,R8,Each facility should have 36 monthly recodrs,35/36 monthly records
NAS012,2022-07-31,R8,Each facility should have 36 monthly recodrs,34/36 monthly records
FCT013,2023-10-31,R8,Each facility should have 36 monthly recodrs,32/36 monthly records
KAD009,2023-07-31,R8,Each facility should have 36 monthly recodrs,35/36 monthly records
LAG008,2024-07-01,R8,Each facility should have 36 monthly recodrs,34/36 monthly records
BEN008,2023-06-01,R8,Each facility should have 36 monthly recodrs,35/36 monthly records
NAS999,2022-10-31,R8,Each facility should have 36 monthly recodrs,27/36 monthly records
AKS014,2024-04-30,R8,Each facility should have 36 monthly recodrs,34/36 monthly records
NAS015,2023-08-31,R8,Each facility should have 36 monthly recodrs,35/36 monthly records
LAG009,2023-04-30,R8,Each facility should have 36 monthly recodrs,35/36 monthly records
KAD008,2022-04-30,R8,Each facility should have 36 monthly recodrs,35/36 monthly records
NAS009,2023-03-31,R8,Each facility should have 36 monthly recodrs,34/36 monthly records
AKS014,2024-10-31,R8,Each facility should have 36 monthly recodrs,34/36 monthly records
LAG012,2023-02-28,R8,Each facility should have 36 monthly recodrs,34/36 monthly records
NAS009,2023-05-01,R8,Each facility should have 36 monthly recodrs,34/36 monthly records
KAD013,2023-01-31,R8,Each facility should have 36 monthly recodrs,35/36 monthly records
LAG006,2023-11-30,R8,Each facility should have 36 monthly recodrs,35/36 monthly records
KAD002,2022-11-30,R8,Each facility should have 36 monthly recodrs,35/36 monthly records
RIV002,2024-06-30,R8,Each facility should have 36 monthly recodrs,35/36 monthly records
RIV015,2024-08-31,R8,Each facility should have 36 monthly recodrs,33/36 monthly records
CRS014,2024-04-30,R8,Each facility should have 36 monthly recodrs,34/36 monthly records
LAG003,2023-04-30,R8,Each facility should have 36 monthly recodrs,35/36 monthly records
KAD003,2022-08-31,R8,Each facility should have 36 monthly recodrs,33/36 monthly records
BEN014,2023-02-28,R8,Each facility should have 36 monthly recodrs,34/36 monthly records
LAG015,2024-03-31,R8,Each facility should have 36 monthly recodrs,35/36 monthly records
BEN003,2023-10-31,R8,Each facility should have 36 monthly recodrs,34/36 monthly records
AKS005,2024-07-31,R8,Each facility should have 36 monthly recodrs,35/36 monthly records
CRS003,2024-11-30,R8,Each facility should have 36 monthly recodrs,35/36 monthly records
FCT012,2023-07-31,R8,Each facility should have 36 monthly recodrs,33/36 monthly records
CRS008,2024-08-31,R8,Each facility should have 36 monthly recodrs,32/36 monthly records
LAG099,2023-07-31,R8,Each facility should have 36 monthly recodrs,31/36 monthly records
NAS015,2023-11-30,R8,Each facility should have 36 monthly recodrs,35/36 monthly records
CRS007,2024-04-30,R8,Each facility should have 36 monthly recodrs,33/36 monthly records
RIV001,2024-04-30,R8,Each facility should have 36 monthly recodrs,34/36 monthly records
LAG011,2024-06-30,R8,Each facility should have 36 monthly recodrs,35/36 monthly records
NAS015,2023-10-31,R8,Each facility should have 36 monthly recodrs,35/36 monthly records
BEN013,2024-02-29,R8,Each facility should have 36 monthly recodrs,34/36 monthly records
NAS009,2023-12-01,R8,Each facility should have 36 monthly recodrs,34/36 monthly records
NAS007,2022-11-30,R8,Each facility should have 36 monthly recodrs,35/36 monthly records
KAD011,2024-09-30,R8,Each facility should have 36 monthly recodrs,31/36 monthly records
CRS002,2024-01-31,R8,Each facility should have 36 monthly recodrs,34/36 monthly records
NAS012,2022-08-31,R8,Each facility should have 36 monthly recodrs,34/36 monthly records
NAS014,2022-10-31,R8,Each facility should have 36 monthly recodrs,34/36 monthly records
FCT013,2024-09-30,R8,Each facility should have 36 monthly recodrs,32/36 monthly records
RIV003,2022-07-31,R8,Each facility should have 36 monthly recodrs,33/36 monthly records
RIV002,2022-01-31,R8,Each facility should have 36 monthly recodrs,35/36 monthly records
LAG011,2024-05-01,R8,Each facility should have 36 monthly recodrs,35/36 monthly records
RIV004,2022-03-31,R8,Each facility should have 36 monthly recodrs,35/36 monthly records
AKS005,2023-01-31,R8,Each facility should have 36 monthly recodrs,35/36 monthly records
BEN007,2022-08-31,R8,Each facility should have 36 monthly recodrs,34/36 monthly records
CRS002,2022-12-31,R8,Each facility should have 36 monthly recodrs,34/36 monthly records
LAG099,2022-10-31,R8,Each facility should have 36 monthly recodrs,31/36 monthly records
LAG004,2024-02-29,R8,Each facility should have 36 monthly recodrs,34/36 monthly records
AKS009,2022-06-30,R8,Each facility should have 36 monthly recodrs,34/36 monthly records
LAG012,2023-05-31,R8,Each facility should have 36 monthly recodrs,34/36 monthly records
AKS003,2023-12-31,R8,Each facility should have 36 monthly recodrs,34/36 monthly records
BEN013,2022-06-30,R8,Each facility should have 36 monthly recodrs,34/36 monthly records
LAG013,2024-09-30,R8,Each facility should have 36 monthly recodrs,35/36 monthly records
FCT013,2023-11-30,R8,Each facility should have 36 monthly recodrs,32/36 monthly records
BEN013,2022-02-01,R8,Each facility should have 36 monthly recodrs,34/36 monthly records
FCT011,2022-11-01,R8,Each facility should have 36 monthly recodrs,34/36 monthly records
LAG013,2022-10-01,R8,Each facility should have 36 monthly recodrs,35/36 monthly records
NAS006,2024-03-31,R8,Each facility should have 36 monthly recodrs,35/36 monthly records
AKS010,2024-06-30,R8,Each facility should have 36 monthly recodrs,34/36 monthly records
RIV007,2022-04-30,R8,Each facility should have 36 monthly recodrs,35/36 monthly records
CRS008,2024-06-30,R8,Each facility should have 36 monthly recodrs,32/36 monthly records
CRS003,2022-06-30,R8,Each facility should have 36 monthly recodrs,35/36 monthly records
XXX999,2024-10-31,R8,Each facility should have 36 monthly recodrs,29/36 monthly records
FCT006,2024-02-29,R8,Each facility should have 36 monthly recodrs,35/36 monthly records
KAD013,2022-01-31,R8,Each facility should have 36 monthly recodrs,35/36 monthly records
KAD010,2024-05-31,R8,Each facility should have 36 monthly recodrs,34/36 monthly records
BEN015,2022-10-31,R8,Each facility should have 36 monthly recodrs,34/36 monthly records
NAS013,2023-02-28,R8,Each facility should have 36 monthly recodrs,34/36 monthly records
AKS001,2024-06-30,R8,Each facility should have 36 monthly recodrs,33/36 monthly records
CRS004,2023-05-31,R8,Each facility should have 36 monthly recodrs,35/36 monthly records
RIV009,2024-06-30,R8,Each facility should have 36 monthly recodrs,34/36 monthly records
NAS003,2022-12-31,R8,Each facility should have 36 monthly recodrs,35/36 monthly records
AKS005,2024-10-31,R8,Each facility should have 36 monthly recodrs,35/36 monthly records
KAD002,2022-10-31,R8,Each facility should have 36 monthly recodrs,35/36 monthly records
LAG008,2022-09-30,R8,Each facility should have 36 monthly recodrs,34/36 monthly records
TMP001,2024-05-31,R8,Each facility should have 36 monthly recodrs,27/36 monthly records
RIV012,2024-01-01,R8,Each facility should have 36 monthly recodrs,35/36 monthly records
NAS999,2024-12-31,R8,Each facility should have 36 monthly recodrs,27/36 monthly records
AKS003,2022-02-28,R8,Each facility should have 36 monthly recodrs,34/36 monthly records
AKS013,2023-02-28,R8,Each facility should have 36 monthly recodrs,34/36 monthly records
AKS001,2024-07-01,R8,Each facility should have 36 monthly recodrs,33/36 monthly records
CRS010,2024-12-31,R8,Each facility should have 36 monthly recodrs,33/36 monthly records
BEN007,2024-06-30,R8,Each facility should have 36 monthly recodrs,34/36 monthly records
KAD012,2023-02-28,R8,Each facility should have 36 monthly recodrs,34/36 monthly records
RIV015,2022-01-31,R8,Each facility should have 36 monthly recodrs,33/36 monthly records
AKS002,2023-05-31,R8,Each facility should have 36 monthly recodrs,33/36 monthly records
AKS012,2022-07-31,R8,Each facility should have 36 monthly recodrs,34/36 monthly records
LAG010,2023-11-30,R8,Each facility should have 36 monthly recodrs,34/36 monthly records
AKS013,2022-05-31,R8,Each facility should have 36 monthly recodrs,34/36 monthly records
NAS011,2024-08-31,R8,Each facility should have 36 monthly recodrs,35/36 monthly records
CRS004,2024-01-01,R8,Each facility should have 36 monthly recodrs,35/36 monthly records
CRS004,2023-08-31,R8,Each facility should have 36 monthly recodrs,35/36 monthly records
RIV001,2024-01-31,R8,Each facility should have 36 monthly recodrs,34/36 monthly records
NAS004,2022-04-30,R8,Each facility should have 36 monthly recodrs,35/36 monthly records
FCT006,2022-11-30,R8,Each facility should have 36 monthly recodrs,35/36 monthly records
AKS001,2024-03-31,R8,Each facility should have 36 monthly recodrs,33/36 monthly records
BEN015,2023-02-01,R8,Each facility should have 36 monthly recodrs,34/36 monthly records
AKS013,2023-07-31,R8,Each facility should have 36 monthly recodrs,34/36 monthly records
FCT009,2023-05-31,R8,Each facility should have 36 monthly recodrs,35/36 monthly records
LAG003,2023-06-30,R8,Each facility should have 36 monthly recodrs,35/36 monthly records
FCT001,2023-07-31,R8,Each facility should have 36 monthly recodrs,33/36 monthly records
FCT011,2022-05-31,R8,Each facility should have 36 monthly recodrs,34/36 monthly records
KAD006,2023-02-01,R8,Each facility should have 36 monthly recodrs,35/36 monthly records
BEN003,2022-06-30,R8,Each facility should have 36 monthly recodrs,34/36 monthly records
AKS009,2024-10-31,R8,Each facility should have 36 monthly recodrs,34/36 monthly records
KAD007,2023-02-28,R8,Each facility should have 36 monthly recodrs,35/36 monthly records
RIV004,2022-08-31,R8,Each facility should have 36 monthly recodrs,35/36 monthly records
RIV012,2024-02-29,R8,Each facility should have 36 monthly recodrs,35/36 monthly records
NAS015,2024-04-30,R8,Each facility should have 36 monthly recodrs,35/36 monthly records
LAG003,2023-03-01,R8,Each facility should have 36 monthly recodrs,35/36 monthly records
KAD010,2023-07-31,R8,Each facility should have 36 monthly recodrs,34/36 monthly records
KAD009,2024-06-30,R8,Each facility should have 36 monthly recodrs,35/36 monthly records
NAS999,2023-12-31,R8,Each facility should have 36 monthly recodrs,27/36 monthly records
BEN004,2022-05-31,R8,Each facility should have 36 monthly recodrs,31/36 monthly records
AKS004,2023-03-31,R8,Each facility should have 36 monthly recodrs,35/36 monthly records
CRS003,2024-06-30,R8,Each facility should have 36 monthly recodrs,35/36 monthly records
AKS002,2022-09-30,R8,Each facility should have 36 monthly recodrs,33/36 monthly records
AKS009,2022-02-01,R8,Each facility should have 36 monthly recodrs,34/36 monthly records
KAD010,2022-09-01,R8,Each facility should have 36 monthly recodrs,34/36 monthly records
BEN004,2022-01-01,R8,Each facility should have 36 monthly recodrs,31/36 monthly records
AKS010,2024-07-31,R8,Each facility should have 36 monthly recodrs,34/36 monthly records
LAG006,2023-01-31,R8,Each facility should have 36 monthly recodrs,35/36 monthly records
NAS006,2022-03-01,R8,Each facility should have 36 monthly recodrs,35/36 monthly records
BEN015,2023-09-30,R8,Each facility should have 36 monthly recodrs,34/36 monthly records
FCT004,2023-08-31,R8,Each facility should have 36 monthly recodrs,35/36 monthly records
NAS003,2024-05-31,R8,Each facility should have 36 monthly recodrs,35/36 monthly records
NAS999,2022-02-01,R8,Each facility should have 36 monthly recodrs,27/36 monthly records
AKS015,2024-07-31,R8,Each facility should have 36 monthly recodrs,34/36 monthly records
NAS015,2024-09-30,R8,Each facility should have 36 monthly recodrs,35/36 monthly records
LAG013,2023-08-31,R8,Each facility should have 36 monthly recodrs,35/36 monthly records
BEN013,2024-05-31,R8,Each facility should have 36 monthly recodrs,34/36 monthly records
LAG099,2023-12-01,R8,Each facility should have 36 monthly recodrs,31/36 monthly records
KAD005,2024-02-29,R8,Each facility should have 36 monthly recodrs,34/36 monthly records
AKS008,2022-05-31,R8,Each facility should have 36 monthly recodrs,33/36 monthly records
CRS004,2024-03-31,R8,Each facility should have 36 monthly recodrs,35/36 monthly records
LAG015,2024-05-31,R8,Each facility should have 36 monthly recodrs,35/36 monthly records
BEN015,2024-07-31,R8,Each facility should have 36 monthly recodrs,34/36 monthly records
FCT013,2023-08-31,R8,Each facility should have 36 monthly recodrs,32/36 monthly records
RIV003,2024-12-01,R8,Each facility should have 36 monthly recodrs,33/36 monthly records
FCT004,2023-01-31,R8,Each facility should have 36 monthly recodrs,35/36 monthly records
NAS010,2022-09-30,R8,Each facility should have 36 monthly recodrs,35/36 monthly records
AKS009,2022-04-30,R8,Each facility should have 36 monthly recodrs,34/36 monthly records
XXX999,2023-11-30,R8,Each facility should have 36 monthly recodrs,29/36 monthly records
BEN005,2023-02-28,R8,Each facility should have 36 monthly recodrs,31/36 monthly records
LAG006,2024-10-31,R8,Each facility should have 36 monthly recodrs,35/36 monthly records
FCT006,2023-10-31,R8,Each facility should have 36 monthly recodrs,35/36 monthly records
KAD003,2024-07-31,R8,Each facility should have 36 monthly recodrs,33/36 monthly records
LAG007,2024-07-31,R8,Each facility should have 36 monthly recodrs,35/36 monthly records
FCT009,2022-08-31,R8,Each facility should have 36 monthly recodrs,35/36 monthly records
AKS008,2022-12-31,R8,Each facility should have 36 monthly recodrs,33/36 monthly records
NAS999,2022-02-28,R8,Each facility should have 36 monthly recodrs,27/36 monthly records
CRS003,2022-07-31,R8,Each facility should have 36 monthly recodrs,35/36 monthly records
FCT006,2022-10-31,R8,Each facility should have 36 monthly recodrs,35/36 monthly records
RIV006,2023-02-28,R8,Each facility should have 36 monthly recodrs,35/36 monthly records
AKS002,2023-09-30,R8,Each facility should have 36 monthly recodrs,33/36 monthly records
FCT013,2024-08-31,R8,Each facility should have 36 monthly recodrs,32/36 monthly records
FCT005,2023-12-31,R8,Each facility should have 36 monthly recodrs,35/36 monthly records
FCT004,2022-05-31,R8,Each facility should have 36 monthly recodrs,35/36 monthly records
RIV004,2024-09-30,R8,Each facility should have 36 monthly recodrs,35/36 monthly records
BEN005,2022-12-31,R8,Each facility should have 36 monthly recodrs,31/36 monthly records
NAS999,2023-07-31,R8,Each facility should have 36 monthly recodrs,27/36 monthly records
BEN007,2022-01-01,R8,Each facility should have 36 monthly recodrs,34/36 monthly records
RIV008,2023-06-30,R8,Each facility should have 36 monthly recodrs,34/36 monthly records
BEN015,2024-06-30,R8,Each facility should have 36 monthly recodrs,34/36 monthly records
LAG004,2024-04-01,R8,Each facility should have 36 monthly recodrs,34/36 monthly records
NAS011,2022-12-31,R8,Each facility should have 36 monthly recodrs,35/36 monthly records
RIV004,2024-11-30,R8,Each facility should have 36 monthly recodrs,35/36 monthly records
NAS011,2023-07-01,R8,Each facility should have 36 monthly recodrs,35/36 monthly records
KAD001,2024-09-30,R8,Each facility should have 36 monthly recodrs,33/36 monthly records
FCT008,2024-08-31,R8,Each facility should have 36 monthly recodrs,34/36 monthly records
BEN006,2022-05-31,R8,Each facility should have 36 monthly recodrs,35/36 monthly records
AKS004,2022-06-30,R8,Each facility should have 36 monthly recodrs,35/36 monthly records
KAD004,2024-03-31,R8,Each facility should have 36 monthly recodrs,35/36 monthly records
AKS008,2024-11-30,R8,Each facility should have 36 monthly recodrs,33/36 monthly records
BEN004,2024-05-31,R8,Each facility should have 36 monthly recodrs,31/36 monthly records
BEN006,2023-01-31,R8,Each facility should have 36 monthly recodrs,35/36 monthly records
BEN007,2022-11-30,R8,Each facility should have 36 monthly recodrs,34/36 monthly records
AKS001,2023-01-31,R8,Each facility should have 36 monthly recodrs,33/36 monthly records
KAD006,2022-12-31,R8,Each facility should have 36 monthly recodrs,35/36 monthly records
AKS009,2024-11-30,R8,Each facility should have 36 monthly recodrs,34/36 monthly records
RIV008,2023-02-28,R8,Each facility should have 36 monthly recodrs,34/36 monthly records
KAD010,2022-06-30,R8,Each facility should have 36 monthly recodrs,34/36 monthly records
RIV014,2023-08-31,R8,Each facility should have 36 monthly recodrs,35/36 monthly records
CRS004,2022-06-30,R8,Each facility should have 36 monthly recodrs,35/36 monthly records
BEN011,2022-01-31,R8,Each facility should have 36 monthly recodrs,35/36 monthly records
RIV006,2023-05-31,R8,Each facility should have 36 monthly recodrs,35/36 monthly records
CRS009,2023-01-31,R8,Each facility should have 36 monthly recodrs,35/36 monthly records
KAD013,2024-06-30,R8,Each facility should have 36 monthly recodrs,35/36 monthly records
LAG099,2024-07-01,R8,Each facility should have 36 monthly recodrs,31/36 monthly records
FCT001,2023-09-30,R8,Each facility should have 36 monthly recodrs,33/36 monthly records
FCT013,2022-09-30,R8,Each facility should have 36 monthly recodrs,32/36 monthly records
LAG009,2022-01-31,R8,Each facility should have 36 monthly recodrs,35/36 monthly records
CRS009,2023-02-28,R8,Each facility should have 36 monthly recodrs,35/36 monthly records
LAG001,2024-08-31,R8,Each facility should have 36 monthly recodrs,32/36 monthly records
RIV015,2024-01-31,R8,Each facility should have 36 monthly recodrs,33/36 monthly records
BEN006,2023-08-31,R8,Each facility should have 36 monthly recodrs,35/36 monthly records
KAD008,2023-05-31,R8,Each facility should have 36 monthly recodrs,35/36 monthly records
CRS014,2024-06-30,R8,Each facility should have 36 monthly recodrs,34/36 monthly records
CRS007,2023-06-01,R8,Each facility should have 36 monthly recodrs,33/36 monthly records
KAD011,2023-02-28,R8,Each facility should have 36 monthly recodrs,31/36 monthly records
NAS015,2023-04-01,R8,Each facility should have 36 monthly recodrs,35/36 monthly records
KAD013,2022-03-31,R8,Each facility should have 36 monthly recodrs,35/36 monthly records
RIV005,2022-07-31,R8,Each facility should have 36 monthly recodrs,34/36 monthly records
BEN007,2022-04-30,R8,Each facility should have 36 monthly recodrs,34/36 monthly records
NAS014,2023-04-01,R8,Each facility should have 36 monthly recodrs,34/36 monthly records
BEN015,2022-11-30,R8,Each facility should have 36 monthly recodrs,34/36 monthly records
LAG010,2024-09-30,R8,Each facility should have 36 monthly recodrs,34/36 monthly records
FCT004,2024-06-30,R8,Each facility should have 36 monthly recodrs,35/36 monthly records
NAS014,2023-02-28,R8,Each facility should have 36 monthly recodrs,34/36 monthly records
CRS011,2023-12-31,R8,Each facility should have 36 monthly recodrs,34/36 monthly records
KAD006,2024-04-30,R8,Each facility should have 36 monthly recodrs,35/36 monthly records
KAD005,2023-09-30,R8,Each facility should have 36 monthly recodrs,34/36 monthly records
XXX999,2023-09-30,R8,Each facility should have 36 monthly recodrs,29/36 monthly records
NAS012,2023-11-30,R8,Each facility should have 36 monthly recodrs,34/36 monthly records
BEN015,2022-09-30,R8,Each facility should have 36 monthly recodrs,34/36 monthly records
LAG002,2024-07-01,R8,Each facility should have 36 monthly recodrs,35/36 monthly records
RIV004,2023-06-30,R8,Each facility should have 36 monthly recodrs,35/36 monthly records
KAD011,2023-07-31,R8,Each facility should have 36 monthly recodrs,31/36 monthly records
RIV014,2022-10-31,R8,Each facility should have 36 monthly recodrs,35/36 monthly records
CRS011,2024-08-01,R8,Each facility should have 36 monthly recodrs,34/36 monthly records
BEN006,2022-08-31,R8,Each facility should have 36 monthly recodrs,35/36 monthly records
BEN009,2024-04-30,R8,Each facility should have 36 monthly recodrs,33/36 monthly records
KAD010,2022-07-31,R8,Each facility should have 36 monthly recodrs,34/36 monthly records
AKS008,2023-03-31,R8,Each facility should have 36 monthly recodrs,33/36 monthly records
AKS002,2024-04-30,R8,Each facility should have 36 monthly recodrs,33/36 monthly records
FCT001,2022-12-31,R8,Each facility should have 36 monthly recodrs,33/36 monthly records
BEN003,2024-05-31,R8,Each facility should have 36 monthly recodrs,34/36 monthly records
FCT014,2023-01-31,R8,Each facility should have 36 monthly recodrs,35/36 monthly records
KAD010,2023-11-30,R8,Each facility should have 36 monthly recodrs,34/36 monthly records
LAG099,2024-08-31,R8,Each facility should have 36 monthly recodrs,31/36 monthly records
AKS015,2022-05-31,R8,Each facility should have 36 monthly recodrs,34/36 monthly records
FCT006,2023-04-30,R8,Each facility should have 36 monthly recodrs,35/36 monthly records
BEN003,2024-04-01,R8,Each facility should have 36 monthly recodrs,34/36 monthly records
RIV015,2023-02-01,R8,Each facility should have 36 monthly recodrs,33/36 monthly records
RIV011,2022-09-30,R8,Each facility should have 36 monthly recodrs,33/36 monthly records
NAS015,2024-01-31,R8,Each facility should have 36 monthly recodrs,35/36 monthly records
LAG008,2024-05-01,R8,Each facility should have 36 monthly recodrs,34/36 monthly records
AKS010,2024-11-30,R8,Each facility should have 36 monthly recodrs,34/36 monthly records
AKS009,2022-12-31,R8,Each facility should have 36 monthly recodrs,34/36 monthly records
RIV013,2024-08-31,R8,Each facility should have 36 monthly recodrs,35/36 monthly records
LAG003,2024-10-31,R8,Each facility should have 36 monthly recodrs,35/36 monthly records
RIV007,2022-06-01,R8,Each facility should have 36 monthly recodrs,35/36 monthly records
BEN007,2023-10-31,R8,Each facility should have 36 monthly recodrs,34/36 monthly records
BEN006,2022-02-28,R8,Each facility should have 36 monthly recodrs,35/36 monthly records
FCT011,2022-10-31,R8,Each facility should have 36 monthly recodrs,34/36 monthly records
KAD008,2023-03-31,R8,Each facility should have 36 monthly recodrs,35/36 monthly records
BEN015,2022-01-31,R8,Each facility should have 36 monthly recodrs,34/36 monthly records
NAS015,2023-03-31,R8,Each facility should have 36 monthly recodrs,35/36 monthly records
AKS004,2022-01-31,R8,Each facility should have 36 monthly recodrs,35/36 monthly records
LAG001,2022-08-31,R8,Each facility should have 36 monthly recodrs,32/36 monthly records
BEN003,2023-12-31,R8,Each facility should have 36 monthly recodrs,34/36 monthly records
AKS002,2023-11-30,R8,Each facility should have 36 monthly recodrs,33/36 monthly records
AKS003,2022-05-31,R8,Each facility should have 36 monthly recodrs,34/36 monthly records
CRS011,2022-12-31,R8,Each facility should have 36 monthly recodrs,34/36 monthly records
AKS011,2022-09-30,R8,Each facility should have 36 monthly recodrs,34/36 monthly records
FCT011,2024-11-30,R8,Each facility should have 36 monthly recodrs,34/36 monthly records
RIV007,2024-06-30,R8,Each facility should have 36 monthly recodrs,35/36 monthly records
BEN008,2022-07-31,R8,Each facility should have 36 monthly recodrs,35/36 monthly records
BEN006,2022-09-01,R8,Each facility should have 36 monthly recodrs,35/36 monthly records
BEN008,2024-05-31,R8,Each facility should have 36 monthly recodrs,35/36 monthly records
KAD003,2022-03-01,R8,Each facility should have 36 monthly recodrs,33/36 monthly records
NAS006,2024-09-30,R8,Each facility should have 36 monthly recodrs,35/36 monthly records
LAG015,2023-07-01,R8,Each facility should have 36 monthly recodrs,35/36 monthly records
KAD005,2023-05-31,R8,Each facility should have 36 monthly recodrs,34/36 monthly records
TMP001,2022-11-30,R8,Each facility should have 36 monthly recodrs,27/36 monthly records
AKS004,2023-05-31,R8,Each facility should have 36 monthly recodrs,35/36 monthly records
KAD001,2022-02-28,R8,Each facility should have 36 monthly recodrs,33/36 monthly records
NAS015,2024-06-30,R8,Each facility should have 36 monthly recodrs,35/36 monthly records
NAS001,2024-02-29,R8,Each facility should have 36 monthly recodrs,34/36 monthly records
LAG007,2023-01-01,R8,Each facility should have 36 monthly recodrs,35/36 monthly records
AKS013,2022-11-30,R8,Each facility should have 36 monthly recodrs,34/36 monthly records
NAS012,2023-06-30,R8,Each facility should have 36 monthly recodrs,34/36 monthly records
KAD013,2022-11-30,R8,Each facility should have 36 monthly recodrs,35/36 monthly records
AKS010,2022-01-31,R8,Each facility should have 36 monthly recodrs,34/36 monthly records
BEN004,2024-02-29,R8,Each facility should have 36 monthly recodrs,31/36 monthly records
BEN004,2023-01-31,R8,Each facility should have 36 monthly recodrs,31/36 monthly records
CRS011,2024-01-31,R8,Each facility should have 36 monthly recodrs,34/36 monthly records
KAD005,2022-01-31,R8,Each facility should have 36 monthly recodrs,34/36 monthly records
RIV013,2024-11-30,R8,Each facility should have 36 monthly recodrs,35/36 monthly records
KAD011,2022-10-31,R8,Each facility should have 36 monthly recodrs,31/36 monthly records
BEN005,2024-10-31,R8,Each facility should have 36 monthly recodrs,31/36 monthly records
LAG099,2023-03-31,R8,Each facility should have 36 monthly recodrs,31/36 monthly records
LAG006,2022-05-31,R8,Each facility should have 36 monthly recodrs,35/36 monthly records
AKS001,2022-07-31,R8,Each facility should have 36 monthly recodrs,33/36 monthly records
RIV011,2024-09-30,R8,Each facility should have 36 monthly recodrs,33/36 monthly records
AKS013,2022-08-31,R8,Each facility should have 36 monthly recodrs,34/36 monthly records
LAG009,2022-12-31,R8,Each facility should have 36 monthly recodrs,35/36 monthly records
NAS009,2024-05-31,R8,Each facility should have 36 monthly recodrs,34/36 monthly records
BEN009,2023-03-01,R8,Each facility should have 36 monthly recodrs,33/36 monthly records
CRS011,2024-12-31,R8,Each facility should have 36 monthly recodrs,34/36 monthly records
LAG010,2024-10-31,R8,Each facility should have 36 monthly recodrs,34/36 monthly records
NAS015,2022-05-31,R8,Each facility should have 36 monthly recodrs,35/36 monthly records
NAS004,2024-01-31,R8,Each facility should have 36 monthly recodrs,35/36 monthly records
NAS015,2023-05-31,R8,Each facility should have 36 monthly recodrs,35/36 monthly records
FCT006,2023-12-01,R8,Each facility should have 36 monthly recodrs,35/36 monthly records
BEN003,2023-07-31,R8,Each facility should have 36 monthly recodrs,34/36 monthly records
LAG009,2022-02-28,R8,Each facility should have 36 monthly recodrs,35/36 monthly records
NAS005,2023-12-31,R8,Each facility should have 36 monthly recodrs,32/36 monthly records
RIV001,2024-10-31,R8,Each facility should have 36 monthly recodrs,34/36 monthly records
FCT001,2023-10-31,R8,Each facility should have 36 monthly recodrs,33/36 monthly records
AKS012,2023-11-30,R8,Each facility should have 36 monthly recodrs,34/36 monthly records
CRS007,2023-09-30,R8,Each facility should have 36 monthly recodrs,33/36 monthly records
AKS008,2022-06-30,R8,Each facility should have 36 monthly recodrs,33/36 monthly records
AKS009,2022-08-31,R8,Each facility should have 36 monthly recodrs,34/36 monthly records
KAD001,2022-09-30,R8,Each facility should have 36 monthly recodrs,33/36 monthly records
CRS010,2023-02-28,R8,Each facility should have 36 monthly recodrs,33/36 monthly records
TMP001,2023-07-31,R8,Each facility should have 36 monthly recodrs,27/36 monthly records
KAD005,2022-04-30,R8,Each facility should have 36 monthly recodrs,34/36 monthly records
RIV005,2024-05-31,R8,Each facility should have 36 monthly recodrs,34/36 monthly records
LAG002,2023-02-28,R8,Each facility should have 36 monthly recodrs,35/36 monthly records
LAG008,2024-03-31,R8,Each facility should have 36 monthly recodrs,34/36 monthly records
BEN008,2023-05-01,R8,Each facility should have 36 monthly recodrs,35/36 monthly records
NAS003,2024-11-30,R8,Each facility should have 36 monthly recodrs,35/36 monthly records
AKS013,2023-06-30,R8,Each facility should have 36 monthly recodrs,34/36 monthly records
LAG003,2024-12-31,R8,Each facility should have 36 monthly recodrs,35/36 monthly records
RIV012,2023-11-30,R8,Each facility should have 36 monthly recodrs,35/36 monthly records
LAG004,2024-11-30,R8,Each facility should have 36 monthly recodrs,34/36 monthly records
RIV004,2022-07-31,R8,Each facility should have 36 monthly recodrs,35/36 monthly records
LAG007,2022-09-30,R8,Each facility should have 36 monthly recodrs,35/36 monthly records
LAG002,2023-09-30,R8,Each facility should have 36 monthly recodrs,35/36 monthly records
LAG015,2024-11-30,R8,Each facility should have 36 monthly recodrs,35/36 monthly records
NAS014,2023-11-30,R8,Each facility should have 36 monthly recodrs,34/36 monthly records
AKS012,2023-04-30,R8,Each facility should have 36 monthly recodrs,34/36 monthly records
BEN011,2024-02-29,R8,Each facility should have 36 monthly recodrs,35/36 monthly records
KAD009,2024-05-01,R8,Each facility should have 36 monthly recodrs,35/36 monthly records
CRS004,2024-04-30,R8,Each facility should have 36 monthly recodrs,35/36 monthly records
KAD013,2022-05-31,R8,Each facility should have 36 monthly recodrs,35/36 monthly records
RIV005,2023-05-31,R8,Each facility should have 36 monthly recodrs,34/36 monthly records
KAD012,2023-01-31,R8,Each facility should have 36 monthly recodrs,34/36 monthly records
AKS012,2024-11-30,R8,Each facility should have 36 monthly recodrs,34/36 monthly records
FCT004,2024-01-31,R8,Each facility should have 36 monthly recodrs,35/36 monthly records
NAS001,2022-11-01,R8,Each facility should have 36 monthly recodrs,34/36 monthly records
BEN003,2024-01-31,R8,Each facility should have 36 monthly recodrs,34/36 monthly records
LAG009,2023-03-01,R8,Each facility should have 36 monthly recodrs,35/36 monthly records
BEN006,2024-02-01,R8,Each facility should have 36 monthly recodrs,35/36 monthly records
AKS003,2024-07-01,R8,Each facility should have 36 monthly recodrs,34/36 monthly records
LAG099,2023-08-31,R8,Each facility should have 36 monthly recodrs,31/36 monthly records
BEN014,2022-09-30,R8,Each facility should have 36 monthly recodrs,34/36 monthly records
RIV012,2022-09-30,R8,Each facility should have 36 monthly recodrs,35/36 monthly records
LAG015,2024-10-31,R8,Each facility should have 36 monthly recodrs,35/36 monthly records
FCT012,2024-09-30,R8,Each facility should have 36 monthly recodrs,33/36 monthly records
FCT009,2024-11-30,R8,Each facility should have 36 monthly recodrs,35/36 monthly records
KAD015,2023-10-31,R8,Each facility should have 36 monthly recodrs,35/36 monthly records
NAS999,2024-06-30,R8,Each facility should have 36 monthly recodrs,27/36 monthly records
FCT009,2023-01-01,R8,Each facility should have 36 monthly recodrs,35/36 monthly records
LAG011,2023-05-31,R8,Each facility should have 36 monthly recodrs,35/36 monthly records
RIV015,2023-09-30,R8,Each facility should have 36 monthly recodrs,33/36 monthly records
RIV008,2024-03-31,R8,Each facility should have 36 monthly recodrs,34/36 monthly records
NAS004,2022-11-30,R8,Each facility should have 36 monthly recodrs,35/36 monthly records
FCT008,2024-10-31,R8,Each facility should have 36 monthly recodrs,34/36 monthly records
RIV008,2024-01-31,R8,Each facility should have 36 monthly recodrs,34/36 monthly records
CRS011,2022-08-31,R8,Each facility should have 36 monthly recodrs,34/36 monthly records
AKS011,2023-10-31,R8,Each facility should have 36 monthly recodrs,34/36 monthly records
CRS011,2024-07-31,R8,Each facility should have 36 monthly recodrs,34/36 monthly records
CRS008,2024-02-29,R8,Each facility should have 36 monthly recodrs,32/36 monthly records
LAG015,2024-01-31,R8,Each facility should have 36 monthly recodrs,35/36 monthly records
LAG002,2022-01-31,R8,Each facility should have 36 monthly recodrs,35/36 monthly records
XXX999,2022-05-31,R8,Each facility should have 36 monthly recodrs,29/36 monthly records
CRS007,2022-12-31,R8,Each facility should have 36 monthly recodrs,33/36 monthly records
RIV001,2023-03-31,R8,Each facility should have 36 monthly recodrs,34/36 monthly records
BEN003,2022-08-01,R8,Each facility should have 36 monthly recodrs,34/36 monthly records
FCT009,2023-10-31,R8,Each facility should have 36 monthly recodrs,35/36 monthly records
LAG001,2023-05-31,R8,Each facility should have 36 monthly recodrs,32/36 monthly records
NAS005,2024-09-30,R8,Each facility should have 36 monthly recodrs,32/36 monthly records
RIV006,2024-05-31,R8,Each facility should have 36 monthly recodrs,35/36 monthly records
RIV006,2024-09-01,R8,Each facility should have 36 monthly recodrs,35/36 monthly records
CRS010,2023-01-31,R8,Each facility should have 36 monthly recodrs,33/36 monthly records
NAS007,2024-10-01,R8,Each facility should have 36 monthly recodrs,35/36 monthly records
NAS005,2023-11-30,R8,Each facility should have 36 monthly recodrs,32/36 monthly records
RIV006,2022-10-31,R8,Each facility should have 36 monthly recodrs,35/36 monthly records
BEN011,2024-06-30,R8,Each facility should have 36 monthly recodrs,35/36 monthly records
NAS011,2022-07-31,R8,Each facility should have 36 monthly recodrs,35/36 monthly records
BEN013,2024-08-31,R8,Each facility should have 36 monthly recodrs,34/36 monthly records
CRS002,2022-11-30,R8,Each facility should have 36 monthly recodrs,34/36 monthly records
AKS010,2023-11-30,R8,Each facility should have 36 monthly recodrs,34/36 monthly records
NAS010,2023-08-31,R8,Each facility should have 36 monthly recodrs,35/36 monthly records
NAS010,2024-06-30,R8,Each facility should have 36 monthly recodrs,35/36 monthly records
RIV002,2022-03-01,R8,Each facility should have 36 monthly recodrs,35/36 monthly records
NAS005,2022-05-31,R8,Each facility should have 36 monthly recodrs,32/36 monthly records
LAG009,2023-11-30,R8,Each facility should have 36 monthly recodrs,35/36 monthly records
NAS009,2022-07-31,R8,Each facility should have 36 monthly recodrs,34/36 monthly records
LAG004,2023-01-31,R8,Each facility should have 36 monthly recodrs,34/36 monthly records
AKS005,2024-11-30,R8,Each facility should have 36 monthly recodrs,35/36 monthly records
KAD002,2022-12-31,R8,Each facility should have 36 monthly recodrs,35/36 monthly records
LAG010,2024-01-31,R8,Each facility should have 36 monthly recodrs,34/36 monthly records
FCT013,2022-04-30,R8,Each facility should have 36 monthly recodrs,32/36 monthly records
RIV002,2024-05-31,R8,Each facility should have 36 monthly recodrs,35/36 monthly records
KAD003,2022-11-01,R8,Each facility should have 36 monthly recodrs,33/36 monthly records
AKS001,2024-02-29,R8,Each facility should have 36 monthly recodrs,33/36 monthly records
RIV004,2022-11-30,R8,Each facility should have 36 monthly recodrs,35/36 monthly records
FCT013,2022-11-30,R8,Each facility should have 36 monthly recodrs,32/36 monthly records
BEN011,2023-10-01,R8,Each facility should have 36 monthly recodrs,35/36 monthly records
AKS005,2024-06-30,R8,Each facility should have 36 monthly recodrs,35/36 monthly records
AKS010,2022-08-01,R8,Each facility should have 36 monthly recodrs,34/36 monthly records
AKS010,2023-07-31,R8,Each facility should have 36 monthly recodrs,34/36 monthly records
LAG010,2023-01-31,R8,Each facility should have 36 monthly recodrs,34/36 monthly records
AKS014,2022-12-31,R8,Each facility should have 36 monthly recodrs,34/36 monthly records
RIV006,2022-08-31,R8,Each facility should have 36 monthly recodrs,35/36 monthly records
NAS003,2024-07-31,R8,Each facility should have 36 monthly recodrs,35/36 monthly records
RIV013,2022-05-31,R8,Each facility should have 36 monthly recodrs,35/36 monthly records
BEN006,2023-03-01,R8,Each facility should have 36 monthly recodrs,35/36 monthly records
CRS009,2024-02-29,R8,Each facility should have 36 monthly recodrs,35/36 monthly records
FCT005,2024-02-29,R8,Each facility should have 36 monthly recodrs,35/36 monthly records
LAG003,2024-10-31,R8,Each facility should have 36 monthly recodrs,35/36 monthly records
BEN011,2024-08-31,R8,Each facility should have 36 monthly recodrs,35/36 monthly records
FCT014,2022-07-31,R8,Each facility should have 36 monthly recodrs,35/36 monthly records
LAG006,2022-12-31,R8,Each facility should have 36 monthly recodrs,35/36 monthly records
KAD004,2023-05-31,R8,Each facility should have 36 monthly recodrs,35/36 monthly records
KAD005,2023-07-31,R8,Each facility should have 36 monthly recodrs,34/36 monthly records
BEN006,2023-11-30,R8,Each facility should have 36 monthly recodrs,35/36 monthly records
NAS010,2022-05-31,R8,Each facility should have 36 monthly recodrs,35/36 monthly records
KAD011,2023-01-01,R8,Each facility should have 36 monthly recodrs,31/36 monthly records
AKS002,2024-08-31,R8,Each facility should have 36 monthly recodrs,33/36 monthly records
LAG006,2024-12-31,R8,Each facility should have 36 monthly recodrs,35/36 monthly records
CRS004,2022-10-31,R8,Each facility should have 36 monthly recodrs,35/36 monthly records
NAS005,2022-06-30,R8,Each facility should have 36 monthly recodrs,32/36 monthly records
BEN014,2024-05-31,R8,Each facility should have 36 monthly recodrs,34/36 monthly records
AKS003,2023-05-31,R8,Each facility should have 36 monthly recodrs,34/36 monthly records
KAD002,2024-09-01,R8,Each facility should have 36 monthly recodrs,35/36 monthly records
CRS008,2023-07-31,R8,Each facility should have 36 monthly recodrs,32/36 monthly records
LAG013,2023-04-30,R8,Each facility should have 36 monthly recodrs,35/36 monthly records
CRS007,2023-11-30,R8,Each facility should have 36 monthly recodrs,33/36 monthly records
BEN008,2024-11-30,R8,Each facility should have 36 monthly recodrs,35/36 monthly records
NAS006,2022-10-31,R8,Each facility should have 36 monthly recodrs,35/36 monthly records
NAS015,2024-07-31,R8,Each facility should have 36 monthly recodrs,35/36 monthly records
FCT006,2022-04-30,R8,Each facility should have 36 monthly recodrs,35/36 monthly records
AKS012,2022-02-01,R8,Each facility should have 36 monthly recodrs,34/36 monthly records
FCT004,2022-11-30,R8,Each facility should have 36 monthly recodrs,35/36 monthly records
XXX999,2024-07-01,R8,Each facility should have 36 monthly recodrs,29/36 monthly records
KAD013,2023-12-01,R8,Each facility should have 36 monthly recodrs,35/36 monthly records
LAG012,2023-01-31,R8,Each facility should have 36 monthly recodrs,34/36 monthly records
RIV013,2022-08-31,R8,Each facility should have 36 monthly recodrs,35/36 monthly records
AKS008,2024-08-31,R8,Each facility should have 36 monthly recodrs,33/36 monthly records
BEN007,2022-07-31,R8,Each facility should have 36 monthly recodrs,34/36 monthly records
NAS009,2022-02-28,R8,Each facility should have 36 monthly recodrs,34/36 monthly records
NAS009,2024-04-30,R8,Each facility should have 36 monthly recodrs,34/36 monthly records
LAG006,2024-03-31,R8,Each facility should have 36 monthly recodrs,35/36 monthly records
RIV003,2022-02-28,R8,Each facility should have 36 monthly recodrs,33/36 monthly records
CRS004,2023-06-01,R8,Each facility should have 36 monthly recodrs,35/36 monthly records
KAD004,2022-12-31,R8,Each facility should have 36 monthly recodrs,35/36 monthly records
LAG010,2023-10-01,R8,Each facility should have 36 monthly recodrs,34/36 monthly records
AKS012,2024-04-30,R8,Each facility should have 36 monthly recodrs,34/36 monthly records
CRS010,2023-06-30,R8,Each facility should have 36 monthly recodrs,33/36 monthly records
KAD012,2024-08-31,R8,Each facility should have 36 monthly recodrs,34/36 monthly records
KAD009,2022-11-30,R8,Each facility should have 36 monthly recodrs,35/36 monthly records
RIV009,2022-12-31,R8,Each facility should have 36 monthly recodrs,34/36 monthly records
AKS014,2024-09-30,R8,Each facility should have 36 monthly recodrs,34/36 monthly records
BEN015,2024-12-31,R8,Each facility should have 36 monthly recodrs,34/36 monthly records
BEN014,2023-09-30,R8,Each facility should have 36 monthly recodrs,34/36 monthly records
RIV001,2022-10-31,R8,Each facility should have 36 monthly recodrs,34/36 monthly records
LAG099,2023-06-30,R8,Each facility should have 36 monthly recodrs,31/36 monthly records
CRS009,2023-07-31,R8,Each facility should have 36 monthly recodrs,35/36 monthly records
KAD009,2024-04-30,R8,Each facility should have 36 monthly recodrs,35/36 monthly records
FCT012,2022-03-31,R8,Each facility should have 36 monthly recodrs,33/36 monthly records
FCT011,2023-06-30,R8,Each facility should have 36 monthly recodrs,34/36 monthly records
KAD007,2022-11-30,R8,Each facility should have 36 monthly recodrs,35/36 monthly records
KAD015,2023-12-31,R8,Each facility should have 36 monthly recodrs,35/36 monthly records
RIV012,2023-01-31,R8,Each facility should have 36 monthly recodrs,35/36 monthly records
BEN014,2023-08-31,R8,Each facility should have 36 monthly recodrs,34/36 monthly records
AKS015,2024-05-31,R8,Each facility should have 36 monthly recodrs,34/36 monthly records
NAS999,2024-12-31,R8,Each facility should have 36 monthly recodrs,27/36 monthly records
KAD010,2022-08-31,R8,Each facility should have 36 monthly recodrs,34/36 monthly records
LAG009,2023-08-31,R8,Each facility should have 36 monthly recodrs,35/36 monthly records
NAS012,2022-09-30,R8,Each facility should have 36 monthly recodrs,34/36 monthly records
NAS010,2022-10-31,R8,Each facility should have 36 monthly recodrs,35/36 monthly records
RIV003,2024-04-30,R8,Each facility should have 36 monthly recodrs,33/36 monthly records
NAS014,2024-06-30,R8,Each facility should have 36 monthly recodrs,34/36 monthly records
AKS001,2022-01-31,R8,Each facility should have 36 monthly recodrs,33/36 monthly records
KAD002,2022-01-31,R8,Each facility should have 36 monthly recodrs,35/36 monthly records
LAG010,2023-03-31,R8,Each facility should have 36 monthly recodrs,34/36 monthly records
KAD002,2023-12-31,R8,Each facility should have 36 monthly recodrs,35/36 monthly records
LAG002,2022-08-31,R8,Each facility should have 36 monthly recodrs,35/36 monthly records
FCT005,2023-08-31,R8,Each facility should have 36 monthly recodrs,35/36 monthly records
CRS011,2022-05-31,R8,Each facility should have 36 monthly recodrs,34/36 monthly records
BEN013,2023-03-31,R8,Each facility should have 36 monthly recodrs,34/36 monthly records
KAD003,2023-05-31,R8,Each facility should have 36 monthly recodrs,33/36 monthly records
NAS011,2024-03-31,R8,Each facility should have 36 monthly recodrs,35/36 monthly records
CRS007,2022-10-31,R8,Each facility should have 36 monthly recodrs,33/36 monthly records
CRS004,2024-02-29,R8,Each facility should have 36 monthly recodrs,35/36 monthly records
FCT008,2022-06-30,R8,Each facility should have 36 monthly recodrs,34/36 monthly records
CRS009,2024-08-31,R8,Each facility should have 36 monthly recodrs,35/36 monthly records
LAG001,2024-11-30,R8,Each facility should have 36 monthly recodrs,32/36 monthly records
LAG008,2022-10-31,R8,Each facility should have 36 monthly recodrs,34/36 monthly records
BEN014,2023-10-31,R8,Each facility should have 36 monthly recodrs,34/36 monthly records
KAD002,2024-03-31,R8,Each facility should have 36 monthly recodrs,35/36 monthly records
AKS008,2024-03-31,R8,Each facility should have 36 monthly recodrs,33/36 monthly records
RIV012,2023-05-31,R8,Each facility should have 36 monthly recodrs,35/36 monthly records
FCT014,2023-05-31,R8,Each facility should have 36 monthly recodrs,35/36 monthly records
NAS999,2022-07-31,R8,Each facility should have 36 monthly recodrs,27/36 monthly records
NAS013,2022-03-31,R8,Each facility should have 36 monthly recodrs,34/36 monthly records
NAS009,2023-07-31,R8,Each facility should have 36 monthly recodrs,34/36 monthly records
KAD009,2024-08-31,R8,Each facility should have 36 monthly recodrs,35/36 monthly records
LAG011,2023-06-01,R8,Each facility should have 36 monthly recodrs,35/36 monthly records
NAS011,2024-07-31,R8,Each facility should have 36 monthly recodrs,35/36 monthly records
KAD002,2022-10-31,R8,Each facility should have 36 monthly recodrs,35/36 monthly records
NAS999,2022-12-31,R8,Each facility should have 36 monthly recodrs,27/36 monthly records
CRS002,2022-08-31,R8,Each facility should have 36 monthly recodrs,34/36 monthly records
RIV013,2023-02-01,R8,Each facility should have 36 monthly recodrs,35/36 monthly records
CRS014,2024-08-31,R8,Each facility should have 36 monthly recodrs,34/36 monthly records
BEN013,2022-08-31,R8,Each facility should have 36 monthly recodrs,34/36 monthly records
BEN014,2023-03-31,R8,Each facility should have 36 monthly recodrs,34/36 monthly records
RIV013,2022-10-31,R8,Each facility should have 36 monthly recodrs,35/36 monthly records
LAG008,2022-04-30,R8,Each facility should have 36 monthly recodrs,34/36 monthly records
LAG001,2022-11-30,R8,Each facility should have 36 monthly recodrs,32/36 monthly records
LAG013,2024-06-30,R8,Each facility should have 36 monthly recodrs,35/36 monthly records
BEN015,2024-08-31,R8,Each facility should have 36 monthly recodrs,34/36 monthly records
LAG007,2022-08-31,R8,Each facility should have 36 monthly recodrs,35/36 monthly records
LAG003,2022-07-31,R8,Each facility should have 36 monthly recodrs,35/36 monthly records
BEN009,2024-08-31,R8,Each facility should have 36 monthly recodrs,33/36 monthly records
XXX999,2022-04-30,R8,Each facility should have 36 monthly recodrs,29/36 monthly records
RIV003,2024-09-30,R8,Each facility should have 36 monthly recodrs,33/36 monthly records
LAG007,2022-04-30,R8,Each facility should have 36 monthly recodrs,35/36 monthly records
LAG008,2024-06-30,R8,Each facility should have 36 monthly recodrs,34/36 monthly records
RIV011,2024-06-30,R8,Each facility should have 36 monthly recodrs,33/36 monthly records
FCT014,2024-02-29,R8,Each facility should have 36 monthly recodrs,35/36 monthly records
KAD006,2022-11-30,R8,Each facility should have 36 monthly recodrs,35/36 monthly records
RIV011,2023-12-31,R8,Each facility should have 36 monthly recodrs,33/36 monthly records
XXX999,2023-03-31,R8,Each facility should have 36 monthly recodrs,29/36 monthly records
BEN003,2024-10-31,R8,Each facility should have 36 monthly recodrs,34/36 monthly records
AKS008,2023-05-31,R8,Each facility should have 36 monthly recodrs,33/36 monthly records
RIV004,2023-10-31,R8,Each facility should have 36 monthly recodrs,35/36 monthly records
NAS007,2024-09-30,R8,Each facility should have 36 monthly recodrs,35/36 monthly records
LAG003,2022-04-30,R8,Each facility should have 36 monthly recodrs,35/36 monthly records
FCT005,2024-08-01,R8,Each facility should have 36 monthly recodrs,35/36 monthly records
BEN011,2022-03-01,R8,Each facility should have 36 monthly recodrs,35/36 monthly records
CRS002,2022-02-28,R8,Each facility should have 36 monthly recodrs,34/36 monthly records
FCT008,2024-11-30,R8,Each facility should have 36 monthly recodrs,34/36 monthly records
RIV004,2022-01-31,R8,Each facility should have 36 monthly recodrs,35/36 monthly records
RIV001,2022-04-01,R8,Each facility should have 36 monthly recodrs,34/36 monthly records
TMP001,2023-04-30,R8,Each facility should have 36 monthly recodrs,27/36 monthly records
KAD006,2023-10-31,R8,Each facility should have 36 monthly recodrs,35/36 monthly records
AKS008,2022-08-31,R8,Each facility should have 36 monthly recodrs,33/36 monthly records
FCT005,2024-05-31,R8,Each facility should have 36 monthly recodrs,35/36 monthly records
RIV011,2024-04-30,R8,Each facility should have 36 monthly recodrs,33/36 monthly records
RIV003,2022-01-31,R8,Each facility should have 36 monthly recodrs,33/36 monthly records
RIV014,2023-04-30,R8,Each facility should have 36 monthly recodrs,35/36 monthly records
NAS007,2024-06-30,R8,Each facility should have 36 monthly recodrs,35/36 monthly records
BEN003,2022-01-31,R8,Each facility should have 36 monthly recodrs,34/36 monthly records
NAS010,2024-05-31,R8,Each facility should have 36 monthly recodrs,35/36 monthly records
AKS014,2023-06-30,R8,Each facility should have 36 monthly recodrs,34/36 monthly records
XXX999,2024-12-31,R8,Each facility should have 36 monthly recodrs,29/36 monthly records
TMP001,2022-07-31,R8,Each facility should have 36 monthly recodrs,27/36 monthly records
CRS007,2022-03-31,R8,Each facility should have 36 monthly recodrs,33/36 monthly records
AKS011,2024-03-31,R8,Each facility should have 36 monthly recodrs,34/36 monthly records
RIV009,2023-08-31,R8,Each facility should have 36 monthly recodrs,34/36 monthly records
FCT009,2023-08-31,R8,Each facility should have 36 monthly recodrs,35/36 monthly records
KAD015,2024-07-31,R8,Each facility should have 36 monthly recodrs,35/36 monthly records
FCT006,2022-12-31,R8,Each facility should have 36 monthly recodrs,35/36 monthly records
NAS999,2022-10-31,R8,Each facility should have 36 monthly recodrs,27/36 monthly records
NAS007,2023-06-30,R8,Each facility should have 36 monthly recodrs,35/36 monthly records
LAG006,2024-11-30,R8,Each facility should have 36 monthly recodrs,35/36 monthly records
KAD010,2024-06-30,R8,Each facility should have 36 monthly recodrs,34/36 monthly records
KAD015,2022-02-28,R8,Each facility should have 36 monthly recodrs,35/36 monthly records
CRS008,2022-08-31,R8,Each facility should have 36 monthly recodrs,32/36 monthly records
LAG012,2022-11-01,R8,Each facility should have 36 monthly recodrs,34/36 monthly records
BEN007,2024-05-01,R8,Each facility should have 36 monthly recodrs,34/36 monthly records
LAG002,2023-07-31,R8,Each facility should have 36 monthly recodrs,35/36 monthly records
AKS015,2022-04-30,R8,Each facility should have 36 monthly recodrs,34/36 monthly records
AKS001,2022-08-31,R8,Each facility should have 36 monthly recodrs,33/36 monthly records
NAS999,2023-03-31,R8,Each facility should have 36 monthly recodrs,27/36 monthly records
FCT013,2023-06-30,R8,Each facility should have 36 monthly recodrs,32/36 monthly records
FCT012,2023-03-31,R8,Each facility should have 36 monthly recodrs,33/36 monthly records
TMP001,2024-01-31,R8,Each facility should have 36 monthly recodrs,27/36 monthly records
BEN011,2023-03-31,R8,Each facility should have 36 monthly recodrs,35/36 monthly records
LAG013,2022-06-30,R8,Each facility should have 36 monthly recodrs,35/36 monthly records
AKS011,2023-07-31,R8,Each facility should have 36 monthly recodrs,34/36 monthly records
CRS003,2023-10-31,R8,Each facility should have 36 monthly recodrs,35/36 monthly records
KAD004,2024-07-01,R8,Each facility should have 36 monthly recodrs,35/36 monthly records
RIV004,2024-07-31,R8,Each facility should have 36 monthly recodrs,35/36 monthly records
RIV007,2023-06-30,R8,Each facility should have 36 monthly recodrs,35/36 monthly records
LAG004,2022-06-30,R8,Each facility should have 36 monthly recodrs,34/36 monthly records
RIV014,2022-04-30,R8,Each facility should have 36 monthly recodrs,35/36 monthly records
KAD013,2022-06-30,R8,Each facility should have 36 monthly recodrs,35/36 monthly records
CRS002,2022-09-30,R8,Each facility should have 36 monthly recodrs,34/36 monthly records
LAG099,2024-06-30,R8,Each facility should have 36 monthly recodrs,31/36 monthly records
CRS011,2024-02-29,R8,Each facility should have 36 monthly recodrs,34/36 monthly records
FCT001,2024-04-30,R8,Each facility should have 36 monthly recodrs,33/36 monthly records
RIV004,2024-08-31,R8,Each facility should have 36 monthly recodrs,35/36 monthly records
FCT005,2023-10-31,R8,Each facility should have 36 monthly recodrs,35/36 monthly records
LAG099,2022-02-28,R8,Each facility should have 36 monthly recodrs,31/36 monthly records
RIV007,2024-02-29,R8,Each facility should have 36 monthly recodrs,35/36 monthly records
KAD015,2023-07-31,R8,Each facility should have 36 monthly recodrs,35/36 monthly records
RIV003,2023-04-30,R8,Each facility should have 36 monthly recodrs,33/36 monthly records
LAG010,2024-02-01,R8,Each facility should have 36 monthly recodrs,34/36 monthly records
LAG006,2023-06-30,R8,Each facility should have 36 monthly recodrs,35/36 monthly records
LAG011,2024-03-31,R8,Each facility should have 36 monthly recodrs,35/36 monthly records
NAS014,2024-12-31,R8,Each facility should have 36 monthly recodrs,34/36 monthly records
NAS012,2022-06-30,R8,Each facility should have 36 monthly recodrs,34/36 monthly records
AKS011,2023-11-30,R8,Each facility should have 36 monthly recodrs,34/36 monthly records
LAG004,2022-05-31,R8,Each facility should have 36 monthly recodrs,34/36 monthly records
LAG009,2024-10-31,R8,Each facility should have 36 monthly recodrs,35/36 monthly records
KAD006,2024-08-31,R8,Each facility should have 36 monthly recodrs,35/36 monthly records
AKS001,2024-08-31,R8,Each facility should have 36 monthly recodrs,33/36 monthly records
FCT013,2023-04-30,R8,Each facility should have 36 monthly recodrs,32/36 monthly records
CRS011,2023-02-28,R8,Each facility should have 36 monthly recodrs,34/36 monthly records
RIV002,2024-11-30,R8,Each facility should have 36 monthly recodrs,35/36 monthly records
RIV001,2024-07-31,R8,Each facility should have 36 monthly recodrs,34/36 monthly records
FCT006,2024-07-31,R8,Each facility should have 36 monthly recodrs,35/36 monthly records
AKS010,2023-08-31,R8,Each facility should have 36 monthly recodrs,34/36 monthly records
FCT006,2022-09-30,R8,Each facility should have 36 monthly recodrs,35/36 monthly records
LAG004,2022-07-01,R8,Each facility should have 36 monthly recodrs,34/36 monthly records
NAS011,2022-06-30,R8,Each facility should have 36 monthly recodrs,35/36 monthly records
NAS001,2024-04-01,R8,Each facility should have 36 monthly recodrs,34/36 monthly records
NAS004,2023-06-30,R8,Each facility should have 36 monthly recodrs,35/36 monthly records
LAG099,2024-02-01,R8,Each facility should have 36 monthly recodrs,31/36 monthly records
NAS012,2024-05-31,R8,Each facility should have 36 monthly recodrs,34/36 monthly records
KAD008,2023-04-30,R8,Each facility should have 36 monthly recodrs,35/36 monthly records
NAS006,2023-09-30,R8,Each facility should have 36 monthly recodrs,35/36 monthly records
BEN014,2022-11-30,R8,Each facility should have 36 monthly recodrs,34/36 monthly records
RIV009,2023-02-28,R8,Each facility should have 36 monthly recodrs,34/36 monthly records
KAD009,2023-08-01,R8,Each facility should have 36 monthly recodrs,35/36 monthly records
LAG002,2022-11-30,R8,Each facility should have 36 monthly recodrs,35/36 monthly records
BEN013,2022-10-31,R8,Each facility should have 36 monthly recodrs,34/36 monthly records
RIV012,2024-06-30,R8,Each facility should have 36 monthly recodrs,35/36 monthly records
AKS015,2024-01-01,R8,Each facility should have 36 monthly recodrs,34/36 monthly records
AKS005,2024-09-30,R8,Each facility should have 36 monthly recodrs,35/36 monthly records
AKS012,2024-03-31,R8,Each facility should have 36 monthly recodrs,34/36 monthly records
FCT004,2024-12-31,R8,Each facility should have 36 monthly recodrs,35/36 monthly records
NAS003,2024-09-30,R8,Each facility should have 36 monthly recodrs,35/36 monthly records
KAD010,2022-03-31,R8,Each facility should have 36 monthly recodrs,34/36 monthly records
BEN009,2023-02-28,R8,Each facility should have 36 monthly recodrs,33/36 monthly records
RIV001,2024-09-30,R8,Each facility should have 36 monthly recodrs,34/36 monthly records
KAD002,2023-07-31,R8,Each facility should have 36 monthly recodrs,35/36 monthly records
AKS009,2022-01-31,R8,Each facility should have 36 monthly recodrs,34/36 monthly records
TMP001,2023-06-30,R8,Each facility should have 36 monthly recodrs,27/36 monthly records
CRS009,2024-01-31,R8,Each facility should have 36 monthly recodrs,35/36 monthly records
FCT001,2023-05-31,R8,Each facility should have 36 monthly recodrs,33/36 monthly records
LAG015,2022-11-30,R8,Each facility should have 36 monthly recodrs,35/36 monthly records
LAG011,2024-12-31,R8,Each facility should have 36 monthly recodrs,35/36 monthly records
KAD012,2023-05-31,R8,Each facility should have 36 monthly recodrs,34/36 monthly records
KAD008,2022-05-31,R8,Each facility should have 36 monthly recodrs,35/36 monthly records
AKS011,2023-12-31,R8,Each facility should have 36 monthly recodrs,34/36 monthly records
CRS014,2022-04-30,R8,Each facility should have 36 monthly recodrs,34/36 monthly records
AKS011,2022-11-30,R8,Each facility should have 36 monthly recodrs,34/36 monthly records
KAD011,2022-02-01,R8,Each facility should have 36 monthly recodrs,31/36 monthly records
NAS013,2023-04-30,R8,Each facility should have 36 monthly recodrs,34/36 monthly records
FCT011,2023-08-31,R8,Each facility should have 36 monthly recodrs,34/36 monthly records
LAG004,2024-05-31,R8,Each facility should have 36 monthly recodrs,34/36 monthly records
KAD011,2024-07-31,R8,Each facility should have 36 monthly recodrs,31/36 monthly records
LAG001,2022-01-31,R8,Each facility should have 36 monthly recodrs,32/36 monthly records
AKS004,2024-10-31,R8,Each facility should have 36 monthly recodrs,35/36 monthly records
NAS007,2024-07-31,R8,Each facility should have 36 monthly recodrs,35/36 monthly records
AKS014,2023-12-31,R8,Each facility should have 36 monthly recodrs,34/36 monthly records
LAG013,2023-07-31,R8,Each facility should have 36 monthly recodrs,35/36 monthly records
NAS015,2022-08-31,R8,Each facility should have 36 monthly recodrs,35/36 monthly records
BEN003,2023-08-31,R8,Each facility should have 36 monthly recodrs,34/36 monthly records
BEN005,2022-03-31,R8,Each facility should have 36 monthly recodrs,31/36 monthly records
LAG012,2022-12-31,R8,Each facility should have 36 monthly recodrs,34/36 monthly records
CRS009,2022-02-01,R8,Each facility should have 36 monthly recodrs,35/36 monthly records
LAG004,2023-05-31,R8,Each facility should have 36 monthly recodrs,34/36 monthly records
NAS003,2024-04-30,R8,Each facility should have 36 monthly recodrs,35/36 monthly records
NAS006,2024-11-30,R8,Each facility should have 36 monthly recodrs,35/36 monthly records
BEN014,2023-01-31,R8,Each facility should have 36 monthly recodrs,34/36 monthly records
NAS009,2023-04-30,R8,Each facility should have 36 monthly recodrs,34/36 monthly records
NAS005,2023-05-31,R8,Each facility should have 36 monthly recodrs,32/36 monthly records
KAD003,2023-01-31,R8,Each facility should have 36 monthly recodrs,33/36 monthly records
RIV009,2023-01-31,R8,Each facility should have 36 monthly recodrs,34/36 monthly records
RIV002,2022-06-30,R8,Each facility should have 36 monthly recodrs,35/36 monthly records
CRS010,2024-10-31,R8,Each facility should have 36 monthly recodrs,33/36 monthly records
FCT011,2023-09-30,R8,Each facility should have 36 monthly recodrs,34/36 monthly records
RIV011,2022-06-30,R8,Each facility should have 36 monthly recodrs,33/36 monthly records
RIV003,2023-08-01,R8,Each facility should have 36 monthly recodrs,33/36 monthly records
FCT008,2022-10-31,R8,Each facility should have 36 monthly recodrs,34/36 monthly records
BEN015,2023-07-31,R8,Each facility should have 36 monthly recodrs,34/36 monthly records
AKS005,2023-07-31,R8,Each facility should have 36 monthly recodrs,35/36 monthly records
LAG012,2024-02-29,R8,Each facility should have 36 monthly recodrs,34/36 monthly records
NAS003,2022-09-30,R8,Each facility should have 36 monthly recodrs,35/36 monthly records
FCT013,2024-12-31,R8,Each facility should have 36 monthly recodrs,32/36 monthly records
RIV003,2022-06-30,R8,Each facility should have 36 monthly recodrs,33/36 monthly records
NAS011,2022-10-31,R8,Each facility should have 36 monthly recodrs,35/36 monthly records
RIV011,2024-02-29,R8,Each facility should have 36 monthly recodrs,33/36 monthly records
CRS003,2024-05-31,R8,Each facility should have 36 monthly recodrs,35/36 monthly records
RIV001,2022-08-31,R8,Each facility should have 36 monthly recodrs,34/36 monthly records
KAD015,2023-03-31,R8,Each facility should have 36 monthly recodrs,35/36 monthly records
BEN014,2023-11-30,R8,Each facility should have 36 monthly recodrs,34/36 monthly records
BEN015,2023-01-31,R8,Each facility should have 36 monthly recodrs,34/36 monthly records
LAG003,2024-09-01,R8,Each facility should have 36 monthly recodrs,35/36 monthly records
FCT009,2024-03-31,R8,Each facility should have 36 monthly recodrs,35/36 monthly records
LAG007,2024-06-30,R8,Each facility should have 36 monthly recodrs,35/36 monthly records
RIV002,2024-12-01,R8,Each facility should have 36 monthly recodrs,35/36 monthly records
BEN008,2022-09-01,R8,Each facility should have 36 monthly recodrs,35/36 monthly records
CRS003,2023-12-31,R8,Each facility should have 36 monthly recodrs,35/36 monthly records
RIV003,2024-05-31,R8,Each facility should have 36 monthly recodrs,33/36 monthly records
RIV011,2024-07-31,R8,Each facility should have 36 monthly recodrs,33/36 monthly records
FCT005,2024-10-31,R8,Each facility should have 36 monthly recodrs,35/36 monthly records
CRS003,2023-03-31,R8,Each facility should have 36 monthly recodrs,35/36 monthly records
RIV006,2023-11-30,R8,Each facility should have 36 monthly recodrs,35/36 monthly records
XXX999,2024-02-29,R8,Each facility should have 36 monthly recodrs,29/36 monthly records
LAG007,2022-02-28,R8,Each facility should have 36 monthly recodrs,35/36 monthly records
KAD002,2024-02-29,R8,Each facility should have 36 monthly recodrs,35/36 monthly records
KAD001,2024-06-30,R8,Each facility should have 36 monthly recodrs,33/36 monthly records
FCT008,2023-06-30,R8,Each facility should have 36 monthly recodrs,34/36 monthly records
KAD013,2022-10-31,R8,Each facility should have 36 monthly recodrs,35/36 monthly records
FCT005,2022-12-31,R8,Each facility should have 36 monthly recodrs,35/36 monthly records
AKS002,2023-01-01,R8,Each facility should have 36 monthly recodrs,33/36 monthly records
KAD006,2022-04-30,R8,Each facility should have 36 monthly recodrs,35/36 monthly records
RIV011,2023-10-31,R8,Each facility should have 36 monthly recodrs,33/36 monthly records
KAD004,2023-07-31,R8,Each facility should have 36 monthly recodrs,35/36 monthly records
RIV001,2022-07-31,R8,Each facility should have 36 monthly recodrs,34/36 monthly records
RIV007,2022-01-01,R8,Each facility should have 36 monthly recodrs,35/36 monthly records
KAD004,2023-10-31,R8,Each facility should have 36 monthly recodrs,35/36 monthly records
KAD002,2022-09-30,R8,Each facility should have 36 monthly recodrs,35/36 monthly records
LAG001,2024-03-31,R8,Each facility should have 36 monthly recodrs,32/36 monthly records
KAD002,2023-08-31,R8,Each facility should have 36 monthly recodrs,35/36 monthly records
NAS012,2023-03-31,R8,Each facility should have 36 monthly recodrs,34/36 monthly records
KAD003,2024-03-31,R8,Each facility should have 36 monthly recodrs,33/36 monthly records
LAG008,2023-07-31,R8,Each facility should have 36 monthly recodrs,34/36 monthly records
LAG099,2022-01-31,R8,Each facility should have 36 monthly recodrs,31/36 monthly records
RIV009,2022-09-30,R8,Each facility should have 36 monthly recodrs,34/36 monthly records
CRS009,2024-03-31,R8,Each facility should have 36 monthly recodrs,35/36 monthly records
KAD010,2022-01-31,R8,Each facility should have 36 monthly recodrs,34/36 monthly records
LAG007,2024-04-30,R8,Each facility should have 36 monthly recodrs,35/36 monthly records
CRS003,2024-01-31,R8,Each facility should have 36 monthly recodrs,35/36 monthly records
BEN015,2022-03-31,R8,Each facility should have 36 monthly recodrs,34/36 monthly records
NAS014,2023-05-31,R8,Each facility should have 36 monthly recodrs,34/36 monthly records
LAG099,2024-03-31,R8,Each facility should have 36 monthly recodrs,31/36 monthly records
NAS014,2022-09-30,R8,Each facility should have 36 monthly recodrs,34/36 monthly records
BEN006,2024-04-30,R8,Each facility should have 36 monthly recodrs,35/36 monthly records
KAD006,2024-11-30,R8,Each facility should have 36 monthly recodrs,35/36 monthly records
NAS012,2024-08-31,R8,Each facility should have 36 monthly recodrs,34/36 monthly records
CRS002,2022-01-01,R8,Each facility should have 36 monthly recodrs,34/36 monthly records
CRS011,2023-06-30,R8,Each facility should have 36 monthly recodrs,34/36 monthly records
BEN007,2024-11-01,R8,Each facility should have 36 monthly recodrs,34/36 monthly records
LAG099,2022-09-01,R8,Each facility should have 36 monthly recodrs,31/36 monthly records
CRS007,2022-11-01,R8,Each facility should have 36 monthly recodrs,33/36 monthly records
KAD001,2022-07-31,R8,Each facility should have 36 monthly recodrs,33/36 monthly records
LAG001,2024-12-31,R8,Each facility should have 36 monthly recodrs,32/36 monthly records
CRS009,2024-07-31,R8,Each facility should have 36 monthly recodrs,35/36 monthly records
CRS007,2023-10-31,R8,Each facility should have 36 monthly recodrs,33/36 monthly records
FCT009,2022-07-31,R8,Each facility should have 36 monthly recodrs,35/36 monthly records
NAS013,2023-12-31,R8,Each facility should have 36 monthly recodrs,34/36 monthly records
CRS010,2023-11-30,R8,Each facility should have 36 monthly recodrs,33/36 monthly records
LAG007,2024-09-30,R8,Each facility should have 36 monthly recodrs,35/36 monthly records
BEN009,2022-10-31,R8,Each facility should have 36 monthly recodrs,33/36 monthly records
KAD004,2024-09-01,R8,Each facility should have 36 monthly recodrs,35/36 monthly records
RIV011,2024-03-31,R8,Each facility should have 36 monthly recodrs,33/36 monthly records
NAS001,2024-07-31,R8,Each facility should have 36 monthly recodrs,34/36 monthly records
RIV013,2024-02-29,R8,Each facility should have 36 monthly recodrs,35/36 monthly records
BEN008,2022-10-31,R8,Each facility should have 36 monthly recodrs,35/36 monthly records
CRS011,2023-05-31,R8,Each facility should have 36 monthly recodrs,34/36 monthly records
LAG010,2022-02-28,R8,Each facility should have 36 monthly recodrs,34/36 monthly records
CRS004,2023-12-31,R8,Each facility should have 36 monthly recodrs,35/36 monthly records
AKS002,2023-12-31,R8,Each facility should have 36 monthly recodrs,33/36 monthly records
TMP001,2023-12-01,R8,Each facility should have 36 monthly recodrs,27/36 monthly records
FCT009,2024-09-30,R8,Each facility should have 36 monthly recodrs,35/36 monthly records
FCT001,2022-04-30,R8,Each facility should have 36 monthly recodrs,33/36 monthly records
LAG015,2022-04-30,R8,Each facility should have 36 monthly recodrs,35/36 monthly records
LAG012,2024-04-30,R8,Each facility should have 36 monthly recodrs,34/36 monthly records
FCT008,2024-01-31,R8,Each facility should have 36 monthly recodrs,34/36 monthly records
RIV007,2022-10-31,R8,Each facility should have 36 monthly recodrs,35/36 monthly records
KAD010,2024-07-31,R8,Each facility should have 36 monthly recodrs,34/36 monthly records
RIV015,2024-11-01,R8,Each facility should have 36 monthly recodrs,33/36 monthly records
FCT004,2023-09-30,R8,Each facility should have 36 monthly recodrs,35/36 monthly records
BEN013,2024-07-31,R8,Each facility should have 36 monthly recodrs,34/36 monthly records
FCT009,2022-03-31,R8,Each facility should have 36 monthly recodrs,35/36 monthly records
BEN005,2024-01-31,R8,Each facility should have 36 monthly recodrs,31/36 monthly records
FCT009,2024-04-30,R8,Each facility should have 36 monthly recodrs,35/36 monthly records
RIV002,2022-07-01,R8,Each facility should have 36 monthly recodrs,35/36 monthly records
FCT006,2023-01-31,R8,Each facility should have 36 monthly recodrs,35/36 monthly records
LAG007,2024-12-31,R8,Each facility should have 36 monthly recodrs,35/36 monthly records
LAG004,2022-09-30,R8,Each facility should have 36 monthly recodrs,34/36 monthly records
RIV012,2022-05-31,R8,Each facility should have 36 monthly recodrs,35/36 monthly records
RIV012,2022-06-30,R8,Each facility should have 36 monthly recodrs,35/36 monthly records
KAD015,2024-09-30,R8,Each facility should have 36 monthly recodrs,35/36 monthly records
NAS013,2023-03-31,R8,Each facility should have 36 monthly recodrs,34/36 monthly records
LAG012,2024-10-31,R8,Each facility should have 36 monthly recodrs,34/36 monthly records
RIV001,2023-11-01,R8,Each facility should have 36 monthly recodrs,34/36 monthly records
LAG015,2024-09-30,R8,Each facility should have 36 monthly recodrs,35/36 monthly records
NAS009,2022-08-31,R8,Each facility should have 36 monthly recodrs,34/36 monthly records
FCT004,2024-11-30,R8,Each facility should have 36 monthly recodrs,35/36 monthly records
LAG099,2022-02-28,R8,Each facility should have 36 monthly recodrs,31/36 monthly records
AKS015,2024-08-31,R8,Each facility should have 36 monthly recodrs,34/36 monthly records
LAG004,2023-08-31,R8,Each facility should have 36 monthly recodrs,34/36 monthly records
KAD015,2023-08-31,R8,Each facility should have 36 monthly recodrs,35/36 monthly records
CRS003,2022-05-31,R8,Each facility should have 36 monthly recodrs,35/36 monthly records
NAS011,2024-04-30,R8,Each facility should have 36 monthly recodrs,35/36 monthly records
RIV005,2023-02-28,R8,Each facility should have 36 monthly recodrs,34/36 monthly records
LAG009,2024-02-29,R8,Each facility should have 36 monthly recodrs,35/36 monthly records
FCT001,2024-12-31,R8,Each facility should have 36 monthly recodrs,33/36 monthly records
FCT004,2023-10-31,R8,Each facility should have 36 monthly recodrs,35/36 monthly records
RIV002,2022-11-30,R8,Each facility should have 36 monthly recodrs,35/36 monthly records
NAS003,2023-02-28,R8,Each facility should have 36 monthly recodrs,35/36 monthly records
NAS006,2023-04-30,R8,Each facility should have 36 monthly recodrs,35/36 monthly records
FCT009,2023-07-31,R8,Each facility should have 36 monthly recodrs,35/36 monthly records
NAS015,2023-07-31,R8,Each facility should have 36 monthly recodrs,35/36 monthly records
RIV014,2024-06-30,R8,Each facility should have 36 monthly recodrs,35/36 monthly records
RIV001,2024-02-29,R8,Each facility should have 36 monthly recodrs,34/36 monthly records
AKS009,2024-02-29,R8,Each facility should have 36 monthly recodrs,34/36 monthly records
RIV002,2024-02-29,R8,Each facility should have 36 monthly recodrs,35/36 monthly records
FCT014,2023-04-30,R8,Each facility should have 36 monthly recodrs,35/36 monthly records
RIV011,2024-08-31,R8,Each facility should have 36 monthly recodrs,33/36 monthly records
NAS003,2022-08-31,R8,Each facility should have 36 monthly recodrs,35/36 monthly records
NAS003,2023-11-30,R8,Each facility should have 36 monthly recodrs,35/36 monthly records
FCT006,2023-11-30,R8,Each facility should have 36 monthly recodrs,35/36 monthly records
AKS004,2022-04-30,R8,Each facility should have 36 monthly recodrs,35/36 monthly records
KAD004,2022-04-30,R8,Each facility should have 36 monthly recodrs,35/36 monthly records
CRS002,2023-06-30,R8,Each facility should have 36 monthly recodrs,34/36 monthly records
KAD005,2022-11-30,R8,Each facility should have 36 monthly recodrs,34/36 monthly records
LAG007,2022-01-31,R8,Each facility should have 36 monthly recodrs,35/36 monthly records
LAG011,2022-03-31,R8,Each facility should have 36 monthly recodrs,35/36 monthly records
AKS014,2022-05-31,R8,Each facility should have 36 monthly recodrs,34/36 monthly records
LAG009,2023-09-30,R8,Each facility should have 36 monthly recodrs,35/36 monthly records
FCT014,2024-09-30,R8,Each facility should have 36 monthly recodrs,35/36 monthly records
CRS004,2024-08-31,R8,Each facility should have 36 monthly recodrs,35/36 monthly records
NAS004,2023-05-31,R8,Each facility should have 36 monthly recodrs,35/36 monthly records
FCT001,2022-09-01,R8,Each facility should have 36 monthly recodrs,33/36 monthly records
NAS004,2022-12-31,R8,Each facility should have 36 monthly recodrs,35/36 monthly records
AKS011,2022-02-28,R8,Each facility should have 36 monthly recodrs,34/36 monthly records
AKS004,2024-04-01,R8,Each facility should have 36 monthly recodrs,35/36 monthly records
FCT008,2023-07-31,R8,Each facility should have 36 monthly recodrs,34/36 monthly records
CRS003,2023-12-31,R8,Each facility should have 36 monthly recodrs,35/36 monthly records
KAD007,2024-07-31,R8,Each facility should have 36 monthly recodrs,35/36 monthly records
RIV015,2022-10-31,R8,Each facility should have 36 monthly recodrs,33/36 monthly records
NAS006,2023-05-31,R8,Each facility should have 36 monthly recodrs,35/36 monthly records
AKS001,2023-11-30,R8,Each facility should have 36 monthly recodrs,33/36 monthly records
KAD007,2024-01-31,R8,Each facility should have 36 monthly recodrs,35/36 monthly records
LAG002,2022-02-01,R8,Each facility should have 36 monthly recodrs,35/36 monthly records
LAG012,2022-05-31,R8,Each facility should have 36 monthly recodrs,34/36 monthly records
RIV005,2022-12-01,R8,Each facility should have 36 monthly recodrs,34/36 monthly records
CRS014,2022-09-30,R8,Each facility should have 36 monthly recodrs,34/36 monthly records
NAS009,2023-09-30,R8,Each facility should have 36 monthly recodrs,34/36 monthly records
AKS012,2024-01-31,R8,Each facility should have 36 monthly recodrs,34/36 monthly records
FCT008,2022-02-28,R8,Each facility should have 36 monthly recodrs,34/36 monthly records
AKS013,2024-05-31,R8,Each facility should have 36 monthly recodrs,34/36 monthly records
RIV015,2023-12-31,R8,Each facility should have 36 monthly recodrs,33/36 monthly records
AKS003,2023-04-01,R8,Each facility should have 36 monthly recodrs,34/36 monthly records
KAD015,2023-01-31,R8,Each facility should have 36 monthly recodrs,35/36 monthly records
LAG013,2024-07-31,R8,Each facility should have 36 monthly recodrs,35/36 monthly records
NAS012,2023-09-30,R8,Each facility should have 36 monthly recodrs,34/36 monthly records
FCT001,2024-06-30,R8,Each facility should have 36 monthly recodrs,33/36 monthly records
TMP001,2024-07-31,R8,Each facility should have 36 monthly recodrs,27/36 monthly records
NAS007,2023-02-28,R8,Each facility should have 36 monthly recodrs,35/36 monthly records
LAG008,2024-11-30,R8,Each facility should have 36 monthly recodrs,34/36 monthly records
NAS001,2024-11-30,R8,Each facility should have 36 monthly recodrs,34/36 monthly records
RIV001,2022-01-31,R8,Each facility should have 36 monthly recodrs,34/36 monthly records
LAG008,2023-01-31,R8,Each facility should have 36 monthly recodrs,34/36 monthly records
CRS010,2022-05-31,R8,Each facility should have 36 monthly recodrs,33/36 monthly records
FCT001,2024-10-31,R8,Each facility should have 36 monthly recodrs,33/36 monthly records
RIV009,2024-08-31,R8,Each facility should have 36 monthly recodrs,34/36 monthly records
AKS015,2024-06-30,R8,Each facility should have 36 monthly recodrs,34/36 monthly records
BEN009,2022-05-31,R8,Each facility should have 36 monthly recodrs,33/36 monthly records
NAS004,2022-03-31,R8,Each facility should have 36 monthly recodrs,35/36 monthly records
NAS005,2024-02-29,R8,Each facility should have 36 monthly recodrs,32/36 monthly records
RIV002,2023-10-31,R8,Each facility should have 36 monthly recodrs,35/36 monthly records
NAS013,2023-11-30,R8,Each facility should have 36 monthly recodrs,34/36 monthly records
NAS001,2023-06-30,R8,Each facility should have 36 monthly recodrs,34/36 monthly records
KAD013,2023-06-30,R8,Each facility should have 36 monthly recodrs,35/36 monthly records
CRS004,2022-12-01,R8,Each facility should have 36 monthly recodrs,35/36 monthly records
RIV004,2023-03-31,R8,Each facility should have 36 monthly recodrs,35/36 monthly records
FCT013,2023-11-30,R8,Each facility should have 36 monthly recodrs,32/36 monthly records
NAS006,2023-06-30,R8,Each facility should have 36 monthly recodrs,35/36 monthly records
NAS012,2022-02-28,R8,Each facility should have 36 monthly recodrs,34/36 monthly records
FCT006,2024-05-31,R8,Each facility should have 36 monthly recodrs,35/36 monthly records
KAD004,2024-02-29,R8,Each facility should have 36 monthly recodrs,35/36 monthly records
LAG008,2023-06-30,R8,Each facility should have 36 monthly recodrs,34/36 monthly records
BEN014,2022-10-31,R8,Each facility should have 36 monthly recodrs,34/36 monthly records
RIV012,2022-07-31,R8,Each facility should have 36 monthly recodrs,35/36 monthly records
RIV007,2023-12-31,R8,Each facility should have 36 monthly recodrs,35/36 monthly records
LAG012,2022-08-31,R8,Each facility should have 36 monthly recodrs,34/36 monthly records
FCT014,2023-08-31,R8,Each facility should have 36 monthly recodrs,35/36 monthly records
CRS008,2022-09-01,R8,Each facility should have 36 monthly recodrs,32/36 monthly records
LAG099,2023-03-31,R8,Each facility should have 36 monthly recodrs,31/36 monthly records
AKS004,2023-02-28,R8,Each facility should have 36 monthly recodrs,35/36 monthly records
NAS004,2024-11-30,R8,Each facility should have 36 monthly recodrs,35/36 monthly records
RIV005,2022-02-28,R8,Each facility should have 36 monthly recodrs,34/36 monthly records
CRS014,2023-11-30,R8,Each facility should have 36 monthly recodrs,34/36 monthly records
LAG008,2022-06-30,R8,Each facility should have 36 monthly recodrs,34/36 monthly records
FCT008,2022-04-30,R8,Each facility should have 36 monthly recodrs,34/36 monthly records
FCT013,2024-03-31,R8,Each facility should have 36 monthly recodrs,32/36 monthly records
AKS012,2023-06-30,R8,Each facility should have 36 monthly recodrs,34/36 monthly records
RIV007,2024-10-31,R8,Each facility should have 36 monthly recodrs,35/36 monthly records
NAS007,2022-03-31,R8,Each facility should have 36 monthly recodrs,35/36 monthly records
BEN009,2023-08-31,R8,Each facility should have 36 monthly recodrs,33/36 monthly records
LAG013,2022-12-31,R8,Each facility should have 36 monthly recodrs,35/36 monthly records
LAG007,2023-07-31,R8,Each facility should have 36 monthly recodrs,35/36 monthly records
LAG003,2022-01-31,R8,Each facility should have 36 monthly recodrs,35/36 monthly records
NAS012,2023-12-31,R8,Each facility should have 36 monthly recodrs,34/36 monthly records
FCT012,2022-04-01,R8,Each facility should have 36 monthly recodrs,33/36 monthly records
AKS008,2023-09-01,R8,Each facility should have 36 monthly recodrs,33/36 monthly records
RIV007,2024-03-31,R8,Each facility should have 36 monthly recodrs,35/36 monthly records
AKS015,2023-06-30,R8,Each facility should have 36 monthly recodrs,34/36 monthly records
AKS015,2023-07-31,R8,Each facility should have 36 monthly recodrs,34/36 monthly records
FCT008,2022-01-01,R8,Each facility should have 36 monthly recodrs,34/36 monthly records
LAG008,2022-07-31,R8,Each facility should have 36 monthly recodrs,34/36 monthly records
KAD011,2024-12-31,R8,Each facility should have 36 monthly recodrs,31/36 monthly records
AKS010,2024-03-31,R8,Each facility should have 36 monthly recodrs,34/36 monthly records
CRS011,2024-10-31,R8,Each facility should have 36 monthly recodrs,34/36 monthly records
CRS014,2022-11-30,R8,Each facility should have 36 monthly recodrs,34/36 monthly records
BEN013,2022-04-30,R8,Each facility should have 36 monthly recodrs,34/36 monthly records
LAG008,2023-03-31,R8,Each facility should have 36 monthly recodrs,34/36 monthly records
RIV004,2022-04-30,R8,Each facility should have 36 monthly recodrs,35/36 monthly records
NAS001,2023-03-31,R8,Each facility should have 36 monthly recodrs,34/36 monthly records
KAD009,2023-12-31,R8,Each facility should have 36 monthly recodrs,35/36 monthly records
FCT008,2022-07-31,R8,Each facility should have 36 monthly recodrs,34/36 monthly records
AKS011,2022-10-31,R8,Each facility should have 36 monthly recodrs,34/36 monthly records
NAS014,2023-09-30,R8,Each facility should have 36 monthly recodrs,34/36 monthly records
FCT009,2024-06-30,R8,Each facility should have 36 monthly recodrs,35/36 monthly records
AKS004,2022-11-30,R8,Each facility should have 36 monthly recodrs,35/36 monthly records
KAD010,2023-01-31,R8,Each facility should have 36 monthly recodrs,34/36 monthly records
FCT006,2024-11-30,R8,Each facility should have 36 monthly recodrs,35/36 monthly records
AKS005,2024-01-31,R8,Each facility should have 36 monthly recodrs,35/36 monthly records
NAS014,2024-03-31,R8,Each facility should have 36 monthly recodrs,34/36 monthly records
BEN015,2024-10-31,R8,Each facility should have 36 monthly recodrs,34/36 monthly records
RIV009,2022-08-31,R8,Each facility should have 36 monthly recodrs,34/36 monthly records
FCT004,2023-06-30,R8,Each facility should have 36 monthly recodrs,35/36 monthly records
RIV012,2024-03-31,R8,Each facility should have 36 monthly recodrs,35/36 monthly records
XXX999,2022-10-31,R8,Each facility should have 36 monthly recodrs,29/36 monthly records
AKS013,2024-07-31,R8,Each facility should have 36 monthly recodrs,34/36 monthly records
FCT005,2022-04-30,R8,Each facility should have 36 monthly recodrs,35/36 monthly records
AKS010,2022-05-31,R8,Each facility should have 36 monthly recodrs,34/36 monthly records
KAD001,2022-04-30,R8,Each facility should have 36 monthly recodrs,33/36 monthly records
FCT012,2024-04-30,R8,Each facility should have 36 monthly recodrs,33/36 monthly records
FCT004,2022-03-31,R8,Each facility should have 36 monthly recodrs,35/36 monthly records
NAS011,2022-01-31,R8,Each facility should have 36 monthly recodrs,35/36 monthly records
BEN008,2024-09-01,R8,Each facility should have 36 monthly recodrs,35/36 monthly records
AKS011,2022-08-31,R8,Each facility should have 36 monthly recodrs,34/36 monthly records
NAS010,2023-04-30,R8,Each facility should have 36 monthly recodrs,35/36 monthly records
FCT008,2024-05-31,R8,Each facility should have 36 monthly recodrs,34/36 monthly records
CRS011,2022-10-31,R8,Each facility should have 36 monthly recodrs,34/36 monthly records
KAD004,2023-02-28,R8,Each facility should have 36 monthly recodrs,35/36 monthly records
BEN009,2022-12-31,R8,Each facility should have 36 monthly recodrs,33/36 monthly records
RIV007,2023-05-31,R8,Each facility should have 36 monthly recodrs,35/36 monthly records
BEN006,2024-05-31,R8,Each facility should have 36 monthly recodrs,35/36 monthly records
KAD010,2022-05-31,R8,Each facility should have 36 monthly recodrs,34/36 monthly records
BEN013,2022-07-31,R8,Each facility should have 36 monthly recodrs,34/36 monthly records
NAS012,2023-08-31,R8,Each facility should have 36 monthly recodrs,34/36 monthly records
NAS007,2023-12-01,R8,Each facility should have 36 monthly recodrs,35/36 monthly records
AKS014,2024-07-31,R8,Each facility should have 36 monthly recodrs,34/36 monthly records
BEN005,2022-11-30,R8,Each facility should have 36 monthly recodrs,31/36 monthly records
AKS013,2022-04-30,R8,Each facility should have 36 monthly recodrs,34/36 monthly records
LAG002,2023-11-30,R8,Each facility should have 36 monthly recodrs,35/36 monthly records
BEN005,2024-08-01,R8,Each facility should have 36 monthly recodrs,31/36 monthly records
AKS011,2022-06-30,R8,Each facility should have 36 monthly recodrs,34/36 monthly records
FCT014,2022-06-30,R8,Each facility should have 36 monthly recodrs,35/36 monthly records
CRS007,2022-05-31,R8,Each facility should have 36 monthly recodrs,33/36 monthly records
AKS008,2024-01-31,R8,Each facility should have 36 monthly recodrs,33/36 monthly records
KAD013,2024-03-31,R8,Each facility should have 36 monthly recodrs,35/36 monthly records
TMP001,2022-12-31,R8,Each facility should have 36 monthly recodrs,27/36 monthly records
KAD007,2024-05-31,R8,Each facility should have 36 monthly recodrs,35/36 monthly records
LAG001,2024-05-31,R8,Each facility should have 36 monthly recodrs,32/36 monthly records
TMP001,2022-09-30,R8,Each facility should have 36 monthly recodrs,27/36 monthly records
RIV009,2023-05-31,R8,Each facility should have 36 monthly recodrs,34/36 monthly records
AKS003,2024-05-31,R8,Each facility should have 36 monthly recodrs,34/36 monthly records
AKS003,2023-03-31,R8,Each facility should have 36 monthly recodrs,34/36 monthly records
FCT009,2022-04-30,R8,Each facility should have 36 monthly recodrs,35/36 monthly records
XXX999,2023-01-31,R8,Each facility should have 36 monthly recodrs,29/36 monthly records
BEN005,2024-11-30,R8,Each facility should have 36 monthly recodrs,31/36 monthly records
TMP001,2022-09-30,R8,Each facility should have 36 monthly recodrs,27/36 monthly records
RIV009,2024-04-30,R8,Each facility should have 36 monthly recodrs,34/36 monthly records
LAG008,2022-11-30,R8,Each facility should have 36 monthly recodrs,34/36 monthly records
LAG009,2024-09-30,R8,Each facility should have 36 monthly recodrs,35/36 monthly records
AKS003,2022-07-31,R8,Each facility should have 36 monthly recodrs,34/36 monthly records
RIV012,2022-09-30,R8,Each facility should have 36 monthly recodrs,35/36 monthly records
CRS008,2024-12-31,R8,Each facility should have 36 monthly recodrs,32/36 monthly records
NAS006,2024-07-31,R8,Each facility should have 36 monthly recodrs,35/36 monthly records
RIV008,2022-10-31,R8,Each facility should have 36 monthly recodrs,34/36 monthly records
KAD005,2024-04-30,R8,Each facility should have 36 monthly recodrs,34/36 monthly records
CRS009,2024-10-31,R8,Each facility should have 36 monthly recodrs,35/36 monthly records
FCT004,2023-02-28,R8,Each facility should have 36 monthly recodrs,35/36 monthly records
NAS009,2022-06-01,R8,Each facility should have 36 monthly recodrs,34/36 monthly records
NAS015,2022-06-30,R8,Each facility should have 36 monthly recodrs,35/36 monthly records
RIV014,2024-02-29,R8,Each facility should have 36 monthly recodrs,35/36 monthly records
CRS002,2023-02-28,R8,Each facility should have 36 monthly recodrs,34/36 monthly records
FCT014,2024-07-31,R8,Each facility should have 36 monthly recodrs,35/36 monthly records
BEN015,2022-04-30,R8,Each facility should have 36 monthly recodrs,34/36 monthly records
FCT001,2024-02-29,R8,Each facility should have 36 monthly recodrs,33/36 monthly records
AKS012,2024-05-31,R8,Each facility should have 36 monthly recodrs,34/36 monthly records
AKS011,2024-09-30,R8,Each facility should have 36 monthly recodrs,34/36 monthly records
NAS012,2022-12-31,R8,Each facility should have 36 monthly recodrs,34/36 monthly records
AKS003,2024-09-30,R8,Each facility should have 36 monthly recodrs,34/36 monthly records
CRS009,2022-08-31,R8,Each facility should have 36 monthly recodrs,35/36 monthly records
NAS005,2023-01-31,R8,Each facility should have 36 monthly recodrs,32/36 monthly records
LAG011,2023-08-31,R8,Each facility should have 36 monthly recodrs,35/36 monthly records
FCT004,2023-12-31,R8,Each facility should have 36 monthly recodrs,35/36 monthly records
RIV001,2023-02-28,R8,Each facility should have 36 monthly recodrs,34/36 monthly records
NAS003,2023-03-31,R8,Each facility should have 36 monthly recodrs,35/36 monthly records
LAG010,2022-09-30,R8,Each facility should have 36 monthly recodrs,34/36 monthly records
BEN011,2023-12-31,R8,Each facility should have 36 monthly recodrs,35/36 monthly records
LAG004,2024-09-30,R8,Each facility should have 36 monthly recodrs,34/36 monthly records
KAD012,2024-11-30,R8,Each facility should have 36 monthly recodrs,34/36 monthly records
FCT014,2024-12-31,R8,Each facility should have 36 monthly recodrs,35/36 monthly records
FCT008,2024-09-30,R8,Each facility should have 36 monthly recodrs,34/36 monthly records
NAS006,2024-06-30,R8,Each facility should have 36 monthly recodrs,35/36 monthly records
BEN015,2022-08-31,R8,Each facility should have 36 monthly recodrs,34/36 monthly records
LAG099,2022-08-01,R8,Each facility should have 36 monthly recodrs,31/36 monthly records
KAD005,2022-05-31,R8,Each facility should have 36 monthly recodrs,34/36 monthly records
KAD006,2024-10-01,R8,Each facility should have 36 monthly recodrs,35/36 monthly records
KAD006,2024-06-30,R8,Each facility should have 36 monthly recodrs,35/36 monthly records
RIV014,2022-09-30,R8,Each facility should have 36 monthly recodrs,35/36 monthly records
LAG010,2022-01-01,R8,Each facility should have 36 monthly recodrs,34/36 monthly records
RIV005,2023-07-31,R8,Each facility should have 36 monthly recodrs,34/36 monthly records
FCT012,2024-08-31,R8,Each facility should have 36 monthly recodrs,33/36 monthly records
NAS012,2022-10-31,R8,Each facility should have 36 monthly recodrs,34/36 monthly records
NAS007,2024-08-31,R8,Each facility should have 36 monthly recodrs,35/36 monthly records
RIV013,2023-11-30,R8,Each facility should have 36 monthly recodrs,35/36 monthly records
AKS013,2024-09-30,R8,Each facility should have 36 monthly recodrs,34/36 monthly records
KAD003,2023-10-01,R8,Each facility should have 36 monthly recodrs,33/36 monthly records
CRS010,2022-12-31,R8,Each facility should have 36 monthly recodrs,33/36 monthly records
KAD008,2023-11-30,R8,Each facility should have 36 monthly recodrs,35/36 monthly records
FCT012,2024-02-29,R8,Each facility should have 36 monthly recodrs,33/36 monthly records
KAD001,2024-08-31,R8,Each facility should have 36 monthly recodrs,33/36 monthly records
BEN005,2023-01-31,R8,Each facility should have 36 monthly recodrs,31/36 monthly records
KAD005,2024-12-01,R8,Each facility should have 36 monthly recodrs,34/36 monthly records
KAD004,2022-02-28,R8,Each facility should have 36 monthly recodrs,35/36 monthly records
FCT005,2022-05-31,R8,Each facility should have 36 monthly recodrs,35/36 monthly records
RIV014,2024-05-01,R8,Each facility should have 36 monthly recodrs,35/36 monthly records
NAS010,2023-01-31,R8,Each facility should have 36 monthly recodrs,35/36 monthly records
RIV011,2022-01-31,R8,Each facility should have 36 monthly recodrs,33/36 monthly records
BEN011,2022-11-01,R8,Each facility should have 36 monthly recodrs,35/36 monthly records
KAD003,2024-12-01,R8,Each facility should have 36 monthly recodrs,33/36 monthly records
LAG007,2023-06-30,R8,Each facility should have 36 monthly recodrs,35/36 monthly records
FCT001,2023-11-30,R8,Each facility should have 36 monthly recodrs,33/36 monthly records
RIV004,2023-01-31,R8,Each facility should have 36 monthly recodrs,35/36 monthly records
BEN015,2024-11-30,R8,Each facility should have 36 monthly recodrs,34/36 monthly records
RIV006,2023-10-31,R8,Each facility should have 36 monthly recodrs,35/36 monthly records
LAG004,2024-07-31,R8,Each facility should have 36 monthly recodrs,34/36 monthly records
FCT011,2023-03-01,R8,Each facility should have 36 monthly recodrs,34/36 monthly records
BEN004,2023-07-31,R8,Each facility should have 36 monthly recodrs,31/36 monthly records
AKS015,2022-06-30,R8,Each facility should have 36 monthly recodrs,34/36 monthly records
FCT011,2022-02-28,R8,Each facility should have 36 monthly recodrs,34/36 monthly records
NAS001,2022-06-30,R8,Each facility should have 36 monthly recodrs,34/36 monthly records
LAG012,2024-09-30,R8,Each facility should have 36 monthly recodrs,34/36 monthly records
RIV007,2022-12-31,R8,Each facility should have 36 monthly recodrs,35/36 monthly records
NAS015,2024-05-31,R8,Each facility should have 36 monthly recodrs,35/36 monthly records
AKS012,2024-02-01,R8,Each facility should have 36 monthly recodrs,34/36 monthly records
AKS004,2023-04-01,R8,Each facility should have 36 monthly recodrs,35/36 monthly records
CRS002,2023-05-31,R8,Each facility should have 36 monthly recodrs,34/36 monthly records
RIV008,2024-04-30,R8,Each facility should have 36 monthly recodrs,34/36 monthly records
BEN009,2023-07-31,R8,Each facility should have 36 monthly recodrs,33/36 monthly records
BEN014,2024-08-31,R8,Each facility should have 36 monthly recodrs,34/36 monthly records
LAG001,2023-11-30,R8,Each facility should have 36 monthly recodrs,32/36 monthly records
NAS014,2023-03-31,R8,Each facility should have 36 monthly recodrs,34/36 monthly records
AKS012,2022-04-30,R8,Each facility should have 36 monthly recodrs,34/36 monthly records
CRS008,2023-12-31,R8,Each facility should have 36 monthly recodrs,32/36 monthly records
FCT004,2022-04-30,R8,Each facility should have 36 monthly recodrs,35/36 monthly records
BEN008,2024-01-01,R8,Each facility should have 36 monthly recodrs,35/36 monthly records
LAG015,2024-12-31,R8,Each facility should have 36 monthly recodrs,35/36 monthly records
NAS006,2022-02-28,R8,Each facility should have 36 monthly recodrs,35/36 monthly records
RIV013,2022-11-30,R8,Each facility should have 36 monthly recodrs,35/36 monthly records
AKS013,2024-01-31,R8,Each facility should have 36 monthly recodrs,34/36 monthly records
KAD010,2023-04-30,R8,Each facility should have 36 monthly recodrs,34/36 monthly records
CRS009,2023-06-30,R8,Each facility should have 36 monthly recodrs,35/36 monthly records
LAG099,2022-11-30,R8,Each facility should have 36 monthly recodrs,31/36 monthly records
CRS009,2022-06-01,R8,Each facility should have 36 monthly recodrs,35/36 monthly records
NAS001,2022-07-31,R8,Each facility should have 36 monthly recodrs,34/36 monthly records
RIV003,2024-06-30,R8,Each facility should have 36 monthly recodrs,33/36 monthly records
LAG010,2023-02-28,R8,Each facility should have 36 monthly recodrs,34/36 monthly records
NAS014,2024-08-31,R8,Each facility should have 36 monthly recodrs,34/36 monthly records
FCT013,2024-04-30,R8,Each facility should have 36 monthly recodrs,32/36 monthly records
NAS013,2022-08-31,R8,Each facility should have 36 monthly recodrs,34/36 monthly records
FCT004,2024-05-31,R8,Each facility should have 36 monthly recodrs,35/36 monthly records
LAG008,2023-05-31,R8,Each facility should have 36 monthly recodrs,34/36 monthly records
CRS014,2024-05-31,R8,Each facility should have 36 monthly recodrs,34/36 monthly records
CRS002,2024-05-31,R8,Each facility should have 36 monthly recodrs,34/36 monthly records
KAD003,2023-09-30,R8,Each facility should have 36 monthly recodrs,33/36 monthly records
RIV009,2023-06-30,R8,Each facility should have 36 monthly recodrs,34/36 monthly records
RIV001,2022-03-31,R8,Each facility should have 36 monthly recodrs,34/36 monthly records
AKS003,2023-08-31,R8,Each facility should have 36 monthly recodrs,34/36 monthly records
LAG011,2022-04-01,R8,Each facility should have 36 monthly recodrs,35/36 monthly records
NAS010,2024-04-30,R8,Each facility should have 36 monthly recodrs,35/36 monthly records
FCT011,2023-02-01,R8,Each facility should have 36 monthly recodrs,34/36 monthly records
NAS003,2024-02-29,R8,Each facility should have 36 monthly recodrs,35/36 monthly records
RIV015,2022-05-31,R8,Each facility should have 36 monthly recodrs,33/36 monthly records
LAG010,2023-09-30,R8,Each facility should have 36 monthly recodrs,34/36 monthly records
FCT005,2023-05-01,R8,Each facility should have 36 monthly recodrs,35/36 monthly records
LAG006,2022-10-31,R8,Each facility should have 36 monthly recodrs,35/36 monthly records
AKS005,2023-08-31,R8,Each facility should have 36 monthly recodrs,35/36 monthly records
NAS013,2024-11-01,R8,Each facility should have 36 monthly recodrs,34/36 monthly records
FCT013,2024-11-30,R8,Each facility should have 36 monthly recodrs,32/36 monthly records
XXX999,2022-11-30,R8,Each facility should have 36 monthly recodrs,29/36 monthly records
NAS009,2023-02-28,R8,Each facility should have 36 monthly recodrs,34/36 monthly records
KAD011,2023-12-31,R8,Each facility should have 36 monthly recodrs,31/36 monthly records
LAG006,2023-04-30,R8,Each facility should have 36 monthly recodrs,35/36 monthly records
FCT008,2023-12-31,R8,Each facility should have 36 monthly recodrs,34/36 monthly records
XXX999,2022-01-31,R8,Each facility should have 36 monthly recodrs,29/36 monthly records
CRS004,2023-09-30,R8,Each facility should have 36 monthly recodrs,35/36 monthly records
FCT014,2024-11-30,R8,Each facility should have 36 monthly recodrs,35/36 monthly records
NAS001,2024-06-30,R8,Each facility should have 36 monthly recodrs,34/36 monthly records
NAS010,2023-02-28,R8,Each facility should have 36 monthly recodrs,35/36 monthly records
KAD012,2023-09-30,R8,Each facility should have 36 monthly recodrs,34/36 monthly records
BEN011,2023-05-01,R8,Each facility should have 36 monthly recodrs,35/36 monthly records
RIV002,2023-06-30,R8,Each facility should have 36 monthly recodrs,35/36 monthly records
AKS002,2022-06-30,R8,Each facility should have 36 monthly recodrs,33/36 monthly records
RIV001,2023-09-30,R8,Each facility should have 36 monthly recodrs,34/36 monthly records
CRS009,2023-11-30,R8,Each facility should have 36 monthly recodrs,35/36 monthly records
NAS012,2024-03-31,R8,Each facility should have 36 monthly recodrs,34/36 monthly records
BEN008,2022-12-01,R8,Each facility should have 36 monthly recodrs,35/36 monthly records
FCT001,2024-03-31,R8,Each facility should have 36 monthly recodrs,33/36 monthly records
KAD008,2023-09-30,R8,Each facility should have 36 monthly recodrs,35/36 monthly records
BEN011,2022-07-31,R8,Each facility should have 36 monthly recodrs,35/36 monthly records
AKS008,2022-10-31,R8,Each facility should have 36 monthly recodrs,33/36 monthly records
FCT001,2023-04-30,R8,Each facility should have 36 monthly recodrs,33/36 monthly records
LAG003,2022-02-28,R8,Each facility should have 36 monthly recodrs,35/36 monthly records
LAG004,2022-02-28,R8,Each facility should have 36 monthly recodrs,34/36 monthly records
RIV009,2022-07-31,R8,Each facility should have 36 monthly recodrs,34/36 monthly records
TMP001,2024-11-01,R8,Each facility should have 36 monthly recodrs,27/36 monthly records
LAG011,2024-11-30,R8,Each facility should have 36 monthly recodrs,35/36 monthly records
AKS010,2023-05-31,R8,Each facility should have 36 monthly recodrs,34/36 monthly records
LAG099,2023-10-01,R8,Each facility should have 36 monthly recodrs,31/36 monthly records
NAS011,2023-05-31,R8,Each facility should have 36 monthly recodrs,35/36 monthly records
XXX999,2023-01-31,R8,Each facility should have 36 monthly recodrs,29/36 monthly records
KAD010,2024-02-29,R8,Each facility should have 36 monthly recodrs,34/36 monthly records
NAS010,2022-03-31,R8,Each facility should have 36 monthly recodrs,35/36 monthly records
KAD012,2024-01-31,R8,Each facility should have 36 monthly recodrs,34/36 monthly records
NAS015,2024-12-31,R8,Each facility should have 36 monthly recodrs,35/36 monthly records
KAD008,2024-12-01,R8,Each facility should have 36 monthly recodrs,35/36 monthly records
NAS999,2022-07-31,R8,Each facility should have 36 monthly recodrs,27/36 monthly records
KAD006,2022-07-31,R8,Each facility should have 36 monthly recodrs,35/36 monthly records
BEN006,2023-04-30,R8,Each facility should have 36 monthly recodrs,35/36 monthly records
NAS003,2023-06-01,R8,Each facility should have 36 monthly recodrs,35/36 monthly records
AKS010,2023-12-31,R8,Each facility should have 36 monthly recodrs,34/36 monthly records
CRS011,2022-03-31,R8,Each facility should have 36 monthly recodrs,34/36 monthly records
NAS009,2022-11-30,R8,Each facility should have 36 monthly recodrs,34/36 monthly records
NAS007,2024-02-29,R8,Each facility should have 36 monthly recodrs,35/36 monthly records
RIV004,2022-09-30,R8,Each facility should have 36 monthly recodrs,35/36 monthly records
RIV003,2023-09-30,R8,Each facility should have 36 monthly recodrs,33/36 monthly records
LAG099,2023-09-30,R8,Each facility should have 36 monthly recodrs,31/36 monthly records
KAD015,2022-05-31,R8,Each facility should have 36 monthly recodrs,35/36 monthly records
KAD004,2023-04-30,R8,Each facility should have 36 monthly recodrs,35/36 monthly records
CRS004,2024-06-01,R8,Each facility should have 36 monthly recodrs,35/36 monthly records
AKS004,2022-08-31,R8,Each facility should have 36 monthly recodrs,35/36 monthly records
NAS005,2023-08-31,R8,Each facility should have 36 monthly recodrs,32/36 monthly records
BEN005,2022-09-30,R8,Each facility should have 36 monthly recodrs,31/36 monthly records
BEN003,2022-02-28,R8,Each facility should have 36 monthly recodrs,34/36 monthly records
KAD009,2024-01-31,R8,Each facility should have 36 monthly recodrs,35/36 monthly records
AKS002,2023-10-31,R8,Each facility should have 36 monthly recodrs,33/36 monthly records
NAS001,2022-10-31,R8,Each facility should have 36 monthly recodrs,34/36 monthly records
XXX999,2024-10-31,R8,Each facility should have 36 monthly recodrs,29/36 monthly records
LAG004,2022-12-31,R8,Each facility should have 36 monthly recodrs,34/36 monthly records
CRS008,2023-01-31,R8,Each facility should have 36 monthly recodrs,32/36 monthly records
KAD008,2024-09-30,R8,Each facility should have 36 monthly recodrs,35/36 monthly records
KAD009,2022-05-31,R8,Each facility should have 36 monthly recodrs,35/36 monthly records
RIV005,2023-12-31,R8,Each facility should have 36 monthly recodrs,34/36 monthly records
NAS999,2024-02-29,R8,Each facility should have 36 monthly recodrs,27/36 monthly records
BEN009,2023-01-31,R8,Each facility should have 36 monthly recodrs,33/36 monthly records
AKS003,2022-01-31,R8,Each facility should have 36 monthly recodrs,34/36 monthly records
LAG009,2023-07-31,R8,Each facility should have 36 monthly recodrs,35/36 monthly records
RIV006,2023-12-31,R8,Each facility should have 36 monthly recodrs,35/36 monthly records
RIV013,2024-10-31,R8,Each facility should have 36 monthly recodrs,35/36 monthly records
BEN004,2022-03-31,R8,Each facility should have 36 monthly recodrs,31/36 monthly records
BEN005,2023-10-31,R8,Each facility should have 36 monthly recodrs,31/36 monthly records
KAD001,2022-03-31,R8,Each facility should have 36 monthly recodrs,33/36 monthly records
RIV013,2024-03-31,R8,Each facility should have 36 monthly recodrs,35/36 monthly records
BEN014,2024-10-31,R8,Each facility should have 36 monthly recodrs,34/36 monthly records
NAS013,2024-04-30,R8,Each facility should have 36 monthly recodrs,34/36 monthly records
LAG006,2024-07-31,R8,Each facility should have 36 monthly recodrs,35/36 monthly records
FCT012,2024-03-31,R8,Each facility should have 36 monthly recodrs,33/36 monthly records
KAD003,2022-05-01,R8,Each facility should have 36 monthly recodrs,33/36 monthly records
AKS013,2022-09-30,R8,Each facility should have 36 monthly recodrs,34/36 monthly records
RIV004,2022-02-28,R8,Each facility should have 36 monthly recodrs,35/36 monthly records
BEN014,2022-03-31,R8,Each facility should have 36 monthly recodrs,34/36 monthly records
NAS006,2024-10-31,R8,Each facility should have 36 monthly recodrs,35/36 monthly records
NAS011,2022-03-31,R8,Each facility should have 36 monthly recodrs,35/36 monthly records
RIV003,2023-07-31,R8,Each facility should have 36 monthly recodrs,33/36 monthly records
RIV004,2024-01-31,R8,Each facility should have 36 monthly recodrs,35/36 monthly records
BEN005,2024-06-30,R8,Each facility should have 36 monthly recodrs,31/36 monthly records
AKS014,2023-03-31,R8,Each facility should have 36 monthly recodrs,34/36 monthly records
BEN015,2022-05-31,R8,Each facility should have 36 monthly recodrs,34/36 monthly records
NAS009,2023-06-30,R8,Each facility should have 36 monthly recodrs,34/36 monthly records
BEN011,2024-03-31,R8,Each facility should have 36 monthly recodrs,35/36 monthly records
KAD011,2023-06-30,R8,Each facility should have 36 monthly recodrs,31/36 monthly records
NAS007,2024-12-31,R8,Each facility should have 36 monthly recodrs,35/36 monthly records
AKS002,2023-02-01,R8,Each facility should have 36 monthly recodrs,33/36 monthly records
CRS007,2024-03-31,R8,Each facility should have 36 monthly recodrs,33/36 monthly records
RIV009,2024-07-31,R8,Each facility should have 36 monthly recodrs,34/36 monthly records
RIV015,2024-05-31,R8,Each facility should have 36 monthly recodrs,33/36 monthly records
RIV005,2024-12-31,R8,Each facility should have 36 monthly recodrs,34/36 monthly records
FCT009,2024-01-31,R8,Each facility should have 36 monthly recodrs,35/36 monthly records
LAG002,2022-09-30,R8,Each facility should have 36 monthly recodrs,35/36 monthly records
LAG002,2022-05-31,R8,Each facility should have 36 monthly recodrs,35/36 monthly records
KAD002,2024-08-31,R8,Each facility should have 36 monthly recodrs,35/36 monthly records
RIV001,2024-10-31,R8,Each facility should have 36 monthly recodrs,34/36 monthly records
FCT013,2022-05-31,R8,Each facility should have 36 monthly recodrs,32/36 monthly records
TMP001,2024-07-31,R8,Each facility should have 36 monthly recodrs,27/36 monthly records
KAD015,2024-12-31,R8,Each facility should have 36 monthly recodrs,35/36 monthly records
BEN009,2023-10-31,R8,Each facility should have 36 monthly recodrs,33/36 monthly records
KAD009,2023-01-31,R8,Each facility should have 36 monthly recodrs,35/36 monthly records
BEN009,2024-12-31,R8,Each facility should have 36 monthly recodrs,33/36 monthly records
BEN004,2022-08-31,R8,Each facility should have 36 monthly recodrs,31/36 monthly records
KAD009,2022-07-31,R8,Each facility should have 36 monthly recodrs,35/36 monthly records
LAG006,2022-03-31,R8,Each facility should have 36 monthly recodrs,35/36 monthly records
AKS001,2024-12-31,R8,Each facility should have 36 monthly recodrs,33/36 monthly records
KAD003,2022-09-01,R8,Each facility should have 36 monthly recodrs,33/36 monthly records
NAS013,2024-05-31,R8,Each facility should have 36 monthly recodrs,34/36 monthly records
BEN006,2024-07-31,R8,Each facility should have 36 monthly recodrs,35/36 monthly records
AKS010,2024-02-29,R8,Each facility should have 36 monthly recodrs,34/36 monthly records
NAS015,2023-01-31,R8,Each facility should have 36 monthly recodrs,35/36 monthly records
FCT014,2023-09-30,R8,Each facility should have 36 monthly recodrs,35/36 monthly records
LAG002,2024-06-01,R8,Each facility should have 36 monthly recodrs,35/36 monthly records
BEN011,2022-08-31,R8,Each facility should have 36 monthly recodrs,35/36 monthly records
FCT011,2024-01-31,R8,Each facility should have 36 monthly recodrs,34/36 monthly records
LAG002,2023-08-31,R8,Each facility should have 36 monthly recodrs,35/36 monthly records
CRS002,2023-11-30,R8,Each facility should have 36 monthly recodrs,34/36 monthly records
LAG009,2023-01-31,R8,Each facility should have 36 monthly recodrs,35/36 monthly records
BEN008,2024-06-30,R8,Each facility should have 36 monthly recodrs,35/36 monthly records
LAG006,2024-06-30,R8,Each facility should have 36 monthly recodrs,35/36 monthly records
TMP001,2024-07-31,R8,Each facility should have 36 monthly recodrs,27/36 monthly records
AKS014,2022-02-28,R8,Each facility should have 36 monthly recodrs,34/36 monthly records
AKS004,2024-09-01,R8,Each facility should have 36 monthly recodrs,35/36 monthly records
RIV007,2024-09-01,R8,Each facility should have 36 monthly recodrs,35/36 monthly records
AKS009,2024-12-31,R8,Each facility should have 36 monthly recodrs,34/36 monthly records
KAD015,2023-04-30,R8,Each facility should have 36 monthly recodrs,35/36 monthly records
RIV005,2024-07-31,R8,Each facility should have 36 monthly recodrs,34/36 monthly records
NAS003,2022-01-31,R8,Each facility should have 36 monthly recodrs,35/36 monthly records
NAS014,2023-01-31,R8,Each facility should have 36 monthly recodrs,34/36 monthly records
CRS014,2023-12-31,R8,Each facility should have 36 monthly recodrs,34/36 monthly records
NAS007,2024-11-30,R8,Each facility should have 36 monthly recodrs,35/36 monthly records
FCT006,2023-08-31,R8,Each facility should have 36 monthly recodrs,35/36 monthly records
AKS012,2022-11-30,R8,Each facility should have 36 monthly recodrs,34/36 monthly records
FCT014,2022-11-30,R8,Each facility should have 36 monthly recodrs,35/36 monthly records
RIV013,2024-09-30,R8,Each facility should have 36 monthly recodrs,35/36 monthly records
NAS015,2024-03-31,R8,Each facility should have 36 monthly recodrs,35/36 monthly records
KAD011,2024-01-31,R8,Each facility should have 36 monthly recodrs,31/36 monthly records
CRS010,2024-08-01,R8,Each facility should have 36 monthly recodrs,33/36 monthly records
CRS009,2024-06-30,R8,Each facility should have 36 monthly recodrs,35/36 monthly records
AKS009,2023-04-30,R8,Each facility should have 36 monthly recodrs,34/36 monthly records
BEN005,2024-09-30,R8,Each facility should have 36 monthly recodrs,31/36 monthly records
NAS999,2024-03-31,R8,Each facility should have 36 monthly recodrs,27/36 monthly records
RIV004,2023-05-31,R8,Each facility should have 36 monthly recodrs,35/36 monthly records
BEN003,2024-02-29,R8,Each facility should have 36 monthly recodrs,34/36 monthly records
LAG010,2022-08-31,R8,Each facility should have 36 monthly recodrs,34/36 monthly records
CRS010,2024-11-30,R8,Each facility should have 36 monthly recodrs,33/36 monthly records
LAG015,2023-01-31,R8,Each facility should have 36 monthly recodrs,35/36 monthly records
CRS008,2023-10-31,R8,Each facility should have 36 monthly recodrs,32/36 monthly records
LAG011,2024-10-31,R8,Each facility should have 36 monthly recodrs,35/36 monthly records
XXX999,2024-06-30,R8,Each facility should have 36 monthly recodrs,29/36 monthly records
FCT013,2023-03-31,R8,Each facility should have 36 monthly recodrs,32/36 monthly records
KAD010,2023-05-31,R8,Each facility should have 36 monthly recodrs,34/36 monthly records
AKS009,2023-05-31,R8,Each facility should have 36 monthly recodrs,34/36 monthly records
NAS007,2023-01-31,R8,Each facility should have 36 monthly recodrs,35/36 monthly records
NAS999,2023-05-01,R8,Each facility should have 36 monthly recodrs,27/36 monthly records
CRS003,2022-08-31,R8,Each facility should have 36 monthly recodrs,35/36 monthly records
NAS014,2022-03-31,R8,Each facility should have 36 monthly recodrs,34/36 monthly records
LAG001,2022-09-30,R8,Each facility should have 36 monthly recodrs,32/36 monthly records
KAD009,2023-03-31,R8,Each facility should have 36 monthly recodrs,35/36 monthly records
RIV008,2024-06-01,R8,Each facility should have 36 monthly recodrs,34/36 monthly records
TMP001,2024-10-31,R8,Each facility should have 36 monthly recodrs,27/36 monthly records
BEN008,2024-03-31,R8,Each facility should have 36 monthly recodrs,35/36 monthly records
NAS003,2022-11-30,R8,Each facility should have 36 monthly recodrs,35/36 monthly records
NAS004,2024-09-30,R8,Each facility should have 36 monthly recodrs,35/36 monthly records
RIV013,2024-05-31,R8,Each facility should have 36 monthly recodrs,35/36 monthly records
AKS001,2023-07-31,R8,Each facility should have 36 monthly recodrs,33/36 monthly records
LAG001,2023-10-31,R8,Each facility should have 36 monthly recodrs,32/36 monthly records
LAG002,2023-04-30,R8,Each facility should have 36 monthly recodrs,35/36 monthly records
AKS014,2024-02-29,R8,Each facility should have 36 monthly recodrs,34/36 monthly records
NAS004,2023-07-31,R8,Each facility should have 36 monthly recodrs,35/36 monthly records
KAD007,2022-05-31,R8,Each facility should have 36 monthly recodrs,35/36 monthly records
RIV005,2022-04-30,R8,Each facility should have 36 monthly recodrs,34/36 monthly records
KAD007,2022-07-31,R8,Each facility should have 36 monthly recodrs,35/36 monthly records
BEN015,2024-05-31,R8,Each facility should have 36 monthly recodrs,34/36 monthly records
RIV014,2022-02-28,R8,Each facility should have 36 monthly recodrs,35/36 monthly records
NAS009,2022-03-31,R8,Each facility should have 36 monthly recodrs,34/36 monthly records
BEN007,2024-12-31,R8,Each facility should have 36 monthly recodrs,34/36 monthly records
LAG002,2024-02-29,R8,Each facility should have 36 monthly recodrs,35/36 monthly records
LAG011,2023-12-31,R8,Each facility should have 36 monthly recodrs,35/36 monthly records
BEN007,2023-07-31,R8,Each facility should have 36 monthly recodrs,34/36 monthly records
LAG011,2022-12-01,R8,Each facility should have 36 monthly recodrs,35/36 monthly records
KAD011,2022-11-30,R8,Each facility should have 36 monthly recodrs,31/36 monthly records
AKS010,2023-09-30,R8,Each facility should have 36 monthly recodrs,34/36 monthly records
NAS014,2022-04-30,R8,Each facility should have 36 monthly recodrs,34/36 monthly records
RIV013,2023-03-31,R8,Each facility should have 36 monthly recodrs,35/36 monthly records
KAD009,2024-03-31,R8,Each facility should have 36 monthly recodrs,35/36 monthly records
CRS009,2022-03-31,R8,Each facility should have 36 monthly recodrs,35/36 monthly records
FCT008,2022-09-30,R8,Each facility should have 36 monthly recodrs,34/36 monthly records
BEN004,2022-11-30,R8,Each facility should have 36 monthly recodrs,31/36 monthly records
AKS003,2023-02-28,R8,Each facility should have 36 monthly recodrs,34/36 monthly records
NAS999,2022-11-30,R8,Each facility should have 36 monthly recodrs,27/36 monthly records
CRS002,2022-05-31,R8,Each facility should have 36 monthly recodrs,34/36 monthly records
BEN009,2023-06-30,R8,Each facility should have 36 monthly recodrs,33/36 monthly records
KAD001,2023-07-01,R8,Each facility should have 36 monthly recodrs,33/36 monthly records
RIV014,2022-07-31,R8,Each facility should have 36 monthly recodrs,35/36 monthly records
AKS004,2023-09-30,R8,Each facility should have 36 monthly recodrs,35/36 monthly records
BEN009,2022-01-31,R8,Each facility should have 36 monthly recodrs,33/36 monthly records
CRS009,2023-12-31,R8,Each facility should have 36 monthly recodrs,35/36 monthly records
NAS004,2022-06-30,R8,Each facility should have 36 monthly recodrs,35/36 monthly records
CRS004,2022-11-30,R8,Each facility should have 36 monthly recodrs,35/36 monthly records
BEN008,2024-08-31,R8,Each facility should have 36 monthly recodrs,35/36 monthly records
AKS009,2023-08-31,R8,Each facility should have 36 monthly recodrs,34/36 monthly records
LAG002,2022-10-31,R8,Each facility should have 36 monthly recodrs,35/36 monthly records
KAD015,2022-04-30,R8,Each facility should have 36 monthly recodrs,35/36 monthly records
BEN007,2024-02-29,R8,Each facility should have 36 monthly recodrs,34/36 monthly records
CRS008,2023-08-31,R8,Each facility should have 36 monthly recodrs,32/36 monthly records
BEN004,2023-09-30,R8,Each facility should have 36 monthly recodrs,31/36 monthly records
NAS003,2022-04-30,R8,Each facility should have 36 monthly recodrs,35/36 monthly records
CRS007,2024-12-31,R8,Each facility should have 36 monthly recodrs,33/36 monthly records
BEN005,2023-04-30,R8,Each facility should have 36 monthly recodrs,31/36 monthly records
FCT004,2024-02-29,R8,Each facility should have 36 monthly recodrs,35/36 monthly records
AKS008,2023-12-31,R8,Each facility should have 36 monthly recodrs,33/36 monthly records
AKS014,2023-10-31,R8,Each facility should have 36 monthly recodrs,34/36 monthly records
BEN005,2022-06-30,R8,Each facility should have 36 monthly recodrs,31/36 monthly records
NAS005,2024-11-01,R8,Each facility should have 36 monthly recodrs,32/36 monthly records
CRS002,2024-08-31,R8,Each facility should have 36 monthly recodrs,34/36 monthly records
XXX999,2023-03-31,R8,Each facility should have 36 monthly recodrs,29/36 monthly records
FCT001,2022-11-30,R8,Each facility should have 36 monthly recodrs,33/36 monthly records
AKS008,2024-06-30,R8,Each facility should have 36 monthly recodrs,33/36 monthly records
CRS008,2023-07-31,R8,Each facility should have 36 monthly recodrs,32/36 monthly records
BEN007,2024-01-31,R8,Each facility should have 36 monthly recodrs,34/36 monthly records
RIV012,2024-09-30,R8,Each facility should have 36 monthly recodrs,35/36 monthly records
NAS004,2022-10-31,R8,Each facility should have 36 monthly recodrs,35/36 monthly records
KAD011,2022-09-01,R8,Each facility should have 36 monthly recodrs,31/36 monthly records
FCT009,2024-07-31,R8,Each facility should have 36 monthly recodrs,35/36 monthly records
KAD002,2024-04-30,R8,Each facility should have 36 monthly recodrs,35/36 monthly records
RIV003,2022-08-31,R8,Each facility should have 36 monthly recodrs,33/36 monthly records
FCT011,2023-04-30,R8,Each facility should have 36 monthly recodrs,34/36 monthly records
LAG004,2023-07-31,R8,Each facility should have 36 monthly recodrs,34/36 monthly records
KAD013,2024-10-31,R8,Each facility should have 36 monthly recodrs,35/36 monthly records
LAG007,2023-04-30,R8,Each facility should have 36 monthly recodrs,35/36 monthly records
LAG002,2022-04-30,R8,Each facility should have 36 monthly recodrs,35/36 monthly records
FCT006,2023-05-31,R8,Each facility should have 36 monthly recodrs,35/36 monthly records
LAG012,2022-09-30,R8,Each facility should have 36 monthly recodrs,34/36 monthly records
LAG010,2023-05-31,R8,Each facility should have 36 monthly recodrs,34/36 monthly records
BEN007,2023-04-30,R8,Each facility should have 36 monthly recodrs,34/36 monthly records
LAG011,2024-04-30,R8,Each facility should have 36 monthly recodrs,35/36 monthly records
RIV001,2024-12-31,R8,Each facility should have 36 monthly recodrs,34/36 monthly records
CRS014,2023-02-28,R8,Each facility should have 36 monthly recodrs,34/36 monthly records
LAG003,2023-07-31,R8,Each facility should have 36 monthly recodrs,35/36 monthly records
KAD007,2023-03-31,R8,Each facility should have 36 monthly recodrs,35/36 monthly records
KAD001,2024-01-31,R8,Each facility should have 36 monthly recodrs,33/36 monthly records
CRS009,2022-10-31,R8,Each facility should have 36 monthly recodrs,35/36 monthly records
RIV009,2024-10-31,R8,Each facility should have 36 monthly recodrs,34/36 monthly records
LAG006,2022-06-30,R8,Each facility should have 36 monthly recodrs,35/36 monthly records
TMP001,2023-01-31,R8,Each facility should have 36 monthly recodrs,27/36 monthly records
AKS008,2023-06-01,R8,Each facility should have 36 monthly recodrs,33/36 monthly records
RIV003,2023-06-30,R8,Each facility should have 36 monthly recodrs,33/36 monthly records
FCT005,2024-11-30,R8,Each facility should have 36 monthly recodrs,35/36 monthly records
AKS009,2023-01-31,R8,Each facility should have 36 monthly recodrs,34/36 monthly records
AKS013,2024-04-30,R8,Each facility should have 36 monthly recodrs,34/36 monthly records
BEN011,2022-12-31,R8,Each facility should have 36 monthly recodrs,35/36 monthly records
LAG012,2024-11-30,R8,Each facility should have 36 monthly recodrs,34/36 monthly records
NAS007,2022-04-01,R8,Each facility should have 36 monthly recodrs,35/36 monthly records
KAD007,2024-08-31,R8,Each facility should have 36 monthly recodrs,35/36 monthly records
CRS008,2024-09-30,R8,Each facility should have 36 monthly recodrs,32/36 monthly records
KAD009,2023-05-31,R8,Each facility should have 36 monthly recodrs,35/36 monthly records
RIV009,2022-10-31,R8,Each facility should have 36 monthly recodrs,34/36 monthly records
KAD009,2022-08-31,R8,Each facility should have 36 monthly recodrs,35/36 monthly records
LAG011,2024-09-30,R8,Each facility should have 36 monthly recodrs,35/36 monthly records
RIV008,2024-12-31,R8,Each facility should have 36 monthly recodrs,34/36 monthly records
AKS014,2024-12-31,R8,Each facility should have 36 monthly recodrs,34/36 monthly records
FCT014,2024-04-30,R8,Each facility should have 36 monthly recodrs,35/36 monthly records
CRS002,2023-12-31,R8,Each facility should have 36 monthly recodrs,34/36 monthly records
AKS011,2023-09-01,R8,Each facility should have 36 monthly recodrs,34/36 monthly records
CRS003,2024-08-31,R8,Each facility should have 36 monthly recodrs,35/36 monthly records
BEN013,2023-06-30,R8,Each facility should have 36 monthly recodrs,34/36 monthly records
CRS014,2022-03-31,R8,Each facility should have 36 monthly recodrs,34/36 monthly records
FCT011,2022-12-31,R8,Each facility should have 36 monthly recodrs,34/36 monthly records
FCT006,2022-05-01,R8,Each facility should have 36 monthly recodrs,35/36 monthly records
AKS011,2023-03-31,R8,Each facility should have 36 monthly recodrs,34/36 monthly records
CRS008,2024-03-31,R8,Each facility should have 36 monthly recodrs,32/36 monthly records
RIV012,2022-04-30,R8,Each facility should have 36 monthly recodrs,35/36 monthly records
NAS011,2023-04-01,R8,Each facility should have 36 monthly recodrs,35/36 monthly records
CRS002,2023-08-31,R8,Each facility should have 36 monthly recodrs,34/36 monthly records
LAG015,2024-04-30,R8,Each facility should have 36 monthly recodrs,35/36 monthly records
KAD009,2022-02-01,R8,Each facility should have 36 monthly recodrs,35/36 monthly records
LAG013,2023-09-30,R8,Each facility should have 36 monthly recodrs,35/36 monthly records
AKS015,2024-02-29,R8,Each facility should have 36 monthly recodrs,34/36 monthly records
KAD007,2022-06-30,R8,Each facility should have 36 monthly recodrs,35/36 monthly records
RIV003,2024-01-31,R8,Each facility should have 36 monthly recodrs,33/36 monthly records
BEN006,2023-02-28,R8,Each facility should have 36 monthly recodrs,35/36 monthly records
KAD009,2022-03-31,R8,Each facility should have 36 monthly recodrs,35/36 monthly records
NAS999,2022-12-31,R8,Each facility should have 36 monthly recodrs,27/36 monthly records
LAG006,2022-02-28,R8,Each facility should have 36 monthly recodrs,35/36 monthly records
BEN011,2022-06-30,R8,Each facility should have 36 monthly recodrs,35/36 monthly records
BEN013,2024-04-30,R8,Each facility should have 36 monthly recodrs,34/36 monthly records
BEN006,2023-06-30,R8,Each facility should have 36 monthly recodrs,35/36 monthly records
RIV002,2024-08-31,R8,Each facility should have 36 monthly recodrs,35/36 monthly records
LAG003,2024-01-31,R8,Each facility should have 36 monthly recodrs,35/36 monthly records
RIV012,2023-08-31,R8,Each facility should have 36 monthly recodrs,35/36 monthly records
KAD010,2023-12-31,R8,Each facility should have 36 monthly recodrs,34/36 monthly records
FCT014,2023-11-30,R8,Each facility should have 36 monthly recodrs,35/36 monthly records
AKS012,2022-08-31,R8,Each facility should have 36 monthly recodrs,34/36 monthly records
XXX999,2023-12-31,R8,Each facility should have 36 monthly recodrs,29/36 monthly records
NAS007,2023-08-31,R8,Each facility should have 36 monthly recodrs,35/36 monthly records
LAG011,2022-02-28,R8,Each facility should have 36 monthly recodrs,35/36 monthly records
AKS005,2023-03-31,R8,Each facility should have 36 monthly recodrs,35/36 monthly records
LAG004,2024-01-31,R8,Each facility should have 36 monthly recodrs,34/36 monthly records
KAD003,2022-04-30,R8,Each facility should have 36 monthly recodrs,33/36 monthly records
RIV011,2022-03-31,R8,Each facility should have 36 monthly recodrs,33/36 monthly records
AKS010,2024-05-31,R8,Each facility should have 36 monthly recodrs,34/36 monthly records
BEN005,2022-07-31,R8,Each facility should have 36 monthly recodrs,31/36 monthly records
NAS010,2024-07-31,R8,Each facility should have 36 monthly recodrs,35/36 monthly records
LAG015,2023-09-30,R8,Each facility should have 36 monthly recodrs,35/36 monthly records
AKS013,2023-01-31,R8,Each facility should have 36 monthly recodrs,34/36 monthly records
CRS004,2024-10-31,R8,Each facility should have 36 monthly recodrs,35/36 monthly records
NAS999,2024-11-30,R8,Each facility should have 36 monthly recodrs,27/36 monthly records
LAG004,2023-02-28,R8,Each facility should have 36 monthly recodrs,34/36 monthly records
AKS009,2023-05-31,R8,Each facility should have 36 monthly recodrs,34/36 monthly records
TMP001,2023-12-31,R8,Each facility should have 36 monthly recodrs,27/36 monthly records
RIV001,2022-09-30,R8,Each facility should have 36 monthly recodrs,34/36 monthly records
KAD013,2024-12-31,R8,Each facility should have 36 monthly recodrs,35/36 monthly records
CRS007,2022-02-28,R8,Each facility should have 36 monthly recodrs,33/36 monthly records
AKS009,2023-07-31,R8,Each facility should have 36 monthly recodrs,34/36 monthly records
FCT005,2024-12-31,R8,Each facility should have 36 monthly recodrs,35/36 monthly records
TMP001,2022-11-30,R8,Each facility should have 36 monthly recodrs,27/36 monthly records
FCT006,2023-09-30,R8,Each facility should have 36 monthly recodrs,35/36 monthly records
LAG009,2023-12-31,R8,Each facility should have 36 monthly recodrs,35/36 monthly records
RIV006,2024-06-30,R8,Each facility should have 36 monthly recodrs,35/36 monthly records
FCT011,2024-03-31,R8,Each facility should have 36 monthly recodrs,34/36 monthly records
BEN006,2022-11-30,R8,Each facility should have 36 monthly recodrs,35/36 monthly records
CRS009,2022-04-30,R8,Each facility should have 36 monthly recodrs,35/36 monthly records
NAS013,2023-10-31,R8,Each facility should have 36 monthly recodrs,34/36 monthly records
RIV012,2024-11-30,R8,Each facility should have 36 monthly recodrs,35/36 monthly records
AKS001,2023-02-28,R8,Each facility should have 36 monthly recodrs,33/36 monthly records
RIV008,2023-05-31,R8,Each facility should have 36 monthly recodrs,34/36 monthly records
AKS015,2022-11-30,R8,Each facility should have 36 monthly recodrs,34/36 monthly records
AKS012,2023-02-28,R8,Each facility should have 36 monthly recodrs,34/36 monthly records
CRS010,2023-10-31,R8,Each facility should have 36 monthly recodrs,33/36 monthly records
TMP001,2022-07-31,R8,Each facility should have 36 monthly recodrs,27/36 monthly records
AKS013,2024-03-31,R8,Each facility should have 36 monthly recodrs,34/36 monthly records
KAD001,2024-02-29,R8,Each facility should have 36 monthly recodrs,33/36 monthly records
FCT008,2023-11-30,R8,Each facility should have 36 monthly recodrs,34/36 monthly records
NAS014,2024-11-30,R8,Each facility should have 36 monthly recodrs,34/36 monthly records
CRS007,2023-07-31,R8,Each facility should have 36 monthly recodrs,33/36 monthly records
KAD007,2023-06-30,R8,Each facility should have 36 monthly recodrs,35/36 monthly records
KAD013,2024-05-31,R8,Each facility should have 36 monthly recodrs,35/36 monthly records
LAG008,2023-04-30,R8,Each facility should have 36 monthly recodrs,34/36 monthly records
LAG003,2024-02-29,R8,Each facility should have 36 monthly recodrs,35/36 monthly records
KAD012,2022-03-31,R8,Each facility should have 36 monthly recodrs,34/36 monthly records
RIV001,2023-01-31,R8,Each facility should have 36 monthly recodrs,34/36 monthly records
BEN011,2022-04-30,R8,Each facility should have 36 monthly recodrs,35/36 monthly records
FCT004,2022-07-31,R8,Each facility should have 36 monthly recodrs,35/36 monthly records
NAS013,2023-08-31,R8,Each facility should have 36 monthly recodrs,34/36 monthly records
LAG009,2023-10-31,R8,Each facility should have 36 monthly recodrs,35/36 monthly records
RIV003,2023-11-01,R8,Each facility should have 36 monthly recodrs,33/36 monthly records
LAG099,2022-06-30,R8,Each facility should have 36 monthly recodrs,31/36 monthly records
AKS009,2024-05-31,R8,Each facility should have 36 monthly recodrs,34/36 monthly records
CRS004,2023-07-31,R8,Each facility should have 36 monthly recodrs,35/36 monthly records
NAS011,2023-10-31,R8,Each facility should have 36 monthly recodrs,35/36 monthly records
BEN008,2022-01-31,R8,Each facility should have 36 monthly recodrs,35/36 monthly records
AKS012,2024-08-31,R8,Each facility should have 36 monthly recodrs,34/36 monthly records
TMP001,2024-08-31,R8,Each facility should have 36 monthly recodrs,27/36 monthly records
AKS003,2024-10-31,R8,Each facility should have 36 monthly recodrs,34/36 monthly records
NAS999,2024-11-30,R8,Each facility should have 36 monthly recodrs,27/36 monthly records
FCT001,2023-02-28,R8,Each facility should have 36 monthly recodrs,33/36 monthly records
NAS003,2024-10-31,R8,Each facility should have 36 monthly recodrs,35/36 monthly records
FCT001,2022-08-31,R8,Each facility should have 36 monthly recodrs,33/36 monthly records
LAG010,2022-10-31,R8,Each facility should have 36 monthly recodrs,34/36 monthly records
FCT004,2022-09-30,R8,Each facility should have 36 monthly recodrs,35/36 monthly records
AKS001,2022-02-28,R8,Each facility should have 36 monthly recodrs,33/36 monthly records
AKS002,2024-08-31,R8,Each facility should have 36 monthly recodrs,33/36 monthly records
LAG010,2022-12-31,R8,Each facility should have 36 monthly recodrs,34/36 monthly records
CRS008,2022-06-30,R8,Each facility should have 36 monthly recodrs,32/36 monthly records
NAS011,2023-09-01,R8,Each facility should have 36 monthly recodrs,35/36 monthly records
KAD004,2022-10-31,R8,Each facility should have 36 monthly recodrs,35/36 monthly records
RIV002,2023-04-30,R8,Each facility should have 36 monthly recodrs,35/36 monthly records
LAG003,2022-08-31,R8,Each facility should have 36 monthly recodrs,35/36 monthly records
KAD008,2023-12-31,R8,Each facility should have 36 monthly recodrs,35/36 monthly records
BEN014,2024-09-30,R8,Each facility should have 36 monthly recodrs,34/36 monthly records
KAD012,2022-01-31,R8,Each facility should have 36 monthly recodrs,34/36 monthly records
RIV007,2023-11-30,R8,Each facility should have 36 monthly recodrs,35/36 monthly records
KAD007,2024-04-30,R8,Each facility should have 36 monthly recodrs,35/36 monthly records
LAG012,2024-08-31,R8,Each facility should have 36 monthly recodrs,34/36 monthly records
NAS005,2023-03-31,R8,Each facility should have 36 monthly recodrs,32/36 monthly records
KAD002,2023-05-31,R8,Each facility should have 36 monthly recodrs,35/36 monthly records
KAD009,2024-07-31,R8,Each facility should have 36 monthly recodrs,35/36 monthly records
BEN014,2023-12-31,R8,Each facility should have 36 monthly recodrs,34/36 monthly records
CRS011,2023-10-31,R8,Each facility should have 36 monthly recodrs,34/36 monthly records
NAS012,2022-01-31,R8,Each facility should have 36 monthly recodrs,34/36 monthly records
NAS001,2023-05-31,R8,Each facility should have 36 monthly recodrs,34/36 monthly records
BEN015,2023-06-30,R8,Each facility should have 36 monthly recodrs,34/36 monthly records
BEN008,2023-04-30,R8,Each facility should have 36 monthly recodrs,35/36 monthly records
LAG012,2022-02-28,R8,Each facility should have 36 monthly recodrs,34/36 monthly records
AKS008,2023-10-31,R8,Each facility should have 36 monthly recodrs,33/36 monthly records
AKS002,2024-12-31,R8,Each facility should have 36 monthly recodrs,33/36 monthly records
AKS011,2024-11-30,R8,Each facility should have 36 monthly recodrs,34/36 monthly records
RIV002,2022-08-01,R8,Each facility should have 36 monthly recodrs,35/36 monthly records
BEN009,2022-04-01,R8,Each facility should have 36 monthly recodrs,33/36 monthly records
FCT011,2024-09-30,R8,Each facility should have 36 monthly recodrs,34/36 monthly records
KAD015,2023-05-31,R8,Each facility should have 36 monthly recodrs,35/36 monthly records
TMP001,2024-02-29,R8,Each facility should have 36 monthly recodrs,27/36 monthly records
KAD012,2024-07-31,R8,Each facility should have 36 monthly recodrs,34/36 monthly records
KAD006,2022-02-01,R8,Each facility should have 36 monthly recodrs,35/36 monthly records
CRS011,2022-04-30,R8,Each facility should have 36 monthly recodrs,34/36 monthly records
BEN006,2022-04-30,R8,Each facility should have 36 monthly recodrs,35/36 monthly records
NAS005,2022-03-31,R8,Each facility should have 36 monthly recodrs,32/36 monthly records
AKS015,2023-11-30,R8,Each facility should have 36 monthly recodrs,34/36 monthly records
AKS011,2023-06-30,R8,Each facility should have 36 monthly recodrs,34/36 monthly records
BEN014,2023-04-01,R8,Each facility should have 36 monthly recodrs,34/36 monthly records
KAD010,2024-04-30,R8,Each facility should have 36 monthly recodrs,34/36 monthly records
LAG010,2023-12-01,R8,Each facility should have 36 monthly recodrs,34/36 monthly records
NAS012,2023-04-30,R8,Each facility should have 36 monthly recodrs,34/36 monthly records
AKS010,2024-01-31,R8,Each facility should have 36 monthly recodrs,34/36 monthly records
CRS002,2023-09-30,R8,Each facility should have 36 monthly recodrs,34/36 monthly records
LAG003,2023-10-31,R8,Each facility should have 36 monthly recodrs,35/36 monthly records
RIV015,2022-07-31,R8,Each facility should have 36 monthly recodrs,33/36 monthly records
RIV002,2023-03-01,R8,Each facility should have 36 monthly recodrs,35/36 monthly records
AKS015,2023-04-30,R8,Each facility should have 36 monthly recodrs,34/36 monthly records
NAS003,2022-07-31,R8,Each facility should have 36 monthly recodrs,35/36 monthly records
CRS010,2023-03-31,R8,Each facility should have 36 monthly recodrs,33/36 monthly records
LAG099,2024-10-31,R8,Each facility should have 36 monthly recodrs,31/36 monthly records
NAS004,2024-10-31,R8,Each facility should have 36 monthly recodrs,35/36 monthly records
NAS014,2023-10-31,R8,Each facility should have 36 monthly recodrs,34/36 monthly records
NAS003,2024-08-31,R8,Each facility should have 36 monthly recodrs,35/36 monthly records
BEN007,2022-03-31,R8,Each facility should have 36 monthly recodrs,34/36 monthly records
LAG006,2023-02-28,R8,Each facility should have 36 monthly recodrs,35/36 monthly records
RIV007,2024-12-31,R8,Each facility should have 36 monthly recodrs,35/36 monthly records
RIV008,2022-01-31,R8,Each facility should have 36 monthly recodrs,34/36 monthly records
CRS004,2022-01-31,R8,Each facility should have 36 monthly recodrs,35/36 monthly records
LAG011,2022-05-31,R8,Each facility should have 36 monthly recodrs,35/36 monthly records
KAD010,2024-09-30,R8,Each facility should have 36 monthly recodrs,34/36 monthly records
FCT014,2024-03-01,R8,Each facility should have 36 monthly recodrs,35/36 monthly records
BEN013,2023-11-30,R8,Each facility should have 36 monthly recodrs,34/36 monthly records
CRS008,2022-04-30,R8,Each facility should have 36 monthly recodrs,32/36 monthly records
NAS001,2023-01-31,R8,Each facility should have 36 monthly recodrs,34/36 monthly records
AKS003,2022-12-31,R8,Each facility should have 36 monthly recodrs,34/36 monthly records
FCT006,2023-03-31,R8,Each facility should have 36 monthly recodrs,35/36 monthly records
AKS001,2023-09-30,R8,Each facility should have 36 monthly recodrs,33/36 monthly records
NAS011,2023-08-31,R8,Each facility should have 36 monthly recodrs,35/36 monthly records
BEN014,2023-07-31,R8,Each facility should have 36 monthly recodrs,34/36 monthly records
RIV013,2022-02-28,R8,Each facility should have 36 monthly recodrs,35/36 monthly records
LAG003,2023-11-01,R8,Each facility should have 36 monthly recodrs,35/36 monthly records
KAD012,2023-06-30,R8,Each facility should have 36 monthly recodrs,34/36 monthly records
NAS001,2023-07-31,R8,Each facility should have 36 monthly recodrs,34/36 monthly records
KAD006,2022-06-30,R8,Each facility should have 36 monthly recodrs,35/36 monthly records
NAS007,2022-07-31,R8,Each facility should have 36 monthly recodrs,35/36 monthly records
RIV006,2023-06-30,R8,Each facility should have 36 monthly recodrs,35/36 monthly records
BEN011,2023-06-30,R8,Each facility should have 36 monthly recodrs,35/36 monthly records
KAD012,2022-10-31,R8,Each facility should have 36 monthly recodrs,34/36 monthly records
NAS011,2023-11-30,R8,Each facility should have 36 monthly recodrs,35/36 monthly records
LAG015,2022-07-31,R8,Each facility should have 36 monthly recodrs,35/36 monthly records
RIV011,2022-07-01,R8,Each facility should have 36 monthly recodrs,33/36 monthly records
CRS008,2023-11-30,R8,Each facility should have 36 monthly recodrs,32/36 monthly records
FCT008,2023-09-30,R8,Each facility should have 36 monthly recodrs,34/36 monthly records
RIV012,2022-12-31,R8,Each facility should have 36 monthly recodrs,35/36 monthly records
NAS011,2024-06-30,R8,Each facility should have 36 monthly recodrs,35/36 monthly records
RIV005,2024-08-31,R8,Each facility should have 36 monthly recodrs,34/36 monthly records
RIV005,2022-03-31,R8,Each facility should have 36 monthly recodrs,34/36 monthly records
NAS009,2023-08-31,R8,Each facility should have 36 monthly recodrs,34/36 monthly records
FCT006,2023-06-30,R8,Each facility should have 36 monthly recodrs,35/36 monthly records
CRS008,2024-10-31,R8,Each facility should have 36 monthly recodrs,32/36 monthly records
XXX999,2023-10-31,R8,Each facility should have 36 monthly recodrs,29/36 monthly records
NAS001,2022-01-31,R8,Each facility should have 36 monthly recodrs,34/36 monthly records
RIV011,2023-06-01,R8,Each facility should have 36 monthly recodrs,33/36 monthly records
KAD007,2024-02-29,R8,Each facility should have 36 monthly recodrs,35/36 monthly records
NAS001,2023-08-31,R8,Each facility should have 36 monthly recodrs,34/36 monthly records
NAS006,2022-05-31,R8,Each facility should have 36 monthly recodrs,35/36 monthly records
KAD015,2024-11-30,R8,Each facility should have 36 monthly recodrs,35/36 monthly records
BEN006,2022-10-31,R8,Each facility should have 36 monthly recodrs,35/36 monthly records
AKS014,2023-04-30,R8,Each facility should have 36 monthly recodrs,34/36 monthly records
CRS010,2023-04-30,R8,Each facility should have 36 monthly recodrs,33/36 monthly records
BEN004,2024-08-31,R8,Each facility should have 36 monthly recodrs,31/36 monthly records
AKS008,2024-02-29,R8,Each facility should have 36 monthly recodrs,33/36 monthly records
RIV013,2023-05-31,R8,Each facility should have 36 monthly recodrs,35/36 monthly records
BEN005,2024-02-29,R8,Each facility should have 36 monthly recodrs,31/36 monthly records
RIV001,2024-08-31,R8,Each facility should have 36 monthly recodrs,34/36 monthly records
RIV013,2023-10-31,R8,Each facility should have 36 monthly recodrs,35/36 monthly records
LAG099,2022-02-28,R8,Each facility should have 36 monthly recodrs,31/36 monthly records
NAS010,2024-11-01,R8,Each facility should have 36 monthly recodrs,35/36 monthly records
RIV002,2022-10-31,R8,Each facility should have 36 monthly recodrs,35/36 monthly records
NAS013,2022-01-01,R8,Each facility should have 36 monthly recodrs,34/36 monthly records
BEN008,2023-10-31,R8,Each facility should have 36 monthly recodrs,35/36 monthly records
XXX999,2024-12-31,R8,Each facility should have 36 monthly recodrs,29/36 monthly records
RIV004,2024-03-31,R8,Each facility should have 36 monthly recodrs,35/36 monthly records
FCT008,2022-05-31,R8,Each facility should have 36 monthly recodrs,34/36 monthly records
AKS013,2023-04-30,R8,Each facility should have 36 monthly recodrs,34/36 monthly records
KAD001,2024-03-31,R8,Each facility should have 36 monthly recodrs,33/36 monthly records
CRS010,2023-09-30,R8,Each facility should have 36 monthly recodrs,33/36 monthly records
LAG013,2023-05-31,R8,Each facility should have 36 monthly recodrs,35/36 monthly records
NAS013,2022-02-28,R8,Each facility should have 36 monthly recodrs,34/36 monthly records
KAD008,2024-08-31,R8,Each facility should have 36 monthly recodrs,35/36 monthly records
LAG003,2022-03-31,R8,Each facility should have 36 monthly recodrs,35/36 monthly records
NAS005,2024-01-31,R8,Each facility should have 36 monthly recodrs,32/36 monthly records
BEN005,2024-04-30,R8,Each facility should have 36 monthly recodrs,31/36 monthly records
LAG011,2022-10-31,R8,Each facility should have 36 monthly recodrs,35/36 monthly records
AKS009,2022-07-31,R8,Each facility should have 36 monthly recodrs,34/36 monthly records
BEN014,2022-04-30,R8,Each facility should have 36 monthly recodrs,34/36 monthly records
LAG012,2022-01-31,R8,Each facility should have 36 monthly recodrs,34/36 monthly records
RIV002,2023-01-31,R8,Each facility should have 36 monthly recodrs,35/36 monthly records
LAG015,2022-10-31,R8,Each facility should have 36 monthly recodrs,35/36 monthly records
CRS008,2023-06-30,R8,Each facility should have 36 monthly recodrs,32/36 monthly records
AKS012,2024-06-30,R8,Each facility should have 36 monthly recodrs,34/36 monthly records
FCT012,2024-07-31,R8,Each facility should have 36 monthly recodrs,33/36 monthly records
RIV015,2022-11-30,R8,Each facility should have 36 monthly recodrs,33/36 monthly records
NAS006,2023-10-31,R8,Each facility should have 36 monthly recodrs,35/36 monthly records
RIV001,2023-05-31,R8,Each facility should have 36 monthly recodrs,34/36 monthly records
KAD011,2023-11-30,R8,Each facility should have 36 monthly recodrs,31/36 monthly records
NAS011,2024-11-30,R8,Each facility should have 36 monthly recodrs,35/36 monthly records
CRS003,2022-12-31,R8,Each facility should have 36 monthly recodrs,35/36 monthly records
NAS011,2024-09-30,R8,Each facility should have 36 monthly recodrs,35/36 monthly records
KAD015,2024-04-01,R8,Each facility should have 36 monthly recodrs,35/36 monthly records
BEN004,2022-06-30,R8,Each facility should have 36 monthly recodrs,31/36 monthly records
LAG003,2024-05-01,R8,Each facility should have 36 monthly recodrs,35/36 monthly records
FCT013,2023-05-31,R8,Each facility should have 36 monthly recodrs,32/36 monthly records
LAG003,2023-05-31,R8,Each facility should have 36 monthly recodrs,35/36 monthly records
FCT013,2024-07-31,R8,Each facility should have 36 monthly recodrs,32/36 monthly records
LAG015,2023-08-31,R8,Each facility should have 36 monthly recodrs,35/36 monthly records
BEN006,2024-06-30,R8,Each facility should have 36 monthly recodrs,35/36 monthly records
KAD009,2023-06-30,R8,Each facility should have 36 monthly recodrs,35/36 monthly records
LAG008,2023-10-01,R8,Each facility should have 36 monthly recodrs,34/36 monthly records
BEN015,2022-12-31,R8,Each facility should have 36 monthly recodrs,34/36 monthly records
BEN008,2023-07-31,R8,Each facility should have 36 monthly recodrs,35/36 monthly records
FCT001,2022-07-31,R8,Each facility should have 36 monthly recodrs,33/36 monthly records
NAS999,2023-06-30,R8,Each facility should have 36 monthly recodrs,27/36 monthly records
FCT004,2022-08-31,R8,Each facility should have 36 monthly recodrs,35/36 monthly records
NAS003,2022-03-31,R8,Each facility should have 36 monthly recodrs,35/36 monthly records
KAD010,2023-10-31,R8,Each facility should have 36 monthly recodrs,34/36 monthly records
RIV013,2022-01-31,R8,Each facility should have 36 monthly recodrs,35/36 monthly records
RIV008,2022-04-30,R8,Each facility should have 36 monthly recodrs,34/36 monthly records
LAG003,2023-12-31,R8,Each facility should have 36 monthly recodrs,35/36 monthly records
NAS005,2024-05-31,R8,Each facility should have 36 monthly recodrs,32/36 monthly records
AKS013,2023-10-31,R8,Each facility should have 36 monthly recodrs,34/36 monthly records
RIV011,2023-02-28,R8,Each facility should have 36 monthly recodrs,33/36 monthly records
BEN004,2022-12-31,R8,Each facility should have 36 monthly recodrs,31/36 monthly records
BEN006,2023-07-31,R8,Each facility should have 36 monthly recodrs,35/36 monthly records
AKS002,2022-02-28,R8,Each facility should have 36 monthly recodrs,33/36 monthly records
RIV013,2022-03-31,R8,Each facility should have 36 monthly recodrs,35/36 monthly records
RIV013,2022-12-31,R8,Each facility should have 36 monthly recodrs,35/36 monthly records
BEN014,2023-05-31,R8,Each facility should have 36 monthly recodrs,34/36 monthly records
AKS002,2022-04-30,R8,Each facility should have 36 monthly recodrs,33/36 monthly records
KAD010,2023-02-28,R8,Each facility should have 36 monthly recodrs,34/36 monthly records
AKS005,2024-02-01,R8,Each facility should have 36 monthly recodrs,35/36 monthly records
BEN008,2024-04-30,R8,Each facility should have 36 monthly recodrs,35/36 monthly records
KAD005,2022-09-30,R8,Each facility should have 36 monthly recodrs,34/36 monthly records
NAS012,2024-04-30,R8,Each facility should have 36 monthly recodrs,34/36 monthly records
KAD013,2023-02-28,R8,Each facility should have 36 monthly recodrs,35/36 monthly records
LAG001,2024-01-31,R8,Each facility should have 36 monthly recodrs,32/36 monthly records
BEN006,2024-11-30,R8,Each facility should have 36 monthly recodrs,35/36 monthly records
BEN009,2023-05-31,R8,Each facility should have 36 monthly recodrs,33/36 monthly records
LAG009,2024-06-30,R8,Each facility should have 36 monthly recodrs,35/36 monthly records
RIV002,2022-04-30,R8,Each facility should have 36 monthly recodrs,35/36 monthly records
CRS004,2023-10-31,R8,Each facility should have 36 monthly recodrs,35/36 monthly records
LAG012,2023-07-31,R8,Each facility should have 36 monthly recodrs,34/36 monthly records
RIV007,2024-01-31,R8,Each facility should have 36 monthly recodrs,35/36 monthly records
AKS005,2023-04-30,R8,Each facility should have 36 monthly recodrs,35/36 monthly records
AKS001,2022-03-31,R8,Each facility should have 36 monthly recodrs,33/36 monthly records
NAS005,2023-06-30,R8,Each facility should have 36 monthly recodrs,32/36 monthly records
RIV009,2023-10-31,R8,Each facility should have 36 monthly recodrs,34/36 monthly records
NAS007,2024-01-31,R8,Each facility should have 36 monthly recodrs,35/36 monthly records
FCT009,2023-11-30,R8,Each facility should have 36 monthly recodrs,35/36 monthly records
KAD005,2023-12-31,R8,Each facility should have 36 monthly recodrs,34/36 monthly records
BEN015,2023-05-31,R8,Each facility should have 36 monthly recodrs,34/36 monthly records
LAG009,2022-10-31,R8,Each facility should have 36 monthly recodrs,35/36 monthly records
RIV014,2024-12-01,R8,Each facility should have 36 monthly recodrs,35/36 monthly records
BEN014,2022-01-31,R8,Each facility should have 36 monthly recodrs,34/36 monthly records
KAD002,2022-05-31,R8,Each facility should have 36 monthly recodrs,35/36 monthly records
AKS002,2023-06-30,R8,Each facility should have 36 monthly recodrs,33/36 monthly records
LAG006,2022-01-01,R8,Each facility should have 36 monthly recodrs,35/36 monthly records
LAG009,2022-08-31,R8,Each facility should have 36 monthly recodrs,35/36 monthly records
FCT012,2022-02-28,R8,Each facility should have 36 monthly recodrs,33/36 monthly records
KAD003,2024-09-30,R8,Each facility should have 36 monthly recodrs,33/36 monthly records
XXX999,2024-09-30,R8,Each facility should have 36 monthly recodrs,29/36 monthly records
NAS012,2023-05-31,R8,Each facility should have 36 monthly recodrs,34/36 monthly records
BEN009,2024-02-29,R8,Each facility should have 36 monthly recodrs,33/36 monthly records
NAS007,2023-09-30,R8,Each facility should have 36 monthly recodrs,35/36 monthly records
KAD008,2024-03-31,R8,Each facility should have 36 monthly recodrs,35/36 monthly records
BEN015,2024-04-30,R8,Each facility should have 36 monthly recodrs,34/36 monthly records
BEN015,2023-03-31,R8,Each facility should have 36 monthly recodrs,34/36 monthly records
RIV007,2023-04-30,R8,Each facility should have 36 monthly recodrs,35/36 monthly records
FCT013,2023-12-31,R8,Each facility should have 36 monthly recodrs,32/36 monthly records
FCT004,2022-10-31,R8,Each facility should have 36 monthly recodrs,35/36 monthly records
LAG008,2022-01-31,R8,Each facility should have 36 monthly recodrs,34/36 monthly records
BEN007,2024-10-31,R8,Each facility should have 36 monthly recodrs,34/36 monthly records
BEN011,2024-04-30,R8,Each facility should have 36 monthly recodrs,35/36 monthly records
RIV008,2023-03-31,R8,Each facility should have 36 monthly recodrs,34/36 monthly records
KAD007,2022-10-31,R8,Each facility should have 36 monthly recodrs,35/36 monthly records
KAD008,2022-02-28,R8,Each facility should have 36 monthly recodrs,35/36 monthly records
RIV012,2024-04-30,R8,Each facility should have 36 monthly recodrs,35/36 monthly records
AKS012,2022-03-31,R8,Each facility should have 36 monthly recodrs,34/36 monthly records
FCT014,2022-09-30,R8,Each facility should have 36 monthly recodrs,35/36 monthly records
NAS015,2022-11-30,R8,Each facility should have 36 monthly recodrs,35/36 monthly records
RIV005,2023-09-30,R8,Each facility should have 36 monthly recodrs,34/36 monthly records
AKS012,2024-12-31,R8,Each facility should have 36 monthly recodrs,34/36 monthly records
NAS999,2022-05-31,R8,Each facility should have 36 monthly recodrs,27/36 monthly records
AKS005,2022-02-28,R8,Each facility should have 36 monthly recodrs,35/36 monthly records
LAG012,2023-10-31,R8,Each facility should have 36 monthly recodrs,34/36 monthly records
NAS006,2023-01-31,R8,Each facility should have 36 monthly recodrs,35/36 monthly records
BEN003,2023-02-28,R8,Each facility should have 36 monthly recodrs,34/36 monthly records
LAG013,2022-03-31,R8,Each facility should have 36 monthly recodrs,35/36 monthly records
FCT014,2022-01-31,R8,Each facility should have 36 monthly recodrs,35/36 monthly records
AKS010,2023-04-01,R8,Each facility should have 36 monthly recodrs,34/36 monthly records
CRS009,2023-03-31,R8,Each facility should have 36 monthly recodrs,35/36 monthly records
AKS008,2023-02-28,R8,Each facility should have 36 monthly recodrs,33/36 monthly records
FCT008,2023-05-01,R8,Each facility should have 36 monthly recodrs,34/36 monthly records
CRS014,2022-07-31,R8,Each facility should have 36 monthly recodrs,34/36 monthly records
AKS008,2023-08-01,R8,Each facility should have 36 monthly recodrs,33/36 monthly records
RIV005,2023-01-31,R8,Each facility should have 36 monthly recodrs,34/36 monthly records
RIV006,2024-04-30,R8,Each facility should have 36 monthly recodrs,35/36 monthly records
AKS009,2024-06-30,R8,Each facility should have 36 monthly recodrs,34/36 monthly records
AKS014,2022-09-30,R8,Each facility should have 36 monthly recodrs,34/36 monthly records
LAG012,2023-09-30,R8,Each facility should have 36 monthly recodrs,34/36 monthly records
KAD009,2022-01-31,R8,Each facility should have 36 monthly recodrs,35/36 monthly records
RIV008,2023-10-01,R8,Each facility should have 36 monthly recodrs,34/36 monthly records
LAG009,2022-11-30,R8,Each facility should have 36 monthly recodrs,35/36 monthly records
BEN007,2022-06-30,R8,Each facility should have 36 monthly recodrs,34/36 monthly records
LAG006,2022-09-01,R8,Each facility should have 36 monthly recodrs,35/36 monthly records
FCT009,2023-06-30,R8,Each facility should have 36 monthly recodrs,35/36 monthly records
RIV001,2022-06-30,R8,Each facility should have 36 monthly recodrs,34/36 monthly records
RIV006,2023-07-31,R8,Each facility should have 36 monthly recodrs,35/36 monthly records
AKS009,2023-11-30,R8,Each facility should have 36 monthly recodrs,34/36 monthly records
BEN011,2023-02-28,R8,Each facility should have 36 monthly recodrs,35/36 monthly records
AKS001,2023-04-30,R8,Each facility should have 36 monthly recodrs,33/36 monthly records
KAD003,2022-02-28,R8,Each facility should have 36 monthly recodrs,33/36 monthly records
RIV011,2023-09-30,R8,Each facility should have 36 monthly recodrs,33/36 monthly records
CRS003,2024-12-31,R8,Each facility should have 36 monthly recodrs,35/36 monthly records
FCT011,2024-05-31,R8,Each facility should have 36 monthly recodrs,34/36 monthly records
AKS011,2022-04-30,R8,Each facility should have 36 monthly recodrs,34/36 monthly records
BEN004,2022-07-31,R8,Each facility should have 36 monthly recodrs,31/36 monthly records
KAD005,2023-01-31,R8,Each facility should have 36 monthly recodrs,34/36 monthly records
KAD007,2024-09-30,R8,Each facility should have 36 monthly recodrs,35/36 monthly records
XXX999,2024-07-31,R8,Each facility should have 36 monthly recodrs,29/36 monthly records
CRS008,2022-03-31,R8,Each facility should have 36 monthly recodrs,32/36 monthly records
RIV003,2022-03-31,R8,Each facility should have 36 monthly recodrs,33/36 monthly records
BEN011,2024-07-31,R8,Each facility should have 36 monthly recodrs,35/36 monthly records
AKS012,2022-06-30,R8,Each facility should have 36 monthly recodrs,34/36 monthly records
TMP001,2024-11-30,R8,Each facility should have 36 monthly recodrs,27/36 monthly records
FCT008,2022-12-31,R8,Each facility should have 36 monthly recodrs,34/36 monthly records
FCT014,2023-06-30,R8,Each facility should have 36 monthly recodrs,35/36 monthly records
KAD013,2022-08-01,R8,Each facility should have 36 monthly recodrs,35/36 monthly records
RIV006,2022-07-31,R8,Each facility should have 36 monthly recodrs,35/36 monthly records
RIV008,2024-11-30,R8,Each facility should have 36 monthly recodrs,34/36 monthly records
BEN013,2023-02-28,R8,Each facility should have 36 monthly recodrs,34/36 monthly records
AKS004,2024-05-31,R8,Each facility should have 36 monthly recodrs,35/36 monthly records
RIV003,2023-05-31,R8,Each facility should have 36 monthly recodrs,33/36 monthly records
AKS010,2022-11-30,R8,Each facility should have 36 monthly recodrs,34/36 monthly records
AKS011,2024-07-31,R8,Each facility should have 36 monthly recodrs,34/36 monthly records
LAG006,2023-10-31,R8,Each facility should have 36 monthly recodrs,35/36 monthly records
AKS012,2022-05-31,R8,Each facility should have 36 monthly recodrs,34/36 monthly records
RIV005,2024-03-31,R8,Each facility should have 36 monthly recodrs,34/36 monthly records
RIV014,2024-08-31,R8,Each facility should have 36 monthly recodrs,35/36 monthly records
KAD012,2023-12-31,R8,Each facility should have 36 monthly recodrs,34/36 monthly records
AKS002,2022-11-30,R8,Each facility should have 36 monthly recodrs,33/36 monthly records
BEN014,2023-06-30,R8,Each facility should have 36 monthly recodrs,34/36 monthly records
NAS013,2024-12-31,R8,Each facility should have 36 monthly recodrs,34/36 monthly records
NAS007,2023-04-01,R8,Each facility should have 36 monthly recodrs,35/36 monthly records
BEN004,2024-12-31,R8,Each facility should have 36 monthly recodrs,31/36 monthly records
XXX999,2023-02-28,R8,Each facility should have 36 monthly recodrs,29/36 monthly records
BEN013,2022-01-31,R8,Each facility should have 36 monthly recodrs,34/36 monthly records
LAG004,2024-03-31,R8,Each facility should have 36 monthly recodrs,34/36 monthly records
LAG006,2022-04-30,R8,Each facility should have 36 monthly recodrs,35/36 monthly records
AKS010,2023-03-31,R8,Each facility should have 36 monthly recodrs,34/36 monthly records
BEN008,2023-02-01,R8,Each facility should have 36 monthly recodrs,35/36 monthly records
TMP001,2023-01-31,R8,Each facility should have 36 monthly recodrs,27/36 monthly records
BEN013,2023-01-31,R8,Each facility should have 36 monthly recodrs,34/36 monthly records
KAD011,2023-10-31,R8,Each facility should have 36 monthly recodrs,31/36 monthly records
KAD009,2023-02-01,R8,Each facility should have 36 monthly recodrs,35/36 monthly records
NAS999,2024-01-31,R8,Each facility should have 36 monthly recodrs,27/36 monthly records
KAD015,2022-10-01,R8,Each facility should have 36 monthly recodrs,35/36 monthly records
FCT005,2023-11-30,R8,Each facility should have 36 monthly recodrs,35/36 monthly records
FCT012,2023-08-31,R8,Each facility should have 36 monthly recodrs,33/36 monthly records
KAD007,2022-02-28,R8,Each facility should have 36 monthly recodrs,35/36 monthly records
AKS003,2024-06-30,R8,Each facility should have 36 monthly recodrs,34/36 monthly records
AKS005,2024-04-30,R8,Each facility should have 36 monthly recodrs,35/36 monthly records
AKS003,2024-12-31,R8,Each facility should have 36 monthly recodrs,34/36 monthly records
CRS003,2024-10-31,R8,Each facility should have 36 monthly recodrs,35/36 monthly records
LAG003,2023-07-31,R8,Each facility should have 36 monthly recodrs,35/36 monthly records
NAS001,2022-04-30,R8,Each facility should have 36 monthly recodrs,34/36 monthly records
NAS006,2024-05-31,R8,Each facility should have 36 monthly recodrs,35/36 monthly records
KAD015,2023-09-30,R8,Each facility should have 36 monthly recodrs,35/36 monthly records
NAS999,2022-10-31,R8,Each facility should have 36 monthly recodrs,27/36 monthly records
CRS014,2022-01-31,R8,Each facility should have 36 monthly recodrs,34/36 monthly records
NAS010,2022-02-28,R8,Each facility should have 36 monthly recodrs,35/36 monthly records
RIV014,2024-09-30,R8,Each facility should have 36 monthly recodrs,35/36 monthly records
CRS003,2023-05-31,R8,Each facility should have 36 monthly recodrs,35/36 monthly records
KAD002,2024-05-31,R8,Each facility should have 36 monthly recodrs,35/36 monthly records
LAG015,2022-01-31,R8,Each facility should have 36 monthly recodrs,35/36 monthly records
BEN013,2023-05-31,R8,Each facility should have 36 monthly recodrs,34/36 monthly records
NAS009,2022-12-31,R8,Each facility should have 36 monthly recodrs,34/36 monthly records
AKS014,2023-02-28,R8,Each facility should have 36 monthly recodrs,34/36 monthly records
NAS014,2024-01-31,R8,Each facility should have 36 monthly recodrs,34/36 monthly records
NAS004,2022-01-31,R8,Each facility should have 36 monthly recodrs,35/36 monthly records
CRS002,2023-10-31,R8,Each facility should have 36 monthly recodrs,34/36 monthly records
AKS012,2022-10-31,R8,Each facility should have 36 monthly recodrs,34/36 monthly records
RIV007,2022-02-28,R8,Each facility should have 36 monthly recodrs,35/36 monthly records
KAD001,2023-04-30,R8,Each facility should have 36 monthly recodrs,33/36 monthly records
KAD012,2023-07-31,R8,Each facility should have 36 monthly recodrs,34/36 monthly records
AKS003,2024-02-01,R8,Each facility should have 36 monthly recodrs,34/36 monthly records
BEN008,2022-06-30,R8,Each facility should have 36 monthly recodrs,35/36 monthly records
XXX999,2023-02-28,R8,Each facility should have 36 monthly recodrs,29/36 monthly records
KAD003,2023-12-31,R8,Each facility should have 36 monthly recodrs,33/36 monthly records
KAD005,2023-03-01,R8,Each facility should have 36 monthly recodrs,34/36 monthly records
KAD012,2024-09-30,R8,Each facility should have 36 monthly recodrs,34/36 monthly records
LAG013,2022-11-30,R8,Each facility should have 36 monthly recodrs,35/36 monthly records
NAS009,2023-11-30,R8,Each facility should have 36 monthly recodrs,34/36 monthly records
AKS005,2022-05-31,R8,Each facility should have 36 monthly recodrs,35/36 monthly records
XXX999,2024-05-31,R8,Each facility should have 36 monthly recodrs,29/36 monthly records
KAD013,2022-02-28,R8,Each facility should have 36 monthly recodrs,35/36 monthly records
RIV005,2022-09-30,R8,Each facility should have 36 monthly recodrs,34/36 monthly records
KAD005,2024-03-31,R8,Each facility should have 36 monthly recodrs,34/36 monthly records
BEN009,2023-11-30,R8,Each facility should have 36 monthly recodrs,33/36 monthly records
LAG007,2023-02-28,R8,Each facility should have 36 monthly recodrs,35/36 monthly records
NAS015,2022-03-31,R8,Each facility should have 36 monthly recodrs,35/36 monthly records
BEN015,2023-08-31,R8,Each facility should have 36 monthly recodrs,34/36 monthly records
CRS010,2022-09-30,R8,Each facility should have 36 monthly recodrs,33/36 monthly records
RIV005,2023-06-30,R8,Each facility should have 36 monthly recodrs,34/36 monthly records
KAD008,2023-10-31,R8,Each facility should have 36 monthly recodrs,35/36 monthly records
LAG003,2023-09-01,R8,Each facility should have 36 monthly recodrs,35/36 monthly records
KAD008,2022-06-30,R8,Each facility should have 36 monthly recodrs,35/36 monthly records
AKS013,2023-11-30,R8,Each facility should have 36 monthly recodrs,34/36 monthly records
KAD005,2024-05-31,R8,Each facility should have 36 monthly recodrs,34/36 monthly records
LAG012,2024-05-01,R8,Each facility should have 36 monthly recodrs,34/36 monthly records
FCT005,2023-04-30,R8,Each facility should have 36 monthly recodrs,35/36 monthly records
RIV002,2024-10-01,R8,Each facility should have 36 monthly recodrs,35/36 monthly records
AKS005,2023-12-31,R8,Each facility should have 36 monthly recodrs,35/36 monthly records
RIV006,2022-11-30,R8,Each facility should have 36 monthly recodrs,35/36 monthly records
LAG013,2024-03-31,R8,Each facility should have 36 monthly recodrs,35/36 monthly records
KAD013,2024-02-29,R8,Each facility should have 36 monthly recodrs,35/36 monthly records
LAG001,2022-07-31,R8,Each facility should have 36 monthly recodrs,32/36 monthly records
RIV002,2022-12-31,R8,Each facility should have 36 monthly recodrs,35/36 monthly records
LAG003,2023-01-31,R8,Each facility should have 36 monthly recodrs,35/36 monthly records
LAG099,2022-07-31,R8,Each facility should have 36 monthly recodrs,31/36 monthly records
KAD008,2024-10-31,R8,Each facility should have 36 monthly recodrs,35/36 monthly records
NAS015,2022-09-30,R8,Each facility should have 36 monthly recodrs,35/36 monthly records
BEN009,2023-04-30,R8,Each facility should have 36 monthly recodrs,33/36 monthly records
FCT001,2023-08-31,R8,Each facility should have 36 monthly recodrs,33/36 monthly records
CRS009,2024-12-01,R8,Each facility should have 36 monthly recodrs,35/36 monthly records
NAS012,2022-03-31,R8,Each facility should have 36 monthly recodrs,34/36 monthly records
KAD010,2024-10-31,R8,Each facility should have 36 monthly recodrs,34/36 monthly records
FCT014,2024-10-31,R8,Each facility should have 36 monthly recodrs,35/36 monthly records
NAS003,2023-05-31,R8,Each facility should have 36 monthly recodrs,35/36 monthly records
AKS013,2022-10-31,R8,Each facility should have 36 monthly recodrs,34/36 monthly records
KAD013,2024-11-30,R8,Each facility should have 36 monthly recodrs,35/36 monthly records
LAG013,2022-04-30,R8,Each facility should have 36 monthly recodrs,35/36 monthly records
FCT011,2024-02-29,R8,Each facility should have 36 monthly recodrs,34/36 monthly records
BEN007,2022-10-31,R8,Each facility should have 36 monthly recodrs,34/36 monthly records
BEN007,2023-01-31,R8,Each facility should have 36 monthly recodrs,34/36 monthly records
FCT013,2022-12-31,R8,Each facility should have 36 monthly recodrs,32/36 monthly records
AKS015,2023-05-01,R8,Each facility should have 36 monthly recodrs,34/36 monthly records
FCT012,2023-10-31,R8,Each facility should have 36 monthly recodrs,33/36 monthly records
KAD003,2022-01-31,R8,Each facility should have 36 monthly recodrs,33/36 monthly records
RIV006,2023-04-30,R8,Each facility should have 36 monthly recodrs,35/36 monthly records
NAS011,2024-02-29,R8,Each facility should have 36 monthly recodrs,35/36 monthly records
KAD002,2024-06-30,R8,Each facility should have 36 monthly recodrs,35/36 monthly records
RIV002,2023-05-31,R8,Each facility should have 36 monthly recodrs,35/36 monthly records
BEN007,2022-12-31,R8,Each facility should have 36 monthly recodrs,34/36 monthly records
BEN009,2023-12-01,R8,Each facility should have 36 monthly recodrs,33/36 monthly records
NAS011,2023-06-30,R8,Each facility should have 36 monthly recodrs,35/36 monthly records
XXX999,2024-08-31,R8,Each facility should have 36 monthly recodrs,29/36 monthly records
CRS009,2022-07-31,R8,Each facility should have 36 monthly recodrs,35/36 monthly records
KAD009,2022-04-01,R8,Each facility should have 36 monthly recodrs,35/36 monthly records
RIV011,2022-05-31,R8,Each facility should have 36 monthly recodrs,33/36 monthly records
BEN006,2023-12-31,R8,Each facility should have 36 monthly recodrs,35/36 monthly records
TMP001,2024-08-31,R8,Each facility should have 36 monthly recodrs,27/36 monthly records
FCT005,2022-09-30,R8,Each facility should have 36 monthly recodrs,35/36 monthly records
NAS001,2022-12-31,R8,Each facility should have 36 monthly recodrs,34/36 monthly records
NAS004,2024-02-29,R8,Each facility should have 36 monthly recodrs,35/36 monthly records
RIV005,2023-11-30,R8,Each facility should have 36 monthly recodrs,34/36 monthly records
NAS011,2023-01-31,R8,Each facility should have 36 monthly recodrs,35/36 monthly records
RIV006,2024-02-29,R8,Each facility should have 36 monthly recodrs,35/36 monthly records
LAG009,2024-12-31,R8,Each facility should have 36 monthly recodrs,35/36 monthly records
KAD005,2023-11-30,R8,Each facility should have 36 monthly recodrs,34/36 monthly records
KAD012,2024-04-30,R8,Each facility should have 36 monthly recodrs,34/36 monthly records
AKS015,2022-10-31,R8,Each facility should have 36 monthly recodrs,34/36 monthly records
AKS003,2022-10-31,R8,Each facility should have 36 monthly recodrs,34/36 monthly records
BEN007,2023-05-31,R8,Each facility should have 36 monthly recodrs,34/36 monthly records
NAS006,2022-01-31,R8,Each facility should have 36 monthly recodrs,35/36 monthly records
RIV011,2023-03-31,R8,Each facility should have 36 monthly recodrs,33/36 monthly records
NAS014,2022-05-31,R8,Each facility should have 36 monthly recodrs,34/36 monthly records
RIV007,2023-07-31,R8,Each facility should have 36 monthly recodrs,35/36 monthly records
AKS010,2022-06-30,R8,Each facility should have 36 monthly recodrs,34/36 monthly records
LAG013,2022-07-31,R8,Each facility should have 36 monthly recodrs,35/36 monthly records
LAG011,2024-02-01,R8,Each facility should have 36 monthly recodrs,35/36 monthly records
RIV012,2022-08-31,R8,Each facility should have 36 monthly recodrs,35/36 monthly records
RIV008,2024-07-31,R8,Each facility should have 36 monthly recodrs,34/36 monthly records
NAS007,2022-11-30,R8,Each facility should have 36 monthly recodrs,35/36 monthly records
RIV011,2022-10-31,R8,Each facility should have 36 monthly recodrs,33/36 monthly records
FCT011,2022-01-31,R8,Each facility should have 36 monthly recodrs,34/36 monthly records
AKS005,2023-09-30,R8,Each facility should have 36 monthly recodrs,35/36 monthly records
TMP001,2023-04-30,R8,Each facility should have 36 monthly recodrs,27/36 monthly records
NAS999,2023-08-31,R8,Each facility should have 36 monthly recodrs,27/36 monthly records
FCT011,2023-11-30,R8,Each facility should have 36 monthly recodrs,34/36 monthly records
KAD015,2022-11-30,R8,Each facility should have 36 monthly recodrs,35/36 monthly records
BEN007,2023-08-31,R8,Each facility should have 36 monthly recodrs,34/36 monthly records
NAS005,2024-10-31,R8,Each facility should have 36 monthly recodrs,32/36 monthly records
BEN006,2024-08-31,R8,Each facility should have 36 monthly recodrs,35/36 monthly records
CRS003,2022-03-31,R8,Each facility should have 36 monthly recodrs,35/36 monthly records
CRS002,2024-06-30,R8,Each facility should have 36 monthly recodrs,34/36 monthly records
NAS006,2022-11-30,R8,Each facility should have 36 monthly recodrs,35/36 monthly records
AKS010,2022-04-30,R8,Each facility should have 36 monthly recodrs,34/36 monthly records
XXX999,2024-07-31,R8,Each facility should have 36 monthly recodrs,29/36 monthly records
LAG011,2024-08-31,R8,Each facility should have 36 monthly recodrs,35/36 monthly records
LAG007,2024-03-31,R8,Each facility should have 36 monthly recodrs,35/36 monthly records
NAS011,2022-09-30,R8,Each facility should have 36 monthly recodrs,35/36 monthly records
AKS009,2024-01-31,R8,Each facility should have 36 monthly recodrs,34/36 monthly records
RIV009,2022-05-31,R8,Each facility should have 36 monthly recodrs,34/36 monthly records
KAD011,2024-03-31,R8,Each facility should have 36 monthly recodrs,31/36 monthly records
BEN004,2023-02-28,R8,Each facility should have 36 monthly recodrs,31/36 monthly records
KAD012,2024-02-29,R8,Each facility should have 36 monthly recodrs,34/36 monthly records
LAG015,2023-03-31,R8,Each facility should have 36 monthly recodrs,35/36 monthly records
RIV007,2023-10-31,R8,Each facility should have 36 monthly recodrs,35/36 monthly records
RIV008,2022-08-31,R8,Each facility should have 36 monthly recodrs,34/36 monthly records
AKS002,2023-07-31,R8,Each facility should have 36 monthly recodrs,33/36 monthly records
KAD008,2024-01-31,R8,Each facility should have 36 monthly recodrs,35/36 monthly records
LAG009,2023-05-31,R8,Each facility should have 36 monthly recodrs,35/36 monthly records
NAS010,2022-11-30,R8,Each facility should have 36 monthly recodrs,35/36 monthly records
LAG003,2023-02-28,R8,Each facility should have 36 monthly recodrs,35/36 monthly records
FCT001,2022-06-30,R8,Each facility should have 36 monthly recodrs,33/36 monthly records
RIV013,2023-04-30,R8,Each facility should have 36 monthly recodrs,35/36 monthly records
KAD011,2022-02-01,R8,Each facility should have 36 monthly recodrs,31/36 monthly records
BEN009,2024-07-31,R8,Each facility should have 36 monthly recodrs,33/36 monthly records
FCT014,2023-02-28,R8,Each facility should have 36 monthly recodrs,35/36 monthly records
RIV007,2023-01-31,R8,Each facility should have 36 monthly recodrs,35/36 monthly records
NAS011,2024-01-31,R8,Each facility should have 36 monthly recodrs,35/36 monthly records
NAS005,2022-11-30,R8,Each facility should have 36 monthly recodrs,32/36 monthly records
AKS008,2024-10-31,R8,Each facility should have 36 monthly recodrs,33/36 monthly records
AKS012,2024-09-30,R8,Each facility should have 36 monthly recodrs,34/36 monthly records
FCT005,2024-09-30,R8,Each facility should have 36 monthly recodrs,35/36 monthly records
KAD001,2023-10-31,R8,Each facility should have 36 monthly recodrs,33/36 monthly records
LAG013,2024-08-31,R8,Each facility should have 36 monthly recodrs,35/36 monthly records
RIV006,2022-03-31,R8,Each facility should have 36 monthly recodrs,35/36 monthly records
RIV012,2023-04-30,R8,Each facility should have 36 monthly recodrs,35/36 monthly records
CRS011,2024-03-31,R8,Each facility should have 36 monthly recodrs,34/36 monthly records
RIV013,2023-06-30,R8,Each facility should have 36 monthly recodrs,35/36 monthly records
LAG004,2024-12-31,R8,Each facility should have 36 monthly recodrs,34/36 monthly records
KAD015,2022-12-31,R8,Each facility should have 36 monthly recodrs,35/36 monthly records
AKS010,2022-03-31,R8,Each facility should have 36 monthly recodrs,34/36 monthly records
FCT013,2023-09-30,R8,Each facility should have 36 monthly recodrs,32/36 monthly records
LAG004,2022-01-31,R8,Each facility should have 36 monthly recodrs,34/36 monthly records
AKS010,2023-06-30,R8,Each facility should have 36 monthly recodrs,34/36 monthly records
AKS005,2022-04-30,R8,Each facility should have 36 monthly recodrs,35/36 monthly records
RIV009,2023-09-30,R8,Each facility should have 36 monthly recodrs,34/36 monthly records
RIV012,2024-07-31,R8,Each facility should have 36 monthly recodrs,35/36 monthly records
NAS012,2023-01-31,R8,Each facility should have 36 monthly recodrs,34/36 monthly records
NAS004,2023-10-31,R8,Each facility should have 36 monthly recodrs,35/36 monthly records
CRS008,2024-04-30,R8,Each facility should have 36 monthly recodrs,32/36 monthly records
RIV004,2023-02-28,R8,Each facility should have 36 monthly recodrs,35/36 monthly records
RIV013,2024-07-31,R8,Each facility should have 36 monthly recodrs,35/36 monthly records
CRS014,2022-02-28,R8,Each facility should have 36 monthly recodrs,34/36 monthly records
KAD009,2024-09-30,R8,Each facility should have 36 monthly recodrs,35/36 monthly records
CRS014,2022-06-30,R8,Each facility should have 36 monthly recodrs,34/36 monthly records
NAS011,2024-05-31,R8,Each facility should have 36 monthly recodrs,35/36 monthly records
LAG008,2022-12-31,R8,Each facility should have 36 monthly recodrs,34/36 monthly records
NAS015,2023-02-28,R8,Each facility should have 36 monthly recodrs,35/36 monthly records
BEN004,2023-04-30,R8,Each facility should have 36 monthly recodrs,31/36 monthly records
LAG011,2023-03-31,R8,Each facility should have 36 monthly recodrs,35/36 monthly records
AKS001,2024-01-31,R8,Each facility should have 36 monthly recodrs,33/36 monthly records
NAS015,2022-12-31,R8,Each facility should have 36 monthly recodrs,35/36 monthly records
KAD015,2022-07-31,R8,Each facility should have 36 monthly recodrs,35/36 monthly records
CRS002,2024-04-30,R8,Each facility should have 36 monthly recodrs,34/36 monthly records
NAS012,2024-01-31,R8,Each facility should have 36 monthly recodrs,34/36 monthly records
RIV012,2022-03-31,R8,Each facility should have 36 monthly recodrs,35/36 monthly records
NAS006,2024-02-29,R8,Each facility should have 36 monthly recodrs,35/36 monthly records
RIV009,2022-06-30,R8,Each facility should have 36 monthly recodrs,34/36 monthly records
AKS011,2024-02-29,R8,Each facility should have 36 monthly recodrs,34/36 monthly records
FCT004,2024-04-30,R8,Each facility should have 36 monthly recodrs,35/36 monthly records
CRS014,2023-06-30,R8,Each facility should have 36 monthly recodrs,34/36 monthly records
RIV012,2022-01-31,R8,Each facility should have 36 monthly recodrs,35/36 monthly records
NAS010,2022-07-31,R8,Each facility should have 36 monthly recodrs,35/36 monthly records
FCT006,2024-01-31,R8,Each facility should have 36 monthly recodrs,35/36 monthly records
BEN008,2022-05-31,R8,Each facility should have 36 monthly recodrs,35/36 monthly records
KAD001,2023-01-31,R8,Each facility should have 36 monthly recodrs,33/36 monthly records
LAG009,2024-07-01,R8,Each facility should have 36 monthly recodrs,35/36 monthly records
RIV011,2024-12-31,R8,Each facility should have 36 monthly recodrs,33/36 monthly records
FCT008,2022-11-30,R8,Each facility should have 36 monthly recodrs,34/36 monthly records
RIV001,2024-03-31,R8,Each facility should have 36 monthly recodrs,34/36 monthly records
LAG007,2023-11-30,R8,Each facility should have 36 monthly recodrs,35/36 monthly records
KAD005,2024-09-30,R8,Each facility should have 36 monthly recodrs,34/36 monthly records
XXX999,2022-11-30,R8,Each facility should have 36 monthly recodrs,29/36 monthly records
FCT009,2023-12-31,R8,Each facility should have 36 monthly recodrs,35/36 monthly records
LAG001,2024-06-01,R8,Each facility should have 36 monthly recodrs,32/36 monthly records
CRS004,2023-11-30,R8,Each facility should have 36 monthly recodrs,35/36 monthly records
KAD005,2023-10-31,R8,Each facility should have 36 monthly recodrs,34/36 monthly records
KAD004,2023-11-30,R8,Each facility should have 36 monthly recodrs,35/36 monthly records
KAD012,2022-12-31,R8,Each facility should have 36 monthly recodrs,34/36 monthly records
RIV014,2022-06-30,R8,Each facility should have 36 monthly recodrs,35/36 monthly records
LAG009,2024-01-31,R8,Each facility should have 36 monthly recodrs,35/36 monthly records
CRS010,2022-04-01,R8,Each facility should have 36 monthly recodrs,33/36 monthly records
KAD011,2022-01-31,R8,Each facility should have 36 monthly recodrs,31/36 monthly records
CRS011,2023-03-31,R8,Each facility should have 36 monthly recodrs,34/36 monthly records
AKS004,2023-07-31,R8,Each facility should have 36 monthly recodrs,35/36 monthly records
CRS003,2023-04-30,R8,Each facility should have 36 monthly recodrs,35/36 monthly records
KAD007,2023-12-31,R8,Each facility should have 36 monthly recodrs,35/36 monthly records
KAD015,2022-08-31,R8,Each facility should have 36 monthly recodrs,35/36 monthly records
XXX999,2023-08-31,R8,Each facility should have 36 monthly recodrs,29/36 monthly records
KAD010,2024-12-31,R8,Each facility should have 36 monthly recodrs,34/36 monthly records
AKS010,2024-08-31,R8,Each facility should have 36 monthly recodrs,34/36 monthly records
NAS010,2023-07-31,R8,Each facility should have 36 monthly recodrs,35/36 monthly records
KAD001,2024-11-30,R8,Each facility should have 36 monthly recodrs,33/36 monthly records
LAG001,2023-12-31,R8,Each facility should have 36 monthly recodrs,32/36 monthly records
KAD010,2023-09-30,R8,Each facility should have 36 monthly recodrs,34/36 monthly records
RIV013,2023-01-31,R8,Each facility should have 36 monthly recodrs,35/36 monthly records
CRS002,2024-09-30,R8,Each facility should have 36 monthly recodrs,34/36 monthly records
LAG099,2024-09-30,R8,Each facility should have 36 monthly recodrs,31/36 monthly records
FCT008,2024-12-31,R8,Each facility should have 36 monthly recodrs,34/36 monthly records
AKS011,2022-03-31,R8,Each facility should have 36 monthly recodrs,34/36 monthly records
FCT006,2023-02-01,R8,Each facility should have 36 monthly recodrs,35/36 monthly records
AKS010,2023-10-01,R8,Each facility should have 36 monthly recodrs,34/36 monthly records
RIV005,2024-04-30,R8,Each facility should have 36 monthly recodrs,34/36 monthly records
KAD015,2022-09-30,R8,Each facility should have 36 monthly recodrs,35/36 monthly records
CRS007,2024-05-01,R8,Each facility should have 36 monthly recodrs,33/36 monthly records
NAS013,2024-08-31,R8,Each facility should have 36 monthly recodrs,34/36 monthly records
CRS002,2022-03-31,R8,Each facility should have 36 monthly recodrs,34/36 monthly records
AKS001,2022-11-30,R8,Each facility should have 36 monthly recodrs,33/36 monthly records
LAG007,2022-03-31,R8,Each facility should have 36 monthly recodrs,35/36 monthly records
RIV008,2022-02-28,R8,Each facility should have 36 monthly recodrs,34/36 monthly records
LAG006,2022-07-31,R8,Each facility should have 36 monthly recodrs,35/36 monthly records
KAD003,2024-11-30,R8,Each facility should have 36 monthly recodrs,33/36 monthly records
AKS003,2023-11-30,R8,Each facility should have 36 monthly recodrs,34/36 monthly records
AKS004,2023-10-31,R8,Each facility should have 36 monthly recodrs,35/36 monthly records
KAD006,2023-04-30,R8,Each facility should have 36 monthly recodrs,35/36 monthly records
FCT006,2024-12-31,R8,Each facility should have 36 monthly recodrs,35/36 monthly records
NAS999,2023-10-31,R8,Each facility should have 36 monthly recodrs,27/36 monthly records
KAD015,2024-08-31,R8,Each facility should have 36 monthly recodrs,35/36 monthly records
NAS004,2023-12-31,R8,Each facility should have 36 monthly recodrs,35/36 monthly records
LAG008,2024-09-30,R8,Each facility should have 36 monthly recodrs,34/36 monthly records
CRS007,2023-08-31,R8,Each facility should have 36 monthly recodrs,33/36 monthly records
NAS001,2023-11-30,R8,Each facility should have 36 monthly recodrs,34/36 monthly records
KAD015,2024-10-31,R8,Each facility should have 36 monthly recodrs,35/36 monthly records
LAG009,2024-05-31,R8,Each facility should have 36 monthly recodrs,35/36 monthly records
CRS008,2023-02-28,R8,Each facility should have 36 monthly recodrs,32/36 monthly records
NAS014,2022-12-31,R8,Each facility should have 36 monthly recodrs,34/36 monthly records
KAD007,2022-01-31,R8,Each facility should have 36 monthly recodrs,35/36 monthly records
LAG007,2024-10-31,R8,Each facility should have 36 monthly recodrs,35/36 monthly records
LAG002,2022-07-31,R8,Each facility should have 36 monthly recodrs,35/36 monthly records
AKS015,2023-01-31,R8,Each facility should have 36 monthly recodrs,34/36 monthly records
LAG007,2024-02-01,R8,Each facility should have 36 monthly recodrs,35/36 monthly records
FCT014,2023-10-31,R8,Each facility should have 36 monthly recodrs,35/36 monthly records
BEN006,2023-10-31,R8,Each facility should have 36 monthly recodrs,35/36 monthly records
FCT006,2022-01-31,R8,Each facility should have 36 monthly recodrs,35/36 monthly records
RIV012,2023-03-31,R8,Each facility should have 36 monthly recodrs,35/36 monthly records
NAS006,2022-12-31,R8,Each facility should have 36 monthly recodrs,35/36 monthly records
FCT013,2022-10-31,R8,Each facility should have 36 monthly recodrs,32/36 monthly records
AKS012,2023-12-31,R8,Each facility should have 36 monthly recodrs,34/36 monthly records
RIV011,2023-11-30,R8,Each facility should have 36 monthly recodrs,33/36 monthly records
CRS008,2022-02-28,R8,Each facility should have 36 monthly recodrs,32/36 monthly records
AKS014,2022-10-31,R8,Each facility should have 36 monthly recodrs,34/36 monthly records
LAG012,2023-12-31,R8,Each facility should have 36 monthly recodrs,34/36 monthly records
CRS007,2022-01-31,R8,Each facility should have 36 monthly recodrs,33/36 monthly records
LAG003,2022-05-31,R8,Each facility should have 36 monthly recodrs,35/36 monthly records
TMP001,2023-09-30,R8,Each facility should have 36 monthly recodrs,27/36 monthly records
CRS008,2022-11-01,R8,Each facility should have 36 monthly recodrs,32/36 monthly records
BEN011,2024-12-31,R8,Each facility should have 36 monthly recodrs,35/36 monthly records
FCT013,2023-02-28,R8,Each facility should have 36 monthly recodrs,32/36 monthly records
BEN004,2023-03-31,R8,Each facility should have 36 monthly recodrs,31/36 monthly records
FCT008,2024-07-31,R8,Each facility should have 36 monthly recodrs,34/36 monthly records
FCT014,2022-03-31,R8,Each facility should have 36 monthly recodrs,35/36 monthly records
LAG002,2023-06-30,R8,Each facility should have 36 monthly recodrs,35/36 monthly records
NAS014,2023-06-30,R8,Each facility should have 36 monthly recodrs,34/36 monthly records
LAG010,2024-07-31,R8,Each facility should have 36 monthly recodrs,34/36 monthly records
KAD012,2023-10-31,R8,Each facility should have 36 monthly recodrs,34/36 monthly records
LAG015,2024-08-31,R8,Each facility should have 36 monthly recodrs,35/36 monthly records
RIV008,2024-05-31,R8,Each facility should have 36 monthly recodrs,34/36 monthly records
LAG011,2023-10-31,R8,Each facility should have 36 monthly recodrs,35/36 monthly records
KAD010,2024-11-01,R8,Each facility should have 36 monthly recodrs,34/36 monthly records
BEN005,2024-05-31,R8,Each facility should have 36 monthly recodrs,31/36 monthly records
CRS007,2024-06-01,R8,Each facility should have 36 monthly recodrs,33/36 monthly records
KAD001,2023-05-31,R8,Each facility should have 36 monthly recodrs,33/36 monthly records
RIV013,2023-09-30,R8,Each facility should have 36 monthly recodrs,35/36 monthly records
FCT001,2024-11-30,R8,Each facility should have 36 monthly recodrs,33/36 monthly records
NAS010,2024-03-31,R8,Each facility should have 36 monthly recodrs,35/36 monthly records
RIV015,2022-03-31,R8,Each facility should have 36 monthly recodrs,33/36 monthly records
LAG008,2023-09-30,R8,Each facility should have 36 monthly recodrs,34/36 monthly records
FCT009,2024-02-29,R8,Each facility should have 36 monthly recodrs,35/36 monthly records
KAD005,2022-08-31,R8,Each facility should have 36 monthly recodrs,34/36 monthly records
RIV003,2022-04-01,R8,Each facility should have 36 monthly recodrs,33/36 monthly records
BEN007,2024-03-31,R8,Each facility should have 36 monthly recodrs,34/36 monthly records
LAG007,2024-08-31,R8,Each facility should have 36 monthly recodrs,35/36 monthly records
FCT006,2022-08-31,R8,Each facility should have 36 monthly recodrs,35/36 monthly records
FCT009,2022-06-30,R8,Each facility should have 36 monthly recodrs,35/36 monthly records
LAG015,2023-05-31,R8,Each facility should have 36 monthly recodrs,35/36 monthly records
RIV014,2023-03-31,R8,Each facility should have 36 monthly recodrs,35/36 monthly records
BEN014,2022-01-31,R8,Each facility should have 36 monthly recodrs,34/36 monthly records
AKS004,2023-12-31,R8,Each facility should have 36 monthly recodrs,35/36 monthly records
AKS003,2022-06-30,R8,Each facility should have 36 monthly recodrs,34/36 monthly records
KAD006,2023-11-30,R8,Each facility should have 36 monthly recodrs,35/36 monthly records
LAG013,2022-05-31,R8,Each facility should have 36 monthly recodrs,35/36 monthly records
NAS003,2023-04-30,R8,Each facility should have 36 monthly recodrs,35/36 monthly records
RIV006,2022-05-01,R8,Each facility should have 36 monthly recodrs,35/36 monthly records
BEN007,2023-11-30,R8,Each facility should have 36 monthly recodrs,34/36 monthly records
CRS011,2024-06-30,R8,Each facility should have 36 monthly recodrs,34/36 monthly records
LAG007,2023-08-01,R8,Each facility should have 36 monthly recodrs,35/36 monthly records
FCT005,2023-06-30,R8,Each facility should have 36 monthly recodrs,35/36 monthly records
NAS005,2023-09-30,R8,Each facility should have 36 monthly recodrs,32/36 monthly records
BEN009,2022-09-30,R8,Each facility should have 36 monthly recodrs,33/36 monthly records
LAG007,2023-12-31,R8,Each facility should have 36 monthly recodrs,35/36 monthly records
KAD008,2023-06-30,R8,Each facility should have 36 monthly recodrs,35/36 monthly records
BEN007,2024-04-30,R8,Each facility should have 36 monthly recodrs,34/36 monthly records
FCT012,2022-09-30,R8,Each facility should have 36 monthly recodrs,33/36 monthly records
AKS014,2023-08-31,R8,Each facility should have 36 monthly recodrs,34/36 monthly records
NAS003,2024-12-31,R8,Each facility should have 36 monthly recodrs,35/36 monthly records
NAS999,2023-04-30,R8,Each facility should have 36 monthly recodrs,27/36 monthly records
LAG009,2022-05-31,R8,Each facility should have 36 monthly recodrs,35/36 monthly records
NAS999,2022-10-31,R8,Each facility should have 36 monthly recodrs,27/36 monthly records
CRS010,2022-11-30,R8,Each facility should have 36 monthly recodrs,33/36 monthly records
FCT006,2024-06-30,R8,Each facility should have 36 monthly recodrs,35/36 monthly records
BEN015,2024-01-31,R8,Each facility should have 36 monthly recodrs,34/36 monthly records
NAS015,2023-09-30,R8,Each facility should have 36 monthly recodrs,35/36 monthly records
LAG010,2022-04-30,R8,Each facility should have 36 monthly recodrs,34/36 monthly records
KAD008,2022-11-01,R8,Each facility should have 36 monthly recodrs,35/36 monthly records
CRS010,2024-01-31,R8,Each facility should have 36 monthly recodrs,33/36 monthly records
CRS011,2022-06-30,R8,Each facility should have 36 monthly recodrs,34/36 monthly records
NAS007,2023-05-31,R8,Each facility should have 36 monthly recodrs,35/36 monthly records
BEN008,2023-03-01,R8,Each facility should have 36 monthly recodrs,35/36 monthly records
AKS009,2024-09-30,R8,Each facility should have 36 monthly recodrs,34/36 monthly records
LAG001,2022-04-30,R8,Each facility should have 36 monthly recodrs,32/36 monthly records
NAS003,2024-01-31,R8,Each facility should have 36 monthly recodrs,35/36 monthly records
LAG013,2023-01-31,R8,Each facility should have 36 monthly recodrs,35/36 monthly records
KAD007,2024-10-31,R8,Each facility should have 36 monthly recodrs,35/36 monthly records
LAG002,2023-10-01,R8,Each facility should have 36 monthly recodrs,35/36 monthly records
LAG010,2022-03-31,R8,Each facility should have 36 monthly recodrs,34/36 monthly records
AKS008,2022-09-30,R8,Each facility should have 36 monthly recodrs,33/36 monthly records
CRS014,2023-09-30,R8,Each facility should have 36 monthly recodrs,34/36 monthly records
RIV005,2022-06-30,R8,Each facility should have 36 monthly recodrs,34/36 monthly records
RIV011,2022-02-28,R8,Each facility should have 36 monthly recodrs,33/36 monthly records
FCT005,2022-07-31,R8,Each facility should have 36 monthly recodrs,35/36 monthly records
LAG012,2023-03-01,R8,Each facility should have 36 monthly recodrs,34/36 monthly records
KAD006,2023-05-31,R8,Each facility should have 36 monthly recodrs,35/36 monthly records
AKS004,2024-07-31,R8,Each facility should have 36 monthly recodrs,35/36 monthly records
LAG009,2023-02-01,R8,Each facility should have 36 monthly recodrs,35/36 monthly records
LAG006,2024-09-30,R8,Each facility should have 36 monthly recodrs,35/36 monthly records
BEN014,2024-06-30,R8,Each facility should have 36 monthly recodrs,34/36 monthly records
AKS009,2024-08-31,R8,Each facility should have 36 monthly recodrs,34/36 monthly records
RIV004,2022-06-30,R8,Each facility should have 36 monthly recodrs,35/36 monthly records
LAG015,2023-06-30,R8,Each facility should have 36 monthly recodrs,35/36 monthly records
RIV001,2023-07-31,R8,Each facility should have 36 monthly recodrs,34/36 monthly records
FCT001,2024-08-31,R8,Each facility should have 36 monthly recodrs,33/36 monthly records
AKS004,2022-05-31,R8,Each facility should have 36 monthly recodrs,35/36 monthly records
AKS015,2024-04-30,R8,Each facility should have 36 monthly recodrs,34/36 monthly records
RIV006,2022-04-30,R8,Each facility should have 36 monthly recodrs,35/36 monthly records
KAD006,2022-08-31,R8,Each facility should have 36 monthly recodrs,35/36 monthly records
NAS009,2024-06-30,R8,Each facility should have 36 monthly recodrs,34/36 monthly records
CRS004,2024-07-31,R8,Each facility should have 36 monthly recodrs,35/36 monthly records
NAS001,2024-01-31,R8,Each facility should have 36 monthly recodrs,34/36 monthly records
BEN011,2023-11-30,R8,Each facility should have 36 monthly recodrs,35/36 monthly records
XXX999,2022-09-30,R8,Each facility should have 36 monthly recodrs,29/36 monthly records
KAD002,2024-07-31,R8,Each facility should have 36 monthly recodrs,35/36 monthly records
RIV009,2023-07-31,R8,Each facility should have 36 monthly recodrs,34/36 monthly records
BEN011,2024-05-31,R8,Each facility should have 36 monthly recodrs,35/36 monthly records
FCT013,2024-10-31,R8,Each facility should have 36 monthly recodrs,32/36 monthly records
RIV012,2022-11-30,R8,Each facility should have 36 monthly recodrs,35/36 monthly records
LAG012,2022-10-31,R8,Each facility should have 36 monthly recodrs,34/36 monthly records
FCT011,2024-12-31,R8,Each facility should have 36 monthly recodrs,34/36 monthly records
LAG001,2023-02-28,R8,Each facility should have 36 monthly recodrs,32/36 monthly records
KAD007,2023-05-31,R8,Each facility should have 36 monthly recodrs,35/36 monthly records
AKS004,2022-10-31,R8,Each facility should have 36 monthly recodrs,35/36 monthly records
RIV003,2024-10-31,R8,Each facility should have 36 monthly recodrs,33/36 monthly records
LAG008,2022-03-31,R8,Each facility should have 36 monthly recodrs,34/36 monthly records
AKS001,2022-04-30,R8,Each facility should have 36 monthly recodrs,33/36 monthly records
TMP001,2022-03-31,R8,Each facility should have 36 monthly recodrs,27/36 monthly records
LAG004,2024-08-31,R8,Each facility should have 36 monthly recodrs,34/36 monthly records
AKS013,2024-12-31,R8,Each facility should have 36 monthly recodrs,34/36 monthly records
AKS001,2022-06-30,R8,Each facility should have 36 monthly recodrs,33/36 monthly records
BEN005,2024-03-31,R8,Each facility should have 36 monthly recodrs,31/36 monthly records
RIV011,2023-08-01,R8,Each facility should have 36 monthly recodrs,33/36 monthly records
FCT013,2022-08-31,R8,Each facility should have 36 monthly recodrs,32/36 monthly records
RIV015,2023-08-31,R8,Each facility should have 36 monthly recodrs,33/36 monthly records
FCT013,2022-03-31,R8,Each facility should have 36 monthly recodrs,32/36 monthly records
KAD007,2024-11-30,R8,Each facility should have 36 monthly recodrs,35/36 monthly records
CRS011,2023-04-30,R8,Each facility should have 36 monthly recodrs,34/36 monthly records
BEN003,2022-09-30,R8,Each facility should have 36 monthly recodrs,34/36 monthly records
NAS007,2022-05-31,R8,Each facility should have 36 monthly recodrs,35/36 monthly records
CRS009,2023-05-31,R8,Each facility should have 36 monthly recodrs,35/36 monthly records
KAD006,2023-03-31,R8,Each facility should have 36 monthly recodrs,35/36 monthly records
FCT012,2022-12-31,R8,Each facility should have 36 monthly recodrs,33/36 monthly records
BEN013,2023-07-31,R8,Each facility should have 36 monthly recodrs,34/36 monthly records
BEN015,2024-02-29,R8,Each facility should have 36 monthly recodrs,34/36 monthly records
NAS014,2024-02-29,R8,Each facility should have 36 monthly recodrs,34/36 monthly records
FCT005,2024-01-31,R8,Each facility should have 36 monthly recodrs,35/36 monthly records
KAD001,2023-02-28,R8,Each facility should have 36 monthly recodrs,33/36 monthly records
LAG011,2023-02-28,R8,Each facility should have 36 monthly recodrs,35/36 monthly records
CRS014,2023-04-01,R8,Each facility should have 36 monthly recodrs,34/36 monthly records
FCT006,2024-03-01,R8,Each facility should have 36 monthly recodrs,35/36 monthly records
LAG010,2024-12-31,R8,Each facility should have 36 monthly recodrs,34/36 monthly records
BEN007,2023-02-28,R8,Each facility should have 36 monthly recodrs,34/36 monthly records
KAD002,2022-08-31,R8,Each facility should have 36 monthly recodrs,35/36 monthly records
BEN013,2024-10-31,R8,Each facility should have 36 monthly recodrs,34/36 monthly records
NAS010,2023-09-30,R8,Each facility should have 36 monthly recodrs,35/36 monthly records
FCT009,2024-05-31,R8,Each facility should have 36 monthly recodrs,35/36 monthly records
FCT014,2023-07-31,R8,Each facility should have 36 monthly recodrs,35/36 monthly records
KAD003,2024-04-30,R8,Each facility should have 36 monthly recodrs,33/36 monthly records
NAS001,2024-12-31,R8,Each facility should have 36 monthly recodrs,34/36 monthly records
RIV003,2022-11-01,R8,Each facility should have 36 monthly recodrs,33/36 monthly records
AKS004,2022-03-31,R8,Each facility should have 36 monthly recodrs,35/36 monthly records
FCT004,2022-12-31,R8,Each facility should have 36 monthly recodrs,35/36 monthly records
CRS010,2024-06-30,R8,Each facility should have 36 monthly recodrs,33/36 monthly records
BEN003,2023-06-30,R8,Each facility should have 36 monthly recodrs,34/36 monthly records
NAS004,2023-03-31,R8,Each facility should have 36 monthly recodrs,35/36 monthly records
AKS002,2024-07-31,R8,Each facility should have 36 monthly recodrs,33/36 monthly records
NAS006,2022-09-30,R8,Each facility should have 36 monthly recodrs,35/36 monthly records
BEN015,2023-12-31,R8,Each facility should have 36 monthly recodrs,34/36 monthly records
LAG013,2024-01-31,R8,Each facility should have 36 monthly recodrs,35/36 monthly records
CRS002,2023-03-31,R8,Each facility should have 36 monthly recodrs,34/36 monthly records
AKS015,2024-09-30,R8,Each facility should have 36 monthly recodrs,34/36 monthly records
KAD005,2023-08-31,R8,Each facility should have 36 monthly recodrs,34/36 monthly records
AKS004,2023-06-30,R8,Each facility should have 36 monthly recodrs,35/36 monthly records
LAG015,2023-02-28,R8,Each facility should have 36 monthly recodrs,35/36 monthly records
BEN005,2024-11-30,R8,Each facility should have 36 monthly recodrs,31/36 monthly records
NAS005,2023-07-31,R8,Each facility should have 36 monthly recodrs,32/36 monthly records
LAG011,2022-01-31,R8,Each facility should have 36 monthly recodrs,35/36 monthly records
NAS004,2023-04-30,R8,Each facility should have 36 monthly recodrs,35/36 monthly records
LAG013,2024-04-30,R8,Each facility should have 36 monthly recodrs,35/36 monthly records
AKS014,2023-05-01,R8,Each facility should have 36 monthly recodrs,34/36 monthly records
LAG002,2022-03-31,R8,Each facility should have 36 monthly recodrs,35/36 monthly records
BEN004,2024-04-30,R8,Each facility should have 36 monthly recodrs,31/36 monthly records
KAD011,2024-10-31,R8,Each facility should have 36 monthly recodrs,31/36 monthly records
CRS010,2023-01-31,R8,Each facility should have 36 monthly recodrs,33/36 monthly records
NAS006,2022-04-30,R8,Each facility should have 36 monthly recodrs,35/36 monthly records
CRS011,2024-09-30,R8,Each facility should have 36 monthly recodrs,34/36 monthly records
CRS004,2022-05-31,R8,Each facility should have 36 monthly recodrs,35/36 monthly records
FCT008,2022-03-31,R8,Each facility should have 36 monthly recodrs,34/36 monthly records
KAD003,2024-06-30,R8,Each facility should have 36 monthly recodrs,33/36 monthly records
RIV011,2023-07-01,R8,Each facility should have 36 monthly recodrs,33/36 monthly records
LAG001,2024-07-31,R8,Each facility should have 36 monthly recodrs,32/36 monthly records
RIV014,2023-07-31,R8,Each facility should have 36 monthly recodrs,35/36 monthly records
RIV014,2023-11-30,R8,Each facility should have 36 monthly recodrs,35/36 monthly records
BEN008,2022-08-31,R8,Each facility should have 36 monthly recodrs,35/36 monthly records
KAD002,2023-03-31,R8,Each facility should have 36 monthly recodrs,35/36 monthly records
NAS999,2024-11-30,R8,Each facility should have 36 monthly recodrs,27/36 monthly records
KAD001,2023-06-30,R8,Each facility should have 36 monthly recodrs,33/36 monthly records
AKS011,2022-05-31,R8,Each facility should have 36 monthly recodrs,34/36 monthly records
NAS015,2022-02-28,R8,Each facility should have 36 monthly recodrs,35/36 monthly records
CRS002,2023-07-31,R8,Each facility should have 36 monthly recodrs,34/36 monthly records
AKS001,2024-04-30,R8,Each facility should have 36 monthly recodrs,33/36 monthly records
AKS014,2022-06-30,R8,Each facility should have 36 monthly recodrs,34/36 monthly records
AKS015,2023-10-31,R8,Each facility should have 36 monthly recodrs,34/36 monthly records
RIV006,2022-06-30,R8,Each facility should have 36 monthly recodrs,35/36 monthly records
AKS002,2023-08-31,R8,Each facility should have 36 monthly recodrs,33/36 monthly records
RIV003,2024-03-31,R8,Each facility should have 36 monthly recodrs,33/36 monthly records
AKS009,2023-03-31,R8,Each facility should have 36 monthly recodrs,34/36 monthly records
KAD002,2024-11-30,R8,Each facility should have 36 monthly recodrs,35/36 monthly records
KAD005,2024-07-01,R8,Each facility should have 36 monthly recodrs,34/36 monthly records
BEN006,2023-09-30,R8,Each facility should have 36 monthly recodrs,35/36 monthly records
LAG008,2023-11-30,R8,Each facility should have 36 monthly recodrs,34/36 monthly records
RIV003,2023-01-31,R8,Each facility should have 36 monthly recodrs,33/36 monthly records
LAG013,2022-08-31,R8,Each facility should have 36 monthly recodrs,35/36 monthly records
BEN006,2024-01-31,R8,Each facility should have 36 monthly recodrs,35/36 monthly records
KAD005,2022-12-01,R8,Each facility should have 36 monthly recodrs,34/36 monthly records
RIV015,2022-06-30,R8,Each facility should have 36 monthly recodrs,33/36 monthly records
AKS010,2023-01-01,R8,Each facility should have 36 monthly recodrs,34/36 monthly records
AKS002,2022-12-31,R8,Each facility should have 36 monthly recodrs,33/36 monthly records
KAD006,2022-03-31,R8,Each facility should have 36 monthly recodrs,35/36 monthly records
AKS003,2024-11-30,R8,Each facility should have 36 monthly recodrs,34/36 monthly records
RIV015,2024-12-31,R8,Each facility should have 36 monthly recodrs,33/36 monthly records
FCT004,2023-11-30,R8,Each facility should have 36 monthly recodrs,35/36 monthly records
NAS001,2022-09-30,R8,Each facility should have 36 monthly recodrs,34/36 monthly records
FCT004,2024-09-30,R8,Each facility should have 36 monthly recodrs,35/36 monthly records
KAD005,2022-02-28,R8,Each facility should have 36 monthly recodrs,34/36 monthly records
KAD013,2023-08-31,R8,Each facility should have 36 monthly recodrs,35/36 monthly records
LAG007,2022-05-31,R8,Each facility should have 36 monthly recodrs,35/36 monthly records
LAG004,2024-06-30,R8,Each facility should have 36 monthly recodrs,34/36 monthly records
LAG010,2024-05-31,R8,Each facility should have 36 monthly recodrs,34/36 monthly records
CRS011,2022-01-31,R8,Each facility should have 36 monthly recodrs,34/36 monthly records
KAD012,2024-05-31,R8,Each facility should have 36 monthly recodrs,34/36 monthly records
AKS015,2023-08-31,R8,Each facility should have 36 monthly recodrs,34/36 monthly records
FCT004,2023-05-01,R8,Each facility should have 36 monthly recodrs,35/36 monthly records
KAD006,2022-10-31,R8,Each facility should have 36 monthly recodrs,35/36 monthly records
FCT012,2024-06-30,R8,Each facility should have 36 monthly recodrs,33/36 monthly records
RIV004,2024-10-31,R8,Each facility should have 36 monthly recodrs,35/36 monthly records
RIV002,2024-04-30,R8,Each facility should have 36 monthly recodrs,35/36 monthly records
CRS014,2023-03-31,R8,Each facility should have 36 monthly recodrs,34/36 monthly records
NAS014,2024-05-31,R8,Each facility should have 36 monthly recodrs,34/36 monthly records
KAD012,2024-10-31,R8,Each facility should have 36 monthly recodrs,34/36 monthly records
LAG099,2023-08-31,R8,Each facility should have 36 monthly recodrs,31/36 monthly records
AKS002,2024-01-31,R8,Each facility should have 36 monthly recodrs,33/36 monthly records
LAG010,2024-06-30,R8,Each facility should have 36 monthly recodrs,34/36 monthly records
RIV004,2023-12-01,R8,Each facility should have 36 monthly recodrs,35/36 monthly records
AKS003,2023-09-30,R8,Each facility should have 36 monthly recodrs,34/36 monthly records
RIV004,2023-07-31,R8,Each facility should have 36 monthly recodrs,35/36 monthly records
CRS010,2023-05-31,R8,Each facility should have 36 monthly recodrs,33/36 monthly records
LAG099,2023-08-31,R8,Each facility should have 36 monthly recodrs,31/36 monthly records
AKS008,2024-05-31,R8,Each facility should have 36 monthly recodrs,33/36 monthly records
LAG003,2024-08-31,R8,Each facility should have 36 monthly recodrs,35/36 monthly records
CRS011,2022-11-30,R8,Each facility should have 36 monthly recodrs,34/36 monthly records
AKS010,2024-12-01,R8,Each facility should have 36 monthly recodrs,34/36 monthly records
NAS999,2024-08-31,R8,Each facility should have 36 monthly recodrs,27/36 monthly records
NAS015,2022-10-31,R8,Each facility should have 36 monthly recodrs,35/36 monthly records
LAG011,2023-07-31,R8,Each facility should have 36 monthly recodrs,35/36 monthly records
XXX999,2023-08-31,R8,Each facility should have 36 monthly recodrs,29/36 monthly records
RIV007,2022-05-31,R8,Each facility should have 36 monthly recodrs,35/36 monthly records
FCT001,2022-03-31,R8,Each facility should have 36 monthly recodrs,33/36 monthly records
LAG009,2022-03-31,R8,Each facility should have 36 monthly recodrs,35/36 monthly records
AKS002,2022-07-31,R8,Each facility should have 36 monthly recodrs,33/36 monthly records
FCT001,2023-06-30,R8,Each facility should have 36 monthly recodrs,33/36 monthly records
FCT013,2022-06-30,R8,Each facility should have 36 monthly recodrs,32/36 monthly records
AKS002,2024-09-30,R8,Each facility should have 36 monthly recodrs,33/36 monthly records
CRS011,2023-08-31,R8,Each facility should have 36 monthly recodrs,34/36 monthly records
LAG008,2022-08-31,R8,Each facility should have 36 monthly recodrs,34/36 monthly records
CRS010,2024-02-29,R8,Each facility should have 36 monthly recodrs,33/36 monthly records
KAD004,2024-05-31,R8,Each facility should have 36 monthly recodrs,35/36 monthly records
NAS004,2023-02-28,R8,Each facility should have 36 monthly recodrs,35/36 monthly records
CRS007,2023-12-31,R8,Each facility should have 36 monthly recodrs,33/36 monthly records
AKS004,2024-06-30,R8,Each facility should have 36 monthly recodrs,35/36 monthly records
KAD007,2024-12-31,R8,Each facility should have 36 monthly recodrs,35/36 monthly records
RIV008,2022-05-31,R8,Each facility should have 36 monthly recodrs,34/36 monthly records
FCT001,2024-01-31,R8,Each facility should have 36 monthly recodrs,33/36 monthly records
LAG015,2022-09-30,R8,Each facility should have 36 monthly recodrs,35/36 monthly records
RIV007,2022-03-31,R8,Each facility should have 36 monthly recodrs,35/36 monthly records
RIV001,2022-02-28,R8,Each facility should have 36 monthly recodrs,34/36 monthly records
RIV014,2022-12-01,R8,Each facility should have 36 monthly recodrs,35/36 monthly records
CRS014,2024-07-31,R8,Each facility should have 36 monthly recodrs,34/36 monthly records
KAD010,2022-12-01,R8,Each facility should have 36 monthly recodrs,34/36 monthly records
CRS009,2024-11-30,R8,Each facility should have 36 monthly recodrs,35/36 monthly records
AKS005,2023-10-01,R8,Each facility should have 36 monthly recodrs,35/36 monthly records
BEN008,2022-04-30,R8,Each facility should have 36 monthly recodrs,35/36 monthly records
NAS999,2022-06-30,R8,Each facility should have 36 monthly recodrs,27/36 monthly records
AKS013,2023-03-31,R8,Each facility should have 36 monthly recodrs,34/36 monthly records
KAD006,2024-07-31,R8,Each facility should have 36 monthly recodrs,35/36 monthly records
BEN008,2024-07-01,R8,Each facility should have 36 monthly recodrs,35/36 monthly records
KAD005,2022-06-30,R8,Each facility should have 36 monthly recodrs,34/36 monthly records
LAG015,2024-02-29,R8,Each facility should have 36 monthly recodrs,35/36 monthly records
BEN008,2022-02-28,R8,Each facility should have 36 monthly recodrs,35/36 monthly records
KAD005,2023-02-28,R8,Each facility should have 36 monthly recodrs,34/36 monthly records
KAD003,2023-06-01,R8,Each facility should have 36 monthly recodrs,33/36 monthly records
RIV007,2022-08-31,R8,Each facility should have 36 monthly recodrs,35/36 monthly records
CRS008,2022-12-31,R8,Each facility should have 36 monthly recodrs,32/36 monthly records
LAG015,2024-07-31,R8,Each facility should have 36 monthly recodrs,35/36 monthly records
AKS013,2022-03-31,R8,Each facility should have 36 monthly recodrs,34/36 monthly records
LAG015,2022-03-31,R8,Each facility should have 36 monthly recodrs,35/36 monthly records
RIV002,2022-02-28,R8,Each facility should have 36 monthly recodrs,35/36 monthly records
KAD006,2024-01-31,R8,Each facility should have 36 monthly recodrs,35/36 monthly records
NAS001,2023-04-30,R8,Each facility should have 36 monthly recodrs,34/36 monthly records
CRS002,2022-10-31,R8,Each facility should have 36 monthly recodrs,34/36 monthly records
KAD008,2023-07-31,R8,Each facility should have 36 monthly recodrs,35/36 monthly records
KAD004,2022-11-30,R8,Each facility should have 36 monthly recodrs,35/36 monthly records
NAS013,2024-03-01,R8,Each facility should have 36 monthly recodrs,34/36 monthly records
FCT009,2022-05-31,R8,Each facility should have 36 monthly recodrs,35/36 monthly records
LAG007,2023-05-31,R8,Each facility should have 36 monthly recodrs,35/36 monthly records
RIV007,2022-07-31,R8,Each facility should have 36 monthly recodrs,35/36 monthly records
KAD010,2023-06-30,R8,Each facility should have 36 monthly recodrs,34/36 monthly records
AKS011,2024-05-31,R8,Each facility should have 36 monthly recodrs,34/36 monthly records
RIV015,2024-10-31,R8,Each facility should have 36 monthly recodrs,33/36 monthly records
LAG011,2022-09-30,R8,Each facility should have 36 monthly recodrs,35/36 monthly records
XXX999,2023-04-30,R8,Each facility should have 36 monthly recodrs,29/36 monthly records
RIV007,2023-03-31,R8,Each facility should have 36 monthly recodrs,35/36 monthly records
FCT001,2022-10-01,R8,Each facility should have 36 monthly recodrs,33/36 monthly records
AKS013,2022-06-30,R8,Each facility should have 36 monthly recodrs,34/36 monthly records
RIV004,2024-02-29,R8,Each facility should have 36 monthly recodrs,35/36 monthly records
XXX999,2024-07-31,R8,Each facility should have 36 monthly recodrs,29/36 monthly records
KAD013,2023-07-31,R8,Each facility should have 36 monthly recodrs,35/36 monthly records
LAG015,2023-11-30,R8,Each facility should have 36 monthly recodrs,35/36 monthly records
LAG013,2024-10-01,R8,Each facility should have 36 monthly recodrs,35/36 monthly records
LAG006,2024-04-30,R8,Each facility should have 36 monthly recodrs,35/36 monthly records
NAS009,2024-03-31,R8,Each facility should have 36 monthly recodrs,34/36 monthly records
AKS013,2023-05-31,R8,Each facility should have 36 monthly recodrs,34/36 monthly records
BEN011,2024-10-31,R8,Each facility should have 36 monthly recodrs,35/36 monthly records
RIV005,2024-09-30,R8,Each facility should have 36 monthly recodrs,34/36 monthly records
NAS001,2024-03-31,R8,Each facility should have 36 monthly recodrs,34/36 monthly records
XXX999,2023-03-31,R8,Each facility should have 36 monthly recodrs,29/36 monthly records
LAG013,2022-01-31,R8,Each facility should have 36 monthly recodrs,35/36 monthly records
LAG008,2024-10-31,R8,Each facility should have 36 monthly recodrs,34/36 monthly records
NAS009,2024-01-01,R8,Each facility should have 36 monthly recodrs,34/36 monthly records
KAD013,2024-01-31,R8,Each facility should have 36 monthly recodrs,35/36 monthly records
KAD013,2024-08-31,R8,Each facility should have 36 monthly recodrs,35/36 monthly records
BEN003,2023-05-31,R8,Each facility should have 36 monthly recodrs,34/36 monthly records
AKS003,2022-11-30,R8,Each facility should have 36 monthly recodrs,34/36 monthly records
CRS009,2022-12-31,R8,Each facility should have 36 monthly recodrs,35/36 monthly records
KAD001,2024-05-31,R8,Each facility should have 36 monthly recodrs,33/36 monthly records
NAS004,2023-08-31,R8,Each facility should have 36 monthly recodrs,35/36 monthly records
KAD010,2024-01-31,R8,Each facility should have 36 monthly recodrs,34/36 monthly records
KAD012,2022-06-30,R8,Each facility should have 36 monthly recodrs,34/36 monthly records
BEN011,2024-01-31,R8,Each facility should have 36 monthly recodrs,35/36 monthly records
KAD004,2023-03-31,R8,Each facility should have 36 monthly recodrs,35/36 monthly records
LAG008,2024-02-29,R8,Each facility should have 36 monthly recodrs,34/36 monthly records
LAG002,2023-05-31,R8,Each facility should have 36 monthly recodrs,35/36 monthly records
KAD002,2024-01-31,R8,Each facility should have 36 monthly recodrs,35/36 monthly records
LAG011,2024-01-01,R8,Each facility should have 36 monthly recodrs,35/36 monthly records
AKS014,2022-08-31,R8,Each facility should have 36 monthly recodrs,34/36 monthly records
AKS015,2023-02-28,R8,Each facility should have 36 monthly recodrs,34/36 monthly records
KAD005,2024-07-01,R8,Each facility should have 36 monthly recodrs,34/36 monthly records
AKS012,2022-09-30,R8,Each facility should have 36 monthly recodrs,34/36 monthly records
AKS011,2024-01-01,R8,Each facility should have 36 monthly recodrs,34/36 monthly records
NAS010,2024-12-31,R8,Each facility should have 36 monthly recodrs,35/36 monthly records
NAS004,2024-03-31,R8,Each facility should have 36 monthly recodrs,35/36 monthly records
LAG001,2023-06-30,R8,Each facility should have 36 monthly recodrs,32/36 monthly records
RIV005,2022-05-31,R8,Each facility should have 36 monthly recodrs,34/36 monthly records
NAS003,2023-09-30,R8,Each facility should have 36 monthly recodrs,35/36 monthly records
KAD005,2024-11-30,R8,Each facility should have 36 monthly recodrs,34/36 monthly records
BEN005,2023-05-01,R8,Each facility should have 36 monthly recodrs,31/36 monthly records
AKS002,2024-03-31,R8,Each facility should have 36 monthly recodrs,33/36 monthly records
CRS004,2023-01-31,R8,Each facility should have 36 monthly recodrs,35/36 monthly records
RIV009,2024-01-31,R8,Each facility should have 36 monthly recodrs,34/36 monthly records
NAS013,2024-07-01,R8,Each facility should have 36 monthly recodrs,34/36 monthly records
NAS013,2022-09-30,R8,Each facility should have 36 monthly recodrs,34/36 monthly records
BEN006,2022-07-31,R8,Each facility should have 36 monthly recodrs,35/36 monthly records
KAD013,2022-12-31,R8,Each facility should have 36 monthly recodrs,35/36 monthly records
AKS011,2023-02-28,R8,Each facility should have 36 monthly recodrs,34/36 monthly records
LAG006,2024-05-31,R8,Each facility should have 36 monthly recodrs,35/36 monthly records
RIV002,2024-01-31,R8,Each facility should have 36 monthly recodrs,35/36 monthly records
NAS010,2023-05-31,R8,Each facility should have 36 monthly recodrs,35/36 monthly records
CRS003,2023-06-01,R8,Each facility should have 36 monthly recodrs,35/36 monthly records
CRS003,2022-09-30,R8,Each facility should have 36 monthly recodrs,35/36 monthly records
RIV008,2022-06-30,R8,Each facility should have 36 monthly recodrs,34/36 monthly records
KAD005,2024-08-31,R8,Each facility should have 36 monthly recodrs,34/36 monthly records
AKS001,2022-10-31,R8,Each facility should have 36 monthly recodrs,33/36 monthly records
LAG010,2022-05-31,R8,Each facility should have 36 monthly recodrs,34/36 monthly records
LAG007,2022-07-31,R8,Each facility should have 36 monthly recodrs,35/36 monthly records
RIV005,2024-01-31,R8,Each facility should have 36 monthly recodrs,34/36 monthly records
AKS008,2022-04-30,R8,Each facility should have 36 monthly recodrs,33/36 monthly records
KAD007,2023-07-01,R8,Each facility should have 36 monthly recodrs,35/36 monthly records
LAG001,2022-02-28,R8,Each facility should have 36 monthly recodrs,32/36 monthly records
AKS011,2024-06-01,R8,Each facility should have 36 monthly recodrs,34/36 monthly records
NAS003,2024-06-30,R8,Each facility should have 36 monthly recodrs,35/36 monthly records
CRS011,2024-05-31,R8,Each facility should have 36 monthly recodrs,34/36 monthly records
NAS999,2022-02-28,R8,Each facility should have 36 monthly recodrs,27/36 monthly records
KAD008,2022-09-30,R8,Each facility should have 36 monthly recodrs,35/36 monthly records
RIV011,2024-01-31,R8,Each facility should have 36 monthly recodrs,33/36 monthly records
KAD003,2024-08-31,R8,Each facility should have 36 monthly recodrs,33/36 monthly records
LAG012,2024-01-31,R8,Each facility should have 36 monthly recodrs,34/36 monthly records
NAS001,2024-09-30,R8,Each facility should have 36 monthly recodrs,34/36 monthly records
BEN005,2022-01-31,R8,Each facility should have 36 monthly recodrs,31/36 monthly records
KAD009,2023-11-30,R8,Each facility should have 36 monthly recodrs,35/36 monthly records
FCT011,2024-10-31,R8,Each facility should have 36 monthly recodrs,34/36 monthly records
NAS999,2022-07-31,R8,Each facility should have 36 monthly recodrs,27/36 monthly records
RIV006,2023-08-31,R8,Each facility should have 36 monthly recodrs,35/36 monthly records
AKS002,2022-05-31,R8,Each facility should have 36 monthly recodrs,33/36 monthly records
KAD003,2022-12-31,R8,Each facility should have 36 monthly recodrs,33/36 monthly records
AKS015,2024-12-31,R8,Each facility should have 36 monthly recodrs,34/36 monthly records
KAD002,2023-02-28,R8,Each facility should have 36 monthly recodrs,35/36 monthly records
XXX999,2023-11-01,R8,Each facility should have 36 monthly recodrs,29/36 monthly records
NAS006,2024-08-31,R8,Each facility should have 36 monthly recodrs,35/36 monthly records
KAD001,2024-04-30,R8,Each facility should have 36 monthly recodrs,33/36 monthly records
BEN009,2022-08-31,R8,Each facility should have 36 monthly recodrs,33/36 monthly records
RIV014,2023-12-31,R8,Each facility should have 36 monthly recodrs,35/36 monthly records
AKS011,2023-01-31,R8,Each facility should have 36 monthly recodrs,34/36 monthly records
RIV004,2023-08-31,R8,Each facility should have 36 monthly recodrs,35/36 monthly records
CRS007,2024-07-31,R8,Each facility should have 36 monthly recodrs,33/36 monthly records
KAD009,2024-12-31,R8,Each facility should have 36 monthly recodrs,35/36 monthly records
AKS010,2024-10-31,R8,Each facility should have 36 monthly recodrs,34/36 monthly records
RIV012,2024-08-31,R8,Each facility should have 36 monthly recodrs,35/36 monthly records
KAD004,2024-04-30,R8,Each facility should have 36 monthly recodrs,35/36 monthly records
KAD003,2023-04-30,R8,Each facility should have 36 monthly recodrs,33/36 monthly records
BEN008,2024-02-29,R8,Each facility should have 36 monthly recodrs,35/36 monthly records
RIV014,2024-04-30,R8,Each facility should have 36 monthly recodrs,35/36 monthly records
TMP001,2024-11-30,R8,Each facility should have 36 monthly recodrs,27/36 monthly records
AKS014,2022-03-31,R8,Each facility should have 36 monthly recodrs,34/36 monthly records
KAD001,2022-08-31,R8,Each facility should have 36 monthly recodrs,33/36 monthly records
CRS003,2024-02-01,R8,Each facility should have 36 monthly recodrs,35/36 monthly records
BEN009,2024-09-30,R8,Each facility should have 36 monthly recodrs,33/36 monthly records
CRS010,2024-07-31,R8,Each facility should have 36 monthly recodrs,33/36 monthly records
NAS010,2024-09-30,R8,Each facility should have 36 monthly recodrs,35/36 monthly records
BEN014,2022-06-30,R8,Each facility should have 36 monthly recodrs,34/36 monthly records
CRS004,2024-12-31,R8,Each facility should have 36 monthly recodrs,35/36 monthly records
BEN006,2022-01-31,R8,Each facility should have 36 monthly recodrs,35/36 monthly records
CRS007,2024-01-01,R8,Each facility should have 36 monthly recodrs,33/36 monthly records
CRS008,2024-07-31,R8,Each facility should have 36 monthly recodrs,32/36 monthly records
BEN014,2022-12-31,R8,Each facility should have 36 monthly recodrs,34/36 monthly records
BEN005,2024-07-31,R8,Each facility should have 36 monthly recodrs,31/36 monthly records
LAG003,2022-12-01,R8,Each facility should have 36 monthly recodrs,35/36 monthly records
NAS014,2022-08-31,R8,Each facility should have 36 monthly recodrs,34/36 monthly records
NAS014,2023-12-31,R8,Each facility should have 36 monthly recodrs,34/36 monthly records
CRS002,2023-04-30,R8,Each facility should have 36 monthly recodrs,34/36 monthly records
KAD007,2023-10-31,R8,Each facility should have 36 monthly recodrs,35/36 monthly records
AKS003,2022-08-31,R8,Each facility should have 36 monthly recodrs,34/36 monthly records
BEN003,2023-09-30,R8,Each facility should have 36 monthly recodrs,34/36 monthly records
RIV008,2023-11-01,R8,Each facility should have 36 monthly recodrs,34/36 monthly records
LAG007,2023-09-30,R8,Each facility should have 36 monthly recodrs,35/36 monthly records
KAD001,2023-12-31,R8,Each facility should have 36 monthly recodrs,33/36 monthly records
RIV005,2022-01-31,R8,Each facility should have 36 monthly recodrs,34/36 monthly records
NAS007,2022-09-30,R8,Each facility should have 36 monthly recodrs,35/36 monthly records
AKS004,2024-02-29,R8,Each facility should have 36 monthly recodrs,35/36 monthly records
RIV011,2024-10-31,R8,Each facility should have 36 monthly recodrs,33/36 monthly records
RIV011,2024-05-31,R8,Each facility should have 36 monthly recodrs,33/36 monthly records
RIV008,2024-08-31,R8,Each facility should have 36 monthly recodrs,34/36 monthly records
CRS007,2024-11-30,R8,Each facility should have 36 monthly recodrs,33/36 monthly records
NAS005,2024-03-31,R8,Each facility should have 36 monthly recodrs,32/36 monthly records
BEN013,2023-12-31,R8,Each facility should have 36 monthly recodrs,34/36 monthly records
BEN004,2024-03-31,R8,Each facility should have 36 monthly recodrs,31/36 monthly records
XXX999,2022-01-31,R8,Each facility should have 36 monthly recodrs,29/36 monthly records
CRS002,2022-09-30,R8,Each facility should have 36 monthly recodrs,34/36 monthly records
LAG011,2023-09-30,R8,Each facility should have 36 monthly recodrs,35/36 monthly records
FCT008,2024-03-31,R8,Each facility should have 36 monthly recodrs,34/36 monthly records
TMP001,2023-08-31,R8,Each facility should have 36 monthly recodrs,27/36 monthly records
LAG010,2023-07-31,R8,Each facility should have 36 monthly recodrs,34/36 monthly records
BEN009,2023-09-30,R8,Each facility should have 36 monthly recodrs,33/36 monthly records
RIV009,2022-01-01,R8,Each facility should have 36 monthly recodrs,34/36 monthly records
AKS013,2023-12-31,R8,Each facility should have 36 monthly recodrs,34/36 monthly records
FCT011,2022-08-31,R8,Each facility should have 36 monthly recodrs,34/36 monthly records
LAG002,2024-08-31,R8,Each facility should have 36 monthly recodrs,35/36 monthly records
NAS010,2022-01-31,R8,Each facility should have 36 monthly recodrs,35/36 monthly records
NAS009,2024-07-31,R8,Each facility should have 36 monthly recodrs,34/36 monthly records
NAS013,2024-06-30,R8,Each facility should have 36 monthly recodrs,34/36 monthly records
NAS006,2024-12-01,R8,Each facility should have 36 monthly recodrs,35/36 monthly records
RIV004,2022-05-31,R8,Each facility should have 36 monthly recodrs,35/36 monthly records
AKS005,2024-05-31,R8,Each facility should have 36 monthly recodrs,35/36 monthly records
CRS009,2022-05-31,R8,Each facility should have 36 monthly recodrs,35/36 monthly records
KAD015,2022-01-31,R8,Each facility should have 36 monthly recodrs,35/36 monthly records
LAG099,2022-03-31,R8,Each facility should have 36 monthly recodrs,31/36 monthly records
CRS011,2023-01-31,R8,Each facility should have 36 monthly recodrs,34/36 monthly records
LAG008,2023-02-28,R8,Each facility should have 36 monthly recodrs,34/36 monthly records
AKS003,2023-07-01,R8,Each facility should have 36 monthly recodrs,34/36 monthly records
BEN004,2023-06-30,R8,Each facility should have 36 monthly recodrs,31/36 monthly records
KAD007,2022-12-31,R8,Each facility should have 36 monthly recodrs,35/36 monthly records
LAG099,2022-07-01,R8,Each facility should have 36 monthly recodrs,31/36 monthly records
LAG006,2023-03-31,R8,Each facility should have 36 monthly recodrs,35/36 monthly records
TMP001,2022-05-31,R8,Each facility should have 36 monthly recodrs,27/36 monthly records
CRS003,2023-07-31,R8,Each facility should have 36 monthly recodrs,35/36 monthly records
KAD013,2023-05-31,R8,Each facility should have 36 monthly recodrs,35/36 monthly records
LAG006,2024-08-31,R8,Each facility should have 36 monthly recodrs,35/36 monthly records
BEN003,2022-04-30,R8,Each facility should have 36 monthly recodrs,34/36 monthly records
BEN007,2024-09-30,R8,Each facility should have 36 monthly recodrs,34/36 monthly records
AKS015,2022-07-31,R8,Each facility should have 36 monthly recodrs,34/36 monthly records
LAG002,2024-05-31,R8,Each facility should have 36 monthly recodrs,35/36 monthly records
AKS014,2024-08-31,R8,Each facility should have 36 monthly recodrs,34/36 monthly records
NAS005,2023-02-28,R8,Each facility should have 36 monthly recodrs,32/36 monthly records
LAG007,2024-01-31,R8,Each facility should have 36 monthly recodrs,35/36 monthly records
BEN009,2024-01-31,R8,Each facility should have 36 monthly recodrs,33/36 monthly records
BEN013,2022-12-31,R8,Each facility should have 36 monthly recodrs,34/36 monthly records
CRS014,2023-10-31,R8,Each facility should have 36 monthly recodrs,34/36 monthly records
NAS013,2022-11-30,R8,Each facility should have 36 monthly recodrs,34/36 monthly records
LAG013,2024-05-31,R8,Each facility should have 36 monthly recodrs,35/36 monthly records
BEN013,2024-09-30,R8,Each facility should have 36 monthly recodrs,34/36 monthly records
BEN004,2024-06-30,R8,Each facility should have 36 monthly recodrs,31/36 monthly records
KAD005,2022-03-31,R8,Each facility should have 36 monthly recodrs,34/36 monthly records
KAD009,2022-10-31,R8,Each facility should have 36 monthly recodrs,35/36 monthly records
NAS007,2022-12-31,R8,Each facility should have 36 monthly recodrs,35/36 monthly records
LAG002,2024-01-31,R8,Each facility should have 36 monthly recodrs,35/36 monthly records
BEN004,2022-10-31,R8,Each facility should have 36 monthly recodrs,31/36 monthly records
BEN013,2024-11-30,R8,Each facility should have 36 monthly recodrs,34/36 monthly records
CRS002,2024-09-30,R8,Each facility should have 36 monthly recodrs,34/36 monthly records
NAS012,2024-06-01,R8,Each facility should have 36 monthly recodrs,34/36 monthly records
KAD008,2023-01-31,R8,Each facility should have 36 monthly recodrs,35/36 monthly records
FCT011,2023-12-31,R8,Each facility should have 36 monthly recodrs,34/36 monthly records
RIV012,2023-06-30,R8,Each facility should have 36 monthly recodrs,35/36 monthly records
KAD013,2023-09-30,R8,Each facility should have 36 monthly recodrs,35/36 monthly records
KAD011,2024-04-30,R8,Each facility should have 36 monthly recodrs,31/36 monthly records
FCT014,2022-12-31,R8,Each facility should have 36 monthly recodrs,35/36 monthly records
RIV006,2024-07-31,R8,Each facility should have 36 monthly recodrs,35/36 monthly records
KAD001,2022-10-31,R8,Each facility should have 36 monthly recodrs,33/36 monthly records
RIV006,2023-01-31,R8,Each facility should have 36 monthly recodrs,35/36 monthly records
BEN005,2023-03-31,R8,Each facility should have 36 monthly recodrs,31/36 monthly records
NAS012,2024-12-31,R8,Each facility should have 36 monthly recodrs,34/36 monthly records
BEN003,2022-05-31,R8,Each facility should have 36 monthly recodrs,34/36 monthly records
NAS009,2024-12-31,R8,Each facility should have 36 monthly recodrs,34/36 monthly records
FCT009,2022-02-28,R8,Each facility should have 36 monthly recodrs,35/36 monthly records
KAD008,2024-11-30,R8,Each facility should have 36 monthly recodrs,35/36 monthly records
BEN004,2023-10-31,R8,Each facility should have 36 monthly recodrs,31/36 monthly records
RIV015,2023-10-31,R8,Each facility should have 36 monthly recodrs,33/36 monthly records
FCT001,2022-01-31,R8,Each facility should have 36 monthly recodrs,33/36 monthly records
RIV015,2023-07-31,R8,Each facility should have 36 monthly recodrs,33/36 monthly records
FCT013,2024-05-31,R8,Each facility should have 36 monthly recodrs,32/36 monthly records
BEN003,2023-04-30,R8,Each facility should have 36 monthly recodrs,34/36 monthly records
KAD015,2024-02-29,R8,Each facility should have 36 monthly recodrs,35/36 monthly records
CRS010,2022-02-28,R8,Each facility should have 36 monthly recodrs,33/36 monthly records
KAD007,2024-03-01,R8,Each facility should have 36 monthly recodrs,35/36 monthly records
KAD009,2022-12-31,R8,Each facility should have 36 monthly recodrs,35/36 monthly records
KAD012,2022-08-31,R8,Each facility should have 36 monthly recodrs,34/36 monthly records
NAS005,2022-08-31,R8,Each facility should have 36 monthly recodrs,32/36 monthly records
NAS011,2024-12-31,R8,Each facility should have 36 monthly recodrs,35/36 monthly records
KAD013,2023-04-30,R8,Each facility should have 36 monthly recodrs,35/36 monthly records
AKS004,2024-12-31,R8,Each facility should have 36 monthly recodrs,35/36 monthly records
BEN009,2024-03-31,R8,Each facility should have 36 monthly recodrs,33/36 monthly records
CRS010,2023-12-31,R8,Each facility should have 36 monthly recodrs,33/36 monthly records
RIV009,2023-11-30,R8,Each facility should have 36 monthly recodrs,34/36 monthly records
CRS007,2022-07-31,R8,Each facility should have 36 monthly recodrs,33/36 monthly records
KAD003,2023-03-31,R8,Each facility should have 36 monthly recodrs,33/36 monthly records
RIV005,2024-10-01,R8,Each facility should have 36 monthly recodrs,34/36 monthly records
LAG006,2023-12-31,R8,Each facility should have 36 monthly recodrs,35/36 monthly records
AKS008,2023-01-31,R8,Each facility should have 36 monthly recodrs,33/36 monthly records
AKS003,2022-04-30,R8,Each facility should have 36 monthly recodrs,34/36 monthly records
NAS015,2022-07-31,R8,Each facility should have 36 monthly recodrs,35/36 monthly records
AKS011,2024-12-31,R8,Each facility should have 36 monthly recodrs,34/36 monthly records
NAS009,2022-05-01,R8,Each facility should have 36 monthly recodrs,34/36 monthly records
KAD012,2022-02-28,R8,Each facility should have 36 monthly recodrs,34/36 monthly records
NAS014,2024-09-30,R8,Each facility should have 36 monthly recodrs,34/36 monthly records
AKS012,2022-01-31,R8,Each facility should have 36 monthly recodrs,34/36 monthly records
BEN009,2022-02-28,R8,Each facility should have 36 monthly recodrs,33/36 monthly records
NAS006,2023-02-28,R8,Each facility should have 36 monthly recodrs,35/36 monthly records
LAG008,2024-12-31,R8,Each facility should have 36 monthly recodrs,34/36 monthly records
TMP001,2023-08-31,R8,Each facility should have 36 monthly recodrs,27/36 monthly records
BEN007,2022-05-31,R8,Each facility should have 36 monthly recodrs,34/36 monthly records
LAG006,2024-02-29,R8,Each facility should have 36 monthly recodrs,35/36 monthly records
KAD007,2022-03-31,R8,Each facility should have 36 monthly recodrs,35/36 monthly records
FCT004,2022-01-31,R8,Each facility should have 36 monthly recodrs,35/36 monthly records
FCT005,2024-03-31,R8,Each facility should have 36 monthly recodrs,35/36 monthly records
BEN014,2022-05-31,R8,Each facility should have 36 monthly recodrs,34/36 monthly records
NAS003,2022-10-31,R8,Each facility should have 36 monthly recodrs,35/36 monthly records
AKS002,2022-01-31,R8,Each facility should have 36 monthly recodrs,33/36 monthly records
NAS010,2024-02-29,R8,Each facility should have 36 monthly recodrs,35/36 monthly records
KAD001,2023-03-31,R8,Each facility should have 36 monthly recodrs,33/36 monthly records
NAS007,2024-03-31,R8,Each facility should have 36 monthly recodrs,35/36 monthly records
LAG015,2023-12-31,R8,Each facility should have 36 monthly recodrs,35/36 monthly records
NAS009,2022-01-31,R8,Each facility should have 36 monthly recodrs,34/36 monthly records
RIV013,2022-06-30,R8,Each facility should have 36 monthly recodrs,35/36 monthly records
BEN014,2024-04-30,R8,Each facility should have 36 monthly recodrs,34/36 monthly records
NAS999,2023-07-31,R8,Each facility should have 36 monthly recodrs,27/36 monthly records
KAD008,2023-08-31,R8,Each facility should have 36 monthly recodrs,35/36 monthly records
LAG008,2024-01-31,R8,Each facility should have 36 monthly recodrs,34/36 monthly records
CRS007,2023-05-31,R8,Each facility should have 36 monthly recodrs,33/36 monthly records
RIV004,2024-04-30,R8,Each facility should have 36 monthly recodrs,35/36 monthly records
KAD004,2022-05-31,R8,Each facility should have 36 monthly recodrs,35/36 monthly records
KAD011,2023-04-30,R8,Each facility should have 36 monthly recodrs,31/36 monthly records
CRS004,2022-08-31,R8,Each facility should have 36 monthly recodrs,35/36 monthly records
RIV006,2022-09-30,R8,Each facility should have 36 monthly recodrs,35/36 monthly records
CRS008,2022-10-31,R8,Each facility should have 36 monthly recodrs,32/36 monthly records
AKS012,2023-05-31,R8,Each facility should have 36 monthly recodrs,34/36 monthly records
KAD013,2023-10-31,R8,Each facility should have 36 monthly recodrs,35/36 monthly records
BEN013,2022-09-30,R8,Each facility should have 36 monthly recodrs,34/36 monthly records
LAG001,2024-10-31,R8,Each facility should have 36 monthly recodrs,32/36 monthly records
CRS010,2023-07-31,R8,Each facility should have 36 monthly recodrs,33/36 monthly records
RIV008,2024-10-31,R8,Each facility should have 36 monthly recodrs,34/36 monthly records
RIV003,2022-05-31,R8,Each facility should have 36 monthly recodrs,33/36 monthly records
AKS004,2022-07-31,R8,Each facility should have 36 monthly recodrs,35/36 monthly records
AKS012,2023-10-31,R8,Each facility should have 36 monthly recodrs,34/36 monthly records
KAD011,2023-05-31,R8,Each facility should have 36 monthly recodrs,31/36 monthly records
LAG001,2022-10-31,R8,Each facility should have 36 monthly recodrs,32/36 monthly records
KAD009,2024-10-31,R8,Each facility should have 36 monthly recodrs,35/36 monthly records
FCT014,2024-05-31,R8,Each facility should have 36 monthly recodrs,35/36 monthly records
AKS003,2023-06-30,R8,Each facility should have 36 monthly recodrs,34/36 monthly records
KAD006,2023-09-30,R8,Each facility should have 36 monthly recodrs,35/36 monthly records
NAS010,2024-08-01,R8,Each facility should have 36 monthly recodrs,35/36 monthly records
LAG013,2024-11-30,R8,Each facility should have 36 monthly recodrs,35/36 monthly records
RIV006,2024-10-31,R8,Each facility should have 36 monthly recodrs,35/36 monthly records
FCT011,2024-07-01,R8,Each facility should have 36 monthly recodrs,34/36 monthly records
TMP001,2023-08-31,R8,Each facility should have 36 monthly recodrs,27/36 monthly records
NAS006,2023-08-31,R8,Each facility should have 36 monthly recodrs,35/36 monthly records
CRS004,2024-09-30,R8,Each facility should have 36 monthly recodrs,35/36 monthly records
LAG001,2023-03-31,R8,Each facility should have 36 monthly recodrs,32/36 monthly records
AKS001,2022-12-31,R8,Each facility should have 36 monthly recodrs,33/36 monthly records
FCT009,2022-01-01,R8,Each facility should have 36 monthly recodrs,35/36 monthly records
AKS008,2024-09-30,R8,Each facility should have 36 monthly recodrs,33/36 monthly records
LAG099,2024-02-29,R8,Each facility should have 36 monthly recodrs,31/36 monthly records
RIV015,2023-11-01,R8,Each facility should have 36 monthly recodrs,33/36 monthly records
NAS004,2024-12-31,R8,Each facility should have 36 monthly recodrs,35/36 monthly records
BEN004,2022-04-30,R8,Each facility should have 36 monthly recodrs,31/36 monthly records
BEN011,2022-05-31,R8,Each facility should have 36 monthly recodrs,35/36 monthly records
NAS004,2024-05-31,R8,Each facility should have 36 monthly recodrs,35/36 monthly records
NAS015,2022-04-30,R8,Each facility should have 36 monthly recodrs,35/36 monthly records
NAS015,2022-01-31,R8,Each facility should have 36 monthly recodrs,35/36 monthly records
CRS008,2023-05-31,R8,Each facility should have 36 monthly recodrs,32/36 monthly records
KAD002,2022-07-31,R8,Each facility should have 36 monthly recodrs,35/36 monthly records
NAS013,2022-10-31,R8,Each facility should have 36 monthly recodrs,34/36 monthly records
NAS007,2023-03-31,R8,Each facility should have 36 monthly recodrs,35/36 monthly records
BEN014,2024-01-31,R8,Each facility should have 36 monthly recodrs,34/36 monthly records
FCT008,2023-08-31,R8,Each facility should have 36 monthly recodrs,34/36 monthly records
KAD002,2022-06-30,R8,Each facility should have 36 monthly recodrs,35/36 monthly records
NAS014,2024-07-31,R8,Each facility should have 36 monthly recodrs,34/36 monthly records
LAG002,2024-12-01,R8,Each facility should have 36 monthly recodrs,35/36 monthly records
NAS999,2023-12-31,R8,Each facility should have 36 monthly recodrs,27/36 monthly records
CRS009,2024-05-31,R8,Each facility should have 36 monthly recodrs,35/36 monthly records
AKS014,2024-05-31,R8,Each facility should have 36 monthly recodrs,34/36 monthly records
FCT005,2022-06-30,R8,Each facility should have 36 monthly recodrs,35/36 monthly records
AKS010,2022-12-31,R8,Each facility should have 36 monthly recodrs,34/36 monthly records
KAD004,2024-12-31,R8,Each facility should have 36 monthly recodrs,35/36 monthly records
KAD011,2024-11-30,R8,Each facility should have 36 monthly recodrs,31/36 monthly records
AKS015,2022-12-31,R8,Each facility should have 36 monthly recodrs,34/36 monthly records
BEN008,2023-09-01,R8,Each facility should have 36 monthly recodrs,35/36 monthly records
RIV014,2022-08-31,R8,Each facility should have 36 monthly recodrs,35/36 monthly records
KAD004,2023-01-31,R8,Each facility should have 36 monthly recodrs,35/36 monthly records
LAG001,2023-04-30,R8,Each facility should have 36 monthly recodrs,32/36 monthly records
CRS014,2024-09-30,R8,Each facility should have 36 monthly recodrs,34/36 monthly records
KAD004,2022-06-30,R8,Each facility should have 36 monthly recodrs,35/36 monthly records
NAS006,2024-04-30,R8,Each facility should have 36 monthly recodrs,35/36 monthly records
CRS002,2024-02-29,R8,Each facility should have 36 monthly recodrs,34/36 monthly records
NAS013,2023-09-30,R8,Each facility should have 36 monthly recodrs,34/36 monthly records
NAS009,2022-12-31,R8,Each facility should have 36 monthly recodrs,34/36 monthly records
NAS004,2024-07-31,R8,Each facility should have 36 monthly recodrs,35/36 monthly records
FCT012,2023-06-30,R8,Each facility should have 36 monthly recodrs,33/36 monthly records
LAG013,2023-11-30,R8,Each facility should have 36 monthly recodrs,35/36 monthly records
AKS010,2024-09-30,R8,Each facility should have 36 monthly recodrs,34/36 monthly records
CRS003,2023-09-30,R8,Each facility should have 36 monthly recodrs,35/36 monthly records
NAS999,2023-09-30,R8,Each facility should have 36 monthly recodrs,27/36 monthly records
LAG001,2023-08-31,R8,Each facility should have 36 monthly recodrs,32/36 monthly records
RIV001,2022-11-30,R8,Each facility should have 36 monthly recodrs,34/36 monthly records
FCT009,2024-12-31,R8,Each facility should have 36 monthly recodrs,35/36 monthly records
FCT011,2022-06-30,R8,Each facility should have 36 monthly recodrs,34/36 monthly records
FCT004,2022-02-28,R8,Each facility should have 36 monthly recodrs,35/36 monthly records
KAD008,2022-12-31,R8,Each facility should have 36 monthly recodrs,35/36 monthly records
BEN005,2022-04-30,R8,Each facility should have 36 monthly recodrs,31/36 monthly records
AKS013,2023-09-01,R8,Each facility should have 36 monthly recodrs,34/36 monthly records
KAD011,2022-07-01,R8,Each facility should have 36 monthly recodrs,31/36 monthly records
RIV012,2023-10-31,R8,Each facility should have 36 monthly recodrs,35/36 monthly records
LAG015,2023-10-01,R8,Each facility should have 36 monthly recodrs,35/36 monthly records
RIV014,2022-01-31,R8,Each facility should have 36 monthly recodrs,35/36 monthly records
KAD012,2024-06-30,R8,Each facility should have 36 monthly recodrs,34/36 monthly records
NAS012,2022-11-30,R8,Each facility should have 36 monthly recodrs,34/36 monthly records
CRS004,2023-04-01,R8,Each facility should have 36 monthly recodrs,35/36 monthly records
KAD002,2023-01-31,R8,Each facility should have 36 monthly recodrs,35/36 monthly records
NAS015,2024-08-31,R8,Each facility should have 36 monthly recodrs,35/36 monthly records
RIV013,2024-01-31,R8,Each facility should have 36 monthly recodrs,35/36 monthly records
CRS008,2024-01-31,R8,Each facility should have 36 monthly recodrs,32/36 monthly records
NAS999,2024-04-30,R8,Each facility should have 36 monthly recodrs,27/36 monthly records
AKS005,2022-10-31,R8,Each facility should have 36 monthly recodrs,35/36 monthly records
KAD013,2023-11-30,R8,Each facility should have 36 monthly recodrs,35/36 monthly records
FCT004,2024-07-31,R8,Each facility should have 36 monthly recodrs,35/36 monthly records
KAD006,2024-09-30,R8,Each facility should have 36 monthly recodrs,35/36 monthly records
LAG099,2024-10-31,R8,Each facility should have 36 monthly recodrs,31/36 monthly records
RIV002,2022-05-31,R8,Each facility should have 36 monthly recodrs,35/36 monthly records
BEN011,2024-11-01,R8,Each facility should have 36 monthly recodrs,35/36 monthly records
RIV005,2023-08-31,R8,Each facility should have 36 monthly recodrs,34/36 monthly records
TMP001,2023-01-31,R8,Each facility should have 36 monthly recodrs,27/36 monthly records
BEN004,2024-01-31,R8,Each facility should have 36 monthly recodrs,31/36 monthly records
CRS004,2022-03-31,R8,Each facility should have 36 monthly recodrs,35/36 monthly records
NAS006,2022-07-31,R8,Each facility should have 36 monthly recodrs,35/36 monthly records
CRS003,2022-04-01,R8,Each facility should have 36 monthly recodrs,35/36 monthly records
RIV001,2023-08-31,R8,Each facility should have 36 monthly recodrs,34/36 monthly records
CRS014,2022-12-31,R8,Each facility should have 36 monthly recodrs,34/36 monthly records
KAD005,2022-10-31,R8,Each facility should have 36 monthly recodrs,34/36 monthly records
AKS015,2022-09-30,R8,Each facility should have 36 monthly recodrs,34/36 monthly records
RIV003,2023-10-01,R8,Each facility should have 36 monthly recodrs,33/36 monthly records
LAG002,2023-01-31,R8,Each facility should have 36 monthly recodrs,35/36 monthly records
RIV014,2022-05-31,R8,Each facility should have 36 monthly recodrs,35/36 monthly records
LAG009,2024-04-30,R8,Each facility should have 36 monthly recodrs,35/36 monthly records
KAD004,2024-11-30,R8,Each facility should have 36 monthly recodrs,35/36 monthly records
AKS004,2022-09-30,R8,Each facility should have 36 monthly recodrs,35/36 monthly records
RIV006,2023-09-30,R8,Each facility should have 36 monthly recodrs,35/36 monthly records
NAS014,2022-07-31,R8,Each facility should have 36 monthly recodrs,34/36 monthly records
RIV009,2022-03-31,R8,Each facility should have 36 monthly recodrs,34/36 monthly records
AKS004,2022-12-31,R8,Each facility should have 36 monthly recodrs,35/36 monthly records
NAS013,2023-06-30,R8,Each facility should have 36 monthly recodrs,34/36 monthly records
NAS012,2023-10-31,R8,Each facility should have 36 monthly recodrs,34/36 monthly records
RIV003,2023-12-31,R8,Each facility should have 36 monthly recodrs,33/36 monthly records
RIV013,2023-08-31,R8,Each facility should have 36 monthly recodrs,35/36 monthly records
AKS001,2022-05-31,R8,Each facility should have 36 monthly recodrs,33/36 monthly records
KAD010,2024-08-31,R8,Each facility should have 36 monthly recodrs,34/36 monthly records
KAD012,2024-12-31,R8,Each facility should have 36 monthly recodrs,34/36 monthly records
NAS003,2023-01-31,R8,Each facility should have 36 monthly recodrs,35/36 monthly records
LAG003,2024-04-30,R8,Each facility should have 36 monthly recodrs,35/36 monthly records
TMP001,2024-11-30,R8,Each facility should have 36 monthly recodrs,27/36 monthly records
RIV009,2024-02-01,R8,Each facility should have 36 monthly recodrs,34/36 monthly records
LAG011,2022-07-31,R8,Each facility should have 36 monthly recodrs,35/36 monthly records
KAD003,2022-07-31,R8,Each facility should have 36 monthly recodrs,33/36 monthly records
BEN003,2023-03-31,R8,Each facility should have 36 monthly recodrs,34/36 monthly records
RIV012,2024-12-31,R8,Each facility should have 36 monthly recodrs,35/36 monthly records
NAS999,2022-06-30,R8,Each facility should have 36 monthly recodrs,27/36 monthly records
NAS003,2022-06-30,R8,Each facility should have 36 monthly recodrs,35/36 monthly records
FCT006,2024-09-30,R8,Each facility should have 36 monthly recodrs,35/36 monthly records
NAS010,2023-10-31,R8,Each facility should have 36 monthly recodrs,35/36 monthly records
TMP001,2022-02-28,R8,Each facility should have 36 monthly recodrs,27/36 monthly records
KAD008,2022-03-31,R8,Each facility should have 36 monthly recodrs,35/36 monthly records
AKS015,2023-09-30,R8,Each facility should have 36 monthly recodrs,34/36 monthly records
FCT009,2022-12-31,R8,Each facility should have 36 monthly recodrs,35/36 monthly records
LAG007,2022-10-31,R8,Each facility should have 36 monthly recodrs,35/36 monthly records
AKS015,2024-10-01,R8,Each facility should have 36 monthly recodrs,34/36 monthly records
KAD004,2022-03-31,R8,Each facility should have 36 monthly recodrs,35/36 monthly records
RIV007,2024-05-31,R8,Each facility should have 36 monthly recodrs,35/36 monthly records
FCT011,2023-10-31,R8,Each facility should have 36 monthly recodrs,34/36 monthly records
AKS005,2022-11-30,R8,Each facility should have 36 monthly recodrs,35/36 monthly records
KAD009,2024-02-01,R8,Each facility should have 36 monthly recodrs,35/36 monthly records
LAG002,2024-11-30,R8,Each facility should have 36 monthly recodrs,35/36 monthly records
KAD006,2024-02-29,R8,Each facility should have 36 monthly recodrs,35/36 monthly records
NAS003,2023-10-31,R8,Each facility should have 36 monthly recodrs,35/36 monthly records
KAD002,2022-02-01,R8,Each facility should have 36 monthly recodrs,35/36 monthly records
LAG008,2024-04-01,R8,Each facility should have 36 monthly recodrs,34/36 monthly records
RIV001,2024-06-30,R8,Each facility should have 36 monthly recodrs,34/36 monthly records
LAG006,2023-09-30,R8,Each facility should have 36 monthly recodrs,35/36 monthly records
LAG013,2023-06-30,R8,Each facility should have 36 monthly recodrs,35/36 monthly records
AKS004,2023-08-31,R8,Each facility should have 36 monthly recodrs,35/36 monthly records
CRS003,2023-11-30,R8,Each facility should have 36 monthly recodrs,35/36 monthly records
KAD008,2022-09-30,R8,Each facility should have 36 monthly recodrs,35/36 monthly records
KAD008,2024-04-30,R8,Each facility should have 36 monthly recodrs,35/36 monthly records
RIV013,2022-09-30,R8,Each facility should have 36 monthly recodrs,35/36 monthly records
FCT005,2022-01-31,R8,Each facility should have 36 monthly recodrs,35/36 monthly records
RIV005,2023-04-30,R8,Each facility should have 36 monthly recodrs,34/36 monthly records
NAS013,2023-07-31,R8,Each facility should have 36 monthly recodrs,34/36 monthly records
RIV002,2024-07-31,R8,Each facility should have 36 monthly recodrs,35/36 monthly records
AKS009,2023-02-28,R8,Each facility should have 36 monthly recodrs,34/36 monthly records
NAS014,2023-08-31,R8,Each facility should have 36 monthly recodrs,34/36 monthly records
RIV015,2023-05-31,R8,Each facility should have 36 monthly recodrs,33/36 monthly records
FCT012,2023-02-28,R8,Each facility should have 36 monthly recodrs,33/36 monthly records
LAG099,2024-08-31,R8,Each facility should have 36 monthly recodrs,31/36 monthly records
RIV015,2024-02-29,R8,Each facility should have 36 monthly recodrs,33/36 monthly records
FCT011,2022-09-30,R8,Each facility should have 36 monthly recodrs,34/36 monthly records
BEN005,2023-12-31,R8,Each facility should have 36 monthly recodrs,31/36 monthly records
AKS001,2023-05-31,R8,Each facility should have 36 monthly recodrs,33/36 monthly records
KAD012,2024-08-31,R8,Each facility should have 36 monthly recodrs,34/36 monthly records
RIV008,2023-12-31,R8,Each facility should have 36 monthly recodrs,34/36 monthly records
KAD011,2023-03-31,R8,Each facility should have 36 monthly recodrs,31/36 monthly records
RIV012,2023-12-31,R8,Each facility should have 36 monthly recodrs,35/36 monthly records
CRS004,2023-02-28,R8,Each facility should have 36 monthly recodrs,35/36 monthly records
LAG003,2022-06-30,R8,Each facility should have 36 monthly recodrs,35/36 monthly records
RIV015,2022-02-28,R8,Each facility should have 36 monthly recodrs,33/36 monthly records
RIV012,2023-07-31,R8,Each facility should have 36 monthly recodrs,35/36 monthly records
KAD002,2022-04-30,R8,Each facility should have 36 monthly recodrs,35/36 monthly records
BEN004,2024-07-31,R8,Each facility should have 36 monthly recodrs,31/36 monthly records
BEN013,2023-08-31,R8,Each facility should have 36 monthly recodrs,34/36 monthly records
NAS007,2022-02-01,R8,Each facility should have 36 monthly recodrs,35/36 monthly records
BEN007,2022-09-30,R8,Each facility should have 36 monthly recodrs,34/36 monthly records
AKS005,2023-05-31,R8,Each facility should have 36 monthly recodrs,35/36 monthly records
NAS009,2022-10-31,R8,Each facility should have 36 monthly recodrs,34/36 monthly records
RIV012,2023-09-30,R8,Each facility should have 36 monthly recodrs,35/36 monthly records
NAS001,2023-10-31,R8,Each facility should have 36 monthly recodrs,34/36 monthly records
KAD005,2024-06-30,R8,Each facility should have 36 monthly recodrs,34/36 monthly records
NAS001,2022-08-31,R8,Each facility should have 36 monthly recodrs,34/36 monthly records
KAD008,2023-02-28,R8,Each facility should have 36 monthly recodrs,35/36 monthly records
AKS003,2024-03-31,R8,Each facility should have 36 monthly recodrs,34/36 monthly records
FCT012,2022-06-30,R8,Each facility should have 36 monthly recodrs,33/36 monthly records
AKS008,2022-02-28,R8,Each facility should have 36 monthly recodrs,33/36 monthly records
NAS005,2022-10-31,R8,Each facility should have 36 monthly recodrs,32/36 monthly records
NAS012,2024-10-31,R8,Each facility should have 36 monthly recodrs,34/36 monthly records
BEN011,2022-10-31,R8,Each facility should have 36 monthly recodrs,35/36 monthly records
LAG001,2024-09-30,R8,Each facility should have 36 monthly recodrs,32/36 monthly records
NAS007,2022-06-30,R8,Each facility should have 36 monthly recodrs,35/36 monthly records
LAG003,2022-09-30,R8,Each facility should have 36 monthly recodrs,35/36 monthly records
BEN003,2022-03-31,R8,Each facility should have 36 monthly recodrs,34/36 monthly records
LAG013,2022-09-30,R8,Each facility should have 36 monthly recodrs,35/36 monthly records
NAS009,2024-09-01,R8,Each facility should have 36 monthly recodrs,34/36 monthly records
KAD012,2023-08-31,R8,Each facility should have 36 monthly recodrs,34/36 monthly records
CRS014,2024-02-29,R8,Each facility should have 36 monthly recodrs,34/36 monthly records
LAG013,2022-02-28,R8,Each facility should have 36 monthly recodrs,35/36 monthly records
LAG099,2022-12-31,R8,Each facility should have 36 monthly recodrs,31/36 monthly records
AKS008,2022-11-30,R8,Each facility should have 36 monthly recodrs,33/36 monthly records
CRS004,2024-05-31,R8,Each facility should have 36 monthly recodrs,35/36 monthly records
XXX999,2022-04-30,R8,Each facility should have 36 monthly recodrs,29/36 monthly records
RIV015,2023-08-31,R8,Each facility should have 36 monthly recodrs,33/36 monthly records
LAG010,2023-08-31,R8,Each facility should have 36 monthly recodrs,34/36 monthly records
KAD008,2024-05-31,R8,Each facility should have 36 monthly recodrs,35/36 monthly records
TMP001,2023-09-30,R8,Each facility should have 36 monthly recodrs,27/36 monthly records
LAG007,2022-12-31,R8,Each facility should have 36 monthly recodrs,35/36 monthly records
LAG004,2022-11-30,R8,Each facility should have 36 monthly recodrs,34/36 monthly records
KAD006,2024-12-31,R8,Each facility should have 36 monthly recodrs,35/36 monthly records
KAD015,2023-11-30,R8,Each facility should have 36 monthly recodrs,35/36 monthly records
AKS005,2022-03-31,R8,Each facility should have 36 monthly recodrs,35/36 monthly records
XXX999,2022-06-30,R8,Each facility should have 36 monthly recodrs,29/36 monthly records
KAD004,2022-08-31,R8,Each facility should have 36 monthly recodrs,35/36 monthly records
RIV004,2022-12-01,R8,Each facility should have 36 monthly recodrs,35/36 monthly records
CRS002,2022-04-30,R8,Each facility should have 36 monthly recodrs,34/36 monthly records
RIV002,2024-09-30,R8,Each facility should have 36 monthly recodrs,35/36 monthly records
CRS010,2024-05-31,R8,Each facility should have 36 monthly recodrs,33/36 monthly records
LAG009,2024-03-01,R8,Each facility should have 36 monthly recodrs,35/36 monthly records
KAD007,2023-08-31,R8,Each facility should have 36 monthly recodrs,35/36 monthly records
FCT005,2024-04-30,R8,Each facility should have 36 monthly recodrs,35/36 monthly records
RIV007,2022-11-30,R8,Each facility should have 36 monthly recodrs,35/36 monthly records
NAS013,2023-05-31,R8,Each facility should have 36 monthly recodrs,34/36 monthly records
CRS008,2024-05-31,R8,Each facility should have 36 monthly recodrs,32/36 monthly records
LAG004,2022-10-31,R8,Each facility should have 36 monthly recodrs,34/36 monthly records
KAD003,2022-10-31,R8,Each facility should have 36 monthly recodrs,33/36 monthly records
LAG003,2023-08-31,R8,Each facility should have 36 monthly recodrs,35/36 monthly records
CRS007,2024-02-29,R8,Each facility should have 36 monthly recodrs,33/36 monthly records
NAS999,2024-03-31,R8,Each facility should have 36 monthly recodrs,27/36 monthly records
NAS010,2022-04-30,R8,Each facility should have 36 monthly recodrs,35/36 monthly records
FCT001,2022-05-31,R8,Each facility should have 36 monthly recodrs,33/36 monthly records
RIV005,2023-03-31,R8,Each facility should have 36 monthly recodrs,34/36 monthly records
NAS010,2023-12-01,R8,Each facility should have 36 monthly recodrs,35/36 monthly records
KAD009,2023-04-30,R8,Each facility should have 36 monthly recodrs,35/36 monthly records
LAG001,2023-09-01,R8,Each facility should have 36 monthly recodrs,32/36 monthly records
CRS007,2022-09-30,R8,Each facility should have 36 monthly recodrs,33/36 monthly records
CRS010,2024-04-01,R8,Each facility should have 36 monthly recodrs,33/36 monthly records
BEN006,2024-12-31,R8,Each facility should have 36 monthly recodrs,35/36 monthly records
LAG007,2023-10-31,R8,Each facility should have 36 monthly recodrs,35/36 monthly records
CRS002,2024-12-31,R8,Each facility should have 36 monthly recodrs,34/36 monthly records
LAG011,2023-11-30,R8,Each facility should have 36 monthly recodrs,35/36 monthly records
RIV004,2023-04-30,R8,Each facility should have 36 monthly recodrs,35/36 monthly records
RIV005,2024-02-29,R8,Each facility should have 36 monthly recodrs,34/36 monthly records
BEN006,2024-03-31,R8,Each facility should have 36 monthly recodrs,35/36 monthly records
BEN007,2023-03-31,R8,Each facility should have 36 monthly recodrs,34/36 monthly records
XXX999,2024-10-31,R8,Each facility should have 36 monthly recodrs,29/36 monthly records
LAG012,2024-03-31,R8,Each facility should have 36 monthly recodrs,34/36 monthly records
BEN013,2023-10-31,R8,Each facility should have 36 monthly recodrs,34/36 monthly records
LAG002,2022-12-31,R8,Each facility should have 36 monthly recodrs,35/36 monthly records
KAD011,2022-08-31,R8,Each facility should have 36 monthly recodrs,31/36 monthly records
KAD001,2024-10-31,R8,Each facility should have 36 monthly recodrs,33/36 monthly records
FCT014,2022-02-28,R8,Each facility should have 36 monthly recodrs,35/36 monthly records
KAD013,2024-09-01,R8,Each facility should have 36 monthly recodrs,35/36 monthly records
CRS003,2022-10-31,R8,Each facility should have 36 monthly recodrs,35/36 monthly records
LAG003,2024-11-30,R8,Each facility should have 36 monthly recodrs,35/36 monthly records
RIV015,2023-04-30,R8,Each facility should have 36 monthly recodrs,33/36 monthly records
LAG002,2024-03-31,R8,Each facility should have 36 monthly recodrs,35/36 monthly records
LAG004,2024-10-31,R8,Each facility should have 36 monthly recodrs,34/36 monthly records
XXX999,2024-02-01,R8,Each facility should have 36 monthly recodrs,29/36 monthly records
RIV001,2023-12-31,R8,Each facility should have 36 monthly recodrs,34/36 monthly records
KAD003,2023-11-30,R8,Each facility should have 36 monthly recodrs,33/36 monthly records
RIV009,2024-12-31,R8,Each facility should have 36 monthly recodrs,34/36 monthly records
AKS014,2024-11-30,R8,Each facility should have 36 monthly recodrs,34/36 monthly records
RIV014,2023-09-30,R8,Each facility should have 36 monthly recodrs,35/36 monthly records
BEN014,2024-03-31,R8,Each facility should have 36 monthly recodrs,34/36 monthly records
NAS999,2022-06-30,R8,Each facility should have 36 monthly recodrs,27/36 monthly records
KAD001,2024-12-31,R8,Each facility should have 36 monthly recodrs,33/36 monthly records
RIV008,2023-01-31,R8,Each facility should have 36 monthly recodrs,34/36 monthly records
FCT009,2022-11-01,R8,Each facility should have 36 monthly recodrs,35/36 monthly records
KAD012,2023-04-30,R8,Each facility should have 36 monthly recodrs,34/36 monthly records
KAD012,2022-11-30,R8,Each facility should have 36 monthly recodrs,34/36 monthly records
XXX999,2023-03-31,R8,Each facility should have 36 monthly recodrs,29/36 monthly records
CRS010,2022-08-31,R8,Each facility should have 36 monthly recodrs,33/36 monthly records
AKS011,2024-08-31,R8,Each facility should have 36 monthly recodrs,34/36 monthly records
LAG012,2023-04-30,R8,Each facility should have 36 monthly recodrs,34/36 monthly records
FCT012,2023-05-31,R8,Each facility should have 36 monthly recodrs,33/36 monthly records
AKS002,2024-05-31,R8,Each facility should have 36 monthly recodrs,33/36 monthly records
NAS004,2022-07-31,R8,Each facility should have 36 monthly recodrs,35/36 monthly records
LAG013,2023-03-31,R8,Each facility should have 36 monthly recodrs,35/36 monthly records
AKS014,2024-01-31,R8,Each facility should have 36 monthly recodrs,34/36 monthly records
AKS011,2023-08-01,R8,Each facility should have 36 monthly recodrs,34/36 monthly records
NAS007,2022-08-31,R8,Each facility should have 36 monthly recodrs,35/36 monthly records
RIV015,2024-09-30,R8,Each facility should have 36 monthly recodrs,33/36 monthly records
AKS010,2023-02-01,R8,Each facility should have 36 monthly recodrs,34/36 monthly records
LAG099,2022-09-30,R8,Each facility should have 36 monthly recodrs,31/36 monthly records
BEN006,2023-08-31,R8,Each facility should have 36 monthly recodrs,35/36 monthly records
NAS001,2024-05-31,R8,Each facility should have 36 monthly recodrs,34/36 monthly records
CRS004,2022-02-28,R8,Each facility should have 36 monthly recodrs,35/36 monthly records
RIV013,2023-12-31,R8,Each facility should have 36 monthly recodrs,35/36 monthly records
LAG011,2022-06-30,R8,Each facility should have 36 monthly recodrs,35/36 monthly records
NAS015,2023-12-31,R8,Each facility should have 36 monthly recodrs,35/36 monthly records
AKS005,2023-06-30,R8,Each facility should have 36 monthly recodrs,35/36 monthly records
NAS003,2022-02-28,R8,Each facility should have 36 monthly recodrs,35/36 monthly records
FCT013,2024-02-29,R8,Each facility should have 36 monthly recodrs,32/36 monthly records
CRS007,2023-01-31,R8,Each facility should have 36 monthly recodrs,33/36 monthly records
RIV014,2023-02-28,R8,Each facility should have 36 monthly recodrs,35/36 monthly records
KAD011,2023-09-30,R8,Each facility should have 36 monthly recodrs,31/36 monthly records
XXX999,2024-06-30,R8,Each facility should have 36 monthly recodrs,29/36 monthly records
BEN015,2022-06-30,R8,Each facility should have 36 monthly recodrs,34/36 monthly records
LAG010,2023-04-30,R8,Each facility should have 36 monthly recodrs,34/36 monthly records
KAD013,2024-04-30,R8,Each facility should have 36 monthly recodrs,35/36 monthly records
AKS001,2024-11-30,R8,Each facility should have 36 monthly recodrs,33/36 monthly records
NAS007,2024-05-01,R8,Each facility should have 36 monthly recodrs,35/36 monthly records
RIV007,2023-08-31,R8,Each facility should have 36 monthly recodrs,35/36 monthly records
FCT012,2022-05-01,R8,Each facility should have 36 monthly recodrs,33/36 monthly records
BEN008,2024-12-31,R8,Each facility should have 36 monthly recodrs,35/36 monthly records
FCT013,2024-01-31,R8,Each facility should have 36 monthly recodrs,32/36 monthly records
KAD004,2023-09-30,R8,Each facility should have 36 monthly recodrs,35/36 monthly records
LAG012,2024-06-30,R8,Each facility should have 36 monthly recodrs,34/36 monthly records
LAG013,2023-02-28,R8,Each facility should have 36 monthly recodrs,35/36 monthly records
FCT006,2024-04-30,R8,Each facility should have 36 monthly recodrs,35/36 monthly records
FCT008,2024-04-30,R8,Each facility should have 36 monthly recodrs,34/36 monthly records
KAD006,2023-01-31,R8,Each facility should have 36 monthly recodrs,35/36 monthly records
RIV003,2024-11-30,R8,Each facility should have 36 monthly recodrs,33/36 monthly records
NAS004,2023-01-01,R8,Each facility should have 36 monthly recodrs,35/36 monthly records
CRS010,2022-03-01,R8,Each facility should have 36 monthly recodrs,33/36 monthly records
KAD015,2022-06-30,R8,Each facility should have 36 monthly recodrs,35/36 monthly records
BEN013,2023-09-30,R8,Each facility should have 36 monthly recodrs,34/36 monthly records
NAS999,2022-12-31,R8,Each facility should have 36 monthly recodrs,27/36 monthly records
LAG008,2024-08-31,R8,Each facility should have 36 monthly recodrs,34/36 monthly records
KAD009,2023-10-31,R8,Each facility should have 36 monthly recodrs,35/36 monthly records
KAD002,2022-03-31,R8,Each facility should have 36 monthly recodrs,35/36 monthly records
LAG006,2022-11-30,R8,Each facility should have 36 monthly recodrs,35/36 monthly records
RIV013,2022-04-30,R8,Each facility should have 36 monthly recodrs,35/36 monthly records
KAD002,2023-04-30,R8,Each facility should have 36 monthly recodrs,35/36 monthly records
LAG012,2024-12-01,R8,Each facility should have 36 monthly recodrs,34/36 monthly records
FCT012,2022-07-31,R8,Each facility should have 36 monthly recodrs,33/36 monthly records
AKS014,2022-07-31,R8,Each facility should have 36 monthly recodrs,34/36 monthly records
KAD006,2024-05-31,R8,Each facility should have 36 monthly recodrs,35/36 monthly records
BEN003,2024-09-30,R8,Each facility should have 36 monthly recodrs,34/36 monthly records
FCT008,2024-02-29,R8,Each facility should have 36 monthly recodrs,34/36 monthly records
RIV007,2023-02-28,R8,Each facility should have 36 monthly recodrs,35/36 monthly records
LAG002,2024-10-31,R8,Each facility should have 36 monthly recodrs,35/36 monthly records
AKS004,2023-11-01,R8,Each facility should have 36 monthly recodrs,35/36 monthly records
KAD007,2022-08-31,R8,Each facility should have 36 monthly recodrs,35/36 monthly records
AKS013,2024-11-30,R8,Each facility should have 36 monthly recodrs,34/36 monthly records
KAD012,2022-04-30,R8,Each facility should have 36 monthly recodrs,34/36 monthly records
NAS001,2022-03-31,R8,Each facility should have 36 monthly recodrs,34/36 monthly records
RIV009,2024-09-30,R8,Each facility should have 36 monthly recodrs,34/36 monthly records
NAS009,2024-08-31,R9,date_submitted must be after the reporting period end,"submitted=2024-08-18, period_end=2024-08-31"
KAD001,2023-08-31,R9,date_submitted must be after the reporting period end,"submitted=2023-08-20, period_end=2023-08-31"
CRS006,2024-06-30,R9,date_submitted must be after the reporting period end,"submitted=2024-06-07, period_end=2024-06-30"
KAD006,2022-12-31,R9,date_submitted must be after the reporting period end,"submitted=2022-12-10, period_end=2022-12-31"
FCT006,2023-04-30,R9,date_submitted must be after the reporting period end,"submitted=2023-04-18, period_end=2023-04-30"
CRS015,2022-01-31,R9,date_submitted must be after the reporting period end,"submitted=2022-01-19, period_end=2022-01-31"
CRS015,2022-01-31,R9,date_submitted must be after the reporting period end,"submitted=2022-01-28, period_end=2022-01-31"
CRS004,2024-08-31,R9,date_submitted must be after the reporting period end,"submitted=2024-08-11, period_end=2024-08-31"
NAS999,2024-02-29,R9,date_submitted must be after the reporting period end,"submitted=2024-02-04, period_end=2024-02-29"
BEN004,2022-08-31,R9,date_submitted must be after the reporting period end,"submitted=2022-08-14, period_end=2022-08-31"
RIV009,2022-10-31,R9,date_submitted must be after the reporting period end,"submitted=2022-09-24, period_end=2022-10-31"
CRS006,2022-03-31,R9,date_submitted must be after the reporting period end,"submitted=2022-03-04, period_end=2022-03-31"
RIV007,2022-02-28,R9,date_submitted must be after the reporting period end,"submitted=2022-01-21, period_end=2022-02-28"
RIV010,2022-12-31,R9,date_submitted must be after the reporting period end,"submitted=2022-12-05, period_end=2022-12-31"
AKS013,2022-06-30,R9,date_submitted must be after the reporting period end,"submitted=2022-06-01, period_end=2022-06-30"
NAS009,2024-01-01,R9,date_submitted must be after the reporting period end,"submitted=2023-12-10, period_end=2024-01-01"
AKS014,2022-07-31,R9,date_submitted must be after the reporting period end,"submitted=2022-07-12, period_end=2022-07-31"
NAS006,2024-01-31,R10,Report should be submitted within 15 days of period end,18 days
LAG015,2022-05-01,R10,Report should be submitted within 15 days of period end,48 days
FCT001,2022-02-28,R10,Report should be submitted within 15 days of period end,16 days
NAS004,2024-06-01,R10,Report should be submitted within 15 days of period end,50 days
NAS011,2023-02-01,R10,Report should be submitted within 15 days of period end,40 days
KAD014,2023-09-30,R10,Report should be submitted within 15 days of period end,16 days
RIV014,2023-05-31,R10,Report should be submitted within 15 days of period end,18 days
CRS003,2022-01-31,R10,Report should be submitted within 15 days of period end,29 days
BEN012,2023-02-28,R10,Report should be submitted within 15 days of period end,18 days
FCT007,2022-08-31,R10,Report should be submitted within 15 days of period end,16 days
BEN012,2024-09-30,R10,Report should be submitted within 15 days of period end,18 days
CRS006,2023-02-28,R10,Report should be submitted within 15 days of period end,16 days
AKS011,2022-12-01,R10,Report should be submitted within 15 days of period end,51 days
CRS009,2023-04-30,R10,Report should be submitted within 15 days of period end,18 days
FCT008,2022-08-31,R10,Report should be submitted within 15 days of period end,21 days
BEN013,2022-03-31,R10,Report should be submitted within 15 days of period end,16 days
KAD007,2024-06-30,R10,Report should be submitted within 15 days of period end,16 days
LAG003,2024-03-31,R10,Report should be submitted within 15 days of period end,21 days
CRS014,2024-12-01,R10,Report should be submitted within 15 days of period end,76 days
LAG011,2022-08-31,R10,Report should be submitted within 15 days of period end,16 days
RIV010,2022-06-30,R10,Report should be submitted within 15 days of period end,21 days
RIV014,2024-03-31,R10,Report should be submitted within 15 days of period end,16 days
CRS001,2024-07-31,R10,Report should be submitted within 15 days of period end,18 days
CRS014,2023-01-31,R10,Report should be submitted within 15 days of period end,16 days
BEN002,2024-10-31,R10,Report should be submitted within 15 days of period end,29 days
NAS007,2022-01-31,R10,Report should be submitted within 15 days of period end,21 days
AKS009,2022-09-30,R10,Report should be submitted within 15 days of period end,18 days
KAD002,2023-11-30,R10,Report should be submitted within 15 days of period end,21 days
CRS001,2024-08-31,R10,Report should be submitted within 15 days of period end,18 days
FCT004,2024-03-31,R10,Report should be submitted within 15 days of period end,18 days
NAS011,2022-11-30,R10,Report should be submitted within 15 days of period end,18 days
KAD012,2022-05-31,R10,Report should be submitted within 15 days of period end,18 days
BEN002,2022-02-01,R10,Report should be submitted within 15 days of period end,40 days
FCT014,2024-01-01,R10,Report should be submitted within 15 days of period end,41 days
AKS005,2022-08-31,R10,Report should be submitted within 15 days of period end,46 days
FCT011,2024-06-30,R10,Report should be submitted within 15 days of period end,16 days
RIV011,2022-10-31,R10,Report should be submitted within 15 days of period end,22 days
CRS014,2024-11-30,R10,Report should be submitted within 15 days of period end,21 days
NAS003,2024-03-01,R10,Report should be submitted within 15 days of period end,48 days
BEN007,2023-12-01,R10,Report should be submitted within 15 days of period end,43 days
CRS003,2023-01-31,R10,Report should be submitted within 15 days of period end,21 days
FCT004,2024-08-31,R10,Report should be submitted within 15 days of period end,18 days
RIV006,2024-08-31,R10,Report should be submitted within 15 days of period end,18 days
AKS003,2023-02-28,R10,Report should be submitted within 15 days of period end,24 days
AKS002,2023-04-30,R10,Report should be submitted within 15 days of period end,18 days
NAS005,2023-04-30,R10,Report should be submitted within 15 days of period end,16 days
BEN011,2023-01-31,R10,Report should be submitted within 15 days of period end,46 days
FCT010,2022-04-30,R10,Report should be submitted within 15 days of period end,18 days
AKS012,2023-07-31,R10,Report should be submitted within 15 days of period end,16 days
AKS005,2024-12-31,R10,Report should be submitted within 15 days of period end,18 days
LAG009,2022-06-30,R10,Report should be submitted within 15 days of period end,16 days
LAG015,2022-08-31,R10,Report should be submitted within 15 days of period end,21 days
LAG005,2022-08-31,R10,Report should be submitted within 15 days of period end,16 days
CRS009,2022-09-30,R10,Report should be submitted within 15 days of period end,29 days
LAG014,2022-12-01,R10,Report should be submitted within 15 days of period end,45 days
AKS009,2024-07-31,R10,Report should be submitted within 15 days of period end,21 days
NAS014,2022-11-30,R10,Report should be submitted within 15 days of period end,46 days
RIV002,2023-02-01,R10,Report should be submitted within 15 days of period end,56 days
BEN015,2023-11-30,R10,Report should be submitted within 15 days of period end,16 days
FCT003,2022-01-31,R10,Report should be submitted within 15 days of period end,18 days
NAS006,2022-06-30,R10,Report should be submitted within 15 days of period end,16 days
RIV008,2022-11-30,R10,Report should be submitted within 15 days of period end,29 days
NAS003,2023-12-31,R10,Report should be submitted within 15 days of period end,16 days
LAG002,2024-09-30,R10,Report should be submitted within 15 days of period end,18 days
LAG014,2022-03-01,R10,Report should be submitted within 15 days of period end,43 days
CRS013,2023-05-31,R10,Report should be submitted within 15 days of period end,18 days
LAG099,2023-05-31,R10,Report should be submitted within 15 days of period end,16 days
KAD013,2023-03-31,R10,Report should be submitted within 15 days of period end,21 days
RIV013,2023-07-31,R10,Report should be submitted within 15 days of period end,46 days
LAG099,2023-04-30,R10,Report should be submitted within 15 days of period end,22 days
CRS014,2022-10-31,R10,Report should be submitted within 15 days of period end,18 days
LAG003,2024-06-30,R10,Report should be submitted within 15 days of period end,29 days
NAS007,2023-07-31,R10,Report should be submitted within 15 days of period end,21 days
LAG015,2022-12-31,R10,Report should be submitted within 15 days of period end,16 days
BEN012,2024-08-01,R10,Report should be submitted within 15 days of period end,46 days
CRS009,2024-09-01,R10,Report should be submitted within 15 days of period end,44 days
CRS011,2024-04-30,R10,Report should be submitted within 15 days of period end,29 days
CRS010,2024-03-31,R10,Report should be submitted within 15 days of period end,21 days
CRS009,2022-11-30,R10,Report should be submitted within 15 days of period end,18 days
FCT008,2024-06-30,R10,Report should be submitted within 15 days of period end,18 days
LAG004,2023-04-30,R10,Report should be submitted within 15 days of period end,18 days
KAD008,2022-10-31,R10,Report should be submitted within 15 days of period end,16 days
NAS013,2022-06-30,R10,Report should be submitted within 15 days of period end,21 days
RIV004,2024-06-30,R10,Report should be submitted within 15 days of period end,18 days
TMP001,2024-05-31,R10,Report should be submitted within 15 days of period end,21 days
AKS005,2022-06-30,R10,Report should be submitted within 15 days of period end,16 days
AKS005,2023-02-01,R10,Report should be submitted within 15 days of period end,38 days
CRS003,2024-03-31,R10,Report should be submitted within 15 days of period end,18 days
LAG005,2024-06-30,R10,Report should be submitted within 15 days of period end,16 days
CRS006,2023-04-30,R10,Report should be submitted within 15 days of period end,29 days
AKS011,2023-05-31,R10,Report should be submitted within 15 days of period end,21 days
LAG010,2023-06-30,R10,Report should be submitted within 15 days of period end,18 days
LAG004,2023-10-31,R10,Report should be submitted within 15 days of period end,18 days
CRS007,2022-04-30,R10,Report should be submitted within 15 days of period end,16 days
CRS014,2023-08-31,R10,Report should be submitted within 15 days of period end,16 days
RIV003,2023-03-31,R10,Report should be submitted within 15 days of period end,16 days
NAS005,2022-01-31,R10,Report should be submitted within 15 days of period end,29 days
NAS002,2023-10-31,R10,Report should be submitted within 15 days of period end,16 days
NAS012,2023-07-31,R10,Report should be submitted within 15 days of period end,18 days
CRS011,2022-07-31,R10,Report should be submitted within 15 days of period end,21 days
BEN004,2024-10-31,R10,Report should be submitted within 15 days of period end,21 days
AKS002,2024-11-30,R10,Report should be submitted within 15 days of period end,21 days
FCT007,2023-06-01,R10,Report should be submitted within 15 days of period end,42 days
RIV009,2022-04-30,R10,Report should be submitted within 15 days of period end,18 days
KAD014,2024-08-31,R10,Report should be submitted within 15 days of period end,46 days
CRS006,2022-12-31,R10,Report should be submitted within 15 days of period end,18 days
CRS014,2022-08-31,R10,Report should be submitted within 15 days of period end,16 days
KAD011,2022-12-01,R10,Report should be submitted within 15 days of period end,59 days
LAG005,2023-12-31,R10,Report should be submitted within 15 days of period end,18 days
BEN008,2023-01-31,R10,Report should be submitted within 15 days of period end,21 days
BEN010,2022-12-31,R10,Report should be submitted within 15 days of period end,16 days
AKS014,2024-06-30,R10,Report should be submitted within 15 days of period end,18 days
CRS003,2024-07-31,R10,Report should be submitted within 15 days of period end,21 days
BEN014,2022-02-01,R10,Report should be submitted within 15 days of period end,38 days
BEN006,2023-05-31,R10,Report should be submitted within 15 days of period end,18 days
NAS010,2023-03-01,R10,Report should be submitted within 15 days of period end,48 days
AKS009,2022-11-30,R10,Report should be submitted within 15 days of period end,21 days
FCT015,2022-03-31,R10,Report should be submitted within 15 days of period end,16 days
FCT010,2023-08-31,R10,Report should be submitted within 15 days of period end,21 days
CRS015,2024-02-29,R10,Report should be submitted within 15 days of period end,16 days
XXX999,2024-07-31,R10,Report should be submitted within 15 days of period end,21 days
BEN009,2022-07-31,R10,Report should be submitted within 15 days of period end,29 days
LAG002,2023-12-31,R10,Report should be submitted within 15 days of period end,46 days
RIV005,2022-08-01,R10,Report should be submitted within 15 days of period end,46 days
LAG014,2022-09-01,R10,Report should be submitted within 15 days of period end,47 days
CRS005,2022-04-30,R10,Report should be submitted within 15 days of period end,16 days
CRS004,2024-11-30,R10,Report should be submitted within 15 days of period end,29 days
KAD013,2022-09-30,R10,Report should be submitted within 15 days of period end,16 days
RIV010,2022-08-31,R10,Report should be submitted within 15 days of period end,16 days
NAS011,2023-12-31,R10,Report should be submitted within 15 days of period end,21 days
FCT009,2023-04-30,R10,Report should be submitted within 15 days of period end,16 days
NAS002,2023-05-31,R10,Report should be submitted within 15 days of period end,18 days
LAG015,2022-02-28,R10,Report should be submitted within 15 days of period end,18 days
AKS003,2024-01-31,R10,Report should be submitted within 15 days of period end,16 days
AKS004,2024-08-31,R10,Report should be submitted within 15 days of period end,18 days
NAS004,2022-09-01,R10,Report should be submitted within 15 days of period end,44 days
CRS004,2022-04-30,R10,Report should be submitted within 15 days of period end,29 days
RIV009,2024-11-30,R10,Report should be submitted within 15 days of period end,18 days
LAG013,2024-12-31,R10,Report should be submitted within 15 days of period end,16 days
KAD003,2023-02-28,R10,Report should be submitted within 15 days of period end,16 days
LAG010,2024-11-30,R10,Report should be submitted within 15 days of period end,18 days
RIV006,2022-02-28,R10,Report should be submitted within 15 days of period end,16 days
CRS009,2024-04-01,R10,Report should be submitted within 15 days of period end,58 days
KAD014,2023-08-31,R10,Report should be submitted within 15 days of period end,18 days
NAS004,2024-04-30,R10,Report should be submitted within 15 days of period end,46 days
AKS005,2022-07-31,R10,Report should be submitted within 15 days of period end,16 days
KAD002,2024-09-01,R10,Report should be submitted within 15 days of period end,42 days
NAS005,2024-08-31,R10,Report should be submitted within 15 days of period end,46 days
KAD005,2023-04-01,R10,Report should be submitted within 15 days of period end,44 days
RIV002,2023-11-30,R10,Report should be submitted within 15 days of period end,46 days
RIV004,2024-12-01,R10,Report should be submitted within 15 days of period end,45 days
NAS013,2024-10-31,R10,Report should be submitted within 15 days of period end,18 days
LAG001,2022-06-30,R10,Report should be submitted within 15 days of period end,21 days
LAG006,2024-01-31,R10,Report should be submitted within 15 days of period end,29 days
LAG004,2023-12-31,R10,Report should be submitted within 15 days of period end,21 days
AKS015,2024-11-30,R10,Report should be submitted within 15 days of period end,16 days
KAD010,2022-04-30,R10,Report should be submitted within 15 days of period end,18 days
CRS007,2022-08-31,R10,Report should be submitted within 15 days of period end,16 days
NAS002,2024-08-01,R10,Report should be submitted within 15 days of period end,41 days
AKS013,2022-01-31,R10,Report should be submitted within 15 days of period end,16 days
FCT012,2023-12-31,R10,Report should be submitted within 15 days of period end,29 days
NAS012,2022-05-31,R10,Report should be submitted within 15 days of period end,16 days
KAD007,2023-11-30,R10,Report should be submitted within 15 days of period end,16 days
CRS007,2023-03-31,R10,Report should be submitted within 15 days of period end,21 days
AKS002,2024-10-31,R10,Report should be submitted within 15 days of period end,18 days
BEN002,2023-02-28,R10,Report should be submitted within 15 days of period end,16 days
FCT011,2022-04-01,R10,Report should be submitted within 15 days of period end,42 days
RIV004,2023-11-30,R10,Report should be submitted within 15 days of period end,29 days
BEN003,2024-11-30,R10,Report should be submitted within 15 days of period end,29 days
AKS005,2023-11-30,R10,Report should be submitted within 15 days of period end,16 days
BEN001,2023-12-31,R10,Report should be submitted within 15 days of period end,18 days
RIV009,2024-05-31,R10,Report should be submitted within 15 days of period end,21 days
RIV008,2023-07-31,R10,Report should be submitted within 15 days of period end,21 days
FCT009,2022-10-31,R10,Report should be submitted within 15 days of period end,21 days
NAS005,2024-12-31,R10,Report should be submitted within 15 days of period end,29 days
AKS003,2022-09-30,R10,Report should be submitted within 15 days of period end,21 days
BEN002,2022-01-31,R10,Report should be submitted within 15 days of period end,18 days
FCT004,2023-04-30,R10,Report should be submitted within 15 days of period end,16 days
NAS006,2022-08-01,R10,Report should be submitted within 15 days of period end,43 days
BEN008,2023-12-31,R10,Report should be submitted within 15 days of period end,16 days
FCT006,2024-10-31,R10,Report should be submitted within 15 days of period end,18 days
LAG010,2022-06-30,R10,Report should be submitted within 15 days of period end,16 days
NAS009,2024-02-29,R10,Report should be submitted within 15 days of period end,18 days
BEN009,2022-11-30,R10,Report should be submitted within 15 days of period end,21 days
KAD003,2024-05-01,R10,Report should be submitted within 15 days of period end,51 days
BEN013,2024-03-31,R10,Report should be submitted within 15 days of period end,18 days
BEN015,2024-03-01,R10,Report should be submitted within 15 days of period end,41 days
LAG012,2022-04-01,R10,Report should be submitted within 15 days of period end,40 days
AKS013,2024-02-01,R10,Report should be submitted within 15 days of period end,43 days
AKS001,2022-09-30,R10,Report should be submitted within 15 days of period end,18 days
LAG013,2023-10-01,R10,Report should be submitted within 15 days of period end,45 days
KAD002,2023-10-01,R10,Report should be submitted within 15 days of period end,43 days
NAS003,2023-07-31,R10,Report should be submitted within 15 days of period end,21 days
AKS006,2024-07-31,R10,Report should be submitted within 15 days of period end,16 days
FCT005,2022-11-01,R10,Report should be submitted within 15 days of period end,40 days
XXX999,2022-06-30,R10,Report should be submitted within 15 days of period end,16 days
KAD006,2022-01-31,R10,Report should be submitted within 15 days of period end,18 days
NAS999,2023-10-31,R10,Report should be submitted within 15 days of period end,46 days
NAS011,2022-08-01,R10,Report should be submitted within 15 days of period end,59 days
LAG014,2023-04-30,R10,Report should be submitted within 15 days of period end,16 days
KAD007,2022-04-30,R10,Report should be submitted within 15 days of period end,29 days
RIV014,2024-01-31,R10,Report should be submitted within 15 days of period end,29 days
AKS007,2023-11-30,R10,Report should be submitted within 15 days of period end,18 days
NAS015,2024-10-01,R10,Report should be submitted within 15 days of period end,59 days
RIV001,2023-10-01,R10,Report should be submitted within 15 days of period end,45 days
CRS008,2022-01-31,R10,Report should be submitted within 15 days of period end,16 days
BEN015,2023-04-01,R10,Report should be submitted within 15 days of period end,45 days
FCT011,2023-07-31,R10,Report should be submitted within 15 days of period end,18 days
AKS003,2023-01-31,R10,Report should be submitted within 15 days of period end,16 days
CRS015,2022-05-31,R10,Report should be submitted within 15 days of period end,21 days
NAS015,2023-06-30,R10,Report should be submitted within 15 days of period end,21 days
RIV007,2022-09-30,R10,Report should be submitted within 15 days of period end,29 days
LAG004,2022-07-01,R10,Report should be submitted within 15 days of period end,45 days
NAS999,2024-04-30,R10,Report should be submitted within 15 days of period end,21 days
FCT013,2022-07-01,R10,Report should be submitted within 15 days of period end,41 days
AKS014,2022-11-30,R10,Report should be submitted within 15 days of period end,21 days
LAG015,2022-06-30,R10,Report should be submitted within 15 days of period end,16 days
AKS015,2022-02-28,R10,Report should be submitted within 15 days of period end,29 days
KAD015,2022-03-31,R10,Report should be submitted within 15 days of period end,21 days
KAD001,2023-09-30,R10,Report should be submitted within 15 days of period end,24 days
AKS008,2024-04-30,R10,Report should be submitted within 15 days of period end,16 days
AKS011,2022-07-01,R10,Report should be submitted within 15 days of period end,46 days
CRS013,2024-04-30,R10,Report should be submitted within 15 days of period end,29 days
CRS006,2023-03-01,R10,Report should be submitted within 15 days of period end,43 days
AKS002,2022-10-31,R10,Report should be submitted within 15 days of period end,18 days
CRS006,2024-02-01,R10,Report should be submitted within 15 days of period end,41 days
LAG005,2022-01-31,R10,Report should be submitted within 15 days of period end,16 days
LAG009,2022-09-30,R10,Report should be submitted within 15 days of period end,16 days
AKS014,2022-04-30,R10,Report should be submitted within 15 days of period end,16 days
AKS013,2024-06-30,R10,Report should be submitted within 15 days of period end,21 days
FCT005,2022-03-31,R10,Report should be submitted within 15 days of period end,18 days
BEN013,2024-12-31,R10,Report should be submitted within 15 days of period end,18 days
FCT010,2023-10-31,R10,Report should be submitted within 15 days of period end,29 days
FCT014,2022-08-31,R10,Report should be submitted within 15 days of period end,29 days
CRS007,2022-06-30,R10,Report should be submitted within 15 days of period end,18 days
FCT006,2023-07-31,R10,Report should be submitted within 15 days of period end,16 days
LAG015,2023-04-30,R10,Report should be submitted within 15 days of period end,16 days
KAD013,2024-07-31,R10,Report should be submitted within 15 days of period end,29 days
RIV010,2023-02-28,R10,Report should be submitted within 15 days of period end,16 days
BEN005,2022-08-31,R10,Report should be submitted within 15 days of period end,46 days
KAD004,2024-01-31,R10,Report should be submitted within 15 days of period end,18 days
BEN014,2024-11-30,R10,Report should be submitted within 15 days of period end,16 days
BEN003,2024-03-31,R10,Report should be submitted within 15 days of period end,18 days
KAD015,2024-03-31,R10,Report should be submitted within 15 days of period end,18 days
NAS013,2024-09-30,R10,Report should be submitted within 15 days of period end,18 days
NAS013,2022-12-31,R10,Report should be submitted within 15 days of period end,29 days
BEN012,2023-04-30,R10,Report should be submitted within 15 days of period end,18 days
NAS008,2022-07-31,R10,Report should be submitted within 15 days of period end,18 days
FCT005,2023-01-31,R10,Report should be submitted within 15 days of period end,29 days
AKS007,2022-05-31,R10,Report should be submitted within 15 days of period end,21 days
BEN014,2022-08-31,R10,Report should be submitted within 15 days of period end,16 days
FCT011,2024-08-31,R10,Report should be submitted within 15 days of period end,46 days
BEN010,2024-11-30,R10,Report should be submitted within 15 days of period end,18 days
LAG004,2022-04-30,R10,Report should be submitted within 15 days of period end,29 days
NAS009,2023-10-31,R10,Report should be submitted within 15 days of period end,18 days
BEN003,2022-10-31,R10,Report should be submitted within 15 days of period end,16 days
CRS013,2023-07-31,R10,Report should be submitted within 15 days of period end,29 days
AKS009,2024-03-01,R10,Report should be submitted within 15 days of period end,51 days
RIV015,2022-09-01,R10,Report should be submitted within 15 days of period end,44 days
KAD014,2023-06-30,R10,Report should be submitted within 15 days of period end,16 days
FCT006,2024-08-31,R10,Report should be submitted within 15 days of period end,18 days
FCT005,2023-07-31,R10,Report should be submitted within 15 days of period end,16 days
FCT012,2024-11-30,R10,Report should be submitted within 15 days of period end,16 days
FCT003,2024-08-31,R10,Report should be submitted within 15 days of period end,29 days
LAG007,2022-11-30,R10,Report should be submitted within 15 days of period end,16 days
AKS006,2022-01-31,R10,Report should be submitted within 15 days of period end,16 days
KAD015,2024-01-31,R10,Report should be submitted within 15 days of period end,21 days
FCT013,2023-01-31,R10,Report should be submitted within 15 days of period end,16 days
RIV001,2023-04-30,R10,Report should be submitted within 15 days of period end,18 days
AKS006,2024-02-29,R10,Report should be submitted within 15 days of period end,29 days
NAS002,2024-04-30,R10,Report should be submitted within 15 days of period end,16 days
NAS013,2022-05-31,R10,Report should be submitted within 15 days of period end,16 days
XXX999,2024-12-31,R10,Report should be submitted within 15 days of period end,16 days
BEN004,2023-11-30,R10,Report should be submitted within 15 days of period end,16 days
BEN006,2022-03-01,R10,Report should be submitted within 15 days of period end,45 days
RIV012,2022-02-28,R10,Report should be submitted within 15 days of period end,16 days
NAS005,2022-02-28,R10,Report should be submitted within 15 days of period end,16 days
BEN006,2024-10-31,R10,Report should be submitted within 15 days of period end,16 days
BEN015,2022-07-31,R10,Report should be submitted within 15 days of period end,16 days
RIV002,2024-03-31,R10,Report should be submitted within 15 days of period end,16 days
RIV006,2023-03-31,R10,Report should be submitted within 15 days of period end,18 days
LAG002,2022-06-30,R10,Report should be submitted within 15 days of period end,18 days
RIV007,2024-11-30,R10,Report should be submitted within 15 days of period end,18 days
KAD006,2023-12-31,R10,Report should be submitted within 15 days of period end,16 days
CRS002,2024-03-31,R10,Report should be submitted within 15 days of period end,18 days
AKS008,2022-03-01,R10,Report should be submitted within 15 days of period end,51 days
NAS006,2023-03-01,R10,Report should be submitted within 15 days of period end,45 days
AKS015,2022-08-31,R10,Report should be submitted within 15 days of period end,18 days
BEN002,2022-11-30,R10,Report should be submitted within 15 days of period end,29 days
LAG001,2024-02-29,R10,Report should be submitted within 15 days of period end,16 days
FCT014,2022-10-31,R10,Report should be submitted within 15 days of period end,29 days
NAS014,2022-01-31,R10,Report should be submitted within 15 days of period end,18 days
NAS999,2024-04-30,R10,Report should be submitted within 15 days of period end,46 days
KAD006,2023-06-30,R10,Report should be submitted within 15 days of period end,16 days
BEN010,2023-02-01,R10,Report should be submitted within 15 days of period end,38 days
CRS010,2022-06-30,R10,Report should be submitted within 15 days of period end,16 days
BEN001,2022-11-30,R10,Report should be submitted within 15 days of period end,21 days
BEN012,2022-11-30,R10,Report should be submitted within 15 days of period end,21 days
NAS006,2023-11-01,R10,Report should be submitted within 15 days of period end,42 days
NAS999,2023-09-01,R10,Report should be submitted within 15 days of period end,40 days
TMP001,2024-02-01,R10,Report should be submitted within 15 days of period end,39 days
RIV013,2024-06-30,R10,Report should be submitted within 15 days of period end,21 days
RIV015,2022-08-31,R10,Report should be submitted within 15 days of period end,16 days
LAG011,2023-04-30,R10,Report should be submitted within 15 days of period end,21 days
KAD012,2023-11-30,R10,Report should be submitted within 15 days of period end,29 days
KAD009,2022-09-01,R10,Report should be submitted within 15 days of period end,42 days
RIV008,2023-08-31,R10,Report should be submitted within 15 days of period end,18 days
KAD013,2022-04-30,R10,Report should be submitted within 15 days of period end,21 days
CRS001,2022-09-30,R10,Report should be submitted within 15 days of period end,18 days
RIV007,2023-09-01,R10,Report should be submitted within 15 days of period end,47 days
RIV005,2024-11-30,R10,Report should be submitted within 15 days of period end,18 days
LAG014,2024-04-01,R10,Report should be submitted within 15 days of period end,45 days
RIV014,2024-10-31,R10,Report should be submitted within 15 days of period end,18 days
BEN004,2024-11-30,R10,Report should be submitted within 15 days of period end,16 days
CRS013,2024-01-31,R10,Report should be submitted within 15 days of period end,21 days
BEN006,2024-09-30,R10,Report should be submitted within 15 days of period end,16 days
RIV006,2024-03-01,R10,Report should be submitted within 15 days of period end,45 days
FCT008,2023-03-31,R10,Report should be submitted within 15 days of period end,16 days
LAG012,2024-07-31,R10,Report should be submitted within 15 days of period end,16 days
RIV008,2022-12-31,R10,Report should be submitted within 15 days of period end,16 days
NAS008,2024-08-31,R10,Report should be submitted within 15 days of period end,18 days
KAD011,2022-06-30,R10,Report should be submitted within 15 days of period end,16 days
KAD004,2022-01-31,R10,Report should be submitted within 15 days of period end,16 days
RIV010,2024-10-31,R10,Report should be submitted within 15 days of period end,16 days
FCT012,2023-09-30,R10,Report should be submitted within 15 days of period end,21 days
RIV009,2023-03-31,R10,Report should be submitted within 15 days of period end,16 days
BEN008,2024-10-31,R10,Report should be submitted within 15 days of period end,46 days
FCT014,2023-12-31,R10,Report should be submitted within 15 days of period end,16 days
BEN007,2024-07-31,R10,Report should be submitted within 15 days of period end,29 days
NAS010,2023-06-30,R10,Report should be submitted within 15 days of period end,16 days
FCT005,2024-06-30,R10,Report should be submitted within 15 days of period end,29 days
RIV001,2024-05-31,R10,Report should be submitted within 15 days of period end,21 days
CRS003,2024-09-30,R10,Report should be submitted within 15 days of period end,16 days
BEN011,2022-02-28,R10,Report should be submitted within 15 days of period end,18 days
RIV014,2022-03-31,R10,Report should be submitted within 15 days of period end,18 days
AKS014,2023-11-30,R10,Report should be submitted within 15 days of period end,29 days
CRS008,2022-07-31,R10,Report should be submitted within 15 days of period end,46 days
KAD007,2023-01-31,R10,Report should be submitted within 15 days of period end,18 days
FCT008,2023-01-31,R10,Report should be submitted within 15 days of period end,16 days
AKS015,2022-03-31,R10,Report should be submitted within 15 days of period end,18 days
AKS011,2024-10-31,R10,Report should be submitted within 15 days of period end,18 days
LAG014,2024-08-31,R10,Report should be submitted within 15 days of period end,21 days
FCT005,2024-07-31,R10,Report should be submitted within 15 days of period end,16 days
NAS008,2022-03-31,R10,Report should be submitted within 15 days of period end,16 days
KAD002,2023-09-01,R10,Report should be submitted within 15 days of period end,45 days
FCT005,2022-02-28,R10,Report should be submitted within 15 days of period end,29 days
KAD001,2024-07-31,R10,Report should be submitted within 15 days of period end,16 days
BEN001,2022-05-31,R10,Report should be submitted within 15 days of period end,46 days
CRS008,2023-03-31,R10,Report should be submitted within 15 days of period end,18 days
RIV009,2022-02-28,R10,Report should be submitted within 15 days of period end,16 days
CRS005,2024-06-30,R10,Report should be submitted within 15 days of period end,18 days
NAS012,2022-04-30,R10,Report should be submitted within 15 days of period end,18 days
NAS002,2022-12-31,R10,Report should be submitted within 15 days of period end,16 days
KAD015,2023-06-30,R10,Report should be submitted within 15 days of period end,16 days
BEN011,2024-09-01,R10,Report should be submitted within 15 days of period end,58 days
CRS006,2022-11-30,R10,Report should be submitted within 15 days of period end,21 days
FCT003,2023-06-01,R10,Report should be submitted within 15 days of period end,40 days
LAG099,2024-10-01,R10,Report should be submitted within 15 days of period end,41 days
CRS007,2023-04-01,R10,Report should be submitted within 15 days of period end,42 days
LAG002,2023-03-31,R10,Report should be submitted within 15 days of period end,16 days
NAS001,2022-05-31,R10,Report should be submitted within 15 days of period end,18 days
FCT004,2022-06-30,R10,Report should be submitted within 15 days of period end,18 days
FCT012,2022-01-31,R10,Report should be submitted within 15 days of period end,18 days
RIV015,2024-07-31,R10,Report should be submitted within 15 days of period end,16 days
AKS015,2023-03-01,R10,Report should be submitted within 15 days of period end,45 days
KAD012,2024-03-31,R10,Report should be submitted within 15 days of period end,21 days
FCT004,2024-10-01,R10,Report should be submitted within 15 days of period end,48 days
NAS008,2024-11-30,R10,Report should be submitted within 15 days of period end,16 days
KAD010,2022-02-01,R10,Report should be submitted within 15 days of period end,40 days
BEN001,2022-10-31,R10,Report should be submitted within 15 days of period end,25 days
RIV013,2024-04-30,R10,Report should be submitted within 15 days of period end,29 days
FCT012,2023-01-01,R10,Report should be submitted within 15 days of period end,45 days
NAS013,2022-04-30,R10,Report should be submitted within 15 days of period end,16 days
LAG009,2022-07-31,R10,Report should be submitted within 15 days of period end,18 days
KAD010,2024-03-31,R10,Report should be submitted within 15 days of period end,18 days
KAD004,2022-09-30,R10,Report should be submitted within 15 days of period end,16 days
AKS012,2023-01-31,R10,Report should be submitted within 15 days of period end,16 days
AKS005,2024-03-01,R10,Report should be submitted within 15 days of period end,45 days
LAG006,2023-08-31,R10,Report should be submitted within 15 days of period end,18 days
KAD011,2024-06-30,R10,Report should be submitted within 15 days of period end,21 days
LAG011,2023-01-31,R10,Report should be submitted within 15 days of period end,18 days
BEN001,2024-04-01,R10,Report should be submitted within 15 days of period end,50 days
RIV015,2022-12-01,R10,Report should be submitted within 15 days of period end,41 days
AKS002,2022-08-31,R10,Report should be submitted within 15 days of period end,29 days
XXX999,2023-10-31,R10,Report should be submitted within 15 days of period end,21 days
KAD003,2024-10-31,R10,Report should be submitted within 15 days of period end,16 days
KAD002,2023-06-30,R10,Report should be submitted within 15 days of period end,16 days
CRS003,2024-04-30,R10,Report should be submitted within 15 days of period end,21 days
LAG009,2023-06-30,R10,Report should be submitted within 15 days of period end,16 days
CRS011,2024-11-30,R10,Report should be submitted within 15 days of period end,21 days
XXX999,2022-12-31,R10,Report should be submitted within 15 days of period end,18 days
NAS001,2023-12-31,R10,Report should be submitted within 15 days of period end,16 days
BEN005,2024-12-01,R10,Report should be submitted within 15 days of period end,59 days
KAD015,2023-02-28,R10,Report should be submitted within 15 days of period end,21 days
LAG007,2022-06-30,R10,Report should be submitted within 15 days of period end,16 days
BEN013,2024-06-30,R10,Report should be submitted within 15 days of period end,18 days
NAS999,2024-05-31,R10,Report should be submitted within 15 days of period end,21 days
BEN006,2022-06-30,R10,Report should be submitted within 15 days of period end,21 days
RIV010,2024-02-29,R10,Report should be submitted within 15 days of period end,16 days
CRS002,2023-01-01,R10,Report should be submitted within 15 days of period end,46 days
KAD011,2024-05-31,R10,Report should be submitted within 15 days of period end,21 days
FCT012,2023-11-30,R10,Report should be submitted within 15 days of period end,21 days
NAS012,2024-11-30,R10,Report should be submitted within 15 days of period end,29 days
BEN010,2024-03-31,R10,Report should be submitted within 15 days of period end,21 days
KAD006,2022-09-30,R10,Report should be submitted within 15 days of period end,21 days
FCT013,2023-10-31,R10,Report should be submitted within 15 days of period end,21 days
KAD009,2023-07-31,R10,Report should be submitted within 15 days of period end,29 days
LAG008,2024-07-01,R10,Report should be submitted within 15 days of period end,48 days
BEN008,2023-06-01,R10,Report should be submitted within 15 days of period end,58 days
LAG009,2023-04-30,R10,Report should be submitted within 15 days of period end,16 days
KAD008,2022-04-30,R10,Report should be submitted within 15 days of period end,29 days
NAS009,2023-03-31,R10,Report should be submitted within 15 days of period end,18 days
AKS014,2024-10-31,R10,Report should be submitted within 15 days of period end,16 days
NAS009,2023-05-01,R10,Report should be submitted within 15 days of period end,41 days
RIV002,2024-06-30,R10,Report should be submitted within 15 days of period end,16 days
RIV015,2024-08-31,R10,Report should be submitted within 15 days of period end,18 days
CRS006,2022-06-30,R10,Report should be submitted within 15 days of period end,18 days
LAG003,2023-04-30,R10,Report should be submitted within 15 days of period end,16 days
BEN003,2023-10-31,R10,Report should be submitted within 15 days of period end,18 days
AKS007,2022-02-28,R10,Report should be submitted within 15 days of period end,16 days
CRS008,2024-08-31,R10,Report should be submitted within 15 days of period end,16 days
NAS015,2023-11-30,R10,Report should be submitted within 15 days of period end,18 days
BEN001,2024-11-30,R10,Report should be submitted within 15 days of period end,16 days
CRS007,2024-04-30,R10,Report should be submitted within 15 days of period end,16 days
RIV001,2024-04-30,R10,Report should be submitted within 15 days of period end,29 days
NAS015,2023-10-31,R10,Report should be submitted within 15 days of period end,21 days
BEN013,2024-02-29,R10,Report should be submitted within 15 days of period end,21 days
NAS009,2023-12-01,R10,Report should be submitted within 15 days of period end,48 days
NAS007,2022-11-30,R10,Report should be submitted within 15 days of period end,30 days
FCT007,2023-07-31,R10,Report should be submitted within 15 days of period end,21 days
NAS012,2022-08-31,R10,Report should be submitted within 15 days of period end,18 days
RIV003,2022-07-31,R10,Report should be submitted within 15 days of period end,18 days
RIV002,2022-01-31,R10,Report should be submitted within 15 days of period end,16 days
LAG011,2024-05-01,R10,Report should be submitted within 15 days of period end,41 days
RIV004,2022-03-31,R10,Report should be submitted within 15 days of period end,21 days
CRS015,2023-12-31,R10,Report should be submitted within 15 days of period end,21 days
CRS002,2022-12-31,R10,Report should be submitted within 15 days of period end,21 days
LAG014,2023-12-31,R10,Report should be submitted within 15 days of period end,46 days
LAG099,2022-10-31,R10,Report should be submitted within 15 days of period end,18 days
LAG004,2024-02-29,R10,Report should be submitted within 15 days of period end,18 days
LAG012,2023-05-31,R10,Report should be submitted within 15 days of period end,16 days
NAS002,2023-04-30,R10,Report should be submitted within 15 days of period end,16 days
BEN013,2022-06-30,R10,Report should be submitted within 15 days of period end,46 days
AKS007,2024-01-31,R10,Report should be submitted within 15 days of period end,21 days
LAG013,2024-09-30,R10,Report should be submitted within 15 days of period end,29 days
FCT013,2023-11-30,R10,Report should be submitted within 15 days of period end,16 days
BEN013,2022-02-01,R10,Report should be submitted within 15 days of period end,42 days
FCT011,2022-11-01,R10,Report should be submitted within 15 days of period end,44 days
LAG013,2022-10-01,R10,Report should be submitted within 15 days of period end,45 days
NAS006,2024-03-31,R10,Report should be submitted within 15 days of period end,18 days
AKS010,2024-06-30,R10,Report should be submitted within 15 days of period end,18 days
CRS005,2024-02-29,R10,Report should be submitted within 15 days of period end,21 days
FCT006,2024-02-29,R10,Report should be submitted within 15 days of period end,29 days
KAD013,2022-01-31,R10,Report should be submitted within 15 days of period end,21 days
KAD010,2024-05-31,R10,Report should be submitted within 15 days of period end,16 days
AKS001,2024-06-30,R10,Report should be submitted within 15 days of period end,46 days
BEN010,2024-06-30,R10,Report should be submitted within 15 days of period end,29 days
NAS003,2022-12-31,R10,Report should be submitted within 15 days of period end,16 days
KAD002,2022-10-31,R10,Report should be submitted within 15 days of period end,22 days
RIV012,2024-01-01,R10,Report should be submitted within 15 days of period end,41 days
FCT015,2023-06-30,R10,Report should be submitted within 15 days of period end,21 days
CRS001,2023-08-31,R10,Report should be submitted within 15 days of period end,16 days
AKS013,2023-02-28,R10,Report should be submitted within 15 days of period end,18 days
LAG014,2023-08-31,R10,Report should be submitted within 15 days of period end,21 days
AKS001,2024-07-01,R10,Report should be submitted within 15 days of period end,76 days
AKS012,2022-07-31,R10,Report should be submitted within 15 days of period end,29 days
FCT003,2023-11-30,R10,Report should be submitted within 15 days of period end,16 days
BEN010,2023-08-31,R10,Report should be submitted within 15 days of period end,21 days
NAS011,2024-08-31,R10,Report should be submitted within 15 days of period end,21 days
CRS004,2024-01-01,R10,Report should be submitted within 15 days of period end,45 days
CRS004,2023-08-31,R10,Report should be submitted within 15 days of period end,16 days
RIV001,2024-01-31,R10,Report should be submitted within 15 days of period end,18 days
LAG005,2022-06-30,R10,Report should be submitted within 15 days of period end,21 days
NAS004,2022-04-30,R10,Report should be submitted within 15 days of period end,16 days
FCT006,2022-11-30,R10,Report should be submitted within 15 days of period end,46 days
AKS001,2024-03-31,R10,Report should be submitted within 15 days of period end,18 days
BEN012,2022-05-31,R10,Report should be submitted within 15 days of period end,16 days
BEN015,2023-02-01,R10,Report should be submitted within 15 days of period end,40 days
AKS006,2024-11-30,R10,Report should be submitted within 15 days of period end,21 days
AKS013,2023-07-31,R10,Report should be submitted within 15 days of period end,21 days
LAG003,2023-06-30,R10,Report should be submitted within 15 days of period end,18 days
KAD006,2023-02-01,R10,Report should be submitted within 15 days of period end,40 days
BEN003,2022-06-30,R10,Report should be submitted within 15 days of period end,16 days
AKS009,2024-10-31,R10,Report should be submitted within 15 days of period end,29 days
NAS015,2024-04-30,R10,Report should be submitted within 15 days of period end,18 days
LAG003,2023-03-01,R10,Report should be submitted within 15 days of period end,45 days
KAD010,2023-07-31,R10,Report should be submitted within 15 days of period end,16 days
CRS013,2024-09-01,R10,Report should be submitted within 15 days of period end,50 days
NAS999,2023-12-31,R10,Report should be submitted within 15 days of period end,29 days
BEN004,2022-05-31,R10,Report should be submitted within 15 days of period end,46 days
AKS004,2023-03-31,R10,Report should be submitted within 15 days of period end,18 days
AKS009,2022-02-01,R10,Report should be submitted within 15 days of period end,42 days
FCT010,2023-07-31,R10,Report should be submitted within 15 days of period end,46 days
KAD010,2022-09-01,R10,Report should be submitted within 15 days of period end,44 days
LAG005,2024-03-31,R10,Report should be submitted within 15 days of period end,18 days
BEN004,2022-01-01,R10,Report should be submitted within 15 days of period end,45 days
NAS006,2022-03-01,R10,Report should be submitted within 15 days of period end,41 days
LAG014,2023-03-01,R10,Report should be submitted within 15 days of period end,43 days
FCT004,2023-08-31,R10,Report should be submitted within 15 days of period end,18 days
NAS999,2022-02-01,R10,Report should be submitted within 15 days of period end,45 days
LAG099,2023-12-01,R10,Report should be submitted within 15 days of period end,51 days
CRS004,2024-03-31,R10,Report should be submitted within 15 days of period end,21 days
LAG015,2024-05-31,R10,Report should be submitted within 15 days of period end,16 days
LAG014,2023-01-31,R10,Report should be submitted within 15 days of period end,21 days
BEN015,2024-07-31,R10,Report should be submitted within 15 days of period end,18 days
RIV003,2024-12-01,R10,Report should be submitted within 15 days of period end,41 days
FCT004,2023-01-31,R10,Report should be submitted within 15 days of period end,18 days
NAS010,2022-09-30,R10,Report should be submitted within 15 days of period end,18 days
CRS012,2024-03-31,R10,Report should be submitted within 15 days of period end,21 days
KAD003,2024-07-31,R10,Report should be submitted within 15 days of period end,16 days
FCT009,2022-08-31,R10,Report should be submitted within 15 days of period end,46 days
FCT015,2023-07-31,R10,Report should be submitted within 15 days of period end,16 days
NAS999,2022-02-28,R10,Report should be submitted within 15 days of period end,18 days
CRS003,2022-07-31,R10,Report should be submitted within 15 days of period end,21 days
FCT006,2022-10-31,R10,Report should be submitted within 15 days of period end,16 days
AKS002,2023-09-30,R10,Report should be submitted within 15 days of period end,18 days
FCT005,2023-12-31,R10,Report should be submitted within 15 days of period end,46 days
FCT004,2022-05-31,R10,Report should be submitted within 15 days of period end,16 days
BEN005,2022-12-31,R10,Report should be submitted within 15 days of period end,18 days
LAG005,2024-01-31,R10,Report should be submitted within 15 days of period end,21 days
BEN007,2022-01-01,R10,Report should be submitted within 15 days of period end,41 days
RIV008,2023-06-30,R10,Report should be submitted within 15 days of period end,16 days
LAG004,2024-04-01,R10,Report should be submitted within 15 days of period end,44 days
NAS011,2022-12-31,R10,Report should be submitted within 15 days of period end,21 days
NAS011,2023-07-01,R10,Report should be submitted within 15 days of period end,46 days
BEN006,2022-05-31,R10,Report should be submitted within 15 days of period end,16 days
BEN006,2023-01-31,R10,Report should be submitted within 15 days of period end,18 days
NAS002,2024-05-31,R10,Report should be submitted within 15 days of period end,29 days
KAD010,2022-06-30,R10,Report should be submitted within 15 days of period end,21 days
RIV014,2023-08-31,R10,Report should be submitted within 15 days of period end,21 days
BEN001,2024-03-01,R10,Report should be submitted within 15 days of period end,48 days
CRS009,2023-01-31,R10,Report should be submitted within 15 days of period end,18 days
LAG099,2024-07-01,R10,Report should be submitted within 15 days of period end,59 days
FCT001,2023-09-30,R10,Report should be submitted within 15 days of period end,16 days
CRS009,2023-02-28,R10,Report should be submitted within 15 days of period end,21 days
LAG001,2024-08-31,R10,Report should be submitted within 15 days of period end,29 days
BEN006,2023-08-31,R10,Report should be submitted within 15 days of period end,20 days
CRS005,2023-11-01,R10,Report should be submitted within 15 days of period end,50 days
FCT015,2022-04-30,R10,Report should be submitted within 15 days of period end,29 days
CRS007,2023-06-01,R10,Report should be submitted within 15 days of period end,47 days
KAD011,2023-02-28,R10,Report should be submitted within 15 days of period end,16 days
NAS015,2023-04-01,R10,Report should be submitted within 15 days of period end,40 days
CRS005,2022-06-30,R10,Report should be submitted within 15 days of period end,18 days
RIV005,2022-07-31,R10,Report should be submitted within 15 days of period end,16 days
BEN007,2022-04-30,R10,Report should be submitted within 15 days of period end,29 days
CRS015,2023-05-01,R10,Report should be submitted within 15 days of period end,51 days
NAS014,2023-04-01,R10,Report should be submitted within 15 days of period end,44 days
FCT004,2024-06-30,R10,Report should be submitted within 15 days of period end,16 days
NAS014,2023-02-28,R10,Report should be submitted within 15 days of period end,16 days
CRS011,2023-12-31,R10,Report should be submitted within 15 days of period end,21 days
KAD006,2024-04-30,R10,Report should be submitted within 15 days of period end,21 days
AKS007,2022-12-31,R10,Report should be submitted within 15 days of period end,21 days
LAG002,2024-07-01,R10,Report should be submitted within 15 days of period end,43 days
BEN010,2022-03-31,R10,Report should be submitted within 15 days of period end,16 days
RIV004,2023-06-30,R10,Report should be submitted within 15 days of period end,46 days
RIV014,2022-10-31,R10,Report should be submitted within 15 days of period end,21 days
CRS011,2024-08-01,R10,Report should be submitted within 15 days of period end,51 days
BEN006,2022-08-31,R10,Report should be submitted within 15 days of period end,16 days
BEN001,2024-05-31,R10,Report should be submitted within 15 days of period end,46 days
AKS008,2023-03-31,R10,Report should be submitted within 15 days of period end,18 days
BEN010,2024-09-30,R10,Report should be submitted within 15 days of period end,16 days
CRS006,2023-05-31,R10,Report should be submitted within 15 days of period end,21 days
AKS015,2022-05-31,R10,Report should be submitted within 15 days of period end,21 days
BEN003,2024-04-01,R10,Report should be submitted within 15 days of period end,47 days
RIV015,2023-02-01,R10,Report should be submitted within 15 days of period end,45 days
RIV011,2022-09-30,R10,Report should be submitted within 15 days of period end,16 days
LAG008,2024-05-01,R10,Report should be submitted within 15 days of period end,46 days
CRS005,2022-05-31,R10,Report should be submitted within 15 days of period end,16 days
RIV013,2024-08-31,R10,Report should be submitted within 15 days of period end,21 days
BEN012,2024-07-31,R10,Report should be submitted within 15 days of period end,29 days
CRS012,2022-07-31,R10,Report should be submitted within 15 days of period end,18 days
RIV007,2022-06-01,R10,Report should be submitted within 15 days of period end,47 days
LAG014,2024-03-31,R10,Report should be submitted within 15 days of period end,21 days
KAD008,2023-03-31,R10,Report should be submitted within 15 days of period end,16 days
BEN015,2022-01-31,R10,Report should be submitted within 15 days of period end,16 days
FCT015,2024-11-30,R10,Report should be submitted within 15 days of period end,29 days
AKS004,2022-01-31,R10,Report should be submitted within 15 days of period end,29 days
LAG001,2022-08-31,R10,Report should be submitted within 15 days of period end,16 days
BEN003,2023-12-31,R10,Report should be submitted within 15 days of period end,21 days
AKS002,2023-11-30,R10,Report should be submitted within 15 days of period end,16 days
CRS011,2022-12-31,R10,Report should be submitted within 15 days of period end,16 days
FCT011,2024-11-30,R10,Report should be submitted within 15 days of period end,29 days
RIV007,2024-06-30,R10,Report should be submitted within 15 days of period end,18 days
BEN008,2022-07-31,R10,Report should be submitted within 15 days of period end,21 days
BEN006,2022-09-01,R10,Report should be submitted within 15 days of period end,44 days
BEN008,2024-05-31,R10,Report should be submitted within 15 days of period end,18 days
KAD003,2022-03-01,R10,Report should be submitted within 15 days of period end,46 days
FCT007,2024-03-31,R10,Report should be submitted within 15 days of period end,16 days
CRS013,2022-10-31,R10,Report should be submitted within 15 days of period end,29 days
LAG015,2023-07-01,R10,Report should be submitted within 15 days of period end,41 days
TMP001,2022-11-30,R10,Report should be submitted within 15 days of period end,18 days
LAG007,2023-01-01,R10,Report should be submitted within 15 days of period end,51 days
AKS013,2022-11-30,R10,Report should be submitted within 15 days of period end,16 days
CRS013,2024-08-31,R10,Report should be submitted within 15 days of period end,29 days
BEN001,2024-10-31,R10,Report should be submitted within 15 days of period end,21 days
NAS008,2024-09-01,R10,Report should be submitted within 15 days of period end,44 days
BEN004,2024-02-29,R10,Report should be submitted within 15 days of period end,18 days
BEN005,2024-10-31,R10,Report should be submitted within 15 days of period end,16 days
RIV011,2024-09-30,R10,Report should be submitted within 15 days of period end,18 days
AKS013,2022-08-31,R10,Report should be submitted within 15 days of period end,18 days
BEN012,2022-06-30,R10,Report should be submitted within 15 days of period end,16 days
NAS009,2024-05-31,R10,Report should be submitted within 15 days of period end,46 days
BEN009,2023-03-01,R10,Report should be submitted within 15 days of period end,45 days
CRS011,2024-12-31,R10,Report should be submitted within 15 days of period end,16 days
CRS012,2024-05-31,R10,Report should be submitted within 15 days of period end,29 days
LAG010,2024-10-31,R10,Report should be submitted within 15 days of period end,29 days
CRS005,2024-07-31,R10,Report should be submitted within 15 days of period end,16 days
NAS004,2024-01-31,R10,Report should be submitted within 15 days of period end,18 days
FCT006,2023-12-01,R10,Report should be submitted within 15 days of period end,51 days
BEN002,2023-03-31,R10,Report should be submitted within 15 days of period end,29 days
NAS005,2023-12-31,R10,Report should be submitted within 15 days of period end,18 days
LAG005,2024-05-31,R10,Report should be submitted within 15 days of period end,18 days
FCT001,2023-10-31,R10,Report should be submitted within 15 days of period end,29 days
CRS015,2022-02-01,R10,Report should be submitted within 15 days of period end,45 days
CRS010,2023-02-28,R10,Report should be submitted within 15 days of period end,46 days
TMP001,2023-07-31,R10,Report should be submitted within 15 days of period end,16 days
KAD005,2022-04-30,R10,Report should be submitted within 15 days of period end,16 days
RIV005,2024-05-31,R10,Report should be submitted within 15 days of period end,16 days
LAG002,2023-02-28,R10,Report should be submitted within 15 days of period end,18 days
LAG008,2024-03-31,R10,Report should be submitted within 15 days of period end,16 days
BEN008,2023-05-01,R10,Report should be submitted within 15 days of period end,48 days
NAS003,2024-11-30,R10,Report should be submitted within 15 days of period end,21 days
LAG004,2024-11-30,R10,Report should be submitted within 15 days of period end,18 days
RIV004,2022-07-31,R10,Report should be submitted within 15 days of period end,18 days
LAG002,2023-09-30,R10,Report should be submitted within 15 days of period end,21 days
LAG015,2024-11-30,R10,Report should be submitted within 15 days of period end,21 days
NAS014,2023-11-30,R10,Report should be submitted within 15 days of period end,16 days
KAD009,2024-05-01,R10,Report should be submitted within 15 days of period end,43 days
KAD013,2022-05-31,R10,Report should be submitted within 15 days of period end,18 days
KAD012,2023-01-31,R10,Report should be submitted within 15 days of period end,18 days
AKS012,2024-11-30,R10,Report should be submitted within 15 days of period end,46 days
FCT004,2024-01-31,R10,Report should be submitted within 15 days of period end,16 days
NAS001,2022-11-01,R10,Report should be submitted within 15 days of period end,40 days
BEN003,2024-01-31,R10,Report should be submitted within 15 days of period end,21 days
LAG009,2023-03-01,R10,Report should be submitted within 15 days of period end,41 days
BEN006,2024-02-01,R10,Report should be submitted within 15 days of period end,44 days
AKS003,2024-07-01,R10,Report should be submitted within 15 days of period end,43 days
LAG099,2023-08-31,R10,Report should be submitted within 15 days of period end,29 days
BEN014,2022-09-30,R10,Report should be submitted within 15 days of period end,29 days
BEN010,2023-10-31,R10,Report should be submitted within 15 days of period end,29 days
RIV012,2022-09-30,R10,Report should be submitted within 15 days of period end,22 days
FCT012,2024-09-30,R10,Report should be submitted within 15 days of period end,16 days
FCT009,2024-11-30,R10,Report should be submitted within 15 days of period end,21 days
FCT009,2023-01-01,R10,Report should be submitted within 15 days of period end,59 days
LAG011,2023-05-31,R10,Report should be submitted within 15 days of period end,21 days
FCT008,2024-10-31,R10,Report should be submitted within 15 days of period end,18 days
RIV008,2024-01-31,R10,Report should be submitted within 15 days of period end,16 days
CRS011,2024-07-31,R10,Report should be submitted within 15 days of period end,18 days
CRS008,2024-02-29,R10,Report should be submitted within 15 days of period end,16 days
CRS006,2022-02-28,R10,Report should be submitted within 15 days of period end,18 days
LAG015,2024-01-31,R10,Report should be submitted within 15 days of period end,21 days
CRS007,2022-12-31,R10,Report should be submitted within 15 days of period end,16 days
BEN003,2022-08-01,R10,Report should be submitted within 15 days of period end,43 days
FCT009,2023-10-31,R10,Report should be submitted within 15 days of period end,18 days
NAS005,2024-09-30,R10,Report should be submitted within 15 days of period end,46 days
NAS002,2023-08-01,R10,Report should be submitted within 15 days of period end,43 days
FCT010,2023-03-01,R10,Report should be submitted within 15 days of period end,46 days
RIV006,2024-09-01,R10,Report should be submitted within 15 days of period end,47 days
FCT002,2023-10-31,R10,Report should be submitted within 15 days of period end,21 days
NAS007,2024-10-01,R10,Report should be submitted within 15 days of period end,41 days
NAS005,2023-11-30,R10,Report should be submitted within 15 days of period end,18 days
BEN011,2024-06-30,R10,Report should be submitted within 15 days of period end,29 days
NAS011,2022-07-31,R10,Report should be submitted within 15 days of period end,18 days
BEN013,2024-08-31,R10,Report should be submitted within 15 days of period end,21 days
BEN001,2024-07-31,R10,Report should be submitted within 15 days of period end,16 days
AKS010,2023-11-30,R10,Report should be submitted within 15 days of period end,18 days
BEN010,2023-06-30,R10,Report should be submitted within 15 days of period end,16 days
NAS010,2023-08-31,R10,Report should be submitted within 15 days of period end,16 days
RIV002,2022-03-01,R10,Report should be submitted within 15 days of period end,45 days
NAS002,2022-03-31,R10,Report should be submitted within 15 days of period end,21 days
KAD002,2022-12-31,R10,Report should be submitted within 15 days of period end,18 days
LAG010,2024-01-31,R10,Report should be submitted within 15 days of period end,18 days
RIV002,2024-05-31,R10,Report should be submitted within 15 days of period end,16 days
KAD003,2022-11-01,R10,Report should be submitted within 15 days of period end,50 days
AKS001,2024-02-29,R10,Report should be submitted within 15 days of period end,29 days
RIV004,2022-11-30,R10,Report should be submitted within 15 days of period end,46 days
FCT013,2022-11-30,R10,Report should be submitted within 15 days of period end,18 days
BEN011,2023-10-01,R10,Report should be submitted within 15 days of period end,48 days
AKS005,2024-06-30,R10,Report should be submitted within 15 days of period end,16 days
CRS012,2023-12-31,R10,Report should be submitted within 15 days of period end,16 days
AKS010,2022-08-01,R10,Report should be submitted within 15 days of period end,43 days
LAG010,2023-01-31,R10,Report should be submitted within 15 days of period end,16 days
RIV006,2022-08-31,R10,Report should be submitted within 15 days of period end,16 days
NAS003,2024-07-31,R10,Report should be submitted within 15 days of period end,21 days
RIV013,2022-05-31,R10,Report should be submitted within 15 days of period end,29 days
BEN006,2023-03-01,R10,Report should be submitted within 15 days of period end,41 days
CRS001,2023-04-30,R10,Report should be submitted within 15 days of period end,18 days
LAG003,2024-10-31,R10,Report should be submitted within 15 days of period end,20 days
BEN010,2024-01-31,R10,Report should be submitted within 15 days of period end,16 days
KAD011,2023-01-01,R10,Report should be submitted within 15 days of period end,48 days
AKS002,2024-08-31,R10,Report should be submitted within 15 days of period end,18 days
AKS007,2022-06-01,R10,Report should be submitted within 15 days of period end,40 days
BEN012,2023-07-31,R10,Report should be submitted within 15 days of period end,18 days
NAS005,2022-06-30,R10,Report should be submitted within 15 days of period end,21 days
AKS003,2023-05-31,R10,Report should be submitted within 15 days of period end,18 days
KAD002,2024-09-01,R10,Report should be submitted within 15 days of period end,51 days
CRS008,2023-07-31,R10,Report should be submitted within 15 days of period end,20 days
CRS007,2023-11-30,R10,Report should be submitted within 15 days of period end,21 days
CRS005,2024-12-31,R10,Report should be submitted within 15 days of period end,21 days
NAS015,2024-07-31,R10,Report should be submitted within 15 days of period end,16 days
AKS012,2022-02-01,R10,Report should be submitted within 15 days of period end,40 days
FCT015,2022-06-30,R10,Report should be submitted within 15 days of period end,16 days
FCT010,2023-09-30,R10,Report should be submitted within 15 days of period end,21 days
XXX999,2024-07-01,R10,Report should be submitted within 15 days of period end,45 days
KAD013,2023-12-01,R10,Report should be submitted within 15 days of period end,48 days
LAG012,2023-01-31,R10,Report should be submitted within 15 days of period end,16 days
AKS008,2024-08-31,R10,Report should be submitted within 15 days of period end,21 days
BEN007,2022-07-31,R10,Report should be submitted within 15 days of period end,16 days
RIV010,2024-11-30,R10,Report should be submitted within 15 days of period end,18 days
NAS009,2022-02-28,R10,Report should be submitted within 15 days of period end,21 days
LAG006,2024-03-31,R10,Report should be submitted within 15 days of period end,18 days
RIV003,2022-02-28,R10,Report should be submitted within 15 days of period end,29 days
CRS004,2023-06-01,R10,Report should be submitted within 15 days of period end,44 days
LAG010,2023-10-01,R10,Report should be submitted within 15 days of period end,59 days
CRS010,2023-06-30,R10,Report should be submitted within 15 days of period end,16 days
KAD012,2024-08-31,R10,Report should be submitted within 15 days of period end,25 days
KAD009,2022-11-30,R10,Report should be submitted within 15 days of period end,21 days
BEN015,2024-12-31,R10,Report should be submitted within 15 days of period end,29 days
RIV001,2022-10-31,R10,Report should be submitted within 15 days of period end,16 days
CRS012,2023-01-01,R10,Report should be submitted within 15 days of period end,46 days
AKS007,2022-03-01,R10,Report should be submitted within 15 days of period end,48 days
FCT007,2022-01-01,R10,Report should be submitted within 15 days of period end,51 days
BEN002,2023-11-01,R10,Report should be submitted within 15 days of period end,40 days
FCT010,2022-02-28,R10,Report should be submitted within 15 days of period end,18 days
FCT012,2022-03-31,R10,Report should be submitted within 15 days of period end,16 days
FCT011,2023-06-30,R10,Report should be submitted within 15 days of period end,18 days
RIV012,2023-01-31,R10,Report should be submitted within 15 days of period end,16 days
BEN014,2023-08-31,R10,Report should be submitted within 15 days of period end,18 days
AKS015,2024-05-31,R10,Report should be submitted within 15 days of period end,16 days
LAG009,2023-08-31,R10,Report should be submitted within 15 days of period end,16 days
RIV003,2024-04-30,R10,Report should be submitted within 15 days of period end,21 days
AKS001,2022-01-31,R10,Report should be submitted within 15 days of period end,21 days
KAD002,2022-01-31,R10,Report should be submitted within 15 days of period end,29 days
FCT005,2023-08-31,R10,Report should be submitted within 15 days of period end,18 days
AKS007,2024-08-31,R10,Report should be submitted within 15 days of period end,16 days
CRS011,2022-05-31,R10,Report should be submitted within 15 days of period end,18 days
KAD003,2023-05-31,R10,Report should be submitted within 15 days of period end,29 days
CRS007,2022-10-31,R10,Report should be submitted within 15 days of period end,18 days
CRS004,2024-02-29,R10,Report should be submitted within 15 days of period end,18 days
CRS009,2024-08-31,R10,Report should be submitted within 15 days of period end,16 days
LAG001,2024-11-30,R10,Report should be submitted within 15 days of period end,21 days
KAD002,2024-03-31,R10,Report should be submitted within 15 days of period end,16 days
RIV012,2023-05-31,R10,Report should be submitted within 15 days of period end,16 days
FCT003,2023-08-31,R10,Report should be submitted within 15 days of period end,16 days
LAG011,2023-06-01,R10,Report should be submitted within 15 days of period end,75 days
RIV013,2023-02-01,R10,Report should be submitted within 15 days of period end,43 days
BEN013,2022-08-31,R10,Report should be submitted within 15 days of period end,16 days
LAG008,2022-04-30,R10,Report should be submitted within 15 days of period end,18 days
LAG001,2022-11-30,R10,Report should be submitted within 15 days of period end,29 days
BEN015,2024-08-31,R10,Report should be submitted within 15 days of period end,18 days
CRS015,2022-06-01,R10,Report should be submitted within 15 days of period end,44 days
BEN012,2022-08-31,R10,Report should be submitted within 15 days of period end,18 days
LAG008,2024-06-30,R10,Report should be submitted within 15 days of period end,18 days
RIV011,2024-06-30,R10,Report should be submitted within 15 days of period end,29 days
FCT014,2024-02-29,R10,Report should be submitted within 15 days of period end,29 days
FCT002,2022-05-31,R10,Report should be submitted within 15 days of period end,29 days
KAD006,2022-11-30,R10,Report should be submitted within 15 days of period end,21 days
FCT002,2022-11-01,R10,Report should be submitted within 15 days of period end,44 days
FCT005,2024-08-01,R10,Report should be submitted within 15 days of period end,48 days
BEN011,2022-03-01,R10,Report should be submitted within 15 days of period end,45 days
CRS002,2022-02-28,R10,Report should be submitted within 15 days of period end,21 days
FCT008,2024-11-30,R10,Report should be submitted within 15 days of period end,18 days
RIV001,2022-04-01,R10,Report should be submitted within 15 days of period end,42 days
KAD006,2023-10-31,R10,Report should be submitted within 15 days of period end,16 days
AKS008,2022-08-31,R10,Report should be submitted within 15 days of period end,18 days
FCT015,2024-03-31,R10,Report should be submitted within 15 days of period end,18 days
FCT005,2024-05-31,R10,Report should be submitted within 15 days of period end,29 days
RIV011,2024-04-30,R10,Report should be submitted within 15 days of period end,16 days
RIV003,2022-01-31,R10,Report should be submitted within 15 days of period end,16 days
NAS010,2024-05-31,R10,Report should be submitted within 15 days of period end,21 days
AKS014,2023-06-30,R10,Report should be submitted within 15 days of period end,18 days
TMP001,2022-07-31,R10,Report should be submitted within 15 days of period end,16 days
RIV009,2023-08-31,R10,Report should be submitted within 15 days of period end,18 days
CRS005,2022-12-01,R10,Report should be submitted within 15 days of period end,45 days
KAD015,2024-07-31,R10,Report should be submitted within 15 days of period end,21 days
NAS999,2022-10-31,R10,Report should be submitted within 15 days of period end,18 days
NAS007,2023-06-30,R10,Report should be submitted within 15 days of period end,46 days
KAD010,2024-06-30,R10,Report should be submitted within 15 days of period end,21 days
KAD015,2022-02-28,R10,Report should be submitted within 15 days of period end,16 days
BEN001,2023-04-30,R10,Report should be submitted within 15 days of period end,16 days
LAG012,2022-11-01,R10,Report should be submitted within 15 days of period end,58 days
BEN007,2024-05-01,R10,Report should be submitted within 15 days of period end,43 days
FCT013,2023-06-30,R10,Report should be submitted within 15 days of period end,16 days
FCT012,2023-03-31,R10,Report should be submitted within 15 days of period end,18 days
TMP001,2024-01-31,R10,Report should be submitted within 15 days of period end,18 days
BEN011,2023-03-31,R10,Report should be submitted within 15 days of period end,18 days
AKS011,2023-07-31,R10,Report should be submitted within 15 days of period end,21 days
KAD004,2024-07-01,R10,Report should be submitted within 15 days of period end,46 days
RIV004,2024-07-31,R10,Report should be submitted within 15 days of period end,16 days
RIV007,2023-06-30,R10,Report should be submitted within 15 days of period end,16 days
RIV014,2022-04-30,R10,Report should be submitted within 15 days of period end,46 days
LAG014,2023-02-28,R10,Report should be submitted within 15 days of period end,16 days
CRS002,2022-09-30,R10,Report should be submitted within 15 days of period end,16 days
CRS011,2024-02-29,R10,Report should be submitted within 15 days of period end,21 days
CRS012,2024-11-30,R10,Report should be submitted within 15 days of period end,18 days
FCT005,2023-10-31,R10,Report should be submitted within 15 days of period end,16 days
LAG099,2022-02-28,R10,Report should be submitted within 15 days of period end,16 days
RIV003,2023-04-30,R10,Report should be submitted within 15 days of period end,16 days
LAG010,2024-02-01,R10,Report should be submitted within 15 days of period end,43 days
LAG011,2024-03-31,R10,Report should be submitted within 15 days of period end,16 days
NAS012,2022-06-30,R10,Report should be submitted within 15 days of period end,16 days
BEN001,2022-12-31,R10,Report should be submitted within 15 days of period end,21 days
LAG004,2022-05-31,R10,Report should be submitted within 15 days of period end,29 days
KAD006,2024-08-31,R10,Report should be submitted within 15 days of period end,18 days
FCT013,2023-04-30,R10,Report should be submitted within 15 days of period end,29 days
CRS011,2023-02-28,R10,Report should be submitted within 15 days of period end,16 days
CRS006,2023-07-01,R10,Report should be submitted within 15 days of period end,59 days
RIV001,2024-07-31,R10,Report should be submitted within 15 days of period end,18 days
LAG004,2022-07-01,R10,Report should be submitted within 15 days of period end,54 days
NAS001,2024-04-01,R10,Report should be submitted within 15 days of period end,44 days
NAS004,2023-06-30,R10,Report should be submitted within 15 days of period end,18 days
LAG099,2024-02-01,R10,Report should be submitted within 15 days of period end,74 days
NAS012,2024-05-31,R10,Report should be submitted within 15 days of period end,16 days
KAD008,2023-04-30,R10,Report should be submitted within 15 days of period end,18 days
KAD009,2023-08-01,R10,Report should be submitted within 15 days of period end,45 days
LAG002,2022-11-30,R10,Report should be submitted within 15 days of period end,18 days
AKS015,2024-01-01,R10,Report should be submitted within 15 days of period end,48 days
AKS012,2024-03-31,R10,Report should be submitted within 15 days of period end,46 days
BEN009,2023-02-28,R10,Report should be submitted within 15 days of period end,16 days
RIV001,2024-09-30,R10,Report should be submitted within 15 days of period end,16 days
CRS006,2024-03-31,R10,Report should be submitted within 15 days of period end,29 days
CRS009,2024-01-31,R10,Report should be submitted within 15 days of period end,29 days
FCT001,2023-05-31,R10,Report should be submitted within 15 days of period end,16 days
LAG015,2022-11-30,R10,Report should be submitted within 15 days of period end,21 days
FCT003,2024-05-31,R10,Report should be submitted within 15 days of period end,18 days
CRS014,2022-04-30,R10,Report should be submitted within 15 days of period end,46 days
AKS011,2022-11-30,R10,Report should be submitted within 15 days of period end,16 days
KAD011,2022-02-01,R10,Report should be submitted within 15 days of period end,54 days
BEN001,2024-02-01,R10,Report should be submitted within 15 days of period end,44 days
FCT011,2023-08-31,R10,Report should be submitted within 15 days of period end,21 days
KAD011,2024-07-31,R10,Report should be submitted within 15 days of period end,29 days
LAG001,2022-01-31,R10,Report should be submitted within 15 days of period end,16 days
LAG013,2023-07-31,R10,Report should be submitted within 15 days of period end,29 days
AKS006,2023-07-01,R10,Report should be submitted within 15 days of period end,43 days
BEN003,2023-08-31,R10,Report should be submitted within 15 days of period end,16 days
LAG012,2022-12-31,R10,Report should be submitted within 15 days of period end,21 days
CRS009,2022-02-01,R10,Report should be submitted within 15 days of period end,43 days
NAS003,2024-04-30,R10,Report should be submitted within 15 days of period end,21 days
AKS006,2023-04-30,R10,Report should be submitted within 15 days of period end,18 days
BEN014,2023-01-31,R10,Report should be submitted within 15 days of period end,29 days
FCT007,2024-04-30,R10,Report should be submitted within 15 days of period end,21 days
RIV002,2022-06-30,R10,Report should be submitted within 15 days of period end,29 days
CRS010,2024-10-31,R10,Report should be submitted within 15 days of period end,16 days
CRS005,2024-01-01,R10,Report should be submitted within 15 days of period end,45 days
RIV011,2022-06-30,R10,Report should be submitted within 15 days of period end,29 days
RIV003,2023-08-01,R10,Report should be submitted within 15 days of period end,59 days
LAG012,2024-02-29,R10,Report should be submitted within 15 days of period end,46 days
NAS003,2022-09-30,R10,Report should be submitted within 15 days of period end,21 days
FCT013,2024-12-31,R10,Report should be submitted within 15 days of period end,16 days
RIV003,2022-06-30,R10,Report should be submitted within 15 days of period end,21 days
BEN010,2024-08-31,R10,Report should be submitted within 15 days of period end,29 days
RIV011,2024-02-29,R10,Report should be submitted within 15 days of period end,16 days
RIV001,2022-08-31,R10,Report should be submitted within 15 days of period end,18 days
BEN014,2023-11-30,R10,Report should be submitted within 15 days of period end,21 days
BEN015,2023-01-31,R10,Report should be submitted within 15 days of period end,46 days
LAG003,2024-09-01,R10,Report should be submitted within 15 days of period end,42 days
LAG007,2024-06-30,R10,Report should be submitted within 15 days of period end,21 days
RIV002,2024-12-01,R10,Report should be submitted within 15 days of period end,43 days
BEN008,2022-09-01,R10,Report should be submitted within 15 days of period end,50 days
FCT005,2024-10-31,R10,Report should be submitted within 15 days of period end,46 days
LAG007,2022-02-28,R10,Report should be submitted within 15 days of period end,16 days
CRS006,2024-07-31,R10,Report should be submitted within 15 days of period end,21 days
FCT008,2023-06-30,R10,Report should be submitted within 15 days of period end,21 days
KAD013,2022-10-31,R10,Report should be submitted within 15 days of period end,16 days
FCT005,2022-12-31,R10,Report should be submitted within 15 days of period end,21 days
AKS002,2023-01-01,R10,Report should be submitted within 15 days of period end,48 days
RIV011,2023-10-31,R10,Report should be submitted within 15 days of period end,29 days
KAD004,2023-07-31,R10,Report should be submitted within 15 days of period end,18 days
CRS013,2024-12-01,R10,Report should be submitted within 15 days of period end,46 days
RIV007,2022-01-01,R10,Report should be submitted within 15 days of period end,51 days
KAD014,2023-07-31,R10,Report should be submitted within 15 days of period end,46 days
LAG001,2024-03-31,R10,Report should be submitted within 15 days of period end,29 days
FCT003,2022-02-28,R10,Report should be submitted within 15 days of period end,18 days
NAS012,2023-03-31,R10,Report should be submitted within 15 days of period end,18 days
KAD003,2024-03-31,R10,Report should be submitted within 15 days of period end,21 days
LAG099,2022-01-31,R10,Report should be submitted within 15 days of period end,16 days
CRS009,2024-03-31,R10,Report should be submitted within 15 days of period end,16 days
KAD010,2022-01-31,R10,Report should be submitted within 15 days of period end,18 days
CRS003,2024-01-31,R10,Report should be submitted within 15 days of period end,16 days
LAG099,2024-03-31,R10,Report should be submitted within 15 days of period end,16 days
BEN006,2024-04-30,R10,Report should be submitted within 15 days of period end,21 days
KAD006,2024-11-30,R10,Report should be submitted within 15 days of period end,18 days
CRS002,2022-01-01,R10,Report should be submitted within 15 days of period end,46 days
BEN007,2024-11-01,R10,Report should be submitted within 15 days of period end,58 days
LAG099,2022-09-01,R10,Report should be submitted within 15 days of period end,45 days
CRS007,2022-11-01,R10,Report should be submitted within 15 days of period end,45 days
KAD001,2022-07-31,R10,Report should be submitted within 15 days of period end,18 days
LAG001,2024-12-31,R10,Report should be submitted within 15 days of period end,21 days
CRS009,2024-07-31,R10,Report should be submitted within 15 days of period end,16 days
CRS010,2023-11-30,R10,Report should be submitted within 15 days of period end,16 days
KAD004,2024-09-01,R10,Report should be submitted within 15 days of period end,44 days
LAG005,2024-10-31,R10,Report should be submitted within 15 days of period end,29 days
BEN001,2023-08-31,R10,Report should be submitted within 15 days of period end,18 days
LAG010,2022-02-28,R10,Report should be submitted within 15 days of period end,16 days
CRS004,2023-12-31,R10,Report should be submitted within 15 days of period end,21 days
FCT002,2024-12-31,R10,Report should be submitted within 15 days of period end,18 days
TMP001,2023-12-01,R10,Report should be submitted within 15 days of period end,59 days
FCT009,2024-09-30,R10,Report should be submitted within 15 days of period end,18 days
LAG015,2022-04-30,R10,Report should be submitted within 15 days of period end,18 days
FCT008,2024-01-31,R10,Report should be submitted within 15 days of period end,21 days
RIV007,2022-10-31,R10,Report should be submitted within 15 days of period end,18 days
CRS001,2022-11-30,R10,Report should be submitted within 15 days of period end,16 days
KAD010,2024-07-31,R10,Report should be submitted within 15 days of period end,29 days
RIV015,2024-11-01,R10,Report should be submitted within 15 days of period end,47 days
FCT010,2022-08-31,R10,Report should be submitted within 15 days of period end,18 days
FCT004,2023-09-30,R10,Report should be submitted within 15 days of period end,21 days
FCT009,2022-03-31,R10,Report should be submitted within 15 days of period end,18 days
FCT009,2024-04-30,R10,Report should be submitted within 15 days of period end,21 days
RIV002,2022-07-01,R10,Report should be submitted within 15 days of period end,41 days
AKS006,2022-08-31,R10,Report should be submitted within 15 days of period end,46 days
KAD015,2024-09-30,R10,Report should be submitted within 15 days of period end,18 days
NAS013,2023-03-31,R10,Report should be submitted within 15 days of period end,18 days
LAG012,2024-10-31,R10,Report should be submitted within 15 days of period end,16 days
RIV001,2023-11-01,R10,Report should be submitted within 15 days of period end,47 days
LAG015,2024-09-30,R10,Report should be submitted within 15 days of period end,21 days
KAD015,2023-08-31,R10,Report should be submitted within 15 days of period end,29 days
BEN010,2022-05-31,R10,Report should be submitted within 15 days of period end,16 days
BEN002,2022-09-30,R10,Report should be submitted within 15 days of period end,16 days
LAG009,2024-02-29,R10,Report should be submitted within 15 days of period end,16 days
FCT004,2023-10-31,R10,Report should be submitted within 15 days of period end,16 days
NAS015,2023-07-31,R10,Report should be submitted within 15 days of period end,21 days
RIV014,2024-06-30,R10,Report should be submitted within 15 days of period end,16 days
AKS006,2024-05-31,R10,Report should be submitted within 15 days of period end,16 days
FCT014,2023-04-30,R10,Report should be submitted within 15 days of period end,21 days
NAS003,2022-08-31,R10,Report should be submitted within 15 days of period end,18 days
NAS003,2023-11-30,R10,Report should be submitted within 15 days of period end,16 days
AKS004,2022-04-30,R10,Report should be submitted within 15 days of period end,21 days
KAD004,2022-04-30,R10,Report should be submitted within 15 days of period end,16 days
BEN001,2022-10-31,R10,Report should be submitted within 15 days of period end,16 days
AKS007,2023-03-31,R10,Report should be submitted within 15 days of period end,18 days
LAG011,2022-03-31,R10,Report should be submitted within 15 days of period end,16 days
FCT014,2024-09-30,R10,Report should be submitted within 15 days of period end,46 days
FCT015,2024-05-31,R10,Report should be submitted within 15 days of period end,18 days
BEN002,2022-12-31,R10,Report should be submitted within 15 days of period end,29 days
CRS001,2023-06-30,R10,Report should be submitted within 15 days of period end,46 days
CRS012,2023-07-31,R10,Report should be submitted within 15 days of period end,29 days
NAS004,2023-05-31,R10,Report should be submitted within 15 days of period end,46 days
FCT001,2022-09-01,R10,Report should be submitted within 15 days of period end,50 days
AKS004,2024-04-01,R10,Report should be submitted within 15 days of period end,40 days
BEN002,2023-07-31,R10,Report should be submitted within 15 days of period end,21 days
FCT008,2023-07-31,R10,Report should be submitted within 15 days of period end,21 days
CRS003,2023-12-31,R10,Report should be submitted within 15 days of period end,24 days
CRS015,2023-04-30,R10,Report should be submitted within 15 days of period end,16 days
RIV015,2022-10-31,R10,Report should be submitted within 15 days of period end,16 days
AKS001,2023-11-30,R10,Report should be submitted within 15 days of period end,18 days
KAD007,2024-01-31,R10,Report should be submitted within 15 days of period end,21 days
LAG002,2022-02-01,R10,Report should be submitted within 15 days of period end,56 days
LAG012,2022-05-31,R10,Report should be submitted within 15 days of period end,16 days
FCT010,2024-06-30,R10,Report should be submitted within 15 days of period end,16 days
RIV005,2022-12-01,R10,Report should be submitted within 15 days of period end,59 days
CRS014,2022-09-30,R10,Report should be submitted within 15 days of period end,29 days
AKS012,2024-01-31,R10,Report should be submitted within 15 days of period end,16 days
RIV015,2023-12-31,R10,Report should be submitted within 15 days of period end,29 days
AKS003,2023-04-01,R10,Report should be submitted within 15 days of period end,40 days
NAS012,2023-09-30,R10,Report should be submitted within 15 days of period end,18 days
FCT001,2024-10-31,R10,Report should be submitted within 15 days of period end,21 days
RIV009,2024-08-31,R10,Report should be submitted within 15 days of period end,16 days
BEN009,2022-05-31,R10,Report should be submitted within 15 days of period end,18 days
NAS001,2023-06-30,R10,Report should be submitted within 15 days of period end,29 days
KAD013,2023-06-30,R10,Report should be submitted within 15 days of period end,21 days
CRS004,2022-12-01,R10,Report should be submitted within 15 days of period end,43 days
FCT013,2023-11-30,R10,Report should be submitted within 15 days of period end,25 days
LAG014,2023-09-30,R10,Report should be submitted within 15 days of period end,21 days
NAS012,2022-02-28,R10,Report should be submitted within 15 days of period end,18 days
FCT006,2024-05-31,R10,Report should be submitted within 15 days of period end,29 days
FCT007,2023-11-30,R10,Report should be submitted within 15 days of period end,18 days
FCT015,2024-06-30,R10,Report should be submitted within 15 days of period end,46 days
LAG012,2022-08-31,R10,Report should be submitted within 15 days of period end,46 days
CRS008,2022-09-01,R10,Report should be submitted within 15 days of period end,44 days
FCT015,2023-12-31,R10,Report should be submitted within 15 days of period end,16 days
LAG099,2023-03-31,R10,Report should be submitted within 15 days of period end,18 days
CRS014,2023-11-30,R10,Report should be submitted within 15 days of period end,29 days
LAG008,2022-06-30,R10,Report should be submitted within 15 days of period end,29 days
FCT013,2024-03-31,R10,Report should be submitted within 15 days of period end,21 days
AKS012,2023-06-30,R10,Report should be submitted within 15 days of period end,21 days
RIV007,2024-10-31,R10,Report should be submitted within 15 days of period end,16 days
NAS007,2022-03-31,R10,Report should be submitted within 15 days of period end,46 days
LAG013,2022-12-31,R10,Report should be submitted within 15 days of period end,16 days
LAG014,2022-10-31,R10,Report should be submitted within 15 days of period end,18 days
LAG003,2022-01-31,R10,Report should be submitted within 15 days of period end,21 days
FCT012,2022-04-01,R10,Report should be submitted within 15 days of period end,42 days
AKS008,2023-09-01,R10,Report should be submitted within 15 days of period end,45 days
FCT002,2024-07-31,R10,Report should be submitted within 15 days of period end,46 days
FCT008,2022-01-01,R10,Report should be submitted within 15 days of period end,45 days
CRS005,2023-02-01,R10,Report should be submitted within 15 days of period end,43 days
CRS011,2024-10-31,R10,Report should be submitted within 15 days of period end,18 days
CRS014,2022-11-30,R10,Report should be submitted within 15 days of period end,16 days
FCT002,2023-08-01,R10,Report should be submitted within 15 days of period end,43 days
BEN013,2022-04-30,R10,Report should be submitted within 15 days of period end,16 days
NAS001,2023-03-31,R10,Report should be submitted within 15 days of period end,16 days
KAD009,2023-12-31,R10,Report should be submitted within 15 days of period end,18 days
AKS011,2022-10-31,R10,Report should be submitted within 15 days of period end,18 days
NAS014,2023-09-30,R10,Report should be submitted within 15 days of period end,18 days
FCT009,2024-06-30,R10,Report should be submitted within 15 days of period end,18 days
FCT006,2024-11-30,R10,Report should be submitted within 15 days of period end,29 days
BEN010,2022-06-30,R10,Report should be submitted within 15 days of period end,21 days
KAD014,2022-04-30,R10,Report should be submitted within 15 days of period end,21 days
AKS013,2024-07-31,R10,Report should be submitted within 15 days of period end,18 days
FCT005,2022-04-30,R10,Report should be submitted within 15 days of period end,29 days
AKS010,2022-05-31,R10,Report should be submitted within 15 days of period end,16 days
FCT007,2024-07-31,R10,Report should be submitted within 15 days of period end,29 days
FCT004,2022-03-31,R10,Report should be submitted within 15 days of period end,21 days
NAS011,2022-01-31,R10,Report should be submitted within 15 days of period end,29 days
BEN008,2024-09-01,R10,Report should be submitted within 15 days of period end,42 days
FCT003,2023-03-01,R10,Report should be submitted within 15 days of period end,48 days
AKS011,2022-08-31,R10,Report should be submitted within 15 days of period end,16 days
FCT008,2024-05-31,R10,Report should be submitted within 15 days of period end,21 days
FCT002,2023-07-31,R10,Report should be submitted within 15 days of period end,21 days
BEN009,2022-12-31,R10,Report should be submitted within 15 days of period end,16 days
RIV007,2023-05-31,R10,Report should be submitted within 15 days of period end,18 days
KAD010,2022-05-31,R10,Report should be submitted within 15 days of period end,16 days
BEN013,2022-07-31,R10,Report should be submitted within 15 days of period end,16 days
NAS007,2023-12-01,R10,Report should be submitted within 15 days of period end,51 days
BEN010,2023-03-31,R10,Report should be submitted within 15 days of period end,29 days
BEN005,2022-11-30,R10,Report should be submitted within 15 days of period end,29 days
LAG014,2024-12-31,R10,Report should be submitted within 15 days of period end,16 days
AKS013,2022-04-30,R10,Report should be submitted within 15 days of period end,46 days
LAG002,2023-11-30,R10,Report should be submitted within 15 days of period end,21 days
BEN005,2024-08-01,R10,Report should be submitted within 15 days of period end,45 days
CRS007,2022-05-31,R10,Report should be submitted within 15 days of period end,21 days
AKS008,2024-01-31,R10,Report should be submitted within 15 days of period end,16 days
KAD013,2024-03-31,R10,Report should be submitted within 15 days of period end,16 days
FCT015,2023-02-01,R10,Report should be submitted within 15 days of period end,48 days
BEN012,2024-11-30,R10,Report should be submitted within 15 days of period end,21 days
BEN001,2024-09-30,R10,Report should be submitted within 15 days of period end,24 days
TMP001,2022-09-30,R10,Report should be submitted within 15 days of period end,16 days
RIV009,2023-05-31,R10,Report should be submitted within 15 days of period end,46 days
CRS015,2023-10-31,R10,Report should be submitted within 15 days of period end,18 days
AKS003,2023-03-31,R10,Report should be submitted within 15 days of period end,16 days
CRS012,2024-12-01,R10,Report should be submitted within 15 days of period end,51 days
XXX999,2023-01-31,R10,Report should be submitted within 15 days of period end,16 days
BEN005,2024-11-30,R10,Report should be submitted within 15 days of period end,25 days
RIV009,2024-04-30,R10,Report should be submitted within 15 days of period end,16 days
LAG009,2024-09-30,R10,Report should be submitted within 15 days of period end,18 days
AKS003,2022-07-31,R10,Report should be submitted within 15 days of period end,18 days
AKS006,2023-08-31,R10,Report should be submitted within 15 days of period end,29 days
NAS006,2024-07-31,R10,Report should be submitted within 15 days of period end,18 days
FCT007,2024-10-31,R10,Report should be submitted within 15 days of period end,29 days
FCT004,2023-02-28,R10,Report should be submitted within 15 days of period end,21 days
NAS009,2022-06-01,R10,Report should be submitted within 15 days of period end,40 days
NAS015,2022-06-30,R10,Report should be submitted within 15 days of period end,29 days
BEN015,2022-04-30,R10,Report should be submitted within 15 days of period end,18 days
AKS012,2024-05-31,R10,Report should be submitted within 15 days of period end,16 days
AKS011,2024-09-30,R10,Report should be submitted within 15 days of period end,18 days
BEN002,2024-04-30,R10,Report should be submitted within 15 days of period end,29 days
NAS012,2022-12-31,R10,Report should be submitted within 15 days of period end,16 days
AKS003,2024-09-30,R10,Report should be submitted within 15 days of period end,29 days
NAS005,2023-01-31,R10,Report should be submitted within 15 days of period end,18 days
FCT004,2023-12-31,R10,Report should be submitted within 15 days of period end,29 days
BEN011,2023-12-31,R10,Report should be submitted within 15 days of period end,16 days
LAG004,2024-09-30,R10,Report should be submitted within 15 days of period end,18 days
FCT008,2024-09-30,R10,Report should be submitted within 15 days of period end,18 days
CRS006,2023-11-30,R10,Report should be submitted within 15 days of period end,29 days
LAG099,2022-08-01,R10,Report should be submitted within 15 days of period end,45 days
KAD006,2024-10-01,R10,Report should be submitted within 15 days of period end,48 days
CRS005,2023-08-31,R10,Report should be submitted within 15 days of period end,16 days
LAG005,2024-08-31,R10,Report should be submitted within 15 days of period end,18 days
RIV014,2022-09-30,R10,Report should be submitted within 15 days of period end,30 days
LAG010,2022-01-01,R10,Report should be submitted within 15 days of period end,43 days
RIV013,2023-11-30,R10,Report should be submitted within 15 days of period end,18 days
AKS013,2024-09-30,R10,Report should be submitted within 15 days of period end,18 days
KAD003,2023-10-01,R10,Report should be submitted within 15 days of period end,46 days
CRS010,2022-12-31,R10,Report should be submitted within 15 days of period end,21 days
NAS002,2023-09-30,R10,Report should be submitted within 15 days of period end,29 days
KAD008,2023-11-30,R10,Report should be submitted within 15 days of period end,16 days
BEN005,2023-01-31,R10,Report should be submitted within 15 days of period end,29 days
KAD005,2024-12-01,R10,Report should be submitted within 15 days of period end,41 days
AKS006,2024-09-30,R10,Report should be submitted within 15 days of period end,16 days
RIV014,2024-05-01,R10,Report should be submitted within 15 days of period end,46 days
BEN011,2022-11-01,R10,Report should be submitted within 15 days of period end,47 days
KAD003,2024-12-01,R10,Report should be submitted within 15 days of period end,41 days
LAG007,2023-06-30,R10,Report should be submitted within 15 days of period end,18 days
FCT002,2024-01-31,R10,Report should be submitted within 15 days of period end,16 days
FCT011,2023-03-01,R10,Report should be submitted within 15 days of period end,45 days
RIV007,2022-12-31,R10,Report should be submitted within 15 days of period end,21 days
NAS015,2024-05-31,R10,Report should be submitted within 15 days of period end,29 days
AKS012,2024-02-01,R10,Report should be submitted within 15 days of period end,41 days
AKS004,2023-04-01,R10,Report should be submitted within 15 days of period end,47 days
CRS001,2024-04-30,R10,Report should be submitted within 15 days of period end,21 days
RIV008,2024-04-30,R10,Report should be submitted within 15 days of period end,21 days
BEN010,2022-04-30,R10,Report should be submitted within 15 days of period end,46 days
FCT004,2022-04-30,R10,Report should be submitted within 15 days of period end,29 days
BEN008,2024-01-01,R10,Report should be submitted within 15 days of period end,46 days
CRS009,2023-06-30,R10,Report should be submitted within 15 days of period end,21 days
CRS009,2022-06-01,R10,Report should be submitted within 15 days of period end,42 days
NAS001,2022-07-31,R10,Report should be submitted within 15 days of period end,46 days
NAS014,2024-08-31,R10,Report should be submitted within 15 days of period end,46 days
LAG008,2023-05-31,R10,Report should be submitted within 15 days of period end,16 days
RIV009,2023-06-30,R10,Report should be submitted within 15 days of period end,16 days
RIV001,2022-03-31,R10,Report should be submitted within 15 days of period end,16 days
AKS003,2023-08-31,R10,Report should be submitted within 15 days of period end,16 days
CRS012,2023-03-31,R10,Report should be submitted within 15 days of period end,46 days
LAG011,2022-04-01,R10,Report should be submitted within 15 days of period end,47 days
FCT011,2023-02-01,R10,Report should be submitted within 15 days of period end,40 days
NAS003,2024-02-29,R10,Report should be submitted within 15 days of period end,18 days
AKS007,2023-10-31,R10,Report should be submitted within 15 days of period end,18 days
FCT005,2023-05-01,R10,Report should be submitted within 15 days of period end,46 days
BEN002,2023-06-30,R10,Report should be submitted within 15 days of period end,16 days
LAG006,2022-10-31,R10,Report should be submitted within 15 days of period end,18 days
AKS005,2023-08-31,R10,Report should be submitted within 15 days of period end,46 days
NAS013,2024-11-01,R10,Report should be submitted within 15 days of period end,50 days
FCT013,2024-11-30,R10,Report should be submitted within 15 days of period end,21 days
XXX999,2022-11-30,R10,Report should be submitted within 15 days of period end,21 days
FCT010,2023-12-31,R10,Report should be submitted within 15 days of period end,16 days
KAD011,2023-12-31,R10,Report should be submitted within 15 days of period end,16 days
FCT008,2023-12-31,R10,Report should be submitted within 15 days of period end,18 days
CRS004,2023-09-30,R10,Report should be submitted within 15 days of period end,18 days
FCT002,2022-03-31,R10,Report should be submitted within 15 days of period end,21 days
FCT014,2024-11-30,R10,Report should be submitted within 15 days of period end,21 days
NAS010,2023-02-28,R10,Report should be submitted within 15 days of period end,16 days
BEN011,2023-05-01,R10,Report should be submitted within 15 days of period end,48 days
RIV002,2023-06-30,R10,Report should be submitted within 15 days of period end,16 days
AKS002,2022-06-30,R10,Report should be submitted within 15 days of period end,16 days
CRS009,2023-11-30,R10,Report should be submitted within 15 days of period end,21 days
AKS007,2024-04-30,R10,Report should be submitted within 15 days of period end,29 days
BEN008,2022-12-01,R10,Report should be submitted within 15 days of period end,46 days
KAD008,2023-09-30,R10,Report should be submitted within 15 days of period end,16 days
BEN011,2022-07-31,R10,Report should be submitted within 15 days of period end,29 days
AKS008,2022-10-31,R10,Report should be submitted within 15 days of period end,16 days
LAG004,2022-02-28,R10,Report should be submitted within 15 days of period end,16 days
TMP001,2024-11-01,R10,Report should be submitted within 15 days of period end,50 days
LAG011,2024-11-30,R10,Report should be submitted within 15 days of period end,18 days
AKS010,2023-05-31,R10,Report should be submitted within 15 days of period end,21 days
LAG099,2023-10-01,R10,Report should be submitted within 15 days of period end,46 days
NAS011,2023-05-31,R10,Report should be submitted within 15 days of period end,18 days
NAS010,2022-03-31,R10,Report should be submitted within 15 days of period end,21 days
KAD012,2024-01-31,R10,Report should be submitted within 15 days of period end,16 days
LAG005,2022-07-31,R10,Report should be submitted within 15 days of period end,16 days
NAS002,2023-01-31,R10,Report should be submitted within 15 days of period end,29 days
KAD008,2024-12-01,R10,Report should be submitted within 15 days of period end,43 days
NAS999,2022-07-31,R10,Report should be submitted within 15 days of period end,29 days
BEN006,2023-04-30,R10,Report should be submitted within 15 days of period end,29 days
FCT007,2024-11-30,R10,Report should be submitted within 15 days of period end,18 days
NAS003,2023-06-01,R10,Report should be submitted within 15 days of period end,40 days
CRS011,2022-03-31,R10,Report should be submitted within 15 days of period end,16 days
NAS009,2022-11-30,R10,Report should be submitted within 15 days of period end,29 days
BEN010,2023-12-01,R10,Report should be submitted within 15 days of period end,43 days
RIV004,2022-09-30,R10,Report should be submitted within 15 days of period end,18 days
LAG014,2023-07-31,R10,Report should be submitted within 15 days of period end,16 days
KAD015,2022-05-31,R10,Report should be submitted within 15 days of period end,16 days
CRS006,2023-06-30,R10,Report should be submitted within 15 days of period end,18 days
KAD004,2023-04-30,R10,Report should be submitted within 15 days of period end,16 days
CRS004,2024-06-01,R10,Report should be submitted within 15 days of period end,42 days
BEN005,2022-09-30,R10,Report should be submitted within 15 days of period end,21 days
NAS008,2024-06-30,R10,Report should be submitted within 15 days of period end,18 days
NAS001,2022-10-31,R10,Report should be submitted within 15 days of period end,16 days
CRS008,2023-01-31,R10,Report should be submitted within 15 days of period end,29 days
KAD008,2024-09-30,R10,Report should be submitted within 15 days of period end,21 days
KAD009,2022-05-31,R10,Report should be submitted within 15 days of period end,29 days
BEN001,2023-02-01,R10,Report should be submitted within 15 days of period end,56 days
LAG009,2023-07-31,R10,Report should be submitted within 15 days of period end,18 days
FCT010,2022-01-31,R10,Report should be submitted within 15 days of period end,18 days
LAG005,2022-05-31,R10,Report should be submitted within 15 days of period end,16 days
FCT003,2024-03-31,R10,Report should be submitted within 15 days of period end,21 days
NAS013,2024-04-30,R10,Report should be submitted within 15 days of period end,29 days
LAG006,2024-07-31,R10,Report should be submitted within 15 days of period end,16 days
FCT012,2024-03-31,R10,Report should be submitted within 15 days of period end,16 days
LAG014,2023-09-30,R10,Report should be submitted within 15 days of period end,30 days
KAD003,2022-05-01,R10,Report should be submitted within 15 days of period end,45 days
BEN001,2023-09-01,R10,Report should be submitted within 15 days of period end,42 days
NAS008,2024-02-29,R10,Report should be submitted within 15 days of period end,29 days
RIV004,2022-02-28,R10,Report should be submitted within 15 days of period end,21 days
NAS006,2024-10-31,R10,Report should be submitted within 15 days of period end,18 days
NAS011,2022-03-31,R10,Report should be submitted within 15 days of period end,21 days
RIV004,2024-01-31,R10,Report should be submitted within 15 days of period end,46 days
BEN005,2024-06-30,R10,Report should be submitted within 15 days of period end,21 days
NAS009,2023-06-30,R10,Report should be submitted within 15 days of period end,18 days
KAD011,2023-06-30,R10,Report should be submitted within 15 days of period end,16 days
AKS002,2023-02-01,R10,Report should be submitted within 15 days of period end,42 days
CRS007,2024-03-31,R10,Report should be submitted within 15 days of period end,29 days
RIV015,2024-05-31,R10,Report should be submitted within 15 days of period end,21 days
LAG002,2022-09-30,R10,Report should be submitted within 15 days of period end,16 days
CRS012,2022-09-30,R10,Report should be submitted within 15 days of period end,16 days
RIV001,2024-10-31,R10,Report should be submitted within 15 days of period end,20 days
FCT013,2022-05-31,R10,Report should be submitted within 15 days of period end,16 days
BEN012,2022-04-30,R10,Report should be submitted within 15 days of period end,16 days
AKS001,2024-12-31,R10,Report should be submitted within 15 days of period end,18 days
KAD003,2022-09-01,R10,Report should be submitted within 15 days of period end,40 days
FCT002,2023-03-31,R10,Report should be submitted within 15 days of period end,21 days
AKS010,2024-02-29,R10,Report should be submitted within 15 days of period end,29 days
FCT014,2023-09-30,R10,Report should be submitted within 15 days of period end,16 days
LAG002,2024-06-01,R10,Report should be submitted within 15 days of period end,44 days
FCT011,2024-01-31,R10,Report should be submitted within 15 days of period end,21 days
LAG002,2023-08-31,R10,Report should be submitted within 15 days of period end,18 days
CRS015,2024-05-31,R10,Report should be submitted within 15 days of period end,18 days
LAG009,2023-01-31,R10,Report should be submitted within 15 days of period end,18 days
TMP001,2024-07-31,R10,Report should be submitted within 15 days of period end,29 days
AKS014,2022-02-28,R10,Report should be submitted within 15 days of period end,29 days
AKS004,2024-09-01,R10,Report should be submitted within 15 days of period end,42 days
RIV007,2024-09-01,R10,Report should be submitted within 15 days of period end,40 days
KAD015,2023-04-30,R10,Report should be submitted within 15 days of period end,16 days
NAS014,2023-01-31,R10,Report should be submitted within 15 days of period end,16 days
CRS014,2023-12-31,R10,Report should be submitted within 15 days of period end,21 days
NAS007,2024-11-30,R10,Report should be submitted within 15 days of period end,29 days
AKS012,2022-11-30,R10,Report should be submitted within 15 days of period end,21 days
RIV013,2024-09-30,R10,Report should be submitted within 15 days of period end,21 days
RIV010,2024-03-31,R10,Report should be submitted within 15 days of period end,18 days
KAD011,2024-01-31,R10,Report should be submitted within 15 days of period end,29 days
CRS010,2024-08-01,R10,Report should be submitted within 15 days of period end,51 days
CRS009,2024-06-30,R10,Report should be submitted within 15 days of period end,46 days
BEN005,2024-09-30,R10,Report should be submitted within 15 days of period end,21 days
NAS999,2024-03-31,R10,Report should be submitted within 15 days of period end,16 days
CRS008,2023-10-31,R10,Report should be submitted within 15 days of period end,21 days
KAD010,2023-05-31,R10,Report should be submitted within 15 days of period end,18 days
AKS009,2023-05-31,R10,Report should be submitted within 15 days of period end,16 days
NAS999,2023-05-01,R10,Report should be submitted within 15 days of period end,43 days
CRS003,2022-08-31,R10,Report should be submitted within 15 days of period end,16 days
NAS014,2022-03-31,R10,Report should be submitted within 15 days of period end,16 days
LAG001,2022-09-30,R10,Report should be submitted within 15 days of period end,21 days
RIV008,2024-06-01,R10,Report should be submitted within 15 days of period end,44 days
BEN008,2024-03-31,R10,Report should be submitted within 15 days of period end,16 days
RIV013,2024-05-31,R10,Report should be submitted within 15 days of period end,29 days
LAG002,2023-04-30,R10,Report should be submitted within 15 days of period end,29 days
AKS014,2024-02-29,R10,Report should be submitted within 15 days of period end,18 days
NAS004,2023-07-31,R10,Report should be submitted within 15 days of period end,16 days
KAD007,2022-07-31,R10,Report should be submitted within 15 days of period end,16 days
FCT015,2022-05-31,R10,Report should be submitted within 15 days of period end,16 days
RIV014,2022-02-28,R10,Report should be submitted within 15 days of period end,18 days
LAG011,2023-12-31,R10,Report should be submitted within 15 days of period end,16 days
BEN007,2023-07-31,R10,Report should be submitted within 15 days of period end,16 days
LAG011,2022-12-01,R10,Report should be submitted within 15 days of period end,41 days
KAD011,2022-11-30,R10,Report should be submitted within 15 days of period end,16 days
RIV013,2023-03-31,R10,Report should be submitted within 15 days of period end,29 days
NAS999,2022-11-30,R10,Report should be submitted within 15 days of period end,18 days
CRS002,2022-05-31,R10,Report should be submitted within 15 days of period end,16 days
KAD001,2023-07-01,R10,Report should be submitted within 15 days of period end,51 days
BEN009,2022-01-31,R10,Report should be submitted within 15 days of period end,29 days
AKS009,2023-08-31,R10,Report should be submitted within 15 days of period end,16 days
CRS006,2023-01-01,R10,Report should be submitted within 15 days of period end,43 days
BEN005,2023-04-30,R10,Report should be submitted within 15 days of period end,18 days
FCT004,2024-02-29,R10,Report should be submitted within 15 days of period end,18 days
AKS008,2023-12-31,R10,Report should be submitted within 15 days of period end,18 days
BEN005,2022-06-30,R10,Report should be submitted within 15 days of period end,18 days
NAS005,2024-11-01,R10,Report should be submitted within 15 days of period end,40 days
FCT010,2022-09-01,R10,Report should be submitted within 15 days of period end,42 days
CRS002,2024-08-31,R10,Report should be submitted within 15 days of period end,18 days
FCT001,2022-11-30,R10,Report should be submitted within 15 days of period end,21 days
AKS008,2024-06-30,R10,Report should be submitted within 15 days of period end,29 days
BEN007,2024-01-31,R10,Report should be submitted within 15 days of period end,21 days
NAS004,2022-10-31,R10,Report should be submitted within 15 days of period end,16 days
KAD011,2022-09-01,R10,Report should be submitted within 15 days of period end,45 days
KAD002,2024-04-30,R10,Report should be submitted within 15 days of period end,16 days
NAS008,2023-03-31,R10,Report should be submitted within 15 days of period end,16 days
FCT006,2023-05-31,R10,Report should be submitted within 15 days of period end,21 days
FCT002,2023-09-30,R10,Report should be submitted within 15 days of period end,29 days
LAG010,2023-05-31,R10,Report should be submitted within 15 days of period end,16 days
BEN007,2023-04-30,R10,Report should be submitted within 15 days of period end,16 days
LAG011,2024-04-30,R10,Report should be submitted within 15 days of period end,21 days
RIV009,2024-10-31,R10,Report should be submitted within 15 days of period end,18 days
TMP001,2023-01-31,R10,Report should be submitted within 15 days of period end,18 days
AKS008,2023-06-01,R10,Report should be submitted within 15 days of period end,42 days
AKS013,2024-04-30,R10,Report should be submitted within 15 days of period end,18 days
BEN011,2022-12-31,R10,Report should be submitted within 15 days of period end,21 days
NAS007,2022-04-01,R10,Report should be submitted within 15 days of period end,50 days
LAG014,2024-06-30,R10,Report should be submitted within 15 days of period end,18 days
CRS008,2024-09-30,R10,Report should be submitted within 15 days of period end,29 days
KAD009,2023-05-31,R10,Report should be submitted within 15 days of period end,29 days
LAG011,2024-09-30,R10,Report should be submitted within 15 days of period end,16 days
RIV008,2024-12-31,R10,Report should be submitted within 15 days of period end,16 days
AKS014,2024-12-31,R10,Report should be submitted within 15 days of period end,18 days
AKS011,2023-09-01,R10,Report should be submitted within 15 days of period end,50 days
CRS014,2022-03-31,R10,Report should be submitted within 15 days of period end,16 days
FCT006,2022-05-01,R10,Report should be submitted within 15 days of period end,59 days
CRS008,2024-03-31,R10,Report should be submitted within 15 days of period end,18 days
RIV012,2022-04-30,R10,Report should be submitted within 15 days of period end,18 days
NAS011,2023-04-01,R10,Report should be submitted within 15 days of period end,44 days
CRS002,2023-08-31,R10,Report should be submitted within 15 days of period end,18 days
KAD009,2022-02-01,R10,Report should be submitted within 15 days of period end,42 days
KAD007,2022-06-30,R10,Report should be submitted within 15 days of period end,16 days
AKS006,2022-06-30,R10,Report should be submitted within 15 days of period end,18 days
KAD009,2022-03-31,R10,Report should be submitted within 15 days of period end,18 days
FCT010,2022-07-31,R10,Report should be submitted within 15 days of period end,21 days
BEN011,2022-06-30,R10,Report should be submitted within 15 days of period end,29 days
BEN013,2024-04-30,R10,Report should be submitted within 15 days of period end,16 days
AKS012,2022-08-31,R10,Report should be submitted within 15 days of period end,16 days
XXX999,2023-12-31,R10,Report should be submitted within 15 days of period end,21 days
LAG011,2022-02-28,R10,Report should be submitted within 15 days of period end,18 days
AKS005,2023-03-31,R10,Report should be submitted within 15 days of period end,18 days
KAD003,2022-04-30,R10,Report should be submitted within 15 days of period end,46 days
NAS010,2024-07-31,R10,Report should be submitted within 15 days of period end,46 days
LAG015,2023-09-30,R10,Report should be submitted within 15 days of period end,16 days
AKS013,2023-01-31,R10,Report should be submitted within 15 days of period end,21 days
CRS004,2024-10-31,R10,Report should be submitted within 15 days of period end,18 days
NAS999,2024-11-30,R10,Report should be submitted within 15 days of period end,29 days
AKS009,2023-05-31,R10,Report should be submitted within 15 days of period end,25 days
TMP001,2023-12-31,R10,Report should be submitted within 15 days of period end,16 days
CRS007,2022-02-28,R10,Report should be submitted within 15 days of period end,29 days
FCT005,2024-12-31,R10,Report should be submitted within 15 days of period end,16 days
FCT006,2023-09-30,R10,Report should be submitted within 15 days of period end,16 days
LAG009,2023-12-31,R10,Report should be submitted within 15 days of period end,18 days
CRS013,2022-03-31,R10,Report should be submitted within 15 days of period end,21 days
FCT011,2024-03-31,R10,Report should be submitted within 15 days of period end,16 days
CRS009,2022-04-30,R10,Report should be submitted within 15 days of period end,16 days
NAS013,2023-10-31,R10,Report should be submitted within 15 days of period end,16 days
AKS015,2022-11-30,R10,Report should be submitted within 15 days of period end,16 days
CRS010,2023-10-31,R10,Report should be submitted within 15 days of period end,16 days
AKS006,2024-04-30,R10,Report should be submitted within 15 days of period end,21 days
TMP001,2022-07-31,R10,Report should be submitted within 15 days of period end,46 days
KAD001,2024-02-29,R10,Report should be submitted within 15 days of period end,16 days
NAS014,2024-11-30,R10,Report should be submitted within 15 days of period end,29 days
CRS007,2023-07-31,R10,Report should be submitted within 15 days of period end,16 days
KAD013,2024-05-31,R10,Report should be submitted within 15 days of period end,18 days
LAG008,2023-04-30,R10,Report should be submitted within 15 days of period end,21 days
LAG003,2024-02-29,R10,Report should be submitted within 15 days of period end,18 days
LAG009,2023-10-31,R10,Report should be submitted within 15 days of period end,18 days
RIV003,2023-11-01,R10,Report should be submitted within 15 days of period end,40 days
LAG099,2022-06-30,R10,Report should be submitted within 15 days of period end,29 days
BEN008,2022-01-31,R10,Report should be submitted within 15 days of period end,16 days
AKS012,2024-08-31,R10,Report should be submitted within 15 days of period end,16 days
TMP001,2024-08-31,R10,Report should be submitted within 15 days of period end,16 days
NAS999,2024-11-30,R10,Report should be submitted within 15 days of period end,21 days
CRS015,2023-06-30,R10,Report should be submitted within 15 days of period end,21 days
FCT003,2023-02-28,R10,Report should be submitted within 15 days of period end,16 days
CRS006,2024-05-31,R10,Report should be submitted within 15 days of period end,18 days
FCT004,2022-09-30,R10,Report should be submitted within 15 days of period end,18 days
AKS002,2024-08-31,R10,Report should be submitted within 15 days of period end,27 days
NAS011,2023-09-01,R10,Report should be submitted within 15 days of period end,42 days
BEN001,2024-06-30,R10,Report should be submitted within 15 days of period end,46 days
BEN014,2024-09-30,R10,Report should be submitted within 15 days of period end,18 days
RIV007,2023-11-30,R10,Report should be submitted within 15 days of period end,21 days
CRS005,2024-05-31,R10,Report should be submitted within 15 days of period end,18 days
KAD009,2024-07-31,R10,Report should be submitted within 15 days of period end,16 days
BEN014,2023-12-31,R10,Report should be submitted within 15 days of period end,21 days
CRS011,2023-10-31,R10,Report should be submitted within 15 days of period end,18 days
NAS012,2022-01-31,R10,Report should be submitted within 15 days of period end,16 days
NAS001,2023-05-31,R10,Report should be submitted within 15 days of period end,21 days
BEN015,2023-06-30,R10,Report should be submitted within 15 days of period end,18 days
RIV002,2022-08-01,R10,Report should be submitted within 15 days of period end,59 days
BEN009,2022-04-01,R10,Report should be submitted within 15 days of period end,47 days
BEN002,2022-04-30,R10,Report should be submitted within 15 days of period end,20 days
KAD012,2024-07-31,R10,Report should be submitted within 15 days of period end,16 days
KAD006,2022-02-01,R10,Report should be submitted within 15 days of period end,48 days
BEN006,2022-04-30,R10,Report should be submitted within 15 days of period end,16 days
FCT003,2024-02-29,R10,Report should be submitted within 15 days of period end,29 days
AKS015,2023-11-30,R10,Report should be submitted within 15 days of period end,29 days
BEN014,2023-04-01,R10,Report should be submitted within 15 days of period end,50 days
KAD010,2024-04-30,R10,Report should be submitted within 15 days of period end,29 days
LAG010,2023-12-01,R10,Report should be submitted within 15 days of period end,43 days
LAG003,2023-10-31,R10,Report should be submitted within 15 days of period end,18 days
RIV015,2022-07-31,R10,Report should be submitted within 15 days of period end,21 days
RIV002,2023-03-01,R10,Report should be submitted within 15 days of period end,59 days
NAS003,2022-07-31,R10,Report should be submitted within 15 days of period end,16 days
LAG099,2024-10-31,R10,Report should be submitted within 15 days of period end,16 days
BEN001,2022-04-30,R10,Report should be submitted within 15 days of period end,16 days
BEN007,2022-03-31,R10,Report should be submitted within 15 days of period end,18 days
KAD010,2024-09-30,R10,Report should be submitted within 15 days of period end,18 days
FCT014,2024-03-01,R10,Report should be submitted within 15 days of period end,46 days
BEN010,2022-11-30,R10,Report should be submitted within 15 days of period end,16 days
FCT006,2023-03-31,R10,Report should be submitted within 15 days of period end,16 days
AKS001,2023-09-30,R10,Report should be submitted within 15 days of period end,46 days
NAS011,2023-08-31,R10,Report should be submitted within 15 days of period end,21 days
BEN014,2023-07-31,R10,Report should be submitted within 15 days of period end,18 days
LAG003,2023-11-01,R10,Report should be submitted within 15 days of period end,45 days
BEN001,2023-07-31,R10,Report should be submitted within 15 days of period end,21 days
NAS001,2023-07-31,R10,Report should be submitted within 15 days of period end,21 days
RIV010,2023-11-01,R10,Report should be submitted within 15 days of period end,45 days
KAD006,2022-06-30,R10,Report should be submitted within 15 days of period end,16 days
NAS007,2022-07-31,R10,Report should be submitted within 15 days of period end,18 days
CRS013,2023-11-30,R10,Report should be submitted within 15 days of period end,18 days
NAS008,2022-02-28,R10,Report should be submitted within 15 days of period end,18 days
RIV006,2023-06-30,R10,Report should be submitted within 15 days of period end,18 days
KAD012,2022-10-31,R10,Report should be submitted within 15 days of period end,18 days
NAS011,2023-11-30,R10,Report should be submitted within 15 days of period end,18 days
LAG015,2022-07-31,R10,Report should be submitted within 15 days of period end,29 days
RIV011,2022-07-01,R10,Report should be submitted within 15 days of period end,51 days
NAS008,2022-01-01,R10,Report should be submitted within 15 days of period end,48 days
CRS008,2023-11-30,R10,Report should be submitted within 15 days of period end,16 days
FCT010,2024-04-30,R10,Report should be submitted within 15 days of period end,21 days
RIV012,2022-12-31,R10,Report should be submitted within 15 days of period end,21 days
KAD014,2022-03-01,R10,Report should be submitted within 15 days of period end,45 days
CRS008,2024-10-31,R10,Report should be submitted within 15 days of period end,21 days
XXX999,2023-10-31,R10,Report should be submitted within 15 days of period end,16 days
RIV010,2023-10-31,R10,Report should be submitted within 15 days of period end,29 days
NAS001,2022-01-31,R10,Report should be submitted within 15 days of period end,18 days
RIV011,2023-06-01,R10,Report should be submitted within 15 days of period end,45 days
KAD007,2024-02-29,R10,Report should be submitted within 15 days of period end,16 days
KAD015,2024-11-30,R10,Report should be submitted within 15 days of period end,29 days
BEN006,2022-10-31,R10,Report should be submitted within 15 days of period end,29 days
CRS010,2023-04-30,R10,Report should be submitted within 15 days of period end,18 days
FCT007,2022-11-30,R10,Report should be submitted within 15 days of period end,16 days
RIV001,2024-08-31,R10,Report should be submitted within 15 days of period end,16 days
BEN010,2024-12-31,R10,Report should be submitted within 15 days of period end,29 days
NAS010,2024-11-01,R10,Report should be submitted within 15 days of period end,42 days
RIV002,2022-10-31,R10,Report should be submitted within 15 days of period end,16 days
NAS013,2022-01-01,R10,Report should be submitted within 15 days of period end,46 days
RIV004,2024-03-31,R10,Report should be submitted within 15 days of period end,16 days
FCT008,2022-05-31,R10,Report should be submitted within 15 days of period end,16 days
LAG013,2023-05-31,R10,Report should be submitted within 15 days of period end,16 days
KAD008,2024-08-31,R10,Report should be submitted within 15 days of period end,16 days
NAS005,2024-01-31,R10,Report should be submitted within 15 days of period end,16 days
AKS009,2022-07-31,R10,Report should be submitted within 15 days of period end,29 days
FCT007,2024-08-31,R10,Report should be submitted within 15 days of period end,18 days
LAG015,2022-10-31,R10,Report should be submitted within 15 days of period end,21 days
CRS012,2024-04-30,R10,Report should be submitted within 15 days of period end,16 days
CRS008,2023-06-30,R10,Report should be submitted within 15 days of period end,18 days
FCT012,2024-07-31,R10,Report should be submitted within 15 days of period end,16 days
NAS006,2023-10-31,R10,Report should be submitted within 15 days of period end,18 days
KAD011,2023-11-30,R10,Report should be submitted within 15 days of period end,18 days
CRS003,2022-12-31,R10,Report should be submitted within 15 days of period end,46 days
KAD015,2024-04-01,R10,Report should be submitted within 15 days of period end,50 days
BEN004,2022-06-30,R10,Report should be submitted within 15 days of period end,16 days
LAG003,2024-05-01,R10,Report should be submitted within 15 days of period end,41 days
CRS001,2022-03-31,R10,Report should be submitted within 15 days of period end,18 days
CRS012,2022-08-01,R10,Report should be submitted within 15 days of period end,43 days
NAS002,2022-06-30,R10,Report should be submitted within 15 days of period end,18 days
LAG014,2022-04-30,R10,Report should be submitted within 15 days of period end,29 days
LAG008,2023-10-01,R10,Report should be submitted within 15 days of period end,51 days
BEN015,2022-12-31,R10,Report should be submitted within 15 days of period end,29 days
FCT007,2024-01-31,R10,Report should be submitted within 15 days of period end,21 days
NAS999,2023-06-30,R10,Report should be submitted within 15 days of period end,29 days
NAS003,2022-03-31,R10,Report should be submitted within 15 days of period end,21 days
BEN002,2023-10-01,R10,Report should be submitted within 15 days of period end,43 days
LAG003,2023-12-31,R10,Report should be submitted within 15 days of period end,18 days
RIV011,2023-02-28,R10,Report should be submitted within 15 days of period end,16 days
KAD014,2023-12-31,R10,Report should be submitted within 15 days of period end,21 days
FCT007,2022-04-30,R10,Report should be submitted within 15 days of period end,18 days
RIV013,2022-12-31,R10,Report should be submitted within 15 days of period end,21 days
BEN014,2023-05-31,R10,Report should be submitted within 15 days of period end,16 days
BEN012,2023-03-31,R10,Report should be submitted within 15 days of period end,21 days
AKS005,2024-02-01,R10,Report should be submitted within 15 days of period end,57 days
FCT015,2023-11-30,R10,Report should be submitted within 15 days of period end,21 days
RIV002,2022-04-30,R10,Report should be submitted within 15 days of period end,16 days
CRS004,2023-10-31,R10,Report should be submitted within 15 days of period end,16 days
LAG012,2023-07-31,R10,Report should be submitted within 15 days of period end,21 days
RIV007,2024-01-31,R10,Report should be submitted within 15 days of period end,21 days
AKS001,2022-03-31,R10,Report should be submitted within 15 days of period end,16 days
RIV009,2023-10-31,R10,Report should be submitted within 15 days of period end,21 days
NAS007,2024-01-31,R10,Report should be submitted within 15 days of period end,16 days
FCT009,2023-11-30,R10,Report should be submitted within 15 days of period end,16 days
LAG005,2023-05-01,R10,Report should be submitted within 15 days of period end,51 days
LAG009,2022-10-31,R10,Report should be submitted within 15 days of period end,16 days
RIV014,2024-12-01,R10,Report should be submitted within 15 days of period end,43 days
BEN014,2022-01-31,R10,Report should be submitted within 15 days of period end,16 days
AKS002,2023-06-30,R10,Report should be submitted within 15 days of period end,21 days
LAG006,2022-01-01,R10,Report should be submitted within 15 days of period end,43 days
FCT012,2022-02-28,R10,Report should be submitted within 15 days of period end,46 days
KAD014,2024-04-30,R10,Report should be submitted within 15 days of period end,18 days
CRS001,2022-01-31,R10,Report should be submitted within 15 days of period end,18 days
XXX999,2024-09-30,R10,Report should be submitted within 15 days of period end,21 days
NAS012,2023-05-31,R10,Report should be submitted within 15 days of period end,16 days
NAS007,2023-09-30,R10,Report should be submitted within 15 days of period end,18 days
KAD008,2024-03-31,R10,Report should be submitted within 15 days of period end,21 days
BEN015,2024-04-30,R10,Report should be submitted within 15 days of period end,18 days
BEN015,2023-03-31,R10,Report should be submitted within 15 days of period end,46 days
RIV007,2023-04-30,R10,Report should be submitted within 15 days of period end,16 days
FCT013,2023-12-31,R10,Report should be submitted within 15 days of period end,29 days
FCT004,2022-10-31,R10,Report should be submitted within 15 days of period end,29 days
RIV008,2023-03-31,R10,Report should be submitted within 15 days of period end,18 days
KAD007,2022-10-31,R10,Report should be submitted within 15 days of period end,16 days
KAD008,2022-02-28,R10,Report should be submitted within 15 days of period end,18 days
LAG014,2024-01-31,R10,Report should be submitted within 15 days of period end,18 days
CRS005,2022-07-31,R10,Report should be submitted within 15 days of period end,16 days
KAD014,2024-10-31,R10,Report should be submitted within 15 days of period end,20 days
RIV012,2024-04-30,R10,Report should be submitted within 15 days of period end,18 days
NAS015,2022-11-30,R10,Report should be submitted within 15 days of period end,29 days
RIV005,2023-09-30,R10,Report should be submitted within 15 days of period end,16 days
AKS012,2024-12-31,R10,Report should be submitted within 15 days of period end,16 days
AKS005,2022-02-28,R10,Report should be submitted within 15 days of period end,18 days
LAG012,2023-10-31,R10,Report should be submitted within 15 days of period end,16 days
FCT014,2022-01-31,R10,Report should be submitted within 15 days of period end,16 days
CRS012,2023-04-30,R10,Report should be submitted within 15 days of period end,16 days
AKS010,2023-04-01,R10,Report should be submitted within 15 days of period end,42 days
CRS009,2023-03-31,R10,Report should be submitted within 15 days of period end,16 days
AKS008,2023-02-28,R10,Report should be submitted within 15 days of period end,21 days
FCT008,2023-05-01,R10,Report should be submitted within 15 days of period end,45 days
AKS008,2023-08-01,R10,Report should be submitted within 15 days of period end,43 days
RIV006,2024-04-30,R10,Report should be submitted within 15 days of period end,16 days
AKS009,2024-06-30,R10,Report should be submitted within 15 days of period end,16 days
AKS014,2022-09-30,R10,Report should be submitted within 15 days of period end,16 days
NAS008,2024-10-31,R10,Report should be submitted within 15 days of period end,21 days
KAD009,2022-01-31,R10,Report should be submitted within 15 days of period end,21 days
RIV008,2023-10-01,R10,Report should be submitted within 15 days of period end,41 days
LAG006,2022-09-01,R10,Report should be submitted within 15 days of period end,50 days
FCT009,2023-06-30,R10,Report should be submitted within 15 days of period end,29 days
RIV001,2022-06-30,R10,Report should be submitted within 15 days of period end,16 days
AKS009,2023-11-30,R10,Report should be submitted within 15 days of period end,21 days
BEN002,2023-04-30,R10,Report should be submitted within 15 days of period end,16 days
KAD003,2022-02-28,R10,Report should be submitted within 15 days of period end,16 days
CRS003,2024-12-31,R10,Report should be submitted within 15 days of period end,21 days
NAS002,2023-12-31,R10,Report should be submitted within 15 days of period end,18 days
AKS011,2022-04-30,R10,Report should be submitted within 15 days of period end,16 days
BEN004,2022-07-31,R10,Report should be submitted within 15 days of period end,21 days
KAD005,2023-01-31,R10,Report should be submitted within 15 days of period end,18 days
BEN002,2022-06-01,R10,Report should be submitted within 15 days of period end,42 days
BEN011,2024-07-31,R10,Report should be submitted within 15 days of period end,46 days
FCT008,2022-12-31,R10,Report should be submitted within 15 days of period end,29 days
NAS002,2024-12-01,R10,Report should be submitted within 15 days of period end,59 days
KAD013,2022-08-01,R10,Report should be submitted within 15 days of period end,46 days
RIV008,2024-11-30,R10,Report should be submitted within 15 days of period end,18 days
AKS010,2022-11-30,R10,Report should be submitted within 15 days of period end,16 days
AKS011,2024-07-31,R10,Report should be submitted within 15 days of period end,21 days
LAG006,2023-10-31,R10,Report should be submitted within 15 days of period end,21 days
AKS012,2022-05-31,R10,Report should be submitted within 15 days of period end,18 days
RIV014,2024-08-31,R10,Report should be submitted within 15 days of period end,21 days
AKS002,2022-11-30,R10,Report should be submitted within 15 days of period end,46 days
NAS007,2023-04-01,R10,Report should be submitted within 15 days of period end,45 days
FCT010,2024-10-31,R10,Report should be submitted within 15 days of period end,46 days
BEN013,2022-01-31,R10,Report should be submitted within 15 days of period end,16 days
LAG006,2022-04-30,R10,Report should be submitted within 15 days of period end,18 days
BEN008,2023-02-01,R10,Report should be submitted within 15 days of period end,48 days
TMP001,2023-01-31,R10,Report should be submitted within 15 days of period end,16 days
KAD009,2023-02-01,R10,Report should be submitted within 15 days of period end,38 days
KAD015,2022-10-01,R10,Report should be submitted within 15 days of period end,45 days
FCT005,2023-11-30,R10,Report should be submitted within 15 days of period end,21 days
AKS003,2024-06-30,R10,Report should be submitted within 15 days of period end,16 days
CRS005,2024-03-31,R10,Report should be submitted within 15 days of period end,21 days
LAG003,2023-07-31,R10,Report should be submitted within 15 days of period end,22 days
NAS006,2024-05-31,R10,Report should be submitted within 15 days of period end,16 days
CRS014,2022-01-31,R10,Report should be submitted within 15 days of period end,21 days
CRS003,2023-05-31,R10,Report should be submitted within 15 days of period end,18 days
BEN013,2023-05-31,R10,Report should be submitted within 15 days of period end,16 days
FCT003,2023-09-30,R10,Report should be submitted within 15 days of period end,16 days
LAG005,2022-03-31,R10,Report should be submitted within 15 days of period end,18 days
NAS004,2022-01-31,R10,Report should be submitted within 15 days of period end,18 days
CRS002,2023-10-31,R10,Report should be submitted within 15 days of period end,29 days
CRS001,2023-03-31,R10,Report should be submitted within 15 days of period end,16 days
AKS012,2022-10-31,R10,Report should be submitted within 15 days of period end,21 days
FCT015,2022-11-01,R10,Report should be submitted within 15 days of period end,42 days
KAD012,2023-07-31,R10,Report should be submitted within 15 days of period end,29 days
AKS003,2024-02-01,R10,Report should be submitted within 15 days of period end,41 days
BEN008,2022-06-30,R10,Report should be submitted within 15 days of period end,16 days
XXX999,2023-02-28,R10,Report should be submitted within 15 days of period end,46 days
KAD003,2023-12-31,R10,Report should be submitted within 15 days of period end,21 days
KAD005,2023-03-01,R10,Report should be submitted within 15 days of period end,46 days
AKS006,2022-07-31,R10,Report should be submitted within 15 days of period end,21 days
CRS015,2023-07-31,R10,Report should be submitted within 15 days of period end,18 days
KAD005,2024-03-31,R10,Report should be submitted within 15 days of period end,16 days
LAG007,2023-02-28,R10,Report should be submitted within 15 days of period end,16 days
BEN015,2023-08-31,R10,Report should be submitted within 15 days of period end,16 days
CRS010,2022-09-30,R10,Report should be submitted within 15 days of period end,18 days
RIV005,2023-06-30,R10,Report should be submitted within 15 days of period end,21 days
KAD008,2023-10-31,R10,Report should be submitted within 15 days of period end,29 days
LAG003,2023-09-01,R10,Report should be submitted within 15 days of period end,42 days
LAG012,2024-05-01,R10,Report should be submitted within 15 days of period end,43 days
FCT005,2023-04-30,R10,Report should be submitted within 15 days of period end,21 days
RIV002,2024-10-01,R10,Report should be submitted within 15 days of period end,43 days
RIV006,2022-11-30,R10,Report should be submitted within 15 days of period end,21 days
LAG013,2024-03-31,R10,Report should be submitted within 15 days of period end,29 days
RIV002,2022-12-31,R10,Report should be submitted within 15 days of period end,16 days
BEN010,2022-02-01,R10,Report should be submitted within 15 days of period end,38 days
LAG003,2023-01-31,R10,Report should be submitted within 15 days of period end,18 days
LAG099,2022-07-31,R10,Report should be submitted within 15 days of period end,18 days
KAD008,2024-10-31,R10,Report should be submitted within 15 days of period end,21 days
CRS009,2024-12-01,R10,Report should be submitted within 15 days of period end,45 days
KAD013,2024-11-30,R10,Report should be submitted within 15 days of period end,16 days
BEN007,2022-10-31,R10,Report should be submitted within 15 days of period end,21 days
FCT013,2022-12-31,R10,Report should be submitted within 15 days of period end,16 days
AKS015,2023-05-01,R10,Report should be submitted within 15 days of period end,59 days
NAS011,2024-02-29,R10,Report should be submitted within 15 days of period end,16 days
BEN007,2022-12-31,R10,Report should be submitted within 15 days of period end,16 days
BEN009,2023-12-01,R10,Report should be submitted within 15 days of period end,48 days
NAS011,2023-06-30,R10,Report should be submitted within 15 days of period end,16 days
KAD009,2022-04-01,R10,Report should be submitted within 15 days of period end,50 days
BEN006,2023-12-31,R10,Report should be submitted within 15 days of period end,16 days
TMP001,2024-08-31,R10,Report should be submitted within 15 days of period end,21 days
FCT005,2022-09-30,R10,Report should be submitted within 15 days of period end,21 days
NAS001,2022-12-31,R10,Report should be submitted within 15 days of period end,46 days
CRS015,2024-10-31,R10,Report should be submitted within 15 days of period end,18 days
LAG009,2024-12-31,R10,Report should be submitted within 15 days of period end,16 days
KAD005,2023-11-30,R10,Report should be submitted within 15 days of period end,21 days
FCT015,2024-05-31,R10,Report should be submitted within 15 days of period end,27 days
LAG013,2022-07-31,R10,Report should be submitted within 15 days of period end,18 days
LAG011,2024-02-01,R10,Report should be submitted within 15 days of period end,39 days
RIV008,2024-07-31,R10,Report should be submitted within 15 days of period end,16 days
NAS007,2022-11-30,R10,Report should be submitted within 15 days of period end,21 days
FCT011,2022-01-31,R10,Report should be submitted within 15 days of period end,16 days
NAS999,2023-08-31,R10,Report should be submitted within 15 days of period end,16 days
NAS005,2024-10-31,R10,Report should be submitted within 15 days of period end,16 days
BEN006,2024-08-31,R10,Report should be submitted within 15 days of period end,16 days
CRS003,2022-03-31,R10,Report should be submitted within 15 days of period end,18 days
CRS002,2024-06-30,R10,Report should be submitted within 15 days of period end,16 days
AKS010,2022-04-30,R10,Report should be submitted within 15 days of period end,21 days
LAG005,2024-07-31,R10,Report should be submitted within 15 days of period end,16 days
XXX999,2024-07-31,R10,Report should be submitted within 15 days of period end,16 days
LAG011,2024-08-31,R10,Report should be submitted within 15 days of period end,18 days
AKS009,2024-01-31,R10,Report should be submitted within 15 days of period end,16 days
RIV009,2022-05-31,R10,Report should be submitted within 15 days of period end,21 days
CRS012,2024-09-30,R10,Report should be submitted within 15 days of period end,16 days
KAD012,2024-02-29,R10,Report should be submitted within 15 days of period end,16 days
LAG015,2023-03-31,R10,Report should be submitted within 15 days of period end,21 days
CRS013,2022-06-30,R10,Report should be submitted within 15 days of period end,18 days
AKS002,2023-07-31,R10,Report should be submitted within 15 days of period end,18 days
KAD008,2024-01-31,R10,Report should be submitted within 15 days of period end,16 days
CRS005,2024-11-01,R10,Report should be submitted within 15 days of period end,42 days
BEN002,2023-09-30,R10,Report should be submitted within 15 days of period end,16 days
RIV013,2023-04-30,R10,Report should be submitted within 15 days of period end,21 days
CRS015,2022-07-31,R10,Report should be submitted within 15 days of period end,21 days
KAD011,2022-02-01,R10,Report should be submitted within 15 days of period end,45 days
NAS005,2022-11-30,R10,Report should be submitted within 15 days of period end,18 days
AKS012,2024-09-30,R10,Report should be submitted within 15 days of period end,18 days
KAD001,2023-10-31,R10,Report should be submitted within 15 days of period end,21 days
LAG013,2024-08-31,R10,Report should be submitted within 15 days of period end,18 days
RIV006,2022-03-31,R10,Report should be submitted within 15 days of period end,16 days
RIV012,2023-04-30,R10,Report should be submitted within 15 days of period end,21 days
CRS011,2024-03-31,R10,Report should be submitted within 15 days of period end,21 days
RIV013,2023-06-30,R10,Report should be submitted within 15 days of period end,21 days
KAD015,2022-12-31,R10,Report should be submitted within 15 days of period end,16 days
LAG004,2022-01-31,R10,Report should be submitted within 15 days of period end,16 days
BEN001,2022-07-31,R10,Report should be submitted within 15 days of period end,21 days
NAS002,2023-02-28,R10,Report should be submitted within 15 days of period end,18 days
AKS005,2022-04-30,R10,Report should be submitted within 15 days of period end,46 days
CRS013,2024-10-01,R10,Report should be submitted within 15 days of period end,43 days
CRS008,2024-04-30,R10,Report should be submitted within 15 days of period end,16 days
RIV013,2024-07-31,R10,Report should be submitted within 15 days of period end,18 days
CRS014,2022-02-28,R10,Report should be submitted within 15 days of period end,21 days
LAG008,2022-12-31,R10,Report should be submitted within 15 days of period end,21 days
CRS012,2023-02-28,R10,Report should be submitted within 15 days of period end,18 days
RIV012,2022-03-31,R10,Report should be submitted within 15 days of period end,16 days
FCT015,2024-04-30,R10,Report should be submitted within 15 days of period end,21 days
RIV009,2022-06-30,R10,Report should be submitted within 15 days of period end,25 days
AKS011,2024-02-29,R10,Report should be submitted within 15 days of period end,16 days
CRS012,2022-03-31,R10,Report should be submitted within 15 days of period end,29 days
CRS015,2024-01-31,R10,Report should be submitted within 15 days of period end,46 days
CRS014,2023-06-30,R10,Report should be submitted within 15 days of period end,16 days
RIV012,2022-01-31,R10,Report should be submitted within 15 days of period end,21 days
LAG009,2024-07-01,R10,Report should be submitted within 15 days of period end,45 days
RIV001,2024-03-31,R10,Report should be submitted within 15 days of period end,18 days
NAS002,2022-08-31,R10,Report should be submitted within 15 days of period end,21 days
FCT009,2023-12-31,R10,Report should be submitted within 15 days of period end,18 days
LAG001,2024-06-01,R10,Report should be submitted within 15 days of period end,45 days
CRS004,2023-11-30,R10,Report should be submitted within 15 days of period end,29 days
KAD005,2023-10-31,R10,Report should be submitted within 15 days of period end,29 days
KAD012,2022-12-31,R10,Report should be submitted within 15 days of period end,16 days
RIV014,2022-06-30,R10,Report should be submitted within 15 days of period end,16 days
CRS010,2022-04-01,R10,Report should be submitted within 15 days of period end,44 days
CRS011,2023-03-31,R10,Report should be submitted within 15 days of period end,18 days
KAD015,2022-08-31,R10,Report should be submitted within 15 days of period end,29 days
XXX999,2023-08-31,R10,Report should be submitted within 15 days of period end,16 days
AKS010,2024-08-31,R10,Report should be submitted within 15 days of period end,18 days
KAD001,2024-11-30,R10,Report should be submitted within 15 days of period end,18 days
CRS002,2024-09-30,R10,Report should be submitted within 15 days of period end,25 days
LAG099,2024-09-30,R10,Report should be submitted within 15 days of period end,18 days
FCT008,2024-12-31,R10,Report should be submitted within 15 days of period end,21 days
FCT006,2023-02-01,R10,Report should be submitted within 15 days of period end,42 days
AKS010,2023-10-01,R10,Report should be submitted within 15 days of period end,43 days
CRS001,2024-09-30,R10,Report should be submitted within 15 days of period end,21 days
NAS008,2023-07-31,R10,Report should be submitted within 15 days of period end,18 days
CRS007,2024-05-01,R10,Report should be submitted within 15 days of period end,43 days
AKS001,2022-11-30,R10,Report should be submitted within 15 days of period end,16 days
RIV008,2022-02-28,R10,Report should be submitted within 15 days of period end,29 days
LAG006,2022-07-31,R10,Report should be submitted within 15 days of period end,18 days
FCT006,2024-12-31,R10,Report should be submitted within 15 days of period end,21 days
CRS001,2024-03-01,R10,Report should be submitted within 15 days of period end,51 days
KAD015,2024-08-31,R10,Report should be submitted within 15 days of period end,16 days
CRS007,2023-08-31,R10,Report should be submitted within 15 days of period end,29 days
LAG009,2024-05-31,R10,Report should be submitted within 15 days of period end,18 days
NAS014,2022-12-31,R10,Report should be submitted within 15 days of period end,21 days
LAG007,2024-10-31,R10,Report should be submitted within 15 days of period end,18 days
LAG007,2024-02-01,R10,Report should be submitted within 15 days of period end,41 days
FCT014,2023-10-31,R10,Report should be submitted within 15 days of period end,21 days
FCT006,2022-01-31,R10,Report should be submitted within 15 days of period end,16 days
AKS012,2023-12-31,R10,Report should be submitted within 15 days of period end,21 days
CRS008,2022-02-28,R10,Report should be submitted within 15 days of period end,21 days
AKS014,2022-10-31,R10,Report should be submitted within 15 days of period end,29 days
LAG012,2023-12-31,R10,Report should be submitted within 15 days of period end,18 days
CRS007,2022-01-31,R10,Report should be submitted within 15 days of period end,16 days
LAG003,2022-05-31,R10,Report should be submitted within 15 days of period end,16 days
TMP001,2023-09-30,R10,Report should be submitted within 15 days of period end,46 days
CRS008,2022-11-01,R10,Report should be submitted within 15 days of period end,42 days
BEN004,2023-03-31,R10,Report should be submitted within 15 days of period end,18 days
FCT008,2024-07-31,R10,Report should be submitted within 15 days of period end,29 days
NAS014,2023-06-30,R10,Report should be submitted within 15 days of period end,29 days
KAD012,2023-10-31,R10,Report should be submitted within 15 days of period end,29 days
KAD010,2024-11-01,R10,Report should be submitted within 15 days of period end,40 days
BEN005,2024-05-31,R10,Report should be submitted within 15 days of period end,16 days
CRS007,2024-06-01,R10,Report should be submitted within 15 days of period end,50 days
KAD001,2023-05-31,R10,Report should be submitted within 15 days of period end,18 days
RIV013,2023-09-30,R10,Report should be submitted within 15 days of period end,21 days
NAS010,2024-03-31,R10,Report should be submitted within 15 days of period end,18 days
RIV015,2022-03-31,R10,Report should be submitted within 15 days of period end,29 days
KAD005,2022-08-31,R10,Report should be submitted within 15 days of period end,16 days
RIV003,2022-04-01,R10,Report should be submitted within 15 days of period end,45 days
FCT009,2022-06-30,R10,Report should be submitted within 15 days of period end,16 days
LAG015,2023-05-31,R10,Report should be submitted within 15 days of period end,21 days
RIV014,2023-03-31,R10,Report should be submitted within 15 days of period end,24 days
BEN014,2022-01-31,R10,Report should be submitted within 15 days of period end,25 days
CRS005,2024-10-01,R10,Report should be submitted within 15 days of period end,59 days
AKS003,2022-06-30,R10,Report should be submitted within 15 days of period end,29 days
KAD006,2023-11-30,R10,Report should be submitted within 15 days of period end,29 days
NAS003,2023-04-30,R10,Report should be submitted within 15 days of period end,21 days
RIV006,2022-05-01,R10,Report should be submitted within 15 days of period end,41 days
BEN007,2023-11-30,R10,Report should be submitted within 15 days of period end,16 days
LAG007,2023-08-01,R10,Report should be submitted within 15 days of period end,48 days
CRS012,2022-06-30,R10,Report should be submitted within 15 days of period end,16 days
NAS005,2023-09-30,R10,Report should be submitted within 15 days of period end,21 days
KAD008,2023-06-30,R10,Report should be submitted within 15 days of period end,21 days
FCT012,2022-09-30,R10,Report should be submitted within 15 days of period end,16 days
CRS006,2023-10-31,R10,Report should be submitted within 15 days of period end,18 days
LAG009,2022-05-31,R10,Report should be submitted within 15 days of period end,16 days
NAS015,2023-09-30,R10,Report should be submitted within 15 days of period end,29 days
KAD008,2022-11-01,R10,Report should be submitted within 15 days of period end,50 days
CRS010,2024-01-31,R10,Report should be submitted within 15 days of period end,21 days
CRS011,2022-06-30,R10,Report should be submitted within 15 days of period end,16 days
FCT007,2022-05-31,R10,Report should be submitted within 15 days of period end,18 days
BEN008,2023-03-01,R10,Report should be submitted within 15 days of period end,41 days
AKS009,2024-09-30,R10,Report should be submitted within 15 days of period end,18 days
LAG013,2023-01-31,R10,Report should be submitted within 15 days of period end,16 days
KAD007,2024-10-31,R10,Report should be submitted within 15 days of period end,18 days
LAG002,2023-10-01,R10,Report should be submitted within 15 days of period end,41 days
AKS008,2022-09-30,R10,Report should be submitted within 15 days of period end,16 days
RIV005,2022-06-30,R10,Report should be submitted within 15 days of period end,16 days
RIV011,2022-02-28,R10,Report should be submitted within 15 days of period end,21 days
LAG012,2023-03-01,R10,Report should be submitted within 15 days of period end,51 days
AKS004,2024-07-31,R10,Report should be submitted within 15 days of period end,16 days
LAG009,2023-02-01,R10,Report should be submitted within 15 days of period end,48 days
AKS009,2024-08-31,R10,Report should be submitted within 15 days of period end,18 days
NAS009,2024-06-30,R10,Report should be submitted within 15 days of period end,46 days
BEN010,2024-10-31,R10,Report should be submitted within 15 days of period end,16 days
FCT007,2022-02-28,R10,Report should be submitted within 15 days of period end,16 days
CRS013,2023-09-01,R10,Report should be submitted within 15 days of period end,45 days
BEN010,2023-04-30,R10,Report should be submitted within 15 days of period end,16 days
KAD002,2024-07-31,R10,Report should be submitted within 15 days of period end,18 days
AKS006,2023-02-01,R10,Report should be submitted within 15 days of period end,40 days
BEN011,2024-05-31,R10,Report should be submitted within 15 days of period end,16 days
RIV012,2022-11-30,R10,Report should be submitted within 15 days of period end,21 days
FCT011,2024-12-31,R10,Report should be submitted within 15 days of period end,29 days
LAG001,2023-02-28,R10,Report should be submitted within 15 days of period end,16 days
AKS004,2022-10-31,R10,Report should be submitted within 15 days of period end,16 days
LAG008,2022-03-31,R10,Report should be submitted within 15 days of period end,18 days
CRS005,2023-05-31,R10,Report should be submitted within 15 days of period end,16 days
AKS001,2022-06-30,R10,Report should be submitted within 15 days of period end,29 days
RIV011,2023-08-01,R10,Report should be submitted within 15 days of period end,48 days
RIV015,2023-08-31,R10,Report should be submitted within 15 days of period end,21 days
AKS007,2024-03-31,R10,Report should be submitted within 15 days of period end,21 days
KAD007,2024-11-30,R10,Report should be submitted within 15 days of period end,29 days
BEN003,2022-09-30,R10,Report should be submitted within 15 days of period end,16 days
FCT012,2022-12-31,R10,Report should be submitted within 15 days of period end,16 days
FCT015,2022-12-31,R10,Report should be submitted within 15 days of period end,21 days
BEN013,2023-07-31,R10,Report should be submitted within 15 days of period end,21 days
BEN015,2024-02-29,R10,Report should be submitted within 15 days of period end,21 days
CRS013,2023-06-30,R10,Report should be submitted within 15 days of period end,29 days
NAS008,2023-11-30,R10,Report should be submitted within 15 days of period end,46 days
CRS006,2024-12-31,R10,Report should be submitted within 15 days of period end,21 days
LAG011,2023-02-28,R10,Report should be submitted within 15 days of period end,21 days
CRS014,2023-04-01,R10,Report should be submitted within 15 days of period end,44 days
FCT006,2024-03-01,R10,Report should be submitted within 15 days of period end,59 days
BEN007,2023-02-28,R10,Report should be submitted within 15 days of period end,16 days
BEN013,2024-10-31,R10,Report should be submitted within 15 days of period end,21 days
NAS010,2023-09-30,R10,Report should be submitted within 15 days of period end,16 days
FCT009,2024-05-31,R10,Report should be submitted within 15 days of period end,29 days
KAD003,2024-04-30,R10,Report should be submitted within 15 days of period end,18 days
RIV003,2022-11-01,R10,Report should be submitted within 15 days of period end,45 days
CRS012,2024-08-31,R10,Report should be submitted within 15 days of period end,18 days
AKS004,2022-03-31,R10,Report should be submitted within 15 days of period end,18 days
AKS007,2023-05-31,R10,Report should be submitted within 15 days of period end,16 days
NAS006,2022-09-30,R10,Report should be submitted within 15 days of period end,21 days
FCT002,2022-01-01,R10,Report should be submitted within 15 days of period end,43 days
AKS015,2024-09-30,R10,Report should be submitted within 15 days of period end,18 days
BEN005,2024-11-30,R10,Report should be submitted within 15 days of period end,16 days
NAS005,2023-07-31,R10,Report should be submitted within 15 days of period end,16 days
LAG011,2022-01-31,R10,Report should be submitted within 15 days of period end,18 days
NAS004,2023-04-30,R10,Report should be submitted within 15 days of period end,18 days
CRS013,2023-01-31,R10,Report should be submitted within 15 days of period end,21 days
LAG013,2024-04-30,R10,Report should be submitted within 15 days of period end,16 days
AKS014,2023-05-01,R10,Report should be submitted within 15 days of period end,48 days
CRS010,2023-01-31,R10,Report should be submitted within 15 days of period end,24 days
NAS006,2022-04-30,R10,Report should be submitted within 15 days of period end,21 days
KAD003,2024-06-30,R10,Report should be submitted within 15 days of period end,21 days
RIV011,2023-07-01,R10,Report should be submitted within 15 days of period end,45 days
LAG001,2024-07-31,R10,Report should be submitted within 15 days of period end,16 days
RIV014,2023-07-31,R10,Report should be submitted within 15 days of period end,18 days
RIV014,2023-11-30,R10,Report should be submitted within 15 days of period end,16 days
RIV010,2023-07-31,R10,Report should be submitted within 15 days of period end,16 days
NAS999,2024-11-30,R10,Report should be submitted within 15 days of period end,16 days
CRS002,2023-07-31,R10,Report should be submitted within 15 days of period end,16 days
AKS014,2022-06-30,R10,Report should be submitted within 15 days of period end,21 days
AKS015,2023-10-31,R10,Report should be submitted within 15 days of period end,46 days
AKS002,2023-08-31,R10,Report should be submitted within 15 days of period end,18 days
AKS009,2023-03-31,R10,Report should be submitted within 15 days of period end,21 days
KAD002,2024-11-30,R10,Report should be submitted within 15 days of period end,29 days
KAD005,2024-07-01,R10,Report should be submitted within 15 days of period end,54 days
RIV003,2023-01-31,R10,Report should be submitted within 15 days of period end,21 days
BEN006,2024-01-31,R10,Report should be submitted within 15 days of period end,16 days
KAD005,2022-12-01,R10,Report should be submitted within 15 days of period end,45 days
RIV015,2022-06-30,R10,Report should be submitted within 15 days of period end,16 days
AKS010,2023-01-01,R10,Report should be submitted within 15 days of period end,41 days
FCT007,2024-02-29,R10,Report should be submitted within 15 days of period end,18 days
RIV015,2024-12-31,R10,Report should be submitted within 15 days of period end,18 days
FCT003,2024-10-31,R10,Report should be submitted within 15 days of period end,16 days
LAG007,2022-05-31,R10,Report should be submitted within 15 days of period end,18 days
BEN001,2023-10-01,R10,Report should be submitted within 15 days of period end,45 days
LAG010,2024-05-31,R10,Report should be submitted within 15 days of period end,18 days
KAD012,2024-05-31,R10,Report should be submitted within 15 days of period end,16 days
FCT007,2023-10-01,R10,Report should be submitted within 15 days of period end,41 days
AKS015,2023-08-31,R10,Report should be submitted within 15 days of period end,18 days
FCT004,2023-05-01,R10,Report should be submitted within 15 days of period end,59 days
KAD006,2022-10-31,R10,Report should be submitted within 15 days of period end,16 days
FCT012,2024-06-30,R10,Report should be submitted within 15 days of period end,21 days
BEN012,2023-06-30,R10,Report should be submitted within 15 days of period end,29 days
CRS014,2023-03-31,R10,Report should be submitted within 15 days of period end,29 days
KAD012,2024-10-31,R10,Report should be submitted within 15 days of period end,18 days
LAG010,2024-06-30,R10,Report should be submitted within 15 days of period end,18 days
RIV004,2023-12-01,R10,Report should be submitted within 15 days of period end,41 days
RIV004,2023-07-31,R10,Report should be submitted within 15 days of period end,21 days
CRS001,2024-10-31,R10,Report should be submitted within 15 days of period end,21 days
AKS010,2024-12-01,R10,Report should be submitted within 15 days of period end,41 days
NAS999,2024-08-31,R10,Report should be submitted within 15 days of period end,16 days
LAG011,2023-07-31,R10,Report should be submitted within 15 days of period end,18 days
CRS012,2024-06-30,R10,Report should be submitted within 15 days of period end,46 days
XXX999,2023-08-31,R10,Report should be submitted within 15 days of period end,21 days
FCT001,2022-03-31,R10,Report should be submitted within 15 days of period end,16 days
FCT001,2023-06-30,R10,Report should be submitted within 15 days of period end,18 days
LAG014,2023-05-01,R10,Report should be submitted within 15 days of period end,43 days
FCT013,2022-06-30,R10,Report should be submitted within 15 days of period end,18 days
CRS011,2023-08-31,R10,Report should be submitted within 15 days of period end,18 days
CRS010,2024-02-29,R10,Report should be submitted within 15 days of period end,21 days
KAD004,2024-05-31,R10,Report should be submitted within 15 days of period end,21 days
NAS004,2023-02-28,R10,Report should be submitted within 15 days of period end,21 days
CRS007,2023-12-31,R10,Report should be submitted within 15 days of period end,18 days
KAD014,2023-05-31,R10,Report should be submitted within 15 days of period end,21 days
RIV007,2022-03-31,R10,Report should be submitted within 15 days of period end,16 days
RIV014,2022-12-01,R10,Report should be submitted within 15 days of period end,59 days
KAD010,2022-12-01,R10,Report should be submitted within 15 days of period end,41 days
CRS009,2024-11-30,R10,Report should be submitted within 15 days of period end,29 days
AKS005,2023-10-01,R10,Report should be submitted within 15 days of period end,43 days
AKS013,2023-03-31,R10,Report should be submitted within 15 days of period end,21 days
FCT010,2022-03-01,R10,Report should be submitted within 15 days of period end,43 days
BEN008,2024-07-01,R10,Report should be submitted within 15 days of period end,45 days
KAD005,2022-06-30,R10,Report should be submitted within 15 days of period end,21 days
LAG015,2024-02-29,R10,Report should be submitted within 15 days of period end,16 days
KAD003,2023-06-01,R10,Report should be submitted within 15 days of period end,47 days
CRS008,2022-12-31,R10,Report should be submitted within 15 days of period end,21 days
AKS013,2022-03-31,R10,Report should be submitted within 15 days of period end,16 days
CRS002,2022-10-31,R10,Report should be submitted within 15 days of period end,16 days
KAD008,2023-07-31,R10,Report should be submitted within 15 days of period end,18 days
NAS013,2024-03-01,R10,Report should be submitted within 15 days of period end,45 days
KAD010,2023-06-30,R10,Report should be submitted within 15 days of period end,16 days
AKS011,2024-05-31,R10,Report should be submitted within 15 days of period end,21 days
AKS007,2023-08-31,R10,Report should be submitted within 15 days of period end,16 days
CRS005,2022-01-01,R10,Report should be submitted within 15 days of period end,51 days
RIV007,2023-03-31,R10,Report should be submitted within 15 days of period end,18 days
FCT001,2022-10-01,R10,Report should be submitted within 15 days of period end,41 days
FCT002,2022-10-01,R10,Report should be submitted within 15 days of period end,59 days
XXX999,2024-07-31,R10,Report should be submitted within 15 days of period end,18 days
LAG015,2023-11-30,R10,Report should be submitted within 15 days of period end,21 days
LAG013,2024-10-01,R10,Report should be submitted within 15 days of period end,46 days
LAG006,2024-04-30,R10,Report should be submitted within 15 days of period end,16 days
BEN011,2024-10-31,R10,Report should be submitted within 15 days of period end,21 days
XXX999,2023-03-31,R10,Report should be submitted within 15 days of period end,16 days
KAD013,2024-01-31,R10,Report should be submitted within 15 days of period end,29 days
BEN003,2023-05-31,R10,Report should be submitted within 15 days of period end,16 days
NAS002,2024-03-01,R10,Report should be submitted within 15 days of period end,43 days
NAS004,2023-08-31,R10,Report should be submitted within 15 days of period end,18 days
KAD010,2024-01-31,R10,Report should be submitted within 15 days of period end,16 days
KAD012,2022-06-30,R10,Report should be submitted within 15 days of period end,16 days
KAD002,2024-01-31,R10,Report should be submitted within 15 days of period end,16 days
LAG011,2024-01-01,R10,Report should be submitted within 15 days of period end,43 days
AKS015,2023-02-28,R10,Report should be submitted within 15 days of period end,21 days
KAD005,2024-07-01,R10,Report should be submitted within 15 days of period end,45 days
AKS011,2024-01-01,R10,Report should be submitted within 15 days of period end,51 days
LAG001,2023-06-30,R10,Report should be submitted within 15 days of period end,46 days
RIV005,2022-05-31,R10,Report should be submitted within 15 days of period end,21 days
NAS003,2023-09-30,R10,Report should be submitted within 15 days of period end,16 days
KAD005,2024-11-30,R10,Report should be submitted within 15 days of period end,18 days
BEN005,2023-05-01,R10,Report should be submitted within 15 days of period end,51 days
RIV009,2024-01-31,R10,Report should be submitted within 15 days of period end,18 days
NAS013,2024-07-01,R10,Report should be submitted within 15 days of period end,76 days
BEN006,2022-07-31,R10,Report should be submitted within 15 days of period end,18 days
AKS011,2023-02-28,R10,Report should be submitted within 15 days of period end,16 days
LAG006,2024-05-31,R10,Report should be submitted within 15 days of period end,16 days
KAD014,2024-06-30,R10,Report should be submitted within 15 days of period end,18 days
NAS010,2023-05-31,R10,Report should be submitted within 15 days of period end,29 days
CRS003,2023-06-01,R10,Report should be submitted within 15 days of period end,40 days
CRS003,2022-09-30,R10,Report should be submitted within 15 days of period end,18 days
KAD005,2024-08-31,R10,Report should be submitted within 15 days of period end,18 days
LAG010,2022-05-31,R10,Report should be submitted within 15 days of period end,18 days
RIV005,2024-01-31,R10,Report should be submitted within 15 days of period end,29 days
KAD007,2023-07-01,R10,Report should be submitted within 15 days of period end,41 days
AKS011,2024-06-01,R10,Report should be submitted within 15 days of period end,44 days
NAS003,2024-06-30,R10,Report should be submitted within 15 days of period end,21 days
KAD008,2022-09-30,R10,Report should be submitted within 15 days of period end,21 days
KAD003,2024-08-31,R10,Report should be submitted within 15 days of period end,18 days
CRS015,2022-12-01,R10,Report should be submitted within 15 days of period end,51 days
FCT011,2024-10-31,R10,Report should be submitted within 15 days of period end,21 days
RIV006,2023-08-31,R10,Report should be submitted within 15 days of period end,16 days
AKS002,2022-05-31,R10,Report should be submitted within 15 days of period end,16 days
CRS001,2023-05-31,R10,Report should be submitted within 15 days of period end,29 days
CRS005,2022-11-01,R10,Report should be submitted within 15 days of period end,50 days
XXX999,2023-11-01,R10,Report should be submitted within 15 days of period end,42 days
NAS006,2024-08-31,R10,Report should be submitted within 15 days of period end,18 days
BEN009,2022-08-31,R10,Report should be submitted within 15 days of period end,21 days
BEN002,2024-06-30,R10,Report should be submitted within 15 days of period end,16 days
AKS011,2023-01-31,R10,Report should be submitted within 15 days of period end,18 days
AKS010,2024-10-31,R10,Report should be submitted within 15 days of period end,29 days
KAD004,2024-04-30,R10,Report should be submitted within 15 days of period end,18 days
KAD003,2023-04-30,R10,Report should be submitted within 15 days of period end,21 days
AKS014,2022-03-31,R10,Report should be submitted within 15 days of period end,16 days
KAD001,2022-08-31,R10,Report should be submitted within 15 days of period end,21 days
CRS003,2024-02-01,R10,Report should be submitted within 15 days of period end,41 days
CRS012,2022-12-31,R10,Report should be submitted within 15 days of period end,29 days
CRS010,2024-07-31,R10,Report should be submitted within 15 days of period end,18 days
NAS002,2024-10-01,R10,Report should be submitted within 15 days of period end,48 days
CRS004,2024-12-31,R10,Report should be submitted within 15 days of period end,18 days
BEN006,2022-01-31,R10,Report should be submitted within 15 days of period end,21 days
LAG014,2022-11-01,R10,Report should be submitted within 15 days of period end,45 days
CRS007,2024-01-01,R10,Report should be submitted within 15 days of period end,41 days
BEN005,2024-07-31,R10,Report should be submitted within 15 days of period end,21 days
LAG003,2022-12-01,R10,Report should be submitted within 15 days of period end,59 days
CRS002,2023-04-30,R10,Report should be submitted within 15 days of period end,16 days
KAD007,2023-10-31,R10,Report should be submitted within 15 days of period end,21 days
RIV008,2023-11-01,R10,Report should be submitted within 15 days of period end,50 days
FCT002,2024-05-31,R10,Report should be submitted within 15 days of period end,29 days
RIV005,2022-01-31,R10,Report should be submitted within 15 days of period end,18 days
NAS007,2022-09-30,R10,Report should be submitted within 15 days of period end,16 days
LAG014,2023-10-31,R10,Report should be submitted within 15 days of period end,16 days
CRS007,2024-11-30,R10,Report should be submitted within 15 days of period end,18 days
CRS002,2022-09-30,R10,Report should be submitted within 15 days of period end,25 days
FCT007,2023-12-01,R10,Report should be submitted within 15 days of period end,41 days
TMP001,2023-08-31,R10,Report should be submitted within 15 days of period end,16 days
LAG010,2023-07-31,R10,Report should be submitted within 15 days of period end,16 days
RIV010,2024-07-31,R10,Report should be submitted within 15 days of period end,16 days
RIV009,2022-01-01,R10,Report should be submitted within 15 days of period end,51 days
AKS013,2023-12-31,R10,Report should be submitted within 15 days of period end,18 days
LAG002,2024-08-31,R10,Report should be submitted within 15 days of period end,29 days
NAS006,2024-12-01,R10,Report should be submitted within 15 days of period end,43 days
RIV004,2022-05-31,R10,Report should be submitted within 15 days of period end,21 days
AKS005,2024-05-31,R10,Report should be submitted within 15 days of period end,29 days
CRS009,2022-05-31,R10,Report should be submitted within 15 days of period end,18 days
LAG099,2022-03-31,R10,Report should be submitted within 15 days of period end,18 days
LAG008,2023-02-28,R10,Report should be submitted within 15 days of period end,16 days
AKS003,2023-07-01,R10,Report should be submitted within 15 days of period end,48 days
BEN004,2023-06-30,R10,Report should be submitted within 15 days of period end,29 days
LAG099,2022-07-01,R10,Report should be submitted within 15 days of period end,59 days
LAG006,2023-03-31,R10,Report should be submitted within 15 days of period end,16 days
TMP001,2022-05-31,R10,Report should be submitted within 15 days of period end,18 days
CRS003,2023-07-31,R10,Report should be submitted within 15 days of period end,21 days
KAD013,2023-05-31,R10,Report should be submitted within 15 days of period end,21 days
AKS015,2022-07-31,R10,Report should be submitted within 15 days of period end,18 days
NAS005,2023-02-28,R10,Report should be submitted within 15 days of period end,29 days
BEN013,2022-12-31,R10,Report should be submitted within 15 days of period end,16 days
FCT007,2023-03-31,R10,Report should be submitted within 15 days of period end,21 days
CRS001,2022-04-01,R10,Report should be submitted within 15 days of period end,44 days
BEN013,2024-09-30,R10,Report should be submitted within 15 days of period end,21 days
FCT015,2023-10-31,R10,Report should be submitted within 15 days of period end,21 days
KAD005,2022-03-31,R10,Report should be submitted within 15 days of period end,16 days
KAD009,2022-10-31,R10,Report should be submitted within 15 days of period end,16 days
BEN010,2023-05-01,R10,Report should be submitted within 15 days of period end,41 days
FCT002,2024-02-29,R10,Report should be submitted within 15 days of period end,21 days
BEN004,2022-10-31,R10,Report should be submitted within 15 days of period end,18 days
BEN013,2024-11-30,R10,Report should be submitted within 15 days of period end,16 days
CRS002,2024-09-30,R10,Report should be submitted within 15 days of period end,16 days
NAS012,2024-06-01,R10,Report should be submitted within 15 days of period end,50 days
KAD008,2023-01-31,R10,Report should be submitted within 15 days of period end,18 days
RIV012,2023-06-30,R10,Report should be submitted within 15 days of period end,16 days
KAD013,2023-09-30,R10,Report should be submitted within 15 days of period end,18 days
FCT014,2022-12-31,R10,Report should be submitted within 15 days of period end,21 days
KAD001,2022-10-31,R10,Report should be submitted within 15 days of period end,18 days
RIV006,2023-01-31,R10,Report should be submitted within 15 days of period end,29 days
BEN005,2023-03-31,R10,Report should be submitted within 15 days of period end,16 days
BEN003,2022-05-31,R10,Report should be submitted within 15 days of period end,16 days
FCT001,2022-01-31,R10,Report should be submitted within 15 days of period end,16 days
FCT013,2024-05-31,R10,Report should be submitted within 15 days of period end,18 days
BEN003,2023-04-30,R10,Report should be submitted within 15 days of period end,16 days
KAD015,2024-02-29,R10,Report should be submitted within 15 days of period end,18 days
CRS012,2022-11-30,R10,Report should be submitted within 15 days of period end,16 days
BEN012,2023-09-30,R10,Report should be submitted within 15 days of period end,16 days
KAD007,2024-03-01,R10,Report should be submitted within 15 days of period end,43 days
KAD009,2022-12-31,R10,Report should be submitted within 15 days of period end,46 days
KAD012,2022-08-31,R10,Report should be submitted within 15 days of period end,16 days
NAS005,2022-08-31,R10,Report should be submitted within 15 days of period end,18 days
RIV010,2023-09-30,R10,Report should be submitted within 15 days of period end,16 days
RIV009,2023-11-30,R10,Report should be submitted within 15 days of period end,46 days
CRS012,2022-10-31,R10,Report should be submitted within 15 days of period end,16 days
CRS007,2022-07-31,R10,Report should be submitted within 15 days of period end,18 days
RIV005,2024-10-01,R10,Report should be submitted within 15 days of period end,45 days
AKS008,2023-01-31,R10,Report should be submitted within 15 days of period end,18 days
NAS015,2022-07-31,R10,Report should be submitted within 15 days of period end,21 days
NAS009,2022-05-01,R10,Report should be submitted within 15 days of period end,51 days
FCT002,2024-09-30,R10,Report should be submitted within 15 days of period end,18 days
NAS006,2023-02-28,R10,Report should be submitted within 15 days of period end,18 days
TMP001,2023-08-31,R10,Report should be submitted within 15 days of period end,21 days
FCT004,2022-01-31,R10,Report should be submitted within 15 days of period end,21 days
CRS006,2024-04-30,R10,Report should be submitted within 15 days of period end,18 days
NAS003,2022-10-31,R10,Report should be submitted within 15 days of period end,16 days
NAS009,2022-01-31,R10,Report should be submitted within 15 days of period end,16 days
RIV013,2022-06-30,R10,Report should be submitted within 15 days of period end,18 days
BEN002,2022-07-31,R10,Report should be submitted within 15 days of period end,29 days
CRS015,2024-03-31,R10,Report should be submitted within 15 days of period end,29 days
NAS999,2023-07-31,R10,Report should be submitted within 15 days of period end,29 days
FCT010,2024-01-01,R10,Report should be submitted within 15 days of period end,46 days
CRS007,2023-05-31,R10,Report should be submitted within 15 days of period end,18 days
RIV004,2024-04-30,R10,Report should be submitted within 15 days of period end,29 days
KAD011,2023-04-30,R10,Report should be submitted within 15 days of period end,46 days
CRS008,2022-10-31,R10,Report should be submitted within 15 days of period end,16 days
CRS006,2024-11-30,R10,Report should be submitted within 15 days of period end,46 days
CRS010,2023-07-31,R10,Report should be submitted within 15 days of period end,18 days
CRS001,2024-11-30,R10,Report should be submitted within 15 days of period end,21 days
RIV003,2022-05-31,R10,Report should be submitted within 15 days of period end,21 days
KAD011,2023-05-31,R10,Report should be submitted within 15 days of period end,16 days
LAG001,2022-10-31,R10,Report should be submitted within 15 days of period end,18 days
FCT014,2024-05-31,R10,Report should be submitted within 15 days of period end,21 days
AKS003,2023-06-30,R10,Report should be submitted within 15 days of period end,18 days
NAS010,2024-08-01,R10,Report should be submitted within 15 days of period end,43 days
FCT011,2024-07-01,R10,Report should be submitted within 15 days of period end,51 days
TMP001,2023-08-31,R10,Report should be submitted within 15 days of period end,16 days
NAS006,2023-08-31,R10,Report should be submitted within 15 days of period end,16 days
FCT009,2022-01-01,R10,Report should be submitted within 15 days of period end,41 days
LAG099,2024-02-29,R10,Report should be submitted within 15 days of period end,16 days
RIV015,2023-11-01,R10,Report should be submitted within 15 days of period end,40 days
NAS004,2024-12-31,R10,Report should be submitted within 15 days of period end,18 days
BEN004,2022-04-30,R10,Report should be submitted within 15 days of period end,21 days
BEN011,2022-05-31,R10,Report should be submitted within 15 days of period end,16 days
CRS012,2023-11-30,R10,Report should be submitted within 15 days of period end,18 days
NAS015,2022-04-30,R10,Report should be submitted within 15 days of period end,16 days
NAS015,2022-01-31,R10,Report should be submitted within 15 days of period end,18 days
CRS008,2023-05-31,R10,Report should be submitted within 15 days of period end,18 days
KAD002,2022-07-31,R10,Report should be submitted within 15 days of period end,16 days
NAS013,2022-10-31,R10,Report should be submitted within 15 days of period end,21 days
NAS007,2023-03-31,R10,Report should be submitted within 15 days of period end,16 days
BEN014,2024-01-31,R10,Report should be submitted within 15 days of period end,29 days
CRS015,2023-01-31,R10,Report should be submitted within 15 days of period end,16 days
LAG002,2024-12-01,R10,Report should be submitted within 15 days of period end,43 days
CRS009,2024-05-31,R10,Report should be submitted within 15 days of period end,16 days
FCT002,2023-04-30,R10,Report should be submitted within 15 days of period end,18 days
AKS014,2024-05-31,R10,Report should be submitted within 15 days of period end,21 days
LAG005,2023-11-01,R10,Report should be submitted within 15 days of period end,44 days
AKS010,2022-12-31,R10,Report should be submitted within 15 days of period end,29 days
KAD004,2024-12-31,R10,Report should be submitted within 15 days of period end,18 days
AKS015,2022-12-31,R10,Report should be submitted within 15 days of period end,21 days
BEN008,2023-09-01,R10,Report should be submitted within 15 days of period end,45 days
LAG001,2023-04-30,R10,Report should be submitted within 15 days of period end,29 days
CRS014,2024-09-30,R10,Report should be submitted within 15 days of period end,21 days
CRS001,2023-07-01,R10,Report should be submitted within 15 days of period end,46 days
NAS013,2023-09-30,R10,Report should be submitted within 15 days of period end,18 days
NAS009,2022-12-31,R10,Report should be submitted within 15 days of period end,20 days
LAG005,2023-10-31,R10,Report should be submitted within 15 days of period end,21 days
FCT012,2023-06-30,R10,Report should be submitted within 15 days of period end,16 days
LAG005,2024-02-29,R10,Report should be submitted within 15 days of period end,18 days
AKS010,2024-09-30,R10,Report should be submitted within 15 days of period end,18 days
CRS003,2023-09-30,R10,Report should be submitted within 15 days of period end,18 days
FCT007,2023-05-31,R10,Report should be submitted within 15 days of period end,18 days
FCT009,2024-12-31,R10,Report should be submitted within 15 days of period end,21 days
KAD008,2022-12-31,R10,Report should be submitted within 15 days of period end,18 days
BEN005,2022-04-30,R10,Report should be submitted within 15 days of period end,16 days
AKS013,2023-09-01,R10,Report should be submitted within 15 days of period end,42 days
KAD011,2022-07-01,R10,Report should be submitted within 15 days of period end,46 days
LAG015,2023-10-01,R10,Report should be submitted within 15 days of period end,43 days
KAD012,2024-06-30,R10,Report should be submitted within 15 days of period end,18 days
BEN001,2023-01-31,R10,Report should be submitted within 15 days of period end,29 days
NAS008,2023-12-31,R10,Report should be submitted within 15 days of period end,29 days
CRS004,2023-04-01,R10,Report should be submitted within 15 days of period end,45 days
KAD002,2023-01-31,R10,Report should be submitted within 15 days of period end,21 days
CRS008,2024-01-31,R10,Report should be submitted within 15 days of period end,18 days
NAS999,2024-04-30,R10,Report should be submitted within 15 days of period end,16 days
AKS005,2022-10-31,R10,Report should be submitted within 15 days of period end,46 days
KAD013,2023-11-30,R10,Report should be submitted within 15 days of period end,16 days
NAS008,2023-01-31,R10,Report should be submitted within 15 days of period end,21 days
FCT004,2024-07-31,R10,Report should be submitted within 15 days of period end,46 days
RIV002,2022-05-31,R10,Report should be submitted within 15 days of period end,18 days
BEN011,2024-11-01,R10,Report should be submitted within 15 days of period end,47 days
RIV005,2023-08-31,R10,Report should be submitted within 15 days of period end,18 days
CRS004,2022-03-31,R10,Report should be submitted within 15 days of period end,29 days
CRS003,2022-04-01,R10,Report should be submitted within 15 days of period end,42 days
RIV003,2023-10-01,R10,Report should be submitted within 15 days of period end,43 days
LAG002,2023-01-31,R10,Report should be submitted within 15 days of period end,16 days
LAG009,2024-04-30,R10,Report should be submitted within 15 days of period end,16 days
KAD004,2024-11-30,R10,Report should be submitted within 15 days of period end,16 days
AKS004,2022-09-30,R10,Report should be submitted within 15 days of period end,21 days
CRS013,2023-02-01,R10,Report should be submitted within 15 days of period end,43 days
RIV009,2022-03-31,R10,Report should be submitted within 15 days of period end,18 days
AKS004,2022-12-31,R10,Report should be submitted within 15 days of period end,16 days
NAS013,2023-06-30,R10,Report should be submitted within 15 days of period end,16 days
NAS012,2023-10-31,R10,Report should be submitted within 15 days of period end,16 days
RIV003,2023-12-31,R10,Report should be submitted within 15 days of period end,29 days
AKS001,2022-05-31,R10,Report should be submitted within 15 days of period end,21 days
KAD010,2024-08-31,R10,Report should be submitted within 15 days of period end,46 days
FCT015,2022-01-31,R10,Report should be submitted within 15 days of period end,18 days
BEN002,2024-09-01,R10,Report should be submitted within 15 days of period end,44 days
TMP001,2024-11-30,R10,Report should be submitted within 15 days of period end,21 days
RIV009,2024-02-01,R10,Report should be submitted within 15 days of period end,49 days
LAG011,2022-07-31,R10,Report should be submitted within 15 days of period end,16 days
KAD003,2022-07-31,R10,Report should be submitted within 15 days of period end,16 days
BEN003,2023-03-31,R10,Report should be submitted within 15 days of period end,21 days
FCT006,2024-09-30,R10,Report should be submitted within 15 days of period end,18 days
AKS015,2023-09-30,R10,Report should be submitted within 15 days of period end,18 days
FCT009,2022-12-31,R10,Report should be submitted within 15 days of period end,29 days
AKS015,2024-10-01,R10,Report should be submitted within 15 days of period end,43 days
KAD004,2022-03-31,R10,Report should be submitted within 15 days of period end,16 days
KAD014,2023-03-01,R10,Report should be submitted within 15 days of period end,46 days
RIV007,2024-05-31,R10,Report should be submitted within 15 days of period end,18 days
NAS008,2024-12-01,R10,Report should be submitted within 15 days of period end,45 days
BEN010,2022-10-31,R10,Report should be submitted within 15 days of period end,21 days
FCT011,2023-10-31,R10,Report should be submitted within 15 days of period end,16 days
AKS005,2022-11-30,R10,Report should be submitted within 15 days of period end,16 days
KAD009,2024-02-01,R10,Report should be submitted within 15 days of period end,46 days
KAD002,2022-02-01,R10,Report should be submitted within 15 days of period end,40 days
LAG008,2024-04-01,R10,Report should be submitted within 15 days of period end,58 days
RIV001,2024-06-30,R10,Report should be submitted within 15 days of period end,16 days
LAG006,2023-09-30,R10,Report should be submitted within 15 days of period end,18 days
KAD008,2022-09-30,R10,Report should be submitted within 15 days of period end,30 days
RIV013,2022-09-30,R10,Report should be submitted within 15 days of period end,18 days
BEN002,2023-12-31,R10,Report should be submitted within 15 days of period end,18 days
NAS013,2023-07-31,R10,Report should be submitted within 15 days of period end,21 days
RIV002,2024-07-31,R10,Report should be submitted within 15 days of period end,21 days
AKS009,2023-02-28,R10,Report should be submitted within 15 days of period end,21 days
CRS006,2022-08-31,R10,Report should be submitted within 15 days of period end,18 days
NAS014,2023-08-31,R10,Report should be submitted within 15 days of period end,18 days
RIV015,2023-05-31,R10,Report should be submitted within 15 days of period end,18 days
LAG099,2024-08-31,R10,Report should be submitted within 15 days of period end,27 days
FCT002,2023-02-28,R10,Report should be submitted within 15 days of period end,18 days
BEN005,2023-12-31,R10,Report should be submitted within 15 days of period end,29 days
AKS001,2023-05-31,R10,Report should be submitted within 15 days of period end,21 days
KAD012,2024-08-31,R10,Report should be submitted within 15 days of period end,16 days
RIV015,2022-02-28,R10,Report should be submitted within 15 days of period end,16 days
CRS006,2024-10-31,R10,Report should be submitted within 15 days of period end,46 days
RIV012,2023-07-31,R10,Report should be submitted within 15 days of period end,18 days
BEN013,2023-08-31,R10,Report should be submitted within 15 days of period end,16 days
NAS007,2022-02-01,R10,Report should be submitted within 15 days of period end,43 days
BEN007,2022-09-30,R10,Report should be submitted within 15 days of period end,21 days
NAS009,2022-10-31,R10,Report should be submitted within 15 days of period end,18 days
NAS001,2023-10-31,R10,Report should be submitted within 15 days of period end,18 days
CRS001,2022-02-28,R10,Report should be submitted within 15 days of period end,29 days
KAD005,2024-06-30,R10,Report should be submitted within 15 days of period end,21 days
NAS001,2022-08-31,R10,Report should be submitted within 15 days of period end,21 days
AKS003,2024-03-31,R10,Report should be submitted within 15 days of period end,16 days
KAD014,2023-11-30,R10,Report should be submitted within 15 days of period end,16 days
AKS008,2022-02-28,R10,Report should be submitted within 15 days of period end,29 days
NAS005,2022-10-31,R10,Report should be submitted within 15 days of period end,29 days
BEN011,2022-10-31,R10,Report should be submitted within 15 days of period end,18 days
KAD014,2024-07-01,R10,Report should be submitted within 15 days of period end,41 days
LAG013,2022-09-30,R10,Report should be submitted within 15 days of period end,16 days
NAS009,2024-09-01,R10,Report should be submitted within 15 days of period end,40 days
CRS014,2024-02-29,R10,Report should be submitted within 15 days of period end,29 days
LAG099,2022-12-31,R10,Report should be submitted within 15 days of period end,29 days
RIV015,2023-08-31,R10,Report should be submitted within 15 days of period end,30 days
LAG010,2023-08-31,R10,Report should be submitted within 15 days of period end,46 days
KAD008,2024-05-31,R10,Report should be submitted within 15 days of period end,18 days
KAD006,2024-12-31,R10,Report should be submitted within 15 days of period end,16 days
XXX999,2022-06-30,R10,Report should be submitted within 15 days of period end,16 days
RIV004,2022-12-01,R10,Report should be submitted within 15 days of period end,45 days
LAG005,2024-11-01,R10,Report should be submitted within 15 days of period end,42 days
FCT010,2024-08-31,R10,Report should be submitted within 15 days of period end,16 days
RIV002,2024-09-30,R10,Report should be submitted within 15 days of period end,16 days
LAG009,2024-03-01,R10,Report should be submitted within 15 days of period end,43 days
AKS006,2023-06-01,R10,Report should be submitted within 15 days of period end,50 days
KAD007,2023-08-31,R10,Report should be submitted within 15 days of period end,21 days
RIV007,2022-11-30,R10,Report should be submitted within 15 days of period end,18 days
NAS013,2023-05-31,R10,Report should be submitted within 15 days of period end,21 days
CRS001,2023-11-01,R10,Report should be submitted within 15 days of period end,42 days
AKS006,2023-11-30,R10,Report should be submitted within 15 days of period end,18 days
LAG003,2023-08-31,R10,Report should be submitted within 15 days of period end,16 days
CRS007,2024-02-29,R10,Report should be submitted within 15 days of period end,16 days
RIV005,2023-03-31,R10,Report should be submitted within 15 days of period end,21 days
NAS010,2023-12-01,R10,Report should be submitted within 15 days of period end,59 days
KAD009,2023-04-30,R10,Report should be submitted within 15 days of period end,21 days
LAG001,2023-09-01,R10,Report should be submitted within 15 days of period end,58 days
CRS010,2024-04-01,R10,Report should be submitted within 15 days of period end,45 days
BEN006,2024-12-31,R10,Report should be submitted within 15 days of period end,21 days
CRS015,2024-06-30,R10,Report should be submitted within 15 days of period end,16 days
CRS015,2022-10-31,R10,Report should be submitted within 15 days of period end,21 days
CRS006,2024-09-01,R10,Report should be submitted within 15 days of period end,44 days
RIV004,2023-04-30,R10,Report should be submitted within 15 days of period end,16 days
CRS015,2023-03-01,R10,Report should be submitted within 15 days of period end,41 days
NAS008,2022-08-31,R10,Report should be submitted within 15 days of period end,46 days
BEN007,2023-03-31,R10,Report should be submitted within 15 days of period end,21 days
FCT003,2022-10-31,R10,Report should be submitted within 15 days of period end,18 days
XXX999,2024-10-31,R10,Report should be submitted within 15 days of period end,29 days
KAD001,2024-10-31,R10,Report should be submitted within 15 days of period end,16 days
FCT014,2022-02-28,R10,Report should be submitted within 15 days of period end,16 days
KAD013,2024-09-01,R10,Report should be submitted within 15 days of period end,42 days
LAG003,2024-11-30,R10,Report should be submitted within 15 days of period end,18 days
RIV015,2023-04-30,R10,Report should be submitted within 15 days of period end,16 days
XXX999,2024-02-01,R10,Report should be submitted within 15 days of period end,41 days
RIV009,2024-12-31,R10,Report should be submitted within 15 days of period end,29 days
AKS006,2024-03-31,R10,Report should be submitted within 15 days of period end,29 days
AKS014,2024-11-30,R10,Report should be submitted within 15 days of period end,21 days
NAS999,2022-06-30,R10,Report should be submitted within 15 days of period end,18 days
KAD001,2024-12-31,R10,Report should be submitted within 15 days of period end,29 days
FCT009,2022-11-01,R10,Report should be submitted within 15 days of period end,42 days
AKS006,2023-09-30,R10,Report should be submitted within 15 days of period end,21 days
XXX999,2023-03-31,R10,Report should be submitted within 15 days of period end,18 days
FCT015,2024-12-31,R10,Report should be submitted within 15 days of period end,21 days
LAG012,2023-04-30,R10,Report should be submitted within 15 days of period end,29 days
LAG013,2023-03-31,R10,Report should be submitted within 15 days of period end,16 days
AKS011,2023-08-01,R10,Report should be submitted within 15 days of period end,48 days
NAS007,2022-08-31,R10,Report should be submitted within 15 days of period end,18 days
AKS010,2023-02-01,R10,Report should be submitted within 15 days of period end,38 days
LAG099,2022-09-30,R10,Report should be submitted within 15 days of period end,21 days
LAG011,2022-06-30,R10,Report should be submitted within 15 days of period end,18 days
NAS015,2023-12-31,R10,Report should be submitted within 15 days of period end,46 days
AKS005,2023-06-30,R10,Report should be submitted within 15 days of period end,29 days
BEN012,2024-05-31,R10,Report should be submitted within 15 days of period end,16 days
NAS003,2022-02-28,R10,Report should be submitted within 15 days of period end,16 days
CRS007,2023-01-31,R10,Report should be submitted within 15 days of period end,16 days
BEN015,2022-06-30,R10,Report should be submitted within 15 days of period end,16 days
AKS001,2024-11-30,R10,Report should be submitted within 15 days of period end,29 days
NAS007,2024-05-01,R10,Report should be submitted within 15 days of period end,46 days
RIV007,2023-08-31,R10,Report should be submitted within 15 days of period end,18 days
FCT012,2022-05-01,R10,Report should be submitted within 15 days of period end,41 days
BEN012,2022-07-31,R10,Report should be submitted within 15 days of period end,21 days
FCT006,2024-04-30,R10,Report should be submitted within 15 days of period end,18 days
NAS004,2023-01-01,R10,Report should be submitted within 15 days of period end,48 days
CRS010,2022-03-01,R10,Report should be submitted within 15 days of period end,45 days
BEN013,2023-09-30,R10,Report should be submitted within 15 days of period end,29 days
NAS999,2022-12-31,R10,Report should be submitted within 15 days of period end,16 days
LAG008,2024-08-31,R10,Report should be submitted within 15 days of period end,21 days
LAG006,2022-11-30,R10,Report should be submitted within 15 days of period end,46 days
KAD002,2023-04-30,R10,Report should be submitted within 15 days of period end,29 days
LAG012,2024-12-01,R10,Report should be submitted within 15 days of period end,76 days
KAD006,2024-05-31,R10,Report should be submitted within 15 days of period end,16 days
CRS005,2022-09-30,R10,Report should be submitted within 15 days of period end,21 days
FCT008,2024-02-29,R10,Report should be submitted within 15 days of period end,18 days
AKS004,2023-11-01,R10,Report should be submitted within 15 days of period end,44 days
AKS013,2024-11-30,R10,Report should be submitted within 15 days of period end,18 days
NAS004,2024-06-01,R11,tx_curr should approximately equal previous tx_curr + tx_new - tx_ml,"actual=567, expected=517.0"
BEN012,2024-09-30,R11,tx_curr should approximately equal previous tx_curr + tx_new - tx_ml,"actual=456, expected=454.0"
AKS008,2022-01-31,R11,tx_curr should approximately equal previous tx_curr + tx_new - tx_ml,"actual=83, expected=95.0"
FCT008,2022-08-31,R11,tx_curr should approximately equal previous tx_curr + tx_new - tx_ml,"actual=5303, expected=5060.0"
FCT011,2022-03-31,R11,tx_curr should approximately equal previous tx_curr + tx_new - tx_ml,"actual=2362, expected=2167.0"
FCT007,2022-03-31,R11,tx_curr should approximately equal previous tx_curr + tx_new - tx_ml,"actual=4570, expected=4450.0"
FCT011,2024-04-30,R11,tx_curr should approximately equal previous tx_curr + tx_new - tx_ml,"actual=2050, expected=2351.0"
NAS010,2022-12-31,R11,tx_curr should approximately equal previous tx_curr + tx_new - tx_ml,"actual=4742, expected=5300.0"
RIV014,2024-03-31,R11,tx_curr should approximately equal previous tx_curr + tx_new - tx_ml,"actual=667, expected=640.0"
LAG004,2023-09-30,R11,tx_curr should approximately equal previous tx_curr + tx_new - tx_ml,"actual=629, expected=634.0"
CRS014,2023-01-31,R11,tx_curr should approximately equal previous tx_curr + tx_new - tx_ml,"actual=122, expected=214.0"
NAS007,2022-01-31,R11,tx_curr should approximately equal previous tx_curr + tx_new - tx_ml,"actual=2722, expected=2059.0"
NAS007,2023-11-30,R11,tx_curr should approximately equal previous tx_curr + tx_new - tx_ml,"actual=2196, expected=2696.0"
CRS009,2022-01-31,R11,tx_curr should approximately equal previous tx_curr + tx_new - tx_ml,"actual=680, expected=8289.0"
BEN009,2024-05-31,R11,tx_curr should approximately equal previous tx_curr + tx_new - tx_ml,"actual=434, expected=424.0"
LAG003,2022-10-31,R11,tx_curr should approximately equal previous tx_curr + tx_new - tx_ml,"actual=6262, expected=6730.0"
NAS011,2022-11-30,R11,tx_curr should approximately equal previous tx_curr + tx_new - tx_ml,"actual=2702, expected=2659.0"
KAD012,2022-05-31,R11,tx_curr should approximately equal previous tx_curr + tx_new - tx_ml,"actual=656, expected=643.0"
BEN002,2022-02-01,R11,tx_curr should approximately equal previous tx_curr + tx_new - tx_ml,"actual=5025, expected=4443.0"
AKS005,2022-08-31,R11,tx_curr should approximately equal previous tx_curr + tx_new - tx_ml,"actual=1252, expected=1314.0"
FCT011,2024-06-30,R11,tx_curr should approximately equal previous tx_curr + tx_new - tx_ml,"actual=2029, expected=2046.0"
CRS014,2024-11-30,R11,tx_curr should approximately equal previous tx_curr + tx_new - tx_ml,"actual=207, expected=125.0"
CRS009,2023-09-30,R11,tx_curr should approximately equal previous tx_curr + tx_new - tx_ml,"actual=880, expected=686.0"
KAD002,2024-10-31,R11,tx_curr should approximately equal previous tx_curr + tx_new - tx_ml,"actual=3517, expected=3797.0"
RIV010,2023-04-30,R11,tx_curr should approximately equal previous tx_curr + tx_new - tx_ml,"actual=3117, expected=3256.0"
BEN011,2023-09-30,R11,tx_curr should approximately equal previous tx_curr + tx_new - tx_ml,"actual=349, expected=348.0"
CRS003,2023-01-31,R11,tx_curr should approximately equal previous tx_curr + tx_new - tx_ml,"actual=5404, expected=5639.0"
AKS004,2023-01-31,R11,tx_curr should approximately equal previous tx_curr + tx_new - tx_ml,"actual=963, expected=1014.0"
FCT004,2024-08-31,R11,tx_curr should approximately equal previous tx_curr + tx_new - tx_ml,"actual=1240, expected=1256.0"
KAD014,2022-06-30,R11,tx_curr should approximately equal previous tx_curr + tx_new - tx_ml,"actual=2723, expected=2348.0"
RIV006,2024-08-31,R11,tx_curr should approximately equal previous tx_curr + tx_new - tx_ml,"actual=2873, expected=2317.0"
BEN011,2023-01-31,R11,tx_curr should approximately equal previous tx_curr + tx_new - tx_ml,"actual=331, expected=349.0"
AKS005,2024-12-31,R11,tx_curr should approximately equal previous tx_curr + tx_new - tx_ml,"actual=922, expected=1237.0"
LAG015,2022-08-31,R11,tx_curr should approximately equal previous tx_curr + tx_new - tx_ml,"actual=1133, expected=1140.0"
LAG005,2022-08-31,R11,tx_curr should approximately equal previous tx_curr + tx_new - tx_ml,"actual=1561, expected=1602.0"
CRS009,2022-09-30,R11,tx_curr should approximately equal previous tx_curr + tx_new - tx_ml,"actual=776, expected=899.0"
AKS009,2022-03-31,R11,tx_curr should approximately equal previous tx_curr + tx_new - tx_ml,"actual=244, expected=235.0"
AKS009,2024-07-31,R11,tx_curr should approximately equal previous tx_curr + tx_new - tx_ml,"actual=232, expected=202.0"
LAG014,2024-10-31,R11,tx_curr should approximately equal previous tx_curr + tx_new - tx_ml,"actual=1596, expected=1880.0"
RIV006,2022-12-31,R11,tx_curr should approximately equal previous tx_curr + tx_new - tx_ml,"actual=2536, expected=2921.0"
FCT001,2023-01-31,R11,tx_curr should approximately equal previous tx_curr + tx_new - tx_ml,"actual=1287, expected=1374.0"
NAS014,2022-11-30,R11,tx_curr should approximately equal previous tx_curr + tx_new - tx_ml,"actual=4833, expected=5147.0"
RIV002,2023-02-01,R11,tx_curr should approximately equal previous tx_curr + tx_new - tx_ml,"actual=4740, expected=4383.0"
BEN015,2023-11-30,R11,tx_curr should approximately equal previous tx_curr + tx_new - tx_ml,"actual=752, expected=717.0"
NAS006,2022-06-30,R11,tx_curr should approximately equal previous tx_curr + tx_new - tx_ml,"actual=1016, expected=936.0"
FCT005,2022-08-31,R11,tx_curr should approximately equal previous tx_curr + tx_new - tx_ml,"actual=507, expected=514.0"
NAS003,2023-12-31,R11,tx_curr should approximately equal previous tx_curr + tx_new - tx_ml,"actual=1584, expected=1524.0"
LAG005,2022-11-30,R11,tx_curr should approximately equal previous tx_curr + tx_new - tx_ml,"actual=1597, expected=1578.0"
BEN012,2022-03-31,R11,tx_curr should approximately equal previous tx_curr + tx_new - tx_ml,"actual=485, expected=453.0"
NAS010,2022-06-30,R11,tx_curr should approximately equal previous tx_curr + tx_new - tx_ml,"actual=4601, expected=4809.0"
LAG099,2023-05-31,R11,tx_curr should approximately equal previous tx_curr + tx_new - tx_ml,"actual=4987, expected=1559.0"
AKS009,2023-09-30,R11,tx_curr should approximately equal previous tx_curr + tx_new - tx_ml,"actual=223, expected=233.0"
AKS008,2023-11-30,R11,tx_curr should approximately equal previous tx_curr + tx_new - tx_ml,"actual=84, expected=82.0"
RIV014,2024-07-31,R11,tx_curr should approximately equal previous tx_curr + tx_new - tx_ml,"actual=662, expected=631.0"
LAG099,2023-04-30,R11,tx_curr should approximately equal previous tx_curr + tx_new - tx_ml,"actual=771, expected=4993.0"
NAS004,2023-11-30,R11,tx_curr should approximately equal previous tx_curr + tx_new - tx_ml,"actual=523, expected=581.0"
CRS014,2022-10-31,R11,tx_curr should approximately equal previous tx_curr + tx_new - tx_ml,"actual=112, expected=213.0"
LAG003,2024-06-30,R11,tx_curr should approximately equal previous tx_curr + tx_new - tx_ml,"actual=6774, expected=6334.0"
NAS005,2024-07-31,R11,tx_curr should approximately equal previous tx_curr + tx_new - tx_ml,"actual=785, expected=472.0"
NAS007,2023-07-31,R11,tx_curr should approximately equal previous tx_curr + tx_new - tx_ml,"actual=2249, expected=2179.0"
LAG015,2022-12-31,R11,tx_curr should approximately equal previous tx_curr + tx_new - tx_ml,"actual=1106, expected=1116.0"
BEN012,2024-08-01,R11,tx_curr should approximately equal previous tx_curr + tx_new - tx_ml,"actual=460, expected=485.0"
LAG009,2022-04-30,R11,tx_curr should approximately equal previous tx_curr + tx_new - tx_ml,"actual=2822, expected=2717.0"
AKS005,2024-08-31,R11,tx_curr should approximately equal previous tx_curr + tx_new - tx_ml,"actual=974, expected=917.0"
CRS009,2024-09-01,R11,tx_curr should approximately equal previous tx_curr + tx_new - tx_ml,"actual=955, expected=773.0"
FCT001,2023-03-31,R11,tx_curr should approximately equal previous tx_curr + tx_new - tx_ml,"actual=1280, expected=1284.0"
CRS009,2022-11-30,R11,tx_curr should approximately equal previous tx_curr + tx_new - tx_ml,"actual=797, expected=965.0"
RIV010,2023-06-30,R11,tx_curr should approximately equal previous tx_curr + tx_new - tx_ml,"actual=3122, expected=3126.0"
CRS003,2022-11-30,R11,tx_curr should approximately equal previous tx_curr + tx_new - tx_ml,"actual=5422, expected=5370.0"
LAG004,2023-04-30,R11,tx_curr should approximately equal previous tx_curr + tx_new - tx_ml,"actual=619, expected=630.0"
NAS013,2022-06-30,R11,tx_curr should approximately equal previous tx_curr + tx_new - tx_ml,"actual=1629, expected=1661.0"
RIV004,2024-06-30,R11,tx_curr should approximately equal previous tx_curr + tx_new - tx_ml,"actual=846, expected=860.0"
AKS005,2022-06-30,R11,tx_curr should approximately equal previous tx_curr + tx_new - tx_ml,"actual=1275, expected=955.0"
AKS001,2024-10-31,R11,tx_curr should approximately equal previous tx_curr + tx_new - tx_ml,"actual=330, expected=326.0"
TMP001,2023-06-30,R11,tx_curr should approximately equal previous tx_curr + tx_new - tx_ml,"actual=2384, expected=1178.0"
AKS005,2023-02-01,R11,tx_curr should approximately equal previous tx_curr + tx_new - tx_ml,"actual=1167, expected=1254.0"
CRS003,2024-03-31,R11,tx_curr should approximately equal previous tx_curr + tx_new - tx_ml,"actual=5180, expected=5432.0"
FCT003,2024-07-31,R11,tx_curr should approximately equal previous tx_curr + tx_new - tx_ml,"actual=5090, expected=6692.0"
LAG005,2024-06-30,R11,tx_curr should approximately equal previous tx_curr + tx_new - tx_ml,"actual=1794, expected=1596.0"
CRS006,2023-04-30,R11,tx_curr should approximately equal previous tx_curr + tx_new - tx_ml,"actual=1310, expected=1300.0"
AKS011,2023-05-31,R11,tx_curr should approximately equal previous tx_curr + tx_new - tx_ml,"actual=3140, expected=3042.0"
AKS012,2024-10-31,R11,tx_curr should approximately equal previous tx_curr + tx_new - tx_ml,"actual=1356, expected=953.0"
AKS001,2023-08-31,R11,tx_curr should approximately equal previous tx_curr + tx_new - tx_ml,"actual=324, expected=331.0"
LAG004,2023-10-31,R11,tx_curr should approximately equal previous tx_curr + tx_new - tx_ml,"actual=637, expected=627.0"
CRS007,2022-04-30,R11,tx_curr should approximately equal previous tx_curr + tx_new - tx_ml,"actual=313, expected=306.0"
AKS013,2022-12-31,R11,tx_curr should approximately equal previous tx_curr + tx_new - tx_ml,"actual=565, expected=682.0"
KAD008,2022-08-31,R11,tx_curr should approximately equal previous tx_curr + tx_new - tx_ml,"actual=1219, expected=1201.0"
CRS014,2023-08-31,R11,tx_curr should approximately equal previous tx_curr + tx_new - tx_ml,"actual=149, expected=113.0"
NAS005,2022-01-31,R11,tx_curr should approximately equal previous tx_curr + tx_new - tx_ml,"actual=171, expected=804.0"
RIV014,2023-10-31,R11,tx_curr should approximately equal previous tx_curr + tx_new - tx_ml,"actual=662, expected=671.0"
CRS011,2022-07-31,R11,tx_curr should approximately equal previous tx_curr + tx_new - tx_ml,"actual=454, expected=490.0"
NAS014,2023-07-31,R11,tx_curr should approximately equal previous tx_curr + tx_new - tx_ml,"actual=4877, expected=4856.0"
AKS002,2024-11-30,R11,tx_curr should approximately equal previous tx_curr + tx_new - tx_ml,"actual=528, expected=621.0"
RIV014,2023-01-31,R11,tx_curr should approximately equal previous tx_curr + tx_new - tx_ml,"actual=627, expected=663.0"
RIV008,2023-04-30,R11,tx_curr should approximately equal previous tx_curr + tx_new - tx_ml,"actual=4064, expected=4004.0"
CRS002,2022-07-31,R11,tx_curr should approximately equal previous tx_curr + tx_new - tx_ml,"actual=173, expected=285.0"
KAD014,2024-08-31,R11,tx_curr should approximately equal previous tx_curr + tx_new - tx_ml,"actual=2152, expected=2713.0"
BEN011,2022-09-30,R11,tx_curr should approximately equal previous tx_curr + tx_new - tx_ml,"actual=324, expected=339.0"
CRS006,2022-12-31,R11,tx_curr should approximately equal previous tx_curr + tx_new - tx_ml,"actual=1290, expected=1305.0"
BEN009,2022-03-31,R11,tx_curr should approximately equal previous tx_curr + tx_new - tx_ml,"actual=481, expected=429.0"
NAS010,2024-10-31,R11,tx_curr should approximately equal previous tx_curr + tx_new - tx_ml,"actual=5802, expected=4671.0"
CRS014,2022-08-31,R11,tx_curr should approximately equal previous tx_curr + tx_new - tx_ml,"actual=103, expected=149.0"
CRS014,2024-10-31,R11,tx_curr should approximately equal previous tx_curr + tx_new - tx_ml,"actual=204, expected=104.0"
LAG005,2023-12-31,R11,tx_curr should approximately equal previous tx_curr + tx_new - tx_ml,"actual=1763, expected=1815.0"
BEN008,2023-01-31,R11,tx_curr should approximately equal previous tx_curr + tx_new - tx_ml,"actual=6202, expected=6330.0"
BEN010,2022-12-31,R11,tx_curr should approximately equal previous tx_curr + tx_new - tx_ml,"actual=781, expected=769.0"
AKS014,2024-06-30,R11,tx_curr should approximately equal previous tx_curr + tx_new - tx_ml,"actual=609, expected=621.0"
AKS012,2023-03-31,R11,tx_curr should approximately equal previous tx_curr + tx_new - tx_ml,"actual=787, expected=1384.0"
CRS003,2024-07-31,R11,tx_curr should approximately equal previous tx_curr + tx_new - tx_ml,"actual=5097, expected=5176.0"
BEN014,2022-02-01,R11,tx_curr should approximately equal previous tx_curr + tx_new - tx_ml,"actual=908, expected=740.0"
AKS009,2022-11-30,R11,tx_curr should approximately equal previous tx_curr + tx_new - tx_ml,"actual=229, expected=220.0"
FCT015,2022-03-31,R11,tx_curr should approximately equal previous tx_curr + tx_new - tx_ml,"actual=884, expected=834.0"
FCT010,2023-08-31,R11,tx_curr should approximately equal previous tx_curr + tx_new - tx_ml,"actual=387, expected=277.0"
RIV009,2022-11-30,R11,tx_curr should approximately equal previous tx_curr + tx_new - tx_ml,"actual=829, expected=867.0"
CRS015,2024-02-29,R11,tx_curr should approximately equal previous tx_curr + tx_new - tx_ml,"actual=504, expected=521.0"
AKS004,2024-03-31,R11,tx_curr should approximately equal previous tx_curr + tx_new - tx_ml,"actual=946, expected=966.0"
BEN009,2022-07-31,R11,tx_curr should approximately equal previous tx_curr + tx_new - tx_ml,"actual=478, expected=483.0"
AKS009,2024-04-30,R11,tx_curr should approximately equal previous tx_curr + tx_new - tx_ml,"actual=225, expected=229.0"
FCT014,2022-05-31,R11,tx_curr should approximately equal previous tx_curr + tx_new - tx_ml,"actual=2485, expected=2492.0"
RIV005,2022-08-01,R11,tx_curr should approximately equal previous tx_curr + tx_new - tx_ml,"actual=1484, expected=1464.0"
NAS002,2022-10-31,R11,tx_curr should approximately equal previous tx_curr + tx_new - tx_ml,"actual=311, expected=305.0"
LAG005,2023-06-30,R11,tx_curr should approximately equal previous tx_curr + tx_new - tx_ml,"actual=1651, expected=1792.0"
LAG014,2022-09-01,R11,tx_curr should approximately equal previous tx_curr + tx_new - tx_ml,"actual=1923, expected=1772.0"
FCT006,2022-06-30,R11,tx_curr should approximately equal previous tx_curr + tx_new - tx_ml,"actual=2319, expected=2315.0"
RIV008,2022-09-30,R11,tx_curr should approximately equal previous tx_curr + tx_new - tx_ml,"actual=4000, expected=4095.0"
KAD013,2022-09-30,R11,tx_curr should approximately equal previous tx_curr + tx_new - tx_ml,"actual=1882, expected=2248.0"
RIV010,2022-08-31,R11,tx_curr should approximately equal previous tx_curr + tx_new - tx_ml,"actual=3238, expected=3089.0"
AKS002,2024-02-29,R11,tx_curr should approximately equal previous tx_curr + tx_new - tx_ml,"actual=581, expected=527.0"
FCT009,2023-04-30,R11,tx_curr should approximately equal previous tx_curr + tx_new - tx_ml,"actual=457, expected=448.0"
NAS002,2023-05-31,R11,tx_curr should approximately equal previous tx_curr + tx_new - tx_ml,"actual=303, expected=309.0"
LAG015,2022-02-28,R11,tx_curr should approximately equal previous tx_curr + tx_new - tx_ml,"actual=1142, expected=1094.0"
RIV002,2023-09-30,R11,tx_curr should approximately equal previous tx_curr + tx_new - tx_ml,"actual=4498, expected=4681.0"
AKS003,2024-01-31,R11,tx_curr should approximately equal previous tx_curr + tx_new - tx_ml,"actual=383, expected=239.0"
AKS004,2024-08-31,R11,tx_curr should approximately equal previous tx_curr + tx_new - tx_ml,"actual=937, expected=933.0"
NAS004,2022-09-01,R11,tx_curr should approximately equal previous tx_curr + tx_new - tx_ml,"actual=449, expected=524.0"
RIV009,2024-11-30,R11,tx_curr should approximately equal previous tx_curr + tx_new - tx_ml,"actual=762, expected=832.0"
NAS009,2024-11-30,R11,tx_curr should approximately equal previous tx_curr + tx_new - tx_ml,"actual=485, expected=486.0"
LAG013,2024-12-31,R11,tx_curr should approximately equal previous tx_curr + tx_new - tx_ml,"actual=6392, expected=6235.0"
KAD014,2023-01-31,R11,tx_curr should approximately equal previous tx_curr + tx_new - tx_ml,"actual=2575, expected=2138.0"
LAG010,2024-11-30,R11,tx_curr should approximately equal previous tx_curr + tx_new - tx_ml,"actual=1007, expected=966.0"
RIV006,2022-02-28,R11,tx_curr should approximately equal previous tx_curr + tx_new - tx_ml,"actual=2260, expected=2534.0"
CRS009,2024-04-01,R11,tx_curr should approximately equal previous tx_curr + tx_new - tx_ml,"actual=922, expected=809.0"
KAD014,2023-08-31,R11,tx_curr should approximately equal previous tx_curr + tx_new - tx_ml,"actual=2431, expected=2540.0"
RIV002,2023-07-31,R11,tx_curr should approximately equal previous tx_curr + tx_new - tx_ml,"actual=4590, expected=4451.0"
NAS004,2024-04-30,R11,tx_curr should approximately equal previous tx_curr + tx_new - tx_ml,"actual=556, expected=458.0"
AKS005,2022-07-31,R11,tx_curr should approximately equal previous tx_curr + tx_new - tx_ml,"actual=1270, expected=1162.0"
KAD004,2023-12-31,R11,tx_curr should approximately equal previous tx_curr + tx_new - tx_ml,"actual=4831, expected=4710.0"
LAG012,2023-08-31,R11,tx_curr should approximately equal previous tx_curr + tx_new - tx_ml,"actual=638, expected=623.0"
AKS009,2022-10-31,R11,tx_curr should approximately equal previous tx_curr + tx_new - tx_ml,"actual=232, expected=224.0"
NAS001,2023-09-30,R11,tx_curr should approximately equal previous tx_curr + tx_new - tx_ml,"actual=428, expected=499.0"
KAD002,2024-09-01,R11,tx_curr should approximately equal previous tx_curr + tx_new - tx_ml,"actual=3540, expected=3474.0"
NAS005,2024-08-31,R11,tx_curr should approximately equal previous tx_curr + tx_new - tx_ml,"actual=795, expected=181.0"
KAD005,2023-04-01,R11,tx_curr should approximately equal previous tx_curr + tx_new - tx_ml,"actual=315, expected=413.0"
AKS012,2023-08-31,R11,tx_curr should approximately equal previous tx_curr + tx_new - tx_ml,"actual=939, expected=805.0"
RIV002,2023-11-30,R11,tx_curr should approximately equal previous tx_curr + tx_new - tx_ml,"actual=4419, expected=4525.0"
AKS011,2024-04-30,R11,tx_curr should approximately equal previous tx_curr + tx_new - tx_ml,"actual=338, expected=3150.0"
RIV004,2024-12-01,R11,tx_curr should approximately equal previous tx_curr + tx_new - tx_ml,"actual=856, expected=849.0"
KAD001,2022-01-31,R11,tx_curr should approximately equal previous tx_curr + tx_new - tx_ml,"actual=811, expected=765.0"
RIV011,2022-08-31,R11,tx_curr should approximately equal previous tx_curr + tx_new - tx_ml,"actual=874, expected=883.0"
NAS013,2024-10-31,R11,tx_curr should approximately equal previous tx_curr + tx_new - tx_ml,"actual=1684, expected=1627.0"
FCT009,2023-09-30,R11,tx_curr should approximately equal previous tx_curr + tx_new - tx_ml,"actual=465, expected=459.0"
NAS005,2022-09-30,R11,tx_curr should approximately equal previous tx_curr + tx_new - tx_ml,"actual=324, expected=816.0"
KAD010,2022-04-30,R11,tx_curr should approximately equal previous tx_curr + tx_new - tx_ml,"actual=946, expected=973.0"
CRS012,2022-01-31,R11,tx_curr should approximately equal previous tx_curr + tx_new - tx_ml,"actual=850, expected=830.0"
CRS007,2022-08-31,R11,tx_curr should approximately equal previous tx_curr + tx_new - tx_ml,"actual=315, expected=314.0"
NAS002,2024-08-01,R11,tx_curr should approximately equal previous tx_curr + tx_new - tx_ml,"actual=291, expected=298.0"
FCT005,2023-09-30,R11,tx_curr should approximately equal previous tx_curr + tx_new - tx_ml,"actual=538, expected=511.0"
AKS013,2022-01-31,R11,tx_curr should approximately equal previous tx_curr + tx_new - tx_ml,"actual=493, expected=567.0"
KAD014,2022-02-28,R11,tx_curr should approximately equal previous tx_curr + tx_new - tx_ml,"actual=2848, expected=2393.0"
KAD007,2023-11-30,R11,tx_curr should approximately equal previous tx_curr + tx_new - tx_ml,"actual=1128, expected=1127.0"
LAG012,2022-03-31,R11,tx_curr should approximately equal previous tx_curr + tx_new - tx_ml,"actual=604, expected=645.0"
CRS007,2023-03-31,R11,tx_curr should approximately equal previous tx_curr + tx_new - tx_ml,"actual=303, expected=310.0"
AKS002,2024-10-31,R11,tx_curr should approximately equal previous tx_curr + tx_new - tx_ml,"actual=532, expected=581.0"
CRS001,2024-01-31,R11,tx_curr should approximately equal previous tx_curr + tx_new - tx_ml,"actual=689, expected=697.0"
BEN002,2023-02-28,R11,tx_curr should approximately equal previous tx_curr + tx_new - tx_ml,"actual=4616, expected=4971.0"
FCT011,2022-04-01,R11,tx_curr should approximately equal previous tx_curr + tx_new - tx_ml,"actual=2343, expected=2010.0"
AKS005,2023-11-30,R11,tx_curr should approximately equal previous tx_curr + tx_new - tx_ml,"actual=1069, expected=1257.0"
RIV008,2023-07-31,R11,tx_curr should approximately equal previous tx_curr + tx_new - tx_ml,"actual=4050, expected=4000.0"
FCT009,2022-10-31,R11,tx_curr should approximately equal previous tx_curr + tx_new - tx_ml,"actual=445, expected=467.0"
RIV011,2023-04-30,R11,tx_curr should approximately equal previous tx_curr + tx_new - tx_ml,"actual=880, expected=878.0"
NAS005,2024-12-31,R11,tx_curr should approximately equal previous tx_curr + tx_new - tx_ml,"actual=866, expected=350.0"
AKS003,2022-09-30,R11,tx_curr should approximately equal previous tx_curr + tx_new - tx_ml,"actual=209, expected=399.0"
BEN002,2022-01-31,R11,tx_curr should approximately equal previous tx_curr + tx_new - tx_ml,"actual=5016, expected=4526.0"
FCT004,2023-04-30,R11,tx_curr should approximately equal previous tx_curr + tx_new - tx_ml,"actual=1301, expected=1233.0"
NAS006,2022-08-01,R11,tx_curr should approximately equal previous tx_curr + tx_new - tx_ml,"actual=1009, expected=1021.0"
BEN008,2023-12-31,R11,tx_curr should approximately equal previous tx_curr + tx_new - tx_ml,"actual=6301, expected=6145.0"
FCT006,2024-10-31,R11,tx_curr should approximately equal previous tx_curr + tx_new - tx_ml,"actual=2124, expected=2305.0"
LAG010,2022-06-30,R11,tx_curr should approximately equal previous tx_curr + tx_new - tx_ml,"actual=914, expected=1011.0"
NAS009,2024-02-29,R11,tx_curr should approximately equal previous tx_curr + tx_new - tx_ml,"actual=474, expected=487.0"
BEN009,2022-11-30,R11,tx_curr should approximately equal previous tx_curr + tx_new - tx_ml,"actual=475, expected=479.0"
AKS005,2022-09-30,R11,tx_curr should approximately equal previous tx_curr + tx_new - tx_ml,"actual=1240, expected=1053.0"
NAS005,2022-12-31,R11,tx_curr should approximately equal previous tx_curr + tx_new - tx_ml,"actual=374, expected=876.0"
KAD003,2024-05-01,R11,tx_curr should approximately equal previous tx_curr + tx_new - tx_ml,"actual=2855, expected=2666.0"
BEN013,2024-03-31,R11,tx_curr should approximately equal previous tx_curr + tx_new - tx_ml,"actual=732, expected=316.0"
BEN015,2024-03-01,R11,tx_curr should approximately equal previous tx_curr + tx_new - tx_ml,"actual=743, expected=753.0"
CRS005,2022-10-31,R11,tx_curr should approximately equal previous tx_curr + tx_new - tx_ml,"actual=4471, expected=4563.0"
AKS013,2024-02-01,R11,tx_curr should approximately equal previous tx_curr + tx_new - tx_ml,"actual=639, expected=498.0"
AKS001,2022-09-30,R11,tx_curr should approximately equal previous tx_curr + tx_new - tx_ml,"actual=318, expected=327.0"
LAG013,2023-10-01,R11,tx_curr should approximately equal previous tx_curr + tx_new - tx_ml,"actual=6095, expected=6435.0"
RIV014,2024-11-30,R11,tx_curr should approximately equal previous tx_curr + tx_new - tx_ml,"actual=662, expected=631.0"
BEN012,2024-12-31,R11,tx_curr should approximately equal previous tx_curr + tx_new - tx_ml,"actual=452, expected=458.0"
BEN003,2022-07-31,R11,tx_curr should approximately equal previous tx_curr + tx_new - tx_ml,"actual=2562, expected=2268.0"
RIV012,2024-10-31,R11,tx_curr should approximately equal previous tx_curr + tx_new - tx_ml,"actual=1043, expected=932.0"
NAS003,2023-07-31,R11,tx_curr should approximately equal previous tx_curr + tx_new - tx_ml,"actual=1635, expected=1572.0"
NAS006,2023-12-31,R11,tx_curr should approximately equal previous tx_curr + tx_new - tx_ml,"actual=958, expected=1006.0"
AKS009,2023-10-31,R11,tx_curr should approximately equal previous tx_curr + tx_new - tx_ml,"actual=225, expected=234.0"
FCT005,2022-11-01,R11,tx_curr should approximately equal previous tx_curr + tx_new - tx_ml,"actual=506, expected=535.0"
XXX999,2022-06-30,R11,tx_curr should approximately equal previous tx_curr + tx_new - tx_ml,"actual=851, expected=1077.0"
KAD006,2022-01-31,R11,tx_curr should approximately equal previous tx_curr + tx_new - tx_ml,"actual=1492, expected=1654.0"
BEN010,2022-08-31,R11,tx_curr should approximately equal previous tx_curr + tx_new - tx_ml,"actual=822, expected=769.0"
NAS999,2023-10-31,R11,tx_curr should approximately equal previous tx_curr + tx_new - tx_ml,"actual=579, expected=445.0"
AKS006,2022-05-31,R11,tx_curr should approximately equal previous tx_curr + tx_new - tx_ml,"actual=250, expected=511.0"
NAS011,2022-08-01,R11,tx_curr should approximately equal previous tx_curr + tx_new - tx_ml,"actual=2723, expected=2480.0"
LAG014,2023-04-30,R11,tx_curr should approximately equal previous tx_curr + tx_new - tx_ml,"actual=1830, expected=1896.0"
NAS014,2024-04-30,R11,tx_curr should approximately equal previous tx_curr + tx_new - tx_ml,"actual=5051, expected=4896.0"
KAD004,2024-08-31,R11,tx_curr should approximately equal previous tx_curr + tx_new - tx_ml,"actual=5716, expected=4908.0"
BEN001,2023-11-30,R11,tx_curr should approximately equal previous tx_curr + tx_new - tx_ml,"actual=1829, expected=1808.0"
AKS009,2023-06-30,R11,tx_curr should approximately equal previous tx_curr + tx_new - tx_ml,"actual=224, expected=225.0"
KAD007,2022-04-30,R11,tx_curr should approximately equal previous tx_curr + tx_new - tx_ml,"actual=1122, expected=1114.0"
RIV014,2024-01-31,R11,tx_curr should approximately equal previous tx_curr + tx_new - tx_ml,"actual=664, expected=661.0"
RIV006,2024-01-31,R11,tx_curr should approximately equal previous tx_curr + tx_new - tx_ml,"actual=2695, expected=2281.0"
AKS007,2023-11-30,R11,tx_curr should approximately equal previous tx_curr + tx_new - tx_ml,"actual=5630, expected=5425.0"
NAS015,2024-10-01,R11,tx_curr should approximately equal previous tx_curr + tx_new - tx_ml,"actual=3418, expected=3426.0"
FCT003,2024-01-31,R11,tx_curr should approximately equal previous tx_curr + tx_new - tx_ml,"actual=5307, expected=4998.0"
RIV001,2023-10-01,R11,tx_curr should approximately equal previous tx_curr + tx_new - tx_ml,"actual=921, expected=1018.0"
BEN015,2023-04-01,R11,tx_curr should approximately equal previous tx_curr + tx_new - tx_ml,"actual=805, expected=741.0"
CRS014,2023-07-31,R11,tx_curr should approximately equal previous tx_curr + tx_new - tx_ml,"actual=148, expected=208.0"
AKS006,2024-08-31,R11,tx_curr should approximately equal previous tx_curr + tx_new - tx_ml,"actual=499, expected=256.0"
FCT011,2023-07-31,R11,tx_curr should approximately equal previous tx_curr + tx_new - tx_ml,"actual=2151, expected=2335.0"
AKS003,2023-01-31,R11,tx_curr should approximately equal previous tx_curr + tx_new - tx_ml,"actual=236, expected=216.0"
KAD001,2023-08-31,R11,tx_curr should approximately equal previous tx_curr + tx_new - tx_ml,"actual=761, expected=806.0"
KAD009,2023-09-30,R11,tx_curr should approximately equal previous tx_curr + tx_new - tx_ml,"actual=875, expected=732.0"
CRS015,2022-05-31,R11,tx_curr should approximately equal previous tx_curr + tx_new - tx_ml,"actual=614, expected=495.0"
NAS015,2023-06-30,R11,tx_curr should approximately equal previous tx_curr + tx_new - tx_ml,"actual=3183, expected=3412.0"
KAD004,2024-06-30,R11,tx_curr should approximately equal previous tx_curr + tx_new - tx_ml,"actual=5492, expected=5884.0"
RIV007,2022-09-30,R11,tx_curr should approximately equal previous tx_curr + tx_new - tx_ml,"actual=701, expected=593.0"
BEN001,2023-03-31,R11,tx_curr should approximately equal previous tx_curr + tx_new - tx_ml,"actual=1949, expected=1825.0"
CRS011,2023-11-30,R11,tx_curr should approximately equal previous tx_curr + tx_new - tx_ml,"actual=481, expected=450.0"
RIV008,2024-02-29,R11,tx_curr should approximately equal previous tx_curr + tx_new - tx_ml,"actual=4108, expected=4022.0"
CRS013,2023-08-31,R11,tx_curr should approximately equal previous tx_curr + tx_new - tx_ml,"actual=790, expected=793.0"
BEN004,2023-05-31,R11,tx_curr should approximately equal previous tx_curr + tx_new - tx_ml,"actual=384, expected=426.0"
LAG004,2022-07-01,R11,tx_curr should approximately equal previous tx_curr + tx_new - tx_ml,"actual=630, expected=624.0"
NAS999,2024-04-30,R11,tx_curr should approximately equal previous tx_curr + tx_new - tx_ml,"actual=373, expected=596.0"
CRS011,2022-02-28,R11,tx_curr should approximately equal previous tx_curr + tx_new - tx_ml,"actual=455, expected=477.0"
AKS014,2022-11-30,R11,tx_curr should approximately equal previous tx_curr + tx_new - tx_ml,"actual=597, expected=605.0"
AKS013,2022-07-31,R11,tx_curr should approximately equal previous tx_curr + tx_new - tx_ml,"actual=534, expected=644.0"
LAG014,2022-02-28,R11,tx_curr should approximately equal previous tx_curr + tx_new - tx_ml,"actual=2086, expected=1814.0"
LAG015,2022-06-30,R11,tx_curr should approximately equal previous tx_curr + tx_new - tx_ml,"actual=1139, expected=1140.0"
KAD011,2024-02-29,R11,tx_curr should approximately equal previous tx_curr + tx_new - tx_ml,"actual=576, expected=563.0"
CRS012,2024-07-31,R11,tx_curr should approximately equal previous tx_curr + tx_new - tx_ml,"actual=764, expected=848.0"
KAD004,2023-08-31,R11,tx_curr should approximately equal previous tx_curr + tx_new - tx_ml,"actual=4754, expected=5535.0"
XXX999,2023-12-31,R11,tx_curr should approximately equal previous tx_curr + tx_new - tx_ml,"actual=326, expected=857.0"
KAD015,2022-03-31,R11,tx_curr should approximately equal previous tx_curr + tx_new - tx_ml,"actual=1961, expected=1555.0"
AKS006,2022-09-30,R11,tx_curr should approximately equal previous tx_curr + tx_new - tx_ml,"actual=295, expected=506.0"
AKS008,2024-04-30,R11,tx_curr should approximately equal previous tx_curr + tx_new - tx_ml,"actual=87, expected=84.0"
AKS011,2022-07-01,R11,tx_curr should approximately equal previous tx_curr + tx_new - tx_ml,"actual=291, expected=336.0"
CRS001,2022-08-31,R11,tx_curr should approximately equal previous tx_curr + tx_new - tx_ml,"actual=664, expected=687.0"
CRS013,2024-04-30,R11,tx_curr should approximately equal previous tx_curr + tx_new - tx_ml,"actual=764, expected=791.0"
AKS008,2023-07-31,R11,tx_curr should approximately equal previous tx_curr + tx_new - tx_ml,"actual=87, expected=86.0"
AKS014,2022-01-31,R11,tx_curr should approximately equal previous tx_curr + tx_new - tx_ml,"actual=604, expected=593.0"
CRS006,2023-03-01,R11,tx_curr should approximately equal previous tx_curr + tx_new - tx_ml,"actual=1313, expected=1300.0"
FCT009,2022-09-30,R11,tx_curr should approximately equal previous tx_curr + tx_new - tx_ml,"actual=443, expected=446.0"
AKS002,2022-10-31,R11,tx_curr should approximately equal previous tx_curr + tx_new - tx_ml,"actual=654, expected=530.0"
CRS006,2024-02-01,R11,tx_curr should approximately equal previous tx_curr + tx_new - tx_ml,"actual=1355, expected=1315.0"
LAG005,2022-01-31,R11,tx_curr should approximately equal previous tx_curr + tx_new - tx_ml,"actual=1454, expected=1641.0"
BEN007,2023-06-30,R11,tx_curr should approximately equal previous tx_curr + tx_new - tx_ml,"actual=2103, expected=1799.0"
AKS014,2022-04-30,R11,tx_curr should approximately equal previous tx_curr + tx_new - tx_ml,"actual=597, expected=599.0"
RIV005,2024-06-30,R11,tx_curr should approximately equal previous tx_curr + tx_new - tx_ml,"actual=1297, expected=1484.0"
AKS013,2024-06-30,R11,tx_curr should approximately equal previous tx_curr + tx_new - tx_ml,"actual=667, expected=543.0"
FCT005,2022-03-31,R11,tx_curr should approximately equal previous tx_curr + tx_new - tx_ml,"actual=472, expected=514.0"
LAG011,2022-11-30,R11,tx_curr should approximately equal previous tx_curr + tx_new - tx_ml,"actual=1746, expected=1756.0"
BEN013,2024-12-31,R11,tx_curr should approximately equal previous tx_curr + tx_new - tx_ml,"actual=885, expected=747.0"
FCT010,2023-10-31,R11,tx_curr should approximately equal previous tx_curr + tx_new - tx_ml,"actual=409, expected=394.0"
FCT014,2022-08-31,R11,tx_curr should approximately equal previous tx_curr + tx_new - tx_ml,"actual=2499, expected=2533.0"
CRS007,2022-06-30,R11,tx_curr should approximately equal previous tx_curr + tx_new - tx_ml,"actual=313, expected=302.0"
FCT003,2023-12-31,R11,tx_curr should approximately equal previous tx_curr + tx_new - tx_ml,"actual=5399, expected=5250.0"
BEN005,2023-11-30,R11,tx_curr should approximately equal previous tx_curr + tx_new - tx_ml,"actual=534, expected=408.0"
FCT006,2023-07-31,R11,tx_curr should approximately equal previous tx_curr + tx_new - tx_ml,"actual=2202, expected=2129.0"
AKS004,2024-01-31,R11,tx_curr should approximately equal previous tx_curr + tx_new - tx_ml,"actual=947, expected=930.0"
LAG015,2023-04-30,R11,tx_curr should approximately equal previous tx_curr + tx_new - tx_ml,"actual=1080, expected=1135.0"
KAD013,2024-07-31,R11,tx_curr should approximately equal previous tx_curr + tx_new - tx_ml,"actual=3088, expected=1945.0"
RIV010,2023-02-28,R11,tx_curr should approximately equal previous tx_curr + tx_new - tx_ml,"actual=3179, expected=3222.0"
BEN005,2022-08-31,R11,tx_curr should approximately equal previous tx_curr + tx_new - tx_ml,"actual=442, expected=542.0"
KAD004,2024-01-31,R11,tx_curr should approximately equal previous tx_curr + tx_new - tx_ml,"actual=4906, expected=4829.0"
BEN014,2024-11-30,R11,tx_curr should approximately equal previous tx_curr + tx_new - tx_ml,"actual=744, expected=903.0"
BEN003,2024-03-31,R11,tx_curr should approximately equal previous tx_curr + tx_new - tx_ml,"actual=2374, expected=2525.0"
NAS013,2024-09-30,R11,tx_curr should approximately equal previous tx_curr + tx_new - tx_ml,"actual=1686, expected=1696.0"
NAS013,2022-12-31,R11,tx_curr should approximately equal previous tx_curr + tx_new - tx_ml,"actual=1641, expected=1699.0"
BEN003,2023-11-30,R11,tx_curr should approximately equal previous tx_curr + tx_new - tx_ml,"actual=2421, expected=2360.0"
BEN012,2023-04-30,R11,tx_curr should approximately equal previous tx_curr + tx_new - tx_ml,"actual=454, expected=451.0"
NAS008,2022-07-31,R11,tx_curr should approximately equal previous tx_curr + tx_new - tx_ml,"actual=952, expected=769.0"
FCT005,2023-01-31,R11,tx_curr should approximately equal previous tx_curr + tx_new - tx_ml,"actual=507, expected=473.0"
NAS009,2024-10-31,R11,tx_curr should approximately equal previous tx_curr + tx_new - tx_ml,"actual=489, expected=473.0"
AKS006,2023-05-31,R11,tx_curr should approximately equal previous tx_curr + tx_new - tx_ml,"actual=354, expected=301.0"
NAS004,2024-08-31,R11,tx_curr should approximately equal previous tx_curr + tx_new - tx_ml,"actual=592, expected=451.0"
BEN014,2022-08-31,R11,tx_curr should approximately equal previous tx_curr + tx_new - tx_ml,"actual=878, expected=743.0"
FCT011,2024-08-31,R11,tx_curr should approximately equal previous tx_curr + tx_new - tx_ml,"actual=1992, expected=2138.0"
BEN010,2024-11-30,R11,tx_curr should approximately equal previous tx_curr + tx_new - tx_ml,"actual=701, expected=820.0"
AKS006,2023-01-31,R11,tx_curr should approximately equal previous tx_curr + tx_new - tx_ml,"actual=327, expected=356.0"
RIV007,2024-04-30,R11,tx_curr should approximately equal previous tx_curr + tx_new - tx_ml,"actual=615, expected=694.0"
KAD005,2022-07-31,R11,tx_curr should approximately equal previous tx_curr + tx_new - tx_ml,"actual=287, expected=317.0"
NAS009,2023-10-31,R11,tx_curr should approximately equal previous tx_curr + tx_new - tx_ml,"actual=483, expected=486.0"
BEN003,2022-10-31,R11,tx_curr should approximately equal previous tx_curr + tx_new - tx_ml,"actual=2531, expected=2431.0"
CRS013,2023-07-31,R11,tx_curr should approximately equal previous tx_curr + tx_new - tx_ml,"actual=799, expected=766.0"
LAG014,2024-07-31,R11,tx_curr should approximately equal previous tx_curr + tx_new - tx_ml,"actual=1629, expected=2076.0"
RIV015,2022-09-01,R11,tx_curr should approximately equal previous tx_curr + tx_new - tx_ml,"actual=2415, expected=2215.0"
NAS004,2022-08-31,R11,tx_curr should approximately equal previous tx_curr + tx_new - tx_ml,"actual=448, expected=598.0"
KAD010,2022-10-31,R11,tx_curr should approximately equal previous tx_curr + tx_new - tx_ml,"actual=950, expected=948.0"
KAD014,2023-06-30,R11,tx_curr should approximately equal previous tx_curr + tx_new - tx_ml,"actual=2470, expected=2815.0"
RIV006,2024-12-31,R11,tx_curr should approximately equal previous tx_curr + tx_new - tx_ml,"actual=2930, expected=2708.0"
FCT006,2024-08-31,R11,tx_curr should approximately equal previous tx_curr + tx_new - tx_ml,"actual=2131, expected=2199.0"
FCT005,2023-07-31,R11,tx_curr should approximately equal previous tx_curr + tx_new - tx_ml,"actual=533, expected=513.0"
LAG005,2023-04-30,R11,tx_curr should approximately equal previous tx_curr + tx_new - tx_ml,"actual=1611, expected=1473.0"
FCT012,2024-11-30,R11,tx_curr should approximately equal previous tx_curr + tx_new - tx_ml,"actual=2926, expected=2886.0"
FCT003,2024-08-31,R11,tx_curr should approximately equal previous tx_curr + tx_new - tx_ml,"actual=5007, expected=5316.0"
LAG007,2022-11-30,R11,tx_curr should approximately equal previous tx_curr + tx_new - tx_ml,"actual=474, expected=492.0"
AKS006,2022-01-31,R11,tx_curr should approximately equal previous tx_curr + tx_new - tx_ml,"actual=201, expected=337.0"
NAS011,2024-10-31,R11,tx_curr should approximately equal previous tx_curr + tx_new - tx_ml,"actual=2385, expected=2705.0"
BEN003,2024-06-30,R11,tx_curr should approximately equal previous tx_curr + tx_new - tx_ml,"actual=2341, expected=2506.0"
FCT013,2023-01-31,R11,tx_curr should approximately equal previous tx_curr + tx_new - tx_ml,"actual=1363, expected=1417.0"
KAD008,2024-06-30,R11,tx_curr should approximately equal previous tx_curr + tx_new - tx_ml,"actual=1162, expected=1225.0"
AKS006,2024-02-29,R11,tx_curr should approximately equal previous tx_curr + tx_new - tx_ml,"actual=438, expected=209.0"
CRS001,2022-05-31,R11,tx_curr should approximately equal previous tx_curr + tx_new - tx_ml,"actual=667, expected=663.0"
NAS002,2024-04-30,R11,tx_curr should approximately equal previous tx_curr + tx_new - tx_ml,"actual=300, expected=289.0"
RIV015,2023-01-31,R11,tx_curr should approximately equal previous tx_curr + tx_new - tx_ml,"actual=2394, expected=2418.0"
NAS013,2022-05-31,R11,tx_curr should approximately equal previous tx_curr + tx_new - tx_ml,"actual=1615, expected=1652.0"
LAG010,2024-03-31,R11,tx_curr should approximately equal previous tx_curr + tx_new - tx_ml,"actual=959, expected=908.0"
AKS003,2023-10-31,R11,tx_curr should approximately equal previous tx_curr + tx_new - tx_ml,"actual=367, expected=250.0"
XXX999,2024-12-31,R11,tx_curr should approximately equal previous tx_curr + tx_new - tx_ml,"actual=2946, expected=346.0"
BEN004,2023-11-30,R11,tx_curr should approximately equal previous tx_curr + tx_new - tx_ml,"actual=390, expected=385.0"
LAG099,2023-04-30,R11,tx_curr should approximately equal previous tx_curr + tx_new - tx_ml,"actual=332, expected=1257.0"
BEN006,2022-03-01,R11,tx_curr should approximately equal previous tx_curr + tx_new - tx_ml,"actual=305, expected=341.0"
CRS001,2022-12-31,R11,tx_curr should approximately equal previous tx_curr + tx_new - tx_ml,"actual=664, expected=657.0"
RIV012,2022-02-28,R11,tx_curr should approximately equal previous tx_curr + tx_new - tx_ml,"actual=844, expected=1045.0"
NAS005,2022-02-28,R11,tx_curr should approximately equal previous tx_curr + tx_new - tx_ml,"actual=179, expected=382.0"
BEN006,2024-10-31,R11,tx_curr should approximately equal previous tx_curr + tx_new - tx_ml,"actual=374, expected=304.0"
BEN015,2022-07-31,R11,tx_curr should approximately equal previous tx_curr + tx_new - tx_ml,"actual=853, expected=819.0"
FCT003,2022-06-30,R11,tx_curr should approximately equal previous tx_curr + tx_new - tx_ml,"actual=6434, expected=4984.0"
RIV001,2022-05-31,R11,tx_curr should approximately equal previous tx_curr + tx_new - tx_ml,"actual=1128, expected=973.0"
RIV011,2022-12-31,R11,tx_curr should approximately equal previous tx_curr + tx_new - tx_ml,"actual=872, expected=881.0"
LAG007,2024-05-31,R11,tx_curr should approximately equal previous tx_curr + tx_new - tx_ml,"actual=613, expected=489.0"
RIV006,2023-03-31,R11,tx_curr should approximately equal previous tx_curr + tx_new - tx_ml,"actual=2531, expected=2936.0"
RIV012,2024-05-31,R11,tx_curr should approximately equal previous tx_curr + tx_new - tx_ml,"actual=1032, expected=860.0"
NAS011,2023-03-31,R11,tx_curr should approximately equal previous tx_curr + tx_new - tx_ml,"actual=2666, expected=2378.0"
RIV007,2024-11-30,R11,tx_curr should approximately equal previous tx_curr + tx_new - tx_ml,"actual=590, expected=610.0"
KAD006,2023-12-31,R11,tx_curr should approximately equal previous tx_curr + tx_new - tx_ml,"actual=1658, expected=1473.0"
FCT012,2022-08-31,R11,tx_curr should approximately equal previous tx_curr + tx_new - tx_ml,"actual=2709, expected=2958.0"
CRS002,2024-03-31,R11,tx_curr should approximately equal previous tx_curr + tx_new - tx_ml,"actual=261, expected=179.0"
AKS008,2022-03-01,R11,tx_curr should approximately equal previous tx_curr + tx_new - tx_ml,"actual=83, expected=86.0"
NAS006,2023-03-01,R11,tx_curr should approximately equal previous tx_curr + tx_new - tx_ml,"actual=958, expected=945.0"
AKS015,2022-08-31,R11,tx_curr should approximately equal previous tx_curr + tx_new - tx_ml,"actual=2485, expected=2420.0"
BEN002,2022-11-30,R11,tx_curr should approximately equal previous tx_curr + tx_new - tx_ml,"actual=4771, expected=4997.0"
CRS004,2023-03-31,R11,tx_curr should approximately equal previous tx_curr + tx_new - tx_ml,"actual=453, expected=463.0"
LAG001,2024-02-29,R11,tx_curr should approximately equal previous tx_curr + tx_new - tx_ml,"actual=350, expected=216.0"
FCT014,2022-10-31,R11,tx_curr should approximately equal previous tx_curr + tx_new - tx_ml,"actual=2497, expected=2518.0"
RIV013,2022-07-31,R11,tx_curr should approximately equal previous tx_curr + tx_new - tx_ml,"actual=2271, expected=2163.0"
NAS014,2022-01-31,R11,tx_curr should approximately equal previous tx_curr + tx_new - tx_ml,"actual=4667, expected=5040.0"
AKS012,2024-07-31,R11,tx_curr should approximately equal previous tx_curr + tx_new - tx_ml,"actual=1233, expected=972.0"
AKS014,2024-03-31,R11,tx_curr should approximately equal previous tx_curr + tx_new - tx_ml,"actual=612, expected=588.0"
NAS999,2024-04-30,R11,tx_curr should approximately equal previous tx_curr + tx_new - tx_ml,"actual=1604, expected=377.0"
CRS014,2023-05-31,R11,tx_curr should approximately equal previous tx_curr + tx_new - tx_ml,"actual=139, expected=150.0"
KAD006,2023-06-30,R11,tx_curr should approximately equal previous tx_curr + tx_new - tx_ml,"actual=1641, expected=1681.0"
RIV003,2022-10-31,R11,tx_curr should approximately equal previous tx_curr + tx_new - tx_ml,"actual=1050, expected=1028.0"
NAS005,2024-04-30,R11,tx_curr should approximately equal previous tx_curr + tx_new - tx_ml,"actual=715, expected=205.0"
RIV014,2023-03-31,R11,tx_curr should approximately equal previous tx_curr + tx_new - tx_ml,"actual=628, expected=663.0"
BEN010,2023-02-01,R11,tx_curr should approximately equal previous tx_curr + tx_new - tx_ml,"actual=766, expected=690.0"
CRS010,2022-06-30,R11,tx_curr should approximately equal previous tx_curr + tx_new - tx_ml,"actual=426, expected=355.0"
BEN001,2022-11-30,R11,tx_curr should approximately equal previous tx_curr + tx_new - tx_ml,"actual=1975, expected=1920.0"
RIV015,2022-04-30,R11,tx_curr should approximately equal previous tx_curr + tx_new - tx_ml,"actual=2461, expected=2374.0"
BEN012,2022-11-30,R11,tx_curr should approximately equal previous tx_curr + tx_new - tx_ml,"actual=466, expected=456.0"
LAG004,2023-03-31,R11,tx_curr should approximately equal previous tx_curr + tx_new - tx_ml,"actual=618, expected=627.0"
NAS006,2023-11-01,R11,tx_curr should approximately equal previous tx_curr + tx_new - tx_ml,"actual=961, expected=956.0"
RIV011,2022-04-30,R11,tx_curr should approximately equal previous tx_curr + tx_new - tx_ml,"actual=869, expected=874.0"
NAS999,2023-09-01,R11,tx_curr should approximately equal previous tx_curr + tx_new - tx_ml,"actual=4084, expected=1620.0"
CRS009,2023-08-31,R11,tx_curr should approximately equal previous tx_curr + tx_new - tx_ml,"actual=874, expected=935.0"
RIV013,2024-06-30,R11,tx_curr should approximately equal previous tx_curr + tx_new - tx_ml,"actual=2114, expected=2265.0"
NAS008,2023-08-31,R11,tx_curr should approximately equal previous tx_curr + tx_new - tx_ml,"actual=831, expected=949.0"
RIV015,2022-08-31,R11,tx_curr should approximately equal previous tx_curr + tx_new - tx_ml,"actual=2432, expected=2472.0"
BEN003,2022-12-31,R11,tx_curr should approximately equal previous tx_curr + tx_new - tx_ml,"actual=2498, expected=2318.0"
XXX999,2023-07-31,R11,tx_curr should approximately equal previous tx_curr + tx_new - tx_ml,"actual=302, expected=2958.0"
LAG011,2023-04-30,R11,tx_curr should approximately equal previous tx_curr + tx_new - tx_ml,"actual=1711, expected=1724.0"
KAD012,2023-11-30,R11,tx_curr should approximately equal previous tx_curr + tx_new - tx_ml,"actual=630, expected=654.0"
KAD009,2022-09-01,R11,tx_curr should approximately equal previous tx_curr + tx_new - tx_ml,"actual=738, expected=889.0"
RIV008,2023-08-31,R11,tx_curr should approximately equal previous tx_curr + tx_new - tx_ml,"actual=4068, expected=3966.0"
KAD013,2022-04-30,R11,tx_curr should approximately equal previous tx_curr + tx_new - tx_ml,"actual=1527, expected=3176.0"
RIV007,2023-09-01,R11,tx_curr should approximately equal previous tx_curr + tx_new - tx_ml,"actual=657, expected=589.0"
BEN014,2022-07-31,R11,tx_curr should approximately equal previous tx_curr + tx_new - tx_ml,"actual=879, expected=871.0"
RIV005,2024-11-30,R11,tx_curr should approximately equal previous tx_curr + tx_new - tx_ml,"actual=1264, expected=1295.0"
LAG012,2023-06-30,R11,tx_curr should approximately equal previous tx_curr + tx_new - tx_ml,"actual=644, expected=615.0"
LAG014,2024-04-01,R11,tx_curr should approximately equal previous tx_curr + tx_new - tx_ml,"actual=1668, expected=1616.0"
RIV014,2024-10-31,R11,tx_curr should approximately equal previous tx_curr + tx_new - tx_ml,"actual=658, expected=629.0"
BEN004,2024-11-30,R11,tx_curr should approximately equal previous tx_curr + tx_new - tx_ml,"actual=427, expected=394.0"
CRS013,2024-01-31,R11,tx_curr should approximately equal previous tx_curr + tx_new - tx_ml,"actual=761, expected=797.0"
BEN006,2024-09-30,R11,tx_curr should approximately equal previous tx_curr + tx_new - tx_ml,"actual=375, expected=380.0"
CRS013,2024-07-31,R11,tx_curr should approximately equal previous tx_curr + tx_new - tx_ml,"actual=741, expected=756.0"
RIV006,2024-03-01,R11,tx_curr should approximately equal previous tx_curr + tx_new - tx_ml,"actual=2709, expected=2516.0"
NAS012,2024-09-30,R11,tx_curr should approximately equal previous tx_curr + tx_new - tx_ml,"actual=1380, expected=1325.0"
LAG012,2024-07-31,R11,tx_curr should approximately equal previous tx_curr + tx_new - tx_ml,"actual=668, expected=621.0"
RIV008,2022-12-31,R11,tx_curr should approximately equal previous tx_curr + tx_new - tx_ml,"actual=3995, expected=4065.0"
NAS008,2024-08-31,R11,tx_curr should approximately equal previous tx_curr + tx_new - tx_ml,"actual=741, expected=824.0"
KAD011,2022-06-30,R11,tx_curr should approximately equal previous tx_curr + tx_new - tx_ml,"actual=550, expected=586.0"
KAD004,2022-01-31,R11,tx_curr should approximately equal previous tx_curr + tx_new - tx_ml,"actual=3532, expected=4959.0"
KAD001,2023-09-30,R11,tx_curr should approximately equal previous tx_curr + tx_new - tx_ml,"actual=762, expected=763.0"
RIV010,2024-10-31,R11,tx_curr should approximately equal previous tx_curr + tx_new - tx_ml,"actual=2848, expected=3164.0"
AKS001,2023-03-31,R11,tx_curr should approximately equal previous tx_curr + tx_new - tx_ml,"actual=304, expected=315.0"
FCT012,2023-09-30,R11,tx_curr should approximately equal previous tx_curr + tx_new - tx_ml,"actual=2840, expected=2703.0"
RIV009,2023-03-31,R11,tx_curr should approximately equal previous tx_curr + tx_new - tx_ml,"actual=815, expected=773.0"
BEN008,2024-10-31,R11,tx_curr should approximately equal previous tx_curr + tx_new - tx_ml,"actual=6140, expected=6217.0"
FCT014,2023-12-31,R11,tx_curr should approximately equal previous tx_curr + tx_new - tx_ml,"actual=2503, expected=2504.0"
TMP001,2022-01-31,R11,tx_curr should approximately equal previous tx_curr + tx_new - tx_ml,"actual=282, expected=756.0"
FCT009,2024-08-31,R11,tx_curr should approximately equal previous tx_curr + tx_new - tx_ml,"actual=488, expected=452.0"
CRS010,2023-08-31,R11,tx_curr should approximately equal previous tx_curr + tx_new - tx_ml,"actual=379, expected=421.0"
FCT005,2024-06-30,R11,tx_curr should approximately equal previous tx_curr + tx_new - tx_ml,"actual=566, expected=537.0"
RIV001,2024-05-31,R11,tx_curr should approximately equal previous tx_curr + tx_new - tx_ml,"actual=846, expected=1115.0"
CRS003,2024-09-30,R11,tx_curr should approximately equal previous tx_curr + tx_new - tx_ml,"actual=5056, expected=5075.0"
BEN011,2022-02-28,R11,tx_curr should approximately equal previous tx_curr + tx_new - tx_ml,"actual=299, expected=325.0"
LAG001,2022-05-31,R11,tx_curr should approximately equal previous tx_curr + tx_new - tx_ml,"actual=204, expected=355.0"
KAD006,2024-03-31,R11,tx_curr should approximately equal previous tx_curr + tx_new - tx_ml,"actual=1672, expected=1647.0"
RIV014,2022-03-31,R11,tx_curr should approximately equal previous tx_curr + tx_new - tx_ml,"actual=612, expected=661.0"
AKS014,2023-11-30,R11,tx_curr should approximately equal previous tx_curr + tx_new - tx_ml,"actual=619, expected=615.0"
BEN010,2022-07-31,R11,tx_curr should approximately equal previous tx_curr + tx_new - tx_ml,"actual=834, expected=762.0"
RIV015,2024-04-30,R11,tx_curr should approximately equal previous tx_curr + tx_new - tx_ml,"actual=2259, expected=2415.0"
CRS008,2022-07-31,R11,tx_curr should approximately equal previous tx_curr + tx_new - tx_ml,"actual=2359, expected=2442.0"
LAG006,2022-08-31,R11,tx_curr should approximately equal previous tx_curr + tx_new - tx_ml,"actual=5380, expected=4629.0"
KAD007,2023-01-31,R11,tx_curr should approximately equal previous tx_curr + tx_new - tx_ml,"actual=1125, expected=1120.0"
FCT008,2023-01-31,R11,tx_curr should approximately equal previous tx_curr + tx_new - tx_ml,"actual=5179, expected=5110.0"
AKS015,2022-03-31,R11,tx_curr should approximately equal previous tx_curr + tx_new - tx_ml,"actual=2449, expected=2499.0"
AKS011,2024-10-31,R11,tx_curr should approximately equal previous tx_curr + tx_new - tx_ml,"actual=334, expected=286.0"
FCT006,2022-02-28,R11,tx_curr should approximately equal previous tx_curr + tx_new - tx_ml,"actual=2332, expected=2114.0"
LAG014,2024-08-31,R11,tx_curr should approximately equal previous tx_curr + tx_new - tx_ml,"actual=1623, expected=1662.0"
CRS001,2022-06-30,R11,tx_curr should approximately equal previous tx_curr + tx_new - tx_ml,"actual=671, expected=667.0"
FCT015,2023-05-31,R11,tx_curr should approximately equal previous tx_curr + tx_new - tx_ml,"actual=784, expected=880.0"
NAS007,2023-10-31,R11,tx_curr should approximately equal previous tx_curr + tx_new - tx_ml,"actual=2222, expected=2226.0"
BEN013,2022-05-31,R11,tx_curr should approximately equal previous tx_curr + tx_new - tx_ml,"actual=344, expected=900.0"
BEN013,2024-01-31,R11,tx_curr should approximately equal previous tx_curr + tx_new - tx_ml,"actual=693, expected=357.0"
FCT009,2023-03-31,R11,tx_curr should approximately equal previous tx_curr + tx_new - tx_ml,"actual=451, expected=497.0"
CRS014,2022-05-31,R11,tx_curr should approximately equal previous tx_curr + tx_new - tx_ml,"actual=95, expected=149.0"
CRS004,2022-07-31,R11,tx_curr should approximately equal previous tx_curr + tx_new - tx_ml,"actual=468, expected=454.0"
NAS008,2022-03-31,R11,tx_curr should approximately equal previous tx_curr + tx_new - tx_ml,"actual=981, expected=723.0"
AKS013,2022-02-28,R11,tx_curr should approximately equal previous tx_curr + tx_new - tx_ml,"actual=495, expected=669.0"
KAD003,2024-01-31,R11,tx_curr should approximately equal previous tx_curr + tx_new - tx_ml,"actual=2786, expected=2852.0"
NAS001,2024-10-31,R11,tx_curr should approximately equal previous tx_curr + tx_new - tx_ml,"actual=389, expected=429.0"
FCT005,2022-02-28,R11,tx_curr should approximately equal previous tx_curr + tx_new - tx_ml,"actual=464, expected=567.0"
FCT012,2023-04-30,R11,tx_curr should approximately equal previous tx_curr + tx_new - tx_ml,"actual=2783, expected=2872.0"
BEN003,2024-08-31,R11,tx_curr should approximately equal previous tx_curr + tx_new - tx_ml,"actual=2322, expected=2484.0"
BEN008,2023-11-30,R11,tx_curr should approximately equal previous tx_curr + tx_new - tx_ml,"actual=6358, expected=6178.0"
KAD001,2024-07-31,R11,tx_curr should approximately equal previous tx_curr + tx_new - tx_ml,"actual=745, expected=766.0"
BEN005,2022-05-31,R11,tx_curr should approximately equal previous tx_curr + tx_new - tx_ml,"actual=424, expected=448.0"
BEN001,2022-05-31,R11,tx_curr should approximately equal previous tx_curr + tx_new - tx_ml,"actual=2092, expected=1962.0"
CRS008,2023-03-31,R11,tx_curr should approximately equal previous tx_curr + tx_new - tx_ml,"actual=2208, expected=2339.0"
RIV009,2022-02-28,R11,tx_curr should approximately equal previous tx_curr + tx_new - tx_ml,"actual=880, expected=804.0"
CRS005,2024-06-30,R11,tx_curr should approximately equal previous tx_curr + tx_new - tx_ml,"actual=4131, expected=4441.0"
KAD004,2022-07-31,R11,tx_curr should approximately equal previous tx_curr + tx_new - tx_ml,"actual=3963, expected=3588.0"
CRS002,2022-06-30,R11,tx_curr should approximately equal previous tx_curr + tx_new - tx_ml,"actual=167, expected=261.0"
FCT005,2022-10-31,R11,tx_curr should approximately equal previous tx_curr + tx_new - tx_ml,"actual=509, expected=462.0"
NAS012,2022-04-30,R11,tx_curr should approximately equal previous tx_curr + tx_new - tx_ml,"actual=1339, expected=1368.0"
BEN011,2023-08-31,R11,tx_curr should approximately equal previous tx_curr + tx_new - tx_ml,"actual=347, expected=300.0"
CRS003,2023-02-28,R11,tx_curr should approximately equal previous tx_curr + tx_new - tx_ml,"actual=5358, expected=5010.0"
RIV003,2024-08-31,R11,tx_curr should approximately equal previous tx_curr + tx_new - tx_ml,"actual=1096, expected=1065.0"
NAS002,2022-12-31,R11,tx_curr should approximately equal previous tx_curr + tx_new - tx_ml,"actual=312, expected=300.0"
KAD014,2024-09-30,R11,tx_curr should approximately equal previous tx_curr + tx_new - tx_ml,"actual=2145, expected=2463.0"
KAD015,2023-06-30,R11,tx_curr should approximately equal previous tx_curr + tx_new - tx_ml,"actual=1706, expected=1604.0"
RIV009,2023-04-30,R11,tx_curr should approximately equal previous tx_curr + tx_new - tx_ml,"actual=812, expected=877.0"
BEN011,2024-09-01,R11,tx_curr should approximately equal previous tx_curr + tx_new - tx_ml,"actual=400, expected=354.0"
CRS006,2022-11-30,R11,tx_curr should approximately equal previous tx_curr + tx_new - tx_ml,"actual=1295, expected=1356.0"
AKS010,2022-07-31,R11,tx_curr should approximately equal previous tx_curr + tx_new - tx_ml,"actual=1788, expected=1757.0"
FCT003,2023-06-01,R11,tx_curr should approximately equal previous tx_curr + tx_new - tx_ml,"actual=5722, expected=6358.0"
LAG099,2024-10-01,R11,tx_curr should approximately equal previous tx_curr + tx_new - tx_ml,"actual=433, expected=328.0"
KAD001,2022-05-31,R11,tx_curr should approximately equal previous tx_curr + tx_new - tx_ml,"actual=783, expected=735.0"
CRS007,2023-04-01,R11,tx_curr should approximately equal previous tx_curr + tx_new - tx_ml,"actual=308, expected=318.0"
LAG002,2023-03-31,R11,tx_curr should approximately equal previous tx_curr + tx_new - tx_ml,"actual=5797, expected=5688.0"
NAS001,2022-05-31,R11,tx_curr should approximately equal previous tx_curr + tx_new - tx_ml,"actual=492, expected=383.0"
BEN008,2022-11-30,R11,tx_curr should approximately equal previous tx_curr + tx_new - tx_ml,"actual=6209, expected=6325.0"
LAG003,2022-11-30,R11,tx_curr should approximately equal previous tx_curr + tx_new - tx_ml,"actual=6318, expected=6830.0"
FCT012,2022-01-31,R11,tx_curr should approximately equal previous tx_curr + tx_new - tx_ml,"actual=2644, expected=2774.0"
NAS008,2022-09-30,R11,tx_curr should approximately equal previous tx_curr + tx_new - tx_ml,"actual=932, expected=976.0"
RIV015,2024-07-31,R11,tx_curr should approximately equal previous tx_curr + tx_new - tx_ml,"actual=2212, expected=2239.0"
AKS015,2023-03-01,R11,tx_curr should approximately equal previous tx_curr + tx_new - tx_ml,"actual=2470, expected=2442.0"
KAD012,2024-03-31,R11,tx_curr should approximately equal previous tx_curr + tx_new - tx_ml,"actual=629, expected=628.0"
AKS001,2024-09-30,R11,tx_curr should approximately equal previous tx_curr + tx_new - tx_ml,"actual=325, expected=306.0"
FCT004,2024-10-01,R11,tx_curr should approximately equal previous tx_curr + tx_new - tx_ml,"actual=1257, expected=1353.0"
FCT012,2022-10-31,R11,tx_curr should approximately equal previous tx_curr + tx_new - tx_ml,"actual=2715, expected=2641.0"
NAS008,2024-11-30,R11,tx_curr should approximately equal previous tx_curr + tx_new - tx_ml,"actual=718, expected=926.0"
NAS013,2022-07-31,R11,tx_curr should approximately equal previous tx_curr + tx_new - tx_ml,"actual=1634, expected=1620.0"
CRS010,2024-09-30,R11,tx_curr should approximately equal previous tx_curr + tx_new - tx_ml,"actual=336, expected=379.0"
KAD008,2022-07-31,R11,tx_curr should approximately equal previous tx_curr + tx_new - tx_ml,"actual=1229, expected=1162.0"
KAD010,2022-02-01,R11,tx_curr should approximately equal previous tx_curr + tx_new - tx_ml,"actual=937, expected=948.0"
BEN001,2022-10-31,R11,tx_curr should approximately equal previous tx_curr + tx_new - tx_ml,"actual=2004, expected=2076.0"
LAG010,2024-08-31,R11,tx_curr should approximately equal previous tx_curr + tx_new - tx_ml,"actual=986, expected=961.0"
RIV013,2024-04-30,R11,tx_curr should approximately equal previous tx_curr + tx_new - tx_ml,"actual=2121, expected=2099.0"
FCT012,2023-01-01,R11,tx_curr should approximately equal previous tx_curr + tx_new - tx_ml,"actual=2752, expected=2733.0"
NAS013,2022-04-30,R11,tx_curr should approximately equal previous tx_curr + tx_new - tx_ml,"actual=1604, expected=1629.0"
LAG009,2022-07-31,R11,tx_curr should approximately equal previous tx_curr + tx_new - tx_ml,"actual=2737, expected=2654.0"
KAD010,2024-03-31,R11,tx_curr should approximately equal previous tx_curr + tx_new - tx_ml,"actual=956, expected=929.0"
KAD004,2022-09-30,R11,tx_curr should approximately equal previous tx_curr + tx_new - tx_ml,"actual=4074, expected=4014.0"
LAG008,2023-12-31,R11,tx_curr should approximately equal previous tx_curr + tx_new - tx_ml,"actual=759, expected=893.0"
AKS012,2023-01-31,R11,tx_curr should approximately equal previous tx_curr + tx_new - tx_ml,"actual=746, expected=1251.0"
AKS005,2024-03-01,R11,tx_curr should approximately equal previous tx_curr + tx_new - tx_ml,"actual=1021, expected=1228.0"
LAG006,2023-07-31,R11,tx_curr should approximately equal previous tx_curr + tx_new - tx_ml,"actual=4896, expected=5358.0"
KAD011,2024-06-30,R11,tx_curr should approximately equal previous tx_curr + tx_new - tx_ml,"actual=578, expected=546.0"
LAG011,2023-01-31,R11,tx_curr should approximately equal previous tx_curr + tx_new - tx_ml,"actual=1729, expected=1701.0"
CRS011,2022-09-30,R11,tx_curr should approximately equal previous tx_curr + tx_new - tx_ml,"actual=450, expected=451.0"
BEN001,2024-04-01,R11,tx_curr should approximately equal previous tx_curr + tx_new - tx_ml,"actual=1770, expected=2000.0"
FCT001,2024-07-31,R11,tx_curr should approximately equal previous tx_curr + tx_new - tx_ml,"actual=1178, expected=1281.0"
FCT012,2024-01-31,R11,tx_curr should approximately equal previous tx_curr + tx_new - tx_ml,"actual=2865, expected=2759.0"
TMP001,2022-11-30,R11,tx_curr should approximately equal previous tx_curr + tx_new - tx_ml,"actual=623, expected=260.0"
RIV004,2024-05-31,R11,tx_curr should approximately equal previous tx_curr + tx_new - tx_ml,"actual=836, expected=853.0"
CRS013,2022-02-28,R11,tx_curr should approximately equal previous tx_curr + tx_new - tx_ml,"actual=912, expected=723.0"
NAS010,2022-08-31,R11,tx_curr should approximately equal previous tx_curr + tx_new - tx_ml,"actual=4717, expected=5083.0"
AKS002,2022-08-31,R11,tx_curr should approximately equal previous tx_curr + tx_new - tx_ml,"actual=667, expected=647.0"
TMP001,2024-09-30,R11,tx_curr should approximately equal previous tx_curr + tx_new - tx_ml,"actual=421, expected=628.0"
KAD003,2024-10-31,R11,tx_curr should approximately equal previous tx_curr + tx_new - tx_ml,"actual=3081, expected=2827.0"
CRS006,2022-04-30,R11,tx_curr should approximately equal previous tx_curr + tx_new - tx_ml,"actual=1279, expected=1315.0"
KAD002,2023-06-30,R11,tx_curr should approximately equal previous tx_curr + tx_new - tx_ml,"actual=3978, expected=3847.0"
NAS009,2022-09-30,R11,tx_curr should approximately equal previous tx_curr + tx_new - tx_ml,"actual=479, expected=487.0"
LAG009,2023-06-30,R11,tx_curr should approximately equal previous tx_curr + tx_new - tx_ml,"actual=2507, expected=2702.0"
AKS007,2024-12-31,R11,tx_curr should approximately equal previous tx_curr + tx_new - tx_ml,"actual=4996, expected=6185.0"
CRS011,2024-11-30,R11,tx_curr should approximately equal previous tx_curr + tx_new - tx_ml,"actual=504, expected=453.0"
XXX999,2022-12-31,R11,tx_curr should approximately equal previous tx_curr + tx_new - tx_ml,"actual=248, expected=4930.0"
NAS001,2023-12-31,R11,tx_curr should approximately equal previous tx_curr + tx_new - tx_ml,"actual=420, expected=492.0"
BEN005,2024-12-01,R11,tx_curr should approximately equal previous tx_curr + tx_new - tx_ml,"actual=593, expected=430.0"
KAD015,2023-02-28,R11,tx_curr should approximately equal previous tx_curr + tx_new - tx_ml,"actual=1753, expected=1699.0"
KAD008,2022-01-31,R11,tx_curr should approximately equal previous tx_curr + tx_new - tx_ml,"actual=1264, expected=1223.0"
LAG007,2022-06-30,R11,tx_curr should approximately equal previous tx_curr + tx_new - tx_ml,"actual=428, expected=622.0"
AKS010,2022-02-28,R11,tx_curr should approximately equal previous tx_curr + tx_new - tx_ml,"actual=1837, expected=1796.0"
BEN013,2024-06-30,R11,tx_curr should approximately equal previous tx_curr + tx_new - tx_ml,"actual=793, expected=723.0"
KAD003,2023-08-31,R11,tx_curr should approximately equal previous tx_curr + tx_new - tx_ml,"actual=2747, expected=3121.0"
FCT002,2023-05-31,R11,tx_curr should approximately equal previous tx_curr + tx_new - tx_ml,"actual=587, expected=579.0"
BEN006,2022-06-30,R11,tx_curr should approximately equal previous tx_curr + tx_new - tx_ml,"actual=314, expected=374.0"
CRS002,2023-01-01,R11,tx_curr should approximately equal previous tx_curr + tx_new - tx_ml,"actual=197, expected=172.0"
RIV003,2022-09-30,R11,tx_curr should approximately equal previous tx_curr + tx_new - tx_ml,"actual=1054, expected=1093.0"
CRS015,2024-11-30,R11,tx_curr should approximately equal previous tx_curr + tx_new - tx_ml,"actual=472, expected=612.0"
KAD011,2024-05-31,R11,tx_curr should approximately equal previous tx_curr + tx_new - tx_ml,"actual=582, expected=573.0"
FCT012,2023-11-30,R11,tx_curr should approximately equal previous tx_curr + tx_new - tx_ml,"actual=2850, expected=2873.0"
NAS012,2024-11-30,R11,tx_curr should approximately equal previous tx_curr + tx_new - tx_ml,"actual=1358, expected=1325.0"
BEN010,2024-03-31,R11,tx_curr should approximately equal previous tx_curr + tx_new - tx_ml,"actual=721, expected=833.0"
RIV010,2024-06-30,R11,tx_curr should approximately equal previous tx_curr + tx_new - tx_ml,"actual=2945, expected=2999.0"
CRS006,2024-06-30,R11,tx_curr should approximately equal previous tx_curr + tx_new - tx_ml,"actual=1409, expected=1297.0"
AKS003,2024-04-30,R11,tx_curr should approximately equal previous tx_curr + tx_new - tx_ml,"actual=417, expected=378.0"
NAS012,2022-07-31,R11,tx_curr should approximately equal previous tx_curr + tx_new - tx_ml,"actual=1348, expected=1368.0"
KAD009,2023-07-31,R11,tx_curr should approximately equal previous tx_curr + tx_new - tx_ml,"actual=833, expected=750.0"
LAG008,2024-07-01,R11,tx_curr should approximately equal previous tx_curr + tx_new - tx_ml,"actual=720, expected=758.0"
BEN008,2023-06-01,R11,tx_curr should approximately equal previous tx_curr + tx_new - tx_ml,"actual=6274, expected=6311.0"
AKS014,2024-04-30,R11,tx_curr should approximately equal previous tx_curr + tx_new - tx_ml,"actual=609, expected=616.0"
NAS015,2023-08-31,R11,tx_curr should approximately equal previous tx_curr + tx_new - tx_ml,"actual=3214, expected=3232.0"
LAG014,2022-08-31,R11,tx_curr should approximately equal previous tx_curr + tx_new - tx_ml,"actual=1951, expected=1592.0"
LAG009,2023-04-30,R11,tx_curr should approximately equal previous tx_curr + tx_new - tx_ml,"actual=2535, expected=2484.0"
KAD008,2022-04-30,R11,tx_curr should approximately equal previous tx_curr + tx_new - tx_ml,"actual=1237, expected=1261.0"
NAS009,2023-03-31,R11,tx_curr should approximately equal previous tx_curr + tx_new - tx_ml,"actual=476, expected=477.0"
AKS014,2024-10-31,R11,tx_curr should approximately equal previous tx_curr + tx_new - tx_ml,"actual=615, expected=613.0"
LAG012,2023-02-28,R11,tx_curr should approximately equal previous tx_curr + tx_new - tx_ml,"actual=631, expected=666.0"
NAS009,2023-05-01,R11,tx_curr should approximately equal previous tx_curr + tx_new - tx_ml,"actual=473, expected=476.0"
CRS013,2022-08-31,R11,tx_curr should approximately equal previous tx_curr + tx_new - tx_ml,"actual=865, expected=899.0"
KAD002,2022-11-30,R11,tx_curr should approximately equal previous tx_curr + tx_new - tx_ml,"actual=4283, expected=3959.0"
RIV002,2024-06-30,R11,tx_curr should approximately equal previous tx_curr + tx_new - tx_ml,"actual=4219, expected=4230.0"
CRS014,2024-04-30,R11,tx_curr should approximately equal previous tx_curr + tx_new - tx_ml,"actual=181, expected=101.0"
LAG003,2023-04-30,R11,tx_curr should approximately equal previous tx_curr + tx_new - tx_ml,"actual=6480, expected=6298.0"
KAD003,2022-08-31,R11,tx_curr should approximately equal previous tx_curr + tx_new - tx_ml,"actual=2575, expected=2774.0"
BEN014,2023-02-28,R11,tx_curr should approximately equal previous tx_curr + tx_new - tx_ml,"actual=842, expected=873.0"
LAG015,2024-03-31,R11,tx_curr should approximately equal previous tx_curr + tx_new - tx_ml,"actual=1082, expected=1081.0"
BEN003,2023-10-31,R11,tx_curr should approximately equal previous tx_curr + tx_new - tx_ml,"actual=2435, expected=2305.0"
AKS005,2024-07-31,R11,tx_curr should approximately equal previous tx_curr + tx_new - tx_ml,"actual=979, expected=1015.0"
CRS003,2024-11-30,R11,tx_curr should approximately equal previous tx_curr + tx_new - tx_ml,"actual=5032, expected=5133.0"
FCT012,2023-07-31,R11,tx_curr should approximately equal previous tx_curr + tx_new - tx_ml,"actual=2804, expected=2881.0"
AKS007,2022-02-28,R11,tx_curr should approximately equal previous tx_curr + tx_new - tx_ml,"actual=6866, expected=4989.0"
CRS008,2024-08-31,R11,tx_curr should approximately equal previous tx_curr + tx_new - tx_ml,"actual=2141, expected=2213.0"
LAG099,2023-07-31,R11,tx_curr should approximately equal previous tx_curr + tx_new - tx_ml,"actual=1324, expected=435.0"
NAS015,2023-11-30,R11,tx_curr should approximately equal previous tx_curr + tx_new - tx_ml,"actual=3222, expected=3203.0"
BEN001,2024-11-30,R11,tx_curr should approximately equal previous tx_curr + tx_new - tx_ml,"actual=1650, expected=1746.0"
CRS007,2024-04-30,R11,tx_curr should approximately equal previous tx_curr + tx_new - tx_ml,"actual=307, expected=306.0"
RIV001,2024-04-30,R11,tx_curr should approximately equal previous tx_curr + tx_new - tx_ml,"actual=859, expected=830.0"
LAG011,2024-06-30,R11,tx_curr should approximately equal previous tx_curr + tx_new - tx_ml,"actual=1581, expected=1721.0"
NAS015,2023-10-31,R11,tx_curr should approximately equal previous tx_curr + tx_new - tx_ml,"actual=3233, expected=3242.0"
BEN013,2024-02-29,R11,tx_curr should approximately equal previous tx_curr + tx_new - tx_ml,"actual=720, expected=820.0"
NAS009,2023-12-01,R11,tx_curr should approximately equal previous tx_curr + tx_new - tx_ml,"actual=477, expected=468.0"
NAS007,2022-11-30,R11,tx_curr should approximately equal previous tx_curr + tx_new - tx_ml,"actual=2428, expected=2191.0"
FCT007,2023-07-31,R11,tx_curr should approximately equal previous tx_curr + tx_new - tx_ml,"actual=4316, expected=4260.0"
KAD011,2024-09-30,R11,tx_curr should approximately equal previous tx_curr + tx_new - tx_ml,"actual=582, expected=574.0"
CRS002,2024-01-31,R11,tx_curr should approximately equal previous tx_curr + tx_new - tx_ml,"actual=246, expected=196.0"
NAS014,2022-10-31,R11,tx_curr should approximately equal previous tx_curr + tx_new - tx_ml,"actual=4814, expected=4645.0"
RIV003,2022-07-31,R11,tx_curr should approximately equal previous tx_curr + tx_new - tx_ml,"actual=1063, expected=1053.0"
RIV002,2022-01-31,R11,tx_curr should approximately equal previous tx_curr + tx_new - tx_ml,"actual=4996, expected=4208.0"
LAG011,2024-05-01,R11,tx_curr should approximately equal previous tx_curr + tx_new - tx_ml,"actual=1589, expected=1561.0"
RIV004,2022-03-31,R11,tx_curr should approximately equal previous tx_curr + tx_new - tx_ml,"actual=878, expected=836.0"
CRS015,2023-12-31,R11,tx_curr should approximately equal previous tx_curr + tx_new - tx_ml,"actual=505, expected=470.0"
AKS005,2023-01-31,R11,tx_curr should approximately equal previous tx_curr + tx_new - tx_ml,"actual=1188, expected=975.0"
LAG014,2022-07-31,R11,tx_curr should approximately equal previous tx_curr + tx_new - tx_ml,"actual=1982, expected=1941.0"
CRS002,2022-12-31,R11,tx_curr should approximately equal previous tx_curr + tx_new - tx_ml,"actual=192, expected=251.0"
LAG014,2023-12-31,R11,tx_curr should approximately equal previous tx_curr + tx_new - tx_ml,"actual=1725, expected=1980.0"
LAG099,2022-10-31,R11,tx_curr should approximately equal previous tx_curr + tx_new - tx_ml,"actual=2459, expected=1289.0"
LAG004,2024-02-29,R11,tx_curr should approximately equal previous tx_curr + tx_new - tx_ml,"actual=621, expected=618.0"
AKS009,2022-06-30,R11,tx_curr should approximately equal previous tx_curr + tx_new - tx_ml,"actual=237, expected=225.0"
LAG012,2023-05-31,R11,tx_curr should approximately equal previous tx_curr + tx_new - tx_ml,"actual=635, expected=624.0"
AKS003,2023-12-31,R11,tx_curr should approximately equal previous tx_curr + tx_new - tx_ml,"actual=385, expected=425.0"
NAS002,2023-04-30,R11,tx_curr should approximately equal previous tx_curr + tx_new - tx_ml,"actual=305, expected=308.0"
BEN013,2022-06-30,R11,tx_curr should approximately equal previous tx_curr + tx_new - tx_ml,"actual=373, expected=749.0"
AKS007,2024-01-31,R11,tx_curr should approximately equal previous tx_curr + tx_new - tx_ml,"actual=5481, expected=6823.0"
LAG013,2024-09-30,R11,tx_curr should approximately equal previous tx_curr + tx_new - tx_ml,"actual=6324, expected=6109.0"
FCT013,2023-11-30,R11,tx_curr should approximately equal previous tx_curr + tx_new - tx_ml,"actual=1291, expected=1250.0"
BEN013,2022-02-01,R11,tx_curr should approximately equal previous tx_curr + tx_new - tx_ml,"actual=294, expected=379.0"
LAG013,2022-10-01,R11,tx_curr should approximately equal previous tx_curr + tx_new - tx_ml,"actual=6087, expected=6334.0"
NAS006,2024-03-31,R11,tx_curr should approximately equal previous tx_curr + tx_new - tx_ml,"actual=943, expected=956.0"
AKS010,2024-06-30,R11,tx_curr should approximately equal previous tx_curr + tx_new - tx_ml,"actual=1592, expected=1840.0"
RIV007,2022-04-30,R11,tx_curr should approximately equal previous tx_curr + tx_new - tx_ml,"actual=717, expected=654.0"
CRS008,2024-06-30,R11,tx_curr should approximately equal previous tx_curr + tx_new - tx_ml,"actual=2143, expected=2130.0"
CRS005,2024-02-29,R11,tx_curr should approximately equal previous tx_curr + tx_new - tx_ml,"actual=4171, expected=4096.0"
CRS003,2022-06-30,R11,tx_curr should approximately equal previous tx_curr + tx_new - tx_ml,"actual=5560, expected=5018.0"
XXX999,2024-10-31,R11,tx_curr should approximately equal previous tx_curr + tx_new - tx_ml,"actual=709, expected=258.0"
KAD010,2024-05-31,R11,tx_curr should approximately equal previous tx_curr + tx_new - tx_ml,"actual=956, expected=949.0"
BEN015,2022-10-31,R11,tx_curr should approximately equal previous tx_curr + tx_new - tx_ml,"actual=846, expected=843.0"
NAS013,2023-02-28,R11,tx_curr should approximately equal previous tx_curr + tx_new - tx_ml,"actual=1634, expected=1595.0"
AKS001,2024-06-30,R11,tx_curr should approximately equal previous tx_curr + tx_new - tx_ml,"actual=321, expected=325.0"
BEN010,2024-06-30,R11,tx_curr should approximately equal previous tx_curr + tx_new - tx_ml,"actual=709, expected=720.0"
CRS004,2023-05-31,R11,tx_curr should approximately equal previous tx_curr + tx_new - tx_ml,"actual=459, expected=475.0"
RIV009,2024-06-30,R11,tx_curr should approximately equal previous tx_curr + tx_new - tx_ml,"actual=775, expected=812.0"
NAS003,2022-12-31,R11,tx_curr should approximately equal previous tx_curr + tx_new - tx_ml,"actual=1739, expected=1619.0"
AKS005,2024-10-31,R11,tx_curr should approximately equal previous tx_curr + tx_new - tx_ml,"actual=946, expected=1171.0"
KAD002,2022-10-31,R11,tx_curr should approximately equal previous tx_curr + tx_new - tx_ml,"actual=4302, expected=4245.0"
LAG008,2022-09-30,R11,tx_curr should approximately equal previous tx_curr + tx_new - tx_ml,"actual=851, expected=712.0"
FCT003,2022-09-30,R11,tx_curr should approximately equal previous tx_curr + tx_new - tx_ml,"actual=6358, expected=5711.0"
TMP001,2024-05-31,R11,tx_curr should approximately equal previous tx_curr + tx_new - tx_ml,"actual=2219, expected=392.0"
RIV012,2024-01-01,R11,tx_curr should approximately equal previous tx_curr + tx_new - tx_ml,"actual=995, expected=1038.0"
NAS999,2024-12-31,R11,tx_curr should approximately equal previous tx_curr + tx_new - tx_ml,"actual=2311, expected=878.0"
CRS001,2023-08-31,R11,tx_curr should approximately equal previous tx_curr + tx_new - tx_ml,"actual=690, expected=683.0"
AKS003,2022-02-28,R11,tx_curr should approximately equal previous tx_curr + tx_new - tx_ml,"actual=130, expected=387.0"
AKS013,2023-02-28,R11,tx_curr should approximately equal previous tx_curr + tx_new - tx_ml,"actual=576, expected=507.0"
BEN010,2024-04-30,R11,tx_curr should approximately equal previous tx_curr + tx_new - tx_ml,"actual=710, expected=698.0"
BEN002,2022-08-31,R11,tx_curr should approximately equal previous tx_curr + tx_new - tx_ml,"actual=4881, expected=4636.0"
LAG014,2023-08-31,R11,tx_curr should approximately equal previous tx_curr + tx_new - tx_ml,"actual=1791, expected=1722.0"
CRS010,2024-12-31,R11,tx_curr should approximately equal previous tx_curr + tx_new - tx_ml,"actual=331, expected=335.0"
BEN007,2024-06-30,R11,tx_curr should approximately equal previous tx_curr + tx_new - tx_ml,"actual=1844, expected=2279.0"
KAD012,2023-02-28,R11,tx_curr should approximately equal previous tx_curr + tx_new - tx_ml,"actual=641, expected=623.0"
RIV015,2022-01-31,R11,tx_curr should approximately equal previous tx_curr + tx_new - tx_ml,"actual=2512, expected=2183.0"
AKS002,2023-05-31,R11,tx_curr should approximately equal previous tx_curr + tx_new - tx_ml,"actual=622, expected=664.0"
AKS012,2022-07-31,R11,tx_curr should approximately equal previous tx_curr + tx_new - tx_ml,"actual=511, expected=779.0"
FCT003,2023-11-30,R11,tx_curr should approximately equal previous tx_curr + tx_new - tx_ml,"actual=5456, expected=6297.0"
LAG010,2023-11-30,R11,tx_curr should approximately equal previous tx_curr + tx_new - tx_ml,"actual=955, expected=986.0"
AKS013,2022-05-31,R11,tx_curr should approximately equal previous tx_curr + tx_new - tx_ml,"actual=522, expected=588.0"
BEN010,2023-08-31,R11,tx_curr should approximately equal previous tx_curr + tx_new - tx_ml,"actual=744, expected=707.0"
CRS004,2024-01-01,R11,tx_curr should approximately equal previous tx_curr + tx_new - tx_ml,"actual=455, expected=458.0"
CRS004,2023-08-31,R11,tx_curr should approximately equal previous tx_curr + tx_new - tx_ml,"actual=459, expected=451.0"
RIV001,2024-01-31,R11,tx_curr should approximately equal previous tx_curr + tx_new - tx_ml,"actual=894, expected=855.0"
LAG005,2022-06-30,R11,tx_curr should approximately equal previous tx_curr + tx_new - tx_ml,"actual=1531, expected=1725.0"
NAS004,2022-04-30,R11,tx_curr should approximately equal previous tx_curr + tx_new - tx_ml,"actual=428, expected=453.0"
AKS001,2024-03-31,R11,tx_curr should approximately equal previous tx_curr + tx_new - tx_ml,"actual=322, expected=324.0"
BEN012,2022-05-31,R11,tx_curr should approximately equal previous tx_curr + tx_new - tx_ml,"actual=480, expected=466.0"
BEN015,2023-02-01,R11,tx_curr should approximately equal previous tx_curr + tx_new - tx_ml,"actual=816, expected=833.0"
AKS006,2024-11-30,R11,tx_curr should approximately equal previous tx_curr + tx_new - tx_ml,"actual=520, expected=445.0"
AKS013,2023-07-31,R11,tx_curr should approximately equal previous tx_curr + tx_new - tx_ml,"actual=610, expected=536.0"
FCT009,2023-05-31,R11,tx_curr should approximately equal previous tx_curr + tx_new - tx_ml,"actual=457, expected=451.0"
LAG003,2023-06-30,R11,tx_curr should approximately equal previous tx_curr + tx_new - tx_ml,"actual=6575, expected=6554.0"
FCT001,2023-07-31,R11,tx_curr should approximately equal previous tx_curr + tx_new - tx_ml,"actual=1270, expected=1178.0"
AKS006,2022-04-30,R11,tx_curr should approximately equal previous tx_curr + tx_new - tx_ml,"actual=232, expected=529.0"
KAD006,2023-02-01,R11,tx_curr should approximately equal previous tx_curr + tx_new - tx_ml,"actual=1611, expected=1605.0"
BEN003,2022-06-30,R11,tx_curr should approximately equal previous tx_curr + tx_new - tx_ml,"actual=2588, expected=2431.0"
AKS009,2024-10-31,R11,tx_curr should approximately equal previous tx_curr + tx_new - tx_ml,"actual=235, expected=239.0"
CRS012,2023-09-30,R11,tx_curr should approximately equal previous tx_curr + tx_new - tx_ml,"actual=775, expected=752.0"
KAD007,2023-02-28,R11,tx_curr should approximately equal previous tx_curr + tx_new - tx_ml,"actual=1126, expected=1124.0"
RIV004,2022-08-31,R11,tx_curr should approximately equal previous tx_curr + tx_new - tx_ml,"actual=874, expected=879.0"
NAS015,2024-04-30,R11,tx_curr should approximately equal previous tx_curr + tx_new - tx_ml,"actual=3262, expected=3242.0"
LAG003,2023-03-01,R11,tx_curr should approximately equal previous tx_curr + tx_new - tx_ml,"actual=6500, expected=6680.0"
KAD010,2023-07-31,R11,tx_curr should approximately equal previous tx_curr + tx_new - tx_ml,"actual=967, expected=965.0"
KAD009,2024-06-30,R11,tx_curr should approximately equal previous tx_curr + tx_new - tx_ml,"actual=944, expected=849.0"
NAS999,2023-12-31,R11,tx_curr should approximately equal previous tx_curr + tx_new - tx_ml,"actual=2441, expected=2292.0"
BEN004,2022-05-31,R11,tx_curr should approximately equal previous tx_curr + tx_new - tx_ml,"actual=368, expected=433.0"
AKS004,2023-03-31,R11,tx_curr should approximately equal previous tx_curr + tx_new - tx_ml,"actual=968, expected=950.0"
CRS003,2024-06-30,R11,tx_curr should approximately equal previous tx_curr + tx_new - tx_ml,"actual=5101, expected=5529.0"
FCT007,2022-07-31,R11,tx_curr should approximately equal previous tx_curr + tx_new - tx_ml,"actual=4466, expected=4289.0"
AKS002,2022-09-30,R11,tx_curr should approximately equal previous tx_curr + tx_new - tx_ml,"actual=656, expected=611.0"
AKS009,2022-02-01,R11,tx_curr should approximately equal previous tx_curr + tx_new - tx_ml,"actual=242, expected=238.0"
FCT010,2023-07-31,R11,tx_curr should approximately equal previous tx_curr + tx_new - tx_ml,"actual=378, expected=413.0"
KAD010,2022-09-01,R11,tx_curr should approximately equal previous tx_curr + tx_new - tx_ml,"actual=948, expected=968.0"
LAG005,2024-03-31,R11,tx_curr should approximately equal previous tx_curr + tx_new - tx_ml,"actual=1785, expected=1558.0"
BEN004,2022-01-01,R11,tx_curr should approximately equal previous tx_curr + tx_new - tx_ml,"actual=351, expected=366.0"
NAS006,2022-03-01,R11,tx_curr should approximately equal previous tx_curr + tx_new - tx_ml,"actual=1041, expected=945.0"
BEN015,2023-09-30,R11,tx_curr should approximately equal previous tx_curr + tx_new - tx_ml,"actual=766, expected=807.0"
LAG014,2023-03-01,R11,tx_curr should approximately equal previous tx_curr + tx_new - tx_ml,"actual=1857, expected=1782.0"
FCT004,2023-08-31,R11,tx_curr should approximately equal previous tx_curr + tx_new - tx_ml,"actual=1302, expected=1258.0"
NAS003,2024-05-31,R11,tx_curr should approximately equal previous tx_curr + tx_new - tx_ml,"actual=1490, expected=1720.0"
NAS999,2022-02-01,R11,tx_curr should approximately equal previous tx_curr + tx_new - tx_ml,"actual=2386, expected=2400.0"
AKS015,2024-07-31,R11,tx_curr should approximately equal previous tx_curr + tx_new - tx_ml,"actual=2422, expected=2475.0"
NAS015,2024-09-30,R11,tx_curr should approximately equal previous tx_curr + tx_new - tx_ml,"actual=3389, expected=3304.0"
LAG013,2023-08-31,R11,tx_curr should approximately equal previous tx_curr + tx_new - tx_ml,"actual=6071, expected=6099.0"
BEN013,2024-05-31,R11,tx_curr should approximately equal previous tx_curr + tx_new - tx_ml,"actual=763, expected=312.0"
LAG099,2023-12-01,R11,tx_curr should approximately equal previous tx_curr + tx_new - tx_ml,"actual=1216, expected=2445.0"
KAD005,2024-02-29,R11,tx_curr should approximately equal previous tx_curr + tx_new - tx_ml,"actual=364, expected=284.0"
CRS004,2024-03-31,R11,tx_curr should approximately equal previous tx_curr + tx_new - tx_ml,"actual=451, expected=456.0"
LAG015,2024-05-31,R11,tx_curr should approximately equal previous tx_curr + tx_new - tx_ml,"actual=1078, expected=1076.0"
LAG014,2023-01-31,R11,tx_curr should approximately equal previous tx_curr + tx_new - tx_ml,"actual=1886, expected=1861.0"
BEN015,2024-07-31,R11,tx_curr should approximately equal previous tx_curr + tx_new - tx_ml,"actual=736, expected=755.0"
RIV003,2024-12-01,R11,tx_curr should approximately equal previous tx_curr + tx_new - tx_ml,"actual=1075, expected=1058.0"
BEN012,2024-02-29,R11,tx_curr should approximately equal previous tx_curr + tx_new - tx_ml,"actual=460, expected=482.0"
FCT004,2023-01-31,R11,tx_curr should approximately equal previous tx_curr + tx_new - tx_ml,"actual=1305, expected=1303.0"
BEN012,2024-06-30,R11,tx_curr should approximately equal previous tx_curr + tx_new - tx_ml,"actual=462, expected=465.0"
CRS012,2024-03-31,R11,tx_curr should approximately equal previous tx_curr + tx_new - tx_ml,"actual=761, expected=770.0"
CRS005,2024-04-30,R11,tx_curr should approximately equal previous tx_curr + tx_new - tx_ml,"actual=4175, expected=4178.0"
AKS009,2022-04-30,R11,tx_curr should approximately equal previous tx_curr + tx_new - tx_ml,"actual=240, expected=238.0"
XXX999,2023-11-30,R11,tx_curr should approximately equal previous tx_curr + tx_new - tx_ml,"actual=643, expected=706.0"
BEN005,2023-02-28,R11,tx_curr should approximately equal previous tx_curr + tx_new - tx_ml,"actual=476, expected=603.0"
FCT006,2023-10-31,R11,tx_curr should approximately equal previous tx_curr + tx_new - tx_ml,"actual=2188, expected=2293.0"
KAD003,2024-07-31,R11,tx_curr should approximately equal previous tx_curr + tx_new - tx_ml,"actual=2958, expected=2635.0"
LAG007,2024-07-31,R11,tx_curr should approximately equal previous tx_curr + tx_new - tx_ml,"actual=631, expected=443.0"
FCT009,2022-08-31,R11,tx_curr should approximately equal previous tx_curr + tx_new - tx_ml,"actual=442, expected=458.0"
AKS008,2022-12-31,R11,tx_curr should approximately equal previous tx_curr + tx_new - tx_ml,"actual=86, expected=83.0"
NAS999,2022-02-28,R11,tx_curr should approximately equal previous tx_curr + tx_new - tx_ml,"actual=355, expected=2390.0"
CRS003,2022-07-31,R11,tx_curr should approximately equal previous tx_curr + tx_new - tx_ml,"actual=5532, expected=5073.0"
FCT006,2022-10-31,R11,tx_curr should approximately equal previous tx_curr + tx_new - tx_ml,"actual=2304, expected=2175.0"
RIV006,2023-02-28,R11,tx_curr should approximately equal previous tx_curr + tx_new - tx_ml,"actual=2525, expected=2718.0"
AKS002,2023-09-30,R11,tx_curr should approximately equal previous tx_curr + tx_new - tx_ml,"actual=601, expected=648.0"
FCT015,2024-08-31,R11,tx_curr should approximately equal previous tx_curr + tx_new - tx_ml,"actual=753, expected=777.0"
FCT005,2023-12-31,R11,tx_curr should approximately equal previous tx_curr + tx_new - tx_ml,"actual=535, expected=507.0"
FCT004,2022-05-31,R11,tx_curr should approximately equal previous tx_curr + tx_new - tx_ml,"actual=1348, expected=1303.0"
RIV004,2024-09-30,R11,tx_curr should approximately equal previous tx_curr + tx_new - tx_ml,"actual=855, expected=880.0"
BEN005,2022-12-31,R11,tx_curr should approximately equal previous tx_curr + tx_new - tx_ml,"actual=462, expected=483.0"
AKS006,2023-12-31,R11,tx_curr should approximately equal previous tx_curr + tx_new - tx_ml,"actual=419, expected=246.0"
LAG005,2024-01-31,R11,tx_curr should approximately equal previous tx_curr + tx_new - tx_ml,"actual=1770, expected=1792.0"
NAS999,2023-07-31,R11,tx_curr should approximately equal previous tx_curr + tx_new - tx_ml,"actual=968, expected=351.0"
BEN007,2022-01-01,R11,tx_curr should approximately equal previous tx_curr + tx_new - tx_ml,"actual=2427, expected=1836.0"
RIV008,2023-06-30,R11,tx_curr should approximately equal previous tx_curr + tx_new - tx_ml,"actual=4050, expected=4023.0"
BEN015,2024-06-30,R11,tx_curr should approximately equal previous tx_curr + tx_new - tx_ml,"actual=747, expected=733.0"
LAG004,2024-04-01,R11,tx_curr should approximately equal previous tx_curr + tx_new - tx_ml,"actual=615, expected=622.0"
NAS011,2022-12-31,R11,tx_curr should approximately equal previous tx_curr + tx_new - tx_ml,"actual=2688, expected=2391.0"
RIV004,2024-11-30,R11,tx_curr should approximately equal previous tx_curr + tx_new - tx_ml,"actual=853, expected=847.0"
NAS011,2023-07-01,R11,tx_curr should approximately equal previous tx_curr + tx_new - tx_ml,"actual=2601, expected=2696.0"
KAD001,2024-09-30,R11,tx_curr should approximately equal previous tx_curr + tx_new - tx_ml,"actual=741, expected=778.0"
FCT008,2024-08-31,R11,tx_curr should approximately equal previous tx_curr + tx_new - tx_ml,"actual=4744, expected=5181.0"
BEN006,2022-05-31,R11,tx_curr should approximately equal previous tx_curr + tx_new - tx_ml,"actual=315, expected=320.0"
AKS004,2022-06-30,R11,tx_curr should approximately equal previous tx_curr + tx_new - tx_ml,"actual=988, expected=966.0"
AKS008,2024-11-30,R11,tx_curr should approximately equal previous tx_curr + tx_new - tx_ml,"actual=94, expected=86.0"
BEN004,2024-05-31,R11,tx_curr should approximately equal previous tx_curr + tx_new - tx_ml,"actual=405, expected=351.0"
BEN006,2023-01-31,R11,tx_curr should approximately equal previous tx_curr + tx_new - tx_ml,"actual=330, expected=320.0"
BEN007,2022-11-30,R11,tx_curr should approximately equal previous tx_curr + tx_new - tx_ml,"actual=2195, expected=2398.0"
AKS001,2023-01-31,R11,tx_curr should approximately equal previous tx_curr + tx_new - tx_ml,"actual=307, expected=318.0"
NAS002,2024-05-31,R11,tx_curr should approximately equal previous tx_curr + tx_new - tx_ml,"actual=301, expected=306.0"
KAD006,2022-12-31,R11,tx_curr should approximately equal previous tx_curr + tx_new - tx_ml,"actual=1590, expected=1615.0"
AKS009,2024-11-30,R11,tx_curr should approximately equal previous tx_curr + tx_new - tx_ml,"actual=235, expected=240.0"
KAD010,2022-06-30,R11,tx_curr should approximately equal previous tx_curr + tx_new - tx_ml,"actual=951, expected=945.0"
RIV014,2023-08-31,R11,tx_curr should approximately equal previous tx_curr + tx_new - tx_ml,"actual=648, expected=621.0"
CRS004,2022-06-30,R11,tx_curr should approximately equal previous tx_curr + tx_new - tx_ml,"actual=467, expected=452.0"
BEN011,2022-01-31,R11,tx_curr should approximately equal previous tx_curr + tx_new - tx_ml,"actual=298, expected=401.0"
RIV006,2023-05-31,R11,tx_curr should approximately equal previous tx_curr + tx_new - tx_ml,"actual=2497, expected=2514.0"
BEN001,2024-03-01,R11,tx_curr should approximately equal previous tx_curr + tx_new - tx_ml,"actual=1774, expected=1650.0"
CRS009,2023-01-31,R11,tx_curr should approximately equal previous tx_curr + tx_new - tx_ml,"actual=821, expected=885.0"
KAD013,2024-06-30,R11,tx_curr should approximately equal previous tx_curr + tx_new - tx_ml,"actual=3025, expected=1466.0"
LAG099,2024-07-01,R11,tx_curr should approximately equal previous tx_curr + tx_new - tx_ml,"actual=6866, expected=1308.0"
FCT001,2023-09-30,R11,tx_curr should approximately equal previous tx_curr + tx_new - tx_ml,"actual=1251, expected=1268.0"
FCT013,2022-09-30,R11,tx_curr should approximately equal previous tx_curr + tx_new - tx_ml,"actual=1389, expected=1251.0"
LAG009,2022-01-31,R11,tx_curr should approximately equal previous tx_curr + tx_new - tx_ml,"actual=2887, expected=2513.0"
CRS013,2024-05-31,R11,tx_curr should approximately equal previous tx_curr + tx_new - tx_ml,"actual=755, expected=725.0"
LAG001,2024-08-31,R11,tx_curr should approximately equal previous tx_curr + tx_new - tx_ml,"actual=403, expected=205.0"
RIV015,2024-01-31,R11,tx_curr should approximately equal previous tx_curr + tx_new - tx_ml,"actual=2311, expected=2514.0"
BEN006,2023-08-31,R11,tx_curr should approximately equal previous tx_curr + tx_new - tx_ml,"actual=337, expected=325.0"
CRS005,2023-11-01,R11,tx_curr should approximately equal previous tx_curr + tx_new - tx_ml,"actual=4245, expected=4170.0"
FCT015,2022-04-30,R11,tx_curr should approximately equal previous tx_curr + tx_new - tx_ml,"actual=879, expected=748.0"
CRS014,2024-06-30,R11,tx_curr should approximately equal previous tx_curr + tx_new - tx_ml,"actual=191, expected=183.0"
CRS007,2023-06-01,R11,tx_curr should approximately equal previous tx_curr + tx_new - tx_ml,"actual=300, expected=305.0"
KAD011,2023-02-28,R11,tx_curr should approximately equal previous tx_curr + tx_new - tx_ml,"actual=555, expected=581.0"
NAS015,2023-04-01,R11,tx_curr should approximately equal previous tx_curr + tx_new - tx_ml,"actual=3168, expected=3376.0"
KAD013,2022-03-31,R11,tx_curr should approximately equal previous tx_curr + tx_new - tx_ml,"actual=1439, expected=3037.0"
CRS005,2022-06-30,R11,tx_curr should approximately equal previous tx_curr + tx_new - tx_ml,"actual=4586, expected=4262.0"
RIV005,2022-07-31,R11,tx_curr should approximately equal previous tx_curr + tx_new - tx_ml,"actual=1498, expected=1261.0"
NAS002,2023-07-31,R11,tx_curr should approximately equal previous tx_curr + tx_new - tx_ml,"actual=305, expected=302.0"
CRS015,2023-05-01,R11,tx_curr should approximately equal previous tx_curr + tx_new - tx_ml,"actual=546, expected=504.0"
NAS014,2023-04-01,R11,tx_curr should approximately equal previous tx_curr + tx_new - tx_ml,"actual=4804, expected=4831.0"
BEN015,2022-11-30,R11,tx_curr should approximately equal previous tx_curr + tx_new - tx_ml,"actual=843, expected=744.0"
LAG010,2024-09-30,R11,tx_curr should approximately equal previous tx_curr + tx_new - tx_ml,"actual=994, expected=963.0"
NAS014,2023-02-28,R11,tx_curr should approximately equal previous tx_curr + tx_new - tx_ml,"actual=4750, expected=4779.0"
CRS011,2023-12-31,R11,tx_curr should approximately equal previous tx_curr + tx_new - tx_ml,"actual=481, expected=504.0"
KAD006,2024-04-30,R11,tx_curr should approximately equal previous tx_curr + tx_new - tx_ml,"actual=1687, expected=1605.0"
KAD005,2023-09-30,R11,tx_curr should approximately equal previous tx_curr + tx_new - tx_ml,"actual=355, expected=376.0"
XXX999,2023-09-30,R11,tx_curr should approximately equal previous tx_curr + tx_new - tx_ml,"actual=975, expected=679.0"
NAS002,2022-05-31,R11,tx_curr should approximately equal previous tx_curr + tx_new - tx_ml,"actual=317, expected=309.0"
BEN002,2024-05-31,R11,tx_curr should approximately equal previous tx_curr + tx_new - tx_ml,"actual=4373, expected=4846.0"
AKS007,2022-12-31,R11,tx_curr should approximately equal previous tx_curr + tx_new - tx_ml,"actual=6292, expected=5440.0"
NAS012,2023-11-30,R11,tx_curr should approximately equal previous tx_curr + tx_new - tx_ml,"actual=1355, expected=1360.0"
BEN012,2022-12-31,R11,tx_curr should approximately equal previous tx_curr + tx_new - tx_ml,"actual=461, expected=457.0"
BEN015,2022-09-30,R11,tx_curr should approximately equal previous tx_curr + tx_new - tx_ml,"actual=856, expected=846.0"
LAG002,2024-07-01,R11,tx_curr should approximately equal previous tx_curr + tx_new - tx_ml,"actual=6068, expected=5805.0"
BEN010,2022-03-31,R11,tx_curr should approximately equal previous tx_curr + tx_new - tx_ml,"actual=851, expected=731.0"
CRS015,2023-08-31,R11,tx_curr should approximately equal previous tx_curr + tx_new - tx_ml,"actual=529, expected=541.0"
RIV004,2023-06-30,R11,tx_curr should approximately equal previous tx_curr + tx_new - tx_ml,"actual=849, expected=850.0"
KAD011,2023-07-31,R11,tx_curr should approximately equal previous tx_curr + tx_new - tx_ml,"actual=563, expected=554.0"
CRS001,2022-07-31,R11,tx_curr should approximately equal previous tx_curr + tx_new - tx_ml,"actual=666, expected=685.0"
RIV014,2022-10-31,R11,tx_curr should approximately equal previous tx_curr + tx_new - tx_ml,"actual=625, expected=654.0"
BEN006,2022-08-31,R11,tx_curr should approximately equal previous tx_curr + tx_new - tx_ml,"actual=319, expected=342.0"
BEN009,2024-04-30,R11,tx_curr should approximately equal previous tx_curr + tx_new - tx_ml,"actual=436, expected=471.0"
BEN001,2024-05-31,R11,tx_curr should approximately equal previous tx_curr + tx_new - tx_ml,"actual=1769, expected=1773.0"
AKS008,2023-03-31,R11,tx_curr should approximately equal previous tx_curr + tx_new - tx_ml,"actual=85, expected=93.0"
AKS002,2024-04-30,R11,tx_curr should approximately equal previous tx_curr + tx_new - tx_ml,"actual=564, expected=591.0"
FCT002,2024-11-30,R11,tx_curr should approximately equal previous tx_curr + tx_new - tx_ml,"actual=565, expected=581.0"
BEN010,2024-09-30,R11,tx_curr should approximately equal previous tx_curr + tx_new - tx_ml,"actual=699, expected=849.0"
FCT001,2022-12-31,R11,tx_curr should approximately equal previous tx_curr + tx_new - tx_ml,"actual=1298, expected=1239.0"
FCT007,2024-06-30,R11,tx_curr should approximately equal previous tx_curr + tx_new - tx_ml,"actual=4274, expected=4527.0"
BEN003,2024-05-31,R11,tx_curr should approximately equal previous tx_curr + tx_new - tx_ml,"actual=2366, expected=2578.0"
FCT015,2022-07-31,R11,tx_curr should approximately equal previous tx_curr + tx_new - tx_ml,"actual=859, expected=876.0"
KAD010,2023-11-30,R11,tx_curr should approximately equal previous tx_curr + tx_new - tx_ml,"actual=960, expected=939.0"
CRS006,2023-05-31,R11,tx_curr should approximately equal previous tx_curr + tx_new - tx_ml,"actual=1329, expected=1368.0"
LAG099,2024-08-31,R11,tx_curr should approximately equal previous tx_curr + tx_new - tx_ml,"actual=457, expected=6870.0"
AKS015,2022-05-31,R11,tx_curr should approximately equal previous tx_curr + tx_new - tx_ml,"actual=2486, expected=2433.0"
FCT006,2023-04-30,R11,tx_curr should approximately equal previous tx_curr + tx_new - tx_ml,"actual=2217, expected=2287.0"
BEN003,2024-04-01,R11,tx_curr should approximately equal previous tx_curr + tx_new - tx_ml,"actual=2376, expected=2368.0"
RIV015,2023-02-01,R11,tx_curr should approximately equal previous tx_curr + tx_new - tx_ml,"actual=2387, expected=2304.0"
RIV010,2022-02-28,R11,tx_curr should approximately equal previous tx_curr + tx_new - tx_ml,"actual=3398, expected=2947.0"
RIV011,2022-09-30,R11,tx_curr should approximately equal previous tx_curr + tx_new - tx_ml,"actual=874, expected=869.0"
NAS015,2024-01-31,R11,tx_curr should approximately equal previous tx_curr + tx_new - tx_ml,"actual=3217, expected=3136.0"
LAG008,2024-05-01,R11,tx_curr should approximately equal previous tx_curr + tx_new - tx_ml,"actual=721, expected=845.0"
AKS010,2024-11-30,R11,tx_curr should approximately equal previous tx_curr + tx_new - tx_ml,"actual=1580, expected=1576.0"
CRS005,2022-05-31,R11,tx_curr should approximately equal previous tx_curr + tx_new - tx_ml,"actual=4569, expected=4551.0"
AKS009,2022-12-31,R11,tx_curr should approximately equal previous tx_curr + tx_new - tx_ml,"actual=226, expected=232.0"
RIV013,2024-08-31,R11,tx_curr should approximately equal previous tx_curr + tx_new - tx_ml,"actual=2125, expected=2137.0"
BEN012,2024-07-31,R11,tx_curr should approximately equal previous tx_curr + tx_new - tx_ml,"actual=460, expected=459.0"
CRS012,2022-07-31,R11,tx_curr should approximately equal previous tx_curr + tx_new - tx_ml,"actual=821, expected=758.0"
RIV007,2022-06-01,R11,tx_curr should approximately equal previous tx_curr + tx_new - tx_ml,"actual=711, expected=715.0"
LAG014,2024-03-31,R11,tx_curr should approximately equal previous tx_curr + tx_new - tx_ml,"actual=1681, expected=1881.0"
BEN007,2023-10-31,R11,tx_curr should approximately equal previous tx_curr + tx_new - tx_ml,"actual=2016, expected=2322.0"
BEN006,2022-02-28,R11,tx_curr should approximately equal previous tx_curr + tx_new - tx_ml,"actual=303, expected=317.0"
FCT011,2022-10-31,R11,tx_curr should approximately equal previous tx_curr + tx_new - tx_ml,"actual=2237, expected=2317.0"
CRS012,2024-01-31,R11,tx_curr should approximately equal previous tx_curr + tx_new - tx_ml,"actual=766, expected=814.0"
BEN015,2022-01-31,R11,tx_curr should approximately equal previous tx_curr + tx_new - tx_ml,"actual=894, expected=844.0"
NAS015,2023-03-31,R11,tx_curr should approximately equal previous tx_curr + tx_new - tx_ml,"actual=3181, expected=3205.0"
FCT015,2024-11-30,R11,tx_curr should approximately equal previous tx_curr + tx_new - tx_ml,"actual=741, expected=859.0"
AKS004,2022-01-31,R11,tx_curr should approximately equal previous tx_curr + tx_new - tx_ml,"actual=1018, expected=971.0"
LAG001,2022-08-31,R11,tx_curr should approximately equal previous tx_curr + tx_new - tx_ml,"actual=225, expected=412.0"
BEN003,2023-12-31,R11,tx_curr should approximately equal previous tx_curr + tx_new - tx_ml,"actual=2399, expected=2354.0"
AKS002,2023-11-30,R11,tx_curr should approximately equal previous tx_curr + tx_new - tx_ml,"actual=592, expected=560.0"
AKS003,2022-05-31,R11,tx_curr should approximately equal previous tx_curr + tx_new - tx_ml,"actual=161, expected=138.0"
CRS011,2022-12-31,R11,tx_curr should approximately equal previous tx_curr + tx_new - tx_ml,"actual=457, expected=499.0"
AKS011,2022-09-30,R11,tx_curr should approximately equal previous tx_curr + tx_new - tx_ml,"actual=298, expected=336.0"
FCT011,2024-11-30,R11,tx_curr should approximately equal previous tx_curr + tx_new - tx_ml,"actual=1967, expected=2198.0"
RIV007,2024-06-30,R11,tx_curr should approximately equal previous tx_curr + tx_new - tx_ml,"actual=607, expected=704.0"
BEN008,2022-07-31,R11,tx_curr should approximately equal previous tx_curr + tx_new - tx_ml,"actual=6224, expected=6255.0"
BEN008,2024-05-31,R11,tx_curr should approximately equal previous tx_curr + tx_new - tx_ml,"actual=6258, expected=6199.0"
KAD003,2022-03-01,R11,tx_curr should approximately equal previous tx_curr + tx_new - tx_ml,"actual=2590, expected=2929.0"
NAS006,2024-09-30,R11,tx_curr should approximately equal previous tx_curr + tx_new - tx_ml,"actual=931, expected=1049.0"
FCT007,2024-03-31,R11,tx_curr should approximately equal previous tx_curr + tx_new - tx_ml,"actual=4124, expected=4243.0"
CRS013,2022-10-31,R11,tx_curr should approximately equal previous tx_curr + tx_new - tx_ml,"actual=850, expected=751.0"
LAG015,2023-07-01,R11,tx_curr should approximately equal previous tx_curr + tx_new - tx_ml,"actual=1086, expected=1084.0"
KAD005,2023-05-31,R11,tx_curr should approximately equal previous tx_curr + tx_new - tx_ml,"actual=325, expected=365.0"
TMP001,2022-11-30,R11,tx_curr should approximately equal previous tx_curr + tx_new - tx_ml,"actual=871, expected=2218.0"
AKS004,2023-05-31,R11,tx_curr should approximately equal previous tx_curr + tx_new - tx_ml,"actual=958, expected=1017.0"
NAS008,2024-07-31,R11,tx_curr should approximately equal previous tx_curr + tx_new - tx_ml,"actual=748, expected=705.0"
KAD001,2022-02-28,R11,tx_curr should approximately equal previous tx_curr + tx_new - tx_ml,"actual=800, expected=730.0"
NAS015,2024-06-30,R11,tx_curr should approximately equal previous tx_curr + tx_new - tx_ml,"actual=3341, expected=3214.0"
NAS001,2024-02-29,R11,tx_curr should approximately equal previous tx_curr + tx_new - tx_ml,"actual=410, expected=415.0"
LAG007,2023-01-01,R11,tx_curr should approximately equal previous tx_curr + tx_new - tx_ml,"actual=471, expected=625.0"
AKS013,2022-11-30,R11,tx_curr should approximately equal previous tx_curr + tx_new - tx_ml,"actual=563, expected=610.0"
NAS012,2023-06-30,R11,tx_curr should approximately equal previous tx_curr + tx_new - tx_ml,"actual=1321, expected=1353.0"
CRS013,2024-08-31,R11,tx_curr should approximately equal previous tx_curr + tx_new - tx_ml,"actual=740, expected=849.0"
KAD013,2022-11-30,R11,tx_curr should approximately equal previous tx_curr + tx_new - tx_ml,"actual=2046, expected=1541.0"
BEN001,2024-10-31,R11,tx_curr should approximately equal previous tx_curr + tx_new - tx_ml,"actual=1674, expected=1747.0"
NAS008,2024-09-01,R11,tx_curr should approximately equal previous tx_curr + tx_new - tx_ml,"actual=732, expected=739.0"
AKS010,2022-01-31,R11,tx_curr should approximately equal previous tx_curr + tx_new - tx_ml,"actual=1829, expected=1572.0"
FCT007,2024-12-31,R11,tx_curr should approximately equal previous tx_curr + tx_new - tx_ml,"actual=4218, expected=4113.0"
BEN004,2024-02-29,R11,tx_curr should approximately equal previous tx_curr + tx_new - tx_ml,"actual=399, expected=413.0"
BEN004,2023-01-31,R11,tx_curr should approximately equal previous tx_curr + tx_new - tx_ml,"actual=379, expected=402.0"
CRS011,2024-01-31,R11,tx_curr should approximately equal previous tx_curr + tx_new - tx_ml,"actual=483, expected=459.0"
KAD005,2022-01-31,R11,tx_curr should approximately equal previous tx_curr + tx_new - tx_ml,"actual=265, expected=328.0"
RIV013,2024-11-30,R11,tx_curr should approximately equal previous tx_curr + tx_new - tx_ml,"actual=2100, expected=2127.0"
KAD011,2022-10-31,R11,tx_curr should approximately equal previous tx_curr + tx_new - tx_ml,"actual=556, expected=564.0"
BEN005,2024-10-31,R11,tx_curr should approximately equal previous tx_curr + tx_new - tx_ml,"actual=579, expected=457.0"
LAG099,2023-03-31,R11,tx_curr should approximately equal previous tx_curr + tx_new - tx_ml,"actual=646, expected=462.0"
LAG006,2022-05-31,R11,tx_curr should approximately equal previous tx_curr + tx_new - tx_ml,"actual=5474, expected=4360.0"
AKS001,2022-07-31,R11,tx_curr should approximately equal previous tx_curr + tx_new - tx_ml,"actual=313, expected=306.0"
RIV011,2024-09-30,R11,tx_curr should approximately equal previous tx_curr + tx_new - tx_ml,"actual=965, expected=891.0"
AKS013,2022-08-31,R11,tx_curr should approximately equal previous tx_curr + tx_new - tx_ml,"actual=544, expected=573.0"
BEN012,2022-06-30,R11,tx_curr should approximately equal previous tx_curr + tx_new - tx_ml,"actual=479, expected=459.0"
LAG009,2022-12-31,R11,tx_curr should approximately equal previous tx_curr + tx_new - tx_ml,"actual=2638, expected=2870.0"
NAS009,2024-05-31,R11,tx_curr should approximately equal previous tx_curr + tx_new - tx_ml,"actual=481, expected=482.0"
BEN009,2023-03-01,R11,tx_curr should approximately equal previous tx_curr + tx_new - tx_ml,"actual=460, expected=435.0"
CRS011,2024-12-31,R11,tx_curr should approximately equal previous tx_curr + tx_new - tx_ml,"actual=505, expected=484.0"
CRS012,2024-05-31,R11,tx_curr should approximately equal previous tx_curr + tx_new - tx_ml,"actual=768, expected=770.0"
NAS015,2022-05-31,R11,tx_curr should approximately equal previous tx_curr + tx_new - tx_ml,"actual=3107, expected=3348.0"
CRS005,2024-07-31,R11,tx_curr should approximately equal previous tx_curr + tx_new - tx_ml,"actual=4097, expected=4535.0"
AKS006,2023-03-31,R11,tx_curr should approximately equal previous tx_curr + tx_new - tx_ml,"actual=342, expected=430.0"
NAS004,2024-01-31,R11,tx_curr should approximately equal previous tx_curr + tx_new - tx_ml,"actual=529, expected=432.0"
NAS015,2023-05-31,R11,tx_curr should approximately equal previous tx_curr + tx_new - tx_ml,"actual=3189, expected=3128.0"
FCT006,2023-12-01,R11,tx_curr should approximately equal previous tx_curr + tx_new - tx_ml,"actual=2166, expected=2189.0"
NAS002,2024-02-29,R11,tx_curr should approximately equal previous tx_curr + tx_new - tx_ml,"actual=303, expected=316.0"
BEN003,2023-07-31,R11,tx_curr should approximately equal previous tx_curr + tx_new - tx_ml,"actual=2458, expected=2395.0"
BEN002,2023-03-31,R11,tx_curr should approximately equal previous tx_curr + tx_new - tx_ml,"actual=4554, expected=4311.0"
BEN012,2024-10-31,R11,tx_curr should approximately equal previous tx_curr + tx_new - tx_ml,"actual=453, expected=476.0"
LAG009,2022-02-28,R11,tx_curr should approximately equal previous tx_curr + tx_new - tx_ml,"actual=2883, expected=2634.0"
AKS007,2022-07-31,R11,tx_curr should approximately equal previous tx_curr + tx_new - tx_ml,"actual=6576, expected=6201.0"
NAS005,2023-12-31,R11,tx_curr should approximately equal previous tx_curr + tx_new - tx_ml,"actual=601, expected=720.0"
RIV001,2024-10-31,R11,tx_curr should approximately equal previous tx_curr + tx_new - tx_ml,"actual=789, expected=879.0"
LAG005,2024-05-31,R11,tx_curr should approximately equal previous tx_curr + tx_new - tx_ml,"actual=1795, expected=1763.0"
AKS012,2023-11-30,R11,tx_curr should approximately equal previous tx_curr + tx_new - tx_ml,"actual=1041, expected=534.0"
CRS007,2023-09-30,R11,tx_curr should approximately equal previous tx_curr + tx_new - tx_ml,"actual=299, expected=298.0"
BEN001,2024-01-31,R11,tx_curr should approximately equal previous tx_curr + tx_new - tx_ml,"actual=1779, expected=1645.0"
AKS008,2022-06-30,R11,tx_curr should approximately equal previous tx_curr + tx_new - tx_ml,"actual=83, expected=85.0"
AKS009,2022-08-31,R11,tx_curr should approximately equal previous tx_curr + tx_new - tx_ml,"actual=233, expected=225.0"
CRS015,2022-02-01,R11,tx_curr should approximately equal previous tx_curr + tx_new - tx_ml,"actual=631, expected=522.0"
KAD001,2022-09-30,R11,tx_curr should approximately equal previous tx_curr + tx_new - tx_ml,"actual=790, expected=804.0"
CRS010,2023-02-28,R11,tx_curr should approximately equal previous tx_curr + tx_new - tx_ml,"actual=401, expected=330.0"
TMP001,2023-07-31,R11,tx_curr should approximately equal previous tx_curr + tx_new - tx_ml,"actual=483, expected=868.0"
KAD005,2022-04-30,R11,tx_curr should approximately equal previous tx_curr + tx_new - tx_ml,"actual=278, expected=267.0"
CRS012,2023-10-31,R11,tx_curr should approximately equal previous tx_curr + tx_new - tx_ml,"actual=774, expected=767.0"
RIV005,2024-05-31,R11,tx_curr should approximately equal previous tx_curr + tx_new - tx_ml,"actual=1297, expected=1484.0"
LAG002,2023-02-28,R11,tx_curr should approximately equal previous tx_curr + tx_new - tx_ml,"actual=5826, expected=6103.0"
LAG008,2024-03-31,R11,tx_curr should approximately equal previous tx_curr + tx_new - tx_ml,"actual=737, expected=720.0"
BEN008,2023-05-01,R11,tx_curr should approximately equal previous tx_curr + tx_new - tx_ml,"actual=6172, expected=6268.0"
NAS003,2024-11-30,R11,tx_curr should approximately equal previous tx_curr + tx_new - tx_ml,"actual=1419, expected=1483.0"
AKS013,2023-06-30,R11,tx_curr should approximately equal previous tx_curr + tx_new - tx_ml,"actual=596, expected=547.0"
LAG003,2024-12-31,R11,tx_curr should approximately equal previous tx_curr + tx_new - tx_ml,"actual=6983, expected=6980.0"
KAD014,2022-09-30,R11,tx_curr should approximately equal previous tx_curr + tx_new - tx_ml,"actual=2665, expected=2857.0"
RIV012,2023-11-30,R11,tx_curr should approximately equal previous tx_curr + tx_new - tx_ml,"actual=978, expected=1015.0"
LAG004,2024-11-30,R11,tx_curr should approximately equal previous tx_curr + tx_new - tx_ml,"actual=605, expected=611.0"
RIV004,2022-07-31,R11,tx_curr should approximately equal previous tx_curr + tx_new - tx_ml,"actual=873, expected=848.0"
LAG007,2022-09-30,R11,tx_curr should approximately equal previous tx_curr + tx_new - tx_ml,"actual=4550, expected=477.0"
LAG002,2023-09-30,R11,tx_curr should approximately equal previous tx_curr + tx_new - tx_ml,"actual=5827, expected=5871.0"
NAS014,2023-11-30,R11,tx_curr should approximately equal previous tx_curr + tx_new - tx_ml,"actual=4919, expected=4758.0"
AKS012,2023-04-30,R11,tx_curr should approximately equal previous tx_curr + tx_new - tx_ml,"actual=818, expected=1072.0"
BEN011,2024-02-29,R11,tx_curr should approximately equal previous tx_curr + tx_new - tx_ml,"actual=373, expected=301.0"
KAD009,2024-05-01,R11,tx_curr should approximately equal previous tx_curr + tx_new - tx_ml,"actual=928, expected=965.0"
CRS004,2024-04-30,R11,tx_curr should approximately equal previous tx_curr + tx_new - tx_ml,"actual=453, expected=469.0"
KAD013,2022-05-31,R11,tx_curr should approximately equal previous tx_curr + tx_new - tx_ml,"actual=1638, expected=2157.0"
RIV005,2023-05-31,R11,tx_curr should approximately equal previous tx_curr + tx_new - tx_ml,"actual=1419, expected=1295.0"
KAD012,2023-01-31,R11,tx_curr should approximately equal previous tx_curr + tx_new - tx_ml,"actual=647, expected=642.0"
NAS001,2022-11-01,R11,tx_curr should approximately equal previous tx_curr + tx_new - tx_ml,"actual=469, expected=405.0"
LAG009,2023-03-01,R11,tx_curr should approximately equal previous tx_curr + tx_new - tx_ml,"actual=2558, expected=2844.0"
BEN006,2024-02-01,R11,tx_curr should approximately equal previous tx_curr + tx_new - tx_ml,"actual=343, expected=302.0"
AKS003,2024-07-01,R11,tx_curr should approximately equal previous tx_curr + tx_new - tx_ml,"actual=453, expected=170.0"
LAG099,2023-08-31,R11,tx_curr should approximately equal previous tx_curr + tx_new - tx_ml,"actual=385, expected=647.0"
BEN014,2022-09-30,R11,tx_curr should approximately equal previous tx_curr + tx_new - tx_ml,"actual=870, expected=834.0"
BEN010,2023-10-31,R11,tx_curr should approximately equal previous tx_curr + tx_new - tx_ml,"actual=734, expected=699.0"
RIV012,2022-09-30,R11,tx_curr should approximately equal previous tx_curr + tx_new - tx_ml,"actual=896, expected=985.0"
FCT012,2024-09-30,R11,tx_curr should approximately equal previous tx_curr + tx_new - tx_ml,"actual=2921, expected=2798.0"
CRS001,2023-02-28,R11,tx_curr should approximately equal previous tx_curr + tx_new - tx_ml,"actual=663, expected=664.0"
FCT009,2024-11-30,R11,tx_curr should approximately equal previous tx_curr + tx_new - tx_ml,"actual=494, expected=450.0"
KAD015,2023-10-31,R11,tx_curr should approximately equal previous tx_curr + tx_new - tx_ml,"actual=1646, expected=1735.0"
NAS999,2024-06-30,R11,tx_curr should approximately equal previous tx_curr + tx_new - tx_ml,"actual=2531, expected=985.0"
FCT009,2023-01-01,R11,tx_curr should approximately equal previous tx_curr + tx_new - tx_ml,"actual=444, expected=498.0"
LAG011,2023-05-31,R11,tx_curr should approximately equal previous tx_curr + tx_new - tx_ml,"actual=1701, expected=1579.0"
RIV015,2023-09-30,R11,tx_curr should approximately equal previous tx_curr + tx_new - tx_ml,"actual=2322, expected=2353.0"
LAG005,2023-09-30,R11,tx_curr should approximately equal previous tx_curr + tx_new - tx_ml,"actual=1710, expected=1809.0"
NAS004,2022-11-30,R11,tx_curr should approximately equal previous tx_curr + tx_new - tx_ml,"actual=457, expected=527.0"
FCT008,2024-10-31,R11,tx_curr should approximately equal previous tx_curr + tx_new - tx_ml,"actual=4727, expected=4695.0"
RIV008,2024-01-31,R11,tx_curr should approximately equal previous tx_curr + tx_new - tx_ml,"actual=4136, expected=4122.0"
CRS011,2022-08-31,R11,tx_curr should approximately equal previous tx_curr + tx_new - tx_ml,"actual=454, expected=505.0"
AKS011,2023-10-31,R11,tx_curr should approximately equal previous tx_curr + tx_new - tx_ml,"actual=330, expected=300.0"
CRS011,2024-07-31,R11,tx_curr should approximately equal previous tx_curr + tx_new - tx_ml,"actual=496, expected=452.0"
CRS008,2024-02-29,R11,tx_curr should approximately equal previous tx_curr + tx_new - tx_ml,"actual=2141, expected=2145.0"
CRS006,2022-02-28,R11,tx_curr should approximately equal previous tx_curr + tx_new - tx_ml,"actual=1237, expected=1334.0"
LAG002,2022-01-31,R11,tx_curr should approximately equal previous tx_curr + tx_new - tx_ml,"actual=5538, expected=5827.0"
RIV010,2022-01-31,R11,tx_curr should approximately equal previous tx_curr + tx_new - tx_ml,"actual=3396, expected=3370.0"
XXX999,2022-05-31,R11,tx_curr should approximately equal previous tx_curr + tx_new - tx_ml,"actual=872, expected=970.0"
CRS007,2022-12-31,R11,tx_curr should approximately equal previous tx_curr + tx_new - tx_ml,"actual=311, expected=294.0"
RIV001,2023-03-31,R11,tx_curr should approximately equal previous tx_curr + tx_new - tx_ml,"actual=997, expected=782.0"
FCT009,2023-10-31,R11,tx_curr should approximately equal previous tx_curr + tx_new - tx_ml,"actual=474, expected=453.0"
LAG001,2023-05-31,R11,tx_curr should approximately equal previous tx_curr + tx_new - tx_ml,"actual=279, expected=232.0"
NAS005,2024-09-30,R11,tx_curr should approximately equal previous tx_curr + tx_new - tx_ml,"actual=801, expected=607.0"
BEN012,2023-08-31,R11,tx_curr should approximately equal previous tx_curr + tx_new - tx_ml,"actual=459, expected=454.0"
NAS002,2023-08-01,R11,tx_curr should approximately equal previous tx_curr + tx_new - tx_ml,"actual=305, expected=303.0"
RIV006,2024-05-31,R11,tx_curr should approximately equal previous tx_curr + tx_new - tx_ml,"actual=2761, expected=2512.0"
FCT010,2023-03-01,R11,tx_curr should approximately equal previous tx_curr + tx_new - tx_ml,"actual=346, expected=391.0"
RIV010,2022-03-31,R11,tx_curr should approximately equal previous tx_curr + tx_new - tx_ml,"actual=3389, expected=3387.0"
RIV006,2024-09-01,R11,tx_curr should approximately equal previous tx_curr + tx_new - tx_ml,"actual=2904, expected=2792.0"
CRS010,2023-01-31,R11,tx_curr should approximately equal previous tx_curr + tx_new - tx_ml,"actual=402, expected=398.0"
FCT002,2023-10-31,R11,tx_curr should approximately equal previous tx_curr + tx_new - tx_ml,"actual=587, expected=563.0"
NAS007,2024-10-01,R11,tx_curr should approximately equal previous tx_curr + tx_new - tx_ml,"actual=1986, expected=2395.0"
NAS005,2023-11-30,R11,tx_curr should approximately equal previous tx_curr + tx_new - tx_ml,"actual=596, expected=818.0"
RIV006,2022-10-31,R11,tx_curr should approximately equal previous tx_curr + tx_new - tx_ml,"actual=2471, expected=2929.0"
BEN011,2024-06-30,R11,tx_curr should approximately equal previous tx_curr + tx_new - tx_ml,"actual=389, expected=378.0"
NAS011,2022-07-31,R11,tx_curr should approximately equal previous tx_curr + tx_new - tx_ml,"actual=2716, expected=2563.0"
BEN013,2024-08-31,R11,tx_curr should approximately equal previous tx_curr + tx_new - tx_ml,"actual=819, expected=767.0"
BEN012,2024-04-30,R11,tx_curr should approximately equal previous tx_curr + tx_new - tx_ml,"actual=454, expected=458.0"
BEN001,2024-07-31,R11,tx_curr should approximately equal previous tx_curr + tx_new - tx_ml,"actual=1739, expected=1762.0"
CRS002,2022-11-30,R11,tx_curr should approximately equal previous tx_curr + tx_new - tx_ml,"actual=187, expected=196.0"
AKS010,2023-11-30,R11,tx_curr should approximately equal previous tx_curr + tx_new - tx_ml,"actual=1618, expected=1822.0"
BEN010,2023-06-30,R11,tx_curr should approximately equal previous tx_curr + tx_new - tx_ml,"actual=748, expected=732.0"
NAS010,2023-08-31,R11,tx_curr should approximately equal previous tx_curr + tx_new - tx_ml,"actual=5117, expected=4799.0"
NAS010,2024-06-30,R11,tx_curr should approximately equal previous tx_curr + tx_new - tx_ml,"actual=5578, expected=5164.0"
RIV002,2022-03-01,R11,tx_curr should approximately equal previous tx_curr + tx_new - tx_ml,"actual=4907, expected=4939.0"
NAS005,2022-05-31,R11,tx_curr should approximately equal previous tx_curr + tx_new - tx_ml,"actual=247, expected=627.0"
NAS008,2022-05-31,R11,tx_curr should approximately equal previous tx_curr + tx_new - tx_ml,"actual=968, expected=726.0"
LAG009,2023-11-30,R11,tx_curr should approximately equal previous tx_curr + tx_new - tx_ml,"actual=2379, expected=2514.0"
NAS009,2022-07-31,R11,tx_curr should approximately equal previous tx_curr + tx_new - tx_ml,"actual=470, expected=485.0"
LAG004,2023-01-31,R11,tx_curr should approximately equal previous tx_curr + tx_new - tx_ml,"actual=617, expected=605.0"
NAS002,2022-03-31,R11,tx_curr should approximately equal previous tx_curr + tx_new - tx_ml,"actual=318, expected=306.0"
KAD002,2022-12-31,R11,tx_curr should approximately equal previous tx_curr + tx_new - tx_ml,"actual=4261, expected=4280.0"
LAG010,2024-01-31,R11,tx_curr should approximately equal previous tx_curr + tx_new - tx_ml,"actual=953, expected=998.0"
FCT013,2022-04-30,R11,tx_curr should approximately equal previous tx_curr + tx_new - tx_ml,"actual=1413, expected=1393.0"
RIV002,2024-05-31,R11,tx_curr should approximately equal previous tx_curr + tx_new - tx_ml,"actual=4260, expected=4903.0"
AKS001,2024-02-29,R11,tx_curr should approximately equal previous tx_curr + tx_new - tx_ml,"actual=321, expected=311.0"
RIV004,2022-11-30,R11,tx_curr should approximately equal previous tx_curr + tx_new - tx_ml,"actual=856, expected=868.0"
FCT013,2022-11-30,R11,tx_curr should approximately equal previous tx_curr + tx_new - tx_ml,"actual=1371, expected=1391.0"
BEN011,2023-10-01,R11,tx_curr should approximately equal previous tx_curr + tx_new - tx_ml,"actual=356, expected=396.0"
AKS005,2024-06-30,R11,tx_curr should approximately equal previous tx_curr + tx_new - tx_ml,"actual=985, expected=928.0"
CRS012,2023-12-31,R11,tx_curr should approximately equal previous tx_curr + tx_new - tx_ml,"actual=773, expected=768.0"
AKS010,2022-08-01,R11,tx_curr should approximately equal previous tx_curr + tx_new - tx_ml,"actual=1781, expected=1611.0"
AKS010,2023-07-31,R11,tx_curr should approximately equal previous tx_curr + tx_new - tx_ml,"actual=1669, expected=1767.0"
LAG010,2023-01-31,R11,tx_curr should approximately equal previous tx_curr + tx_new - tx_ml,"actual=949, expected=962.0"
BEN001,2022-09-30,R11,tx_curr should approximately equal previous tx_curr + tx_new - tx_ml,"actual=2020, expected=1715.0"
AKS014,2022-12-31,R11,tx_curr should approximately equal previous tx_curr + tx_new - tx_ml,"actual=603, expected=621.0"
RIV006,2022-08-31,R11,tx_curr should approximately equal previous tx_curr + tx_new - tx_ml,"actual=2423, expected=2487.0"
NAS003,2024-07-31,R11,tx_curr should approximately equal previous tx_curr + tx_new - tx_ml,"actual=1461, expected=1402.0"
RIV013,2022-05-31,R11,tx_curr should approximately equal previous tx_curr + tx_new - tx_ml,"actual=2287, expected=2088.0"
BEN006,2023-03-01,R11,tx_curr should approximately equal previous tx_curr + tx_new - tx_ml,"actual=330, expected=340.0"
CRS015,2022-04-30,R11,tx_curr should approximately equal previous tx_curr + tx_new - tx_ml,"actual=623, expected=627.0"
CRS009,2024-02-29,R11,tx_curr should approximately equal previous tx_curr + tx_new - tx_ml,"actual=891, expected=811.0"
CRS001,2023-04-30,R11,tx_curr should approximately equal previous tx_curr + tx_new - tx_ml,"actual=660, expected=661.0"
FCT005,2024-02-29,R11,tx_curr should approximately equal previous tx_curr + tx_new - tx_ml,"actual=553, expected=552.0"
CRS013,2022-01-31,R11,tx_curr should approximately equal previous tx_curr + tx_new - tx_ml,"actual=930, expected=728.0"
BEN011,2024-08-31,R11,tx_curr should approximately equal previous tx_curr + tx_new - tx_ml,"actual=393, expected=359.0"
FCT014,2022-07-31,R11,tx_curr should approximately equal previous tx_curr + tx_new - tx_ml,"actual=2469, expected=2471.0"
LAG006,2022-12-31,R11,tx_curr should approximately equal previous tx_curr + tx_new - tx_ml,"actual=5148, expected=5413.0"
KAD005,2023-07-31,R11,tx_curr should approximately equal previous tx_curr + tx_new - tx_ml,"actual=331, expected=282.0"
BEN010,2024-01-31,R11,tx_curr should approximately equal previous tx_curr + tx_new - tx_ml,"actual=731, expected=754.0"
BEN006,2023-11-30,R11,tx_curr should approximately equal previous tx_curr + tx_new - tx_ml,"actual=344, expected=332.0"
NAS010,2022-05-31,R11,tx_curr should approximately equal previous tx_curr + tx_new - tx_ml,"actual=4534, expected=5577.0"
KAD011,2023-01-01,R11,tx_curr should approximately equal previous tx_curr + tx_new - tx_ml,"actual=556, expected=550.0"
FCT002,2024-03-31,R11,tx_curr should approximately equal previous tx_curr + tx_new - tx_ml,"actual=573, expected=579.0"
AKS002,2024-08-31,R11,tx_curr should approximately equal previous tx_curr + tx_new - tx_ml,"actual=536, expected=585.0"
LAG006,2024-12-31,R11,tx_curr should approximately equal previous tx_curr + tx_new - tx_ml,"actual=4387, expected=5114.0"
AKS007,2022-06-01,R11,tx_curr should approximately equal previous tx_curr + tx_new - tx_ml,"actual=6667, expected=6561.0"
CRS004,2022-10-31,R11,tx_curr should approximately equal previous tx_curr + tx_new - tx_ml,"actual=466, expected=448.0"
BEN014,2024-05-31,R11,tx_curr should approximately equal previous tx_curr + tx_new - tx_ml,"actual=761, expected=869.0"
AKS003,2023-05-31,R11,tx_curr should approximately equal previous tx_curr + tx_new - tx_ml,"actual=306, expected=519.0"
KAD002,2024-09-01,R11,tx_curr should approximately equal previous tx_curr + tx_new - tx_ml,"actual=3540, expected=4218.0"
CRS008,2023-07-31,R11,tx_curr should approximately equal previous tx_curr + tx_new - tx_ml,"actual=2178, expected=2125.0"
LAG013,2023-04-30,R11,tx_curr should approximately equal previous tx_curr + tx_new - tx_ml,"actual=6055, expected=6021.0"
CRS007,2023-11-30,R11,tx_curr should approximately equal previous tx_curr + tx_new - tx_ml,"actual=303, expected=315.0"
CRS005,2024-12-31,R11,tx_curr should approximately equal previous tx_curr + tx_new - tx_ml,"actual=4107, expected=4116.0"
BEN008,2024-11-30,R11,tx_curr should approximately equal previous tx_curr + tx_new - tx_ml,"actual=6131, expected=6163.0"
NAS006,2022-10-31,R11,tx_curr should approximately equal previous tx_curr + tx_new - tx_ml,"actual=990, expected=918.0"
NAS015,2024-07-31,R11,tx_curr should approximately equal previous tx_curr + tx_new - tx_ml,"actual=3315, expected=3163.0"
FCT006,2022-04-30,R11,tx_curr should approximately equal previous tx_curr + tx_new - tx_ml,"actual=2355, expected=2175.0"
BEN012,2022-09-30,R11,tx_curr should approximately equal previous tx_curr + tx_new - tx_ml,"actual=466, expected=455.0"
FCT015,2022-06-30,R11,tx_curr should approximately equal previous tx_curr + tx_new - tx_ml,"actual=862, expected=739.0"
FCT004,2022-11-30,R11,tx_curr should approximately equal previous tx_curr + tx_new - tx_ml,"actual=1314, expected=1252.0"
FCT010,2023-09-30,R11,tx_curr should approximately equal previous tx_curr + tx_new - tx_ml,"actual=402, expected=367.0"
XXX999,2024-07-01,R11,tx_curr should approximately equal previous tx_curr + tx_new - tx_ml,"actual=278, expected=878.0"
BEN001,2023-05-31,R11,tx_curr should approximately equal previous tx_curr + tx_new - tx_ml,"actual=1907, expected=1988.0"
KAD013,2023-12-01,R11,tx_curr should approximately equal previous tx_curr + tx_new - tx_ml,"actual=2667, expected=1657.0"
LAG012,2023-01-31,R11,tx_curr should approximately equal previous tx_curr + tx_new - tx_ml,"actual=633, expected=644.0"
RIV013,2022-08-31,R11,tx_curr should approximately equal previous tx_curr + tx_new - tx_ml,"actual=2259, expected=2275.0"
AKS008,2024-08-31,R11,tx_curr should approximately equal previous tx_curr + tx_new - tx_ml,"actual=93, expected=84.0"
BEN007,2022-07-31,R11,tx_curr should approximately equal previous tx_curr + tx_new - tx_ml,"actual=2280, expected=1998.0"
RIV010,2024-11-30,R11,tx_curr should approximately equal previous tx_curr + tx_new - tx_ml,"actual=2799, expected=3340.0"
NAS009,2022-02-28,R11,tx_curr should approximately equal previous tx_curr + tx_new - tx_ml,"actual=463, expected=467.0"
NAS009,2024-04-30,R11,tx_curr should approximately equal previous tx_curr + tx_new - tx_ml,"actual=476, expected=467.0"
LAG006,2024-03-31,R11,tx_curr should approximately equal previous tx_curr + tx_new - tx_ml,"actual=4594, expected=4381.0"
RIV003,2022-02-28,R11,tx_curr should approximately equal previous tx_curr + tx_new - tx_ml,"actual=1061, expected=1082.0"
CRS004,2023-06-01,R11,tx_curr should approximately equal previous tx_curr + tx_new - tx_ml,"actual=461, expected=468.0"
LAG010,2023-10-01,R11,tx_curr should approximately equal previous tx_curr + tx_new - tx_ml,"actual=955, expected=956.0"
AKS012,2024-04-30,R11,tx_curr should approximately equal previous tx_curr + tx_new - tx_ml,"actual=1160, expected=427.0"
CRS010,2023-06-30,R11,tx_curr should approximately equal previous tx_curr + tx_new - tx_ml,"actual=390, expected=403.0"
KAD012,2024-08-31,R11,tx_curr should approximately equal previous tx_curr + tx_new - tx_ml,"actual=639, expected=647.0"
RIV009,2022-12-31,R11,tx_curr should approximately equal previous tx_curr + tx_new - tx_ml,"actual=821, expected=767.0"
AKS014,2024-09-30,R11,tx_curr should approximately equal previous tx_curr + tx_new - tx_ml,"actual=611, expected=606.0"
BEN015,2024-12-31,R11,tx_curr should approximately equal previous tx_curr + tx_new - tx_ml,"actual=707, expected=886.0"
BEN014,2023-09-30,R11,tx_curr should approximately equal previous tx_curr + tx_new - tx_ml,"actual=802, expected=758.0"
RIV001,2022-10-31,R11,tx_curr should approximately equal previous tx_curr + tx_new - tx_ml,"actual=1070, expected=993.0"
LAG099,2023-06-30,R11,tx_curr should approximately equal previous tx_curr + tx_new - tx_ml,"actual=964, expected=369.0"
CRS012,2023-01-01,R11,tx_curr should approximately equal previous tx_curr + tx_new - tx_ml,"actual=804, expected=766.0"
CRS009,2023-07-31,R11,tx_curr should approximately equal previous tx_curr + tx_new - tx_ml,"actual=861, expected=910.0"
AKS007,2022-03-01,R11,tx_curr should approximately equal previous tx_curr + tx_new - tx_ml,"actual=6808, expected=6609.0"
FCT007,2022-01-01,R11,tx_curr should approximately equal previous tx_curr + tx_new - tx_ml,"actual=4592, expected=4231.0"
KAD009,2024-04-30,R11,tx_curr should approximately equal previous tx_curr + tx_new - tx_ml,"actual=907, expected=750.0"
BEN002,2023-11-01,R11,tx_curr should approximately equal previous tx_curr + tx_new - tx_ml,"actual=4470, expected=4496.0"
AKS006,2024-06-30,R11,tx_curr should approximately equal previous tx_curr + tx_new - tx_ml,"actual=485, expected=354.0"
FCT010,2022-02-28,R11,tx_curr should approximately equal previous tx_curr + tx_new - tx_ml,"actual=256, expected=406.0"
FCT012,2022-03-31,R11,tx_curr should approximately equal previous tx_curr + tx_new - tx_ml,"actual=2676, expected=2943.0"
FCT011,2023-06-30,R11,tx_curr should approximately equal previous tx_curr + tx_new - tx_ml,"actual=2159, expected=1943.0"
NAS008,2024-01-31,R11,tx_curr should approximately equal previous tx_curr + tx_new - tx_ml,"actual=796, expected=967.0"
KAD007,2022-11-30,R11,tx_curr should approximately equal previous tx_curr + tx_new - tx_ml,"actual=1117, expected=1131.0"
KAD015,2023-12-31,R11,tx_curr should approximately equal previous tx_curr + tx_new - tx_ml,"actual=1628, expected=1625.0"
RIV012,2023-01-31,R11,tx_curr should approximately equal previous tx_curr + tx_new - tx_ml,"actual=910, expected=895.0"
BEN014,2023-08-31,R11,tx_curr should approximately equal previous tx_curr + tx_new - tx_ml,"actual=805, expected=802.0"
CRS015,2022-08-31,R11,tx_curr should approximately equal previous tx_curr + tx_new - tx_ml,"actual=589, expected=618.0"
AKS015,2024-05-31,R11,tx_curr should approximately equal previous tx_curr + tx_new - tx_ml,"actual=2426, expected=2476.0"
NAS999,2024-12-31,R11,tx_curr should approximately equal previous tx_curr + tx_new - tx_ml,"actual=4218, expected=2520.0"
KAD010,2022-08-31,R11,tx_curr should approximately equal previous tx_curr + tx_new - tx_ml,"actual=947, expected=960.0"
LAG009,2023-08-31,R11,tx_curr should approximately equal previous tx_curr + tx_new - tx_ml,"actual=2451, expected=2346.0"
NAS012,2022-09-30,R11,tx_curr should approximately equal previous tx_curr + tx_new - tx_ml,"actual=1353, expected=1327.0"
NAS010,2022-10-31,R11,tx_curr should approximately equal previous tx_curr + tx_new - tx_ml,"actual=4654, expected=4487.0"
RIV003,2024-04-30,R11,tx_curr should approximately equal previous tx_curr + tx_new - tx_ml,"actual=1052, expected=1056.0"
NAS014,2024-06-30,R11,tx_curr should approximately equal previous tx_curr + tx_new - tx_ml,"actual=5098, expected=4949.0"
CRS015,2024-04-30,R11,tx_curr should approximately equal previous tx_curr + tx_new - tx_ml,"actual=494, expected=583.0"
AKS001,2022-01-31,R11,tx_curr should approximately equal previous tx_curr + tx_new - tx_ml,"actual=314, expected=319.0"
KAD002,2022-01-31,R11,tx_curr should approximately equal previous tx_curr + tx_new - tx_ml,"actual=4591, expected=3456.0"
LAG010,2023-03-31,R11,tx_curr should approximately equal previous tx_curr + tx_new - tx_ml,"actual=951, expected=917.0"
LAG002,2022-08-31,R11,tx_curr should approximately equal previous tx_curr + tx_new - tx_ml,"actual=5763, expected=5553.0"
AKS007,2024-08-31,R11,tx_curr should approximately equal previous tx_curr + tx_new - tx_ml,"actual=5199, expected=6733.0"
CRS011,2022-05-31,R11,tx_curr should approximately equal previous tx_curr + tx_new - tx_ml,"actual=449, expected=490.0"
FCT002,2024-08-31,R11,tx_curr should approximately equal previous tx_curr + tx_new - tx_ml,"actual=566, expected=569.0"
BEN013,2023-03-31,R11,tx_curr should approximately equal previous tx_curr + tx_new - tx_ml,"actual=508, expected=834.0"
CRS001,2024-12-31,R11,tx_curr should approximately equal previous tx_curr + tx_new - tx_ml,"actual=684, expected=663.0"
NAS011,2024-03-31,R11,tx_curr should approximately equal previous tx_curr + tx_new - tx_ml,"actual=2426, expected=2700.0"
CRS007,2022-10-31,R11,tx_curr should approximately equal previous tx_curr + tx_new - tx_ml,"actual=316, expected=303.0"
CRS004,2024-02-29,R11,tx_curr should approximately equal previous tx_curr + tx_new - tx_ml,"actual=454, expected=460.0"
FCT008,2022-06-30,R11,tx_curr should approximately equal previous tx_curr + tx_new - tx_ml,"actual=5373, expected=4671.0"
CRS009,2024-08-31,R11,tx_curr should approximately equal previous tx_curr + tx_new - tx_ml,"actual=958, expected=869.0"
LAG001,2024-11-30,R11,tx_curr should approximately equal previous tx_curr + tx_new - tx_ml,"actual=415, expected=279.0"
LAG008,2022-10-31,R11,tx_curr should approximately equal previous tx_curr + tx_new - tx_ml,"actual=850, expected=736.0"
BEN014,2023-10-31,R11,tx_curr should approximately equal previous tx_curr + tx_new - tx_ml,"actual=795, expected=798.0"
AKS008,2024-03-31,R11,tx_curr should approximately equal previous tx_curr + tx_new - tx_ml,"actual=87, expected=93.0"
RIV012,2023-05-31,R11,tx_curr should approximately equal previous tx_curr + tx_new - tx_ml,"actual=957, expected=924.0"
FCT014,2023-05-31,R11,tx_curr should approximately equal previous tx_curr + tx_new - tx_ml,"actual=2512, expected=2479.0"
NAS999,2022-07-31,R11,tx_curr should approximately equal previous tx_curr + tx_new - tx_ml,"actual=2296, expected=4195.0"
NAS013,2022-03-31,R11,tx_curr should approximately equal previous tx_curr + tx_new - tx_ml,"actual=1609, expected=1604.0"
FCT003,2023-08-31,R11,tx_curr should approximately equal previous tx_curr + tx_new - tx_ml,"actual=5608, expected=6418.0"
NAS009,2023-07-31,R11,tx_curr should approximately equal previous tx_curr + tx_new - tx_ml,"actual=478, expected=480.0"
KAD009,2024-08-31,R11,tx_curr should approximately equal previous tx_curr + tx_new - tx_ml,"actual=976, expected=924.0"
KAD002,2022-10-31,R11,tx_curr should approximately equal previous tx_curr + tx_new - tx_ml,"actual=4302, expected=3669.0"
CRS006,2024-01-31,R11,tx_curr should approximately equal previous tx_curr + tx_new - tx_ml,"actual=1353, expected=1233.0"
NAS999,2022-12-31,R11,tx_curr should approximately equal previous tx_curr + tx_new - tx_ml,"actual=1192, expected=2290.0"
CRS002,2022-08-31,R11,tx_curr should approximately equal previous tx_curr + tx_new - tx_ml,"actual=175, expected=189.0"
RIV013,2023-02-01,R11,tx_curr should approximately equal previous tx_curr + tx_new - tx_ml,"actual=2159, expected=2231.0"
CRS014,2024-08-31,R11,tx_curr should approximately equal previous tx_curr + tx_new - tx_ml,"actual=196, expected=193.0"
BEN013,2022-08-31,R11,tx_curr should approximately equal previous tx_curr + tx_new - tx_ml,"actual=416, expected=526.0"
BEN014,2023-03-31,R11,tx_curr should approximately equal previous tx_curr + tx_new - tx_ml,"actual=830, expected=783.0"
RIV013,2022-10-31,R11,tx_curr should approximately equal previous tx_curr + tx_new - tx_ml,"actual=2222, expected=2132.0"
LAG008,2022-04-30,R11,tx_curr should approximately equal previous tx_curr + tx_new - tx_ml,"actual=877, expected=847.0"
LAG001,2022-11-30,R11,tx_curr should approximately equal previous tx_curr + tx_new - tx_ml,"actual=246, expected=424.0"
LAG013,2024-06-30,R11,tx_curr should approximately equal previous tx_curr + tx_new - tx_ml,"actual=6245, expected=6060.0"
BEN015,2024-08-31,R11,tx_curr should approximately equal previous tx_curr + tx_new - tx_ml,"actual=728, expected=699.0"
LAG007,2022-08-31,R11,tx_curr should approximately equal previous tx_curr + tx_new - tx_ml,"actual=449, expected=4559.0"
LAG003,2022-07-31,R11,tx_curr should approximately equal previous tx_curr + tx_new - tx_ml,"actual=6111, expected=6998.0"
CRS015,2022-06-01,R11,tx_curr should approximately equal previous tx_curr + tx_new - tx_ml,"actual=604, expected=484.0"
BEN009,2024-08-31,R11,tx_curr should approximately equal previous tx_curr + tx_new - tx_ml,"actual=432, expected=462.0"
XXX999,2022-04-30,R11,tx_curr should approximately equal previous tx_curr + tx_new - tx_ml,"actual=216, expected=303.0"
BEN012,2022-08-31,R11,tx_curr should approximately equal previous tx_curr + tx_new - tx_ml,"actual=469, expected=461.0"
RIV003,2024-09-30,R11,tx_curr should approximately equal previous tx_curr + tx_new - tx_ml,"actual=1095, expected=1051.0"
LAG007,2022-04-30,R11,tx_curr should approximately equal previous tx_curr + tx_new - tx_ml,"actual=412, expected=453.0"
LAG008,2024-06-30,R11,tx_curr should approximately equal previous tx_curr + tx_new - tx_ml,"actual=721, expected=877.0"
RIV011,2024-06-30,R11,tx_curr should approximately equal previous tx_curr + tx_new - tx_ml,"actual=952, expected=982.0"
FCT014,2024-02-29,R11,tx_curr should approximately equal previous tx_curr + tx_new - tx_ml,"actual=2511, expected=2513.0"
FCT002,2022-05-31,R11,tx_curr should approximately equal previous tx_curr + tx_new - tx_ml,"actual=633, expected=560.0"
KAD006,2022-11-30,R11,tx_curr should approximately equal previous tx_curr + tx_new - tx_ml,"actual=1586, expected=1624.0"
AKS007,2024-07-31,R11,tx_curr should approximately equal previous tx_curr + tx_new - tx_ml,"actual=5274, expected=5152.0"
FCT002,2022-11-01,R11,tx_curr should approximately equal previous tx_curr + tx_new - tx_ml,"actual=614, expected=627.0"
RIV011,2023-12-31,R11,tx_curr should approximately equal previous tx_curr + tx_new - tx_ml,"actual=907, expected=963.0"
XXX999,2023-03-31,R11,tx_curr should approximately equal previous tx_curr + tx_new - tx_ml,"actual=506, expected=214.0"
BEN003,2024-10-31,R11,tx_curr should approximately equal previous tx_curr + tx_new - tx_ml,"actual=2293, expected=2546.0"
AKS008,2023-05-31,R11,tx_curr should approximately equal previous tx_curr + tx_new - tx_ml,"actual=86, expected=89.0"
RIV004,2023-10-31,R11,tx_curr should approximately equal previous tx_curr + tx_new - tx_ml,"actual=851, expected=857.0"
NAS007,2024-09-30,R11,tx_curr should approximately equal previous tx_curr + tx_new - tx_ml,"actual=2019, expected=1955.0"
LAG003,2022-04-30,R11,tx_curr should approximately equal previous tx_curr + tx_new - tx_ml,"actual=6046, expected=6091.0"
FCT005,2024-08-01,R11,tx_curr should approximately equal previous tx_curr + tx_new - tx_ml,"actual=580, expected=543.0"
BEN011,2022-03-01,R11,tx_curr should approximately equal previous tx_curr + tx_new - tx_ml,"actual=300, expected=394.0"
CRS002,2022-02-28,R11,tx_curr should approximately equal previous tx_curr + tx_new - tx_ml,"actual=148, expected=181.0"
FCT008,2024-11-30,R11,tx_curr should approximately equal previous tx_curr + tx_new - tx_ml,"actual=4701, expected=5347.0"
RIV004,2022-01-31,R11,tx_curr should approximately equal previous tx_curr + tx_new - tx_ml,"actual=886, expected=843.0"
RIV001,2022-04-01,R11,tx_curr should approximately equal previous tx_curr + tx_new - tx_ml,"actual=1149, expected=1049.0"
TMP001,2023-04-30,R11,tx_curr should approximately equal previous tx_curr + tx_new - tx_ml,"actual=2210, expected=485.0"
KAD006,2023-10-31,R11,tx_curr should approximately equal previous tx_curr + tx_new - tx_ml,"actual=1683, expected=1580.0"
AKS008,2022-08-31,R11,tx_curr should approximately equal previous tx_curr + tx_new - tx_ml,"actual=85, expected=87.0"
FCT015,2024-03-31,R11,tx_curr should approximately equal previous tx_curr + tx_new - tx_ml,"actual=744, expected=865.0"
FCT005,2024-05-31,R11,tx_curr should approximately equal previous tx_curr + tx_new - tx_ml,"actual=562, expected=585.0"
RIV011,2024-04-30,R11,tx_curr should approximately equal previous tx_curr + tx_new - tx_ml,"actual=932, expected=910.0"
RIV003,2022-01-31,R11,tx_curr should approximately equal previous tx_curr + tx_new - tx_ml,"actual=1054, expected=1092.0"
RIV014,2023-04-30,R11,tx_curr should approximately equal previous tx_curr + tx_new - tx_ml,"actual=634, expected=631.0"
NAS007,2024-06-30,R11,tx_curr should approximately equal previous tx_curr + tx_new - tx_ml,"actual=2101, expected=2018.0"
BEN003,2022-01-31,R11,tx_curr should approximately equal previous tx_curr + tx_new - tx_ml,"actual=2634, expected=2295.0"
AKS007,2022-04-30,R11,tx_curr should approximately equal previous tx_curr + tx_new - tx_ml,"actual=6784, expected=5250.0"
NAS010,2024-05-31,R11,tx_curr should approximately equal previous tx_curr + tx_new - tx_ml,"actual=5531, expected=4730.0"
AKS014,2023-06-30,R11,tx_curr should approximately equal previous tx_curr + tx_new - tx_ml,"actual=611, expected=621.0"
XXX999,2024-12-31,R11,tx_curr should approximately equal previous tx_curr + tx_new - tx_ml,"actual=3450, expected=481.0"
CRS005,2023-07-31,R11,tx_curr should approximately equal previous tx_curr + tx_new - tx_ml,"actual=4225, expected=4096.0"
TMP001,2022-07-31,R11,tx_curr should approximately equal previous tx_curr + tx_new - tx_ml,"actual=84, expected=2211.0"
CRS007,2022-03-31,R11,tx_curr should approximately equal previous tx_curr + tx_new - tx_ml,"actual=315, expected=317.0"
AKS011,2024-03-31,R11,tx_curr should approximately equal previous tx_curr + tx_new - tx_ml,"actual=328, expected=327.0"
RIV009,2023-08-31,R11,tx_curr should approximately equal previous tx_curr + tx_new - tx_ml,"actual=802, expected=825.0"
FCT009,2023-08-31,R11,tx_curr should approximately equal previous tx_curr + tx_new - tx_ml,"actual=463, expected=473.0"
CRS005,2022-12-01,R11,tx_curr should approximately equal previous tx_curr + tx_new - tx_ml,"actual=4361, expected=4157.0"
CRS006,2022-10-31,R11,tx_curr should approximately equal previous tx_curr + tx_new - tx_ml,"actual=1294, expected=1360.0"
KAD015,2024-07-31,R11,tx_curr should approximately equal previous tx_curr + tx_new - tx_ml,"actual=1555, expected=1625.0"
NAS999,2022-10-31,R11,tx_curr should approximately equal previous tx_curr + tx_new - tx_ml,"actual=456, expected=1193.0"
NAS007,2023-06-30,R11,tx_curr should approximately equal previous tx_curr + tx_new - tx_ml,"actual=2266, expected=2096.0"
LAG006,2024-11-30,R11,tx_curr should approximately equal previous tx_curr + tx_new - tx_ml,"actual=4421, expected=4576.0"
KAD010,2024-06-30,R11,tx_curr should approximately equal previous tx_curr + tx_new - tx_ml,"actual=969, expected=960.0"
KAD015,2022-02-28,R11,tx_curr should approximately equal previous tx_curr + tx_new - tx_ml,"actual=1964, expected=1539.0"
BEN001,2023-04-30,R11,tx_curr should approximately equal previous tx_curr + tx_new - tx_ml,"actual=1939, expected=1897.0"
CRS008,2022-08-31,R11,tx_curr should approximately equal previous tx_curr + tx_new - tx_ml,"actual=2366, expected=2185.0"
LAG012,2022-11-01,R11,tx_curr should approximately equal previous tx_curr + tx_new - tx_ml,"actual=623, expected=628.0"
BEN007,2024-05-01,R11,tx_curr should approximately equal previous tx_curr + tx_new - tx_ml,"actual=1845, expected=2273.0"
LAG002,2023-07-31,R11,tx_curr should approximately equal previous tx_curr + tx_new - tx_ml,"actual=5820, expected=5711.0"
AKS015,2022-04-30,R11,tx_curr should approximately equal previous tx_curr + tx_new - tx_ml,"actual=2475, expected=2452.0"
AKS001,2022-08-31,R11,tx_curr should approximately equal previous tx_curr + tx_new - tx_ml,"actual=315, expected=316.0"
NAS999,2023-03-31,R11,tx_curr should approximately equal previous tx_curr + tx_new - tx_ml,"actual=2644, expected=459.0"
FCT013,2023-06-30,R11,tx_curr should approximately equal previous tx_curr + tx_new - tx_ml,"actual=1322, expected=1370.0"
FCT012,2023-03-31,R11,tx_curr should approximately equal previous tx_curr + tx_new - tx_ml,"actual=2751, expected=2686.0"
FCT010,2023-02-28,R11,tx_curr should approximately equal previous tx_curr + tx_new - tx_ml,"actual=333, expected=262.0"
TMP001,2024-01-31,R11,tx_curr should approximately equal previous tx_curr + tx_new - tx_ml,"actual=168, expected=88.0"
BEN011,2023-03-31,R11,tx_curr should approximately equal previous tx_curr + tx_new - tx_ml,"actual=332, expected=302.0"
LAG013,2022-06-30,R11,tx_curr should approximately equal previous tx_curr + tx_new - tx_ml,"actual=6021, expected=6347.0"
AKS011,2023-07-31,R11,tx_curr should approximately equal previous tx_curr + tx_new - tx_ml,"actual=323, expected=332.0"
CRS003,2023-10-31,R11,tx_curr should approximately equal previous tx_curr + tx_new - tx_ml,"actual=5222, expected=5507.0"
RIV004,2024-07-31,R11,tx_curr should approximately equal previous tx_curr + tx_new - tx_ml,"actual=858, expected=898.0"
RIV007,2023-06-30,R11,tx_curr should approximately equal previous tx_curr + tx_new - tx_ml,"actual=658, expected=608.0"
LAG004,2022-06-30,R11,tx_curr should approximately equal previous tx_curr + tx_new - tx_ml,"actual=629, expected=621.0"
RIV014,2022-04-30,R11,tx_curr should approximately equal previous tx_curr + tx_new - tx_ml,"actual=609, expected=631.0"
LAG014,2023-02-28,R11,tx_curr should approximately equal previous tx_curr + tx_new - tx_ml,"actual=1866, expected=1661.0"
KAD013,2022-06-30,R11,tx_curr should approximately equal previous tx_curr + tx_new - tx_ml,"actual=1698, expected=2727.0"
CRS002,2022-09-30,R11,tx_curr should approximately equal previous tx_curr + tx_new - tx_ml,"actual=182, expected=155.0"
LAG099,2024-06-30,R11,tx_curr should approximately equal previous tx_curr + tx_new - tx_ml,"actual=550, expected=955.0"
CRS011,2024-02-29,R11,tx_curr should approximately equal previous tx_curr + tx_new - tx_ml,"actual=489, expected=455.0"
CRS012,2024-11-30,R11,tx_curr should approximately equal previous tx_curr + tx_new - tx_ml,"actual=738, expected=794.0"
CRS013,2022-12-31,R11,tx_curr should approximately equal previous tx_curr + tx_new - tx_ml,"actual=841, expected=920.0"
FCT005,2023-10-31,R11,tx_curr should approximately equal previous tx_curr + tx_new - tx_ml,"actual=537, expected=561.0"
LAG099,2022-02-28,R11,tx_curr should approximately equal previous tx_curr + tx_new - tx_ml,"actual=4629, expected=512.0"
RIV007,2024-02-29,R11,tx_curr should approximately equal previous tx_curr + tx_new - tx_ml,"actual=628, expected=655.0"
KAD015,2023-07-31,R11,tx_curr should approximately equal previous tx_curr + tx_new - tx_ml,"actual=1704, expected=1962.0"
RIV003,2023-04-30,R11,tx_curr should approximately equal previous tx_curr + tx_new - tx_ml,"actual=1030, expected=1052.0"
LAG010,2024-02-01,R11,tx_curr should approximately equal previous tx_curr + tx_new - tx_ml,"actual=965, expected=963.0"
LAG006,2023-06-30,R11,tx_curr should approximately equal previous tx_curr + tx_new - tx_ml,"actual=4918, expected=4352.0"
LAG011,2024-03-31,R11,tx_curr should approximately equal previous tx_curr + tx_new - tx_ml,"actual=1609, expected=1678.0"
NAS014,2024-12-31,R11,tx_curr should approximately equal previous tx_curr + tx_new - tx_ml,"actual=5122, expected=5123.0"
NAS012,2022-06-30,R11,tx_curr should approximately equal previous tx_curr + tx_new - tx_ml,"actual=1338, expected=1360.0"
RIV010,2023-08-31,R11,tx_curr should approximately equal previous tx_curr + tx_new - tx_ml,"actual=3122, expected=2793.0"
BEN001,2022-12-31,R11,tx_curr should approximately equal previous tx_curr + tx_new - tx_ml,"actual=1961, expected=1925.0"
AKS011,2023-11-30,R11,tx_curr should approximately equal previous tx_curr + tx_new - tx_ml,"actual=333, expected=326.0"
LAG004,2022-05-31,R11,tx_curr should approximately equal previous tx_curr + tx_new - tx_ml,"actual=625, expected=623.0"
CRS005,2023-04-30,R11,tx_curr should approximately equal previous tx_curr + tx_new - tx_ml,"actual=4270, expected=4295.0"
LAG009,2024-10-31,R11,tx_curr should approximately equal previous tx_curr + tx_new - tx_ml,"actual=2286, expected=2431.0"
AKS001,2024-08-31,R11,tx_curr should approximately equal previous tx_curr + tx_new - tx_ml,"actual=323, expected=315.0"
FCT013,2023-04-30,R11,tx_curr should approximately equal previous tx_curr + tx_new - tx_ml,"actual=1340, expected=1315.0"
CRS011,2023-02-28,R11,tx_curr should approximately equal previous tx_curr + tx_new - tx_ml,"actual=459, expected=491.0"
CRS006,2023-07-01,R11,tx_curr should approximately equal previous tx_curr + tx_new - tx_ml,"actual=1346, expected=1301.0"
RIV002,2024-11-30,R11,tx_curr should approximately equal previous tx_curr + tx_new - tx_ml,"actual=4168, expected=4214.0"
RIV001,2024-07-31,R11,tx_curr should approximately equal previous tx_curr + tx_new - tx_ml,"actual=819, expected=1137.0"
FCT006,2024-07-31,R11,tx_curr should approximately equal previous tx_curr + tx_new - tx_ml,"actual=2134, expected=2260.0"
FCT006,2022-09-30,R11,tx_curr should approximately equal previous tx_curr + tx_new - tx_ml,"actual=2317, expected=2143.0"
LAG004,2022-07-01,R11,tx_curr should approximately equal previous tx_curr + tx_new - tx_ml,"actual=630, expected=626.0"
NAS001,2024-04-01,R11,tx_curr should approximately equal previous tx_curr + tx_new - tx_ml,"actual=403, expected=468.0"
NAS004,2023-06-30,R11,tx_curr should approximately equal previous tx_curr + tx_new - tx_ml,"actual=485, expected=464.0"
NAS012,2024-05-31,R11,tx_curr should approximately equal previous tx_curr + tx_new - tx_ml,"actual=1359, expected=1351.0"
BEN002,2023-08-31,R11,tx_curr should approximately equal previous tx_curr + tx_new - tx_ml,"actual=4555, expected=4482.0"
FCT010,2024-09-30,R11,tx_curr should approximately equal previous tx_curr + tx_new - tx_ml,"actual=506, expected=339.0"
BEN014,2022-11-30,R11,tx_curr should approximately equal previous tx_curr + tx_new - tx_ml,"actual=851, expected=822.0"
RIV009,2023-02-28,R11,tx_curr should approximately equal previous tx_curr + tx_new - tx_ml,"actual=817, expected=799.0"
KAD009,2023-08-01,R11,tx_curr should approximately equal previous tx_curr + tx_new - tx_ml,"actual=848, expected=991.0"
LAG002,2022-11-30,R11,tx_curr should approximately equal previous tx_curr + tx_new - tx_ml,"actual=5753, expected=5792.0"
BEN013,2022-10-31,R11,tx_curr should approximately equal previous tx_curr + tx_new - tx_ml,"actual=432, expected=422.0"
RIV012,2024-06-30,R11,tx_curr should approximately equal previous tx_curr + tx_new - tx_ml,"actual=1029, expected=954.0"
AKS005,2024-09-30,R11,tx_curr should approximately equal previous tx_curr + tx_new - tx_ml,"actual=963, expected=974.0"
AKS012,2024-03-31,R11,tx_curr should approximately equal previous tx_curr + tx_new - tx_ml,"actual=1109, expected=1173.0"
FCT004,2024-12-31,R11,tx_curr should approximately equal previous tx_curr + tx_new - tx_ml,"actual=1229, expected=1302.0"
NAS003,2024-09-30,R11,tx_curr should approximately equal previous tx_curr + tx_new - tx_ml,"actual=1425, expected=1439.0"
KAD010,2022-03-31,R11,tx_curr should approximately equal previous tx_curr + tx_new - tx_ml,"actual=941, expected=973.0"
RIV001,2024-09-30,R11,tx_curr should approximately equal previous tx_curr + tx_new - tx_ml,"actual=804, expected=814.0"
KAD002,2023-07-31,R11,tx_curr should approximately equal previous tx_curr + tx_new - tx_ml,"actual=3969, expected=4293.0"
AKS009,2022-01-31,R11,tx_curr should approximately equal previous tx_curr + tx_new - tx_ml,"actual=239, expected=234.0"
TMP001,2023-06-30,R11,tx_curr should approximately equal previous tx_curr + tx_new - tx_ml,"actual=623, expected=177.0"
CRS006,2024-03-31,R11,tx_curr should approximately equal previous tx_curr + tx_new - tx_ml,"actual=1351, expected=1342.0"
CRS009,2024-01-31,R11,tx_curr should approximately equal previous tx_curr + tx_new - tx_ml,"actual=897, expected=957.0"
FCT001,2023-05-31,R11,tx_curr should approximately equal previous tx_curr + tx_new - tx_ml,"actual=1262, expected=1170.0"
LAG015,2022-11-30,R11,tx_curr should approximately equal previous tx_curr + tx_new - tx_ml,"actual=1123, expected=1086.0"
FCT010,2024-07-31,R11,tx_curr should approximately equal previous tx_curr + tx_new - tx_ml,"actual=495, expected=519.0"
LAG011,2024-12-31,R11,tx_curr should approximately equal previous tx_curr + tx_new - tx_ml,"actual=1534, expected=1598.0"
KAD012,2023-05-31,R11,tx_curr should approximately equal previous tx_curr + tx_new - tx_ml,"actual=646, expected=640.0"
KAD008,2022-05-31,R11,tx_curr should approximately equal previous tx_curr + tx_new - tx_ml,"actual=1224, expected=1186.0"
LAG014,2024-05-31,R11,tx_curr should approximately equal previous tx_curr + tx_new - tx_ml,"actual=1654, expected=1852.0"
FCT003,2024-05-31,R11,tx_curr should approximately equal previous tx_curr + tx_new - tx_ml,"actual=5154, expected=5611.0"
CRS014,2022-04-30,R11,tx_curr should approximately equal previous tx_curr + tx_new - tx_ml,"actual=85, expected=204.0"
AKS011,2022-11-30,R11,tx_curr should approximately equal previous tx_curr + tx_new - tx_ml,"actual=303, expected=331.0"
KAD011,2022-02-01,R11,tx_curr should approximately equal previous tx_curr + tx_new - tx_ml,"actual=540, expected=555.0"
FCT003,2022-11-30,R11,tx_curr should approximately equal previous tx_curr + tx_new - tx_ml,"actual=6267, expected=5146.0"
NAS013,2023-04-30,R11,tx_curr should approximately equal previous tx_curr + tx_new - tx_ml,"actual=1616, expected=1604.0"
BEN001,2024-02-01,R11,tx_curr should approximately equal previous tx_curr + tx_new - tx_ml,"actual=1774, expected=1956.0"
FCT011,2023-08-31,R11,tx_curr should approximately equal previous tx_curr + tx_new - tx_ml,"actual=2150, expected=2158.0"
LAG004,2024-05-31,R11,tx_curr should approximately equal previous tx_curr + tx_new - tx_ml,"actual=616, expected=631.0"
KAD011,2024-07-31,R11,tx_curr should approximately equal previous tx_curr + tx_new - tx_ml,"actual=587, expected=549.0"
LAG001,2022-01-31,R11,tx_curr should approximately equal previous tx_curr + tx_new - tx_ml,"actual=176, expected=252.0"
AKS004,2024-10-31,R11,tx_curr should approximately equal previous tx_curr + tx_new - tx_ml,"actual=919, expected=949.0"
NAS007,2024-07-31,R11,tx_curr should approximately equal previous tx_curr + tx_new - tx_ml,"actual=2062, expected=2227.0"
AKS014,2023-12-31,R11,tx_curr should approximately equal previous tx_curr + tx_new - tx_ml,"actual=616, expected=608.0"
AKS006,2023-07-01,R11,tx_curr should approximately equal previous tx_curr + tx_new - tx_ml,"actual=369, expected=492.0"
NAS015,2022-08-31,R11,tx_curr should approximately equal previous tx_curr + tx_new - tx_ml,"actual=3127, expected=3310.0"
BEN003,2023-08-31,R11,tx_curr should approximately equal previous tx_curr + tx_new - tx_ml,"actual=2458, expected=2634.0"
BEN005,2022-03-31,R11,tx_curr should approximately equal previous tx_curr + tx_new - tx_ml,"actual=419, expected=589.0"
BEN010,2023-11-30,R11,tx_curr should approximately equal previous tx_curr + tx_new - tx_ml,"actual=731, expected=728.0"
CRS009,2022-02-01,R11,tx_curr should approximately equal previous tx_curr + tx_new - tx_ml,"actual=693, expected=910.0"
LAG004,2023-05-31,R11,tx_curr should approximately equal previous tx_curr + tx_new - tx_ml,"actual=614, expected=611.0"
NAS003,2024-04-30,R11,tx_curr should approximately equal previous tx_curr + tx_new - tx_ml,"actual=1509, expected=1404.0"
NAS006,2024-11-30,R11,tx_curr should approximately equal previous tx_curr + tx_new - tx_ml,"actual=937, expected=969.0"
AKS006,2023-04-30,R11,tx_curr should approximately equal previous tx_curr + tx_new - tx_ml,"actual=348, expected=375.0"
BEN014,2023-01-31,R11,tx_curr should approximately equal previous tx_curr + tx_new - tx_ml,"actual=848, expected=846.0"
RIV010,2022-11-30,R11,tx_curr should approximately equal previous tx_curr + tx_new - tx_ml,"actual=3214, expected=3132.0"
NAS009,2023-04-30,R11,tx_curr should approximately equal previous tx_curr + tx_new - tx_ml,"actual=473, expected=475.0"
NAS005,2023-05-31,R11,tx_curr should approximately equal previous tx_curr + tx_new - tx_ml,"actual=464, expected=287.0"
KAD003,2023-01-31,R11,tx_curr should approximately equal previous tx_curr + tx_new - tx_ml,"actual=2621, expected=2685.0"
RIV009,2023-01-31,R11,tx_curr should approximately equal previous tx_curr + tx_new - tx_ml,"actual=820, expected=816.0"
FCT007,2024-04-30,R11,tx_curr should approximately equal previous tx_curr + tx_new - tx_ml,"actual=4199, expected=4667.0"
RIV002,2022-06-30,R11,tx_curr should approximately equal previous tx_curr + tx_new - tx_ml,"actual=4872, expected=4143.0"
CRS010,2024-10-31,R11,tx_curr should approximately equal previous tx_curr + tx_new - tx_ml,"actual=334, expected=388.0"
CRS005,2024-01-01,R11,tx_curr should approximately equal previous tx_curr + tx_new - tx_ml,"actual=4206, expected=4048.0"
RIV011,2022-06-30,R11,tx_curr should approximately equal previous tx_curr + tx_new - tx_ml,"actual=875, expected=932.0"
RIV003,2023-08-01,R11,tx_curr should approximately equal previous tx_curr + tx_new - tx_ml,"actual=1030, expected=1026.0"
FCT008,2022-10-31,R11,tx_curr should approximately equal previous tx_curr + tx_new - tx_ml,"actual=5257, expected=4643.0"
BEN015,2023-07-31,R11,tx_curr should approximately equal previous tx_curr + tx_new - tx_ml,"actual=786, expected=725.0"
AKS005,2023-07-31,R11,tx_curr should approximately equal previous tx_curr + tx_new - tx_ml,"actual=1097, expected=943.0"
NAS008,2024-03-31,R11,tx_curr should approximately equal previous tx_curr + tx_new - tx_ml,"actual=778, expected=786.0"
LAG012,2024-02-29,R11,tx_curr should approximately equal previous tx_curr + tx_new - tx_ml,"actual=649, expected=627.0"
NAS011,2022-10-31,R11,tx_curr should approximately equal previous tx_curr + tx_new - tx_ml,"actual=2716, expected=2747.0"
BEN010,2024-08-31,R11,tx_curr should approximately equal previous tx_curr + tx_new - tx_ml,"actual=701, expected=726.0"
RIV011,2024-02-29,R11,tx_curr should approximately equal previous tx_curr + tx_new - tx_ml,"actual=914, expected=881.0"
CRS003,2024-05-31,R11,tx_curr should approximately equal previous tx_curr + tx_new - tx_ml,"actual=5132, expected=5198.0"
RIV001,2022-08-31,R11,tx_curr should approximately equal previous tx_curr + tx_new - tx_ml,"actual=1078, expected=790.0"
BEN014,2023-11-30,R11,tx_curr should approximately equal previous tx_curr + tx_new - tx_ml,"actual=783, expected=836.0"
BEN015,2023-01-31,R11,tx_curr should approximately equal previous tx_curr + tx_new - tx_ml,"actual=829, expected=774.0"
LAG003,2024-09-01,R11,tx_curr should approximately equal previous tx_curr + tx_new - tx_ml,"actual=6948, expected=6129.0"
FCT009,2024-03-31,R11,tx_curr should approximately equal previous tx_curr + tx_new - tx_ml,"actual=476, expected=466.0"
LAG007,2024-06-30,R11,tx_curr should approximately equal previous tx_curr + tx_new - tx_ml,"actual=616, expected=415.0"
KAD014,2022-12-31,R11,tx_curr should approximately equal previous tx_curr + tx_new - tx_ml,"actual=2589, expected=2282.0"
CRS015,2022-01-31,R11,tx_curr should approximately equal previous tx_curr + tx_new - tx_ml,"actual=638, expected=599.0"
RIV002,2024-12-01,R11,tx_curr should approximately equal previous tx_curr + tx_new - tx_ml,"actual=4156, expected=4860.0"
BEN008,2022-09-01,R11,tx_curr should approximately equal previous tx_curr + tx_new - tx_ml,"actual=6249, expected=6159.0"
CRS003,2023-12-31,R11,tx_curr should approximately equal previous tx_curr + tx_new - tx_ml,"actual=5221, expected=5117.0"
RIV003,2024-05-31,R11,tx_curr should approximately equal previous tx_curr + tx_new - tx_ml,"actual=1065, expected=1077.0"
RIV011,2024-07-31,R11,tx_curr should approximately equal previous tx_curr + tx_new - tx_ml,"actual=956, expected=918.0"
FCT005,2024-10-31,R11,tx_curr should approximately equal previous tx_curr + tx_new - tx_ml,"actual=576, expected=538.0"
CRS003,2023-03-31,R11,tx_curr should approximately equal previous tx_curr + tx_new - tx_ml,"actual=5327, expected=5190.0"
RIV006,2023-11-30,R11,tx_curr should approximately equal previous tx_curr + tx_new - tx_ml,"actual=2675, expected=2482.0"
XXX999,2024-02-29,R11,tx_curr should approximately equal previous tx_curr + tx_new - tx_ml,"actual=1066, expected=3465.0"
LAG007,2022-02-28,R11,tx_curr should approximately equal previous tx_curr + tx_new - tx_ml,"actual=403, expected=619.0"
KAD002,2024-02-29,R11,tx_curr should approximately equal previous tx_curr + tx_new - tx_ml,"actual=3749, expected=3938.0"
CRS006,2024-07-31,R11,tx_curr should approximately equal previous tx_curr + tx_new - tx_ml,"actual=1432, expected=1374.0"
KAD001,2024-06-30,R11,tx_curr should approximately equal previous tx_curr + tx_new - tx_ml,"actual=741, expected=782.0"
FCT008,2023-06-30,R11,tx_curr should approximately equal previous tx_curr + tx_new - tx_ml,"actual=5014, expected=5227.0"
KAD013,2022-10-31,R11,tx_curr should approximately equal previous tx_curr + tx_new - tx_ml,"actual=1944, expected=1760.0"
BEN001,2023-06-30,R11,tx_curr should approximately equal previous tx_curr + tx_new - tx_ml,"actual=1906, expected=1773.0"
FCT005,2022-12-31,R11,tx_curr should approximately equal previous tx_curr + tx_new - tx_ml,"actual=506, expected=576.0"
AKS002,2023-01-01,R11,tx_curr should approximately equal previous tx_curr + tx_new - tx_ml,"actual=633, expected=532.0"
NAS002,2022-09-30,R11,tx_curr should approximately equal previous tx_curr + tx_new - tx_ml,"actual=314, expected=318.0"
RIV011,2023-10-31,R11,tx_curr should approximately equal previous tx_curr + tx_new - tx_ml,"actual=887, expected=960.0"
KAD004,2023-07-31,R11,tx_curr should approximately equal previous tx_curr + tx_new - tx_ml,"actual=4711, expected=5684.0"
RIV001,2022-07-31,R11,tx_curr should approximately equal previous tx_curr + tx_new - tx_ml,"actual=1092, expected=1082.0"
CRS013,2024-12-01,R11,tx_curr should approximately equal previous tx_curr + tx_new - tx_ml,"actual=716, expected=834.0"
RIV007,2022-01-01,R11,tx_curr should approximately equal previous tx_curr + tx_new - tx_ml,"actual=743, expected=625.0"
KAD014,2023-07-31,R11,tx_curr should approximately equal previous tx_curr + tx_new - tx_ml,"actual=2466, expected=2585.0"
KAD004,2023-10-31,R11,tx_curr should approximately equal previous tx_curr + tx_new - tx_ml,"actual=4790, expected=4716.0"
KAD002,2022-09-30,R11,tx_curr should approximately equal previous tx_curr + tx_new - tx_ml,"actual=4340, expected=3729.0"
LAG001,2024-03-31,R11,tx_curr should approximately equal previous tx_curr + tx_new - tx_ml,"actual=356, expected=182.0"
KAD002,2023-08-31,R11,tx_curr should approximately equal previous tx_curr + tx_new - tx_ml,"actual=3934, expected=4305.0"
FCT003,2022-02-28,R11,tx_curr should approximately equal previous tx_curr + tx_new - tx_ml,"actual=6673, expected=6227.0"
NAS012,2023-03-31,R11,tx_curr should approximately equal previous tx_curr + tx_new - tx_ml,"actual=1327, expected=1363.0"
KAD003,2024-03-31,R11,tx_curr should approximately equal previous tx_curr + tx_new - tx_ml,"actual=2810, expected=2617.0"
LAG008,2023-07-31,R11,tx_curr should approximately equal previous tx_curr + tx_new - tx_ml,"actual=783, expected=714.0"
LAG099,2022-01-31,R11,tx_curr should approximately equal previous tx_curr + tx_new - tx_ml,"actual=1435, expected=1173.0"
RIV009,2022-09-30,R11,tx_curr should approximately equal previous tx_curr + tx_new - tx_ml,"actual=829, expected=808.0"
FCT007,2023-01-31,R11,tx_curr should approximately equal previous tx_curr + tx_new - tx_ml,"actual=4274, expected=4160.0"
CRS009,2024-03-31,R11,tx_curr should approximately equal previous tx_curr + tx_new - tx_ml,"actual=910, expected=712.0"
CRS015,2022-01-31,R11,tx_curr should approximately equal previous tx_curr + tx_new - tx_ml,"actual=638, expected=633.0"
KAD010,2022-01-31,R11,tx_curr should approximately equal previous tx_curr + tx_new - tx_ml,"actual=939, expected=932.0"
LAG007,2024-04-30,R11,tx_curr should approximately equal previous tx_curr + tx_new - tx_ml,"actual=598, expected=411.0"
CRS003,2024-01-31,R11,tx_curr should approximately equal previous tx_curr + tx_new - tx_ml,"actual=5210, expected=5316.0"
BEN015,2022-03-31,R11,tx_curr should approximately equal previous tx_curr + tx_new - tx_ml,"actual=880, expected=822.0"
NAS014,2023-05-31,R11,tx_curr should approximately equal previous tx_curr + tx_new - tx_ml,"actual=4838, expected=5156.0"
LAG099,2024-03-31,R11,tx_curr should approximately equal previous tx_curr + tx_new - tx_ml,"actual=22760, expected=1424.0"
NAS014,2022-09-30,R11,tx_curr should approximately equal previous tx_curr + tx_new - tx_ml,"actual=4836, expected=4861.0"
BEN006,2024-04-30,R11,tx_curr should approximately equal previous tx_curr + tx_new - tx_ml,"actual=348, expected=345.0"
KAD006,2024-11-30,R11,tx_curr should approximately equal previous tx_curr + tx_new - tx_ml,"actual=1778, expected=1526.0"
NAS012,2024-08-31,R11,tx_curr should approximately equal previous tx_curr + tx_new - tx_ml,"actual=1386, expected=1337.0"
CRS002,2022-01-01,R11,tx_curr should approximately equal previous tx_curr + tx_new - tx_ml,"actual=142, expected=184.0"
CRS011,2023-06-30,R11,tx_curr should approximately equal previous tx_curr + tx_new - tx_ml,"actual=486, expected=464.0"
FCT010,2024-02-29,R11,tx_curr should approximately equal previous tx_curr + tx_new - tx_ml,"actual=437, expected=496.0"
BEN007,2024-11-01,R11,tx_curr should approximately equal previous tx_curr + tx_new - tx_ml,"actual=1747, expected=1834.0"
LAG099,2022-09-01,R11,tx_curr should approximately equal previous tx_curr + tx_new - tx_ml,"actual=471, expected=22762.0"
CRS013,2023-12-31,R11,tx_curr should approximately equal previous tx_curr + tx_new - tx_ml,"actual=763, expected=711.0"
CRS007,2022-11-01,R11,tx_curr should approximately equal previous tx_curr + tx_new - tx_ml,"actual=316, expected=315.0"
KAD001,2022-07-31,R11,tx_curr should approximately equal previous tx_curr + tx_new - tx_ml,"actual=782, expected=742.0"
LAG001,2024-12-31,R11,tx_curr should approximately equal previous tx_curr + tx_new - tx_ml,"actual=417, expected=358.0"
CRS009,2024-07-31,R11,tx_curr should approximately equal previous tx_curr + tx_new - tx_ml,"actual=950, expected=922.0"
CRS007,2023-10-31,R11,tx_curr should approximately equal previous tx_curr + tx_new - tx_ml,"actual=299, expected=316.0"
FCT009,2022-07-31,R11,tx_curr should approximately equal previous tx_curr + tx_new - tx_ml,"actual=441, expected=477.0"
NAS013,2023-12-31,R11,tx_curr should approximately equal previous tx_curr + tx_new - tx_ml,"actual=1631, expected=1607.0"
CRS010,2023-11-30,R11,tx_curr should approximately equal previous tx_curr + tx_new - tx_ml,"actual=373, expected=332.0"
LAG007,2024-09-30,R11,tx_curr should approximately equal previous tx_curr + tx_new - tx_ml,"actual=645, expected=605.0"
BEN009,2022-10-31,R11,tx_curr should approximately equal previous tx_curr + tx_new - tx_ml,"actual=474, expected=462.0"
CRS015,2022-09-30,R11,tx_curr should approximately equal previous tx_curr + tx_new - tx_ml,"actual=587, expected=636.0"
KAD004,2024-09-01,R11,tx_curr should approximately equal previous tx_curr + tx_new - tx_ml,"actual=5833, expected=4907.0"
LAG005,2024-10-31,R11,tx_curr should approximately equal previous tx_curr + tx_new - tx_ml,"actual=1840, expected=1722.0"
RIV010,2022-04-30,R11,tx_curr should approximately equal previous tx_curr + tx_new - tx_ml,"actual=3374, expected=3199.0"
RIV011,2024-03-31,R11,tx_curr should approximately equal previous tx_curr + tx_new - tx_ml,"actual=929, expected=902.0"
NAS001,2024-07-31,R11,tx_curr should approximately equal previous tx_curr + tx_new - tx_ml,"actual=395, expected=402.0"
RIV013,2024-02-29,R11,tx_curr should approximately equal previous tx_curr + tx_new - tx_ml,"actual=2127, expected=2259.0"
CRS011,2023-05-31,R11,tx_curr should approximately equal previous tx_curr + tx_new - tx_ml,"actual=481, expected=496.0"
BEN001,2023-08-31,R11,tx_curr should approximately equal previous tx_curr + tx_new - tx_ml,"actual=1864, expected=1889.0"
BEN002,2023-05-31,R11,tx_curr should approximately equal previous tx_curr + tx_new - tx_ml,"actual=4556, expected=4578.0"
LAG010,2022-02-28,R11,tx_curr should approximately equal previous tx_curr + tx_new - tx_ml,"actual=900, expected=970.0"
CRS013,2022-07-31,R11,tx_curr should approximately equal previous tx_curr + tx_new - tx_ml,"actual=878, expected=754.0"
CRS004,2023-12-31,R11,tx_curr should approximately equal previous tx_curr + tx_new - tx_ml,"actual=456, expected=450.0"
FCT002,2024-12-31,R11,tx_curr should approximately equal previous tx_curr + tx_new - tx_ml,"actual=562, expected=611.0"
AKS002,2023-12-31,R11,tx_curr should approximately equal previous tx_curr + tx_new - tx_ml,"actual=586, expected=627.0"
TMP001,2023-12-01,R11,tx_curr should approximately equal previous tx_curr + tx_new - tx_ml,"actual=392, expected=625.0"
FCT009,2024-09-30,R11,tx_curr should approximately equal previous tx_curr + tx_new - tx_ml,"actual=491, expected=444.0"
FCT001,2022-04-30,R11,tx_curr should approximately equal previous tx_curr + tx_new - tx_ml,"actual=1355, expected=1244.0"
LAG015,2022-04-30,R11,tx_curr should approximately equal previous tx_curr + tx_new - tx_ml,"actual=1142, expected=1118.0"
LAG012,2024-04-30,R11,tx_curr should approximately equal previous tx_curr + tx_new - tx_ml,"actual=654, expected=649.0"
FCT008,2024-01-31,R11,tx_curr should approximately equal previous tx_curr + tx_new - tx_ml,"actual=4847, expected=5000.0"
RIV007,2022-10-31,R11,tx_curr should approximately equal previous tx_curr + tx_new - tx_ml,"actual=698, expected=740.0"
CRS001,2022-11-30,R11,tx_curr should approximately equal previous tx_curr + tx_new - tx_ml,"actual=674, expected=691.0"
RIV015,2024-11-01,R11,tx_curr should approximately equal previous tx_curr + tx_new - tx_ml,"actual=2163, expected=2318.0"
FCT010,2022-08-31,R11,tx_curr should approximately equal previous tx_curr + tx_new - tx_ml,"actual=304, expected=446.0"
FCT004,2023-09-30,R11,tx_curr should approximately equal previous tx_curr + tx_new - tx_ml,"actual=1295, expected=1222.0"
BEN013,2024-07-31,R11,tx_curr should approximately equal previous tx_curr + tx_new - tx_ml,"actual=815, expected=454.0"
BEN005,2024-01-31,R11,tx_curr should approximately equal previous tx_curr + tx_new - tx_ml,"actual=534, expected=418.0"
FCT009,2024-04-30,R11,tx_curr should approximately equal previous tx_curr + tx_new - tx_ml,"actual=476, expected=441.0"
FCT006,2023-01-31,R11,tx_curr should approximately equal previous tx_curr + tx_new - tx_ml,"actual=2262, expected=2312.0"
LAG007,2024-12-31,R11,tx_curr should approximately equal previous tx_curr + tx_new - tx_ml,"actual=654, expected=652.0"
LAG004,2022-09-30,R11,tx_curr should approximately equal previous tx_curr + tx_new - tx_ml,"actual=621, expected=609.0"
RIV012,2022-05-31,R11,tx_curr should approximately equal previous tx_curr + tx_new - tx_ml,"actual=853, expected=1029.0"
BEN001,2022-01-31,R11,tx_curr should approximately equal previous tx_curr + tx_new - tx_ml,"actual=2149, expected=1850.0"
AKS006,2022-08-31,R11,tx_curr should approximately equal previous tx_curr + tx_new - tx_ml,"actual=288, expected=367.0"
KAD015,2024-09-30,R11,tx_curr should approximately equal previous tx_curr + tx_new - tx_ml,"actual=1541, expected=1714.0"
NAS013,2023-03-31,R11,tx_curr should approximately equal previous tx_curr + tx_new - tx_ml,"actual=1621, expected=1618.0"
LAG012,2024-10-31,R11,tx_curr should approximately equal previous tx_curr + tx_new - tx_ml,"actual=656, expected=652.0"
RIV001,2023-11-01,R11,tx_curr should approximately equal previous tx_curr + tx_new - tx_ml,"actual=908, expected=1079.0"
LAG015,2024-09-30,R11,tx_curr should approximately equal previous tx_curr + tx_new - tx_ml,"actual=1081, expected=1139.0"
NAS009,2022-08-31,R11,tx_curr should approximately equal previous tx_curr + tx_new - tx_ml,"actual=475, expected=478.0"
FCT004,2024-11-30,R11,tx_curr should approximately equal previous tx_curr + tx_new - tx_ml,"actual=1241, expected=1279.0"
AKS007,2022-11-30,R11,tx_curr should approximately equal previous tx_curr + tx_new - tx_ml,"actual=6333, expected=6702.0"
LAG099,2022-02-28,R11,tx_curr should approximately equal previous tx_curr + tx_new - tx_ml,"actual=1421, expected=457.0"
AKS015,2024-08-31,R11,tx_curr should approximately equal previous tx_curr + tx_new - tx_ml,"actual=2441, expected=2451.0"
LAG004,2023-08-31,R11,tx_curr should approximately equal previous tx_curr + tx_new - tx_ml,"actual=625, expected=620.0"
KAD015,2023-08-31,R11,tx_curr should approximately equal previous tx_curr + tx_new - tx_ml,"actual=1683, expected=1520.0"
BEN010,2022-05-31,R11,tx_curr should approximately equal previous tx_curr + tx_new - tx_ml,"actual=851, expected=704.0"
CRS003,2022-05-31,R11,tx_curr should approximately equal previous tx_curr + tx_new - tx_ml,"actual=5574, expected=5231.0"
NAS011,2024-04-30,R11,tx_curr should approximately equal previous tx_curr + tx_new - tx_ml,"actual=2417, expected=2707.0"
RIV005,2023-02-28,R11,tx_curr should approximately equal previous tx_curr + tx_new - tx_ml,"actual=1439, expected=1408.0"
BEN002,2022-09-30,R11,tx_curr should approximately equal previous tx_curr + tx_new - tx_ml,"actual=4816, expected=4491.0"
LAG009,2024-02-29,R11,tx_curr should approximately equal previous tx_curr + tx_new - tx_ml,"actual=2367, expected=2290.0"
FCT001,2024-12-31,R11,tx_curr should approximately equal previous tx_curr + tx_new - tx_ml,"actual=1151, expected=1342.0"
FCT004,2023-10-31,R11,tx_curr should approximately equal previous tx_curr + tx_new - tx_ml,"actual=1294, expected=1240.0"
BEN010,2022-01-31,R11,tx_curr should approximately equal previous tx_curr + tx_new - tx_ml,"actual=869, expected=837.0"
NAS006,2023-04-30,R11,tx_curr should approximately equal previous tx_curr + tx_new - tx_ml,"actual=961, expected=940.0"
FCT009,2023-07-31,R11,tx_curr should approximately equal previous tx_curr + tx_new - tx_ml,"actual=464, expected=480.0"
NAS015,2023-07-31,R11,tx_curr should approximately equal previous tx_curr + tx_new - tx_ml,"actual=3165, expected=3109.0"
RIV014,2024-06-30,R11,tx_curr should approximately equal previous tx_curr + tx_new - tx_ml,"actual=662, expected=600.0"
AKS006,2024-05-31,R11,tx_curr should approximately equal previous tx_curr + tx_new - tx_ml,"actual=473, expected=296.0"
FCT007,2022-06-30,R11,tx_curr should approximately equal previous tx_curr + tx_new - tx_ml,"actual=4493, expected=4252.0"
RIV001,2024-02-29,R11,tx_curr should approximately equal previous tx_curr + tx_new - tx_ml,"actual=889, expected=903.0"
AKS009,2024-02-29,R11,tx_curr should approximately equal previous tx_curr + tx_new - tx_ml,"actual=224, expected=241.0"
RIV002,2024-02-29,R11,tx_curr should approximately equal previous tx_curr + tx_new - tx_ml,"actual=4290, expected=4689.0"
FCT014,2023-04-30,R11,tx_curr should approximately equal previous tx_curr + tx_new - tx_ml,"actual=2502, expected=2523.0"
RIV011,2024-08-31,R11,tx_curr should approximately equal previous tx_curr + tx_new - tx_ml,"actual=948, expected=921.0"
FCT006,2023-11-30,R11,tx_curr should approximately equal previous tx_curr + tx_new - tx_ml,"actual=2194, expected=2268.0"
AKS004,2022-04-30,R11,tx_curr should approximately equal previous tx_curr + tx_new - tx_ml,"actual=993, expected=907.0"
KAD004,2022-04-30,R11,tx_curr should approximately equal previous tx_curr + tx_new - tx_ml,"actual=3729, expected=5924.0"
BEN001,2022-10-31,R11,tx_curr should approximately equal previous tx_curr + tx_new - tx_ml,"actual=2004, expected=2133.0"
CRS002,2023-06-30,R11,tx_curr should approximately equal previous tx_curr + tx_new - tx_ml,"actual=218, expected=150.0"
KAD005,2022-11-30,R11,tx_curr should approximately equal previous tx_curr + tx_new - tx_ml,"actual=300, expected=334.0"
AKS007,2023-03-31,R11,tx_curr should approximately equal previous tx_curr + tx_new - tx_ml,"actual=6179, expected=5938.0"
LAG007,2022-01-31,R11,tx_curr should approximately equal previous tx_curr + tx_new - tx_ml,"actual=400, expected=659.0"
LAG014,2024-11-30,R11,tx_curr should approximately equal previous tx_curr + tx_new - tx_ml,"actual=1596, expected=1654.0"
LAG011,2022-03-31,R11,tx_curr should approximately equal previous tx_curr + tx_new - tx_ml,"actual=1850, expected=1532.0"
AKS014,2022-05-31,R11,tx_curr should approximately equal previous tx_curr + tx_new - tx_ml,"actual=599, expected=618.0"
LAG009,2023-09-30,R11,tx_curr should approximately equal previous tx_curr + tx_new - tx_ml,"actual=2441, expected=2357.0"
FCT014,2024-09-30,R11,tx_curr should approximately equal previous tx_curr + tx_new - tx_ml,"actual=2541, expected=2516.0"
FCT015,2024-05-31,R11,tx_curr should approximately equal previous tx_curr + tx_new - tx_ml,"actual=752, expected=751.0"
BEN002,2022-12-31,R11,tx_curr should approximately equal previous tx_curr + tx_new - tx_ml,"actual=4711, expected=4756.0"
CRS001,2023-06-30,R11,tx_curr should approximately equal previous tx_curr + tx_new - tx_ml,"actual=673, expected=681.0"
NAS008,2022-12-31,R11,tx_curr should approximately equal previous tx_curr + tx_new - tx_ml,"actual=903, expected=773.0"
FCT002,2022-04-30,R11,tx_curr should approximately equal previous tx_curr + tx_new - tx_ml,"actual=639, expected=552.0"
CRS012,2023-07-31,R11,tx_curr should approximately equal previous tx_curr + tx_new - tx_ml,"actual=790, expected=729.0"
NAS004,2023-05-31,R11,tx_curr should approximately equal previous tx_curr + tx_new - tx_ml,"actual=478, expected=487.0"
FCT001,2022-09-01,R11,tx_curr should approximately equal previous tx_curr + tx_new - tx_ml,"actual=1329, expected=1150.0"
NAS004,2022-12-31,R11,tx_curr should approximately equal previous tx_curr + tx_new - tx_ml,"actual=459, expected=480.0"
AKS011,2022-02-28,R11,tx_curr should approximately equal previous tx_curr + tx_new - tx_ml,"actual=284, expected=305.0"
AKS004,2024-04-01,R11,tx_curr should approximately equal previous tx_curr + tx_new - tx_ml,"actual=950, expected=997.0"
BEN002,2023-07-31,R11,tx_curr should approximately equal previous tx_curr + tx_new - tx_ml,"actual=4543, expected=4737.0"
FCT008,2023-07-31,R11,tx_curr should approximately equal previous tx_curr + tx_new - tx_ml,"actual=5010, expected=4843.0"
BEN002,2024-12-31,R11,tx_curr should approximately equal previous tx_curr + tx_new - tx_ml,"actual=4413, expected=4558.0"
CRS003,2023-12-31,R11,tx_curr should approximately equal previous tx_curr + tx_new - tx_ml,"actual=5221, expected=5559.0"
CRS015,2023-04-30,R11,tx_curr should approximately equal previous tx_curr + tx_new - tx_ml,"actual=547, expected=586.0"
RIV015,2022-10-31,R11,tx_curr should approximately equal previous tx_curr + tx_new - tx_ml,"actual=2409, expected=2157.0"
AKS001,2023-11-30,R11,tx_curr should approximately equal previous tx_curr + tx_new - tx_ml,"actual=320, expected=322.0"
LAG002,2022-02-01,R11,tx_curr should approximately equal previous tx_curr + tx_new - tx_ml,"actual=5517, expected=5732.0"
LAG012,2022-05-31,R11,tx_curr should approximately equal previous tx_curr + tx_new - tx_ml,"actual=613, expected=663.0"
FCT010,2024-06-30,R11,tx_curr should approximately equal previous tx_curr + tx_new - tx_ml,"actual=482, expected=326.0"
RIV005,2022-12-01,R11,tx_curr should approximately equal previous tx_curr + tx_new - tx_ml,"actual=1466, expected=1431.0"
CRS014,2022-09-30,R11,tx_curr should approximately equal previous tx_curr + tx_new - tx_ml,"actual=106, expected=88.0"
NAS009,2023-09-30,R11,tx_curr should approximately equal previous tx_curr + tx_new - tx_ml,"actual=486, expected=474.0"
AKS012,2024-01-31,R11,tx_curr should approximately equal previous tx_curr + tx_new - tx_ml,"actual=1088, expected=1134.0"
FCT008,2022-02-28,R11,tx_curr should approximately equal previous tx_curr + tx_new - tx_ml,"actual=5528, expected=4999.0"
FCT015,2023-09-30,R11,tx_curr should approximately equal previous tx_curr + tx_new - tx_ml,"actual=766, expected=749.0"
AKS013,2024-05-31,R11,tx_curr should approximately equal previous tx_curr + tx_new - tx_ml,"actual=658, expected=605.0"
RIV015,2023-12-31,R11,tx_curr should approximately equal previous tx_curr + tx_new - tx_ml,"actual=2309, expected=2409.0"
AKS003,2023-04-01,R11,tx_curr should approximately equal previous tx_curr + tx_new - tx_ml,"actual=275, expected=322.0"
KAD015,2023-01-31,R11,tx_curr should approximately equal previous tx_curr + tx_new - tx_ml,"actual=1760, expected=1669.0"
NAS012,2023-09-30,R11,tx_curr should approximately equal previous tx_curr + tx_new - tx_ml,"actual=1351, expected=1392.0"
FCT001,2024-06-30,R11,tx_curr should approximately equal previous tx_curr + tx_new - tx_ml,"actual=1177, expected=1291.0"
TMP001,2024-07-31,R11,tx_curr should approximately equal previous tx_curr + tx_new - tx_ml,"actual=92, expected=393.0"
NAS007,2023-02-28,R11,tx_curr should approximately equal previous tx_curr + tx_new - tx_ml,"actual=2333, expected=2018.0"
LAG008,2024-11-30,R11,tx_curr should approximately equal previous tx_curr + tx_new - tx_ml,"actual=712, expected=779.0"
NAS001,2024-11-30,R11,tx_curr should approximately equal previous tx_curr + tx_new - tx_ml,"actual=382, expected=388.0"
RIV001,2022-01-31,R11,tx_curr should approximately equal previous tx_curr + tx_new - tx_ml,"actual=1190, expected=869.0"
LAG008,2023-01-31,R11,tx_curr should approximately equal previous tx_curr + tx_new - tx_ml,"actual=824, expected=702.0"
CRS010,2022-05-31,R11,tx_curr should approximately equal previous tx_curr + tx_new - tx_ml,"actual=430, expected=367.0"
FCT001,2024-10-31,R11,tx_curr should approximately equal previous tx_curr + tx_new - tx_ml,"actual=1164, expected=1172.0"
RIV009,2024-08-31,R11,tx_curr should approximately equal previous tx_curr + tx_new - tx_ml,"actual=768, expected=832.0"
AKS015,2024-06-30,R11,tx_curr should approximately equal previous tx_curr + tx_new - tx_ml,"actual=2417, expected=2432.0"
BEN009,2022-05-31,R11,tx_curr should approximately equal previous tx_curr + tx_new - tx_ml,"actual=479, expected=473.0"
NAS004,2022-03-31,R11,tx_curr should approximately equal previous tx_curr + tx_new - tx_ml,"actual=423, expected=462.0"
NAS005,2024-02-29,R11,tx_curr should approximately equal previous tx_curr + tx_new - tx_ml,"actual=657, expected=494.0"
RIV002,2023-10-31,R11,tx_curr should approximately equal previous tx_curr + tx_new - tx_ml,"actual=4484, expected=4276.0"
NAS001,2023-06-30,R11,tx_curr should approximately equal previous tx_curr + tx_new - tx_ml,"actual=440, expected=378.0"
KAD013,2023-06-30,R11,tx_curr should approximately equal previous tx_curr + tx_new - tx_ml,"actual=2415, expected=2023.0"
CRS004,2022-12-01,R11,tx_curr should approximately equal previous tx_curr + tx_new - tx_ml,"actual=456, expected=454.0"
RIV004,2023-03-31,R11,tx_curr should approximately equal previous tx_curr + tx_new - tx_ml,"actual=854, expected=850.0"
LAG014,2023-09-30,R11,tx_curr should approximately equal previous tx_curr + tx_new - tx_ml,"actual=1771, expected=1576.0"
NAS012,2022-02-28,R11,tx_curr should approximately equal previous tx_curr + tx_new - tx_ml,"actual=1357, expected=1367.0"
FCT006,2024-05-31,R11,tx_curr should approximately equal previous tx_curr + tx_new - tx_ml,"actual=2154, expected=2195.0"
KAD004,2024-02-29,R11,tx_curr should approximately equal previous tx_curr + tx_new - tx_ml,"actual=4937, expected=3760.0"
FCT007,2023-11-30,R11,tx_curr should approximately equal previous tx_curr + tx_new - tx_ml,"actual=4270, expected=4445.0"
BEN010,2023-09-30,R11,tx_curr should approximately equal previous tx_curr + tx_new - tx_ml,"actual=734, expected=859.0"
LAG008,2023-06-30,R11,tx_curr should approximately equal previous tx_curr + tx_new - tx_ml,"actual=790, expected=809.0"
BEN014,2022-10-31,R11,tx_curr should approximately equal previous tx_curr + tx_new - tx_ml,"actual=859, expected=772.0"
FCT015,2024-06-30,R11,tx_curr should approximately equal previous tx_curr + tx_new - tx_ml,"actual=749, expected=763.0"
RIV007,2023-12-31,R11,tx_curr should approximately equal previous tx_curr + tx_new - tx_ml,"actual=642, expected=695.0"
LAG012,2022-08-31,R11,tx_curr should approximately equal previous tx_curr + tx_new - tx_ml,"actual=622, expected=607.0"
FCT014,2023-08-31,R11,tx_curr should approximately equal previous tx_curr + tx_new - tx_ml,"actual=2517, expected=2545.0"
FCT015,2023-12-31,R11,tx_curr should approximately equal previous tx_curr + tx_new - tx_ml,"actual=756, expected=744.0"
LAG099,2023-03-31,R11,tx_curr should approximately equal previous tx_curr + tx_new - tx_ml,"actual=959, expected=1424.0"
AKS004,2023-02-28,R11,tx_curr should approximately equal previous tx_curr + tx_new - tx_ml,"actual=965, expected=952.0"
RIV010,2023-12-31,R11,tx_curr should approximately equal previous tx_curr + tx_new - tx_ml,"actual=3035, expected=3348.0"
NAS004,2024-11-30,R11,tx_curr should approximately equal previous tx_curr + tx_new - tx_ml,"actual=615, expected=433.0"
RIV005,2022-02-28,R11,tx_curr should approximately equal previous tx_curr + tx_new - tx_ml,"actual=1543, expected=1454.0"
CRS014,2023-11-30,R11,tx_curr should approximately equal previous tx_curr + tx_new - tx_ml,"actual=164, expected=110.0"
LAG008,2022-06-30,R11,tx_curr should approximately equal previous tx_curr + tx_new - tx_ml,"actual=871, expected=789.0"
FCT008,2022-04-30,R11,tx_curr should approximately equal previous tx_curr + tx_new - tx_ml,"actual=5443, expected=5495.0"
FCT013,2024-03-31,R11,tx_curr should approximately equal previous tx_curr + tx_new - tx_ml,"actual=1259, expected=1286.0"
AKS012,2023-06-30,R11,tx_curr should approximately equal previous tx_curr + tx_new - tx_ml,"actual=897, expected=1124.0"
RIV007,2024-10-31,R11,tx_curr should approximately equal previous tx_curr + tx_new - tx_ml,"actual=595, expected=645.0"
NAS007,2022-03-31,R11,tx_curr should approximately equal previous tx_curr + tx_new - tx_ml,"actual=2666, expected=2291.0"
BEN009,2023-08-31,R11,tx_curr should approximately equal previous tx_curr + tx_new - tx_ml,"actual=453, expected=479.0"
LAG013,2022-12-31,R11,tx_curr should approximately equal previous tx_curr + tx_new - tx_ml,"actual=6119, expected=6316.0"
LAG014,2022-10-31,R11,tx_curr should approximately equal previous tx_curr + tx_new - tx_ml,"actual=1904, expected=1752.0"
LAG007,2023-07-31,R11,tx_curr should approximately equal previous tx_curr + tx_new - tx_ml,"actual=512, expected=418.0"
CRS012,2024-10-31,R11,tx_curr should approximately equal previous tx_curr + tx_new - tx_ml,"actual=748, expected=784.0"
LAG003,2022-01-31,R11,tx_curr should approximately equal previous tx_curr + tx_new - tx_ml,"actual=6069, expected=7010.0"
NAS012,2023-12-31,R11,tx_curr should approximately equal previous tx_curr + tx_new - tx_ml,"actual=1355, expected=1357.0"
BEN010,2024-02-29,R11,tx_curr should approximately equal previous tx_curr + tx_new - tx_ml,"actual=722, expected=725.0"
FCT012,2022-04-01,R11,tx_curr should approximately equal previous tx_curr + tx_new - tx_ml,"actual=2652, expected=2727.0"
AKS008,2023-09-01,R11,tx_curr should approximately equal previous tx_curr + tx_new - tx_ml,"actual=86, expected=85.0"
RIV007,2024-03-31,R11,tx_curr should approximately equal previous tx_curr + tx_new - tx_ml,"actual=622, expected=589.0"
AKS015,2023-06-30,R11,tx_curr should approximately equal previous tx_curr + tx_new - tx_ml,"actual=2456, expected=2418.0"
FCT002,2024-07-31,R11,tx_curr should approximately equal previous tx_curr + tx_new - tx_ml,"actual=565, expected=636.0"
FCT008,2022-01-01,R11,tx_curr should approximately equal previous tx_curr + tx_new - tx_ml,"actual=5539, expected=5412.0"
KAD011,2024-12-31,R11,tx_curr should approximately equal previous tx_curr + tx_new - tx_ml,"actual=589, expected=584.0"
AKS010,2024-03-31,R11,tx_curr should approximately equal previous tx_curr + tx_new - tx_ml,"actual=1600, expected=1661.0"
CRS005,2023-02-01,R11,tx_curr should approximately equal previous tx_curr + tx_new - tx_ml,"actual=4340, expected=4200.0"
CRS011,2024-10-31,R11,tx_curr should approximately equal previous tx_curr + tx_new - tx_ml,"actual=501, expected=479.0"
CRS014,2022-11-30,R11,tx_curr should approximately equal previous tx_curr + tx_new - tx_ml,"actual=117, expected=169.0"
FCT002,2023-08-01,R11,tx_curr should approximately equal previous tx_curr + tx_new - tx_ml,"actual=586, expected=566.0"
BEN013,2022-04-30,R11,tx_curr should approximately equal previous tx_curr + tx_new - tx_ml,"actual=329, expected=840.0"
LAG008,2023-03-31,R11,tx_curr should approximately equal previous tx_curr + tx_new - tx_ml,"actual=812, expected=847.0"
RIV004,2022-04-30,R11,tx_curr should approximately equal previous tx_curr + tx_new - tx_ml,"actual=876, expected=852.0"
NAS001,2023-03-31,R11,tx_curr should approximately equal previous tx_curr + tx_new - tx_ml,"actual=454, expected=434.0"
KAD009,2023-12-31,R11,tx_curr should approximately equal previous tx_curr + tx_new - tx_ml,"actual=893, expected=850.0"
FCT008,2022-07-31,R11,tx_curr should approximately equal previous tx_curr + tx_new - tx_ml,"actual=5337, expected=5503.0"
AKS011,2022-10-31,R11,tx_curr should approximately equal previous tx_curr + tx_new - tx_ml,"actual=302, expected=288.0"
FCT009,2024-06-30,R11,tx_curr should approximately equal previous tx_curr + tx_new - tx_ml,"actual=481, expected=467.0"
AKS004,2022-11-30,R11,tx_curr should approximately equal previous tx_curr + tx_new - tx_ml,"actual=969, expected=956.0"
KAD010,2023-01-31,R11,tx_curr should approximately equal previous tx_curr + tx_new - tx_ml,"actual=960, expected=976.0"
FCT006,2024-11-30,R11,tx_curr should approximately equal previous tx_curr + tx_new - tx_ml,"actual=2117, expected=2147.0"
AKS005,2024-01-31,R11,tx_curr should approximately equal previous tx_curr + tx_new - tx_ml,"actual=1045, expected=1082.0"
BEN015,2024-10-31,R11,tx_curr should approximately equal previous tx_curr + tx_new - tx_ml,"actual=713, expected=870.0"
RIV009,2022-08-31,R11,tx_curr should approximately equal previous tx_curr + tx_new - tx_ml,"actual=841, expected=767.0"
BEN010,2022-06-30,R11,tx_curr should approximately equal previous tx_curr + tx_new - tx_ml,"actual=838, expected=709.0"
KAD014,2022-04-30,R11,tx_curr should approximately equal previous tx_curr + tx_new - tx_ml,"actual=2795, expected=2456.0"
RIV012,2024-03-31,R11,tx_curr should approximately equal previous tx_curr + tx_new - tx_ml,"actual=1011, expected=880.0"
XXX999,2022-10-31,R11,tx_curr should approximately equal previous tx_curr + tx_new - tx_ml,"actual=901, expected=1071.0"
AKS013,2024-07-31,R11,tx_curr should approximately equal previous tx_curr + tx_new - tx_ml,"actual=676, expected=667.0"
FCT005,2022-04-30,R11,tx_curr should approximately equal previous tx_curr + tx_new - tx_ml,"actual=483, expected=517.0"
FCT007,2024-07-31,R11,tx_curr should approximately equal previous tx_curr + tx_new - tx_ml,"actual=4274, expected=4270.0"
KAD001,2022-04-30,R11,tx_curr should approximately equal previous tx_curr + tx_new - tx_ml,"actual=793, expected=783.0"
NAS011,2022-01-31,R11,tx_curr should approximately equal previous tx_curr + tx_new - tx_ml,"actual=2849, expected=2397.0"
FCT003,2023-03-01,R11,tx_curr should approximately equal previous tx_curr + tx_new - tx_ml,"actual=5907, expected=6592.0"
AKS011,2022-08-31,R11,tx_curr should approximately equal previous tx_curr + tx_new - tx_ml,"actual=296, expected=307.0"
NAS010,2023-04-30,R11,tx_curr should approximately equal previous tx_curr + tx_new - tx_ml,"actual=4833, expected=5572.0"
FCT008,2024-05-31,R11,tx_curr should approximately equal previous tx_curr + tx_new - tx_ml,"actual=4736, expected=5330.0"
CRS005,2022-08-31,R11,tx_curr should approximately equal previous tx_curr + tx_new - tx_ml,"actual=4524, expected=4287.0"
CRS011,2022-10-31,R11,tx_curr should approximately equal previous tx_curr + tx_new - tx_ml,"actual=452, expected=503.0"
FCT002,2023-07-31,R11,tx_curr should approximately equal previous tx_curr + tx_new - tx_ml,"actual=585, expected=580.0"
KAD004,2023-02-28,R11,tx_curr should approximately equal previous tx_curr + tx_new - tx_ml,"actual=4379, expected=5013.0"
BEN009,2022-12-31,R11,tx_curr should approximately equal previous tx_curr + tx_new - tx_ml,"actual=471, expected=449.0"
FCT003,2024-09-30,R11,tx_curr should approximately equal previous tx_curr + tx_new - tx_ml,"actual=4923, expected=5823.0"
RIV007,2023-05-31,R11,tx_curr should approximately equal previous tx_curr + tx_new - tx_ml,"actual=657, expected=621.0"
KAD010,2022-05-31,R11,tx_curr should approximately equal previous tx_curr + tx_new - tx_ml,"actual=954, expected=968.0"
BEN013,2022-07-31,R11,tx_curr should approximately equal previous tx_curr + tx_new - tx_ml,"actual=398, expected=354.0"
NAS012,2023-08-31,R11,tx_curr should approximately equal previous tx_curr + tx_new - tx_ml,"actual=1345, expected=1374.0"
NAS007,2023-12-01,R11,tx_curr should approximately equal previous tx_curr + tx_new - tx_ml,"actual=2164, expected=2595.0"
AKS014,2024-07-31,R11,tx_curr should approximately equal previous tx_curr + tx_new - tx_ml,"actual=610, expected=600.0"
BEN010,2023-03-31,R11,tx_curr should approximately equal previous tx_curr + tx_new - tx_ml,"actual=762, expected=834.0"
BEN005,2022-11-30,R11,tx_curr should approximately equal previous tx_curr + tx_new - tx_ml,"actual=455, expected=533.0"
LAG014,2024-12-31,R11,tx_curr should approximately equal previous tx_curr + tx_new - tx_ml,"actual=1596, expected=1904.0"
AKS013,2022-04-30,R11,tx_curr should approximately equal previous tx_curr + tx_new - tx_ml,"actual=510, expected=681.0"
LAG002,2023-11-30,R11,tx_curr should approximately equal previous tx_curr + tx_new - tx_ml,"actual=5798, expected=5496.0"
BEN005,2024-08-01,R11,tx_curr should approximately equal previous tx_curr + tx_new - tx_ml,"actual=582, expected=456.0"
AKS011,2022-06-30,R11,tx_curr should approximately equal previous tx_curr + tx_new - tx_ml,"actual=293, expected=299.0"
FCT014,2022-06-30,R11,tx_curr should approximately equal previous tx_curr + tx_new - tx_ml,"actual=2459, expected=2491.0"
CRS007,2022-05-31,R11,tx_curr should approximately equal previous tx_curr + tx_new - tx_ml,"actual=314, expected=300.0"
AKS008,2024-01-31,R11,tx_curr should approximately equal previous tx_curr + tx_new - tx_ml,"actual=84, expected=86.0"
KAD013,2024-03-31,R11,tx_curr should approximately equal previous tx_curr + tx_new - tx_ml,"actual=2826, expected=2471.0"
CRS005,2023-12-31,R11,tx_curr should approximately equal previous tx_curr + tx_new - tx_ml,"actual=4252, expected=4531.0"
FCT015,2023-02-01,R11,tx_curr should approximately equal previous tx_curr + tx_new - tx_ml,"actual=808, expected=753.0"
NAS008,2023-02-28,R11,tx_curr should approximately equal previous tx_curr + tx_new - tx_ml,"actual=883, expected=893.0"
BEN012,2024-11-30,R11,tx_curr should approximately equal previous tx_curr + tx_new - tx_ml,"actual=449, expected=465.0"
TMP001,2022-12-31,R11,tx_curr should approximately equal previous tx_curr + tx_new - tx_ml,"actual=728, expected=125.0"
KAD007,2024-05-31,R11,tx_curr should approximately equal previous tx_curr + tx_new - tx_ml,"actual=1123, expected=1112.0"
LAG001,2024-05-31,R11,tx_curr should approximately equal previous tx_curr + tx_new - tx_ml,"actual=388, expected=432.0"
LAG014,2022-05-31,R11,tx_curr should approximately equal previous tx_curr + tx_new - tx_ml,"actual=1998, expected=1571.0"
BEN001,2024-09-30,R11,tx_curr should approximately equal previous tx_curr + tx_new - tx_ml,"actual=1696, expected=1980.0"
TMP001,2022-09-30,R11,tx_curr should approximately equal previous tx_curr + tx_new - tx_ml,"actual=1110, expected=726.0"
RIV009,2023-05-31,R11,tx_curr should approximately equal previous tx_curr + tx_new - tx_ml,"actual=809, expected=838.0"
CRS015,2023-10-31,R11,tx_curr should approximately equal previous tx_curr + tx_new - tx_ml,"actual=514, expected=540.0"
AKS003,2024-05-31,R11,tx_curr should approximately equal previous tx_curr + tx_new - tx_ml,"actual=426, expected=284.0"
CRS012,2024-12-01,R11,tx_curr should approximately equal previous tx_curr + tx_new - tx_ml,"actual=732, expected=742.0"
FCT009,2022-04-30,R11,tx_curr should approximately equal previous tx_curr + tx_new - tx_ml,"actual=438, expected=478.0"
XXX999,2023-01-31,R11,tx_curr should approximately equal previous tx_curr + tx_new - tx_ml,"actual=2192, expected=897.0"
FCT002,2024-10-31,R11,tx_curr should approximately equal previous tx_curr + tx_new - tx_ml,"actual=571, expected=586.0"
BEN005,2024-11-30,R11,tx_curr should approximately equal previous tx_curr + tx_new - tx_ml,"actual=587, expected=590.0"
TMP001,2022-09-30,R11,tx_curr should approximately equal previous tx_curr + tx_new - tx_ml,"actual=375, expected=1114.0"
RIV009,2024-04-30,R11,tx_curr should approximately equal previous tx_curr + tx_new - tx_ml,"actual=776, expected=811.0"
LAG008,2022-11-30,R11,tx_curr should approximately equal previous tx_curr + tx_new - tx_ml,"actual=842, expected=804.0"
LAG009,2024-09-30,R11,tx_curr should approximately equal previous tx_curr + tx_new - tx_ml,"actual=2306, expected=2430.0"
AKS003,2022-07-31,R11,tx_curr should approximately equal previous tx_curr + tx_new - tx_ml,"actual=176, expected=269.0"
RIV012,2022-09-30,R11,tx_curr should approximately equal previous tx_curr + tx_new - tx_ml,"actual=896, expected=1018.0"
AKS006,2023-08-31,R11,tx_curr should approximately equal previous tx_curr + tx_new - tx_ml,"actual=377, expected=481.0"
CRS008,2024-12-31,R11,tx_curr should approximately equal previous tx_curr + tx_new - tx_ml,"actual=2144, expected=2356.0"
NAS006,2024-07-31,R11,tx_curr should approximately equal previous tx_curr + tx_new - tx_ml,"actual=927, expected=966.0"
RIV008,2022-10-31,R11,tx_curr should approximately equal previous tx_curr + tx_new - tx_ml,"actual=3959, expected=4095.0"
KAD005,2024-04-30,R11,tx_curr should approximately equal previous tx_curr + tx_new - tx_ml,"actual=371, expected=309.0"
CRS009,2024-10-31,R11,tx_curr should approximately equal previous tx_curr + tx_new - tx_ml,"actual=947, expected=942.0"
FCT007,2024-10-31,R11,tx_curr should approximately equal previous tx_curr + tx_new - tx_ml,"actual=4258, expected=4242.0"
FCT004,2023-02-28,R11,tx_curr should approximately equal previous tx_curr + tx_new - tx_ml,"actual=1300, expected=1348.0"
NAS009,2022-06-01,R11,tx_curr should approximately equal previous tx_curr + tx_new - tx_ml,"actual=466, expected=483.0"
NAS015,2022-06-30,R11,tx_curr should approximately equal previous tx_curr + tx_new - tx_ml,"actual=3125, expected=3183.0"
RIV014,2024-02-29,R11,tx_curr should approximately equal previous tx_curr + tx_new - tx_ml,"actual=662, expected=660.0"
CRS002,2023-02-28,R11,tx_curr should approximately equal previous tx_curr + tx_new - tx_ml,"actual=199, expected=220.0"
FCT014,2024-07-31,R11,tx_curr should approximately equal previous tx_curr + tx_new - tx_ml,"actual=2515, expected=2443.0"
BEN015,2022-04-30,R11,tx_curr should approximately equal previous tx_curr + tx_new - tx_ml,"actual=876, expected=709.0"
FCT015,2024-02-29,R11,tx_curr should approximately equal previous tx_curr + tx_new - tx_ml,"actual=741, expected=799.0"
FCT001,2024-02-29,R11,tx_curr should approximately equal previous tx_curr + tx_new - tx_ml,"actual=1204, expected=1155.0"
FCT010,2023-05-31,R11,tx_curr should approximately equal previous tx_curr + tx_new - tx_ml,"actual=364, expected=494.0"
AKS012,2024-05-31,R11,tx_curr should approximately equal previous tx_curr + tx_new - tx_ml,"actual=1181, expected=918.0"
AKS011,2024-09-30,R11,tx_curr should approximately equal previous tx_curr + tx_new - tx_ml,"actual=339, expected=293.0"
BEN002,2024-04-30,R11,tx_curr should approximately equal previous tx_curr + tx_new - tx_ml,"actual=4408, expected=4385.0"
NAS012,2022-12-31,R11,tx_curr should approximately equal previous tx_curr + tx_new - tx_ml,"actual=1340, expected=1339.0"
AKS006,2022-12-31,R11,tx_curr should approximately equal previous tx_curr + tx_new - tx_ml,"actual=325, expected=390.0"
AKS003,2024-09-30,R11,tx_curr should approximately equal previous tx_curr + tx_new - tx_ml,"actual=477, expected=196.0"
CRS009,2022-08-31,R11,tx_curr should approximately equal previous tx_curr + tx_new - tx_ml,"actual=757, expected=962.0"
NAS005,2023-01-31,R11,tx_curr should approximately equal previous tx_curr + tx_new - tx_ml,"actual=400, expected=683.0"
LAG011,2023-08-31,R11,tx_curr should approximately equal previous tx_curr + tx_new - tx_ml,"actual=1668, expected=1840.0"
FCT004,2023-12-31,R11,tx_curr should approximately equal previous tx_curr + tx_new - tx_ml,"actual=1269, expected=1288.0"
RIV001,2023-02-28,R11,tx_curr should approximately equal previous tx_curr + tx_new - tx_ml,"actual=1004, expected=1176.0"
LAG010,2022-09-30,R11,tx_curr should approximately equal previous tx_curr + tx_new - tx_ml,"actual=942, expected=910.0"
BEN011,2023-12-31,R11,tx_curr should approximately equal previous tx_curr + tx_new - tx_ml,"actual=360, expected=334.0"
LAG004,2024-09-30,R11,tx_curr should approximately equal previous tx_curr + tx_new - tx_ml,"actual=610, expected=623.0"
KAD012,2024-11-30,R11,tx_curr should approximately equal previous tx_curr + tx_new - tx_ml,"actual=632, expected=641.0"
FCT014,2024-12-31,R11,tx_curr should approximately equal previous tx_curr + tx_new - tx_ml,"actual=2599, expected=2507.0"
FCT008,2024-09-30,R11,tx_curr should approximately equal previous tx_curr + tx_new - tx_ml,"actual=4776, expected=4768.0"
NAS006,2024-06-30,R11,tx_curr should approximately equal previous tx_curr + tx_new - tx_ml,"actual=933, expected=924.0"
LAG005,2024-04-30,R11,tx_curr should approximately equal previous tx_curr + tx_new - tx_ml,"actual=1802, expected=1857.0"
CRS013,2023-03-31,R11,tx_curr should approximately equal previous tx_curr + tx_new - tx_ml,"actual=812, expected=872.0"
BEN015,2022-08-31,R11,tx_curr should approximately equal previous tx_curr + tx_new - tx_ml,"actual=853, expected=876.0"
CRS006,2023-11-30,R11,tx_curr should approximately equal previous tx_curr + tx_new - tx_ml,"actual=1356, expected=1431.0"
LAG099,2022-08-01,R11,tx_curr should approximately equal previous tx_curr + tx_new - tx_ml,"actual=626, expected=911.0"
KAD005,2022-05-31,R11,tx_curr should approximately equal previous tx_curr + tx_new - tx_ml,"actual=281, expected=374.0"
KAD006,2024-10-01,R11,tx_curr should approximately equal previous tx_curr + tx_new - tx_ml,"actual=1772, expected=1781.0"
KAD006,2024-06-30,R11,tx_curr should approximately equal previous tx_curr + tx_new - tx_ml,"actual=1723, expected=1782.0"
CRS005,2023-08-31,R11,tx_curr should approximately equal previous tx_curr + tx_new - tx_ml,"actual=4247, expected=4274.0"
LAG005,2024-08-31,R11,tx_curr should approximately equal previous tx_curr + tx_new - tx_ml,"actual=1827, expected=1831.0"
RIV014,2022-09-30,R11,tx_curr should approximately equal previous tx_curr + tx_new - tx_ml,"actual=619, expected=662.0"
LAG010,2022-01-01,R11,tx_curr should approximately equal previous tx_curr + tx_new - tx_ml,"actual=895, expected=937.0"
RIV005,2023-07-31,R11,tx_curr should approximately equal previous tx_curr + tx_new - tx_ml,"actual=1383, expected=1518.0"
FCT012,2024-08-31,R11,tx_curr should approximately equal previous tx_curr + tx_new - tx_ml,"actual=2927, expected=2894.0"
NAS012,2022-10-31,R11,tx_curr should approximately equal previous tx_curr + tx_new - tx_ml,"actual=1346, expected=1333.0"
NAS007,2024-08-31,R11,tx_curr should approximately equal previous tx_curr + tx_new - tx_ml,"actual=2050, expected=2152.0"
RIV013,2023-11-30,R11,tx_curr should approximately equal previous tx_curr + tx_new - tx_ml,"actual=2146, expected=2136.0"
AKS013,2024-09-30,R11,tx_curr should approximately equal previous tx_curr + tx_new - tx_ml,"actual=699, expected=529.0"
KAD003,2023-10-01,R11,tx_curr should approximately equal previous tx_curr + tx_new - tx_ml,"actual=2801, expected=2834.0"
CRS010,2022-12-31,R11,tx_curr should approximately equal previous tx_curr + tx_new - tx_ml,"actual=405, expected=429.0"
NAS002,2023-09-30,R11,tx_curr should approximately equal previous tx_curr + tx_new - tx_ml,"actual=304, expected=313.0"
KAD001,2024-08-31,R11,tx_curr should approximately equal previous tx_curr + tx_new - tx_ml,"actual=746, expected=794.0"
BEN005,2023-01-31,R11,tx_curr should approximately equal previous tx_curr + tx_new - tx_ml,"actual=466, expected=591.0"
KAD004,2022-02-28,R11,tx_curr should approximately equal previous tx_curr + tx_new - tx_ml,"actual=3588, expected=4435.0"
AKS006,2024-09-30,R11,tx_curr should approximately equal previous tx_curr + tx_new - tx_ml,"actual=504, expected=330.0"
RIV014,2024-05-01,R11,tx_curr should approximately equal previous tx_curr + tx_new - tx_ml,"actual=671, expected=625.0"
NAS010,2023-01-31,R11,tx_curr should approximately equal previous tx_curr + tx_new - tx_ml,"actual=4740, expected=4831.0"
RIV011,2022-01-31,R11,tx_curr should approximately equal previous tx_curr + tx_new - tx_ml,"actual=870, expected=949.0"
BEN011,2022-11-01,R11,tx_curr should approximately equal previous tx_curr + tx_new - tx_ml,"actual=333, expected=371.0"
KAD003,2024-12-01,R11,tx_curr should approximately equal previous tx_curr + tx_new - tx_ml,"actual=3105, expected=2811.0"
LAG007,2023-06-30,R11,tx_curr should approximately equal previous tx_curr + tx_new - tx_ml,"actual=494, expected=522.0"
FCT001,2023-11-30,R11,tx_curr should approximately equal previous tx_curr + tx_new - tx_ml,"actual=1230, expected=1184.0"
FCT002,2024-01-31,R11,tx_curr should approximately equal previous tx_curr + tx_new - tx_ml,"actual=581, expected=567.0"
RIV004,2023-01-31,R11,tx_curr should approximately equal previous tx_curr + tx_new - tx_ml,"actual=856, expected=869.0"
BEN015,2024-11-30,R11,tx_curr should approximately equal previous tx_curr + tx_new - tx_ml,"actual=715, expected=855.0"
RIV006,2023-10-31,R11,tx_curr should approximately equal previous tx_curr + tx_new - tx_ml,"actual=2616, expected=2682.0"
AKS007,2024-06-30,R11,tx_curr should approximately equal previous tx_curr + tx_new - tx_ml,"actual=5321, expected=6100.0"
CRS013,2024-03-31,R11,tx_curr should approximately equal previous tx_curr + tx_new - tx_ml,"actual=763, expected=814.0"
LAG004,2024-07-31,R11,tx_curr should approximately equal previous tx_curr + tx_new - tx_ml,"actual=617, expected=612.0"
FCT011,2023-03-01,R11,tx_curr should approximately equal previous tx_curr + tx_new - tx_ml,"actual=2189, expected=2124.0"
KAD014,2023-10-31,R11,tx_curr should approximately equal previous tx_curr + tx_new - tx_ml,"actual=2378, expected=2780.0"
BEN004,2023-07-31,R11,tx_curr should approximately equal previous tx_curr + tx_new - tx_ml,"actual=384, expected=381.0"
AKS015,2022-06-30,R11,tx_curr should approximately equal previous tx_curr + tx_new - tx_ml,"actual=2480, expected=2441.0"
FCT011,2022-02-28,R11,tx_curr should approximately equal previous tx_curr + tx_new - tx_ml,"actual=2378, expected=2151.0"
FCT002,2022-06-30,R11,tx_curr should approximately equal previous tx_curr + tx_new - tx_ml,"actual=634, expected=582.0"
NAS001,2022-06-30,R11,tx_curr should approximately equal previous tx_curr + tx_new - tx_ml,"actual=490, expected=452.0"
LAG012,2024-09-30,R11,tx_curr should approximately equal previous tx_curr + tx_new - tx_ml,"actual=658, expected=619.0"
RIV007,2022-12-31,R11,tx_curr should approximately equal previous tx_curr + tx_new - tx_ml,"actual=679, expected=647.0"
NAS015,2024-05-31,R11,tx_curr should approximately equal previous tx_curr + tx_new - tx_ml,"actual=3308, expected=3171.0"
NAS002,2024-07-31,R11,tx_curr should approximately equal previous tx_curr + tx_new - tx_ml,"actual=296, expected=304.0"
AKS012,2024-02-01,R11,tx_curr should approximately equal previous tx_curr + tx_new - tx_ml,"actual=1096, expected=1189.0"
AKS004,2023-04-01,R11,tx_curr should approximately equal previous tx_curr + tx_new - tx_ml,"actual=959, expected=960.0"
CRS002,2023-05-31,R11,tx_curr should approximately equal previous tx_curr + tx_new - tx_ml,"actual=210, expected=205.0"
CRS001,2024-04-30,R11,tx_curr should approximately equal previous tx_curr + tx_new - tx_ml,"actual=697, expected=677.0"
RIV008,2024-04-30,R11,tx_curr should approximately equal previous tx_curr + tx_new - tx_ml,"actual=4090, expected=3952.0"
BEN010,2022-04-30,R11,tx_curr should approximately equal previous tx_curr + tx_new - tx_ml,"actual=848, expected=759.0"
BEN009,2023-07-31,R11,tx_curr should approximately equal previous tx_curr + tx_new - tx_ml,"actual=453, expected=464.0"
BEN014,2024-08-31,R11,tx_curr should approximately equal previous tx_curr + tx_new - tx_ml,"actual=752, expected=859.0"
LAG001,2023-11-30,R11,tx_curr should approximately equal previous tx_curr + tx_new - tx_ml,"actual=337, expected=406.0"
LAG005,2024-12-31,R11,tx_curr should approximately equal previous tx_curr + tx_new - tx_ml,"actual=1862, expected=1851.0"
NAS014,2023-03-31,R11,tx_curr should approximately equal previous tx_curr + tx_new - tx_ml,"actual=4787, expected=5069.0"
AKS012,2022-04-30,R11,tx_curr should approximately equal previous tx_curr + tx_new - tx_ml,"actual=423, expected=1124.0"
CRS008,2023-12-31,R11,tx_curr should approximately equal previous tx_curr + tx_new - tx_ml,"actual=2140, expected=2124.0"
NAS002,2022-04-30,R11,tx_curr should approximately equal previous tx_curr + tx_new - tx_ml,"actual=313, expected=291.0"
FCT004,2022-04-30,R11,tx_curr should approximately equal previous tx_curr + tx_new - tx_ml,"actual=1350, expected=1266.0"
LAG015,2024-12-31,R11,tx_curr should approximately equal previous tx_curr + tx_new - tx_ml,"actual=1074, expected=1078.0"
NAS006,2022-02-28,R11,tx_curr should approximately equal previous tx_curr + tx_new - tx_ml,"actual=1039, expected=929.0"
RIV013,2022-11-30,R11,tx_curr should approximately equal previous tx_curr + tx_new - tx_ml,"actual=2216, expected=2140.0"
AKS013,2024-01-31,R11,tx_curr should approximately equal previous tx_curr + tx_new - tx_ml,"actual=634, expected=700.0"
KAD010,2023-04-30,R11,tx_curr should approximately equal previous tx_curr + tx_new - tx_ml,"actual=951, expected=946.0"
CRS009,2023-06-30,R11,tx_curr should approximately equal previous tx_curr + tx_new - tx_ml,"actual=842, expected=769.0"
LAG099,2022-11-30,R11,tx_curr should approximately equal previous tx_curr + tx_new - tx_ml,"actual=938, expected=630.0"
CRS009,2022-06-01,R11,tx_curr should approximately equal previous tx_curr + tx_new - tx_ml,"actual=728, expected=854.0"
LAG010,2023-02-28,R11,tx_curr should approximately equal previous tx_curr + tx_new - tx_ml,"actual=952, expected=898.0"
NAS014,2024-08-31,R11,tx_curr should approximately equal previous tx_curr + tx_new - tx_ml,"actual=5101, expected=4787.0"
FCT004,2024-05-31,R11,tx_curr should approximately equal previous tx_curr + tx_new - tx_ml,"actual=1262, expected=1340.0"
LAG008,2023-05-31,R11,tx_curr should approximately equal previous tx_curr + tx_new - tx_ml,"actual=805, expected=836.0"
CRS014,2024-05-31,R11,tx_curr should approximately equal previous tx_curr + tx_new - tx_ml,"actual=189, expected=125.0"
CRS002,2024-05-31,R11,tx_curr should approximately equal previous tx_curr + tx_new - tx_ml,"actual=269, expected=212.0"
KAD003,2023-09-30,R11,tx_curr should approximately equal previous tx_curr + tx_new - tx_ml,"actual=2777, expected=3135.0"
RIV009,2023-06-30,R11,tx_curr should approximately equal previous tx_curr + tx_new - tx_ml,"actual=806, expected=773.0"
RIV001,2022-03-31,R11,tx_curr should approximately equal previous tx_curr + tx_new - tx_ml,"actual=1170, expected=992.0"
AKS003,2023-08-31,R11,tx_curr should approximately equal previous tx_curr + tx_new - tx_ml,"actual=334, expected=490.0"
CRS012,2023-03-31,R11,tx_curr should approximately equal previous tx_curr + tx_new - tx_ml,"actual=791, expected=723.0"
LAG011,2022-04-01,R11,tx_curr should approximately equal previous tx_curr + tx_new - tx_ml,"actual=1825, expected=1643.0"
NAS010,2024-04-30,R11,tx_curr should approximately equal previous tx_curr + tx_new - tx_ml,"actual=5455, expected=4718.0"
KAD014,2024-01-31,R11,tx_curr should approximately equal previous tx_curr + tx_new - tx_ml,"actual=2327, expected=2375.0"
FCT011,2023-02-01,R11,tx_curr should approximately equal previous tx_curr + tx_new - tx_ml,"actual=2199, expected=2385.0"
NAS003,2024-02-29,R11,tx_curr should approximately equal previous tx_curr + tx_new - tx_ml,"actual=1543, expected=1661.0"
RIV015,2022-05-31,R11,tx_curr should approximately equal previous tx_curr + tx_new - tx_ml,"actual=2429, expected=2277.0"
LAG010,2023-09-30,R11,tx_curr should approximately equal previous tx_curr + tx_new - tx_ml,"actual=948, expected=945.0"
AKS007,2023-10-31,R11,tx_curr should approximately equal previous tx_curr + tx_new - tx_ml,"actual=5729, expected=5225.0"
FCT005,2023-05-01,R11,tx_curr should approximately equal previous tx_curr + tx_new - tx_ml,"actual=518, expected=497.0"
BEN002,2023-06-30,R11,tx_curr should approximately equal previous tx_curr + tx_new - tx_ml,"actual=4517, expected=4369.0"
LAG006,2022-10-31,R11,tx_curr should approximately equal previous tx_curr + tx_new - tx_ml,"actual=5298, expected=4848.0"
CRS001,2023-09-30,R11,tx_curr should approximately equal previous tx_curr + tx_new - tx_ml,"actual=689, expected=696.0"
AKS005,2023-08-31,R11,tx_curr should approximately equal previous tx_curr + tx_new - tx_ml,"actual=1097, expected=1045.0"
FCT013,2024-11-30,R11,tx_curr should approximately equal previous tx_curr + tx_new - tx_ml,"actual=1242, expected=1238.0"
XXX999,2022-11-30,R11,tx_curr should approximately equal previous tx_curr + tx_new - tx_ml,"actual=786, expected=2192.0"
FCT010,2023-12-31,R11,tx_curr should approximately equal previous tx_curr + tx_new - tx_ml,"actual=430, expected=371.0"
NAS009,2023-02-28,R11,tx_curr should approximately equal previous tx_curr + tx_new - tx_ml,"actual=478, expected=467.0"
KAD011,2023-12-31,R11,tx_curr should approximately equal previous tx_curr + tx_new - tx_ml,"actual=573, expected=584.0"
LAG006,2023-04-30,R11,tx_curr should approximately equal previous tx_curr + tx_new - tx_ml,"actual=5001, expected=5252.0"
FCT008,2023-12-31,R11,tx_curr should approximately equal previous tx_curr + tx_new - tx_ml,"actual=4861, expected=4739.0"
XXX999,2022-01-31,R11,tx_curr should approximately equal previous tx_curr + tx_new - tx_ml,"actual=443, expected=783.0"
CRS004,2023-09-30,R11,tx_curr should approximately equal previous tx_curr + tx_new - tx_ml,"actual=459, expected=456.0"
FCT002,2022-03-31,R11,tx_curr should approximately equal previous tx_curr + tx_new - tx_ml,"actual=649, expected=633.0"
FCT014,2024-11-30,R11,tx_curr should approximately equal previous tx_curr + tx_new - tx_ml,"actual=2607, expected=2630.0"
NAS001,2024-06-30,R11,tx_curr should approximately equal previous tx_curr + tx_new - tx_ml,"actual=396, expected=480.0"
NAS010,2023-02-28,R11,tx_curr should approximately equal previous tx_curr + tx_new - tx_ml,"actual=4757, expected=5472.0"
KAD012,2023-09-30,R11,tx_curr should approximately equal previous tx_curr + tx_new - tx_ml,"actual=640, expected=623.0"
BEN011,2023-05-01,R11,tx_curr should approximately equal previous tx_curr + tx_new - tx_ml,"actual=340, expected=341.0"
RIV002,2023-06-30,R11,tx_curr should approximately equal previous tx_curr + tx_new - tx_ml,"actual=4637, expected=4477.0"
AKS002,2022-06-30,R11,tx_curr should approximately equal previous tx_curr + tx_new - tx_ml,"actual=673, expected=580.0"
RIV001,2023-09-30,R11,tx_curr should approximately equal previous tx_curr + tx_new - tx_ml,"actual=938, expected=1153.0"
CRS009,2023-11-30,R11,tx_curr should approximately equal previous tx_curr + tx_new - tx_ml,"actual=893, expected=740.0"
NAS012,2024-03-31,R11,tx_curr should approximately equal previous tx_curr + tx_new - tx_ml,"actual=1347, expected=1348.0"
AKS007,2024-04-30,R11,tx_curr should approximately equal previous tx_curr + tx_new - tx_ml,"actual=5376, expected=5655.0"
BEN008,2022-12-01,R11,tx_curr should approximately equal previous tx_curr + tx_new - tx_ml,"actual=6151, expected=6222.0"
FCT001,2024-03-31,R11,tx_curr should approximately equal previous tx_curr + tx_new - tx_ml,"actual=1196, expected=1222.0"
BEN011,2022-07-31,R11,tx_curr should approximately equal previous tx_curr + tx_new - tx_ml,"actual=312, expected=340.0"
FCT001,2023-04-30,R11,tx_curr should approximately equal previous tx_curr + tx_new - tx_ml,"actual=1274, expected=1190.0"
LAG004,2022-02-28,R11,tx_curr should approximately equal previous tx_curr + tx_new - tx_ml,"actual=634, expected=613.0"
KAD014,2022-08-31,R11,tx_curr should approximately equal previous tx_curr + tx_new - tx_ml,"actual=2694, expected=2298.0"
RIV009,2022-07-31,R11,tx_curr should approximately equal previous tx_curr + tx_new - tx_ml,"actual=842, expected=797.0"
TMP001,2024-11-01,R11,tx_curr should approximately equal previous tx_curr + tx_new - tx_ml,"actual=647, expected=371.0"
LAG099,2023-10-01,R11,tx_curr should approximately equal previous tx_curr + tx_new - tx_ml,"actual=758, expected=930.0"
NAS011,2023-05-31,R11,tx_curr should approximately equal previous tx_curr + tx_new - tx_ml,"actual=2620, expected=2839.0"
XXX999,2023-01-31,R11,tx_curr should approximately equal previous tx_curr + tx_new - tx_ml,"actual=598, expected=438.0"
KAD010,2024-02-29,R11,tx_curr should approximately equal previous tx_curr + tx_new - tx_ml,"actual=964, expected=950.0"
KAD012,2024-01-31,R11,tx_curr should approximately equal previous tx_curr + tx_new - tx_ml,"actual=628, expected=640.0"
NAS002,2023-01-31,R11,tx_curr should approximately equal previous tx_curr + tx_new - tx_ml,"actual=312, expected=313.0"
NAS015,2024-12-31,R11,tx_curr should approximately equal previous tx_curr + tx_new - tx_ml,"actual=3400, expected=3311.0"
KAD008,2024-12-01,R11,tx_curr should approximately equal previous tx_curr + tx_new - tx_ml,"actual=1161, expected=1179.0"
NAS999,2022-07-31,R11,tx_curr should approximately equal previous tx_curr + tx_new - tx_ml,"actual=1788, expected=2734.0"
KAD006,2022-07-31,R11,tx_curr should approximately equal previous tx_curr + tx_new - tx_ml,"actual=1571, expected=1745.0"
BEN006,2023-04-30,R11,tx_curr should approximately equal previous tx_curr + tx_new - tx_ml,"actual=334, expected=355.0"
FCT007,2024-11-30,R11,tx_curr should approximately equal previous tx_curr + tx_new - tx_ml,"actual=4229, expected=4397.0"
NAS003,2023-06-01,R11,tx_curr should approximately equal previous tx_curr + tx_new - tx_ml,"actual=1647, expected=1531.0"
NAS002,2023-11-30,R11,tx_curr should approximately equal previous tx_curr + tx_new - tx_ml,"actual=305, expected=309.0"
CRS011,2022-03-31,R11,tx_curr should approximately equal previous tx_curr + tx_new - tx_ml,"actual=454, expected=451.0"
NAS009,2022-11-30,R11,tx_curr should approximately equal previous tx_curr + tx_new - tx_ml,"actual=478, expected=476.0"
NAS007,2024-02-29,R11,tx_curr should approximately equal previous tx_curr + tx_new - tx_ml,"actual=2128, expected=2044.0"
BEN010,2023-12-01,R11,tx_curr should approximately equal previous tx_curr + tx_new - tx_ml,"actual=725, expected=842.0"
RIV004,2022-09-30,R11,tx_curr should approximately equal previous tx_curr + tx_new - tx_ml,"actual=864, expected=846.0"
LAG014,2023-07-31,R11,tx_curr should approximately equal previous tx_curr + tx_new - tx_ml,"actual=1794, expected=1992.0"
RIV003,2023-09-30,R11,tx_curr should approximately equal previous tx_curr + tx_new - tx_ml,"actual=1036, expected=1082.0"
LAG099,2023-09-30,R11,tx_curr should approximately equal previous tx_curr + tx_new - tx_ml,"actual=482, expected=759.0"
CRS006,2023-06-30,R11,tx_curr should approximately equal previous tx_curr + tx_new - tx_ml,"actual=1339, expected=1366.0"
KAD004,2023-04-30,R11,tx_curr should approximately equal previous tx_curr + tx_new - tx_ml,"actual=4535, expected=3685.0"
CRS004,2024-06-01,R11,tx_curr should approximately equal previous tx_curr + tx_new - tx_ml,"actual=459, expected=461.0"
AKS004,2022-08-31,R11,tx_curr should approximately equal previous tx_curr + tx_new - tx_ml,"actual=991, expected=959.0"
NAS005,2023-08-31,R11,tx_curr should approximately equal previous tx_curr + tx_new - tx_ml,"actual=543, expected=435.0"
BEN012,2023-11-30,R11,tx_curr should approximately equal previous tx_curr + tx_new - tx_ml,"actual=454, expected=448.0"
BEN005,2022-09-30,R11,tx_curr should approximately equal previous tx_curr + tx_new - tx_ml,"actual=455, expected=479.0"
NAS008,2024-06-30,R11,tx_curr should approximately equal previous tx_curr + tx_new - tx_ml,"actual=761, expected=872.0"
BEN003,2022-02-28,R11,tx_curr should approximately equal previous tx_curr + tx_new - tx_ml,"actual=2598, expected=2422.0"
AKS002,2023-10-31,R11,tx_curr should approximately equal previous tx_curr + tx_new - tx_ml,"actual=596, expected=668.0"
NAS001,2022-10-31,R11,tx_curr should approximately equal previous tx_curr + tx_new - tx_ml,"actual=474, expected=395.0"
XXX999,2024-10-31,R11,tx_curr should approximately equal previous tx_curr + tx_new - tx_ml,"actual=2167, expected=585.0"
LAG004,2022-12-31,R11,tx_curr should approximately equal previous tx_curr + tx_new - tx_ml,"actual=617, expected=633.0"
CRS008,2023-01-31,R11,tx_curr should approximately equal previous tx_curr + tx_new - tx_ml,"actual=2252, expected=2118.0"
KAD008,2024-09-30,R11,tx_curr should approximately equal previous tx_curr + tx_new - tx_ml,"actual=1165, expected=1156.0"
KAD009,2022-05-31,R11,tx_curr should approximately equal previous tx_curr + tx_new - tx_ml,"actual=682, expected=912.0"
RIV005,2023-12-31,R11,tx_curr should approximately equal previous tx_curr + tx_new - tx_ml,"actual=1328, expected=1367.0"
BEN001,2023-02-01,R11,tx_curr should approximately equal previous tx_curr + tx_new - tx_ml,"actual=1953, expected=1692.0"
NAS999,2024-02-29,R11,tx_curr should approximately equal previous tx_curr + tx_new - tx_ml,"actual=2814, expected=1816.0"
BEN009,2023-01-31,R11,tx_curr should approximately equal previous tx_curr + tx_new - tx_ml,"actual=467, expected=449.0"
AKS003,2022-01-31,R11,tx_curr should approximately equal previous tx_curr + tx_new - tx_ml,"actual=128, expected=343.0"
LAG009,2023-07-31,R11,tx_curr should approximately equal previous tx_curr + tx_new - tx_ml,"actual=2484, expected=2283.0"
FCT010,2022-01-31,R11,tx_curr should approximately equal previous tx_curr + tx_new - tx_ml,"actual=252, expected=435.0"
RIV006,2023-12-31,R11,tx_curr should approximately equal previous tx_curr + tx_new - tx_ml,"actual=2674, expected=2615.0"
FCT003,2024-03-31,R11,tx_curr should approximately equal previous tx_curr + tx_new - tx_ml,"actual=5234, expected=5744.0"
RIV013,2024-10-31,R11,tx_curr should approximately equal previous tx_curr + tx_new - tx_ml,"actual=2098, expected=2200.0"
BEN004,2022-03-31,R11,tx_curr should approximately equal previous tx_curr + tx_new - tx_ml,"actual=357, expected=386.0"
BEN002,2022-10-31,R11,tx_curr should approximately equal previous tx_curr + tx_new - tx_ml,"actual=4790, expected=4491.0"
BEN005,2023-10-31,R11,tx_curr should approximately equal previous tx_curr + tx_new - tx_ml,"actual=535, expected=459.0"
FCT003,2022-03-31,R11,tx_curr should approximately equal previous tx_curr + tx_new - tx_ml,"actual=6612, expected=5173.0"
KAD001,2022-03-31,R11,tx_curr should approximately equal previous tx_curr + tx_new - tx_ml,"actual=792, expected=738.0"
RIV013,2024-03-31,R11,tx_curr should approximately equal previous tx_curr + tx_new - tx_ml,"actual=2136, expected=2107.0"
BEN014,2024-10-31,R11,tx_curr should approximately equal previous tx_curr + tx_new - tx_ml,"actual=749, expected=744.0"
NAS013,2024-04-30,R11,tx_curr should approximately equal previous tx_curr + tx_new - tx_ml,"actual=1651, expected=1701.0"
LAG006,2024-07-31,R11,tx_curr should approximately equal previous tx_curr + tx_new - tx_ml,"actual=4543, expected=4997.0"
LAG014,2023-09-30,R11,tx_curr should approximately equal previous tx_curr + tx_new - tx_ml,"actual=1771, expected=1774.0"
KAD003,2022-05-01,R11,tx_curr should approximately equal previous tx_curr + tx_new - tx_ml,"actual=2577, expected=2769.0"
AKS013,2022-09-30,R11,tx_curr should approximately equal previous tx_curr + tx_new - tx_ml,"actual=554, expected=644.0"
BEN001,2023-09-01,R11,tx_curr should approximately equal previous tx_curr + tx_new - tx_ml,"actual=1838, expected=1927.0"
NAS008,2024-02-29,R11,tx_curr should approximately equal previous tx_curr + tx_new - tx_ml,"actual=788, expected=753.0"
RIV004,2022-02-28,R11,tx_curr should approximately equal previous tx_curr + tx_new - tx_ml,"actual=878, expected=856.0"
BEN014,2022-03-31,R11,tx_curr should approximately equal previous tx_curr + tx_new - tx_ml,"actual=906, expected=747.0"
NAS006,2024-10-31,R11,tx_curr should approximately equal previous tx_curr + tx_new - tx_ml,"actual=939, expected=1047.0"
NAS011,2022-03-31,R11,tx_curr should approximately equal previous tx_curr + tx_new - tx_ml,"actual=2802, expected=2582.0"
RIV004,2024-01-31,R11,tx_curr should approximately equal previous tx_curr + tx_new - tx_ml,"actual=835, expected=873.0"
BEN005,2024-06-30,R11,tx_curr should approximately equal previous tx_curr + tx_new - tx_ml,"actual=569, expected=542.0"
AKS014,2023-03-31,R11,tx_curr should approximately equal previous tx_curr + tx_new - tx_ml,"actual=603, expected=614.0"
BEN015,2022-05-31,R11,tx_curr should approximately equal previous tx_curr + tx_new - tx_ml,"actual=872, expected=711.0"
NAS009,2023-06-30,R11,tx_curr should approximately equal previous tx_curr + tx_new - tx_ml,"actual=474, expected=479.0"
BEN011,2024-03-31,R11,tx_curr should approximately equal previous tx_curr + tx_new - tx_ml,"actual=380, expected=319.0"
KAD011,2023-06-30,R11,tx_curr should approximately equal previous tx_curr + tx_new - tx_ml,"actual=564, expected=572.0"
AKS002,2023-02-01,R11,tx_curr should approximately equal previous tx_curr + tx_new - tx_ml,"actual=631, expected=594.0"
CRS007,2024-03-31,R11,tx_curr should approximately equal previous tx_curr + tx_new - tx_ml,"actual=309, expected=314.0"
FCT007,2023-04-30,R11,tx_curr should approximately equal previous tx_curr + tx_new - tx_ml,"actual=4358, expected=4273.0"
RIV009,2024-07-31,R11,tx_curr should approximately equal previous tx_curr + tx_new - tx_ml,"actual=765, expected=832.0"
RIV015,2024-05-31,R11,tx_curr should approximately equal previous tx_curr + tx_new - tx_ml,"actual=2242, expected=2412.0"
RIV005,2024-12-31,R11,tx_curr should approximately equal previous tx_curr + tx_new - tx_ml,"actual=1248, expected=1312.0"
FCT009,2024-01-31,R11,tx_curr should approximately equal previous tx_curr + tx_new - tx_ml,"actual=474, expected=440.0"
LAG002,2022-09-30,R11,tx_curr should approximately equal previous tx_curr + tx_new - tx_ml,"actual=5817, expected=5852.0"
LAG002,2022-05-31,R11,tx_curr should approximately equal previous tx_curr + tx_new - tx_ml,"actual=5631, expected=5908.0"
KAD002,2024-08-31,R11,tx_curr should approximately equal previous tx_curr + tx_new - tx_ml,"actual=3583, expected=3889.0"
CRS012,2022-09-30,R11,tx_curr should approximately equal previous tx_curr + tx_new - tx_ml,"actual=820, expected=788.0"
RIV001,2024-10-31,R11,tx_curr should approximately equal previous tx_curr + tx_new - tx_ml,"actual=789, expected=923.0"
FCT013,2022-05-31,R11,tx_curr should approximately equal previous tx_curr + tx_new - tx_ml,"actual=1414, expected=1243.0"
NAS002,2023-06-30,R11,tx_curr should approximately equal previous tx_curr + tx_new - tx_ml,"actual=304, expected=306.0"
TMP001,2024-07-31,R11,tx_curr should approximately equal previous tx_curr + tx_new - tx_ml,"actual=1376, expected=641.0"
BEN009,2023-10-31,R11,tx_curr should approximately equal previous tx_curr + tx_new - tx_ml,"actual=450, expected=466.0"
KAD009,2023-01-31,R11,tx_curr should approximately equal previous tx_curr + tx_new - tx_ml,"actual=770, expected=696.0"
BEN009,2024-12-31,R11,tx_curr should approximately equal previous tx_curr + tx_new - tx_ml,"actual=424, expected=448.0"
BEN004,2022-08-31,R11,tx_curr should approximately equal previous tx_curr + tx_new - tx_ml,"actual=371, expected=359.0"
BEN010,2022-09-30,R11,tx_curr should approximately equal previous tx_curr + tx_new - tx_ml,"actual=808, expected=711.0"
KAD009,2022-07-31,R11,tx_curr should approximately equal previous tx_curr + tx_new - tx_ml,"actual=717, expected=782.0"
LAG006,2022-03-31,R11,tx_curr should approximately equal previous tx_curr + tx_new - tx_ml,"actual=5576, expected=4446.0"
BEN012,2022-04-30,R11,tx_curr should approximately equal previous tx_curr + tx_new - tx_ml,"actual=480, expected=449.0"
FCT010,2024-12-31,R11,tx_curr should approximately equal previous tx_curr + tx_new - tx_ml,"actual=530, expected=256.0"
AKS001,2024-12-31,R11,tx_curr should approximately equal previous tx_curr + tx_new - tx_ml,"actual=329, expected=319.0"
FCT010,2022-05-31,R11,tx_curr should approximately equal previous tx_curr + tx_new - tx_ml,"actual=285, expected=547.0"
FCT002,2023-03-31,R11,tx_curr should approximately equal previous tx_curr + tx_new - tx_ml,"actual=598, expected=643.0"
BEN006,2024-07-31,R11,tx_curr should approximately equal previous tx_curr + tx_new - tx_ml,"actual=363, expected=342.0"
NAS015,2023-01-31,R11,tx_curr should approximately equal previous tx_curr + tx_new - tx_ml,"actual=3202, expected=3431.0"
FCT014,2023-09-30,R11,tx_curr should approximately equal previous tx_curr + tx_new - tx_ml,"actual=2507, expected=2597.0"
LAG002,2024-06-01,R11,tx_curr should approximately equal previous tx_curr + tx_new - tx_ml,"actual=6060, expected=5641.0"
BEN011,2022-08-31,R11,tx_curr should approximately equal previous tx_curr + tx_new - tx_ml,"actual=316, expected=384.0"
FCT011,2024-01-31,R11,tx_curr should approximately equal previous tx_curr + tx_new - tx_ml,"actual=2068, expected=2161.0"
LAG002,2023-08-31,R11,tx_curr should approximately equal previous tx_curr + tx_new - tx_ml,"actual=5782, expected=6022.0"
CRS002,2023-11-30,R11,tx_curr should approximately equal previous tx_curr + tx_new - tx_ml,"actual=246, expected=268.0"
CRS015,2024-05-31,R11,tx_curr should approximately equal previous tx_curr + tx_new - tx_ml,"actual=494, expected=507.0"
LAG009,2023-01-31,R11,tx_curr should approximately equal previous tx_curr + tx_new - tx_ml,"actual=2614, expected=2460.0"
BEN008,2024-06-30,R11,tx_curr should approximately equal previous tx_curr + tx_new - tx_ml,"actual=6203, expected=6096.0"
LAG006,2024-06-30,R11,tx_curr should approximately equal previous tx_curr + tx_new - tx_ml,"actual=4547, expected=5576.0"
TMP001,2024-07-31,R11,tx_curr should approximately equal previous tx_curr + tx_new - tx_ml,"actual=603, expected=1372.0"
AKS014,2022-02-28,R11,tx_curr should approximately equal previous tx_curr + tx_new - tx_ml,"actual=602, expected=601.0"
AKS004,2024-09-01,R11,tx_curr should approximately equal previous tx_curr + tx_new - tx_ml,"actual=928, expected=982.0"
RIV007,2024-09-01,R11,tx_curr should approximately equal previous tx_curr + tx_new - tx_ml,"actual=592, expected=672.0"
AKS009,2024-12-31,R11,tx_curr should approximately equal previous tx_curr + tx_new - tx_ml,"actual=239, expected=228.0"
KAD015,2023-04-30,R11,tx_curr should approximately equal previous tx_curr + tx_new - tx_ml,"actual=1719, expected=1501.0"
RIV005,2024-07-31,R11,tx_curr should approximately equal previous tx_curr + tx_new - tx_ml,"actual=1283, expected=1234.0"
NAS003,2022-01-31,R11,tx_curr should approximately equal previous tx_curr + tx_new - tx_ml,"actual=1920, expected=1614.0"
NAS014,2023-01-31,R11,tx_curr should approximately equal previous tx_curr + tx_new - tx_ml,"actual=4775, expected=5051.0"
CRS014,2023-12-31,R11,tx_curr should approximately equal previous tx_curr + tx_new - tx_ml,"actual=164, expected=189.0"
FCT006,2023-08-31,R11,tx_curr should approximately equal previous tx_curr + tx_new - tx_ml,"actual=2206, expected=2121.0"
AKS012,2022-11-30,R11,tx_curr should approximately equal previous tx_curr + tx_new - tx_ml,"actual=695, expected=469.0"
FCT014,2022-11-30,R11,tx_curr should approximately equal previous tx_curr + tx_new - tx_ml,"actual=2508, expected=2518.0"
RIV013,2024-09-30,R11,tx_curr should approximately equal previous tx_curr + tx_new - tx_ml,"actual=2114, expected=2125.0"
RIV010,2024-03-31,R11,tx_curr should approximately equal previous tx_curr + tx_new - tx_ml,"actual=2969, expected=3002.0"
NAS015,2024-03-31,R11,tx_curr should approximately equal previous tx_curr + tx_new - tx_ml,"actual=3253, expected=3225.0"
KAD011,2024-01-31,R11,tx_curr should approximately equal previous tx_curr + tx_new - tx_ml,"actual=575, expected=566.0"
CRS010,2024-08-01,R11,tx_curr should approximately equal previous tx_curr + tx_new - tx_ml,"actual=336, expected=401.0"
CRS009,2024-06-30,R11,tx_curr should approximately equal previous tx_curr + tx_new - tx_ml,"actual=938, expected=906.0"
AKS009,2023-04-30,R11,tx_curr should approximately equal previous tx_curr + tx_new - tx_ml,"actual=225, expected=237.0"
BEN005,2024-09-30,R11,tx_curr should approximately equal previous tx_curr + tx_new - tx_ml,"actual=584, expected=571.0"
NAS999,2024-03-31,R11,tx_curr should approximately equal previous tx_curr + tx_new - tx_ml,"actual=175, expected=2816.0"
RIV004,2023-05-31,R11,tx_curr should approximately equal previous tx_curr + tx_new - tx_ml,"actual=852, expected=838.0"
BEN003,2024-02-29,R11,tx_curr should approximately equal previous tx_curr + tx_new - tx_ml,"actual=2411, expected=2607.0"
LAG010,2022-08-31,R11,tx_curr should approximately equal previous tx_curr + tx_new - tx_ml,"actual=932, expected=957.0"
CRS010,2024-11-30,R11,tx_curr should approximately equal previous tx_curr + tx_new - tx_ml,"actual=332, expected=334.0"
LAG015,2023-01-31,R11,tx_curr should approximately equal previous tx_curr + tx_new - tx_ml,"actual=1095, expected=1063.0"
CRS008,2023-10-31,R11,tx_curr should approximately equal previous tx_curr + tx_new - tx_ml,"actual=2167, expected=2253.0"
XXX999,2024-06-30,R11,tx_curr should approximately equal previous tx_curr + tx_new - tx_ml,"actual=1089, expected=2178.0"
FCT013,2023-03-31,R11,tx_curr should approximately equal previous tx_curr + tx_new - tx_ml,"actual=1347, expected=1396.0"
KAD010,2023-05-31,R11,tx_curr should approximately equal previous tx_curr + tx_new - tx_ml,"actual=958, expected=971.0"
NAS007,2023-01-31,R11,tx_curr should approximately equal previous tx_curr + tx_new - tx_ml,"actual=2377, expected=1940.0"
BEN012,2024-01-31,R11,tx_curr should approximately equal previous tx_curr + tx_new - tx_ml,"actual=458, expected=483.0"
NAS999,2023-05-01,R11,tx_curr should approximately equal previous tx_curr + tx_new - tx_ml,"actual=879, expected=174.0"
CRS003,2022-08-31,R11,tx_curr should approximately equal previous tx_curr + tx_new - tx_ml,"actual=5514, expected=5203.0"
NAS014,2022-03-31,R11,tx_curr should approximately equal previous tx_curr + tx_new - tx_ml,"actual=4656, expected=4802.0"
LAG001,2022-09-30,R11,tx_curr should approximately equal previous tx_curr + tx_new - tx_ml,"actual=230, expected=342.0"
KAD009,2023-03-31,R11,tx_curr should approximately equal previous tx_curr + tx_new - tx_ml,"actual=788, expected=724.0"
RIV008,2024-06-01,R11,tx_curr should approximately equal previous tx_curr + tx_new - tx_ml,"actual=4141, expected=4125.0"
TMP001,2024-10-31,R11,tx_curr should approximately equal previous tx_curr + tx_new - tx_ml,"actual=2898, expected=580.0"
BEN008,2024-03-31,R11,tx_curr should approximately equal previous tx_curr + tx_new - tx_ml,"actual=6277, expected=6229.0"
NAS003,2022-11-30,R11,tx_curr should approximately equal previous tx_curr + tx_new - tx_ml,"actual=1755, expected=1896.0"
NAS004,2024-09-30,R11,tx_curr should approximately equal previous tx_curr + tx_new - tx_ml,"actual=602, expected=625.0"
RIV013,2024-05-31,R11,tx_curr should approximately equal previous tx_curr + tx_new - tx_ml,"actual=2120, expected=2113.0"
AKS001,2023-07-31,R11,tx_curr should approximately equal previous tx_curr + tx_new - tx_ml,"actual=323, expected=331.0"
LAG001,2023-10-31,R11,tx_curr should approximately equal previous tx_curr + tx_new - tx_ml,"actual=319, expected=239.0"
LAG002,2023-04-30,R11,tx_curr should approximately equal previous tx_curr + tx_new - tx_ml,"actual=5846, expected=5831.0"
AKS014,2024-02-29,R11,tx_curr should approximately equal previous tx_curr + tx_new - tx_ml,"actual=621, expected=608.0"
NAS004,2023-07-31,R11,tx_curr should approximately equal previous tx_curr + tx_new - tx_ml,"actual=487, expected=604.0"
KAD007,2022-05-31,R11,tx_curr should approximately equal previous tx_curr + tx_new - tx_ml,"actual=1114, expected=1115.0"
KAD007,2022-07-31,R11,tx_curr should approximately equal previous tx_curr + tx_new - tx_ml,"actual=1116, expected=1084.0"
BEN015,2024-05-31,R11,tx_curr should approximately equal previous tx_curr + tx_new - tx_ml,"actual=750, expected=876.0"
KAD014,2024-03-31,R11,tx_curr should approximately equal previous tx_curr + tx_new - tx_ml,"actual=2264, expected=2664.0"
FCT015,2022-05-31,R11,tx_curr should approximately equal previous tx_curr + tx_new - tx_ml,"actual=864, expected=726.0"
RIV014,2022-02-28,R11,tx_curr should approximately equal previous tx_curr + tx_new - tx_ml,"actual=609, expected=670.0"
NAS009,2022-03-31,R11,tx_curr should approximately equal previous tx_curr + tx_new - tx_ml,"actual=459, expected=470.0"
LAG002,2024-02-29,R11,tx_curr should approximately equal previous tx_curr + tx_new - tx_ml,"actual=5851, expected=5865.0"
LAG011,2023-12-31,R11,tx_curr should approximately equal previous tx_curr + tx_new - tx_ml,"actual=1649, expected=1555.0"
LAG011,2022-12-01,R11,tx_curr should approximately equal previous tx_curr + tx_new - tx_ml,"actual=1739, expected=1642.0"
KAD011,2022-11-30,R11,tx_curr should approximately equal previous tx_curr + tx_new - tx_ml,"actual=563, expected=582.0"
RIV013,2023-03-31,R11,tx_curr should approximately equal previous tx_curr + tx_new - tx_ml,"actual=2161, expected=2122.0"
KAD009,2024-03-31,R11,tx_curr should approximately equal previous tx_curr + tx_new - tx_ml,"actual=899, expected=787.0"
CRS009,2022-03-31,R11,tx_curr should approximately equal previous tx_curr + tx_new - tx_ml,"actual=707, expected=952.0"
CRS013,2022-09-30,R11,tx_curr should approximately equal previous tx_curr + tx_new - tx_ml,"actual=854, expected=752.0"
FCT008,2022-09-30,R11,tx_curr should approximately equal previous tx_curr + tx_new - tx_ml,"actual=5315, expected=4873.0"
BEN002,2024-03-31,R11,tx_curr should approximately equal previous tx_curr + tx_new - tx_ml,"actual=4436, expected=4782.0"
BEN004,2022-11-30,R11,tx_curr should approximately equal previous tx_curr + tx_new - tx_ml,"actual=374, expected=372.0"
AKS003,2023-02-28,R11,tx_curr should approximately equal previous tx_curr + tx_new - tx_ml,"actual=241, expected=133.0"
NAS999,2022-11-30,R11,tx_curr should approximately equal previous tx_curr + tx_new - tx_ml,"actual=437, expected=884.0"
CRS002,2022-05-31,R11,tx_curr should approximately equal previous tx_curr + tx_new - tx_ml,"actual=167, expected=252.0"
BEN009,2023-06-30,R11,tx_curr should approximately equal previous tx_curr + tx_new - tx_ml,"actual=460, expected=419.0"
KAD001,2023-07-01,R11,tx_curr should approximately equal previous tx_curr + tx_new - tx_ml,"actual=766, expected=790.0"
RIV014,2022-07-31,R11,tx_curr should approximately equal previous tx_curr + tx_new - tx_ml,"actual=613, expected=607.0"
AKS004,2023-09-30,R11,tx_curr should approximately equal previous tx_curr + tx_new - tx_ml,"actual=971, expected=928.0"
BEN009,2022-01-31,R11,tx_curr should approximately equal previous tx_curr + tx_new - tx_ml,"actual=486, expected=460.0"
NAS004,2022-06-30,R11,tx_curr should approximately equal previous tx_curr + tx_new - tx_ml,"actual=442, expected=493.0"
CRS004,2022-11-30,R11,tx_curr should approximately equal previous tx_curr + tx_new - tx_ml,"actual=462, expected=455.0"
BEN008,2024-08-31,R11,tx_curr should approximately equal previous tx_curr + tx_new - tx_ml,"actual=6182, expected=6291.0"
LAG002,2022-10-31,R11,tx_curr should approximately equal previous tx_curr + tx_new - tx_ml,"actual=5781, expected=5815.0"
KAD015,2022-04-30,R11,tx_curr should approximately equal previous tx_curr + tx_new - tx_ml,"actual=1930, expected=1688.0"
CRS008,2023-08-31,R11,tx_curr should approximately equal previous tx_curr + tx_new - tx_ml,"actual=2174, expected=2163.0"
CRS006,2023-01-01,R11,tx_curr should approximately equal previous tx_curr + tx_new - tx_ml,"actual=1295, expected=1344.0"
BEN004,2023-09-30,R11,tx_curr should approximately equal previous tx_curr + tx_new - tx_ml,"actual=385, expected=374.0"
NAS003,2022-04-30,R11,tx_curr should approximately equal previous tx_curr + tx_new - tx_ml,"actual=1892, expected=1744.0"
CRS007,2024-12-31,R11,tx_curr should approximately equal previous tx_curr + tx_new - tx_ml,"actual=303, expected=307.0"
FCT007,2023-09-30,R11,tx_curr should approximately equal previous tx_curr + tx_new - tx_ml,"actual=4293, expected=4371.0"
BEN005,2023-04-30,R11,tx_curr should approximately equal previous tx_curr + tx_new - tx_ml,"actual=495, expected=596.0"
FCT004,2024-02-29,R11,tx_curr should approximately equal previous tx_curr + tx_new - tx_ml,"actual=1254, expected=1255.0"
AKS008,2023-12-31,R11,tx_curr should approximately equal previous tx_curr + tx_new - tx_ml,"actual=84, expected=85.0"
AKS014,2023-10-31,R11,tx_curr should approximately equal previous tx_curr + tx_new - tx_ml,"actual=616, expected=623.0"
CRS015,2024-08-31,R11,tx_curr should approximately equal previous tx_curr + tx_new - tx_ml,"actual=487, expected=492.0"
NAS005,2024-11-01,R11,tx_curr should approximately equal previous tx_curr + tx_new - tx_ml,"actual=840, expected=572.0"
KAD014,2022-05-31,R11,tx_curr should approximately equal previous tx_curr + tx_new - tx_ml,"actual=2768, expected=2237.0"
FCT010,2022-09-01,R11,tx_curr should approximately equal previous tx_curr + tx_new - tx_ml,"actual=311, expected=292.0"
CRS002,2024-08-31,R11,tx_curr should approximately equal previous tx_curr + tx_new - tx_ml,"actual=280, expected=169.0"
XXX999,2023-03-31,R11,tx_curr should approximately equal previous tx_curr + tx_new - tx_ml,"actual=2395, expected=1097.0"
FCT001,2022-11-30,R11,tx_curr should approximately equal previous tx_curr + tx_new - tx_ml,"actual=1310, expected=1259.0"
AKS008,2024-06-30,R11,tx_curr should approximately equal previous tx_curr + tx_new - tx_ml,"actual=91, expected=87.0"
CRS008,2023-07-31,R11,tx_curr should approximately equal previous tx_curr + tx_new - tx_ml,"actual=2178, expected=2158.0"
BEN007,2024-01-31,R11,tx_curr should approximately equal previous tx_curr + tx_new - tx_ml,"actual=1925, expected=1873.0"
RIV012,2024-09-30,R11,tx_curr should approximately equal previous tx_curr + tx_new - tx_ml,"actual=1034, expected=886.0"
NAS004,2022-10-31,R11,tx_curr should approximately equal previous tx_curr + tx_new - tx_ml,"actual=459, expected=452.0"
KAD011,2022-09-01,R11,tx_curr should approximately equal previous tx_curr + tx_new - tx_ml,"actual=555, expected=567.0"
FCT009,2024-07-31,R11,tx_curr should approximately equal previous tx_curr + tx_new - tx_ml,"actual=479, expected=472.0"
KAD002,2024-04-30,R11,tx_curr should approximately equal previous tx_curr + tx_new - tx_ml,"actual=3676, expected=3552.0"
RIV003,2022-08-31,R11,tx_curr should approximately equal previous tx_curr + tx_new - tx_ml,"actual=1057, expected=1028.0"
FCT011,2023-04-30,R11,tx_curr should approximately equal previous tx_curr + tx_new - tx_ml,"actual=2176, expected=2055.0"
LAG004,2023-07-31,R11,tx_curr should approximately equal previous tx_curr + tx_new - tx_ml,"actual=626, expected=620.0"
NAS008,2023-03-31,R11,tx_curr should approximately equal previous tx_curr + tx_new - tx_ml,"actual=880, expected=785.0"
KAD013,2024-10-31,R11,tx_curr should approximately equal previous tx_curr + tx_new - tx_ml,"actual=3161, expected=2838.0"
LAG007,2023-04-30,R11,tx_curr should approximately equal previous tx_curr + tx_new - tx_ml,"actual=486, expected=500.0"
LAG002,2022-04-30,R11,tx_curr should approximately equal previous tx_curr + tx_new - tx_ml,"actual=5540, expected=5854.0"
FCT006,2023-05-31,R11,tx_curr should approximately equal previous tx_curr + tx_new - tx_ml,"actual=2196, expected=2185.0"
FCT002,2023-09-30,R11,tx_curr should approximately equal previous tx_curr + tx_new - tx_ml,"actual=589, expected=569.0"
LAG012,2022-09-30,R11,tx_curr should approximately equal previous tx_curr + tx_new - tx_ml,"actual=624, expected=660.0"
LAG010,2023-05-31,R11,tx_curr should approximately equal previous tx_curr + tx_new - tx_ml,"actual=946, expected=925.0"
BEN007,2023-04-30,R11,tx_curr should approximately equal previous tx_curr + tx_new - tx_ml,"actual=2109, expected=1901.0"
LAG011,2024-04-30,R11,tx_curr should approximately equal previous tx_curr + tx_new - tx_ml,"actual=1609, expected=1739.0"
RIV001,2024-12-31,R11,tx_curr should approximately equal previous tx_curr + tx_new - tx_ml,"actual=777, expected=782.0"
CRS014,2023-02-28,R11,tx_curr should approximately equal previous tx_curr + tx_new - tx_ml,"actual=128, expected=170.0"
LAG003,2023-07-31,R11,tx_curr should approximately equal previous tx_curr + tx_new - tx_ml,"actual=6537, expected=6061.0"
KAD007,2023-03-31,R11,tx_curr should approximately equal previous tx_curr + tx_new - tx_ml,"actual=1125, expected=1115.0"
KAD001,2024-01-31,R11,tx_curr should approximately equal previous tx_curr + tx_new - tx_ml,"actual=745, expected=755.0"
CRS009,2022-10-31,R11,tx_curr should approximately equal previous tx_curr + tx_new - tx_ml,"actual=787, expected=909.0"
RIV009,2024-10-31,R11,tx_curr should approximately equal previous tx_curr + tx_new - tx_ml,"actual=759, expected=760.0"
LAG006,2022-06-30,R11,tx_curr should approximately equal previous tx_curr + tx_new - tx_ml,"actual=5444, expected=4517.0"
TMP001,2023-01-31,R11,tx_curr should approximately equal previous tx_curr + tx_new - tx_ml,"actual=260, expected=2910.0"
AKS008,2023-06-01,R11,tx_curr should approximately equal previous tx_curr + tx_new - tx_ml,"actual=88, expected=93.0"
RIV003,2023-06-30,R11,tx_curr should approximately equal previous tx_curr + tx_new - tx_ml,"actual=1036, expected=1060.0"
FCT005,2024-11-30,R11,tx_curr should approximately equal previous tx_curr + tx_new - tx_ml,"actual=580, expected=522.0"
AKS009,2023-01-31,R11,tx_curr should approximately equal previous tx_curr + tx_new - tx_ml,"actual=226, expected=222.0"
AKS013,2024-04-30,R11,tx_curr should approximately equal previous tx_curr + tx_new - tx_ml,"actual=649, expected=558.0"
BEN011,2022-12-31,R11,tx_curr should approximately equal previous tx_curr + tx_new - tx_ml,"actual=331, expected=314.0"
BEN012,2022-01-31,R11,tx_curr should approximately equal previous tx_curr + tx_new - tx_ml,"actual=491, expected=460.0"
LAG012,2024-11-30,R11,tx_curr should approximately equal previous tx_curr + tx_new - tx_ml,"actual=656, expected=624.0"
NAS007,2022-04-01,R11,tx_curr should approximately equal previous tx_curr + tx_new - tx_ml,"actual=2664, expected=2375.0"
KAD007,2024-08-31,R11,tx_curr should approximately equal previous tx_curr + tx_new - tx_ml,"actual=1118, expected=1126.0"
LAG014,2024-06-30,R11,tx_curr should approximately equal previous tx_curr + tx_new - tx_ml,"actual=1639, expected=1756.0"
CRS008,2024-09-30,R11,tx_curr should approximately equal previous tx_curr + tx_new - tx_ml,"actual=2147, expected=2184.0"
KAD009,2023-05-31,R11,tx_curr should approximately equal previous tx_curr + tx_new - tx_ml,"actual=804, expected=909.0"
RIV009,2022-10-31,R11,tx_curr should approximately equal previous tx_curr + tx_new - tx_ml,"actual=829, expected=759.0"
KAD009,2022-08-31,R11,tx_curr should approximately equal previous tx_curr + tx_new - tx_ml,"actual=724, expected=811.0"
LAG011,2024-09-30,R11,tx_curr should approximately equal previous tx_curr + tx_new - tx_ml,"actual=1569, expected=1607.0"
RIV008,2024-12-31,R11,tx_curr should approximately equal previous tx_curr + tx_new - tx_ml,"actual=4217, expected=4131.0"
AKS014,2024-12-31,R11,tx_curr should approximately equal previous tx_curr + tx_new - tx_ml,"actual=618, expected=619.0"
FCT014,2024-04-30,R11,tx_curr should approximately equal previous tx_curr + tx_new - tx_ml,"actual=2536, expected=2515.0"
CRS002,2023-12-31,R11,tx_curr should approximately equal previous tx_curr + tx_new - tx_ml,"actual=247, expected=281.0"
AKS011,2023-09-01,R11,tx_curr should approximately equal previous tx_curr + tx_new - tx_ml,"actual=328, expected=341.0"
CRS003,2024-08-31,R11,tx_curr should approximately equal previous tx_curr + tx_new - tx_ml,"actual=5078, expected=5495.0"
BEN013,2023-06-30,R11,tx_curr should approximately equal previous tx_curr + tx_new - tx_ml,"actual=570, expected=424.0"
CRS014,2022-03-31,R11,tx_curr should approximately equal previous tx_curr + tx_new - tx_ml,"actual=77, expected=132.0"
FCT011,2022-12-31,R11,tx_curr should approximately equal previous tx_curr + tx_new - tx_ml,"actual=2196, expected=2151.0"
FCT006,2022-05-01,R11,tx_curr should approximately equal previous tx_curr + tx_new - tx_ml,"actual=2350, expected=2191.0"
AKS011,2023-03-31,R11,tx_curr should approximately equal previous tx_curr + tx_new - tx_ml,"actual=312, expected=333.0"
CRS006,2022-01-31,R11,tx_curr should approximately equal previous tx_curr + tx_new - tx_ml,"actual=1232, expected=1294.0"
FCT007,2022-10-31,R11,tx_curr should approximately equal previous tx_curr + tx_new - tx_ml,"actual=4369, expected=4236.0"
CRS008,2024-03-31,R11,tx_curr should approximately equal previous tx_curr + tx_new - tx_ml,"actual=2153, expected=2159.0"
RIV012,2022-04-30,R11,tx_curr should approximately equal previous tx_curr + tx_new - tx_ml,"actual=853, expected=1036.0"
NAS011,2023-04-01,R11,tx_curr should approximately equal previous tx_curr + tx_new - tx_ml,"actual=2630, expected=2766.0"
CRS002,2023-08-31,R11,tx_curr should approximately equal previous tx_curr + tx_new - tx_ml,"actual=229, expected=252.0"
LAG015,2024-04-30,R11,tx_curr should approximately equal previous tx_curr + tx_new - tx_ml,"actual=1084, expected=1097.0"
KAD009,2022-02-01,R11,tx_curr should approximately equal previous tx_curr + tx_new - tx_ml,"actual=644, expected=733.0"
LAG013,2023-09-30,R11,tx_curr should approximately equal previous tx_curr + tx_new - tx_ml,"actual=6052, expected=6100.0"
AKS015,2024-02-29,R11,tx_curr should approximately equal previous tx_curr + tx_new - tx_ml,"actual=2427, expected=2475.0"
KAD007,2022-06-30,R11,tx_curr should approximately equal previous tx_curr + tx_new - tx_ml,"actual=1110, expected=1114.0"
RIV003,2024-01-31,R11,tx_curr should approximately equal previous tx_curr + tx_new - tx_ml,"actual=1051, expected=1044.0"
BEN006,2023-02-28,R11,tx_curr should approximately equal previous tx_curr + tx_new - tx_ml,"actual=333, expected=366.0"
AKS006,2022-06-30,R11,tx_curr should approximately equal previous tx_curr + tx_new - tx_ml,"actual=261, expected=515.0"
FCT010,2022-07-31,R11,tx_curr should approximately equal previous tx_curr + tx_new - tx_ml,"actual=295, expected=318.0"
NAS999,2022-12-31,R11,tx_curr should approximately equal previous tx_curr + tx_new - tx_ml,"actual=779, expected=430.0"
LAG006,2022-02-28,R11,tx_curr should approximately equal previous tx_curr + tx_new - tx_ml,"actual=5673, expected=5381.0"
BEN011,2022-06-30,R11,tx_curr should approximately equal previous tx_curr + tx_new - tx_ml,"actual=312, expected=340.0"
FCT015,2024-01-31,R11,tx_curr should approximately equal previous tx_curr + tx_new - tx_ml,"actual=750, expected=858.0"
BEN013,2024-04-30,R11,tx_curr should approximately equal previous tx_curr + tx_new - tx_ml,"actual=745, expected=583.0"
BEN006,2023-06-30,R11,tx_curr should approximately equal previous tx_curr + tx_new - tx_ml,"actual=346, expected=340.0"
RIV002,2024-08-31,R11,tx_curr should approximately equal previous tx_curr + tx_new - tx_ml,"actual=4183, expected=4617.0"
LAG003,2024-01-31,R11,tx_curr should approximately equal previous tx_curr + tx_new - tx_ml,"actual=6653, expected=6512.0"
FCT002,2022-08-31,R11,tx_curr should approximately equal previous tx_curr + tx_new - tx_ml,"actual=631, expected=589.0"
RIV012,2023-08-31,R11,tx_curr should approximately equal previous tx_curr + tx_new - tx_ml,"actual=965, expected=853.0"
KAD010,2023-12-31,R11,tx_curr should approximately equal previous tx_curr + tx_new - tx_ml,"actual=965, expected=963.0"
FCT014,2023-11-30,R11,tx_curr should approximately equal previous tx_curr + tx_new - tx_ml,"actual=2496, expected=2546.0"
AKS012,2022-08-31,R11,tx_curr should approximately equal previous tx_curr + tx_new - tx_ml,"actual=560, expected=744.0"
XXX999,2023-12-31,R11,tx_curr should approximately equal previous tx_curr + tx_new - tx_ml,"actual=6170, expected=2483.0"
NAS007,2023-08-31,R11,tx_curr should approximately equal previous tx_curr + tx_new - tx_ml,"actual=2247, expected=2662.0"
LAG011,2022-02-28,R11,tx_curr should approximately equal previous tx_curr + tx_new - tx_ml,"actual=1852, expected=1556.0"
AKS005,2023-03-31,R11,tx_curr should approximately equal previous tx_curr + tx_new - tx_ml,"actual=1147, expected=1077.0"
LAG004,2024-01-31,R11,tx_curr should approximately equal previous tx_curr + tx_new - tx_ml,"actual=621, expected=624.0"
RIV011,2022-03-31,R11,tx_curr should approximately equal previous tx_curr + tx_new - tx_ml,"actual=867, expected=864.0"
AKS010,2024-05-31,R11,tx_curr should approximately equal previous tx_curr + tx_new - tx_ml,"actual=1589, expected=1631.0"
LAG015,2023-09-30,R11,tx_curr should approximately equal previous tx_curr + tx_new - tx_ml,"actual=1088, expected=1092.0"
AKS013,2023-01-31,R11,tx_curr should approximately equal previous tx_curr + tx_new - tx_ml,"actual=564, expected=648.0"
CRS004,2024-10-31,R11,tx_curr should approximately equal previous tx_curr + tx_new - tx_ml,"actual=464, expected=460.0"
NAS999,2024-11-30,R11,tx_curr should approximately equal previous tx_curr + tx_new - tx_ml,"actual=2917, expected=780.0"
LAG004,2023-02-28,R11,tx_curr should approximately equal previous tx_curr + tx_new - tx_ml,"actual=622, expected=626.0"
AKS009,2023-05-31,R11,tx_curr should approximately equal previous tx_curr + tx_new - tx_ml,"actual=224, expected=225.0"
TMP001,2023-12-31,R11,tx_curr should approximately equal previous tx_curr + tx_new - tx_ml,"actual=221, expected=259.0"
RIV001,2022-09-30,R11,tx_curr should approximately equal previous tx_curr + tx_new - tx_ml,"actual=1074, expected=773.0"
KAD013,2024-12-31,R11,tx_curr should approximately equal previous tx_curr + tx_new - tx_ml,"actual=3221, expected=3207.0"
CRS007,2022-02-28,R11,tx_curr should approximately equal previous tx_curr + tx_new - tx_ml,"actual=314, expected=304.0"
TMP001,2022-11-30,R11,tx_curr should approximately equal previous tx_curr + tx_new - tx_ml,"actual=1474, expected=217.0"
FCT006,2023-09-30,R11,tx_curr should approximately equal previous tx_curr + tx_new - tx_ml,"actual=2184, expected=2328.0"
LAG009,2023-12-31,R11,tx_curr should approximately equal previous tx_curr + tx_new - tx_ml,"actual=2377, expected=2612.0"
CRS013,2022-03-31,R11,tx_curr should approximately equal previous tx_curr + tx_new - tx_ml,"actual=901, expected=843.0"
RIV006,2024-06-30,R11,tx_curr should approximately equal previous tx_curr + tx_new - tx_ml,"actual=2819, expected=2732.0"
FCT011,2024-03-31,R11,tx_curr should approximately equal previous tx_curr + tx_new - tx_ml,"actual=2061, expected=2191.0"
BEN006,2022-11-30,R11,tx_curr should approximately equal previous tx_curr + tx_new - tx_ml,"actual=320, expected=345.0"
FCT015,2023-01-31,R11,tx_curr should approximately equal previous tx_curr + tx_new - tx_ml,"actual=811, expected=734.0"
CRS009,2022-04-30,R11,tx_curr should approximately equal previous tx_curr + tx_new - tx_ml,"actual=710, expected=790.0"
NAS013,2023-10-31,R11,tx_curr should approximately equal previous tx_curr + tx_new - tx_ml,"actual=1642, expected=1648.0"
RIV012,2024-11-30,R11,tx_curr should approximately equal previous tx_curr + tx_new - tx_ml,"actual=1034, expected=956.0"
AKS001,2023-02-28,R11,tx_curr should approximately equal previous tx_curr + tx_new - tx_ml,"actual=307, expected=323.0"
RIV010,2022-10-31,R11,tx_curr should approximately equal previous tx_curr + tx_new - tx_ml,"actual=3204, expected=2914.0"
RIV008,2023-05-31,R11,tx_curr should approximately equal previous tx_curr + tx_new - tx_ml,"actual=4022, expected=4175.0"
AKS015,2022-11-30,R11,tx_curr should approximately equal previous tx_curr + tx_new - tx_ml,"actual=2471, expected=2411.0"
NAS002,2022-11-30,R11,tx_curr should approximately equal previous tx_curr + tx_new - tx_ml,"actual=312, expected=305.0"
AKS012,2023-02-28,R11,tx_curr should approximately equal previous tx_curr + tx_new - tx_ml,"actual=759, expected=573.0"
FCT015,2022-09-30,R11,tx_curr should approximately equal previous tx_curr + tx_new - tx_ml,"actual=852, expected=806.0"
CRS010,2023-10-31,R11,tx_curr should approximately equal previous tx_curr + tx_new - tx_ml,"actual=375, expected=330.0"
AKS006,2024-04-30,R11,tx_curr should approximately equal previous tx_curr + tx_new - tx_ml,"actual=465, expected=279.0"
TMP001,2022-07-31,R11,tx_curr should approximately equal previous tx_curr + tx_new - tx_ml,"actual=2286, expected=1441.0"
AKS013,2024-03-31,R11,tx_curr should approximately equal previous tx_curr + tx_new - tx_ml,"actual=645, expected=570.0"
FCT008,2023-11-30,R11,tx_curr should approximately equal previous tx_curr + tx_new - tx_ml,"actual=4898, expected=5285.0"
NAS014,2024-11-30,R11,tx_curr should approximately equal previous tx_curr + tx_new - tx_ml,"actual=5097, expected=4644.0"
CRS007,2023-07-31,R11,tx_curr should approximately equal previous tx_curr + tx_new - tx_ml,"actual=301, expected=315.0"
KAD007,2023-06-30,R11,tx_curr should approximately equal previous tx_curr + tx_new - tx_ml,"actual=1131, expected=1112.0"
KAD013,2024-05-31,R11,tx_curr should approximately equal previous tx_curr + tx_new - tx_ml,"actual=2951, expected=3299.0"
LAG008,2023-04-30,R11,tx_curr should approximately equal previous tx_curr + tx_new - tx_ml,"actual=811, expected=804.0"
KAD012,2022-03-31,R11,tx_curr should approximately equal previous tx_curr + tx_new - tx_ml,"actual=665, expected=618.0"
FCT015,2022-02-28,R11,tx_curr should approximately equal previous tx_curr + tx_new - tx_ml,"actual=891, expected=835.0"
RIV001,2023-01-31,R11,tx_curr should approximately equal previous tx_curr + tx_new - tx_ml,"actual=1018, expected=1057.0"
BEN011,2022-04-30,R11,tx_curr should approximately equal previous tx_curr + tx_new - tx_ml,"actual=302, expected=314.0"
FCT004,2022-07-31,R11,tx_curr should approximately equal previous tx_curr + tx_new - tx_ml,"actual=1337, expected=1250.0"
NAS013,2023-08-31,R11,tx_curr should approximately equal previous tx_curr + tx_new - tx_ml,"actual=1655, expected=1645.0"
LAG009,2023-10-31,R11,tx_curr should approximately equal previous tx_curr + tx_new - tx_ml,"actual=2423, expected=2359.0"
RIV003,2023-11-01,R11,tx_curr should approximately equal previous tx_curr + tx_new - tx_ml,"actual=1044, expected=1056.0"
LAG099,2022-06-30,R11,tx_curr should approximately equal previous tx_curr + tx_new - tx_ml,"actual=4665, expected=507.0"
AKS009,2024-05-31,R11,tx_curr should approximately equal previous tx_curr + tx_new - tx_ml,"actual=231, expected=230.0"
CRS004,2023-07-31,R11,tx_curr should approximately equal previous tx_curr + tx_new - tx_ml,"actual=463, expected=466.0"
NAS011,2023-10-31,R11,tx_curr should approximately equal previous tx_curr + tx_new - tx_ml,"actual=2535, expected=2611.0"
BEN008,2022-01-31,R11,tx_curr should approximately equal previous tx_curr + tx_new - tx_ml,"actual=6331, expected=6156.0"
TMP001,2024-08-31,R11,tx_curr should approximately equal previous tx_curr + tx_new - tx_ml,"actual=958, expected=2294.0"
AKS003,2024-10-31,R11,tx_curr should approximately equal previous tx_curr + tx_new - tx_ml,"actual=486, expected=250.0"
NAS999,2024-11-30,R11,tx_curr should approximately equal previous tx_curr + tx_new - tx_ml,"actual=907, expected=2905.0"
FCT001,2023-02-28,R11,tx_curr should approximately equal previous tx_curr + tx_new - tx_ml,"actual=1283, expected=1306.0"
NAS003,2024-10-31,R11,tx_curr should approximately equal previous tx_curr + tx_new - tx_ml,"actual=1426, expected=1893.0"
CRS015,2023-06-30,R11,tx_curr should approximately equal previous tx_curr + tx_new - tx_ml,"actual=542, expected=483.0"
FCT003,2023-02-28,R11,tx_curr should approximately equal previous tx_curr + tx_new - tx_ml,"actual=5988, expected=6549.0"
CRS006,2024-05-31,R11,tx_curr should approximately equal previous tx_curr + tx_new - tx_ml,"actual=1391, expected=1257.0"
FCT001,2022-08-31,R11,tx_curr should approximately equal previous tx_curr + tx_new - tx_ml,"actual=1330, expected=1271.0"
LAG010,2022-10-31,R11,tx_curr should approximately equal previous tx_curr + tx_new - tx_ml,"actual=934, expected=938.0"
LAG005,2022-09-30,R11,tx_curr should approximately equal previous tx_curr + tx_new - tx_ml,"actual=1569, expected=1510.0"
FCT004,2022-09-30,R11,tx_curr should approximately equal previous tx_curr + tx_new - tx_ml,"actual=1337, expected=1334.0"
AKS001,2022-02-28,R11,tx_curr should approximately equal previous tx_curr + tx_new - tx_ml,"actual=312, expected=305.0"
NAS008,2023-05-31,R11,tx_curr should approximately equal previous tx_curr + tx_new - tx_ml,"actual=856, expected=869.0"
AKS002,2024-08-31,R11,tx_curr should approximately equal previous tx_curr + tx_new - tx_ml,"actual=536, expected=624.0"
LAG010,2022-12-31,R11,tx_curr should approximately equal previous tx_curr + tx_new - tx_ml,"actual=940, expected=936.0"
KAD014,2024-12-31,R11,tx_curr should approximately equal previous tx_curr + tx_new - tx_ml,"actual=2073, expected=2743.0"
CRS008,2022-06-30,R11,tx_curr should approximately equal previous tx_curr + tx_new - tx_ml,"actual=2337, expected=2124.0"
KAD004,2022-10-31,R11,tx_curr should approximately equal previous tx_curr + tx_new - tx_ml,"actual=4140, expected=4601.0"
RIV002,2023-04-30,R11,tx_curr should approximately equal previous tx_curr + tx_new - tx_ml,"actual=4676, expected=4133.0"
LAG003,2022-08-31,R11,tx_curr should approximately equal previous tx_curr + tx_new - tx_ml,"actual=6148, expected=6705.0"
BEN014,2024-09-30,R11,tx_curr should approximately equal previous tx_curr + tx_new - tx_ml,"actual=757, expected=911.0"
KAD012,2022-01-31,R11,tx_curr should approximately equal previous tx_curr + tx_new - tx_ml,"actual=680, expected=662.0"
AKS006,2024-10-31,R11,tx_curr should approximately equal previous tx_curr + tx_new - tx_ml,"actual=513, expected=474.0"
RIV007,2023-11-30,R11,tx_curr should approximately equal previous tx_curr + tx_new - tx_ml,"actual=645, expected=581.0"
CRS005,2024-05-31,R11,tx_curr should approximately equal previous tx_curr + tx_new - tx_ml,"actual=4161, expected=4233.0"
KAD007,2024-04-30,R11,tx_curr should approximately equal previous tx_curr + tx_new - tx_ml,"actual=1123, expected=1139.0"
LAG012,2024-08-31,R11,tx_curr should approximately equal previous tx_curr + tx_new - tx_ml,"actual=661, expected=649.0"
NAS005,2023-03-31,R11,tx_curr should approximately equal previous tx_curr + tx_new - tx_ml,"actual=424, expected=854.0"
KAD002,2023-05-31,R11,tx_curr should approximately equal previous tx_curr + tx_new - tx_ml,"actual=4024, expected=3615.0"
KAD009,2024-07-31,R11,tx_curr should approximately equal previous tx_curr + tx_new - tx_ml,"actual=959, expected=669.0"
BEN014,2023-12-31,R11,tx_curr should approximately equal previous tx_curr + tx_new - tx_ml,"actual=773, expected=747.0"
CRS011,2023-10-31,R11,tx_curr should approximately equal previous tx_curr + tx_new - tx_ml,"actual=485, expected=457.0"
NAS012,2022-01-31,R11,tx_curr should approximately equal previous tx_curr + tx_new - tx_ml,"actual=1341, expected=1342.0"
NAS001,2023-05-31,R11,tx_curr should approximately equal previous tx_curr + tx_new - tx_ml,"actual=444, expected=468.0"
BEN015,2023-06-30,R11,tx_curr should approximately equal previous tx_curr + tx_new - tx_ml,"actual=789, expected=740.0"
BEN008,2023-04-30,R11,tx_curr should approximately equal previous tx_curr + tx_new - tx_ml,"actual=6162, expected=6330.0"
LAG012,2022-02-28,R11,tx_curr should approximately equal previous tx_curr + tx_new - tx_ml,"actual=597, expected=663.0"
AKS008,2023-10-31,R11,tx_curr should approximately equal previous tx_curr + tx_new - tx_ml,"actual=85, expected=87.0"
AKS002,2024-12-31,R11,tx_curr should approximately equal previous tx_curr + tx_new - tx_ml,"actual=528, expected=536.0"
AKS011,2024-11-30,R11,tx_curr should approximately equal previous tx_curr + tx_new - tx_ml,"actual=339, expected=317.0"
RIV002,2022-08-01,R11,tx_curr should approximately equal previous tx_curr + tx_new - tx_ml,"actual=4877, expected=4676.0"
BEN009,2022-04-01,R11,tx_curr should approximately equal previous tx_curr + tx_new - tx_ml,"actual=480, expected=485.0"
BEN002,2022-04-30,R11,tx_curr should approximately equal previous tx_curr + tx_new - tx_ml,"actual=4980, expected=4433.0"
KAD014,2024-05-31,R11,tx_curr should approximately equal previous tx_curr + tx_new - tx_ml,"actual=2219, expected=2044.0"
FCT011,2024-09-30,R11,tx_curr should approximately equal previous tx_curr + tx_new - tx_ml,"actual=1976, expected=2045.0"
KAD015,2023-05-31,R11,tx_curr should approximately equal previous tx_curr + tx_new - tx_ml,"actual=1708, expected=1919.0"
TMP001,2024-02-29,R11,tx_curr should approximately equal previous tx_curr + tx_new - tx_ml,"actual=1631, expected=942.0"
KAD012,2024-07-31,R11,tx_curr should approximately equal previous tx_curr + tx_new - tx_ml,"actual=639, expected=676.0"
KAD006,2022-02-01,R11,tx_curr should approximately equal previous tx_curr + tx_new - tx_ml,"actual=1502, expected=1581.0"
LAG005,2022-04-30,R11,tx_curr should approximately equal previous tx_curr + tx_new - tx_ml,"actual=1488, expected=1565.0"
CRS011,2022-04-30,R11,tx_curr should approximately equal previous tx_curr + tx_new - tx_ml,"actual=450, expected=481.0"
BEN006,2022-04-30,R11,tx_curr should approximately equal previous tx_curr + tx_new - tx_ml,"actual=309, expected=324.0"
NAS005,2022-03-31,R11,tx_curr should approximately equal previous tx_curr + tx_new - tx_ml,"actual=191, expected=436.0"
FCT003,2024-02-29,R11,tx_curr should approximately equal previous tx_curr + tx_new - tx_ml,"actual=5288, expected=5969.0"
AKS015,2023-11-30,R11,tx_curr should approximately equal previous tx_curr + tx_new - tx_ml,"actual=2460, expected=2479.0"
AKS011,2023-06-30,R11,tx_curr should approximately equal previous tx_curr + tx_new - tx_ml,"actual=319, expected=344.0"
BEN014,2023-04-01,R11,tx_curr should approximately equal previous tx_curr + tx_new - tx_ml,"actual=823, expected=766.0"
KAD010,2024-04-30,R11,tx_curr should approximately equal previous tx_curr + tx_new - tx_ml,"actual=963, expected=972.0"
LAG010,2023-12-01,R11,tx_curr should approximately equal previous tx_curr + tx_new - tx_ml,"actual=953, expected=938.0"
NAS012,2023-04-30,R11,tx_curr should approximately equal previous tx_curr + tx_new - tx_ml,"actual=1317, expected=1331.0"
AKS010,2024-01-31,R11,tx_curr should approximately equal previous tx_curr + tx_new - tx_ml,"actual=1601, expected=1586.0"
NAS002,2022-07-31,R11,tx_curr should approximately equal previous tx_curr + tx_new - tx_ml,"actual=314, expected=309.0"
FCT003,2023-07-31,R11,tx_curr should approximately equal previous tx_curr + tx_new - tx_ml,"actual=5647, expected=5213.0"
LAG003,2023-10-31,R11,tx_curr should approximately equal previous tx_curr + tx_new - tx_ml,"actual=6539, expected=6196.0"
RIV015,2022-07-31,R11,tx_curr should approximately equal previous tx_curr + tx_new - tx_ml,"actual=2421, expected=2255.0"
RIV002,2023-03-01,R11,tx_curr should approximately equal previous tx_curr + tx_new - tx_ml,"actual=4726, expected=4863.0"
AKS015,2023-04-30,R11,tx_curr should approximately equal previous tx_curr + tx_new - tx_ml,"actual=2473, expected=2463.0"
NAS003,2022-07-31,R11,tx_curr should approximately equal previous tx_curr + tx_new - tx_ml,"actual=1851, expected=1414.0"
CRS010,2023-03-31,R11,tx_curr should approximately equal previous tx_curr + tx_new - tx_ml,"actual=395, expected=369.0"
LAG099,2024-10-31,R11,tx_curr should approximately equal previous tx_curr + tx_new - tx_ml,"actual=486, expected=4660.0"
BEN001,2022-04-30,R11,tx_curr should approximately equal previous tx_curr + tx_new - tx_ml,"actual=2105, expected=2044.0"
NAS004,2024-10-31,R11,tx_curr should approximately equal previous tx_curr + tx_new - tx_ml,"actual=605, expected=462.0"
NAS014,2023-10-31,R11,tx_curr should approximately equal previous tx_curr + tx_new - tx_ml,"actual=4911, expected=5128.0"
NAS003,2024-08-31,R11,tx_curr should approximately equal previous tx_curr + tx_new - tx_ml,"actual=1447, expected=1837.0"
BEN007,2022-03-31,R11,tx_curr should approximately equal previous tx_curr + tx_new - tx_ml,"actual=2356, expected=2079.0"
LAG006,2023-02-28,R11,tx_curr should approximately equal previous tx_curr + tx_new - tx_ml,"actual=5040, expected=5587.0"
RIV007,2024-12-31,R11,tx_curr should approximately equal previous tx_curr + tx_new - tx_ml,"actual=581, expected=636.0"
RIV008,2022-01-31,R11,tx_curr should approximately equal previous tx_curr + tx_new - tx_ml,"actual=3968, expected=4032.0"
CRS004,2022-01-31,R11,tx_curr should approximately equal previous tx_curr + tx_new - tx_ml,"actual=460, expected=461.0"
LAG011,2022-05-31,R11,tx_curr should approximately equal previous tx_curr + tx_new - tx_ml,"actual=1815, expected=1842.0"
KAD010,2024-09-30,R11,tx_curr should approximately equal previous tx_curr + tx_new - tx_ml,"actual=969, expected=963.0"
FCT014,2024-03-01,R11,tx_curr should approximately equal previous tx_curr + tx_new - tx_ml,"actual=2529, expected=2514.0"
BEN013,2023-11-30,R11,tx_curr should approximately equal previous tx_curr + tx_new - tx_ml,"actual=659, expected=769.0"
BEN010,2022-11-30,R11,tx_curr should approximately equal previous tx_curr + tx_new - tx_ml,"actual=789, expected=794.0"
CRS008,2022-04-30,R11,tx_curr should approximately equal previous tx_curr + tx_new - tx_ml,"actual=2369, expected=2325.0"
NAS001,2023-01-31,R11,tx_curr should approximately equal previous tx_curr + tx_new - tx_ml,"actual=461, expected=442.0"
AKS003,2022-12-31,R11,tx_curr should approximately equal previous tx_curr + tx_new - tx_ml,"actual=229, expected=500.0"
CRS015,2022-11-30,R11,tx_curr should approximately equal previous tx_curr + tx_new - tx_ml,"actual=570, expected=535.0"
AKS001,2023-09-30,R11,tx_curr should approximately equal previous tx_curr + tx_new - tx_ml,"actual=320, expected=308.0"
BEN014,2023-07-31,R11,tx_curr should approximately equal previous tx_curr + tx_new - tx_ml,"actual=805, expected=822.0"
RIV013,2022-02-28,R11,tx_curr should approximately equal previous tx_curr + tx_new - tx_ml,"actual=2308, expected=2161.0"
KAD012,2023-06-30,R11,tx_curr should approximately equal previous tx_curr + tx_new - tx_ml,"actual=655, expected=648.0"
NAS001,2023-07-31,R11,tx_curr should approximately equal previous tx_curr + tx_new - tx_ml,"actual=439, expected=460.0"
KAD006,2022-06-30,R11,tx_curr should approximately equal previous tx_curr + tx_new - tx_ml,"actual=1549, expected=1534.0"
NAS007,2022-07-31,R11,tx_curr should approximately equal previous tx_curr + tx_new - tx_ml,"actual=2551, expected=2205.0"
CRS013,2023-11-30,R11,tx_curr should approximately equal previous tx_curr + tx_new - tx_ml,"actual=768, expected=886.0"
NAS008,2022-02-28,R11,tx_curr should approximately equal previous tx_curr + tx_new - tx_ml,"actual=999, expected=841.0"
RIV006,2023-06-30,R11,tx_curr should approximately equal previous tx_curr + tx_new - tx_ml,"actual=2526, expected=2848.0"
BEN011,2023-06-30,R11,tx_curr should approximately equal previous tx_curr + tx_new - tx_ml,"actual=346, expected=308.0"
KAD012,2022-10-31,R11,tx_curr should approximately equal previous tx_curr + tx_new - tx_ml,"actual=656, expected=654.0"
NAS011,2023-11-30,R11,tx_curr should approximately equal previous tx_curr + tx_new - tx_ml,"actual=2504, expected=2550.0"
FCT010,2024-03-31,R11,tx_curr should approximately equal previous tx_curr + tx_new - tx_ml,"actual=446, expected=304.0"
LAG015,2022-07-31,R11,tx_curr should approximately equal previous tx_curr + tx_new - tx_ml,"actual=1134, expected=1083.0"
RIV011,2022-07-01,R11,tx_curr should approximately equal previous tx_curr + tx_new - tx_ml,"actual=866, expected=858.0"
NAS008,2022-01-01,R11,tx_curr should approximately equal previous tx_curr + tx_new - tx_ml,"actual=1014, expected=987.0"
CRS008,2023-11-30,R11,tx_curr should approximately equal previous tx_curr + tx_new - tx_ml,"actual=2160, expected=2362.0"
FCT008,2023-09-30,R11,tx_curr should approximately equal previous tx_curr + tx_new - tx_ml,"actual=4922, expected=4837.0"
RIV012,2022-12-31,R11,tx_curr should approximately equal previous tx_curr + tx_new - tx_ml,"actual=911, expected=1038.0"
NAS011,2024-06-30,R11,tx_curr should approximately equal previous tx_curr + tx_new - tx_ml,"actual=2399, expected=2491.0"
KAD014,2023-02-28,R11,tx_curr should approximately equal previous tx_curr + tx_new - tx_ml,"actual=2570, expected=2214.0"
RIV005,2024-08-31,R11,tx_curr should approximately equal previous tx_curr + tx_new - tx_ml,"actual=1273, expected=1503.0"
KAD014,2022-03-01,R11,tx_curr should approximately equal previous tx_curr + tx_new - tx_ml,"actual=2805, expected=2527.0"
RIV005,2022-03-31,R11,tx_curr should approximately equal previous tx_curr + tx_new - tx_ml,"actual=1516, expected=1246.0"
NAS009,2023-08-31,R11,tx_curr should approximately equal previous tx_curr + tx_new - tx_ml,"actual=487, expected=468.0"
FCT006,2023-06-30,R11,tx_curr should approximately equal previous tx_curr + tx_new - tx_ml,"actual=2197, expected=2235.0"
FCT003,2024-06-30,R11,tx_curr should approximately equal previous tx_curr + tx_new - tx_ml,"actual=5111, expected=5604.0"
CRS008,2024-10-31,R11,tx_curr should approximately equal previous tx_curr + tx_new - tx_ml,"actual=2145, expected=2158.0"
XXX999,2023-10-31,R11,tx_curr should approximately equal previous tx_curr + tx_new - tx_ml,"actual=321, expected=6171.0"
NAS001,2022-01-31,R11,tx_curr should approximately equal previous tx_curr + tx_new - tx_ml,"actual=510, expected=436.0"
RIV011,2023-06-01,R11,tx_curr should approximately equal previous tx_curr + tx_new - tx_ml,"actual=882, expected=869.0"
KAD007,2024-02-29,R11,tx_curr should approximately equal previous tx_curr + tx_new - tx_ml,"actual=1112, expected=1123.0"
NAS001,2023-08-31,R11,tx_curr should approximately equal previous tx_curr + tx_new - tx_ml,"actual=435, expected=506.0"
NAS006,2022-05-31,R11,tx_curr should approximately equal previous tx_curr + tx_new - tx_ml,"actual=1032, expected=939.0"
KAD015,2024-11-30,R11,tx_curr should approximately equal previous tx_curr + tx_new - tx_ml,"actual=1521, expected=1705.0"
BEN006,2022-10-31,R11,tx_curr should approximately equal previous tx_curr + tx_new - tx_ml,"actual=321, expected=308.0"
AKS014,2023-04-30,R11,tx_curr should approximately equal previous tx_curr + tx_new - tx_ml,"actual=599, expected=614.0"
BEN004,2024-08-31,R11,tx_curr should approximately equal previous tx_curr + tx_new - tx_ml,"actual=416, expected=386.0"
AKS008,2024-02-29,R11,tx_curr should approximately equal previous tx_curr + tx_new - tx_ml,"actual=87, expected=88.0"
RIV013,2023-05-31,R11,tx_curr should approximately equal previous tx_curr + tx_new - tx_ml,"actual=2175, expected=2321.0"
LAG014,2022-01-31,R11,tx_curr should approximately equal previous tx_curr + tx_new - tx_ml,"actual=2102, expected=1610.0"
BEN005,2024-02-29,R11,tx_curr should approximately equal previous tx_curr + tx_new - tx_ml,"actual=543, expected=443.0"
RIV001,2024-08-31,R11,tx_curr should approximately equal previous tx_curr + tx_new - tx_ml,"actual=809, expected=1008.0"
BEN010,2024-12-31,R11,tx_curr should approximately equal previous tx_curr + tx_new - tx_ml,"actual=699, expected=787.0"
RIV013,2023-10-31,R11,tx_curr should approximately equal previous tx_curr + tx_new - tx_ml,"actual=2137, expected=2181.0"
LAG099,2022-02-28,R11,tx_curr should approximately equal previous tx_curr + tx_new - tx_ml,"actual=420, expected=482.0"
NAS010,2024-11-01,R11,tx_curr should approximately equal previous tx_curr + tx_new - tx_ml,"actual=5824, expected=5664.0"
RIV002,2022-10-31,R11,tx_curr should approximately equal previous tx_curr + tx_new - tx_ml,"actual=4811, expected=4701.0"
NAS013,2022-01-01,R11,tx_curr should approximately equal previous tx_curr + tx_new - tx_ml,"actual=1614, expected=1647.0"
FCT010,2024-11-30,R11,tx_curr should approximately equal previous tx_curr + tx_new - tx_ml,"actual=526, expected=461.0"
BEN008,2023-10-31,R11,tx_curr should approximately equal previous tx_curr + tx_new - tx_ml,"actual=6320, expected=6181.0"
XXX999,2024-12-31,R11,tx_curr should approximately equal previous tx_curr + tx_new - tx_ml,"actual=2090, expected=311.0"
RIV004,2024-03-31,R11,tx_curr should approximately equal previous tx_curr + tx_new - tx_ml,"actual=841, expected=857.0"
AKS013,2023-04-30,R11,tx_curr should approximately equal previous tx_curr + tx_new - tx_ml,"actual=592, expected=653.0"
CRS010,2023-09-30,R11,tx_curr should approximately equal previous tx_curr + tx_new - tx_ml,"actual=377, expected=388.0"
LAG013,2023-05-31,R11,tx_curr should approximately equal previous tx_curr + tx_new - tx_ml,"actual=6026, expected=6023.0"
KAD008,2024-08-31,R11,tx_curr should approximately equal previous tx_curr + tx_new - tx_ml,"actual=1170, expected=1180.0"
LAG003,2022-03-31,R11,tx_curr should approximately equal previous tx_curr + tx_new - tx_ml,"actual=6066, expected=6582.0"
NAS005,2024-01-31,R11,tx_curr should approximately equal previous tx_curr + tx_new - tx_ml,"actual=627, expected=217.0"
BEN005,2024-04-30,R11,tx_curr should approximately equal previous tx_curr + tx_new - tx_ml,"actual=555, expected=552.0"
LAG011,2022-10-31,R11,tx_curr should approximately equal previous tx_curr + tx_new - tx_ml,"actual=1778, expected=1797.0"
AKS009,2022-07-31,R11,tx_curr should approximately equal previous tx_curr + tx_new - tx_ml,"actual=234, expected=228.0"
BEN014,2022-04-30,R11,tx_curr should approximately equal previous tx_curr + tx_new - tx_ml,"actual=897, expected=796.0"
LAG012,2022-01-31,R11,tx_curr should approximately equal previous tx_curr + tx_new - tx_ml,"actual=595, expected=592.0"
LAG015,2022-10-31,R11,tx_curr should approximately equal previous tx_curr + tx_new - tx_ml,"actual=1125, expected=1119.0"
CRS012,2024-04-30,R11,tx_curr should approximately equal previous tx_curr + tx_new - tx_ml,"actual=764, expected=823.0"
CRS008,2023-06-30,R11,tx_curr should approximately equal previous tx_curr + tx_new - tx_ml,"actual=2194, expected=2133.0"
FCT012,2024-07-31,R11,tx_curr should approximately equal previous tx_curr + tx_new - tx_ml,"actual=2918, expected=2872.0"
RIV015,2022-11-30,R11,tx_curr should approximately equal previous tx_curr + tx_new - tx_ml,"actual=2391, expected=2403.0"
NAS006,2023-10-31,R11,tx_curr should approximately equal previous tx_curr + tx_new - tx_ml,"actual=963, expected=1024.0"
RIV001,2023-05-31,R11,tx_curr should approximately equal previous tx_curr + tx_new - tx_ml,"actual=980, expected=795.0"
NAS002,2024-01-31,R11,tx_curr should approximately equal previous tx_curr + tx_new - tx_ml,"actual=304, expected=313.0"
KAD011,2023-11-30,R11,tx_curr should approximately equal previous tx_curr + tx_new - tx_ml,"actual=578, expected=557.0"
NAS011,2024-11-30,R11,tx_curr should approximately equal previous tx_curr + tx_new - tx_ml,"actual=2383, expected=2397.0"
CRS003,2022-12-31,R11,tx_curr should approximately equal previous tx_curr + tx_new - tx_ml,"actual=5392, expected=5048.0"
NAS011,2024-09-30,R11,tx_curr should approximately equal previous tx_curr + tx_new - tx_ml,"actual=2403, expected=2381.0"
KAD015,2024-04-01,R11,tx_curr should approximately equal previous tx_curr + tx_new - tx_ml,"actual=1591, expected=1510.0"
BEN004,2022-06-30,R11,tx_curr should approximately equal previous tx_curr + tx_new - tx_ml,"actual=367, expected=415.0"
LAG003,2024-05-01,R11,tx_curr should approximately equal previous tx_curr + tx_new - tx_ml,"actual=6702, expected=6095.0"
FCT013,2023-05-31,R11,tx_curr should approximately equal previous tx_curr + tx_new - tx_ml,"actual=1323, expected=1330.0"
CRS001,2022-03-31,R11,tx_curr should approximately equal previous tx_curr + tx_new - tx_ml,"actual=672, expected=688.0"
LAG003,2023-05-31,R11,tx_curr should approximately equal previous tx_curr + tx_new - tx_ml,"actual=6501, expected=6723.0"
FCT013,2024-07-31,R11,tx_curr should approximately equal previous tx_curr + tx_new - tx_ml,"actual=1262, expected=1328.0"
LAG015,2023-08-31,R11,tx_curr should approximately equal previous tx_curr + tx_new - tx_ml,"actual=1080, expected=1119.0"
CRS006,2022-03-31,R11,tx_curr should approximately equal previous tx_curr + tx_new - tx_ml,"actual=1259, expected=1413.0"
BEN006,2024-06-30,R11,tx_curr should approximately equal previous tx_curr + tx_new - tx_ml,"actual=355, expected=325.0"
CRS012,2022-08-01,R11,tx_curr should approximately equal previous tx_curr + tx_new - tx_ml,"actual=823, expected=766.0"
KAD009,2023-06-30,R11,tx_curr should approximately equal previous tx_curr + tx_new - tx_ml,"actual=821, expected=976.0"
NAS002,2022-06-30,R11,tx_curr should approximately equal previous tx_curr + tx_new - tx_ml,"actual=317, expected=304.0"
LAG014,2022-04-30,R11,tx_curr should approximately equal previous tx_curr + tx_new - tx_ml,"actual=2023, expected=2066.0"
LAG008,2023-10-01,R11,tx_curr should approximately equal previous tx_curr + tx_new - tx_ml,"actual=769, expected=802.0"
BEN015,2022-12-31,R11,tx_curr should approximately equal previous tx_curr + tx_new - tx_ml,"actual=841, expected=787.0"
BEN008,2023-07-31,R11,tx_curr should approximately equal previous tx_curr + tx_new - tx_ml,"actual=6314, expected=6360.0"
FCT001,2022-07-31,R11,tx_curr should approximately equal previous tx_curr + tx_new - tx_ml,"actual=1342, expected=1323.0"
FCT007,2024-01-31,R11,tx_curr should approximately equal previous tx_curr + tx_new - tx_ml,"actual=4187, expected=4257.0"
NAS999,2023-06-30,R11,tx_curr should approximately equal previous tx_curr + tx_new - tx_ml,"actual=327, expected=909.0"
NAS003,2022-03-31,R11,tx_curr should approximately equal previous tx_curr + tx_new - tx_ml,"actual=1903, expected=1440.0"
BEN002,2023-10-01,R11,tx_curr should approximately equal previous tx_curr + tx_new - tx_ml,"actual=4528, expected=4976.0"
KAD010,2023-10-31,R11,tx_curr should approximately equal previous tx_curr + tx_new - tx_ml,"actual=968, expected=966.0"
RIV013,2022-01-31,R11,tx_curr should approximately equal previous tx_curr + tx_new - tx_ml,"actual=2308, expected=2124.0"
RIV008,2022-04-30,R11,tx_curr should approximately equal previous tx_curr + tx_new - tx_ml,"actual=3920, expected=3940.0"
LAG003,2023-12-31,R11,tx_curr should approximately equal previous tx_curr + tx_new - tx_ml,"actual=6678, expected=6564.0"
NAS005,2024-05-31,R11,tx_curr should approximately equal previous tx_curr + tx_new - tx_ml,"actual=737, expected=649.0"
AKS013,2023-10-31,R11,tx_curr should approximately equal previous tx_curr + tx_new - tx_ml,"actual=615, expected=599.0"
RIV011,2023-02-28,R11,tx_curr should approximately equal previous tx_curr + tx_new - tx_ml,"actual=874, expected=881.0"
KAD014,2023-12-31,R11,tx_curr should approximately equal previous tx_curr + tx_new - tx_ml,"actual=2330, expected=2792.0"
BEN004,2022-12-31,R11,tx_curr should approximately equal previous tx_curr + tx_new - tx_ml,"actual=376, expected=369.0"
BEN006,2023-07-31,R11,tx_curr should approximately equal previous tx_curr + tx_new - tx_ml,"actual=342, expected=351.0"
FCT007,2022-04-30,R11,tx_curr should approximately equal previous tx_curr + tx_new - tx_ml,"actual=4542, expected=4159.0"
AKS002,2022-02-28,R11,tx_curr should approximately equal previous tx_curr + tx_new - tx_ml,"actual=693, expected=522.0"
RIV013,2022-12-31,R11,tx_curr should approximately equal previous tx_curr + tx_new - tx_ml,"actual=2183, expected=2257.0"
KAD014,2023-04-30,R11,tx_curr should approximately equal previous tx_curr + tx_new - tx_ml,"actual=2509, expected=2290.0"
BEN010,2023-07-31,R11,tx_curr should approximately equal previous tx_curr + tx_new - tx_ml,"actual=747, expected=698.0"
BEN014,2023-05-31,R11,tx_curr should approximately equal previous tx_curr + tx_new - tx_ml,"actual=812, expected=886.0"
AKS002,2022-04-30,R11,tx_curr should approximately equal previous tx_curr + tx_new - tx_ml,"actual=678, expected=684.0"
BEN012,2023-03-31,R11,tx_curr should approximately equal previous tx_curr + tx_new - tx_ml,"actual=455, expected=488.0"
KAD010,2023-02-28,R11,tx_curr should approximately equal previous tx_curr + tx_new - tx_ml,"actual=956, expected=964.0"
AKS005,2024-02-01,R11,tx_curr should approximately equal previous tx_curr + tx_new - tx_ml,"actual=1033, expected=1135.0"
BEN008,2024-04-30,R11,tx_curr should approximately equal previous tx_curr + tx_new - tx_ml,"actual=6283, expected=6320.0"
KAD005,2022-09-30,R11,tx_curr should approximately equal previous tx_curr + tx_new - tx_ml,"actual=296, expected=426.0"
NAS012,2024-04-30,R11,tx_curr should approximately equal previous tx_curr + tx_new - tx_ml,"actual=1346, expected=1316.0"
FCT015,2023-11-30,R11,tx_curr should approximately equal previous tx_curr + tx_new - tx_ml,"actual=761, expected=882.0"
KAD013,2023-02-28,R11,tx_curr should approximately equal previous tx_curr + tx_new - tx_ml,"actual=2181, expected=2993.0"
LAG001,2024-01-31,R11,tx_curr should approximately equal previous tx_curr + tx_new - tx_ml,"actual=345, expected=322.0"
BEN006,2024-11-30,R11,tx_curr should approximately equal previous tx_curr + tx_new - tx_ml,"actual=373, expected=341.0"
BEN009,2023-05-31,R11,tx_curr should approximately equal previous tx_curr + tx_new - tx_ml,"actual=465, expected=484.0"
CRS004,2023-10-31,R11,tx_curr should approximately equal previous tx_curr + tx_new - tx_ml,"actual=460, expected=461.0"
LAG012,2023-07-31,R11,tx_curr should approximately equal previous tx_curr + tx_new - tx_ml,"actual=643, expected=594.0"
RIV010,2024-05-31,R11,tx_curr should approximately equal previous tx_curr + tx_new - tx_ml,"actual=2948, expected=3080.0"
RIV007,2024-01-31,R11,tx_curr should approximately equal previous tx_curr + tx_new - tx_ml,"actual=631, expected=570.0"
AKS005,2023-04-30,R11,tx_curr should approximately equal previous tx_curr + tx_new - tx_ml,"actual=1143, expected=1029.0"
AKS001,2022-03-31,R11,tx_curr should approximately equal previous tx_curr + tx_new - tx_ml,"actual=309, expected=317.0"
CRS001,2024-06-30,R11,tx_curr should approximately equal previous tx_curr + tx_new - tx_ml,"actual=694, expected=672.0"
NAS005,2023-06-30,R11,tx_curr should approximately equal previous tx_curr + tx_new - tx_ml,"actual=482, expected=755.0"
RIV009,2023-10-31,R11,tx_curr should approximately equal previous tx_curr + tx_new - tx_ml,"actual=789, expected=822.0"
NAS007,2024-01-31,R11,tx_curr should approximately equal previous tx_curr + tx_new - tx_ml,"actual=2134, expected=2521.0"
FCT009,2023-11-30,R11,tx_curr should approximately equal previous tx_curr + tx_new - tx_ml,"actual=476, expected=481.0"
KAD005,2023-12-31,R11,tx_curr should approximately equal previous tx_curr + tx_new - tx_ml,"actual=363, expected=299.0"
BEN015,2023-05-31,R11,tx_curr should approximately equal previous tx_curr + tx_new - tx_ml,"actual=799, expected=852.0"
LAG005,2023-05-01,R11,tx_curr should approximately equal previous tx_curr + tx_new - tx_ml,"actual=1622, expected=1499.0"
RIV014,2024-12-01,R11,tx_curr should approximately equal previous tx_curr + tx_new - tx_ml,"actual=654, expected=605.0"
BEN014,2022-01-31,R11,tx_curr should approximately equal previous tx_curr + tx_new - tx_ml,"actual=908, expected=803.0"
KAD002,2022-05-31,R11,tx_curr should approximately equal previous tx_curr + tx_new - tx_ml,"actual=4417, expected=3956.0"
CRS012,2022-05-31,R11,tx_curr should approximately equal previous tx_curr + tx_new - tx_ml,"actual=821, expected=814.0"
AKS002,2023-06-30,R11,tx_curr should approximately equal previous tx_curr + tx_new - tx_ml,"actual=615, expected=671.0"
LAG006,2022-01-01,R11,tx_curr should approximately equal previous tx_curr + tx_new - tx_ml,"actual=5736, expected=4978.0"
LAG009,2022-08-31,R11,tx_curr should approximately equal previous tx_curr + tx_new - tx_ml,"actual=2690, expected=2622.0"
CRS005,2022-02-28,R11,tx_curr should approximately equal previous tx_curr + tx_new - tx_ml,"actual=4684, expected=4105.0"
FCT012,2022-02-28,R11,tx_curr should approximately equal previous tx_curr + tx_new - tx_ml,"actual=2654, expected=2928.0"
KAD003,2024-09-30,R11,tx_curr should approximately equal previous tx_curr + tx_new - tx_ml,"actual=3040, expected=2637.0"
KAD014,2024-04-30,R11,tx_curr should approximately equal previous tx_curr + tx_new - tx_ml,"actual=2248, expected=2493.0"
CRS001,2022-01-31,R11,tx_curr should approximately equal previous tx_curr + tx_new - tx_ml,"actual=661, expected=693.0"
XXX999,2024-09-30,R11,tx_curr should approximately equal previous tx_curr + tx_new - tx_ml,"actual=4221, expected=2087.0"
NAS012,2023-05-31,R11,tx_curr should approximately equal previous tx_curr + tx_new - tx_ml,"actual=1323, expected=1352.0"
BEN009,2024-02-29,R11,tx_curr should approximately equal previous tx_curr + tx_new - tx_ml,"actual=446, expected=461.0"
NAS007,2023-09-30,R11,tx_curr should approximately equal previous tx_curr + tx_new - tx_ml,"actual=2245, expected=2132.0"
KAD008,2024-03-31,R11,tx_curr should approximately equal previous tx_curr + tx_new - tx_ml,"actual=1159, expected=1161.0"
BEN015,2024-04-30,R11,tx_curr should approximately equal previous tx_curr + tx_new - tx_ml,"actual=746, expected=802.0"
BEN015,2023-03-31,R11,tx_curr should approximately equal previous tx_curr + tx_new - tx_ml,"actual=807, expected=737.0"
FCT013,2023-12-31,R11,tx_curr should approximately equal previous tx_curr + tx_new - tx_ml,"actual=1283, expected=1254.0"
FCT004,2022-10-31,R11,tx_curr should approximately equal previous tx_curr + tx_new - tx_ml,"actual=1323, expected=1326.0"
LAG008,2022-01-31,R11,tx_curr should approximately equal previous tx_curr + tx_new - tx_ml,"actual=895, expected=764.0"
BEN001,2022-06-30,R11,tx_curr should approximately equal previous tx_curr + tx_new - tx_ml,"actual=2084, expected=1873.0"
CRS001,2023-01-31,R11,tx_curr should approximately equal previous tx_curr + tx_new - tx_ml,"actual=665, expected=662.0"
BEN007,2024-10-31,R11,tx_curr should approximately equal previous tx_curr + tx_new - tx_ml,"actual=1758, expected=2345.0"
BEN011,2024-04-30,R11,tx_curr should approximately equal previous tx_curr + tx_new - tx_ml,"actual=383, expected=349.0"
KAD007,2022-10-31,R11,tx_curr should approximately equal previous tx_curr + tx_new - tx_ml,"actual=1112, expected=1114.0"
KAD008,2022-02-28,R11,tx_curr should approximately equal previous tx_curr + tx_new - tx_ml,"actual=1251, expected=1146.0"
LAG014,2024-01-31,R11,tx_curr should approximately equal previous tx_curr + tx_new - tx_ml,"actual=1703, expected=2001.0"
CRS005,2022-07-31,R11,tx_curr should approximately equal previous tx_curr + tx_new - tx_ml,"actual=4577, expected=4675.0"
KAD014,2024-10-31,R11,tx_curr should approximately equal previous tx_curr + tx_new - tx_ml,"actual=2126, expected=2229.0"
FCT003,2022-07-31,R11,tx_curr should approximately equal previous tx_curr + tx_new - tx_ml,"actual=6399, expected=5076.0"
RIV012,2024-04-30,R11,tx_curr should approximately equal previous tx_curr + tx_new - tx_ml,"actual=1016, expected=916.0"
AKS012,2022-03-31,R11,tx_curr should approximately equal previous tx_curr + tx_new - tx_ml,"actual=395, expected=1219.0"
FCT014,2022-09-30,R11,tx_curr should approximately equal previous tx_curr + tx_new - tx_ml,"actual=2478, expected=2508.0"
NAS015,2022-11-30,R11,tx_curr should approximately equal previous tx_curr + tx_new - tx_ml,"actual=3157, expected=3259.0"
RIV005,2023-09-30,R11,tx_curr should approximately equal previous tx_curr + tx_new - tx_ml,"actual=1363, expected=1502.0"
AKS012,2024-12-31,R11,tx_curr should approximately equal previous tx_curr + tx_new - tx_ml,"actual=1397, expected=413.0"
NAS999,2022-05-31,R11,tx_curr should approximately equal previous tx_curr + tx_new - tx_ml,"actual=237, expected=324.0"
AKS005,2022-02-28,R11,tx_curr should approximately equal previous tx_curr + tx_new - tx_ml,"actual=1320, expected=1131.0"
CRS001,2023-12-31,R11,tx_curr should approximately equal previous tx_curr + tx_new - tx_ml,"actual=684, expected=665.0"
NAS006,2023-01-31,R11,tx_curr should approximately equal previous tx_curr + tx_new - tx_ml,"actual=969, expected=953.0"
BEN003,2023-02-28,R11,tx_curr should approximately equal previous tx_curr + tx_new - tx_ml,"actual=2483, expected=2398.0"
LAG013,2022-03-31,R11,tx_curr should approximately equal previous tx_curr + tx_new - tx_ml,"actual=5896, expected=6041.0"
FCT014,2022-01-31,R11,tx_curr should approximately equal previous tx_curr + tx_new - tx_ml,"actual=2537, expected=2491.0"
CRS012,2023-04-30,R11,tx_curr should approximately equal previous tx_curr + tx_new - tx_ml,"actual=800, expected=830.0"
AKS010,2023-04-01,R11,tx_curr should approximately equal previous tx_curr + tx_new - tx_ml,"actual=1699, expected=1593.0"
CRS009,2023-03-31,R11,tx_curr should approximately equal previous tx_curr + tx_new - tx_ml,"actual=822, expected=715.0"
AKS008,2023-02-28,R11,tx_curr should approximately equal previous tx_curr + tx_new - tx_ml,"actual=86, expected=88.0"
CRS014,2022-07-31,R11,tx_curr should approximately equal previous tx_curr + tx_new - tx_ml,"actual=103, expected=79.0"
LAG005,2022-12-31,R11,tx_curr should approximately equal previous tx_curr + tx_new - tx_ml,"actual=1593, expected=1618.0"
AKS008,2023-08-01,R11,tx_curr should approximately equal previous tx_curr + tx_new - tx_ml,"actual=86, expected=85.0"
RIV005,2023-01-31,R11,tx_curr should approximately equal previous tx_curr + tx_new - tx_ml,"actual=1450, expected=1347.0"
RIV006,2024-04-30,R11,tx_curr should approximately equal previous tx_curr + tx_new - tx_ml,"actual=2746, expected=2563.0"
AKS009,2024-06-30,R11,tx_curr should approximately equal previous tx_curr + tx_new - tx_ml,"actual=231, expected=234.0"
AKS014,2022-09-30,R11,tx_curr should approximately equal previous tx_curr + tx_new - tx_ml,"actual=598, expected=591.0"
LAG012,2023-09-30,R11,tx_curr should approximately equal previous tx_curr + tx_new - tx_ml,"actual=643, expected=651.0"
NAS008,2024-10-31,R11,tx_curr should approximately equal previous tx_curr + tx_new - tx_ml,"actual=724, expected=1006.0"
KAD009,2022-01-31,R11,tx_curr should approximately equal previous tx_curr + tx_new - tx_ml,"actual=635, expected=824.0"
LAG009,2022-11-30,R11,tx_curr should approximately equal previous tx_curr + tx_new - tx_ml,"actual=2655, expected=2676.0"
NAS008,2022-06-30,R11,tx_curr should approximately equal previous tx_curr + tx_new - tx_ml,"actual=958, expected=703.0"
BEN007,2022-06-30,R11,tx_curr should approximately equal previous tx_curr + tx_new - tx_ml,"actual=2298, expected=1730.0"
LAG006,2022-09-01,R11,tx_curr should approximately equal previous tx_curr + tx_new - tx_ml,"actual=5368, expected=5724.0"
CRS006,2023-09-30,R11,tx_curr should approximately equal previous tx_curr + tx_new - tx_ml,"actual=1341, expected=1251.0"
AKS007,2024-11-30,R11,tx_curr should approximately equal previous tx_curr + tx_new - tx_ml,"actual=5028, expected=5350.0"
FCT009,2023-06-30,R11,tx_curr should approximately equal previous tx_curr + tx_new - tx_ml,"actual=460, expected=479.0"
RIV001,2022-06-30,R11,tx_curr should approximately equal previous tx_curr + tx_new - tx_ml,"actual=1110, expected=962.0"
RIV006,2023-07-31,R11,tx_curr should approximately equal previous tx_curr + tx_new - tx_ml,"actual=2555, expected=2775.0"
AKS009,2023-11-30,R11,tx_curr should approximately equal previous tx_curr + tx_new - tx_ml,"actual=222, expected=228.0"
BEN002,2023-04-30,R11,tx_curr should approximately equal previous tx_curr + tx_new - tx_ml,"actual=4533, expected=4507.0"
BEN011,2023-02-28,R11,tx_curr should approximately equal previous tx_curr + tx_new - tx_ml,"actual=330, expected=382.0"
AKS001,2023-04-30,R11,tx_curr should approximately equal previous tx_curr + tx_new - tx_ml,"actual=307, expected=312.0"
KAD003,2022-02-28,R11,tx_curr should approximately equal previous tx_curr + tx_new - tx_ml,"actual=2619, expected=3064.0"
RIV011,2023-09-30,R11,tx_curr should approximately equal previous tx_curr + tx_new - tx_ml,"actual=883, expected=876.0"
CRS003,2024-12-31,R11,tx_curr should approximately equal previous tx_curr + tx_new - tx_ml,"actual=5016, expected=5376.0"
FCT011,2024-05-31,R11,tx_curr should approximately equal previous tx_curr + tx_new - tx_ml,"actual=2033, expected=1959.0"
NAS002,2023-12-31,R11,tx_curr should approximately equal previous tx_curr + tx_new - tx_ml,"actual=305, expected=317.0"
AKS011,2022-04-30,R11,tx_curr should approximately equal previous tx_curr + tx_new - tx_ml,"actual=283, expected=319.0"
AKS006,2022-03-31,R11,tx_curr should approximately equal previous tx_curr + tx_new - tx_ml,"actual=223, expected=529.0"
BEN004,2022-07-31,R11,tx_curr should approximately equal previous tx_curr + tx_new - tx_ml,"actual=369, expected=378.0"
KAD005,2023-01-31,R11,tx_curr should approximately equal previous tx_curr + tx_new - tx_ml,"actual=305, expected=367.0"
KAD007,2024-09-30,R11,tx_curr should approximately equal previous tx_curr + tx_new - tx_ml,"actual=1123, expected=1117.0"
BEN002,2022-06-01,R11,tx_curr should approximately equal previous tx_curr + tx_new - tx_ml,"actual=4953, expected=4540.0"
FCT015,2022-08-31,R11,tx_curr should approximately equal previous tx_curr + tx_new - tx_ml,"actual=857, expected=759.0"
XXX999,2024-07-31,R11,tx_curr should approximately equal previous tx_curr + tx_new - tx_ml,"actual=2334, expected=4214.0"
CRS008,2022-03-31,R11,tx_curr should approximately equal previous tx_curr + tx_new - tx_ml,"actual=2381, expected=2168.0"
RIV003,2022-03-31,R11,tx_curr should approximately equal previous tx_curr + tx_new - tx_ml,"actual=1066, expected=1049.0"
BEN011,2024-07-31,R11,tx_curr should approximately equal previous tx_curr + tx_new - tx_ml,"actual=390, expected=331.0"
AKS012,2022-06-30,R11,tx_curr should approximately equal previous tx_curr + tx_new - tx_ml,"actual=478, expected=1430.0"
TMP001,2024-11-30,R11,tx_curr should approximately equal previous tx_curr + tx_new - tx_ml,"actual=960, expected=1620.0"
FCT008,2022-12-31,R11,tx_curr should approximately equal previous tx_curr + tx_new - tx_ml,"actual=5171, expected=4980.0"
NAS002,2024-12-01,R11,tx_curr should approximately equal previous tx_curr + tx_new - tx_ml,"actual=285, expected=306.0"
FCT014,2023-06-30,R11,tx_curr should approximately equal previous tx_curr + tx_new - tx_ml,"actual=2523, expected=2548.0"
KAD013,2022-08-01,R11,tx_curr should approximately equal previous tx_curr + tx_new - tx_ml,"actual=1847, expected=2240.0"
RIV006,2022-07-31,R11,tx_curr should approximately equal previous tx_curr + tx_new - tx_ml,"actual=2407, expected=2581.0"
RIV008,2024-11-30,R11,tx_curr should approximately equal previous tx_curr + tx_new - tx_ml,"actual=4227, expected=4101.0"
BEN013,2023-02-28,R11,tx_curr should approximately equal previous tx_curr + tx_new - tx_ml,"actual=493, expected=687.0"
AKS004,2024-05-31,R11,tx_curr should approximately equal previous tx_curr + tx_new - tx_ml,"actual=960, expected=981.0"
RIV003,2023-05-31,R11,tx_curr should approximately equal previous tx_curr + tx_new - tx_ml,"actual=1033, expected=1069.0"
AKS010,2022-11-30,R11,tx_curr should approximately equal previous tx_curr + tx_new - tx_ml,"actual=1750, expected=1676.0"
AKS011,2024-07-31,R11,tx_curr should approximately equal previous tx_curr + tx_new - tx_ml,"actual=336, expected=283.0"
CRS012,2024-02-29,R11,tx_curr should approximately equal previous tx_curr + tx_new - tx_ml,"actual=766, expected=800.0"
LAG006,2023-10-31,R11,tx_curr should approximately equal previous tx_curr + tx_new - tx_ml,"actual=4742, expected=5304.0"
AKS012,2022-05-31,R11,tx_curr should approximately equal previous tx_curr + tx_new - tx_ml,"actual=445, expected=500.0"
RIV005,2024-03-31,R11,tx_curr should approximately equal previous tx_curr + tx_new - tx_ml,"actual=1318, expected=1448.0"
RIV014,2024-08-31,R11,tx_curr should approximately equal previous tx_curr + tx_new - tx_ml,"actual=662, expected=654.0"
KAD012,2023-12-31,R11,tx_curr should approximately equal previous tx_curr + tx_new - tx_ml,"actual=628, expected=654.0"
AKS002,2022-11-30,R11,tx_curr should approximately equal previous tx_curr + tx_new - tx_ml,"actual=646, expected=607.0"
BEN014,2023-06-30,R11,tx_curr should approximately equal previous tx_curr + tx_new - tx_ml,"actual=806, expected=902.0"
NAS013,2024-12-31,R11,tx_curr should approximately equal previous tx_curr + tx_new - tx_ml,"actual=1693, expected=1600.0"
NAS007,2023-04-01,R11,tx_curr should approximately equal previous tx_curr + tx_new - tx_ml,"actual=2301, expected=2243.0"
BEN001,2024-09-30,R11,tx_curr should approximately equal previous tx_curr + tx_new - tx_ml,"actual=1696, expected=2060.0"
FCT010,2024-10-31,R11,tx_curr should approximately equal previous tx_curr + tx_new - tx_ml,"actual=514, expected=534.0"
BEN004,2024-12-31,R11,tx_curr should approximately equal previous tx_curr + tx_new - tx_ml,"actual=426, expected=368.0"
KAD014,2022-07-31,R11,tx_curr should approximately equal previous tx_curr + tx_new - tx_ml,"actual=2723, expected=2126.0"
XXX999,2023-02-28,R11,tx_curr should approximately equal previous tx_curr + tx_new - tx_ml,"actual=5183, expected=2338.0"
BEN013,2022-01-31,R11,tx_curr should approximately equal previous tx_curr + tx_new - tx_ml,"actual=288, expected=508.0"
LAG004,2024-03-31,R11,tx_curr should approximately equal previous tx_curr + tx_new - tx_ml,"actual=614, expected=615.0"
KAD014,2024-10-31,R11,tx_curr should approximately equal previous tx_curr + tx_new - tx_ml,"actual=2126, expected=2704.0"
LAG006,2022-04-30,R11,tx_curr should approximately equal previous tx_curr + tx_new - tx_ml,"actual=5553, expected=4719.0"
AKS006,2024-12-31,R11,tx_curr should approximately equal previous tx_curr + tx_new - tx_ml,"actual=525, expected=228.0"
BEN008,2023-02-01,R11,tx_curr should approximately equal previous tx_curr + tx_new - tx_ml,"actual=6142, expected=6223.0"
TMP001,2023-01-31,R11,tx_curr should approximately equal previous tx_curr + tx_new - tx_ml,"actual=1643, expected=962.0"
BEN013,2023-01-31,R11,tx_curr should approximately equal previous tx_curr + tx_new - tx_ml,"actual=465, expected=290.0"
KAD011,2023-10-31,R11,tx_curr should approximately equal previous tx_curr + tx_new - tx_ml,"actual=576, expected=580.0"
KAD009,2023-02-01,R11,tx_curr should approximately equal previous tx_curr + tx_new - tx_ml,"actual=781, expected=646.0"
NAS999,2024-01-31,R11,tx_curr should approximately equal previous tx_curr + tx_new - tx_ml,"actual=367, expected=241.0"
KAD015,2022-10-01,R11,tx_curr should approximately equal previous tx_curr + tx_new - tx_ml,"actual=1827, expected=1564.0"
FCT005,2023-11-30,R11,tx_curr should approximately equal previous tx_curr + tx_new - tx_ml,"actual=537, expected=580.0"
FCT012,2023-08-31,R11,tx_curr should approximately equal previous tx_curr + tx_new - tx_ml,"actual=2846, expected=2696.0"
KAD007,2022-02-28,R11,tx_curr should approximately equal previous tx_curr + tx_new - tx_ml,"actual=1137, expected=1127.0"
AKS003,2024-06-30,R11,tx_curr should approximately equal previous tx_curr + tx_new - tx_ml,"actual=444, expected=247.0"
CRS005,2024-03-31,R11,tx_curr should approximately equal previous tx_curr + tx_new - tx_ml,"actual=4168, expected=4574.0"
AKS005,2024-04-30,R11,tx_curr should approximately equal previous tx_curr + tx_new - tx_ml,"actual=1009, expected=1308.0"
AKS003,2024-12-31,R11,tx_curr should approximately equal previous tx_curr + tx_new - tx_ml,"actual=494, expected=446.0"
CRS003,2024-10-31,R11,tx_curr should approximately equal previous tx_curr + tx_new - tx_ml,"actual=5055, expected=5015.0"
LAG003,2023-07-31,R11,tx_curr should approximately equal previous tx_curr + tx_new - tx_ml,"actual=6537, expected=6640.0"
NAS001,2022-04-30,R11,tx_curr should approximately equal previous tx_curr + tx_new - tx_ml,"actual=498, expected=431.0"
CRS013,2024-06-30,R11,tx_curr should approximately equal previous tx_curr + tx_new - tx_ml,"actual=746, expected=759.0"
NAS006,2024-05-31,R11,tx_curr should approximately equal previous tx_curr + tx_new - tx_ml,"actual=936, expected=963.0"
CRS001,2024-02-29,R11,tx_curr should approximately equal previous tx_curr + tx_new - tx_ml,"actual=691, expected=686.0"
KAD015,2023-09-30,R11,tx_curr should approximately equal previous tx_curr + tx_new - tx_ml,"actual=1664, expected=1808.0"
NAS999,2022-10-31,R11,tx_curr should approximately equal previous tx_curr + tx_new - tx_ml,"actual=413, expected=362.0"
CRS014,2022-01-31,R11,tx_curr should approximately equal previous tx_curr + tx_new - tx_ml,"actual=69, expected=104.0"
NAS010,2022-02-28,R11,tx_curr should approximately equal previous tx_curr + tx_new - tx_ml,"actual=4480, expected=5795.0"
CRS003,2023-05-31,R11,tx_curr should approximately equal previous tx_curr + tx_new - tx_ml,"actual=5293, expected=5044.0"
KAD002,2024-05-31,R11,tx_curr should approximately equal previous tx_curr + tx_new - tx_ml,"actual=3666, expected=4407.0"
LAG015,2022-01-31,R11,tx_curr should approximately equal previous tx_curr + tx_new - tx_ml,"actual=1154, expected=1084.0"
BEN013,2023-05-31,R11,tx_curr should approximately equal previous tx_curr + tx_new - tx_ml,"actual=544, expected=493.0"
NAS009,2022-12-31,R11,tx_curr should approximately equal previous tx_curr + tx_new - tx_ml,"actual=473, expected=482.0"
FCT003,2023-09-30,R11,tx_curr should approximately equal previous tx_curr + tx_new - tx_ml,"actual=5595, expected=6356.0"
CRS005,2022-03-31,R11,tx_curr should approximately equal previous tx_curr + tx_new - tx_ml,"actual=4664, expected=4148.0"
NAS014,2024-01-31,R11,tx_curr should approximately equal previous tx_curr + tx_new - tx_ml,"actual=4948, expected=4921.0"
LAG005,2022-03-31,R11,tx_curr should approximately equal previous tx_curr + tx_new - tx_ml,"actual=14920, expected=1625.0"
NAS004,2022-01-31,R11,tx_curr should approximately equal previous tx_curr + tx_new - tx_ml,"actual=424, expected=616.0"
NAS008,2023-06-30,R11,tx_curr should approximately equal previous tx_curr + tx_new - tx_ml,"actual=846, expected=948.0"
CRS001,2023-03-31,R11,tx_curr should approximately equal previous tx_curr + tx_new - tx_ml,"actual=662, expected=690.0"
AKS012,2022-10-31,R11,tx_curr should approximately equal previous tx_curr + tx_new - tx_ml,"actual=649, expected=499.0"
RIV007,2022-02-28,R11,tx_curr should approximately equal previous tx_curr + tx_new - tx_ml,"actual=730, expected=645.0"
KAD001,2023-04-30,R11,tx_curr should approximately equal previous tx_curr + tx_new - tx_ml,"actual=771, expected=754.0"
FCT015,2022-11-01,R11,tx_curr should approximately equal previous tx_curr + tx_new - tx_ml,"actual=840, expected=856.0"
KAD012,2023-07-31,R11,tx_curr should approximately equal previous tx_curr + tx_new - tx_ml,"actual=650, expected=623.0"
AKS003,2024-02-01,R11,tx_curr should approximately equal previous tx_curr + tx_new - tx_ml,"actual=388, expected=499.0"
BEN008,2022-06-30,R11,tx_curr should approximately equal previous tx_curr + tx_new - tx_ml,"actual=6243, expected=6162.0"
XXX999,2023-02-28,R11,tx_curr should approximately equal previous tx_curr + tx_new - tx_ml,"actual=460, expected=5182.0"
KAD005,2023-03-01,R11,tx_curr should approximately equal previous tx_curr + tx_new - tx_ml,"actual=311, expected=305.0"
AKS006,2022-07-31,R11,tx_curr should approximately equal previous tx_curr + tx_new - tx_ml,"actual=269, expected=533.0"
KAD012,2024-09-30,R11,tx_curr should approximately equal previous tx_curr + tx_new - tx_ml,"actual=641, expected=652.0"
CRS015,2023-07-31,R11,tx_curr should approximately equal previous tx_curr + tx_new - tx_ml,"actual=534, expected=562.0"
LAG013,2022-11-30,R11,tx_curr should approximately equal previous tx_curr + tx_new - tx_ml,"actual=6062, expected=5871.0"
NAS009,2023-11-30,R11,tx_curr should approximately equal previous tx_curr + tx_new - tx_ml,"actual=482, expected=472.0"
AKS005,2022-05-31,R11,tx_curr should approximately equal previous tx_curr + tx_new - tx_ml,"actual=1294, expected=996.0"
XXX999,2024-05-31,R11,tx_curr should approximately equal previous tx_curr + tx_new - tx_ml,"actual=321, expected=460.0"
CRS015,2023-02-28,R11,tx_curr should approximately equal previous tx_curr + tx_new - tx_ml,"actual=551, expected=531.0"
KAD013,2022-02-28,R11,tx_curr should approximately equal previous tx_curr + tx_new - tx_ml,"actual=1427, expected=1882.0"
RIV005,2022-09-30,R11,tx_curr should approximately equal previous tx_curr + tx_new - tx_ml,"actual=1483, expected=1317.0"
KAD005,2024-03-31,R11,tx_curr should approximately equal previous tx_curr + tx_new - tx_ml,"actual=362, expected=309.0"
BEN009,2023-11-30,R11,tx_curr should approximately equal previous tx_curr + tx_new - tx_ml,"actual=447, expected=443.0"
LAG007,2023-02-28,R11,tx_curr should approximately equal previous tx_curr + tx_new - tx_ml,"actual=472, expected=487.0"
NAS015,2022-03-31,R11,tx_curr should approximately equal previous tx_curr + tx_new - tx_ml,"actual=3118, expected=3162.0"
BEN015,2023-08-31,R11,tx_curr should approximately equal previous tx_curr + tx_new - tx_ml,"actual=775, expected=796.0"
CRS010,2022-09-30,R11,tx_curr should approximately equal previous tx_curr + tx_new - tx_ml,"actual=418, expected=377.0"
RIV005,2023-06-30,R11,tx_curr should approximately equal previous tx_curr + tx_new - tx_ml,"actual=1408, expected=1472.0"
KAD008,2023-10-31,R11,tx_curr should approximately equal previous tx_curr + tx_new - tx_ml,"actual=1191, expected=1259.0"
LAG003,2023-09-01,R11,tx_curr should approximately equal previous tx_curr + tx_new - tx_ml,"actual=6491, expected=6529.0"
KAD008,2022-06-30,R11,tx_curr should approximately equal previous tx_curr + tx_new - tx_ml,"actual=1228, expected=1195.0"
KAD005,2024-05-31,R11,tx_curr should approximately equal previous tx_curr + tx_new - tx_ml,"actual=370, expected=361.0"
LAG012,2024-05-01,R11,tx_curr should approximately equal previous tx_curr + tx_new - tx_ml,"actual=661, expected=650.0"
NAS008,2023-10-31,R11,tx_curr should approximately equal previous tx_curr + tx_new - tx_ml,"actual=814, expected=834.0"
FCT005,2023-04-30,R11,tx_curr should approximately equal previous tx_curr + tx_new - tx_ml,"actual=510, expected=541.0"
RIV002,2024-10-01,R11,tx_curr should approximately equal previous tx_curr + tx_new - tx_ml,"actual=4214, expected=4925.0"
AKS005,2023-12-31,R11,tx_curr should approximately equal previous tx_curr + tx_new - tx_ml,"actual=1060, expected=1285.0"
RIV006,2022-11-30,R11,tx_curr should approximately equal previous tx_curr + tx_new - tx_ml,"actual=2488, expected=2424.0"
CRS006,2022-05-31,R11,tx_curr should approximately equal previous tx_curr + tx_new - tx_ml,"actual=1269, expected=1331.0"
LAG013,2024-03-31,R11,tx_curr should approximately equal previous tx_curr + tx_new - tx_ml,"actual=6186, expected=6045.0"
KAD013,2024-02-29,R11,tx_curr should approximately equal previous tx_curr + tx_new - tx_ml,"actual=2770, expected=1382.0"
LAG001,2022-07-31,R11,tx_curr should approximately equal previous tx_curr + tx_new - tx_ml,"actual=216, expected=350.0"
RIV002,2022-12-31,R11,tx_curr should approximately equal previous tx_curr + tx_new - tx_ml,"actual=4746, expected=4231.0"
BEN010,2022-02-01,R11,tx_curr should approximately equal previous tx_curr + tx_new - tx_ml,"actual=864, expected=742.0"
LAG003,2023-01-31,R11,tx_curr should approximately equal previous tx_curr + tx_new - tx_ml,"actual=6355, expected=6509.0"
LAG099,2022-07-31,R11,tx_curr should approximately equal previous tx_curr + tx_new - tx_ml,"actual=422, expected=416.0"
KAD008,2024-10-31,R11,tx_curr should approximately equal previous tx_curr + tx_new - tx_ml,"actual=1159, expected=1222.0"
NAS015,2022-09-30,R11,tx_curr should approximately equal previous tx_curr + tx_new - tx_ml,"actual=3130, expected=3121.0"
BEN009,2023-04-30,R11,tx_curr should approximately equal previous tx_curr + tx_new - tx_ml,"actual=461, expected=448.0"
LAG014,2022-06-30,R11,tx_curr should approximately equal previous tx_curr + tx_new - tx_ml,"actual=1992, expected=1697.0"
FCT001,2023-08-31,R11,tx_curr should approximately equal previous tx_curr + tx_new - tx_ml,"actual=1253, expected=1325.0"
CRS009,2024-12-01,R11,tx_curr should approximately equal previous tx_curr + tx_new - tx_ml,"actual=950, expected=828.0"
NAS012,2022-03-31,R11,tx_curr should approximately equal previous tx_curr + tx_new - tx_ml,"actual=1351, expected=1317.0"
KAD010,2024-10-31,R11,tx_curr should approximately equal previous tx_curr + tx_new - tx_ml,"actual=968, expected=955.0"
FCT014,2024-10-31,R11,tx_curr should approximately equal previous tx_curr + tx_new - tx_ml,"actual=2576, expected=2558.0"
NAS003,2023-05-31,R11,tx_curr should approximately equal previous tx_curr + tx_new - tx_ml,"actual=1659, expected=1891.0"
AKS013,2022-10-31,R11,tx_curr should approximately equal previous tx_curr + tx_new - tx_ml,"actual=563, expected=632.0"
KAD013,2024-11-30,R11,tx_curr should approximately equal previous tx_curr + tx_new - tx_ml,"actual=3175, expected=2784.0"
LAG013,2022-04-30,R11,tx_curr should approximately equal previous tx_curr + tx_new - tx_ml,"actual=5907, expected=6197.0"
FCT011,2024-02-29,R11,tx_curr should approximately equal previous tx_curr + tx_new - tx_ml,"actual=2066, expected=2031.0"
BEN007,2022-10-31,R11,tx_curr should approximately equal previous tx_curr + tx_new - tx_ml,"actual=2224, expected=2262.0"
NAS008,2023-04-30,R11,tx_curr should approximately equal previous tx_curr + tx_new - tx_ml,"actual=867, expected=801.0"
BEN007,2023-01-31,R11,tx_curr should approximately equal previous tx_curr + tx_new - tx_ml,"actual=2143, expected=2199.0"
FCT013,2022-12-31,R11,tx_curr should approximately equal previous tx_curr + tx_new - tx_ml,"actual=1368, expected=1280.0"
FCT012,2023-10-31,R11,tx_curr should approximately equal previous tx_curr + tx_new - tx_ml,"actual=2842, expected=2848.0"
RIV006,2023-04-30,R11,tx_curr should approximately equal previous tx_curr + tx_new - tx_ml,"actual=2508, expected=2465.0"
NAS011,2024-02-29,R11,tx_curr should approximately equal previous tx_curr + tx_new - tx_ml,"actual=2442, expected=2387.0"
LAG014,2023-11-30,R11,tx_curr should approximately equal previous tx_curr + tx_new - tx_ml,"actual=1727, expected=1977.0"
FCT015,2023-08-31,R11,tx_curr should approximately equal previous tx_curr + tx_new - tx_ml,"actual=769, expected=834.0"
RIV002,2023-05-31,R11,tx_curr should approximately equal previous tx_curr + tx_new - tx_ml,"actual=4644, expected=4714.0"
BEN007,2022-12-31,R11,tx_curr should approximately equal previous tx_curr + tx_new - tx_ml,"actual=2168, expected=2116.0"
BEN009,2023-12-01,R11,tx_curr should approximately equal previous tx_curr + tx_new - tx_ml,"actual=450, expected=464.0"
XXX999,2024-08-31,R11,tx_curr should approximately equal previous tx_curr + tx_new - tx_ml,"actual=590, expected=324.0"
CRS009,2022-07-31,R11,tx_curr should approximately equal previous tx_curr + tx_new - tx_ml,"actual=742, expected=964.0"
KAD009,2022-04-01,R11,tx_curr should approximately equal previous tx_curr + tx_new - tx_ml,"actual=672, expected=799.0"
RIV011,2022-05-31,R11,tx_curr should approximately equal previous tx_curr + tx_new - tx_ml,"actual=875, expected=889.0"
NAS008,2023-09-30,R11,tx_curr should approximately equal previous tx_curr + tx_new - tx_ml,"actual=826, expected=862.0"
BEN006,2023-12-31,R11,tx_curr should approximately equal previous tx_curr + tx_new - tx_ml,"actual=344, expected=373.0"
TMP001,2024-08-31,R11,tx_curr should approximately equal previous tx_curr + tx_new - tx_ml,"actual=392, expected=1640.0"
FCT005,2022-09-30,R11,tx_curr should approximately equal previous tx_curr + tx_new - tx_ml,"actual=511, expected=514.0"
NAS001,2022-12-31,R11,tx_curr should approximately equal previous tx_curr + tx_new - tx_ml,"actual=463, expected=492.0"
CRS015,2024-10-31,R11,tx_curr should approximately equal previous tx_curr + tx_new - tx_ml,"actual=474, expected=546.0"
RIV005,2023-11-30,R11,tx_curr should approximately equal previous tx_curr + tx_new - tx_ml,"actual=1344, expected=1398.0"
RIV006,2024-02-29,R11,tx_curr should approximately equal previous tx_curr + tx_new - tx_ml,"actual=2724, expected=2537.0"
LAG009,2024-12-31,R11,tx_curr should approximately equal previous tx_curr + tx_new - tx_ml,"actual=2256, expected=2629.0"
CRS013,2023-10-31,R11,tx_curr should approximately equal previous tx_curr + tx_new - tx_ml,"actual=783, expected=745.0"
KAD005,2023-11-30,R11,tx_curr should approximately equal previous tx_curr + tx_new - tx_ml,"actual=360, expected=374.0"
KAD012,2024-04-30,R11,tx_curr should approximately equal previous tx_curr + tx_new - tx_ml,"actual=628, expected=640.0"
AKS015,2022-10-31,R11,tx_curr should approximately equal previous tx_curr + tx_new - tx_ml,"actual=2487, expected=2447.0"
AKS003,2022-10-31,R11,tx_curr should approximately equal previous tx_curr + tx_new - tx_ml,"actual=211, expected=390.0"
FCT015,2024-05-31,R11,tx_curr should approximately equal previous tx_curr + tx_new - tx_ml,"actual=752, expected=776.0"
BEN007,2023-05-31,R11,tx_curr should approximately equal previous tx_curr + tx_new - tx_ml,"actual=2104, expected=2163.0"
NAS006,2022-01-31,R11,tx_curr should approximately equal previous tx_curr + tx_new - tx_ml,"actual=1043, expected=919.0"
RIV011,2023-03-31,R11,tx_curr should approximately equal previous tx_curr + tx_new - tx_ml,"actual=876, expected=877.0"
NAS014,2022-05-31,R11,tx_curr should approximately equal previous tx_curr + tx_new - tx_ml,"actual=4640, expected=4913.0"
FCT002,2022-07-31,R11,tx_curr should approximately equal previous tx_curr + tx_new - tx_ml,"actual=631, expected=628.0"
RIV007,2023-07-31,R11,tx_curr should approximately equal previous tx_curr + tx_new - tx_ml,"actual=658, expected=730.0"
LAG013,2022-07-31,R11,tx_curr should approximately equal previous tx_curr + tx_new - tx_ml,"actual=6057, expected=5943.0"
RIV012,2022-08-31,R11,tx_curr should approximately equal previous tx_curr + tx_new - tx_ml,"actual=889, expected=1031.0"
RIV008,2024-07-31,R11,tx_curr should approximately equal previous tx_curr + tx_new - tx_ml,"actual=4203, expected=4289.0"
NAS007,2022-11-30,R11,tx_curr should approximately equal previous tx_curr + tx_new - tx_ml,"actual=2428, expected=2270.0"
RIV011,2022-10-31,R11,tx_curr should approximately equal previous tx_curr + tx_new - tx_ml,"actual=872, expected=874.0"
FCT011,2022-01-31,R11,tx_curr should approximately equal previous tx_curr + tx_new - tx_ml,"actual=2416, expected=2028.0"
AKS006,2022-02-28,R11,tx_curr should approximately equal previous tx_curr + tx_new - tx_ml,"actual=207, expected=275.0"
AKS005,2023-09-30,R11,tx_curr should approximately equal previous tx_curr + tx_new - tx_ml,"actual=1091, expected=1054.0"
TMP001,2023-04-30,R11,tx_curr should approximately equal previous tx_curr + tx_new - tx_ml,"actual=516, expected=400.0"
NAS999,2023-08-31,R11,tx_curr should approximately equal previous tx_curr + tx_new - tx_ml,"actual=607, expected=410.0"
FCT011,2023-11-30,R11,tx_curr should approximately equal previous tx_curr + tx_new - tx_ml,"actual=2110, expected=2384.0"
KAD015,2022-11-30,R11,tx_curr should approximately equal previous tx_curr + tx_new - tx_ml,"actual=1798, expected=1635.0"
BEN001,2024-08-31,R11,tx_curr should approximately equal previous tx_curr + tx_new - tx_ml,"actual=1720, expected=1677.0"
NAS005,2024-10-31,R11,tx_curr should approximately equal previous tx_curr + tx_new - tx_ml,"actual=811, expected=492.0"
BEN006,2024-08-31,R11,tx_curr should approximately equal previous tx_curr + tx_new - tx_ml,"actual=369, expected=350.0"
CRS003,2022-03-31,R11,tx_curr should approximately equal previous tx_curr + tx_new - tx_ml,"actual=5626, expected=5292.0"
CRS002,2024-06-30,R11,tx_curr should approximately equal previous tx_curr + tx_new - tx_ml,"actual=272, expected=250.0"
NAS006,2022-11-30,R11,tx_curr should approximately equal previous tx_curr + tx_new - tx_ml,"actual=985, expected=1038.0"
AKS010,2022-04-30,R11,tx_curr should approximately equal previous tx_curr + tx_new - tx_ml,"actual=1813, expected=1795.0"
LAG005,2024-07-31,R11,tx_curr should approximately equal previous tx_curr + tx_new - tx_ml,"actual=1798, expected=14924.0"
FCT010,2022-11-30,R11,tx_curr should approximately equal previous tx_curr + tx_new - tx_ml,"actual=317, expected=521.0"
XXX999,2024-07-31,R11,tx_curr should approximately equal previous tx_curr + tx_new - tx_ml,"actual=1573, expected=582.0"
LAG007,2024-03-31,R11,tx_curr should approximately equal previous tx_curr + tx_new - tx_ml,"actual=590, expected=479.0"
NAS011,2022-09-30,R11,tx_curr should approximately equal previous tx_curr + tx_new - tx_ml,"actual=2723, expected=2683.0"
AKS009,2024-01-31,R11,tx_curr should approximately equal previous tx_curr + tx_new - tx_ml,"actual=222, expected=223.0"
RIV009,2022-05-31,R11,tx_curr should approximately equal previous tx_curr + tx_new - tx_ml,"actual=855, expected=777.0"
BEN004,2023-02-28,R11,tx_curr should approximately equal previous tx_curr + tx_new - tx_ml,"actual=378, expected=425.0"
CRS012,2024-09-30,R11,tx_curr should approximately equal previous tx_curr + tx_new - tx_ml,"actual=754, expected=755.0"
LAG015,2023-03-31,R11,tx_curr should approximately equal previous tx_curr + tx_new - tx_ml,"actual=1084, expected=1154.0"
FCT002,2023-06-30,R11,tx_curr should approximately equal previous tx_curr + tx_new - tx_ml,"actual=591, expected=635.0"
BEN012,2022-10-31,R11,tx_curr should approximately equal previous tx_curr + tx_new - tx_ml,"actual=467, expected=456.0"
RIV007,2023-10-31,R11,tx_curr should approximately equal previous tx_curr + tx_new - tx_ml,"actual=656, expected=657.0"
RIV008,2022-08-31,R11,tx_curr should approximately equal previous tx_curr + tx_new - tx_ml,"actual=3969, expected=4194.0"
AKS002,2023-07-31,R11,tx_curr should approximately equal previous tx_curr + tx_new - tx_ml,"actual=615, expected=646.0"
LAG009,2023-05-31,R11,tx_curr should approximately equal previous tx_curr + tx_new - tx_ml,"actual=2542, expected=2263.0"
CRS005,2024-11-01,R11,tx_curr should approximately equal previous tx_curr + tx_new - tx_ml,"actual=4088, expected=4674.0"
FCT001,2022-06-30,R11,tx_curr should approximately equal previous tx_curr + tx_new - tx_ml,"actual=1349, expected=1253.0"
BEN002,2023-09-30,R11,tx_curr should approximately equal previous tx_curr + tx_new - tx_ml,"actual=4532, expected=4930.0"
RIV013,2023-04-30,R11,tx_curr should approximately equal previous tx_curr + tx_new - tx_ml,"actual=2162, expected=2184.0"
CRS015,2022-07-31,R11,tx_curr should approximately equal previous tx_curr + tx_new - tx_ml,"actual=594, expected=464.0"
CRS005,2024-08-31,R11,tx_curr should approximately equal previous tx_curr + tx_new - tx_ml,"actual=4089, expected=4080.0"
KAD011,2022-02-01,R11,tx_curr should approximately equal previous tx_curr + tx_new - tx_ml,"actual=540, expected=584.0"
BEN009,2024-07-31,R11,tx_curr should approximately equal previous tx_curr + tx_new - tx_ml,"actual=430, expected=450.0"
RIV007,2023-01-31,R11,tx_curr should approximately equal previous tx_curr + tx_new - tx_ml,"actual=670, expected=647.0"
NAS011,2024-01-31,R11,tx_curr should approximately equal previous tx_curr + tx_new - tx_ml,"actual=2458, expected=2708.0"
NAS005,2022-11-30,R11,tx_curr should approximately equal previous tx_curr + tx_new - tx_ml,"actual=364, expected=827.0"
AKS008,2024-10-31,R11,tx_curr should approximately equal previous tx_curr + tx_new - tx_ml,"actual=94, expected=88.0"
AKS012,2024-09-30,R11,tx_curr should approximately equal previous tx_curr + tx_new - tx_ml,"actual=1324, expected=699.0"
FCT005,2024-09-30,R11,tx_curr should approximately equal previous tx_curr + tx_new - tx_ml,"actual=575, expected=506.0"
KAD001,2023-10-31,R11,tx_curr should approximately equal previous tx_curr + tx_new - tx_ml,"actual=755, expected=764.0"
RIV006,2022-03-31,R11,tx_curr should approximately equal previous tx_curr + tx_new - tx_ml,"actual=2271, expected=2735.0"
RIV012,2023-04-30,R11,tx_curr should approximately equal previous tx_curr + tx_new - tx_ml,"actual=943, expected=894.0"
CRS011,2024-03-31,R11,tx_curr should approximately equal previous tx_curr + tx_new - tx_ml,"actual=488, expected=449.0"
FCT003,2024-11-30,R11,tx_curr should approximately equal previous tx_curr + tx_new - tx_ml,"actual=4875, expected=5576.0"
RIV013,2023-06-30,R11,tx_curr should approximately equal previous tx_curr + tx_new - tx_ml,"actual=2177, expected=2164.0"
LAG004,2024-12-31,R11,tx_curr should approximately equal previous tx_curr + tx_new - tx_ml,"actual=602, expected=611.0"
AKS010,2022-03-31,R11,tx_curr should approximately equal previous tx_curr + tx_new - tx_ml,"actual=1820, expected=1796.0"
FCT013,2023-09-30,R11,tx_curr should approximately equal previous tx_curr + tx_new - tx_ml,"actual=1309, expected=1356.0"
LAG004,2022-01-31,R11,tx_curr should approximately equal previous tx_curr + tx_new - tx_ml,"actual=638, expected=593.0"
BEN001,2022-07-31,R11,tx_curr should approximately equal previous tx_curr + tx_new - tx_ml,"actual=2049, expected=1685.0"
NAS002,2023-02-28,R11,tx_curr should approximately equal previous tx_curr + tx_new - tx_ml,"actual=313, expected=286.0"
AKS010,2023-06-30,R11,tx_curr should approximately equal previous tx_curr + tx_new - tx_ml,"actual=1683, expected=1831.0"
AKS005,2022-04-30,R11,tx_curr should approximately equal previous tx_curr + tx_new - tx_ml,"actual=1307, expected=1084.0"
CRS013,2024-10-01,R11,tx_curr should approximately equal previous tx_curr + tx_new - tx_ml,"actual=734, expected=887.0"
RIV009,2023-09-30,R11,tx_curr should approximately equal previous tx_curr + tx_new - tx_ml,"actual=796, expected=849.0"
RIV012,2024-07-31,R11,tx_curr should approximately equal previous tx_curr + tx_new - tx_ml,"actual=1032, expected=946.0"
NAS004,2023-10-31,R11,tx_curr should approximately equal previous tx_curr + tx_new - tx_ml,"actual=509, expected=545.0"
FCT002,2022-12-31,R11,tx_curr should approximately equal previous tx_curr + tx_new - tx_ml,"actual=614, expected=591.0"
CRS008,2024-04-30,R11,tx_curr should approximately equal previous tx_curr + tx_new - tx_ml,"actual=2167, expected=2395.0"
RIV004,2023-02-28,R11,tx_curr should approximately equal previous tx_curr + tx_new - tx_ml,"actual=853, expected=838.0"
RIV013,2024-07-31,R11,tx_curr should approximately equal previous tx_curr + tx_new - tx_ml,"actual=2109, expected=2172.0"
KAD009,2024-09-30,R11,tx_curr should approximately equal previous tx_curr + tx_new - tx_ml,"actual=990, expected=686.0"
CRS014,2022-06-30,R11,tx_curr should approximately equal previous tx_curr + tx_new - tx_ml,"actual=101, expected=79.0"
NAS011,2024-05-31,R11,tx_curr should approximately equal previous tx_curr + tx_new - tx_ml,"actual=2412, expected=2453.0"
LAG008,2022-12-31,R11,tx_curr should approximately equal previous tx_curr + tx_new - tx_ml,"actual=834, expected=887.0"
NAS015,2023-02-28,R11,tx_curr should approximately equal previous tx_curr + tx_new - tx_ml,"actual=3193, expected=3121.0"
LAG011,2023-03-31,R11,tx_curr should approximately equal previous tx_curr + tx_new - tx_ml,"actual=1733, expected=1577.0"
AKS001,2024-01-31,R11,tx_curr should approximately equal previous tx_curr + tx_new - tx_ml,"actual=323, expected=304.0"
NAS015,2022-12-31,R11,tx_curr should approximately equal previous tx_curr + tx_new - tx_ml,"actual=3171, expected=3207.0"
KAD015,2022-07-31,R11,tx_curr should approximately equal previous tx_curr + tx_new - tx_ml,"actual=1906, expected=1754.0"
CRS002,2024-04-30,R11,tx_curr should approximately equal previous tx_curr + tx_new - tx_ml,"actual=267, expected=278.0"
CRS012,2023-02-28,R11,tx_curr should approximately equal previous tx_curr + tx_new - tx_ml,"actual=800, expected=750.0"
RIV010,2022-12-31,R11,tx_curr should approximately equal previous tx_curr + tx_new - tx_ml,"actual=3194, expected=2928.0"
RIV012,2022-03-31,R11,tx_curr should approximately equal previous tx_curr + tx_new - tx_ml,"actual=851, expected=1039.0"
FCT015,2024-04-30,R11,tx_curr should approximately equal previous tx_curr + tx_new - tx_ml,"actual=745, expected=753.0"
NAS006,2024-02-29,R11,tx_curr should approximately equal previous tx_curr + tx_new - tx_ml,"actual=948, expected=981.0"
RIV009,2022-06-30,R11,tx_curr should approximately equal previous tx_curr + tx_new - tx_ml,"actual=851, expected=792.0"
AKS011,2024-02-29,R11,tx_curr should approximately equal previous tx_curr + tx_new - tx_ml,"actual=331, expected=338.0"
CRS012,2022-03-31,R11,tx_curr should approximately equal previous tx_curr + tx_new - tx_ml,"actual=842, expected=795.0"
NAS008,2022-10-31,R11,tx_curr should approximately equal previous tx_curr + tx_new - tx_ml,"actual=917, expected=811.0"
CRS015,2024-01-31,R11,tx_curr should approximately equal previous tx_curr + tx_new - tx_ml,"actual=504, expected=593.0"
FCT004,2024-04-30,R11,tx_curr should approximately equal previous tx_curr + tx_new - tx_ml,"actual=1272, expected=1333.0"
CRS014,2023-06-30,R11,tx_curr should approximately equal previous tx_curr + tx_new - tx_ml,"actual=144, expected=106.0"
RIV012,2022-01-31,R11,tx_curr should approximately equal previous tx_curr + tx_new - tx_ml,"actual=842, expected=854.0"
FCT006,2024-01-31,R11,tx_curr should approximately equal previous tx_curr + tx_new - tx_ml,"actual=2147, expected=2178.0"
AKS006,2023-10-31,R11,tx_curr should approximately equal previous tx_curr + tx_new - tx_ml,"actual=401, expected=219.0"
BEN008,2022-05-31,R11,tx_curr should approximately equal previous tx_curr + tx_new - tx_ml,"actual=6223, expected=6190.0"
KAD001,2023-01-31,R11,tx_curr should approximately equal previous tx_curr + tx_new - tx_ml,"actual=770, expected=746.0"
LAG009,2024-07-01,R11,tx_curr should approximately equal previous tx_curr + tx_new - tx_ml,"actual=2321, expected=2546.0"
RIV011,2024-12-31,R11,tx_curr should approximately equal previous tx_curr + tx_new - tx_ml,"actual=970, expected=882.0"
FCT008,2022-11-30,R11,tx_curr should approximately equal previous tx_curr + tx_new - tx_ml,"actual=5235, expected=5149.0"
RIV001,2024-03-31,R11,tx_curr should approximately equal previous tx_curr + tx_new - tx_ml,"actual=875, expected=1096.0"
LAG007,2023-11-30,R11,tx_curr should approximately equal previous tx_curr + tx_new - tx_ml,"actual=582, expected=613.0"
NAS002,2022-08-31,R11,tx_curr should approximately equal previous tx_curr + tx_new - tx_ml,"actual=314, expected=313.0"
KAD005,2024-09-30,R11,tx_curr should approximately equal previous tx_curr + tx_new - tx_ml,"actual=402, expected=360.0"
XXX999,2022-11-30,R11,tx_curr should approximately equal previous tx_curr + tx_new - tx_ml,"actual=956, expected=1579.0"
NAS002,2024-06-30,R11,tx_curr should approximately equal previous tx_curr + tx_new - tx_ml,"actual=296, expected=309.0"
FCT009,2023-12-31,R11,tx_curr should approximately equal previous tx_curr + tx_new - tx_ml,"actual=472, expected=456.0"
LAG001,2024-06-01,R11,tx_curr should approximately equal previous tx_curr + tx_new - tx_ml,"actual=393, expected=221.0"
KAD005,2023-10-31,R11,tx_curr should approximately equal previous tx_curr + tx_new - tx_ml,"actual=356, expected=403.0"
BEN010,2024-07-31,R11,tx_curr should approximately equal previous tx_curr + tx_new - tx_ml,"actual=706, expected=861.0"
KAD004,2023-11-30,R11,tx_curr should approximately equal previous tx_curr + tx_new - tx_ml,"actual=4787, expected=4137.0"
KAD012,2022-12-31,R11,tx_curr should approximately equal previous tx_curr + tx_new - tx_ml,"actual=646, expected=622.0"
CRS013,2022-04-30,R11,tx_curr should approximately equal previous tx_curr + tx_new - tx_ml,"actual=898, expected=731.0"
RIV014,2022-06-30,R11,tx_curr should approximately equal previous tx_curr + tx_new - tx_ml,"actual=615, expected=660.0"
LAG009,2024-01-31,R11,tx_curr should approximately equal previous tx_curr + tx_new - tx_ml,"actual=2363, expected=2307.0"
CRS010,2022-04-01,R11,tx_curr should approximately equal previous tx_curr + tx_new - tx_ml,"actual=436, expected=416.0"
KAD011,2022-01-31,R11,tx_curr should approximately equal previous tx_curr + tx_new - tx_ml,"actual=541, expected=535.0"
CRS011,2023-03-31,R11,tx_curr should approximately equal previous tx_curr + tx_new - tx_ml,"actual=465, expected=494.0"
AKS004,2023-07-31,R11,tx_curr should approximately equal previous tx_curr + tx_new - tx_ml,"actual=970, expected=965.0"
CRS003,2023-04-30,R11,tx_curr should approximately equal previous tx_curr + tx_new - tx_ml,"actual=5304, expected=5603.0"
KAD007,2023-12-31,R11,tx_curr should approximately equal previous tx_curr + tx_new - tx_ml,"actual=1112, expected=1121.0"
XXX999,2023-08-31,R11,tx_curr should approximately equal previous tx_curr + tx_new - tx_ml,"actual=6325, expected=967.0"
AKS010,2024-08-31,R11,tx_curr should approximately equal previous tx_curr + tx_new - tx_ml,"actual=1585, expected=1694.0"
NAS010,2023-07-31,R11,tx_curr should approximately equal previous tx_curr + tx_new - tx_ml,"actual=5019, expected=4653.0"
KAD001,2024-11-30,R11,tx_curr should approximately equal previous tx_curr + tx_new - tx_ml,"actual=734, expected=766.0"
LAG001,2023-12-31,R11,tx_curr should approximately equal previous tx_curr + tx_new - tx_ml,"actual=342, expected=398.0"
KAD010,2023-09-30,R11,tx_curr should approximately equal previous tx_curr + tx_new - tx_ml,"actual=971, expected=975.0"
RIV013,2023-01-31,R11,tx_curr should approximately equal previous tx_curr + tx_new - tx_ml,"actual=2187, expected=2113.0"
CRS002,2024-09-30,R11,tx_curr should approximately equal previous tx_curr + tx_new - tx_ml,"actual=282, expected=269.0"
LAG099,2024-09-30,R11,tx_curr should approximately equal previous tx_curr + tx_new - tx_ml,"actual=1169, expected=429.0"
NAS008,2024-05-31,R11,tx_curr should approximately equal previous tx_curr + tx_new - tx_ml,"actual=772, expected=914.0"
FCT008,2024-12-31,R11,tx_curr should approximately equal previous tx_curr + tx_new - tx_ml,"actual=4707, expected=5241.0"
AKS011,2022-03-31,R11,tx_curr should approximately equal previous tx_curr + tx_new - tx_ml,"actual=283, expected=330.0"
FCT006,2023-02-01,R11,tx_curr should approximately equal previous tx_curr + tx_new - tx_ml,"actual=2262, expected=2147.0"
AKS010,2023-10-01,R11,tx_curr should approximately equal previous tx_curr + tx_new - tx_ml,"actual=1625, expected=1564.0"
CRS001,2024-09-30,R11,tx_curr should approximately equal previous tx_curr + tx_new - tx_ml,"actual=693, expected=663.0"
NAS008,2023-07-31,R11,tx_curr should approximately equal previous tx_curr + tx_new - tx_ml,"actual=834, expected=760.0"
RIV005,2024-04-30,R11,tx_curr should approximately equal previous tx_curr + tx_new - tx_ml,"actual=1311, expected=1337.0"
CRS007,2024-05-01,R11,tx_curr should approximately equal previous tx_curr + tx_new - tx_ml,"actual=310, expected=304.0"
NAS013,2024-08-31,R11,tx_curr should approximately equal previous tx_curr + tx_new - tx_ml,"actual=1674, expected=1706.0"
CRS002,2022-03-31,R11,tx_curr should approximately equal previous tx_curr + tx_new - tx_ml,"actual=154, expected=288.0"
AKS001,2022-11-30,R11,tx_curr should approximately equal previous tx_curr + tx_new - tx_ml,"actual=311, expected=317.0"
NAS002,2023-03-31,R11,tx_curr should approximately equal previous tx_curr + tx_new - tx_ml,"actual=309, expected=292.0"
LAG014,2024-09-30,R11,tx_curr should approximately equal previous tx_curr + tx_new - tx_ml,"actual=1598, expected=1702.0"
LAG007,2022-03-31,R11,tx_curr should approximately equal previous tx_curr + tx_new - tx_ml,"actual=408, expected=587.0"
RIV008,2022-02-28,R11,tx_curr should approximately equal previous tx_curr + tx_new - tx_ml,"actual=3958, expected=3959.0"
LAG006,2022-07-31,R11,tx_curr should approximately equal previous tx_curr + tx_new - tx_ml,"actual=5389, expected=5498.0"
FCT015,2023-03-31,R11,tx_curr should approximately equal previous tx_curr + tx_new - tx_ml,"actual=801, expected=738.0"
AKS003,2023-11-30,R11,tx_curr should approximately equal previous tx_curr + tx_new - tx_ml,"actual=377, expected=221.0"
AKS004,2023-10-31,R11,tx_curr should approximately equal previous tx_curr + tx_new - tx_ml,"actual=969, expected=968.0"
KAD006,2023-04-30,R11,tx_curr should approximately equal previous tx_curr + tx_new - tx_ml,"actual=1628, expected=1557.0"
FCT006,2024-12-31,R11,tx_curr should approximately equal previous tx_curr + tx_new - tx_ml,"actual=2118, expected=2263.0"
NAS999,2023-10-31,R11,tx_curr should approximately equal previous tx_curr + tx_new - tx_ml,"actual=881, expected=608.0"
CRS001,2024-03-01,R11,tx_curr should approximately equal previous tx_curr + tx_new - tx_ml,"actual=693, expected=695.0"
KAD015,2024-08-31,R11,tx_curr should approximately equal previous tx_curr + tx_new - tx_ml,"actual=1555, expected=1854.0"
NAS004,2023-12-31,R11,tx_curr should approximately equal previous tx_curr + tx_new - tx_ml,"actual=525, expected=511.0"
LAG008,2024-09-30,R11,tx_curr should approximately equal previous tx_curr + tx_new - tx_ml,"actual=720, expected=834.0"
CRS007,2023-08-31,R11,tx_curr should approximately equal previous tx_curr + tx_new - tx_ml,"actual=301, expected=310.0"
NAS001,2023-11-30,R11,tx_curr should approximately equal previous tx_curr + tx_new - tx_ml,"actual=420, expected=457.0"
KAD015,2024-10-31,R11,tx_curr should approximately equal previous tx_curr + tx_new - tx_ml,"actual=1524, expected=1538.0"
LAG009,2024-05-31,R11,tx_curr should approximately equal previous tx_curr + tx_new - tx_ml,"actual=2317, expected=2362.0"
CRS008,2023-02-28,R11,tx_curr should approximately equal previous tx_curr + tx_new - tx_ml,"actual=2228, expected=2143.0"
NAS014,2022-12-31,R11,tx_curr should approximately equal previous tx_curr + tx_new - tx_ml,"actual=4825, expected=4632.0"
KAD007,2022-01-31,R11,tx_curr should approximately equal previous tx_curr + tx_new - tx_ml,"actual=1133, expected=1116.0"
LAG007,2024-10-31,R11,tx_curr should approximately equal previous tx_curr + tx_new - tx_ml,"actual=651, expected=414.0"
LAG002,2022-07-31,R11,tx_curr should approximately equal previous tx_curr + tx_new - tx_ml,"actual=5748, expected=5571.0"
LAG007,2024-02-01,R11,tx_curr should approximately equal previous tx_curr + tx_new - tx_ml,"actual=583, expected=652.0"
FCT014,2023-10-31,R11,tx_curr should approximately equal previous tx_curr + tx_new - tx_ml,"actual=2486, expected=2442.0"
FCT003,2023-04-30,R11,tx_curr should approximately equal previous tx_curr + tx_new - tx_ml,"actual=5809, expected=4730.0"
BEN006,2023-10-31,R11,tx_curr should approximately equal previous tx_curr + tx_new - tx_ml,"actual=342, expected=369.0"
FCT006,2022-01-31,R11,tx_curr should approximately equal previous tx_curr + tx_new - tx_ml,"actual=2349, expected=2109.0"
RIV012,2023-03-31,R11,tx_curr should approximately equal previous tx_curr + tx_new - tx_ml,"actual=938, expected=857.0"
CRS013,2023-04-30,R11,tx_curr should approximately equal previous tx_curr + tx_new - tx_ml,"actual=805, expected=891.0"
NAS006,2022-12-31,R11,tx_curr should approximately equal previous tx_curr + tx_new - tx_ml,"actual=979, expected=942.0"
BEN002,2022-05-31,R11,tx_curr should approximately equal previous tx_curr + tx_new - tx_ml,"actual=4946, expected=4498.0"
FCT013,2022-10-31,R11,tx_curr should approximately equal previous tx_curr + tx_new - tx_ml,"actual=1393, expected=1313.0"
AKS012,2023-12-31,R11,tx_curr should approximately equal previous tx_curr + tx_new - tx_ml,"actual=1063, expected=1346.0"
RIV011,2023-11-30,R11,tx_curr should approximately equal previous tx_curr + tx_new - tx_ml,"actual=896, expected=979.0"
CRS008,2022-02-28,R11,tx_curr should approximately equal previous tx_curr + tx_new - tx_ml,"actual=2407, expected=2215.0"
AKS014,2022-10-31,R11,tx_curr should approximately equal previous tx_curr + tx_new - tx_ml,"actual=601, expected=602.0"
LAG012,2023-12-31,R11,tx_curr should approximately equal previous tx_curr + tx_new - tx_ml,"actual=646, expected=664.0"
CRS007,2022-01-31,R11,tx_curr should approximately equal previous tx_curr + tx_new - tx_ml,"actual=313, expected=299.0"
TMP001,2023-09-30,R11,tx_curr should approximately equal previous tx_curr + tx_new - tx_ml,"actual=2166, expected=508.0"
CRS008,2022-11-01,R11,tx_curr should approximately equal previous tx_curr + tx_new - tx_ml,"actual=2294, expected=2377.0"
BEN011,2024-12-31,R11,tx_curr should approximately equal previous tx_curr + tx_new - tx_ml,"actual=407, expected=393.0"
FCT013,2023-02-28,R11,tx_curr should approximately equal previous tx_curr + tx_new - tx_ml,"actual=1365, expected=1395.0"
BEN004,2023-03-31,R11,tx_curr should approximately equal previous tx_curr + tx_new - tx_ml,"actual=384, expected=387.0"
FCT008,2024-07-31,R11,tx_curr should approximately equal previous tx_curr + tx_new - tx_ml,"actual=4742, expected=4740.0"
LAG002,2023-06-30,R11,tx_curr should approximately equal previous tx_curr + tx_new - tx_ml,"actual=5872, expected=5761.0"
NAS014,2023-06-30,R11,tx_curr should approximately equal previous tx_curr + tx_new - tx_ml,"actual=4854, expected=4841.0"
LAG010,2024-07-31,R11,tx_curr should approximately equal previous tx_curr + tx_new - tx_ml,"actual=984, expected=971.0"
KAD012,2023-10-31,R11,tx_curr should approximately equal previous tx_curr + tx_new - tx_ml,"actual=632, expected=638.0"
RIV008,2024-05-31,R11,tx_curr should approximately equal previous tx_curr + tx_new - tx_ml,"actual=4106, expected=3974.0"
LAG011,2023-10-31,R11,tx_curr should approximately equal previous tx_curr + tx_new - tx_ml,"actual=1659, expected=1734.0"
KAD010,2024-11-01,R11,tx_curr should approximately equal previous tx_curr + tx_new - tx_ml,"actual=968, expected=971.0"
CRS007,2024-06-01,R11,tx_curr should approximately equal previous tx_curr + tx_new - tx_ml,"actual=306, expected=309.0"
KAD001,2023-05-31,R11,tx_curr should approximately equal previous tx_curr + tx_new - tx_ml,"actual=769, expected=732.0"
RIV013,2023-09-30,R11,tx_curr should approximately equal previous tx_curr + tx_new - tx_ml,"actual=2131, expected=2165.0"
FCT001,2024-11-30,R11,tx_curr should approximately equal previous tx_curr + tx_new - tx_ml,"actual=1164, expected=1349.0"
NAS010,2024-03-31,R11,tx_curr should approximately equal previous tx_curr + tx_new - tx_ml,"actual=5352, expected=5069.0"
RIV015,2022-03-31,R11,tx_curr should approximately equal previous tx_curr + tx_new - tx_ml,"actual=2481, expected=2361.0"
LAG008,2023-09-30,R11,tx_curr should approximately equal previous tx_curr + tx_new - tx_ml,"actual=778, expected=719.0"
FCT009,2024-02-29,R11,tx_curr should approximately equal previous tx_curr + tx_new - tx_ml,"actual=473, expected=471.0"
KAD005,2022-08-31,R11,tx_curr should approximately equal previous tx_curr + tx_new - tx_ml,"actual=292, expected=361.0"
RIV003,2022-04-01,R11,tx_curr should approximately equal previous tx_curr + tx_new - tx_ml,"actual=1074, expected=1041.0"
LAG007,2024-08-31,R11,tx_curr should approximately equal previous tx_curr + tx_new - tx_ml,"actual=638, expected=590.0"
FCT006,2022-08-31,R11,tx_curr should approximately equal previous tx_curr + tx_new - tx_ml,"actual=2308, expected=2361.0"
FCT009,2022-06-30,R11,tx_curr should approximately equal previous tx_curr + tx_new - tx_ml,"actual=440, expected=477.0"
LAG015,2023-05-31,R11,tx_curr should approximately equal previous tx_curr + tx_new - tx_ml,"actual=1075, expected=1079.0"
RIV014,2023-03-31,R11,tx_curr should approximately equal previous tx_curr + tx_new - tx_ml,"actual=628, expected=614.0"
BEN014,2022-01-31,R11,tx_curr should approximately equal previous tx_curr + tx_new - tx_ml,"actual=908, expected=797.0"
AKS004,2023-12-31,R11,tx_curr should approximately equal previous tx_curr + tx_new - tx_ml,"actual=954, expected=966.0"
CRS005,2024-10-01,R11,tx_curr should approximately equal previous tx_curr + tx_new - tx_ml,"actual=4078, expected=4073.0"
AKS003,2022-06-30,R11,tx_curr should approximately equal previous tx_curr + tx_new - tx_ml,"actual=166, expected=382.0"
KAD006,2023-11-30,R11,tx_curr should approximately equal previous tx_curr + tx_new - tx_ml,"actual=1677, expected=1622.0"
NAS003,2023-04-30,R11,tx_curr should approximately equal previous tx_curr + tx_new - tx_ml,"actual=1671, expected=1651.0"
RIV006,2022-05-01,R11,tx_curr should approximately equal previous tx_curr + tx_new - tx_ml,"actual=2335, expected=2301.0"
BEN007,2023-11-30,R11,tx_curr should approximately equal previous tx_curr + tx_new - tx_ml,"actual=1980, expected=1843.0"
CRS011,2024-06-30,R11,tx_curr should approximately equal previous tx_curr + tx_new - tx_ml,"actual=498, expected=472.0"
LAG007,2023-08-01,R11,tx_curr should approximately equal previous tx_curr + tx_new - tx_ml,"actual=530, expected=656.0"
FCT005,2023-06-30,R11,tx_curr should approximately equal previous tx_curr + tx_new - tx_ml,"actual=527, expected=584.0"
CRS012,2022-06-30,R11,tx_curr should approximately equal previous tx_curr + tx_new - tx_ml,"actual=824, expected=845.0"
NAS005,2023-09-30,R11,tx_curr should approximately equal previous tx_curr + tx_new - tx_ml,"actual=564, expected=385.0"
BEN009,2022-09-30,R11,tx_curr should approximately equal previous tx_curr + tx_new - tx_ml,"actual=473, expected=433.0"
LAG007,2023-12-31,R11,tx_curr should approximately equal previous tx_curr + tx_new - tx_ml,"actual=579, expected=527.0"
BEN007,2024-04-30,R11,tx_curr should approximately equal previous tx_curr + tx_new - tx_ml,"actual=1852, expected=1953.0"
FCT012,2022-09-30,R11,tx_curr should approximately equal previous tx_curr + tx_new - tx_ml,"actual=2718, expected=2851.0"
AKS014,2023-08-31,R11,tx_curr should approximately equal previous tx_curr + tx_new - tx_ml,"actual=612, expected=596.0"
NAS003,2024-12-31,R11,tx_curr should approximately equal previous tx_curr + tx_new - tx_ml,"actual=1406, expected=1658.0"
CRS006,2023-10-31,R11,tx_curr should approximately equal previous tx_curr + tx_new - tx_ml,"actual=1357, expected=1285.0"
NAS999,2023-04-30,R11,tx_curr should approximately equal previous tx_curr + tx_new - tx_ml,"actual=312, expected=881.0"
LAG009,2022-05-31,R11,tx_curr should approximately equal previous tx_curr + tx_new - tx_ml,"actual=2786, expected=2281.0"
NAS999,2022-10-31,R11,tx_curr should approximately equal previous tx_curr + tx_new - tx_ml,"actual=1773, expected=314.0"
CRS010,2022-11-30,R11,tx_curr should approximately equal previous tx_curr + tx_new - tx_ml,"actual=406, expected=429.0"
CRS012,2023-05-31,R11,tx_curr should approximately equal previous tx_curr + tx_new - tx_ml,"actual=797, expected=821.0"
FCT006,2024-06-30,R11,tx_curr should approximately equal previous tx_curr + tx_new - tx_ml,"actual=2141, expected=2295.0"
BEN015,2024-01-31,R11,tx_curr should approximately equal previous tx_curr + tx_new - tx_ml,"actual=742, expected=771.0"
BEN002,2022-03-31,R11,tx_curr should approximately equal previous tx_curr + tx_new - tx_ml,"actual=4983, expected=4904.0"
NAS015,2023-09-30,R11,tx_curr should approximately equal previous tx_curr + tx_new - tx_ml,"actual=3213, expected=3170.0"
LAG010,2022-04-30,R11,tx_curr should approximately equal previous tx_curr + tx_new - tx_ml,"actual=902, expected=990.0"
KAD008,2022-11-01,R11,tx_curr should approximately equal previous tx_curr + tx_new - tx_ml,"actual=1225, expected=1208.0"
CRS010,2024-01-31,R11,tx_curr should approximately equal previous tx_curr + tx_new - tx_ml,"actual=364, expected=399.0"
CRS011,2022-06-30,R11,tx_curr should approximately equal previous tx_curr + tx_new - tx_ml,"actual=450, expected=499.0"
FCT007,2022-05-31,R11,tx_curr should approximately equal previous tx_curr + tx_new - tx_ml,"actual=4515, expected=4473.0"
NAS007,2023-05-31,R11,tx_curr should approximately equal previous tx_curr + tx_new - tx_ml,"actual=2271, expected=2398.0"
BEN008,2023-03-01,R11,tx_curr should approximately equal previous tx_curr + tx_new - tx_ml,"actual=6163, expected=6244.0"
AKS009,2024-09-30,R11,tx_curr should approximately equal previous tx_curr + tx_new - tx_ml,"actual=233, expected=225.0"
LAG001,2022-04-30,R11,tx_curr should approximately equal previous tx_curr + tx_new - tx_ml,"actual=199, expected=356.0"
NAS003,2024-01-31,R11,tx_curr should approximately equal previous tx_curr + tx_new - tx_ml,"actual=1561, expected=1383.0"
KAD007,2024-10-31,R11,tx_curr should approximately equal previous tx_curr + tx_new - tx_ml,"actual=1132, expected=1142.0"
FCT002,2024-04-30,R11,tx_curr should approximately equal previous tx_curr + tx_new - tx_ml,"actual=573, expected=613.0"
LAG002,2023-10-01,R11,tx_curr should approximately equal previous tx_curr + tx_new - tx_ml,"actual=5819, expected=5864.0"
LAG010,2022-03-31,R11,tx_curr should approximately equal previous tx_curr + tx_new - tx_ml,"actual=896, expected=898.0"
AKS008,2022-09-30,R11,tx_curr should approximately equal previous tx_curr + tx_new - tx_ml,"actual=84, expected=93.0"
CRS014,2023-09-30,R11,tx_curr should approximately equal previous tx_curr + tx_new - tx_ml,"actual=154, expected=149.0"
RIV005,2022-06-30,R11,tx_curr should approximately equal previous tx_curr + tx_new - tx_ml,"actual=1501, expected=1303.0"
RIV011,2022-02-28,R11,tx_curr should approximately equal previous tx_curr + tx_new - tx_ml,"actual=873, expected=899.0"
FCT005,2022-07-31,R11,tx_curr should approximately equal previous tx_curr + tx_new - tx_ml,"actual=501, expected=532.0"
LAG012,2023-03-01,R11,tx_curr should approximately equal previous tx_curr + tx_new - tx_ml,"actual=634, expected=649.0"
KAD006,2023-05-31,R11,tx_curr should approximately equal previous tx_curr + tx_new - tx_ml,"actual=1618, expected=1667.0"
LAG009,2023-02-01,R11,tx_curr should approximately equal previous tx_curr + tx_new - tx_ml,"actual=2597, expected=2769.0"
LAG006,2024-09-30,R11,tx_curr should approximately equal previous tx_curr + tx_new - tx_ml,"actual=4486, expected=5347.0"
BEN014,2024-06-30,R11,tx_curr should approximately equal previous tx_curr + tx_new - tx_ml,"actual=751, expected=898.0"
AKS009,2024-08-31,R11,tx_curr should approximately equal previous tx_curr + tx_new - tx_ml,"actual=230, expected=231.0"
RIV004,2022-06-30,R11,tx_curr should approximately equal previous tx_curr + tx_new - tx_ml,"actual=874, expected=858.0"
CRS013,2022-05-31,R11,tx_curr should approximately equal previous tx_curr + tx_new - tx_ml,"actual=895, expected=802.0"
RIV001,2023-07-31,R11,tx_curr should approximately equal previous tx_curr + tx_new - tx_ml,"actual=961, expected=872.0"
FCT001,2024-08-31,R11,tx_curr should approximately equal previous tx_curr + tx_new - tx_ml,"actual=1162, expected=1148.0"
AKS004,2022-05-31,R11,tx_curr should approximately equal previous tx_curr + tx_new - tx_ml,"actual=990, expected=947.0"
RIV006,2022-04-30,R11,tx_curr should approximately equal previous tx_curr + tx_new - tx_ml,"actual=2305, expected=2369.0"
NAS002,2024-09-30,R11,tx_curr should approximately equal previous tx_curr + tx_new - tx_ml,"actual=289, expected=307.0"
KAD006,2022-08-31,R11,tx_curr should approximately equal previous tx_curr + tx_new - tx_ml,"actual=1588, expected=1635.0"
NAS009,2024-06-30,R11,tx_curr should approximately equal previous tx_curr + tx_new - tx_ml,"actual=482, expected=483.0"
BEN010,2024-10-31,R11,tx_curr should approximately equal previous tx_curr + tx_new - tx_ml,"actual=703, expected=710.0"
CRS013,2023-09-01,R11,tx_curr should approximately equal previous tx_curr + tx_new - tx_ml,"actual=784, expected=889.0"
CRS004,2024-07-31,R11,tx_curr should approximately equal previous tx_curr + tx_new - tx_ml,"actual=456, expected=457.0"
BEN011,2023-11-30,R11,tx_curr should approximately equal previous tx_curr + tx_new - tx_ml,"actual=358, expected=409.0"
XXX999,2022-09-30,R11,tx_curr should approximately equal previous tx_curr + tx_new - tx_ml,"actual=657, expected=6329.0"
BEN010,2023-04-30,R11,tx_curr should approximately equal previous tx_curr + tx_new - tx_ml,"actual=757, expected=698.0"
RIV009,2023-07-31,R11,tx_curr should approximately equal previous tx_curr + tx_new - tx_ml,"actual=798, expected=843.0"
AKS006,2023-02-01,R11,tx_curr should approximately equal previous tx_curr + tx_new - tx_ml,"actual=331, expected=405.0"
BEN011,2024-05-31,R11,tx_curr should approximately equal previous tx_curr + tx_new - tx_ml,"actual=384, expected=359.0"
FCT013,2024-10-31,R11,tx_curr should approximately equal previous tx_curr + tx_new - tx_ml,"actual=1250, expected=1356.0"
RIV012,2022-11-30,R11,tx_curr should approximately equal previous tx_curr + tx_new - tx_ml,"actual=907, expected=944.0"
LAG012,2022-10-31,R11,tx_curr should approximately equal previous tx_curr + tx_new - tx_ml,"actual=628, expected=638.0"
FCT011,2024-12-31,R11,tx_curr should approximately equal previous tx_curr + tx_new - tx_ml,"actual=1947, expected=2090.0"
LAG001,2023-02-28,R11,tx_curr should approximately equal previous tx_curr + tx_new - tx_ml,"actual=263, expected=202.0"
AKS004,2022-10-31,R11,tx_curr should approximately equal previous tx_curr + tx_new - tx_ml,"actual=978, expected=979.0"
RIV003,2024-10-31,R11,tx_curr should approximately equal previous tx_curr + tx_new - tx_ml,"actual=1090, expected=1069.0"
LAG008,2022-03-31,R11,tx_curr should approximately equal previous tx_curr + tx_new - tx_ml,"actual=880, expected=762.0"
AKS001,2022-04-30,R11,tx_curr should approximately equal previous tx_curr + tx_new - tx_ml,"actual=309, expected=311.0"
TMP001,2022-03-31,R11,tx_curr should approximately equal previous tx_curr + tx_new - tx_ml,"actual=143, expected=2179.0"
LAG004,2024-08-31,R11,tx_curr should approximately equal previous tx_curr + tx_new - tx_ml,"actual=612, expected=633.0"
AKS013,2024-12-31,R11,tx_curr should approximately equal previous tx_curr + tx_new - tx_ml,"actual=729, expected=570.0"
CRS005,2023-05-31,R11,tx_curr should approximately equal previous tx_curr + tx_new - tx_ml,"actual=4228, expected=4036.0"
AKS001,2022-06-30,R11,tx_curr should approximately equal previous tx_curr + tx_new - tx_ml,"actual=314, expected=311.0"
BEN005,2024-03-31,R11,tx_curr should approximately equal previous tx_curr + tx_new - tx_ml,"actual=546, expected=565.0"
RIV011,2023-08-01,R11,tx_curr should approximately equal previous tx_curr + tx_new - tx_ml,"actual=881, expected=873.0"
FCT013,2022-08-31,R11,tx_curr should approximately equal previous tx_curr + tx_new - tx_ml,"actual=1405, expected=1233.0"
AKS007,2023-01-31,R11,tx_curr should approximately equal previous tx_curr + tx_new - tx_ml,"actual=6276, expected=6479.0"
RIV015,2023-08-31,R11,tx_curr should approximately equal previous tx_curr + tx_new - tx_ml,"actual=2356, expected=2481.0"
FCT013,2022-03-31,R11,tx_curr should approximately equal previous tx_curr + tx_new - tx_ml,"actual=1409, expected=1393.0"
AKS007,2024-03-31,R11,tx_curr should approximately equal previous tx_curr + tx_new - tx_ml,"actual=5450, expected=6242.0"
CRS011,2023-04-30,R11,tx_curr should approximately equal previous tx_curr + tx_new - tx_ml,"actual=471, expected=456.0"
BEN003,2022-09-30,R11,tx_curr should approximately equal previous tx_curr + tx_new - tx_ml,"actual=2521, expected=2455.0"
CRS013,2024-02-29,R11,tx_curr should approximately equal previous tx_curr + tx_new - tx_ml,"actual=761, expected=784.0"
NAS007,2022-05-31,R11,tx_curr should approximately equal previous tx_curr + tx_new - tx_ml,"actual=2618, expected=2225.0"
CRS009,2023-05-31,R11,tx_curr should approximately equal previous tx_curr + tx_new - tx_ml,"actual=830, expected=744.0"
KAD006,2023-03-31,R11,tx_curr should approximately equal previous tx_curr + tx_new - tx_ml,"actual=1620, expected=1597.0"
CRS006,2022-09-30,R11,tx_curr should approximately equal previous tx_curr + tx_new - tx_ml,"actual=1287, expected=1364.0"
FCT012,2022-12-31,R11,tx_curr should approximately equal previous tx_curr + tx_new - tx_ml,"actual=2734, expected=2731.0"
FCT015,2022-12-31,R11,tx_curr should approximately equal previous tx_curr + tx_new - tx_ml,"actual=827, expected=788.0"
BEN013,2023-07-31,R11,tx_curr should approximately equal previous tx_curr + tx_new - tx_ml,"actual=580, expected=554.0"
NAS014,2024-02-29,R11,tx_curr should approximately equal previous tx_curr + tx_new - tx_ml,"actual=4974, expected=4880.0"
FCT005,2024-01-31,R11,tx_curr should approximately equal previous tx_curr + tx_new - tx_ml,"actual=536, expected=502.0"
KAD001,2023-02-28,R11,tx_curr should approximately equal previous tx_curr + tx_new - tx_ml,"actual=766, expected=765.0"
CRS013,2023-06-30,R11,tx_curr should approximately equal previous tx_curr + tx_new - tx_ml,"actual=797, expected=756.0"
NAS008,2023-11-30,R11,tx_curr should approximately equal previous tx_curr + tx_new - tx_ml,"actual=802, expected=822.0"
CRS006,2024-12-31,R11,tx_curr should approximately equal previous tx_curr + tx_new - tx_ml,"actual=1446, expected=1301.0"
LAG011,2023-02-28,R11,tx_curr should approximately equal previous tx_curr + tx_new - tx_ml,"actual=1727, expected=1657.0"
CRS014,2023-04-01,R11,tx_curr should approximately equal previous tx_curr + tx_new - tx_ml,"actual=137, expected=156.0"
FCT006,2024-03-01,R11,tx_curr should approximately equal previous tx_curr + tx_new - tx_ml,"actual=2166, expected=2158.0"
LAG010,2024-12-31,R11,tx_curr should approximately equal previous tx_curr + tx_new - tx_ml,"actual=1015, expected=904.0"
LAG005,2022-02-28,R11,tx_curr should approximately equal previous tx_curr + tx_new - tx_ml,"actual=1460, expected=1597.0"
CRS005,2023-03-31,R11,tx_curr should approximately equal previous tx_curr + tx_new - tx_ml,"actual=4321, expected=4209.0"
BEN007,2023-02-28,R11,tx_curr should approximately equal previous tx_curr + tx_new - tx_ml,"actual=2138, expected=1847.0"
KAD002,2022-08-31,R11,tx_curr should approximately equal previous tx_curr + tx_new - tx_ml,"actual=4360, expected=3583.0"
BEN013,2024-10-31,R11,tx_curr should approximately equal previous tx_curr + tx_new - tx_ml,"actual=849, expected=598.0"
NAS010,2023-09-30,R11,tx_curr should approximately equal previous tx_curr + tx_new - tx_ml,"actual=5206, expected=5441.0"
FCT009,2024-05-31,R11,tx_curr should approximately equal previous tx_curr + tx_new - tx_ml,"actual=478, expected=442.0"
KAD003,2024-04-30,R11,tx_curr should approximately equal previous tx_curr + tx_new - tx_ml,"actual=2830, expected=3115.0"
NAS001,2024-12-31,R11,tx_curr should approximately equal previous tx_curr + tx_new - tx_ml,"actual=376, expected=409.0"
RIV003,2022-11-01,R11,tx_curr should approximately equal previous tx_curr + tx_new - tx_ml,"actual=1047, expected=1087.0"
CRS012,2024-08-31,R11,tx_curr should approximately equal previous tx_curr + tx_new - tx_ml,"actual=765, expected=798.0"
BEN012,2023-10-31,R11,tx_curr should approximately equal previous tx_curr + tx_new - tx_ml,"actual=455, expected=462.0"
AKS004,2022-03-31,R11,tx_curr should approximately equal previous tx_curr + tx_new - tx_ml,"actual=1005, expected=971.0"
FCT004,2022-12-31,R11,tx_curr should approximately equal previous tx_curr + tx_new - tx_ml,"actual=1304, expected=1262.0"
CRS010,2024-06-30,R11,tx_curr should approximately equal previous tx_curr + tx_new - tx_ml,"actual=343, expected=358.0"
BEN003,2023-06-30,R11,tx_curr should approximately equal previous tx_curr + tx_new - tx_ml,"actual=2462, expected=2505.0"
NAS004,2023-03-31,R11,tx_curr should approximately equal previous tx_curr + tx_new - tx_ml,"actual=473, expected=535.0"
AKS007,2023-05-31,R11,tx_curr should approximately equal previous tx_curr + tx_new - tx_ml,"actual=6055, expected=5357.0"
AKS002,2024-07-31,R11,tx_curr should approximately equal previous tx_curr + tx_new - tx_ml,"actual=543, expected=608.0"
NAS006,2022-09-30,R11,tx_curr should approximately equal previous tx_curr + tx_new - tx_ml,"actual=1003, expected=973.0"
BEN015,2023-12-31,R11,tx_curr should approximately equal previous tx_curr + tx_new - tx_ml,"actual=746, expected=736.0"
CRS002,2023-03-31,R11,tx_curr should approximately equal previous tx_curr + tx_new - tx_ml,"actual=203, expected=158.0"
FCT002,2022-01-01,R11,tx_curr should approximately equal previous tx_curr + tx_new - tx_ml,"actual=658, expected=567.0"
AKS015,2024-09-30,R11,tx_curr should approximately equal previous tx_curr + tx_new - tx_ml,"actual=2429, expected=2424.0"
KAD005,2023-08-31,R11,tx_curr should approximately equal previous tx_curr + tx_new - tx_ml,"actual=343, expected=304.0"
AKS004,2023-06-30,R11,tx_curr should approximately equal previous tx_curr + tx_new - tx_ml,"actual=965, expected=1012.0"
LAG015,2023-02-28,R11,tx_curr should approximately equal previous tx_curr + tx_new - tx_ml,"actual=1084, expected=1069.0"
BEN005,2024-11-30,R11,tx_curr should approximately equal previous tx_curr + tx_new - tx_ml,"actual=587, expected=554.0"
NAS005,2023-07-31,R11,tx_curr should approximately equal previous tx_curr + tx_new - tx_ml,"actual=508, expected=590.0"
LAG011,2022-01-31,R11,tx_curr should approximately equal previous tx_curr + tx_new - tx_ml,"actual=1865, expected=1704.0"
CRS013,2023-01-31,R11,tx_curr should approximately equal previous tx_curr + tx_new - tx_ml,"actual=833, expected=789.0"
LAG013,2024-04-30,R11,tx_curr should approximately equal previous tx_curr + tx_new - tx_ml,"actual=6197, expected=6195.0"
AKS014,2023-05-01,R11,tx_curr should approximately equal previous tx_curr + tx_new - tx_ml,"actual=601, expected=614.0"
LAG002,2022-03-31,R11,tx_curr should approximately equal previous tx_curr + tx_new - tx_ml,"actual=5467, expected=5769.0"
BEN004,2024-04-30,R11,tx_curr should approximately equal previous tx_curr + tx_new - tx_ml,"actual=405, expected=384.0"
KAD011,2024-10-31,R11,tx_curr should approximately equal previous tx_curr + tx_new - tx_ml,"actual=589, expected=548.0"
CRS010,2023-01-31,R11,tx_curr should approximately equal previous tx_curr + tx_new - tx_ml,"actual=402, expected=340.0"
NAS006,2022-04-30,R11,tx_curr should approximately equal previous tx_curr + tx_new - tx_ml,"actual=1032, expected=994.0"
CRS011,2024-09-30,R11,tx_curr should approximately equal previous tx_curr + tx_new - tx_ml,"actual=503, expected=473.0"
NAS002,2022-01-31,R11,tx_curr should approximately equal previous tx_curr + tx_new - tx_ml,"actual=318, expected=286.0"
LAG005,2023-03-31,R11,tx_curr should approximately equal previous tx_curr + tx_new - tx_ml,"actual=1592, expected=1465.0"
FCT008,2022-03-31,R11,tx_curr should approximately equal previous tx_curr + tx_new - tx_ml,"actual=5476, expected=4690.0"
KAD003,2024-06-30,R11,tx_curr should approximately equal previous tx_curr + tx_new - tx_ml,"actual=2898, expected=2873.0"
RIV011,2023-07-01,R11,tx_curr should approximately equal previous tx_curr + tx_new - tx_ml,"actual=881, expected=880.0"
LAG001,2024-07-31,R11,tx_curr should approximately equal previous tx_curr + tx_new - tx_ml,"actual=402, expected=272.0"
RIV014,2023-07-31,R11,tx_curr should approximately equal previous tx_curr + tx_new - tx_ml,"actual=639, expected=636.0"
RIV014,2023-11-30,R11,tx_curr should approximately equal previous tx_curr + tx_new - tx_ml,"actual=669, expected=646.0"
BEN008,2022-08-31,R11,tx_curr should approximately equal previous tx_curr + tx_new - tx_ml,"actual=6221, expected=6160.0"
NAS999,2024-11-30,R11,tx_curr should approximately equal previous tx_curr + tx_new - tx_ml,"actual=2126, expected=1754.0"
KAD001,2023-06-30,R11,tx_curr should approximately equal previous tx_curr + tx_new - tx_ml,"actual=768, expected=765.0"
NAS015,2022-02-28,R11,tx_curr should approximately equal previous tx_curr + tx_new - tx_ml,"actual=3113, expected=3224.0"
CRS002,2023-07-31,R11,tx_curr should approximately equal previous tx_curr + tx_new - tx_ml,"actual=224, expected=209.0"
AKS001,2024-04-30,R11,tx_curr should approximately equal previous tx_curr + tx_new - tx_ml,"actual=321, expected=313.0"
AKS014,2022-06-30,R11,tx_curr should approximately equal previous tx_curr + tx_new - tx_ml,"actual=602, expected=604.0"
AKS015,2023-10-31,R11,tx_curr should approximately equal previous tx_curr + tx_new - tx_ml,"actual=2452, expected=2428.0"
RIV006,2022-06-30,R11,tx_curr should approximately equal previous tx_curr + tx_new - tx_ml,"actual=2381, expected=2351.0"
AKS002,2023-08-31,R11,tx_curr should approximately equal previous tx_curr + tx_new - tx_ml,"actual=609, expected=537.0"
RIV003,2024-03-31,R11,tx_curr should approximately equal previous tx_curr + tx_new - tx_ml,"actual=1057, expected=1038.0"
AKS009,2023-03-31,R11,tx_curr should approximately equal previous tx_curr + tx_new - tx_ml,"actual=227, expected=231.0"
KAD005,2024-07-01,R11,tx_curr should approximately equal previous tx_curr + tx_new - tx_ml,"actual=386, expected=350.0"
BEN006,2023-09-30,R11,tx_curr should approximately equal previous tx_curr + tx_new - tx_ml,"actual=342, expected=347.0"
LAG008,2023-11-30,R11,tx_curr should approximately equal previous tx_curr + tx_new - tx_ml,"actual=762, expected=873.0"
RIV003,2023-01-31,R11,tx_curr should approximately equal previous tx_curr + tx_new - tx_ml,"actual=1033, expected=1053.0"
LAG013,2022-08-31,R11,tx_curr should approximately equal previous tx_curr + tx_new - tx_ml,"actual=6028, expected=6168.0"
BEN006,2024-01-31,R11,tx_curr should approximately equal previous tx_curr + tx_new - tx_ml,"actual=343, expected=341.0"
KAD005,2022-12-01,R11,tx_curr should approximately equal previous tx_curr + tx_new - tx_ml,"actual=301, expected=387.0"
RIV015,2022-06-30,R11,tx_curr should approximately equal previous tx_curr + tx_new - tx_ml,"actual=2408, expected=2335.0"
AKS010,2023-01-01,R11,tx_curr should approximately equal previous tx_curr + tx_new - tx_ml,"actual=1732, expected=1622.0"
AKS002,2022-12-31,R11,tx_curr should approximately equal previous tx_curr + tx_new - tx_ml,"actual=637, expected=600.0"
AKS003,2024-11-30,R11,tx_curr should approximately equal previous tx_curr + tx_new - tx_ml,"actual=492, expected=172.0"
RIV015,2024-12-31,R11,tx_curr should approximately equal previous tx_curr + tx_new - tx_ml,"actual=21820, expected=2427.0"
FCT004,2023-11-30,R11,tx_curr should approximately equal previous tx_curr + tx_new - tx_ml,"actual=1281, expected=1291.0"
FCT003,2024-10-31,R11,tx_curr should approximately equal previous tx_curr + tx_new - tx_ml,"actual=4894, expected=5780.0"
NAS001,2022-09-30,R11,tx_curr should approximately equal previous tx_curr + tx_new - tx_ml,"actual=475, expected=370.0"
FCT004,2024-09-30,R11,tx_curr should approximately equal previous tx_curr + tx_new - tx_ml,"actual=1245, expected=1286.0"
KAD005,2022-02-28,R11,tx_curr should approximately equal previous tx_curr + tx_new - tx_ml,"actual=269, expected=305.0"
KAD013,2023-08-31,R11,tx_curr should approximately equal previous tx_curr + tx_new - tx_ml,"actual=2549, expected=3245.0"
LAG007,2022-05-31,R11,tx_curr should approximately equal previous tx_curr + tx_new - tx_ml,"actual=419, expected=586.0"
LAG004,2024-06-30,R11,tx_curr should approximately equal previous tx_curr + tx_new - tx_ml,"actual=615, expected=611.0"
BEN001,2023-10-01,R11,tx_curr should approximately equal previous tx_curr + tx_new - tx_ml,"actual=1829, expected=2040.0"
LAG010,2024-05-31,R11,tx_curr should approximately equal previous tx_curr + tx_new - tx_ml,"actual=965, expected=1023.0"
CRS011,2022-01-31,R11,tx_curr should approximately equal previous tx_curr + tx_new - tx_ml,"actual=459, expected=505.0"
KAD012,2024-05-31,R11,tx_curr should approximately equal previous tx_curr + tx_new - tx_ml,"actual=633, expected=637.0"
FCT007,2023-10-01,R11,tx_curr should approximately equal previous tx_curr + tx_new - tx_ml,"actual=4318, expected=4180.0"
AKS015,2023-08-31,R11,tx_curr should approximately equal previous tx_curr + tx_new - tx_ml,"actual=2465, expected=2470.0"
FCT004,2023-05-01,R11,tx_curr should approximately equal previous tx_curr + tx_new - tx_ml,"actual=1310, expected=1254.0"
FCT015,2024-09-30,R11,tx_curr should approximately equal previous tx_curr + tx_new - tx_ml,"actual=745, expected=819.0"
BEN010,2024-05-31,R11,tx_curr should approximately equal previous tx_curr + tx_new - tx_ml,"actual=710, expected=757.0"
FCT012,2024-06-30,R11,tx_curr should approximately equal previous tx_curr + tx_new - tx_ml,"actual=2930, expected=2797.0"
RIV004,2024-10-31,R11,tx_curr should approximately equal previous tx_curr + tx_new - tx_ml,"actual=861, expected=880.0"
RIV002,2024-04-30,R11,tx_curr should approximately equal previous tx_curr + tx_new - tx_ml,"actual=4264, expected=4637.0"
BEN012,2023-06-30,R11,tx_curr should approximately equal previous tx_curr + tx_new - tx_ml,"actual=459, expected=457.0"
CRS014,2023-03-31,R11,tx_curr should approximately equal previous tx_curr + tx_new - tx_ml,"actual=135, expected=144.0"
NAS014,2024-05-31,R11,tx_curr should approximately equal previous tx_curr + tx_new - tx_ml,"actual=5068, expected=4991.0"
KAD012,2024-10-31,R11,tx_curr should approximately equal previous tx_curr + tx_new - tx_ml,"actual=637, expected=629.0"
LAG099,2023-08-31,R11,tx_curr should approximately equal previous tx_curr + tx_new - tx_ml,"actual=1619, expected=1153.0"
AKS002,2024-01-31,R11,tx_curr should approximately equal previous tx_curr + tx_new - tx_ml,"actual=582, expected=633.0"
RIV004,2023-12-01,R11,tx_curr should approximately equal previous tx_curr + tx_new - tx_ml,"actual=840, expected=850.0"
AKS003,2023-09-30,R11,tx_curr should approximately equal previous tx_curr + tx_new - tx_ml,"actual=353, expected=511.0"
RIV004,2023-07-31,R11,tx_curr should approximately equal previous tx_curr + tx_new - tx_ml,"actual=854, expected=845.0"
CRS010,2023-05-31,R11,tx_curr should approximately equal previous tx_curr + tx_new - tx_ml,"actual=389, expected=401.0"
LAG099,2023-08-31,R11,tx_curr should approximately equal previous tx_curr + tx_new - tx_ml,"actual=779, expected=1615.0"
AKS008,2024-05-31,R11,tx_curr should approximately equal previous tx_curr + tx_new - tx_ml,"actual=88, expected=85.0"
LAG003,2024-08-31,R11,tx_curr should approximately equal previous tx_curr + tx_new - tx_ml,"actual=6865, expected=6039.0"
CRS011,2022-11-30,R11,tx_curr should approximately equal previous tx_curr + tx_new - tx_ml,"actual=459, expected=466.0"
AKS010,2024-12-01,R11,tx_curr should approximately equal previous tx_curr + tx_new - tx_ml,"actual=1559, expected=1711.0"
RIV010,2024-12-31,R11,tx_curr should approximately equal previous tx_curr + tx_new - tx_ml,"actual=2797, expected=3126.0"
NAS015,2022-10-31,R11,tx_curr should approximately equal previous tx_curr + tx_new - tx_ml,"actual=3151, expected=3134.0"
LAG011,2023-07-31,R11,tx_curr should approximately equal previous tx_curr + tx_new - tx_ml,"actual=1678, expected=1864.0"
CRS012,2024-06-30,R11,tx_curr should approximately equal previous tx_curr + tx_new - tx_ml,"actual=766, expected=763.0"
XXX999,2023-08-31,R11,tx_curr should approximately equal previous tx_curr + tx_new - tx_ml,"actual=1668, expected=666.0"
CRS001,2023-10-31,R11,tx_curr should approximately equal previous tx_curr + tx_new - tx_ml,"actual=691, expected=685.0"
RIV007,2022-05-31,R11,tx_curr should approximately equal previous tx_curr + tx_new - tx_ml,"actual=713, expected=666.0"
FCT001,2022-03-31,R11,tx_curr should approximately equal previous tx_curr + tx_new - tx_ml,"actual=1373, expected=1173.0"
LAG009,2022-03-31,R11,tx_curr should approximately equal previous tx_curr + tx_new - tx_ml,"actual=2862, expected=2576.0"
AKS002,2022-07-31,R11,tx_curr should approximately equal previous tx_curr + tx_new - tx_ml,"actual=674, expected=583.0"
FCT001,2023-06-30,R11,tx_curr should approximately equal previous tx_curr + tx_new - tx_ml,"actual=1270, expected=1381.0"
AKS006,2024-01-31,R11,tx_curr should approximately equal previous tx_curr + tx_new - tx_ml,"actual=430, expected=342.0"
BEN012,2022-02-28,R11,tx_curr should approximately equal previous tx_curr + tx_new - tx_ml,"actual=488, expected=456.0"
FCT013,2022-06-30,R11,tx_curr should approximately equal previous tx_curr + tx_new - tx_ml,"actual=1416, expected=1411.0"
AKS002,2024-09-30,R11,tx_curr should approximately equal previous tx_curr + tx_new - tx_ml,"actual=532, expected=670.0"
CRS011,2023-08-31,R11,tx_curr should approximately equal previous tx_curr + tx_new - tx_ml,"actual=481, expected=457.0"
LAG008,2022-08-31,R11,tx_curr should approximately equal previous tx_curr + tx_new - tx_ml,"actual=859, expected=762.0"
CRS010,2024-02-29,R11,tx_curr should approximately equal previous tx_curr + tx_new - tx_ml,"actual=360, expected=385.0"
KAD004,2024-05-31,R11,tx_curr should approximately equal previous tx_curr + tx_new - tx_ml,"actual=5324, expected=4936.0"
NAS004,2023-02-28,R11,tx_curr should approximately equal previous tx_curr + tx_new - tx_ml,"actual=463, expected=482.0"
CRS007,2023-12-31,R11,tx_curr should approximately equal previous tx_curr + tx_new - tx_ml,"actual=308, expected=311.0"
FCT003,2022-04-30,R11,tx_curr should approximately equal previous tx_curr + tx_new - tx_ml,"actual=6568, expected=4850.0"
AKS004,2024-06-30,R11,tx_curr should approximately equal previous tx_curr + tx_new - tx_ml,"actual=954, expected=959.0"
RIV008,2022-05-31,R11,tx_curr should approximately equal previous tx_curr + tx_new - tx_ml,"actual=3947, expected=4133.0"
LAG015,2022-09-30,R11,tx_curr should approximately equal previous tx_curr + tx_new - tx_ml,"actual=1140, expected=1091.0"
KAD014,2023-05-31,R11,tx_curr should approximately equal previous tx_curr + tx_new - tx_ml,"actual=2503, expected=2120.0"
RIV007,2022-03-31,R11,tx_curr should approximately equal previous tx_curr + tx_new - tx_ml,"actual=720, expected=703.0"
RIV001,2022-02-28,R11,tx_curr should approximately equal previous tx_curr + tx_new - tx_ml,"actual=1182, expected=953.0"
RIV014,2022-12-01,R11,tx_curr should approximately equal previous tx_curr + tx_new - tx_ml,"actual=626, expected=672.0"
CRS014,2024-07-31,R11,tx_curr should approximately equal previous tx_curr + tx_new - tx_ml,"actual=194, expected=138.0"
KAD010,2022-12-01,R11,tx_curr should approximately equal previous tx_curr + tx_new - tx_ml,"actual=958, expected=970.0"
CRS009,2024-11-30,R11,tx_curr should approximately equal previous tx_curr + tx_new - tx_ml,"actual=944, expected=827.0"
AKS005,2023-10-01,R11,tx_curr should approximately equal previous tx_curr + tx_new - tx_ml,"actual=1082, expected=1298.0"
AKS007,2024-09-30,R11,tx_curr should approximately equal previous tx_curr + tx_new - tx_ml,"actual=5123, expected=5979.0"
BEN008,2022-04-30,R11,tx_curr should approximately equal previous tx_curr + tx_new - tx_ml,"actual=6276, expected=6218.0"
NAS999,2022-06-30,R11,tx_curr should approximately equal previous tx_curr + tx_new - tx_ml,"actual=620, expected=2324.0"
AKS013,2023-03-31,R11,tx_curr should approximately equal previous tx_curr + tx_new - tx_ml,"actual=584, expected=737.0"
FCT010,2022-03-01,R11,tx_curr should approximately equal previous tx_curr + tx_new - tx_ml,"actual=264, expected=325.0"
KAD006,2024-07-31,R11,tx_curr should approximately equal previous tx_curr + tx_new - tx_ml,"actual=1725, expected=1587.0"
BEN008,2024-07-01,R11,tx_curr should approximately equal previous tx_curr + tx_new - tx_ml,"actual=6168, expected=6241.0"
KAD005,2022-06-30,R11,tx_curr should approximately equal previous tx_curr + tx_new - tx_ml,"actual=285, expected=273.0"
LAG015,2024-02-29,R11,tx_curr should approximately equal previous tx_curr + tx_new - tx_ml,"actual=1081, expected=1133.0"
BEN008,2022-02-28,R11,tx_curr should approximately equal previous tx_curr + tx_new - tx_ml,"actual=6277, expected=6114.0"
KAD005,2023-02-28,R11,tx_curr should approximately equal previous tx_curr + tx_new - tx_ml,"actual=311, expected=291.0"
KAD003,2023-06-01,R11,tx_curr should approximately equal previous tx_curr + tx_new - tx_ml,"actual=2712, expected=2934.0"
RIV007,2022-08-31,R11,tx_curr should approximately equal previous tx_curr + tx_new - tx_ml,"actual=707, expected=717.0"
AKS013,2022-03-31,R11,tx_curr should approximately equal previous tx_curr + tx_new - tx_ml,"actual=505, expected=594.0"
RIV002,2022-02-28,R11,tx_curr should approximately equal previous tx_curr + tx_new - tx_ml,"actual=4964, expected=4232.0"
KAD006,2024-01-31,R11,tx_curr should approximately equal previous tx_curr + tx_new - tx_ml,"actual=1651, expected=1718.0"
NAS001,2023-04-30,R11,tx_curr should approximately equal previous tx_curr + tx_new - tx_ml,"actual=450, expected=471.0"
CRS002,2022-10-31,R11,tx_curr should approximately equal previous tx_curr + tx_new - tx_ml,"actual=183, expected=225.0"
KAD008,2023-07-31,R11,tx_curr should approximately equal previous tx_curr + tx_new - tx_ml,"actual=1200, expected=1231.0"
KAD004,2022-11-30,R11,tx_curr should approximately equal previous tx_curr + tx_new - tx_ml,"actual=4222, expected=5406.0"
NAS013,2024-03-01,R11,tx_curr should approximately equal previous tx_curr + tx_new - tx_ml,"actual=1637, expected=1680.0"
FCT009,2022-05-31,R11,tx_curr should approximately equal previous tx_curr + tx_new - tx_ml,"actual=436, expected=476.0"
LAG007,2023-05-31,R11,tx_curr should approximately equal previous tx_curr + tx_new - tx_ml,"actual=484, expected=417.0"
RIV007,2022-07-31,R11,tx_curr should approximately equal previous tx_curr + tx_new - tx_ml,"actual=710, expected=706.0"
AKS011,2024-05-31,R11,tx_curr should approximately equal previous tx_curr + tx_new - tx_ml,"actual=333, expected=285.0"
AKS007,2023-08-31,R11,tx_curr should approximately equal previous tx_curr + tx_new - tx_ml,"actual=5839, expected=5073.0"
RIV015,2024-10-31,R11,tx_curr should approximately equal previous tx_curr + tx_new - tx_ml,"actual=2167, expected=21807.0"
LAG011,2022-09-30,R11,tx_curr should approximately equal previous tx_curr + tx_new - tx_ml,"actual=1796, expected=1686.0"
XXX999,2023-04-30,R11,tx_curr should approximately equal previous tx_curr + tx_new - tx_ml,"actual=84, expected=1667.0"
CRS005,2022-01-01,R11,tx_curr should approximately equal previous tx_curr + tx_new - tx_ml,"actual=4740, expected=4303.0"
RIV007,2023-03-31,R11,tx_curr should approximately equal previous tx_curr + tx_new - tx_ml,"actual=664, expected=704.0"
AKS013,2022-06-30,R11,tx_curr should approximately equal previous tx_curr + tx_new - tx_ml,"actual=529, expected=512.0"
RIV004,2024-02-29,R11,tx_curr should approximately equal previous tx_curr + tx_new - tx_ml,"actual=836, expected=855.0"
AKS007,2024-10-31,R11,tx_curr should approximately equal previous tx_curr + tx_new - tx_ml,"actual=5047, expected=5763.0"
FCT002,2022-10-01,R11,tx_curr should approximately equal previous tx_curr + tx_new - tx_ml,"actual=620, expected=654.0"
XXX999,2024-07-31,R11,tx_curr should approximately equal previous tx_curr + tx_new - tx_ml,"actual=752, expected=85.0"
KAD013,2023-07-31,R11,tx_curr should approximately equal previous tx_curr + tx_new - tx_ml,"actual=2479, expected=2613.0"
LAG015,2023-11-30,R11,tx_curr should approximately equal previous tx_curr + tx_new - tx_ml,"actual=1086, expected=1151.0"
CRS006,2022-07-31,R11,tx_curr should approximately equal previous tx_curr + tx_new - tx_ml,"actual=1277, expected=1441.0"
LAG006,2024-04-30,R11,tx_curr should approximately equal previous tx_curr + tx_new - tx_ml,"actual=4589, expected=4481.0"
NAS009,2024-03-31,R11,tx_curr should approximately equal previous tx_curr + tx_new - tx_ml,"actual=472, expected=480.0"
RIV010,2023-05-31,R11,tx_curr should approximately equal previous tx_curr + tx_new - tx_ml,"actual=3113, expected=2793.0"
AKS013,2023-05-31,R11,tx_curr should approximately equal previous tx_curr + tx_new - tx_ml,"actual=593, expected=530.0"
BEN011,2024-10-31,R11,tx_curr should approximately equal previous tx_curr + tx_new - tx_ml,"actual=404, expected=388.0"
RIV005,2024-09-30,R11,tx_curr should approximately equal previous tx_curr + tx_new - tx_ml,"actual=1267, expected=1495.0"
NAS001,2024-03-31,R11,tx_curr should approximately equal previous tx_curr + tx_new - tx_ml,"actual=404, expected=444.0"
XXX999,2023-03-31,R11,tx_curr should approximately equal previous tx_curr + tx_new - tx_ml,"actual=630, expected=751.0"
LAG008,2024-10-31,R11,tx_curr should approximately equal previous tx_curr + tx_new - tx_ml,"actual=716, expected=855.0"
NAS009,2024-01-01,R11,tx_curr should approximately equal previous tx_curr + tx_new - tx_ml,"actual=472, expected=467.0"
KAD013,2024-01-31,R11,tx_curr should approximately equal previous tx_curr + tx_new - tx_ml,"actual=2745, expected=2557.0"
KAD013,2024-08-31,R11,tx_curr should approximately equal previous tx_curr + tx_new - tx_ml,"actual=3132, expected=2789.0"
AKS003,2022-11-30,R11,tx_curr should approximately equal previous tx_curr + tx_new - tx_ml,"actual=215, expected=357.0"
CRS009,2022-12-31,R11,tx_curr should approximately equal previous tx_curr + tx_new - tx_ml,"actual=810, expected=957.0"
NAS002,2024-03-01,R11,tx_curr should approximately equal previous tx_curr + tx_new - tx_ml,"actual=302, expected=317.0"
NAS004,2023-08-31,R11,tx_curr should approximately equal previous tx_curr + tx_new - tx_ml,"actual=496, expected=472.0"
KAD010,2024-01-31,R11,tx_curr should approximately equal previous tx_curr + tx_new - tx_ml,"actual=965, expected=958.0"
KAD012,2022-06-30,R11,tx_curr should approximately equal previous tx_curr + tx_new - tx_ml,"actual=652, expected=633.0"
BEN011,2024-01-31,R11,tx_curr should approximately equal previous tx_curr + tx_new - tx_ml,"actual=370, expected=414.0"
KAD004,2023-03-31,R11,tx_curr should approximately equal previous tx_curr + tx_new - tx_ml,"actual=4438, expected=4281.0"
LAG008,2024-02-29,R11,tx_curr should approximately equal previous tx_curr + tx_new - tx_ml,"actual=738, expected=704.0"
KAD002,2024-01-31,R11,tx_curr should approximately equal previous tx_curr + tx_new - tx_ml,"actual=3780, expected=3437.0"
LAG011,2024-01-01,R11,tx_curr should approximately equal previous tx_curr + tx_new - tx_ml,"actual=1631, expected=1778.0"
AKS014,2022-08-31,R11,tx_curr should approximately equal previous tx_curr + tx_new - tx_ml,"actual=606, expected=597.0"
AKS015,2023-02-28,R11,tx_curr should approximately equal previous tx_curr + tx_new - tx_ml,"actual=2477, expected=2476.0"
KAD005,2024-07-01,R11,tx_curr should approximately equal previous tx_curr + tx_new - tx_ml,"actual=386, expected=318.0"
AKS012,2022-09-30,R11,tx_curr should approximately equal previous tx_curr + tx_new - tx_ml,"actual=5950, expected=1098.0"
NAS010,2024-12-31,R11,tx_curr should approximately equal previous tx_curr + tx_new - tx_ml,"actual=5870, expected=5252.0"
NAS004,2024-03-31,R11,tx_curr should approximately equal previous tx_curr + tx_new - tx_ml,"actual=547, expected=502.0"
RIV005,2022-05-31,R11,tx_curr should approximately equal previous tx_curr + tx_new - tx_ml,"actual=1509, expected=1263.0"
NAS003,2023-09-30,R11,tx_curr should approximately equal previous tx_curr + tx_new - tx_ml,"actual=1598, expected=1540.0"
KAD005,2024-11-30,R11,tx_curr should approximately equal previous tx_curr + tx_new - tx_ml,"actual=415, expected=392.0"
BEN005,2023-05-01,R11,tx_curr should approximately equal previous tx_curr + tx_new - tx_ml,"actual=505, expected=597.0"
AKS002,2024-03-31,R11,tx_curr should approximately equal previous tx_curr + tx_new - tx_ml,"actual=574, expected=525.0"
CRS004,2023-01-31,R11,tx_curr should approximately equal previous tx_curr + tx_new - tx_ml,"actual=451, expected=461.0"
RIV009,2024-01-31,R11,tx_curr should approximately equal previous tx_curr + tx_new - tx_ml,"actual=775, expected=796.0"
NAS013,2024-07-01,R11,tx_curr should approximately equal previous tx_curr + tx_new - tx_ml,"actual=1661, expected=1638.0"
NAS013,2022-09-30,R11,tx_curr should approximately equal previous tx_curr + tx_new - tx_ml,"actual=1639, expected=1660.0"
BEN006,2022-07-31,R11,tx_curr should approximately equal previous tx_curr + tx_new - tx_ml,"actual=314, expected=343.0"
AKS007,2022-08-31,R11,tx_curr should approximately equal previous tx_curr + tx_new - tx_ml,"actual=6523, expected=4994.0"
FCT002,2022-02-28,R11,tx_curr should approximately equal previous tx_curr + tx_new - tx_ml,"actual=650, expected=612.0"
KAD013,2022-12-31,R11,tx_curr should approximately equal previous tx_curr + tx_new - tx_ml,"actual=2059, expected=3145.0"
AKS011,2023-02-28,R11,tx_curr should approximately equal previous tx_curr + tx_new - tx_ml,"actual=307, expected=334.0"
NAS008,2022-04-30,R11,tx_curr should approximately equal previous tx_curr + tx_new - tx_ml,"actual=974, expected=795.0"
KAD014,2024-06-30,R11,tx_curr should approximately equal previous tx_curr + tx_new - tx_ml,"actual=2180, expected=2464.0"
RIV002,2024-01-31,R11,tx_curr should approximately equal previous tx_curr + tx_new - tx_ml,"actual=4330, expected=4905.0"
NAS010,2023-05-31,R11,tx_curr should approximately equal previous tx_curr + tx_new - tx_ml,"actual=4890, expected=5927.0"
CRS003,2023-06-01,R11,tx_curr should approximately equal previous tx_curr + tx_new - tx_ml,"actual=5246, expected=5257.0"
CRS003,2022-09-30,R11,tx_curr should approximately equal previous tx_curr + tx_new - tx_ml,"actual=5463, expected=5195.0"
KAD005,2024-08-31,R11,tx_curr should approximately equal previous tx_curr + tx_new - tx_ml,"actual=402, expected=431.0"
AKS001,2022-10-31,R11,tx_curr should approximately equal previous tx_curr + tx_new - tx_ml,"actual=317, expected=320.0"
FCT010,2023-06-30,R11,tx_curr should approximately equal previous tx_curr + tx_new - tx_ml,"actual=374, expected=274.0"
LAG010,2022-05-31,R11,tx_curr should approximately equal previous tx_curr + tx_new - tx_ml,"actual=910, expected=974.0"
LAG007,2022-07-31,R11,tx_curr should approximately equal previous tx_curr + tx_new - tx_ml,"actual=440, expected=496.0"
RIV005,2024-01-31,R11,tx_curr should approximately equal previous tx_curr + tx_new - tx_ml,"actual=1321, expected=1502.0"
AKS008,2022-04-30,R11,tx_curr should approximately equal previous tx_curr + tx_new - tx_ml,"actual=83, expected=88.0"
KAD007,2023-07-01,R11,tx_curr should approximately equal previous tx_curr + tx_new - tx_ml,"actual=1132, expected=1125.0"
LAG001,2022-02-28,R11,tx_curr should approximately equal previous tx_curr + tx_new - tx_ml,"actual=184, expected=298.0"
AKS011,2024-06-01,R11,tx_curr should approximately equal previous tx_curr + tx_new - tx_ml,"actual=336, expected=310.0"
NAS003,2024-06-30,R11,tx_curr should approximately equal previous tx_curr + tx_new - tx_ml,"actual=1478, expected=1586.0"
CRS011,2024-05-31,R11,tx_curr should approximately equal previous tx_curr + tx_new - tx_ml,"actual=491, expected=486.0"
NAS999,2022-02-28,R11,tx_curr should approximately equal previous tx_curr + tx_new - tx_ml,"actual=887, expected=613.0"
KAD008,2022-09-30,R11,tx_curr should approximately equal previous tx_curr + tx_new - tx_ml,"actual=1220, expected=1201.0"
RIV011,2024-01-31,R11,tx_curr should approximately equal previous tx_curr + tx_new - tx_ml,"actual=908, expected=882.0"
KAD003,2024-08-31,R11,tx_curr should approximately equal previous tx_curr + tx_new - tx_ml,"actual=2988, expected=2742.0"
CRS015,2022-12-01,R11,tx_curr should approximately equal previous tx_curr + tx_new - tx_ml,"actual=562, expected=496.0"
FCT010,2024-05-31,R11,tx_curr should approximately equal previous tx_curr + tx_new - tx_ml,"actual=460, expected=385.0"
LAG012,2024-01-31,R11,tx_curr should approximately equal previous tx_curr + tx_new - tx_ml,"actual=646, expected=628.0"
NAS001,2024-09-30,R11,tx_curr should approximately equal previous tx_curr + tx_new - tx_ml,"actual=388, expected=400.0"
BEN005,2022-01-31,R11,tx_curr should approximately equal previous tx_curr + tx_new - tx_ml,"actual=406, expected=533.0"
KAD009,2023-11-30,R11,tx_curr should approximately equal previous tx_curr + tx_new - tx_ml,"actual=891, expected=990.0"
FCT011,2024-10-31,R11,tx_curr should approximately equal previous tx_curr + tx_new - tx_ml,"actual=1969, expected=1940.0"
NAS999,2022-07-31,R11,tx_curr should approximately equal previous tx_curr + tx_new - tx_ml,"actual=923, expected=896.0"
RIV006,2023-08-31,R11,tx_curr should approximately equal previous tx_curr + tx_new - tx_ml,"actual=2599, expected=2425.0"
AKS002,2022-05-31,R11,tx_curr should approximately equal previous tx_curr + tx_new - tx_ml,"actual=679, expected=575.0"
RIV010,2022-05-31,R11,tx_curr should approximately equal previous tx_curr + tx_new - tx_ml,"actual=3322, expected=3061.0"
KAD003,2022-12-31,R11,tx_curr should approximately equal previous tx_curr + tx_new - tx_ml,"actual=2612, expected=2955.0"
AKS015,2024-12-31,R11,tx_curr should approximately equal previous tx_curr + tx_new - tx_ml,"actual=2431, expected=2474.0"
CRS001,2023-05-31,R11,tx_curr should approximately equal previous tx_curr + tx_new - tx_ml,"actual=666, expected=697.0"
CRS005,2022-11-01,R11,tx_curr should approximately equal previous tx_curr + tx_new - tx_ml,"actual=4429, expected=4698.0"
KAD002,2023-02-28,R11,tx_curr should approximately equal previous tx_curr + tx_new - tx_ml,"actual=4149, expected=3723.0"
XXX999,2023-11-01,R11,tx_curr should approximately equal previous tx_curr + tx_new - tx_ml,"actual=5191, expected=619.0"
NAS006,2024-08-31,R11,tx_curr should approximately equal previous tx_curr + tx_new - tx_ml,"actual=923, expected=1028.0"
KAD001,2024-04-30,R11,tx_curr should approximately equal previous tx_curr + tx_new - tx_ml,"actual=749, expected=761.0"
BEN009,2022-08-31,R11,tx_curr should approximately equal previous tx_curr + tx_new - tx_ml,"actual=470, expected=465.0"
BEN002,2024-06-30,R11,tx_curr should approximately equal previous tx_curr + tx_new - tx_ml,"actual=4400, expected=5010.0"
RIV014,2023-12-31,R11,tx_curr should approximately equal previous tx_curr + tx_new - tx_ml,"actual=665, expected=622.0"
AKS011,2023-01-31,R11,tx_curr should approximately equal previous tx_curr + tx_new - tx_ml,"actual=302, expected=334.0"
RIV004,2023-08-31,R11,tx_curr should approximately equal previous tx_curr + tx_new - tx_ml,"actual=853, expected=835.0"
CRS007,2024-07-31,R11,tx_curr should approximately equal previous tx_curr + tx_new - tx_ml,"actual=303, expected=305.0"
KAD009,2024-12-31,R11,tx_curr should approximately equal previous tx_curr + tx_new - tx_ml,"actual=1027, expected=913.0"
AKS010,2024-10-31,R11,tx_curr should approximately equal previous tx_curr + tx_new - tx_ml,"actual=1578, expected=1568.0"
RIV012,2024-08-31,R11,tx_curr should approximately equal previous tx_curr + tx_new - tx_ml,"actual=1044, expected=919.0"
KAD004,2024-04-30,R11,tx_curr should approximately equal previous tx_curr + tx_new - tx_ml,"actual=5175, expected=4561.0"
KAD003,2023-04-30,R11,tx_curr should approximately equal previous tx_curr + tx_new - tx_ml,"actual=2636, expected=2604.0"
BEN008,2024-02-29,R11,tx_curr should approximately equal previous tx_curr + tx_new - tx_ml,"actual=6251, expected=6248.0"
RIV014,2024-04-30,R11,tx_curr should approximately equal previous tx_curr + tx_new - tx_ml,"actual=665, expected=663.0"
TMP001,2024-11-30,R11,tx_curr should approximately equal previous tx_curr + tx_new - tx_ml,"actual=1005, expected=150.0"
AKS014,2022-03-31,R11,tx_curr should approximately equal previous tx_curr + tx_new - tx_ml,"actual=602, expected=606.0"
KAD001,2022-08-31,R11,tx_curr should approximately equal previous tx_curr + tx_new - tx_ml,"actual=786, expected=753.0"
CRS003,2024-02-01,R11,tx_curr should approximately equal previous tx_curr + tx_new - tx_ml,"actual=5170, expected=5423.0"
CRS012,2022-12-31,R11,tx_curr should approximately equal previous tx_curr + tx_new - tx_ml,"actual=811, expected=758.0"
BEN009,2024-09-30,R11,tx_curr should approximately equal previous tx_curr + tx_new - tx_ml,"actual=437, expected=475.0"
CRS010,2024-07-31,R11,tx_curr should approximately equal previous tx_curr + tx_new - tx_ml,"actual=340, expected=357.0"
NAS002,2024-10-01,R11,tx_curr should approximately equal previous tx_curr + tx_new - tx_ml,"actual=288, expected=301.0"
NAS010,2024-09-30,R11,tx_curr should approximately equal previous tx_curr + tx_new - tx_ml,"actual=5732, expected=4902.0"
BEN014,2022-06-30,R11,tx_curr should approximately equal previous tx_curr + tx_new - tx_ml,"actual=886, expected=747.0"
CRS004,2024-12-31,R11,tx_curr should approximately equal previous tx_curr + tx_new - tx_ml,"actual=460, expected=448.0"
BEN006,2022-01-31,R11,tx_curr should approximately equal previous tx_curr + tx_new - tx_ml,"actual=305, expected=321.0"
CRS007,2024-01-01,R11,tx_curr should approximately equal previous tx_curr + tx_new - tx_ml,"actual=309, expected=304.0"
CRS008,2024-07-31,R11,tx_curr should approximately equal previous tx_curr + tx_new - tx_ml,"actual=2136, expected=2267.0"
BEN014,2022-12-31,R11,tx_curr should approximately equal previous tx_curr + tx_new - tx_ml,"actual=853, expected=888.0"
BEN005,2024-07-31,R11,tx_curr should approximately equal previous tx_curr + tx_new - tx_ml,"actual=581, expected=418.0"
LAG003,2022-12-01,R11,tx_curr should approximately equal previous tx_curr + tx_new - tx_ml,"actual=6337, expected=6884.0"
NAS014,2022-08-31,R11,tx_curr should approximately equal previous tx_curr + tx_new - tx_ml,"actual=4813, expected=5129.0"
NAS014,2023-12-31,R11,tx_curr should approximately equal previous tx_curr + tx_new - tx_ml,"actual=4938, expected=4832.0"
CRS002,2023-04-30,R11,tx_curr should approximately equal previous tx_curr + tx_new - tx_ml,"actual=204, expected=184.0"
AKS003,2022-08-31,R11,tx_curr should approximately equal previous tx_curr + tx_new - tx_ml,"actual=193, expected=232.0"
LAG007,2023-09-30,R11,tx_curr should approximately equal previous tx_curr + tx_new - tx_ml,"actual=553, expected=463.0"
FCT002,2024-05-31,R11,tx_curr should approximately equal previous tx_curr + tx_new - tx_ml,"actual=573, expected=650.0"
KAD001,2023-12-31,R11,tx_curr should approximately equal previous tx_curr + tx_new - tx_ml,"actual=756, expected=782.0"
RIV005,2022-01-31,R11,tx_curr should approximately equal previous tx_curr + tx_new - tx_ml,"actual=1555, expected=1295.0"
NAS007,2022-09-30,R11,tx_curr should approximately equal previous tx_curr + tx_new - tx_ml,"actual=2494, expected=2571.0"
AKS004,2024-02-29,R11,tx_curr should approximately equal previous tx_curr + tx_new - tx_ml,"actual=943, expected=950.0"
BEN002,2024-01-31,R11,tx_curr should approximately equal previous tx_curr + tx_new - tx_ml,"actual=4450, expected=4370.0"
RIV011,2024-10-31,R11,tx_curr should approximately equal previous tx_curr + tx_new - tx_ml,"actual=971, expected=914.0"
RIV011,2024-05-31,R11,tx_curr should approximately equal previous tx_curr + tx_new - tx_ml,"actual=935, expected=974.0"
RIV008,2024-08-31,R11,tx_curr should approximately equal previous tx_curr + tx_new - tx_ml,"actual=4224, expected=4132.0"
CRS007,2024-11-30,R11,tx_curr should approximately equal previous tx_curr + tx_new - tx_ml,"actual=305, expected=307.0"
NAS005,2024-03-31,R11,tx_curr should approximately equal previous tx_curr + tx_new - tx_ml,"actual=689, expected=483.0"
BEN013,2023-12-31,R11,tx_curr should approximately equal previous tx_curr + tx_new - tx_ml,"actual=680, expected=870.0"
BEN004,2024-03-31,R11,tx_curr should approximately equal previous tx_curr + tx_new - tx_ml,"actual=405, expected=411.0"
XXX999,2022-01-31,R11,tx_curr should approximately equal previous tx_curr + tx_new - tx_ml,"actual=2467, expected=5202.0"
CRS002,2022-09-30,R11,tx_curr should approximately equal previous tx_curr + tx_new - tx_ml,"actual=182, expected=211.0"
FCT007,2023-12-01,R11,tx_curr should approximately equal previous tx_curr + tx_new - tx_ml,"actual=4243, expected=4291.0"
FCT008,2024-03-31,R11,tx_curr should approximately equal previous tx_curr + tx_new - tx_ml,"actual=4769, expected=5431.0"
TMP001,2023-08-31,R11,tx_curr should approximately equal previous tx_curr + tx_new - tx_ml,"actual=568, expected=1010.0"
LAG010,2023-07-31,R11,tx_curr should approximately equal previous tx_curr + tx_new - tx_ml,"actual=961, expected=914.0"
BEN009,2023-09-30,R11,tx_curr should approximately equal previous tx_curr + tx_new - tx_ml,"actual=451, expected=435.0"
RIV010,2024-07-31,R11,tx_curr should approximately equal previous tx_curr + tx_new - tx_ml,"actual=2932, expected=3309.0"
RIV009,2022-01-01,R11,tx_curr should approximately equal previous tx_curr + tx_new - tx_ml,"actual=891, expected=764.0"
AKS013,2023-12-31,R11,tx_curr should approximately equal previous tx_curr + tx_new - tx_ml,"actual=633, expected=603.0"
FCT011,2022-08-31,R11,tx_curr should approximately equal previous tx_curr + tx_new - tx_ml,"actual=2269, expected=1952.0"
NAS010,2022-01-31,R11,tx_curr should approximately equal previous tx_curr + tx_new - tx_ml,"actual=4509, expected=5706.0"
NAS009,2024-07-31,R11,tx_curr should approximately equal previous tx_curr + tx_new - tx_ml,"actual=480, expected=470.0"
NAS013,2024-06-30,R11,tx_curr should approximately equal previous tx_curr + tx_new - tx_ml,"actual=1660, expected=1639.0"
NAS006,2024-12-01,R11,tx_curr should approximately equal previous tx_curr + tx_new - tx_ml,"actual=941, expected=927.0"
RIV004,2022-05-31,R11,tx_curr should approximately equal previous tx_curr + tx_new - tx_ml,"actual=869, expected=846.0"
AKS005,2024-05-31,R11,tx_curr should approximately equal previous tx_curr + tx_new - tx_ml,"actual=994, expected=1067.0"
CRS009,2022-05-31,R11,tx_curr should approximately equal previous tx_curr + tx_new - tx_ml,"actual=716, expected=816.0"
LAG099,2022-03-31,R11,tx_curr should approximately equal previous tx_curr + tx_new - tx_ml,"actual=687, expected=773.0"
CRS011,2023-01-31,R11,tx_curr should approximately equal previous tx_curr + tx_new - tx_ml,"actual=457, expected=491.0"
LAG008,2023-02-28,R11,tx_curr should approximately equal previous tx_curr + tx_new - tx_ml,"actual=824, expected=738.0"
AKS003,2023-07-01,R11,tx_curr should approximately equal previous tx_curr + tx_new - tx_ml,"actual=321, expected=206.0"
FCT002,2023-11-30,R11,tx_curr should approximately equal previous tx_curr + tx_new - tx_ml,"actual=586, expected=572.0"
BEN004,2023-06-30,R11,tx_curr should approximately equal previous tx_curr + tx_new - tx_ml,"actual=382, expected=403.0"
KAD007,2022-12-31,R11,tx_curr should approximately equal previous tx_curr + tx_new - tx_ml,"actual=1127, expected=1143.0"
LAG099,2022-07-01,R11,tx_curr should approximately equal previous tx_curr + tx_new - tx_ml,"actual=282, expected=705.0"
LAG006,2023-03-31,R11,tx_curr should approximately equal previous tx_curr + tx_new - tx_ml,"actual=5047, expected=4554.0"
TMP001,2022-05-31,R11,tx_curr should approximately equal previous tx_curr + tx_new - tx_ml,"actual=2366, expected=565.0"
CRS003,2023-07-31,R11,tx_curr should approximately equal previous tx_curr + tx_new - tx_ml,"actual=5234, expected=5158.0"
KAD013,2023-05-31,R11,tx_curr should approximately equal previous tx_curr + tx_new - tx_ml,"actual=2336, expected=2141.0"
LAG006,2024-08-31,R11,tx_curr should approximately equal previous tx_curr + tx_new - tx_ml,"actual=4528, expected=5032.0"
BEN007,2024-09-30,R11,tx_curr should approximately equal previous tx_curr + tx_new - tx_ml,"actual=1769, expected=2107.0"
AKS007,2022-01-31,R11,tx_curr should approximately equal previous tx_curr + tx_new - tx_ml,"actual=6873, expected=6503.0"
CRS005,2023-10-31,R11,tx_curr should approximately equal previous tx_curr + tx_new - tx_ml,"actual=4250, expected=4438.0"
AKS015,2022-07-31,R11,tx_curr should approximately equal previous tx_curr + tx_new - tx_ml,"actual=2500, expected=2451.0"
LAG002,2024-05-31,R11,tx_curr should approximately equal previous tx_curr + tx_new - tx_ml,"actual=6050, expected=6189.0"
AKS014,2024-08-31,R11,tx_curr should approximately equal previous tx_curr + tx_new - tx_ml,"actual=608, expected=600.0"
NAS005,2023-02-28,R11,tx_curr should approximately equal previous tx_curr + tx_new - tx_ml,"actual=410, expected=699.0"
LAG007,2024-01-31,R11,tx_curr should approximately equal previous tx_curr + tx_new - tx_ml,"actual=582, expected=556.0"
BEN009,2024-01-31,R11,tx_curr should approximately equal previous tx_curr + tx_new - tx_ml,"actual=450, expected=451.0"
BEN013,2022-12-31,R11,tx_curr should approximately equal previous tx_curr + tx_new - tx_ml,"actual=463, expected=706.0"
CRS014,2023-10-31,R11,tx_curr should approximately equal previous tx_curr + tx_new - tx_ml,"actual=160, expected=200.0"
FCT007,2023-03-31,R11,tx_curr should approximately equal previous tx_curr + tx_new - tx_ml,"actual=4314, expected=4290.0"
CRS001,2022-04-01,R11,tx_curr should approximately equal previous tx_curr + tx_new - tx_ml,"actual=668, expected=662.0"
LAG013,2024-05-31,R11,tx_curr should approximately equal previous tx_curr + tx_new - tx_ml,"actual=6240, expected=5965.0"
BEN013,2024-09-30,R11,tx_curr should approximately equal previous tx_curr + tx_new - tx_ml,"actual=831, expected=475.0"
BEN004,2024-06-30,R11,tx_curr should approximately equal previous tx_curr + tx_new - tx_ml,"actual=413, expected=390.0"
FCT015,2023-10-31,R11,tx_curr should approximately equal previous tx_curr + tx_new - tx_ml,"actual=770, expected=749.0"
KAD005,2022-03-31,R11,tx_curr should approximately equal previous tx_curr + tx_new - tx_ml,"actual=276, expected=409.0"
KAD009,2022-10-31,R11,tx_curr should approximately equal previous tx_curr + tx_new - tx_ml,"actual=740, expected=1029.0"
BEN010,2023-05-01,R11,tx_curr should approximately equal previous tx_curr + tx_new - tx_ml,"actual=750, expected=703.0"
FCT002,2024-02-29,R11,tx_curr should approximately equal previous tx_curr + tx_new - tx_ml,"actual=581, expected=586.0"
NAS007,2022-12-31,R11,tx_curr should approximately equal previous tx_curr + tx_new - tx_ml,"actual=2394, expected=2460.0"
LAG002,2024-01-31,R11,tx_curr should approximately equal previous tx_curr + tx_new - tx_ml,"actual=5832, expected=6034.0"
BEN004,2022-10-31,R11,tx_curr should approximately equal previous tx_curr + tx_new - tx_ml,"actual=373, expected=411.0"
BEN013,2024-11-30,R11,tx_curr should approximately equal previous tx_curr + tx_new - tx_ml,"actual=870, expected=852.0"
CRS002,2024-09-30,R11,tx_curr should approximately equal previous tx_curr + tx_new - tx_ml,"actual=282, expected=184.0"
NAS012,2024-06-01,R11,tx_curr should approximately equal previous tx_curr + tx_new - tx_ml,"actual=1382, expected=1371.0"
KAD008,2023-01-31,R11,tx_curr should approximately equal previous tx_curr + tx_new - tx_ml,"actual=1206, expected=1217.0"
FCT011,2023-12-31,R11,tx_curr should approximately equal previous tx_curr + tx_new - tx_ml,"actual=2106, expected=2265.0"
RIV012,2023-06-30,R11,tx_curr should approximately equal previous tx_curr + tx_new - tx_ml,"actual=956, expected=1043.0"
KAD011,2024-04-30,R11,tx_curr should approximately equal previous tx_curr + tx_new - tx_ml,"actual=587, expected=591.0"
FCT014,2022-12-31,R11,tx_curr should approximately equal previous tx_curr + tx_new - tx_ml,"actual=2477, expected=2482.0"
RIV006,2024-07-31,R11,tx_curr should approximately equal previous tx_curr + tx_new - tx_ml,"actual=2818, expected=2598.0"
KAD001,2022-10-31,R11,tx_curr should approximately equal previous tx_curr + tx_new - tx_ml,"actual=786, expected=752.0"
AKS007,2023-07-31,R11,tx_curr should approximately equal previous tx_curr + tx_new - tx_ml,"actual=5889, expected=6786.0"
RIV006,2023-01-31,R11,tx_curr should approximately equal previous tx_curr + tx_new - tx_ml,"actual=2516, expected=2798.0"
BEN005,2023-03-31,R11,tx_curr should approximately equal previous tx_curr + tx_new - tx_ml,"actual=483, expected=588.0"
NAS012,2024-12-31,R11,tx_curr should approximately equal previous tx_curr + tx_new - tx_ml,"actual=1358, expected=1382.0"
NAS009,2024-12-31,R11,tx_curr should approximately equal previous tx_curr + tx_new - tx_ml,"actual=481, expected=476.0"
NAS008,2022-11-30,R11,tx_curr should approximately equal previous tx_curr + tx_new - tx_ml,"actual=908, expected=965.0"
FCT009,2022-02-28,R11,tx_curr should approximately equal previous tx_curr + tx_new - tx_ml,"actual=444, expected=430.0"
KAD008,2024-11-30,R11,tx_curr should approximately equal previous tx_curr + tx_new - tx_ml,"actual=1165, expected=1212.0"
BEN004,2023-10-31,R11,tx_curr should approximately equal previous tx_curr + tx_new - tx_ml,"actual=389, expected=377.0"
RIV015,2023-10-31,R11,tx_curr should approximately equal previous tx_curr + tx_new - tx_ml,"actual=2320, expected=2165.0"
CRS015,2024-07-31,R11,tx_curr should approximately equal previous tx_curr + tx_new - tx_ml,"actual=489, expected=561.0"
RIV015,2023-07-31,R11,tx_curr should approximately equal previous tx_curr + tx_new - tx_ml,"actual=2356, expected=2292.0"
FCT013,2024-05-31,R11,tx_curr should approximately equal previous tx_curr + tx_new - tx_ml,"actual=1243, expected=1413.0"
BEN003,2023-04-30,R11,tx_curr should approximately equal previous tx_curr + tx_new - tx_ml,"actual=2479, expected=2591.0"
CRS012,2022-11-30,R11,tx_curr should approximately equal previous tx_curr + tx_new - tx_ml,"actual=819, expected=808.0"
CRS010,2022-02-28,R11,tx_curr should approximately equal previous tx_curr + tx_new - tx_ml,"actual=442, expected=339.0"
BEN012,2023-09-30,R11,tx_curr should approximately equal previous tx_curr + tx_new - tx_ml,"actual=460, expected=489.0"
KAD007,2024-03-01,R11,tx_curr should approximately equal previous tx_curr + tx_new - tx_ml,"actual=1115, expected=1130.0"
KAD009,2022-12-31,R11,tx_curr should approximately equal previous tx_curr + tx_new - tx_ml,"actual=756, expected=754.0"
KAD012,2022-08-31,R11,tx_curr should approximately equal previous tx_curr + tx_new - tx_ml,"actual=653, expected=658.0"
NAS005,2022-08-31,R11,tx_curr should approximately equal previous tx_curr + tx_new - tx_ml,"actual=303, expected=431.0"
NAS011,2024-12-31,R11,tx_curr should approximately equal previous tx_curr + tx_new - tx_ml,"actual=2374, expected=2403.0"
RIV010,2023-09-30,R11,tx_curr should approximately equal previous tx_curr + tx_new - tx_ml,"actual=3116, expected=2926.0"
AKS004,2024-12-31,R11,tx_curr should approximately equal previous tx_curr + tx_new - tx_ml,"actual=907, expected=943.0"
BEN009,2024-03-31,R11,tx_curr should approximately equal previous tx_curr + tx_new - tx_ml,"actual=440, expected=444.0"
CRS010,2023-12-31,R11,tx_curr should approximately equal previous tx_curr + tx_new - tx_ml,"actual=371, expected=440.0"
RIV009,2023-11-30,R11,tx_curr should approximately equal previous tx_curr + tx_new - tx_ml,"actual=778, expected=880.0"
CRS012,2022-10-31,R11,tx_curr should approximately equal previous tx_curr + tx_new - tx_ml,"actual=822, expected=788.0"
CRS007,2022-07-31,R11,tx_curr should approximately equal previous tx_curr + tx_new - tx_ml,"actual=314, expected=306.0"
KAD003,2023-03-31,R11,tx_curr should approximately equal previous tx_curr + tx_new - tx_ml,"actual=2644, expected=2639.0"
RIV005,2024-10-01,R11,tx_curr should approximately equal previous tx_curr + tx_new - tx_ml,"actual=1266, expected=1554.0"
LAG006,2023-12-31,R11,tx_curr should approximately equal previous tx_curr + tx_new - tx_ml,"actual=4686, expected=4518.0"
FCT010,2023-11-30,R11,tx_curr should approximately equal previous tx_curr + tx_new - tx_ml,"actual=423, expected=474.0"
AKS008,2023-01-31,R11,tx_curr should approximately equal previous tx_curr + tx_new - tx_ml,"actual=85, expected=82.0"
AKS003,2022-04-30,R11,tx_curr should approximately equal previous tx_curr + tx_new - tx_ml,"actual=153, expected=331.0"
NAS015,2022-07-31,R11,tx_curr should approximately equal previous tx_curr + tx_new - tx_ml,"actual=3132, expected=3158.0"
FCT010,2023-01-31,R11,tx_curr should approximately equal previous tx_curr + tx_new - tx_ml,"actual=327, expected=428.0"
AKS011,2024-12-31,R11,tx_curr should approximately equal previous tx_curr + tx_new - tx_ml,"actual=339, expected=302.0"
NAS009,2022-05-01,R11,tx_curr should approximately equal previous tx_curr + tx_new - tx_ml,"actual=469, expected=491.0"
FCT002,2024-09-30,R11,tx_curr should approximately equal previous tx_curr + tx_new - tx_ml,"actual=570, expected=585.0"
KAD012,2022-02-28,R11,tx_curr should approximately equal previous tx_curr + tx_new - tx_ml,"actual=675, expected=648.0"
NAS014,2024-09-30,R11,tx_curr should approximately equal previous tx_curr + tx_new - tx_ml,"actual=5082, expected=4919.0"
AKS012,2022-01-31,R11,tx_curr should approximately equal previous tx_curr + tx_new - tx_ml,"actual=352, expected=5971.0"
BEN009,2022-02-28,R11,tx_curr should approximately equal previous tx_curr + tx_new - tx_ml,"actual=486, expected=440.0"
NAS006,2023-02-28,R11,tx_curr should approximately equal previous tx_curr + tx_new - tx_ml,"actual=971, expected=943.0"
LAG008,2024-12-31,R11,tx_curr should approximately equal previous tx_curr + tx_new - tx_ml,"actual=700, expected=812.0"
TMP001,2023-08-31,R11,tx_curr should approximately equal previous tx_curr + tx_new - tx_ml,"actual=4557, expected=2333.0"
BEN007,2022-05-31,R11,tx_curr should approximately equal previous tx_curr + tx_new - tx_ml,"actual=2326, expected=1747.0"
LAG006,2024-02-29,R11,tx_curr should approximately equal previous tx_curr + tx_new - tx_ml,"actual=4600, expected=4648.0"
RIV010,2022-09-30,R11,tx_curr should approximately equal previous tx_curr + tx_new - tx_ml,"actual=3232, expected=3110.0"
KAD007,2022-03-31,R11,tx_curr should approximately equal previous tx_curr + tx_new - tx_ml,"actual=1136, expected=1114.0"
FCT004,2022-01-31,R11,tx_curr should approximately equal previous tx_curr + tx_new - tx_ml,"actual=1337, expected=1302.0"
FCT005,2024-03-31,R11,tx_curr should approximately equal previous tx_curr + tx_new - tx_ml,"actual=556, expected=539.0"
BEN014,2022-05-31,R11,tx_curr should approximately equal previous tx_curr + tx_new - tx_ml,"actual=890, expected=846.0"
CRS015,2024-09-30,R11,tx_curr should approximately equal previous tx_curr + tx_new - tx_ml,"actual=479, expected=481.0"
CRS006,2024-04-30,R11,tx_curr should approximately equal previous tx_curr + tx_new - tx_ml,"actual=1366, expected=1292.0"
NAS003,2022-10-31,R11,tx_curr should approximately equal previous tx_curr + tx_new - tx_ml,"actual=1779, expected=1451.0"
AKS002,2022-01-31,R11,tx_curr should approximately equal previous tx_curr + tx_new - tx_ml,"actual=699, expected=676.0"
NAS002,2022-02-28,R11,tx_curr should approximately equal previous tx_curr + tx_new - tx_ml,"actual=317, expected=287.0"
NAS010,2024-02-29,R11,tx_curr should approximately equal previous tx_curr + tx_new - tx_ml,"actual=5302, expected=4546.0"
KAD001,2023-03-31,R11,tx_curr should approximately equal previous tx_curr + tx_new - tx_ml,"actual=765, expected=785.0"
NAS007,2024-03-31,R11,tx_curr should approximately equal previous tx_curr + tx_new - tx_ml,"actual=2121, expected=2387.0"
NAS009,2022-01-31,R11,tx_curr should approximately equal previous tx_curr + tx_new - tx_ml,"actual=466, expected=474.0"
RIV013,2022-06-30,R11,tx_curr should approximately equal previous tx_curr + tx_new - tx_ml,"actual=2279, expected=2123.0"
BEN014,2024-04-30,R11,tx_curr should approximately equal previous tx_curr + tx_new - tx_ml,"actual=762, expected=892.0"
BEN002,2022-07-31,R11,tx_curr should approximately equal previous tx_curr + tx_new - tx_ml,"actual=4915, expected=4412.0"
CRS015,2024-03-31,R11,tx_curr should approximately equal previous tx_curr + tx_new - tx_ml,"actual=500, expected=475.0"
NAS999,2023-07-31,R11,tx_curr should approximately equal previous tx_curr + tx_new - tx_ml,"actual=2707, expected=918.0"
FCT003,2022-12-31,R11,tx_curr should approximately equal previous tx_curr + tx_new - tx_ml,"actual=6154, expected=6455.0"
KAD008,2023-08-31,R11,tx_curr should approximately equal previous tx_curr + tx_new - tx_ml,"actual=1198, expected=1163.0"
FCT010,2024-01-01,R11,tx_curr should approximately equal previous tx_curr + tx_new - tx_ml,"actual=436, expected=333.0"
LAG008,2024-01-31,R11,tx_curr should approximately equal previous tx_curr + tx_new - tx_ml,"actual=750, expected=691.0"
CRS007,2023-05-31,R11,tx_curr should approximately equal previous tx_curr + tx_new - tx_ml,"actual=302, expected=308.0"
RIV004,2024-04-30,R11,tx_curr should approximately equal previous tx_curr + tx_new - tx_ml,"actual=834, expected=862.0"
KAD004,2022-05-31,R11,tx_curr should approximately equal previous tx_curr + tx_new - tx_ml,"actual=3816, expected=5262.0"
KAD011,2023-04-30,R11,tx_curr should approximately equal previous tx_curr + tx_new - tx_ml,"actual=565, expected=594.0"
CRS004,2022-08-31,R11,tx_curr should approximately equal previous tx_curr + tx_new - tx_ml,"actual=469, expected=461.0"
RIV006,2022-09-30,R11,tx_curr should approximately equal previous tx_curr + tx_new - tx_ml,"actual=2446, expected=2539.0"
CRS006,2024-11-30,R11,tx_curr should approximately equal previous tx_curr + tx_new - tx_ml,"actual=1432, expected=1369.0"
AKS012,2023-05-31,R11,tx_curr should approximately equal previous tx_curr + tx_new - tx_ml,"actual=861, expected=395.0"
KAD013,2023-10-31,R11,tx_curr should approximately equal previous tx_curr + tx_new - tx_ml,"actual=2593, expected=2273.0"
BEN013,2022-09-30,R11,tx_curr should approximately equal previous tx_curr + tx_new - tx_ml,"actual=426, expected=880.0"
LAG001,2024-10-31,R11,tx_curr should approximately equal previous tx_curr + tx_new - tx_ml,"actual=415, expected=194.0"
CRS010,2023-07-31,R11,tx_curr should approximately equal previous tx_curr + tx_new - tx_ml,"actual=384, expected=365.0"
RIV008,2024-10-31,R11,tx_curr should approximately equal previous tx_curr + tx_new - tx_ml,"actual=4221, expected=4224.0"
CRS001,2024-11-30,R11,tx_curr should approximately equal previous tx_curr + tx_new - tx_ml,"actual=681, expected=666.0"
RIV003,2022-05-31,R11,tx_curr should approximately equal previous tx_curr + tx_new - tx_ml,"actual=1077, expected=1036.0"
AKS004,2022-07-31,R11,tx_curr should approximately equal previous tx_curr + tx_new - tx_ml,"actual=991, expected=910.0"
AKS012,2023-10-31,R11,tx_curr should approximately equal previous tx_curr + tx_new - tx_ml,"actual=1018, expected=904.0"
LAG001,2022-10-31,R11,tx_curr should approximately equal previous tx_curr + tx_new - tx_ml,"actual=237, expected=422.0"
KAD009,2024-10-31,R11,tx_curr should approximately equal previous tx_curr + tx_new - tx_ml,"actual=998, expected=764.0"
FCT014,2024-05-31,R11,tx_curr should approximately equal previous tx_curr + tx_new - tx_ml,"actual=2514, expected=2455.0"
AKS003,2023-06-30,R11,tx_curr should approximately equal previous tx_curr + tx_new - tx_ml,"actual=308, expected=155.0"
NAS010,2024-08-01,R11,tx_curr should approximately equal previous tx_curr + tx_new - tx_ml,"actual=5720, expected=5380.0"
LAG013,2024-11-30,R11,tx_curr should approximately equal previous tx_curr + tx_new - tx_ml,"actual=6360, expected=6249.0"
RIV006,2024-10-31,R11,tx_curr should approximately equal previous tx_curr + tx_new - tx_ml,"actual=2916, expected=2458.0"
FCT011,2024-07-01,R11,tx_curr should approximately equal previous tx_curr + tx_new - tx_ml,"actual=2005, expected=2082.0"
NAS006,2023-08-31,R11,tx_curr should approximately equal previous tx_curr + tx_new - tx_ml,"actual=963, expected=966.0"
CRS004,2024-09-30,R11,tx_curr should approximately equal previous tx_curr + tx_new - tx_ml,"actual=466, expected=475.0"
LAG001,2023-03-31,R11,tx_curr should approximately equal previous tx_curr + tx_new - tx_ml,"actual=271, expected=245.0"
AKS001,2022-12-31,R11,tx_curr should approximately equal previous tx_curr + tx_new - tx_ml,"actual=311, expected=317.0"
FCT009,2022-01-01,R11,tx_curr should approximately equal previous tx_curr + tx_new - tx_ml,"actual=450, expected=446.0"
AKS008,2024-09-30,R11,tx_curr should approximately equal previous tx_curr + tx_new - tx_ml,"actual=92, expected=84.0"
RIV015,2023-11-01,R11,tx_curr should approximately equal previous tx_curr + tx_new - tx_ml,"actual=2309, expected=2345.0"
NAS004,2024-12-31,R11,tx_curr should approximately equal previous tx_curr + tx_new - tx_ml,"actual=624, expected=556.0"
BEN004,2022-04-30,R11,tx_curr should approximately equal previous tx_curr + tx_new - tx_ml,"actual=362, expected=394.0"
BEN011,2022-05-31,R11,tx_curr should approximately equal previous tx_curr + tx_new - tx_ml,"actual=303, expected=371.0"
CRS012,2023-11-30,R11,tx_curr should approximately equal previous tx_curr + tx_new - tx_ml,"actual=779, expected=827.0"
NAS004,2024-05-31,R11,tx_curr should approximately equal previous tx_curr + tx_new - tx_ml,"actual=555, expected=623.0"
NAS015,2022-04-30,R11,tx_curr should approximately equal previous tx_curr + tx_new - tx_ml,"actual=3100, expected=3114.0"
NAS015,2022-01-31,R11,tx_curr should approximately equal previous tx_curr + tx_new - tx_ml,"actual=3102, expected=3084.0"
NAS007,2023-03-31,R11,tx_curr should approximately equal previous tx_curr + tx_new - tx_ml,"actual=2303, expected=2091.0"
BEN014,2024-01-31,R11,tx_curr should approximately equal previous tx_curr + tx_new - tx_ml,"actual=769, expected=758.0"
FCT008,2023-08-31,R11,tx_curr should approximately equal previous tx_curr + tx_new - tx_ml,"actual=4983, expected=4742.0"
CRS015,2023-01-31,R11,tx_curr should approximately equal previous tx_curr + tx_new - tx_ml,"actual=554, expected=492.0"
NAS014,2024-07-31,R11,tx_curr should approximately equal previous tx_curr + tx_new - tx_ml,"actual=5101, expected=5085.0"
LAG002,2024-12-01,R11,tx_curr should approximately equal previous tx_curr + tx_new - tx_ml,"actual=6130, expected=5843.0"
NAS999,2023-12-31,R11,tx_curr should approximately equal previous tx_curr + tx_new - tx_ml,"actual=777, expected=2706.0"
CRS009,2024-05-31,R11,tx_curr should approximately equal previous tx_curr + tx_new - tx_ml,"actual=925, expected=719.0"
FCT002,2023-04-30,R11,tx_curr should approximately equal previous tx_curr + tx_new - tx_ml,"actual=593, expected=565.0"
RIV010,2024-08-31,R11,tx_curr should approximately equal previous tx_curr + tx_new - tx_ml,"actual=2904, expected=3204.0"
AKS014,2024-05-31,R11,tx_curr should approximately equal previous tx_curr + tx_new - tx_ml,"actual=605, expected=604.0"
FCT005,2022-06-30,R11,tx_curr should approximately equal previous tx_curr + tx_new - tx_ml,"actual=496, expected=563.0"
LAG005,2023-11-01,R11,tx_curr should approximately equal previous tx_curr + tx_new - tx_ml,"actual=1742, expected=1618.0"
AKS010,2022-12-31,R11,tx_curr should approximately equal previous tx_curr + tx_new - tx_ml,"actual=1735, expected=1563.0"
KAD004,2024-12-31,R11,tx_curr should approximately equal previous tx_curr + tx_new - tx_ml,"actual=6075, expected=3894.0"
KAD011,2024-11-30,R11,tx_curr should approximately equal previous tx_curr + tx_new - tx_ml,"actual=592, expected=568.0"
AKS015,2022-12-31,R11,tx_curr should approximately equal previous tx_curr + tx_new - tx_ml,"actual=2471, expected=2500.0"
BEN008,2023-09-01,R11,tx_curr should approximately equal previous tx_curr + tx_new - tx_ml,"actual=6301, expected=6227.0"
RIV014,2022-08-31,R11,tx_curr should approximately equal previous tx_curr + tx_new - tx_ml,"actual=619, expected=671.0"
KAD004,2023-01-31,R11,tx_curr should approximately equal previous tx_curr + tx_new - tx_ml,"actual=4303, expected=6117.0"
FCT010,2022-10-31,R11,tx_curr should approximately equal previous tx_curr + tx_new - tx_ml,"actual=310, expected=435.0"
CRS014,2024-09-30,R11,tx_curr should approximately equal previous tx_curr + tx_new - tx_ml,"actual=203, expected=167.0"
KAD004,2022-06-30,R11,tx_curr should approximately equal previous tx_curr + tx_new - tx_ml,"actual=3907, expected=4394.0"
NAS006,2024-04-30,R11,tx_curr should approximately equal previous tx_curr + tx_new - tx_ml,"actual=942, expected=962.0"
CRS001,2023-07-01,R11,tx_curr should approximately equal previous tx_curr + tx_new - tx_ml,"actual=678, expected=686.0"
NAS013,2023-09-30,R11,tx_curr should approximately equal previous tx_curr + tx_new - tx_ml,"actual=1654, expected=16389.0"
NAS009,2022-12-31,R11,tx_curr should approximately equal previous tx_curr + tx_new - tx_ml,"actual=473, expected=461.0"
NAS004,2024-07-31,R11,tx_curr should approximately equal previous tx_curr + tx_new - tx_ml,"actual=577, expected=565.0"
LAG005,2023-10-31,R11,tx_curr should approximately equal previous tx_curr + tx_new - tx_ml,"actual=1716, expected=1748.0"
LAG005,2024-02-29,R11,tx_curr should approximately equal previous tx_curr + tx_new - tx_ml,"actual=1758, expected=1704.0"
LAG013,2023-11-30,R11,tx_curr should approximately equal previous tx_curr + tx_new - tx_ml,"actual=6082, expected=6347.0"
AKS010,2024-09-30,R11,tx_curr should approximately equal previous tx_curr + tx_new - tx_ml,"actual=1569, expected=1719.0"
CRS003,2023-09-30,R11,tx_curr should approximately equal previous tx_curr + tx_new - tx_ml,"actual=5247, expected=5243.0"
NAS999,2023-09-30,R11,tx_curr should approximately equal previous tx_curr + tx_new - tx_ml,"actual=2042, expected=754.0"
LAG001,2023-08-31,R11,tx_curr should approximately equal previous tx_curr + tx_new - tx_ml,"actual=304, expected=274.0"
RIV001,2022-11-30,R11,tx_curr should approximately equal previous tx_curr + tx_new - tx_ml,"actual=1056, expected=1168.0"
FCT007,2023-05-31,R11,tx_curr should approximately equal previous tx_curr + tx_new - tx_ml,"actual=4388, expected=4344.0"
FCT009,2024-12-31,R11,tx_curr should approximately equal previous tx_curr + tx_new - tx_ml,"actual=496, expected=452.0"
FCT011,2022-06-30,R11,tx_curr should approximately equal previous tx_curr + tx_new - tx_ml,"actual=2319, expected=1984.0"
KAD008,2022-12-31,R11,tx_curr should approximately equal previous tx_curr + tx_new - tx_ml,"actual=1209, expected=1182.0"
BEN005,2022-04-30,R11,tx_curr should approximately equal previous tx_curr + tx_new - tx_ml,"actual=418, expected=482.0"
AKS013,2023-09-01,R11,tx_curr should approximately equal previous tx_curr + tx_new - tx_ml,"actual=608, expected=634.0"
KAD011,2022-07-01,R11,tx_curr should approximately equal previous tx_curr + tx_new - tx_ml,"actual=552, expected=594.0"
RIV012,2023-10-31,R11,tx_curr should approximately equal previous tx_curr + tx_new - tx_ml,"actual=968, expected=953.0"
LAG005,2023-02-28,R11,tx_curr should approximately equal previous tx_curr + tx_new - tx_ml,"actual=1587, expected=1754.0"
LAG015,2023-10-01,R11,tx_curr should approximately equal previous tx_curr + tx_new - tx_ml,"actual=1082, expected=1078.0"
RIV014,2022-01-31,R11,tx_curr should approximately equal previous tx_curr + tx_new - tx_ml,"actual=610, expected=614.0"
KAD012,2024-06-30,R11,tx_curr should approximately equal previous tx_curr + tx_new - tx_ml,"actual=643, expected=685.0"
BEN001,2023-01-31,R11,tx_curr should approximately equal previous tx_curr + tx_new - tx_ml,"actual=1957, expected=1825.0"
NAS012,2022-11-30,R11,tx_curr should approximately equal previous tx_curr + tx_new - tx_ml,"actual=1346, expected=1358.0"
NAS008,2023-12-31,R11,tx_curr should approximately equal previous tx_curr + tx_new - tx_ml,"actual=797, expected=903.0"
CRS004,2023-04-01,R11,tx_curr should approximately equal previous tx_curr + tx_new - tx_ml,"actual=452, expected=465.0"
KAD002,2023-01-31,R11,tx_curr should approximately equal previous tx_curr + tx_new - tx_ml,"actual=4206, expected=4363.0"
NAS015,2024-08-31,R11,tx_curr should approximately equal previous tx_curr + tx_new - tx_ml,"actual=3347, expected=3134.0"
RIV013,2024-01-31,R11,tx_curr should approximately equal previous tx_curr + tx_new - tx_ml,"actual=2130, expected=2279.0"
CRS008,2024-01-31,R11,tx_curr should approximately equal previous tx_curr + tx_new - tx_ml,"actual=2139, expected=2205.0"
NAS999,2024-04-30,R11,tx_curr should approximately equal previous tx_curr + tx_new - tx_ml,"actual=5966, expected=2082.0"
AKS005,2022-10-31,R11,tx_curr should approximately equal previous tx_curr + tx_new - tx_ml,"actual=1217, expected=971.0"
NAS008,2023-01-31,R11,tx_curr should approximately equal previous tx_curr + tx_new - tx_ml,"actual=893, expected=787.0"
FCT004,2024-07-31,R11,tx_curr should approximately equal previous tx_curr + tx_new - tx_ml,"actual=1246, expected=1342.0"
RIV002,2022-05-31,R11,tx_curr should approximately equal previous tx_curr + tx_new - tx_ml,"actual=4897, expected=4319.0"
BEN011,2024-11-01,R11,tx_curr should approximately equal previous tx_curr + tx_new - tx_ml,"actual=404, expected=303.0"
RIV005,2023-08-31,R11,tx_curr should approximately equal previous tx_curr + tx_new - tx_ml,"actual=1377, expected=1260.0"
BEN004,2024-01-31,R11,tx_curr should approximately equal previous tx_curr + tx_new - tx_ml,"actual=391, expected=361.0"
CRS004,2022-03-31,R11,tx_curr should approximately equal previous tx_curr + tx_new - tx_ml,"actual=463, expected=458.0"
NAS006,2022-07-31,R11,tx_curr should approximately equal previous tx_curr + tx_new - tx_ml,"actual=1004, expected=930.0"
CRS013,2022-11-30,R11,tx_curr should approximately equal previous tx_curr + tx_new - tx_ml,"actual=851, expected=834.0"
RIV001,2023-08-31,R11,tx_curr should approximately equal previous tx_curr + tx_new - tx_ml,"actual=955, expected=1050.0"
BEN002,2024-02-29,R11,tx_curr should approximately equal previous tx_curr + tx_new - tx_ml,"actual=4444, expected=4909.0"
CRS014,2022-12-31,R11,tx_curr should approximately equal previous tx_curr + tx_new - tx_ml,"actual=119, expected=205.0"
BEN002,2022-04-30,R11,tx_curr should approximately equal previous tx_curr + tx_new - tx_ml,"actual=4980, expected=4441.0"
KAD005,2022-10-31,R11,tx_curr should approximately equal previous tx_curr + tx_new - tx_ml,"actual=297, expected=277.0"
AKS015,2022-09-30,R11,tx_curr should approximately equal previous tx_curr + tx_new - tx_ml,"actual=2495, expected=2481.0"
RIV003,2023-10-01,R11,tx_curr should approximately equal previous tx_curr + tx_new - tx_ml,"actual=1039, expected=1080.0"
BEN001,2022-02-28,R11,tx_curr should approximately equal previous tx_curr + tx_new - tx_ml,"actual=2140, expected=1948.0"
LAG002,2023-01-31,R11,tx_curr should approximately equal previous tx_curr + tx_new - tx_ml,"actual=5791, expected=6141.0"
RIV014,2022-05-31,R11,tx_curr should approximately equal previous tx_curr + tx_new - tx_ml,"actual=612, expected=613.0"
LAG009,2024-04-30,R11,tx_curr should approximately equal previous tx_curr + tx_new - tx_ml,"actual=2318, expected=2831.0"
BEN002,2024-11-30,R11,tx_curr should approximately equal previous tx_curr + tx_new - tx_ml,"actual=4398, expected=4944.0"
KAD004,2024-11-30,R11,tx_curr should approximately equal previous tx_curr + tx_new - tx_ml,"actual=5997, expected=3962.0"
RIV006,2023-09-30,R11,tx_curr should approximately equal previous tx_curr + tx_new - tx_ml,"actual=2609, expected=2926.0"
NAS014,2022-07-31,R11,tx_curr should approximately equal previous tx_curr + tx_new - tx_ml,"actual=4752, expected=5188.0"
CRS013,2023-02-01,R11,tx_curr should approximately equal previous tx_curr + tx_new - tx_ml,"actual=818, expected=836.0"
RIV009,2022-03-31,R11,tx_curr should approximately equal previous tx_curr + tx_new - tx_ml,"actual=869, expected=767.0"
AKS004,2022-12-31,R11,tx_curr should approximately equal previous tx_curr + tx_new - tx_ml,"actual=961, expected=981.0"
NAS013,2023-06-30,R11,tx_curr should approximately equal previous tx_curr + tx_new - tx_ml,"actual=1648, expected=1669.0"
NAS012,2023-10-31,R11,tx_curr should approximately equal previous tx_curr + tx_new - tx_ml,"actual=1342, expected=1337.0"
RIV003,2023-12-31,R11,tx_curr should approximately equal previous tx_curr + tx_new - tx_ml,"actual=1043, expected=1038.0"
RIV013,2023-08-31,R11,tx_curr should approximately equal previous tx_curr + tx_new - tx_ml,"actual=2153, expected=2112.0"
AKS001,2022-05-31,R11,tx_curr should approximately equal previous tx_curr + tx_new - tx_ml,"actual=312, expected=314.0"
KAD010,2024-08-31,R11,tx_curr should approximately equal previous tx_curr + tx_new - tx_ml,"actual=969, expected=960.0"
KAD012,2024-12-31,R11,tx_curr should approximately equal previous tx_curr + tx_new - tx_ml,"actual=628, expected=639.0"
FCT015,2022-01-31,R11,tx_curr should approximately equal previous tx_curr + tx_new - tx_ml,"actual=908, expected=768.0"
FCT010,2022-12-31,R11,tx_curr should approximately equal previous tx_curr + tx_new - tx_ml,"actual=322, expected=315.0"
NAS003,2023-01-31,R11,tx_curr should approximately equal previous tx_curr + tx_new - tx_ml,"actual=1721, expected=1761.0"
LAG003,2024-04-30,R11,tx_curr should approximately equal previous tx_curr + tx_new - tx_ml,"actual=6673, expected=6325.0"
BEN002,2024-09-01,R11,tx_curr should approximately equal previous tx_curr + tx_new - tx_ml,"actual=4417, expected=4410.0"
CRS001,2024-05-31,R11,tx_curr should approximately equal previous tx_curr + tx_new - tx_ml,"actual=694, expected=675.0"
TMP001,2024-11-30,R11,tx_curr should approximately equal previous tx_curr + tx_new - tx_ml,"actual=784, expected=472.0"
CRS015,2024-12-31,R11,tx_curr should approximately equal previous tx_curr + tx_new - tx_ml,"actual=470, expected=552.0"
CRS015,2022-03-31,R11,tx_curr should approximately equal previous tx_curr + tx_new - tx_ml,"actual=627, expected=466.0"
RIV009,2024-02-01,R11,tx_curr should approximately equal previous tx_curr + tx_new - tx_ml,"actual=772, expected=866.0"
RIV012,2024-12-31,R11,tx_curr should approximately equal previous tx_curr + tx_new - tx_ml,"actual=1031, expected=965.0"
NAS999,2022-06-30,R11,tx_curr should approximately equal previous tx_curr + tx_new - tx_ml,"actual=781, expected=5964.0"
FCT006,2024-09-30,R11,tx_curr should approximately equal previous tx_curr + tx_new - tx_ml,"actual=2138, expected=2173.0"
NAS010,2023-10-31,R11,tx_curr should approximately equal previous tx_curr + tx_new - tx_ml,"actual=5202, expected=5716.0"
TMP001,2022-02-28,R11,tx_curr should approximately equal previous tx_curr + tx_new - tx_ml,"actual=2840, expected=775.0"
KAD008,2022-03-31,R11,tx_curr should approximately equal previous tx_curr + tx_new - tx_ml,"actual=1240, expected=1198.0"
AKS015,2023-09-30,R11,tx_curr should approximately equal previous tx_curr + tx_new - tx_ml,"actual=2453, expected=2483.0"
FCT009,2022-12-31,R11,tx_curr should approximately equal previous tx_curr + tx_new - tx_ml,"actual=440, expected=492.0"
LAG007,2022-10-31,R11,tx_curr should approximately equal previous tx_curr + tx_new - tx_ml,"actual=462, expected=589.0"
AKS015,2024-10-01,R11,tx_curr should approximately equal previous tx_curr + tx_new - tx_ml,"actual=2417, expected=2441.0"
KAD004,2022-03-31,R11,tx_curr should approximately equal previous tx_curr + tx_new - tx_ml,"actual=3638, expected=6047.0"
KAD014,2023-03-01,R11,tx_curr should approximately equal previous tx_curr + tx_new - tx_ml,"actual=2549, expected=2159.0"
RIV007,2024-05-31,R11,tx_curr should approximately equal previous tx_curr + tx_new - tx_ml,"actual=614, expected=663.0"
NAS008,2024-12-01,R11,tx_curr should approximately equal previous tx_curr + tx_new - tx_ml,"actual=719, expected=894.0"
BEN010,2022-10-31,R11,tx_curr should approximately equal previous tx_curr + tx_new - tx_ml,"actual=803, expected=745.0"
FCT011,2023-10-31,R11,tx_curr should approximately equal previous tx_curr + tx_new - tx_ml,"actual=2142, expected=2327.0"
KAD009,2024-02-01,R11,tx_curr should approximately equal previous tx_curr + tx_new - tx_ml,"actual=900, expected=996.0"
LAG002,2024-11-30,R11,tx_curr should approximately equal previous tx_curr + tx_new - tx_ml,"actual=6119, expected=5825.0"
KAD006,2024-02-29,R11,tx_curr should approximately equal previous tx_curr + tx_new - tx_ml,"actual=1666, expected=1784.0"
NAS003,2023-10-31,R11,tx_curr should approximately equal previous tx_curr + tx_new - tx_ml,"actual=1592, expected=1857.0"
KAD002,2022-02-01,R11,tx_curr should approximately equal previous tx_curr + tx_new - tx_ml,"actual=4557, expected=4172.0"
LAG008,2024-04-01,R11,tx_curr should approximately equal previous tx_curr + tx_new - tx_ml,"actual=727, expected=740.0"
RIV001,2024-06-30,R11,tx_curr should approximately equal previous tx_curr + tx_new - tx_ml,"actual=831, expected=940.0"
LAG006,2023-09-30,R11,tx_curr should approximately equal previous tx_curr + tx_new - tx_ml,"actual=4806, expected=4584.0"
LAG013,2023-06-30,R11,tx_curr should approximately equal previous tx_curr + tx_new - tx_ml,"actual=6032, expected=6088.0"
AKS004,2023-08-31,R11,tx_curr should approximately equal previous tx_curr + tx_new - tx_ml,"actual=971, expected=962.0"
CRS005,2023-06-30,R11,tx_curr should approximately equal previous tx_curr + tx_new - tx_ml,"actual=4236, expected=4258.0"
KAD008,2022-09-30,R11,tx_curr should approximately equal previous tx_curr + tx_new - tx_ml,"actual=1220, expected=1241.0"
KAD008,2024-04-30,R11,tx_curr should approximately equal previous tx_curr + tx_new - tx_ml,"actual=1162, expected=1223.0"
RIV013,2022-09-30,R11,tx_curr should approximately equal previous tx_curr + tx_new - tx_ml,"actual=2249, expected=2143.0"
FCT005,2022-01-31,R11,tx_curr should approximately equal previous tx_curr + tx_new - tx_ml,"actual=468, expected=503.0"
AKS006,2022-11-30,R11,tx_curr should approximately equal previous tx_curr + tx_new - tx_ml,"actual=312, expected=438.0"
BEN002,2023-12-31,R11,tx_curr should approximately equal previous tx_curr + tx_new - tx_ml,"actual=4480, expected=4427.0"
RIV005,2023-04-30,R11,tx_curr should approximately equal previous tx_curr + tx_new - tx_ml,"actual=1421, expected=1368.0"
RIV002,2024-07-31,R11,tx_curr should approximately equal previous tx_curr + tx_new - tx_ml,"actual=4203, expected=4881.0"
AKS009,2023-02-28,R11,tx_curr should approximately equal previous tx_curr + tx_new - tx_ml,"actual=226, expected=227.0"
CRS006,2022-08-31,R11,tx_curr should approximately equal previous tx_curr + tx_new - tx_ml,"actual=1280, expected=1435.0"
NAS014,2023-08-31,R11,tx_curr should approximately equal previous tx_curr + tx_new - tx_ml,"actual=4876, expected=4751.0"
RIV015,2023-05-31,R11,tx_curr should approximately equal previous tx_curr + tx_new - tx_ml,"actual=2382, expected=2318.0"
LAG099,2024-08-31,R11,tx_curr should approximately equal previous tx_curr + tx_new - tx_ml,"actual=923, expected=5938.0"
RIV015,2024-02-29,R11,tx_curr should approximately equal previous tx_curr + tx_new - tx_ml,"actual=2287, expected=2358.0"
FCT011,2022-09-30,R11,tx_curr should approximately equal previous tx_curr + tx_new - tx_ml,"actual=2260, expected=2133.0"
FCT002,2023-02-28,R11,tx_curr should approximately equal previous tx_curr + tx_new - tx_ml,"actual=604, expected=584.0"
BEN005,2023-12-31,R11,tx_curr should approximately equal previous tx_curr + tx_new - tx_ml,"actual=535, expected=419.0"
AKS001,2023-05-31,R11,tx_curr should approximately equal previous tx_curr + tx_new - tx_ml,"actual=316, expected=321.0"
KAD012,2024-08-31,R11,tx_curr should approximately equal previous tx_curr + tx_new - tx_ml,"actual=639, expected=628.0"
RIV008,2023-12-31,R11,tx_curr should approximately equal previous tx_curr + tx_new - tx_ml,"actual=4111, expected=4221.0"
KAD011,2023-03-31,R11,tx_curr should approximately equal previous tx_curr + tx_new - tx_ml,"actual=558, expected=555.0"
RIV012,2023-12-31,R11,tx_curr should approximately equal previous tx_curr + tx_new - tx_ml,"actual=989, expected=1042.0"
AKS007,2022-10-31,R11,tx_curr should approximately equal previous tx_curr + tx_new - tx_ml,"actual=6415, expected=5809.0"
CRS004,2023-02-28,R11,tx_curr should approximately equal previous tx_curr + tx_new - tx_ml,"actual=455, expected=467.0"
FCT010,2022-06-30,R11,tx_curr should approximately equal previous tx_curr + tx_new - tx_ml,"actual=288, expected=325.0"
CRS006,2023-12-31,R11,tx_curr should approximately equal previous tx_curr + tx_new - tx_ml,"actual=1357, expected=1281.0"
LAG003,2022-06-30,R11,tx_curr should approximately equal previous tx_curr + tx_new - tx_ml,"actual=6126, expected=6759.0"
RIV015,2022-02-28,R11,tx_curr should approximately equal previous tx_curr + tx_new - tx_ml,"actual=2511, expected=2286.0"
CRS006,2024-10-31,R11,tx_curr should approximately equal previous tx_curr + tx_new - tx_ml,"actual=1429, expected=1357.0"
RIV012,2023-07-31,R11,tx_curr should approximately equal previous tx_curr + tx_new - tx_ml,"actual=965, expected=998.0"
KAD002,2022-04-30,R11,tx_curr should approximately equal previous tx_curr + tx_new - tx_ml,"actual=4485, expected=4532.0"
BEN004,2024-07-31,R11,tx_curr should approximately equal previous tx_curr + tx_new - tx_ml,"actual=415, expected=393.0"
BEN013,2023-08-31,R11,tx_curr should approximately equal previous tx_curr + tx_new - tx_ml,"actual=595, expected=441.0"
NAS007,2022-02-01,R11,tx_curr should approximately equal previous tx_curr + tx_new - tx_ml,"actual=2708, expected=2289.0"
BEN007,2022-09-30,R11,tx_curr should approximately equal previous tx_curr + tx_new - tx_ml,"actual=2260, expected=2306.0"
AKS005,2023-05-31,R11,tx_curr should approximately equal previous tx_curr + tx_new - tx_ml,"actual=1130, expected=1185.0"
NAS009,2022-10-31,R11,tx_curr should approximately equal previous tx_curr + tx_new - tx_ml,"actual=480, expected=474.0"
NAS001,2023-10-31,R11,tx_curr should approximately equal previous tx_curr + tx_new - tx_ml,"actual=426, expected=386.0"
CRS001,2022-02-28,R11,tx_curr should approximately equal previous tx_curr + tx_new - tx_ml,"actual=673, expected=706.0"
KAD005,2024-06-30,R11,tx_curr should approximately equal previous tx_curr + tx_new - tx_ml,"actual=379, expected=306.0"
NAS001,2022-08-31,R11,tx_curr should approximately equal previous tx_curr + tx_new - tx_ml,"actual=481, expected=424.0"
KAD008,2023-02-28,R11,tx_curr should approximately equal previous tx_curr + tx_new - tx_ml,"actual=1200, expected=1156.0"
FCT002,2022-09-30,R11,tx_curr should approximately equal previous tx_curr + tx_new - tx_ml,"actual=624, expected=597.0"
AKS003,2024-03-31,R11,tx_curr should approximately equal previous tx_curr + tx_new - tx_ml,"actual=406, expected=326.0"
KAD014,2023-11-30,R11,tx_curr should approximately equal previous tx_curr + tx_new - tx_ml,"actual=2343, expected=2514.0"
AKS008,2022-02-28,R11,tx_curr should approximately equal previous tx_curr + tx_new - tx_ml,"actual=84, expected=93.0"
NAS005,2022-10-31,R11,tx_curr should approximately equal previous tx_curr + tx_new - tx_ml,"actual=348, expected=327.0"
BEN011,2022-10-31,R11,tx_curr should approximately equal previous tx_curr + tx_new - tx_ml,"actual=322, expected=402.0"
LAG001,2024-09-30,R11,tx_curr should approximately equal previous tx_curr + tx_new - tx_ml,"actual=405, expected=306.0"
NAS007,2022-06-30,R11,tx_curr should approximately equal previous tx_curr + tx_new - tx_ml,"actual=2593, expected=2683.0"
LAG003,2022-09-30,R11,tx_curr should approximately equal previous tx_curr + tx_new - tx_ml,"actual=6217, expected=6195.0"
KAD014,2024-07-01,R11,tx_curr should approximately equal previous tx_curr + tx_new - tx_ml,"actual=2162, expected=2325.0"
FCT003,2024-04-30,R11,tx_curr should approximately equal previous tx_curr + tx_new - tx_ml,"actual=5151, expected=6194.0"
KAD014,2022-10-31,R11,tx_curr should approximately equal previous tx_curr + tx_new - tx_ml,"actual=2632, expected=2129.0"
LAG013,2022-09-30,R11,tx_curr should approximately equal previous tx_curr + tx_new - tx_ml,"actual=6077, expected=6081.0"
NAS009,2024-09-01,R11,tx_curr should approximately equal previous tx_curr + tx_new - tx_ml,"actual=490, expected=480.0"
KAD012,2023-08-31,R11,tx_curr should approximately equal previous tx_curr + tx_new - tx_ml,"actual=649, expected=638.0"
CRS014,2024-02-29,R11,tx_curr should approximately equal previous tx_curr + tx_new - tx_ml,"actual=173, expected=124.0"
LAG013,2022-02-28,R11,tx_curr should approximately equal previous tx_curr + tx_new - tx_ml,"actual=5881, expected=6036.0"
CRS012,2023-06-30,R11,tx_curr should approximately equal previous tx_curr + tx_new - tx_ml,"actual=799, expected=781.0"
LAG099,2022-12-31,R11,tx_curr should approximately equal previous tx_curr + tx_new - tx_ml,"actual=1037, expected=913.0"
AKS008,2022-11-30,R11,tx_curr should approximately equal previous tx_curr + tx_new - tx_ml,"actual=86, expected=85.0"
XXX999,2022-04-30,R11,tx_curr should approximately equal previous tx_curr + tx_new - tx_ml,"actual=459, expected=2467.0"
RIV015,2023-08-31,R11,tx_curr should approximately equal previous tx_curr + tx_new - tx_ml,"actual=2356, expected=2511.0"
FCT007,2023-02-28,R11,tx_curr should approximately equal previous tx_curr + tx_new - tx_ml,"actual=4267, expected=4381.0"
KAD008,2024-05-31,R11,tx_curr should approximately equal previous tx_curr + tx_new - tx_ml,"actual=1156, expected=1194.0"
TMP001,2023-09-30,R11,tx_curr should approximately equal previous tx_curr + tx_new - tx_ml,"actual=614, expected=2842.0"
LAG007,2022-12-31,R11,tx_curr should approximately equal previous tx_curr + tx_new - tx_ml,"actual=477, expected=465.0"
LAG004,2022-11-30,R11,tx_curr should approximately equal previous tx_curr + tx_new - tx_ml,"actual=618, expected=613.0"
KAD006,2024-12-31,R11,tx_curr should approximately equal previous tx_curr + tx_new - tx_ml,"actual=1775, expected=1663.0"
AKS005,2022-03-31,R11,tx_curr should approximately equal previous tx_curr + tx_new - tx_ml,"actual=1314, expected=1124.0"
KAD004,2022-08-31,R11,tx_curr should approximately equal previous tx_curr + tx_new - tx_ml,"actual=4023, expected=3698.0"
RIV004,2022-12-01,R11,tx_curr should approximately equal previous tx_curr + tx_new - tx_ml,"actual=863, expected=841.0"
LAG005,2024-11-01,R11,tx_curr should approximately equal previous tx_curr + tx_new - tx_ml,"actual=1838, expected=1585.0"
FCT010,2024-08-31,R11,tx_curr should approximately equal previous tx_curr + tx_new - tx_ml,"actual=500, expected=293.0"
CRS005,2023-09-30,R11,tx_curr should approximately equal previous tx_curr + tx_new - tx_ml,"actual=4241, expected=4230.0"
BEN002,2024-08-31,R11,tx_curr should approximately equal previous tx_curr + tx_new - tx_ml,"actual=4405, expected=4464.0"
CRS002,2022-04-30,R11,tx_curr should approximately equal previous tx_curr + tx_new - tx_ml,"actual=161, expected=262.0"
RIV002,2024-09-30,R11,tx_curr should approximately equal previous tx_curr + tx_new - tx_ml,"actual=4197, expected=4217.0"
CRS010,2024-05-31,R11,tx_curr should approximately equal previous tx_curr + tx_new - tx_ml,"actual=349, expected=379.0"
AKS006,2023-06-01,R11,tx_curr should approximately equal previous tx_curr + tx_new - tx_ml,"actual=362, expected=320.0"
KAD007,2023-08-31,R11,tx_curr should approximately equal previous tx_curr + tx_new - tx_ml,"actual=1131, expected=1135.0"
FCT005,2024-04-30,R11,tx_curr should approximately equal previous tx_curr + tx_new - tx_ml,"actual=557, expected=469.0"
RIV007,2022-11-30,R11,tx_curr should approximately equal previous tx_curr + tx_new - tx_ml,"actual=689, expected=605.0"
NAS013,2023-05-31,R11,tx_curr should approximately equal previous tx_curr + tx_new - tx_ml,"actual=1633, expected=1669.0"
CRS001,2023-11-01,R11,tx_curr should approximately equal previous tx_curr + tx_new - tx_ml,"actual=684, expected=666.0"
AKS006,2023-11-30,R11,tx_curr should approximately equal previous tx_curr + tx_new - tx_ml,"actual=405, expected=366.0"
CRS008,2024-05-31,R11,tx_curr should approximately equal previous tx_curr + tx_new - tx_ml,"actual=2154, expected=2126.0"
LAG004,2022-10-31,R11,tx_curr should approximately equal previous tx_curr + tx_new - tx_ml,"actual=620, expected=617.0"
LAG003,2023-08-31,R11,tx_curr should approximately equal previous tx_curr + tx_new - tx_ml,"actual=6499, expected=6179.0"
CRS007,2024-02-29,R11,tx_curr should approximately equal previous tx_curr + tx_new - tx_ml,"actual=309, expected=302.0"
NAS999,2024-03-31,R11,tx_curr should approximately equal previous tx_curr + tx_new - tx_ml,"actual=774, expected=783.0"
NAS010,2022-04-30,R11,tx_curr should approximately equal previous tx_curr + tx_new - tx_ml,"actual=4535, expected=5265.0"
RIV005,2023-03-31,R11,tx_curr should approximately equal previous tx_curr + tx_new - tx_ml,"actual=1430, expected=1412.0"
NAS010,2023-12-01,R11,tx_curr should approximately equal previous tx_curr + tx_new - tx_ml,"actual=5207, expected=4551.0"
KAD009,2023-04-30,R11,tx_curr should approximately equal previous tx_curr + tx_new - tx_ml,"actual=794, expected=906.0"
CRS013,2024-11-30,R11,tx_curr should approximately equal previous tx_curr + tx_new - tx_ml,"actual=723, expected=807.0"
LAG001,2023-09-01,R11,tx_curr should approximately equal previous tx_curr + tx_new - tx_ml,"actual=310, expected=411.0"
CRS007,2022-09-30,R11,tx_curr should approximately equal previous tx_curr + tx_new - tx_ml,"actual=316, expected=310.0"
CRS010,2024-04-01,R11,tx_curr should approximately equal previous tx_curr + tx_new - tx_ml,"actual=354, expected=344.0"
BEN006,2024-12-31,R11,tx_curr should approximately equal previous tx_curr + tx_new - tx_ml,"actual=375, expected=307.0"
LAG007,2023-10-31,R11,tx_curr should approximately equal previous tx_curr + tx_new - tx_ml,"actual=559, expected=483.0"
CRS015,2024-06-30,R11,tx_curr should approximately equal previous tx_curr + tx_new - tx_ml,"actual=490, expected=623.0"
CRS002,2024-12-31,R11,tx_curr should approximately equal previous tx_curr + tx_new - tx_ml,"actual=281, expected=136.0"
CRS015,2022-10-31,R11,tx_curr should approximately equal previous tx_curr + tx_new - tx_ml,"actual=577, expected=480.0"
CRS006,2024-09-01,R11,tx_curr should approximately equal previous tx_curr + tx_new - tx_ml,"actual=1429, expected=1421.0"
LAG011,2023-11-30,R11,tx_curr should approximately equal previous tx_curr + tx_new - tx_ml,"actual=1645, expected=1787.0"
RIV004,2023-04-30,R11,tx_curr should approximately equal previous tx_curr + tx_new - tx_ml,"actual=849, expected=858.0"
CRS015,2023-03-01,R11,tx_curr should approximately equal previous tx_curr + tx_new - tx_ml,"actual=548, expected=574.0"
RIV005,2024-02-29,R11,tx_curr should approximately equal previous tx_curr + tx_new - tx_ml,"actual=1320, expected=1429.0"
BEN006,2024-03-31,R11,tx_curr should approximately equal previous tx_curr + tx_new - tx_ml,"actual=347, expected=379.0"
FCT015,2023-04-30,R11,tx_curr should approximately equal previous tx_curr + tx_new - tx_ml,"actual=788, expected=895.0"
NAS008,2022-08-31,R11,tx_curr should approximately equal previous tx_curr + tx_new - tx_ml,"actual=937, expected=704.0"
BEN007,2023-03-31,R11,tx_curr should approximately equal previous tx_curr + tx_new - tx_ml,"actual=2133, expected=2255.0"
FCT003,2022-10-31,R11,tx_curr should approximately equal previous tx_curr + tx_new - tx_ml,"actual=6275, expected=5068.0"
XXX999,2024-10-31,R11,tx_curr should approximately equal previous tx_curr + tx_new - tx_ml,"actual=282, expected=476.0"
LAG012,2024-03-31,R11,tx_curr should approximately equal previous tx_curr + tx_new - tx_ml,"actual=654, expected=651.0"
BEN013,2023-10-31,R11,tx_curr should approximately equal previous tx_curr + tx_new - tx_ml,"actual=635, expected=614.0"
LAG002,2022-12-31,R11,tx_curr should approximately equal previous tx_curr + tx_new - tx_ml,"actual=5780, expected=6146.0"
CRS012,2022-02-28,R11,tx_curr should approximately equal previous tx_curr + tx_new - tx_ml,"actual=847, expected=796.0"
FCT015,2024-10-31,R11,tx_curr should approximately equal previous tx_curr + tx_new - tx_ml,"actual=741, expected=784.0"
KAD011,2022-08-31,R11,tx_curr should approximately equal previous tx_curr + tx_new - tx_ml,"actual=551, expected=557.0"
KAD001,2024-10-31,R11,tx_curr should approximately equal previous tx_curr + tx_new - tx_ml,"actual=738, expected=762.0"
FCT014,2022-02-28,R11,tx_curr should approximately equal previous tx_curr + tx_new - tx_ml,"actual=2510, expected=2487.0"
CRS003,2022-10-31,R11,tx_curr should approximately equal previous tx_curr + tx_new - tx_ml,"actual=5456, expected=5229.0"
LAG003,2024-11-30,R11,tx_curr should approximately equal previous tx_curr + tx_new - tx_ml,"actual=7016, expected=6502.0"
RIV015,2023-04-30,R11,tx_curr should approximately equal previous tx_curr + tx_new - tx_ml,"actual=2373, expected=2334.0"
CRS001,2022-10-31,R11,tx_curr should approximately equal previous tx_curr + tx_new - tx_ml,"actual=667, expected=688.0"
LAG002,2024-03-31,R11,tx_curr should approximately equal previous tx_curr + tx_new - tx_ml,"actual=5926, expected=5855.0"
LAG004,2024-10-31,R11,tx_curr should approximately equal previous tx_curr + tx_new - tx_ml,"actual=609, expected=619.0"
XXX999,2024-02-01,R11,tx_curr should approximately equal previous tx_curr + tx_new - tx_ml,"actual=1345, expected=279.0"
RIV001,2023-12-31,R11,tx_curr should approximately equal previous tx_curr + tx_new - tx_ml,"actual=898, expected=821.0"
KAD003,2023-11-30,R11,tx_curr should approximately equal previous tx_curr + tx_new - tx_ml,"actual=2802, expected=2640.0"
RIV009,2024-12-31,R11,tx_curr should approximately equal previous tx_curr + tx_new - tx_ml,"actual=758, expected=768.0"
BEN012,2023-01-31,R11,tx_curr should approximately equal previous tx_curr + tx_new - tx_ml,"actual=463, expected=462.0"
AKS006,2024-03-31,R11,tx_curr should approximately equal previous tx_curr + tx_new - tx_ml,"actual=447, expected=414.0"
AKS014,2024-11-30,R11,tx_curr should approximately equal previous tx_curr + tx_new - tx_ml,"actual=615, expected=605.0"
RIV014,2023-09-30,R11,tx_curr should approximately equal previous tx_curr + tx_new - tx_ml,"actual=653, expected=617.0"
NAS002,2024-11-30,R11,tx_curr should approximately equal previous tx_curr + tx_new - tx_ml,"actual=284, expected=313.0"
FCT015,2024-07-31,R11,tx_curr should approximately equal previous tx_curr + tx_new - tx_ml,"actual=751, expected=743.0"
BEN014,2024-03-31,R11,tx_curr should approximately equal previous tx_curr + tx_new - tx_ml,"actual=760, expected=770.0"
KAD001,2024-12-31,R11,tx_curr should approximately equal previous tx_curr + tx_new - tx_ml,"actual=727, expected=731.0"
RIV008,2023-01-31,R11,tx_curr should approximately equal previous tx_curr + tx_new - tx_ml,"actual=4022, expected=4138.0"
CRS012,2023-08-31,R11,tx_curr should approximately equal previous tx_curr + tx_new - tx_ml,"actual=787, expected=844.0"
FCT009,2022-11-01,R11,tx_curr should approximately equal previous tx_curr + tx_new - tx_ml,"actual=444, expected=439.0"
KAD012,2023-04-30,R11,tx_curr should approximately equal previous tx_curr + tx_new - tx_ml,"actual=645, expected=648.0"
AKS006,2023-09-30,R11,tx_curr should approximately equal previous tx_curr + tx_new - tx_ml,"actual=389, expected=459.0"
KAD012,2022-11-30,R11,tx_curr should approximately equal previous tx_curr + tx_new - tx_ml,"actual=655, expected=644.0"
XXX999,2023-03-31,R11,tx_curr should approximately equal previous tx_curr + tx_new - tx_ml,"actual=1308, expected=1353.0"
CRS010,2022-08-31,R11,tx_curr should approximately equal previous tx_curr + tx_new - tx_ml,"actual=418, expected=350.0"
AKS011,2024-08-31,R11,tx_curr should approximately equal previous tx_curr + tx_new - tx_ml,"actual=339, expected=342.0"
BEN012,2023-12-31,R11,tx_curr should approximately equal previous tx_curr + tx_new - tx_ml,"actual=455, expected=464.0"
FCT015,2024-12-31,R11,tx_curr should approximately equal previous tx_curr + tx_new - tx_ml,"actual=730, expected=740.0"
LAG012,2023-04-30,R11,tx_curr should approximately equal previous tx_curr + tx_new - tx_ml,"actual=642, expected=662.0"
AKS002,2024-05-31,R11,tx_curr should approximately equal previous tx_curr + tx_new - tx_ml,"actual=559, expected=694.0"
NAS004,2022-07-31,R11,tx_curr should approximately equal previous tx_curr + tx_new - tx_ml,"actual=442, expected=577.0"
LAG013,2023-03-31,R11,tx_curr should approximately equal previous tx_curr + tx_new - tx_ml,"actual=6105, expected=5900.0"
AKS014,2024-01-31,R11,tx_curr should approximately equal previous tx_curr + tx_new - tx_ml,"actual=615, expected=614.0"
AKS011,2023-08-01,R11,tx_curr should approximately equal previous tx_curr + tx_new - tx_ml,"actual=326, expected=342.0"
NAS007,2022-08-31,R11,tx_curr should approximately equal previous tx_curr + tx_new - tx_ml,"actual=2541, expected=2583.0"
RIV015,2024-09-30,R11,tx_curr should approximately equal previous tx_curr + tx_new - tx_ml,"actual=2180, expected=2364.0"
RIV010,2023-03-31,R11,tx_curr should approximately equal previous tx_curr + tx_new - tx_ml,"actual=3168, expected=3260.0"
AKS010,2023-02-01,R11,tx_curr should approximately equal previous tx_curr + tx_new - tx_ml,"actual=1720, expected=1557.0"
LAG099,2022-09-30,R11,tx_curr should approximately equal previous tx_curr + tx_new - tx_ml,"actual=619, expected=1037.0"
BEN006,2023-08-31,R11,tx_curr should approximately equal previous tx_curr + tx_new - tx_ml,"actual=337, expected=342.0"
NAS001,2024-05-31,R11,tx_curr should approximately equal previous tx_curr + tx_new - tx_ml,"actual=399, expected=477.0"
CRS004,2022-02-28,R11,tx_curr should approximately equal previous tx_curr + tx_new - tx_ml,"actual=457, expected=454.0"
RIV013,2023-12-31,R11,tx_curr should approximately equal previous tx_curr + tx_new - tx_ml,"actual=2130, expected=2233.0"
LAG011,2022-06-30,R11,tx_curr should approximately equal previous tx_curr + tx_new - tx_ml,"actual=1803, expected=1633.0"
NAS015,2023-12-31,R11,tx_curr should approximately equal previous tx_curr + tx_new - tx_ml,"actual=3249, expected=3374.0"
AKS005,2023-06-30,R11,tx_curr should approximately equal previous tx_curr + tx_new - tx_ml,"actual=1117, expected=1301.0"
BEN012,2024-05-31,R11,tx_curr should approximately equal previous tx_curr + tx_new - tx_ml,"actual=457, expected=458.0"
NAS003,2022-02-28,R11,tx_curr should approximately equal previous tx_curr + tx_new - tx_ml,"actual=1910, expected=1582.0"
FCT013,2024-02-29,R11,tx_curr should approximately equal previous tx_curr + tx_new - tx_ml,"actual=1264, expected=1237.0"
CRS007,2023-01-31,R11,tx_curr should approximately equal previous tx_curr + tx_new - tx_ml,"actual=308, expected=313.0"
RIV014,2023-02-28,R11,tx_curr should approximately equal previous tx_curr + tx_new - tx_ml,"actual=629, expected=655.0"
KAD011,2023-09-30,R11,tx_curr should approximately equal previous tx_curr + tx_new - tx_ml,"actual=574, expected=557.0"
XXX999,2024-06-30,R11,tx_curr should approximately equal previous tx_curr + tx_new - tx_ml,"actual=754, expected=1325.0"
BEN015,2022-06-30,R11,tx_curr should approximately equal previous tx_curr + tx_new - tx_ml,"actual=863, expected=737.0"
LAG010,2023-04-30,R11,tx_curr should approximately equal previous tx_curr + tx_new - tx_ml,"actual=953, expected=957.0"
AKS001,2024-11-30,R11,tx_curr should approximately equal previous tx_curr + tx_new - tx_ml,"actual=330, expected=316.0"
NAS007,2024-05-01,R11,tx_curr should approximately equal previous tx_curr + tx_new - tx_ml,"actual=2102, expected=2533.0"
RIV007,2023-08-31,R11,tx_curr should approximately equal previous tx_curr + tx_new - tx_ml,"actual=658, expected=689.0"
BEN012,2022-07-31,R11,tx_curr should approximately equal previous tx_curr + tx_new - tx_ml,"actual=474, expected=452.0"
BEN008,2024-12-31,R11,tx_curr should approximately equal previous tx_curr + tx_new - tx_ml,"actual=6151, expected=6321.0"
FCT013,2024-01-31,R11,tx_curr should approximately equal previous tx_curr + tx_new - tx_ml,"actual=1270, expected=1251.0"
KAD004,2023-09-30,R11,tx_curr should approximately equal previous tx_curr + tx_new - tx_ml,"actual=4785, expected=4054.0"
LAG012,2024-06-30,R11,tx_curr should approximately equal previous tx_curr + tx_new - tx_ml,"actual=659, expected=640.0"
AKS007,2024-02-29,R11,tx_curr should approximately equal previous tx_curr + tx_new - tx_ml,"actual=5484, expected=6418.0"
LAG013,2023-02-28,R11,tx_curr should approximately equal previous tx_curr + tx_new - tx_ml,"actual=6086, expected=6109.0"
FCT006,2024-04-30,R11,tx_curr should approximately equal previous tx_curr + tx_new - tx_ml,"actual=2153, expected=2125.0"
FCT008,2024-04-30,R11,tx_curr should approximately equal previous tx_curr + tx_new - tx_ml,"actual=4743, expected=4957.0"
RIV003,2024-11-30,R11,tx_curr should approximately equal previous tx_curr + tx_new - tx_ml,"actual=1080, expected=1033.0"
NAS004,2023-01-01,R11,tx_curr should approximately equal previous tx_curr + tx_new - tx_ml,"actual=457, expected=440.0"
CRS010,2022-03-01,R11,tx_curr should approximately equal previous tx_curr + tx_new - tx_ml,"actual=438, expected=414.0"
KAD015,2022-06-30,R11,tx_curr should approximately equal previous tx_curr + tx_new - tx_ml,"actual=1926, expected=1651.0"
BEN013,2023-09-30,R11,tx_curr should approximately equal previous tx_curr + tx_new - tx_ml,"actual=616, expected=656.0"
KAD009,2023-10-31,R11,tx_curr should approximately equal previous tx_curr + tx_new - tx_ml,"actual=891, expected=810.0"
KAD002,2022-03-31,R11,tx_curr should approximately equal previous tx_curr + tx_new - tx_ml,"actual=4510, expected=4438.0"
AKS006,2022-10-31,R11,tx_curr should approximately equal previous tx_curr + tx_new - tx_ml,"actual=304, expected=398.0"
LAG006,2022-11-30,R11,tx_curr should approximately equal previous tx_curr + tx_new - tx_ml,"actual=5209, expected=4717.0"
RIV013,2022-04-30,R11,tx_curr should approximately equal previous tx_curr + tx_new - tx_ml,"actual=2299, expected=2139.0"
KAD002,2023-04-30,R11,tx_curr should approximately equal previous tx_curr + tx_new - tx_ml,"actual=4085, expected=4493.0"
LAG012,2024-12-01,R11,tx_curr should approximately equal previous tx_curr + tx_new - tx_ml,"actual=653, expected=656.0"
FCT012,2022-07-31,R11,tx_curr should approximately equal previous tx_curr + tx_new - tx_ml,"actual=2677, expected=2680.0"
AKS014,2022-07-31,R11,tx_curr should approximately equal previous tx_curr + tx_new - tx_ml,"actual=611, expected=624.0"
CRS005,2022-09-30,R11,tx_curr should approximately equal previous tx_curr + tx_new - tx_ml,"actual=4512, expected=4229.0"
BEN003,2024-09-30,R11,tx_curr should approximately equal previous tx_curr + tx_new - tx_ml,"actual=2296, expected=2573.0"
FCT008,2024-02-29,R11,tx_curr should approximately equal previous tx_curr + tx_new - tx_ml,"actual=4814, expected=4710.0"
FCT007,2023-08-31,R11,tx_curr should approximately equal previous tx_curr + tx_new - tx_ml,"actual=4280, expected=4231.0"
RIV007,2023-02-28,R11,tx_curr should approximately equal previous tx_curr + tx_new - tx_ml,"actual=670, expected=658.0"
AKS004,2023-11-01,R11,tx_curr should approximately equal previous tx_curr + tx_new - tx_ml,"actual=957, expected=959.0"
KAD007,2022-08-31,R11,tx_curr should approximately equal previous tx_curr + tx_new - tx_ml,"actual=1112, expected=1127.0"
CRS006,2024-08-31,R11,tx_curr should approximately equal previous tx_curr + tx_new - tx_ml,"actual=1437, expected=1434.0"
AKS013,2024-11-30,R11,tx_curr should approximately equal previous tx_curr + tx_new - tx_ml,"actual=722, expected=621.0"
KAD012,2022-04-30,R11,tx_curr should approximately equal previous tx_curr + tx_new - tx_ml,"actual=660, expected=650.0"
NAS001,2022-03-31,R11,tx_curr should approximately equal previous tx_curr + tx_new - tx_ml,"actual=502, expected=395.0"
RIV009,2024-09-30,R11,tx_curr should approximately equal previous tx_curr + tx_new - tx_ml,"actual=764, expected=754.0"
